solid foldforge
facet normal 0.000000 0.000000 1.000000
outer loop
vertex 0.000000 0.000000 0.000000
vertex 1.142857 0.000000 0.000000
vertex 1.217276 1.411765 0.000000
endloop
endfacet
facet normal 0.000000 0.000000 1.000000
outer loop
vertex 0.000000 0.000000 0.000000
vertex 1.217276 1.411765 0.000000
vertex 0.000000 1.411765 0.000000
endloop
endfacet
facet normal 0.000000 0.000000 1.000000
outer loop
vertex 1.142857 0.000000 0.000000
vertex 2.285714 0.000000 0.000000
vertex 2.434552 1.411765 0.000000
endloop
endfacet
facet normal 0.000000 0.000000 1.000000
outer loop
vertex 1.142857 0.000000 0.000000
vertex 2.434552 1.411765 0.000000
vertex 1.217276 1.411765 0.000000
endloop
endfacet
facet normal 0.000000 0.000000 1.000000
outer loop
vertex 2.285714 0.000000 0.000000
vertex 3.428571 0.000000 0.000000
vertex 3.651827 1.411765 0.000000
endloop
endfacet
facet normal 0.000000 0.000000 1.000000
outer loop
vertex 2.285714 0.000000 0.000000
vertex 3.651827 1.411765 0.000000
vertex 2.434552 1.411765 0.000000
endloop
endfacet
facet normal 0.000000 0.000000 1.000000
outer loop
vertex 3.428571 0.000000 0.000000
vertex 4.571429 0.000000 0.000000
vertex 4.869103 1.411765 0.000000
endloop
endfacet
facet normal 0.000000 0.000000 1.000000
outer loop
vertex 3.428571 0.000000 0.000000
vertex 4.869103 1.411765 0.000000
vertex 3.651827 1.411765 0.000000
endloop
endfacet
facet normal 0.000000 -0.219375 0.975641
outer loop
vertex 4.571429 0.000000 0.000000
vertex 5.714286 0.000000 0.000000
vertex 6.044260 1.411765 0.317439
endloop
endfacet
facet normal -0.260385 0.054903 0.963943
outer loop
vertex 4.571429 0.000000 0.000000
vertex 6.044260 1.411765 0.317439
vertex 4.869103 1.411765 0.000000
endloop
endfacet
facet normal 0.000000 -0.643135 0.765753
outer loop
vertex 5.714286 0.000000 0.000000
vertex 6.857143 0.000000 0.000000
vertex 6.897417 1.411765 1.185703
endloop
endfacet
facet normal -0.713255 0.009123 0.700845
outer loop
vertex 5.714286 0.000000 0.000000
vertex 6.897417 1.411765 1.185703
vertex 6.044260 1.411765 0.317439
endloop
endfacet
facet normal 0.000000 -0.802560 0.596572
outer loop
vertex 6.857143 0.000000 0.000000
vertex 8.000000 0.000000 0.000000
vertex 7.883643 1.411765 1.899228
endloop
endfacet
facet normal -0.488379 -0.553009 0.675032
outer loop
vertex 6.857143 0.000000 0.000000
vertex 7.883643 1.411765 1.899228
vertex 6.897417 1.411765 1.185703
endloop
endfacet
facet normal 0.000000 -0.860036 0.510233
outer loop
vertex 8.000000 0.000000 0.000000
vertex 9.142857 0.000000 0.000000
vertex 9.002109 1.411765 2.379639
endloop
endfacet
facet normal -0.244318 -0.785345 0.568807
outer loop
vertex 8.000000 0.000000 0.000000
vertex 9.002109 1.411765 2.379639
vertex 7.883643 1.411765 1.899228
endloop
endfacet
facet normal 0.000000 -0.884008 0.467471
outer loop
vertex 9.142857 0.000000 0.000000
vertex 10.285714 0.000000 0.000000
vertex 10.184319 1.411765 2.669709
endloop
endfacet
facet normal -0.122921 -0.856688 0.500976
outer loop
vertex 9.142857 0.000000 0.000000
vertex 10.184319 1.411765 2.669709
vertex 9.002109 1.411765 2.379639
endloop
endfacet
facet normal 0.000000 -0.893506 0.449052
outer loop
vertex 10.285714 0.000000 0.000000
vertex 11.428571 0.000000 0.000000
vertex 11.393590 1.411765 2.809075
endloop
endfacet
facet normal -0.053614 -0.883577 0.465207
outer loop
vertex 10.285714 0.000000 0.000000
vertex 11.393590 1.411765 2.809075
vertex 10.184319 1.411765 2.669709
endloop
endfacet
facet normal 0.000000 -0.893506 0.449052
outer loop
vertex 11.428571 0.000000 0.000000
vertex 12.571429 0.000000 0.000000
vertex 12.610866 1.411765 2.809075
endloop
endfacet
facet normal 0.000000 -0.893506 0.449052
outer loop
vertex 11.428571 0.000000 0.000000
vertex 12.610866 1.411765 2.809075
vertex 11.393590 1.411765 2.809075
endloop
endfacet
facet normal 0.000000 -0.884008 0.467471
outer loop
vertex 12.571429 0.000000 0.000000
vertex 13.714286 0.000000 0.000000
vertex 13.820137 1.411765 2.669709
endloop
endfacet
facet normal 0.051616 -0.892605 0.447875
outer loop
vertex 12.571429 0.000000 0.000000
vertex 13.820137 1.411765 2.669709
vertex 12.610866 1.411765 2.809075
endloop
endfacet
facet normal 0.000000 -0.860036 0.510233
outer loop
vertex 13.714286 0.000000 0.000000
vertex 14.857143 0.000000 0.000000
vertex 15.002347 1.411765 2.379639
endloop
endfacet
facet normal 0.113103 -0.880182 0.460963
outer loop
vertex 13.714286 0.000000 0.000000
vertex 15.002347 1.411765 2.379639
vertex 13.820137 1.411765 2.669709
endloop
endfacet
facet normal 0.000000 -0.802560 0.596572
outer loop
vertex 14.857143 0.000000 0.000000
vertex 16.000000 0.000000 0.000000
vertex 16.120813 1.411765 1.899228
endloop
endfacet
facet normal 0.210175 -0.846401 0.489318
outer loop
vertex 14.857143 0.000000 0.000000
vertex 16.120813 1.411765 1.899228
vertex 15.002347 1.411765 2.379639
endloop
endfacet
facet normal 0.000000 -0.643135 0.765753
outer loop
vertex 16.000000 0.000000 0.000000
vertex 17.142857 0.000000 0.000000
vertex 17.107039 1.411765 1.185703
endloop
endfacet
facet normal 0.386520 -0.751788 0.534244
outer loop
vertex 16.000000 0.000000 0.000000
vertex 17.107039 1.411765 1.185703
vertex 16.120813 1.411765 1.899228
endloop
endfacet
facet normal 0.000000 -0.219375 0.975641
outer loop
vertex 17.142857 0.000000 0.000000
vertex 18.285714 0.000000 0.000000
vertex 17.960197 1.411765 0.317439
endloop
endfacet
facet normal 0.619539 -0.495563 0.608760
outer loop
vertex 17.142857 0.000000 0.000000
vertex 17.960197 1.411765 0.317439
vertex 17.107039 1.411765 1.185703
endloop
endfacet
facet normal -0.000000 0.000000 1.000000
outer loop
vertex 18.285714 0.000000 0.000000
vertex 19.428571 0.000000 0.000000
vertex 19.135353 1.411765 -0.000000
endloop
endfacet
facet normal 0.257625 -0.155046 0.953724
outer loop
vertex 18.285714 0.000000 0.000000
vertex 19.135353 1.411765 -0.000000
vertex 17.960197 1.411765 0.317439
endloop
endfacet
facet normal -0.000000 0.000000 1.000000
outer loop
vertex 19.428571 0.000000 0.000000
vertex 20.571429 0.000000 0.000000
vertex 20.352629 1.411765 -0.000000
endloop
endfacet
facet normal -0.000000 0.000000 1.000000
outer loop
vertex 19.428571 0.000000 0.000000
vertex 20.352629 1.411765 -0.000000
vertex 19.135353 1.411765 -0.000000
endloop
endfacet
facet normal -0.000000 0.000000 1.000000
outer loop
vertex 20.571429 0.000000 0.000000
vertex 21.714286 0.000000 0.000000
vertex 21.569905 1.411765 -0.000000
endloop
endfacet
facet normal -0.000000 0.000000 1.000000
outer loop
vertex 20.571429 0.000000 0.000000
vertex 21.569905 1.411765 -0.000000
vertex 20.352629 1.411765 -0.000000
endloop
endfacet
facet normal 0.000000 -0.000000 1.000000
outer loop
vertex 21.714286 0.000000 0.000000
vertex 22.857143 0.000000 0.000000
vertex 22.787180 1.411765 0.000000
endloop
endfacet
facet normal -0.000000 0.000000 1.000000
outer loop
vertex 21.714286 0.000000 0.000000
vertex 22.787180 1.411765 0.000000
vertex 21.569905 1.411765 -0.000000
endloop
endfacet
facet normal 0.000000 -0.000000 1.000000
outer loop
vertex 22.857143 0.000000 0.000000
vertex 24.000000 0.000000 0.000000
vertex 24.004456 1.411765 0.000000
endloop
endfacet
facet normal -0.000000 -0.000000 1.000000
outer loop
vertex 22.857143 0.000000 0.000000
vertex 24.004456 1.411765 0.000000
vertex 22.787180 1.411765 0.000000
endloop
endfacet
facet normal 0.000000 0.000000 1.000000
outer loop
vertex 0.000000 1.411765 0.000000
vertex 1.217276 1.411765 0.000000
vertex 1.250313 2.823529 0.000000
endloop
endfacet
facet normal 0.000000 0.000000 1.000000
outer loop
vertex 0.000000 1.411765 0.000000
vertex 1.250313 2.823529 0.000000
vertex 0.000000 2.823529 0.000000
endloop
endfacet
facet normal 0.000000 0.000000 1.000000
outer loop
vertex 1.217276 1.411765 0.000000
vertex 2.434552 1.411765 0.000000
vertex 2.500627 2.823529 0.000000
endloop
endfacet
facet normal 0.000000 0.000000 1.000000
outer loop
vertex 1.217276 1.411765 0.000000
vertex 2.500627 2.823529 0.000000
vertex 1.250313 2.823529 0.000000
endloop
endfacet
facet normal 0.000000 -0.174440 0.984668
outer loop
vertex 2.434552 1.411765 0.000000
vertex 3.651827 1.411765 0.000000
vertex 3.725670 2.823529 0.250103
endloop
endfacet
facet normal -0.200024 0.009362 0.979746
outer loop
vertex 2.434552 1.411765 0.000000
vertex 3.725670 2.823529 0.250103
vertex 2.500627 2.823529 0.000000
endloop
endfacet
facet normal 0.000000 -0.617172 0.786828
outer loop
vertex 3.651827 1.411765 0.000000
vertex 4.869103 1.411765 0.000000
vertex 4.635832 2.823529 1.107359
endloop
endfacet
facet normal -0.682681 -0.092697 0.724813
outer loop
vertex 3.651827 1.411765 0.000000
vertex 4.635832 2.823529 1.107359
vertex 3.725670 2.823529 0.250103
endloop
endfacet
facet normal -0.162645 -0.781670 0.602112
outer loop
vertex 4.869103 1.411765 0.000000
vertex 6.044260 1.411765 0.317439
vertex 5.506301 2.823529 2.004893
endloop
endfacet
facet normal -0.597828 -0.553565 0.579800
outer loop
vertex 4.869103 1.411765 0.000000
vertex 5.506301 2.823529 2.004893
vertex 4.635832 2.823529 1.107359
endloop
endfacet
facet normal -0.522907 -0.680124 0.513809
outer loop
vertex 6.044260 1.411765 0.317439
vertex 6.897417 1.411765 1.185703
vertex 6.547023 2.823529 2.697844
endloop
endfacet
facet normal -0.353741 -0.769815 0.531274
outer loop
vertex 6.044260 1.411765 0.317439
vertex 6.547023 2.823529 2.697844
vertex 5.506301 2.823529 2.004893
endloop
endfacet
facet normal -0.454173 -0.632182 0.627752
outer loop
vertex 6.897417 1.411765 1.185703
vertex 7.883643 1.411765 1.899228
vertex 7.697871 2.823529 3.186551
endloop
endfacet
facet normal -0.265175 -0.734669 0.624455
outer loop
vertex 6.897417 1.411765 1.185703
vertex 7.697871 2.823529 3.186551
vertex 6.547023 2.823529 2.697844
endloop
endfacet
facet normal -0.312133 -0.611958 0.726692
outer loop
vertex 7.883643 1.411765 1.899228
vertex 9.002109 1.411765 2.379639
vertex 8.901431 2.823529 3.525262
endloop
endfacet
facet normal -0.200021 -0.674415 0.710744
outer loop
vertex 7.883643 1.411765 1.899228
vertex 8.901431 2.823529 3.525262
vertex 7.697871 2.823529 3.186551
endloop
endfacet
facet normal -0.191040 -0.597730 0.778603
outer loop
vertex 9.002109 1.411765 2.379639
vertex 10.184319 1.411765 2.669709
vertex 10.133005 2.823529 3.740924
endloop
endfacet
facet normal -0.133926 -0.630182 0.764810
outer loop
vertex 9.002109 1.411765 2.379639
vertex 10.133005 2.823529 3.740924
vertex 8.901431 2.823529 3.525262
endloop
endfacet
facet normal -0.092381 -0.590698 0.801587
outer loop
vertex 10.184319 1.411765 2.669709
vertex 11.393590 1.411765 2.809075
vertex 11.378749 2.823529 3.847709
endloop
endfacet
facet normal -0.068027 -0.604633 0.793594
outer loop
vertex 10.184319 1.411765 2.669709
vertex 11.378749 2.823529 3.847709
vertex 10.133005 2.823529 3.740924
endloop
endfacet
facet normal 0.000000 -0.592602 0.805495
outer loop
vertex 11.393590 1.411765 2.809075
vertex 12.610866 1.411765 2.809075
vertex 12.629063 2.823529 3.847709
endloop
endfacet
facet normal 0.000000 -0.592602 0.805495
outer loop
vertex 11.393590 1.411765 2.809075
vertex 12.629063 2.823529 3.847709
vertex 11.378749 2.823529 3.847709
endloop
endfacet
facet normal 0.091231 -0.604184 0.791605
outer loop
vertex 12.610866 1.411765 2.809075
vertex 13.820137 1.411765 2.669709
vertex 13.874808 2.823529 3.740924
endloop
endfacet
facet normal 0.068847 -0.591772 0.803160
outer loop
vertex 12.610866 1.411765 2.809075
vertex 13.874808 2.823529 3.740924
vertex 12.629063 2.823529 3.847709
endloop
endfacet
facet normal 0.185563 -0.627382 0.756279
outer loop
vertex 13.820137 1.411765 2.669709
vertex 15.002347 1.411765 2.379639
vertex 15.106381 2.823529 3.525262
endloop
endfacet
facet normal 0.137718 -0.602085 0.786465
outer loop
vertex 13.820137 1.411765 2.669709
vertex 15.106381 2.823529 3.525262
vertex 13.874808 2.823529 3.740924
endloop
endfacet
facet normal 0.294707 -0.665122 0.686120
outer loop
vertex 15.002347 1.411765 2.379639
vertex 16.120813 1.411765 1.899228
vertex 16.309942 2.823529 3.186551
endloop
endfacet
facet normal 0.211425 -0.625220 0.751266
outer loop
vertex 15.002347 1.411765 2.379639
vertex 16.309942 2.823529 3.186551
vertex 15.106381 2.823529 3.525262
endloop
endfacet
facet normal 0.411452 -0.712238 0.568704
outer loop
vertex 16.120813 1.411765 1.899228
vertex 17.107039 1.411765 1.185703
vertex 17.460789 2.823529 2.697844
endloop
endfacet
facet normal 0.291734 -0.665525 0.686999
outer loop
vertex 16.120813 1.411765 1.899228
vertex 17.460789 2.823529 2.697844
vertex 16.309942 2.823529 3.186551
endloop
endfacet
facet normal 0.477133 -0.743332 0.468831
outer loop
vertex 17.107039 1.411765 1.185703
vertex 17.960197 1.411765 0.317439
vertex 18.501511 2.823529 2.004893
endloop
endfacet
facet normal 0.385979 -0.717621 0.579690
outer loop
vertex 17.107039 1.411765 1.185703
vertex 18.501511 2.823529 2.004893
vertex 17.460789 2.823529 2.697844
endloop
endfacet
facet normal 0.203539 -0.625146 0.753501
outer loop
vertex 17.960197 1.411765 0.317439
vertex 19.135353 1.411765 -0.000000
vertex 19.371980 2.823529 1.107359
endloop
endfacet
facet normal 0.481102 -0.742180 0.466594
outer loop
vertex 17.960197 1.411765 0.317439
vertex 19.371980 2.823529 1.107359
vertex 18.501511 2.823529 2.004893
endloop
endfacet
facet normal -0.000000 -0.174440 0.984668
outer loop
vertex 19.135353 1.411765 -0.000000
vertex 20.352629 1.411765 -0.000000
vertex 20.282142 2.823529 0.250103
endloop
endfacet
facet normal 0.565411 -0.565636 0.600305
outer loop
vertex 19.135353 1.411765 -0.000000
vertex 20.282142 2.823529 0.250103
vertex 19.371980 2.823529 1.107359
endloop
endfacet
facet normal -0.000000 0.000000 1.000000
outer loop
vertex 20.352629 1.411765 -0.000000
vertex 21.569905 1.411765 -0.000000
vertex 21.507185 2.823529 -0.000000
endloop
endfacet
facet normal 0.197408 -0.161443 0.966937
outer loop
vertex 20.352629 1.411765 -0.000000
vertex 21.507185 2.823529 -0.000000
vertex 20.282142 2.823529 0.250103
endloop
endfacet
facet normal -0.000000 0.000000 1.000000
outer loop
vertex 21.569905 1.411765 -0.000000
vertex 22.787180 1.411765 0.000000
vertex 22.757499 2.823529 -0.000000
endloop
endfacet
facet normal 0.000000 0.000000 1.000000
outer loop
vertex 21.569905 1.411765 -0.000000
vertex 22.757499 2.823529 -0.000000
vertex 21.507185 2.823529 -0.000000
endloop
endfacet
facet normal -0.000000 0.000000 1.000000
outer loop
vertex 22.787180 1.411765 0.000000
vertex 24.004456 1.411765 0.000000
vertex 24.007812 2.823529 -0.000000
endloop
endfacet
facet normal 0.000000 0.000000 1.000000
outer loop
vertex 22.787180 1.411765 0.000000
vertex 24.007812 2.823529 -0.000000
vertex 22.757499 2.823529 -0.000000
endloop
endfacet
facet normal 0.000000 0.000000 1.000000
outer loop
vertex 0.000000 2.823529 0.000000
vertex 1.250313 2.823529 0.000000
vertex 1.282756 4.235294 0.000000
endloop
endfacet
facet normal 0.000000 0.000000 1.000000
outer loop
vertex 0.000000 2.823529 0.000000
vertex 1.282756 4.235294 0.000000
vertex 0.000000 4.235294 0.000000
endloop
endfacet
facet normal 0.000000 -0.184548 0.982824
outer loop
vertex 1.250313 2.823529 0.000000
vertex 2.500627 2.823529 0.000000
vertex 2.537822 4.235294 0.265091
endloop
endfacet
facet normal -0.206655 0.004749 0.978402
outer loop
vertex 1.250313 2.823529 0.000000
vertex 2.537822 4.235294 0.265091
vertex 1.282756 4.235294 0.000000
endloop
endfacet
facet normal -0.156390 -0.623500 0.766022
outer loop
vertex 2.500627 2.823529 0.000000
vertex 3.725670 2.823529 0.250103
vertex 3.283411 4.235294 1.308912
endloop
endfacet
facet normal -0.810621 -0.087366 0.579017
outer loop
vertex 2.500627 2.823529 0.000000
vertex 3.283411 4.235294 1.308912
vertex 2.537822 4.235294 0.265091
endloop
endfacet
facet normal -0.532957 -0.629104 0.565849
outer loop
vertex 3.725670 2.823529 0.250103
vertex 4.635832 2.823529 1.107359
vertex 4.168828 4.235294 2.237083
endloop
endfacet
facet normal -0.580430 -0.597095 0.553695
outer loop
vertex 3.725670 2.823529 0.250103
vertex 4.168828 4.235294 2.237083
vertex 3.283411 4.235294 1.308912
endloop
endfacet
facet normal -0.603360 -0.541791 0.585166
outer loop
vertex 4.635832 2.823529 1.107359
vertex 5.506301 2.823529 2.004893
vertex 5.201627 4.235294 2.997865
endloop
endfacet
facet normal -0.454020 -0.643407 0.616354
outer loop
vertex 4.635832 2.823529 1.107359
vertex 5.201627 4.235294 2.997865
vertex 4.168828 4.235294 2.237083
endloop
endfacet
facet normal -0.478828 -0.503552 0.719138
outer loop
vertex 5.506301 2.823529 2.004893
vertex 6.547023 2.823529 2.697844
vertex 6.355278 4.235294 3.558714
endloop
endfacet
facet normal -0.353656 -0.587986 0.727461
outer loop
vertex 5.506301 2.823529 2.004893
vertex 6.355278 4.235294 3.558714
vertex 5.201627 4.235294 2.997865
endloop
endfacet
facet normal -0.342797 -0.480459 0.807248
outer loop
vertex 6.547023 2.823529 2.697844
vertex 7.697871 2.823529 3.186551
vertex 7.569529 4.235294 3.972308
endloop
endfacet
facet normal -0.273906 -0.527559 0.804150
outer loop
vertex 6.547023 2.823529 2.697844
vertex 7.569529 4.235294 3.972308
vertex 6.355278 4.235294 3.558714
endloop
endfacet
facet normal -0.240227 -0.462213 0.853610
outer loop
vertex 7.697871 2.823529 3.186551
vertex 8.901431 2.823529 3.525262
vertex 8.818149 4.235294 4.266267
endloop
endfacet
facet normal -0.199723 -0.490327 0.848345
outer loop
vertex 7.697871 2.823529 3.186551
vertex 8.818149 4.235294 4.266267
vertex 7.569529 4.235294 3.972308
endloop
endfacet
facet normal -0.153974 -0.450696 0.879298
outer loop
vertex 8.901431 2.823529 3.525262
vertex 10.133005 2.823529 3.740924
vertex 10.086731 4.235294 4.456439
endloop
endfacet
facet normal -0.131110 -0.466790 0.874595
outer loop
vertex 8.901431 2.823529 3.525262
vertex 10.086731 4.235294 4.456439
vertex 8.818149 4.235294 4.266267
endloop
endfacet
facet normal -0.076462 -0.445541 0.891991
outer loop
vertex 10.133005 2.823529 3.740924
vertex 11.378749 2.823529 3.847709
vertex 11.365939 4.235294 4.551774
endloop
endfacet
facet normal -0.066265 -0.452810 0.889141
outer loop
vertex 10.133005 2.823529 3.740924
vertex 11.365939 4.235294 4.551774
vertex 10.086731 4.235294 4.456439
endloop
endfacet
facet normal 0.000000 -0.446292 0.894888
outer loop
vertex 11.378749 2.823529 3.847709
vertex 12.629063 2.823529 3.847709
vertex 12.648696 4.235294 4.551774
endloop
endfacet
facet normal 0.000000 -0.446292 0.894888
outer loop
vertex 11.378749 2.823529 3.847709
vertex 12.648696 4.235294 4.551774
vertex 11.365939 4.235294 4.551774
endloop
endfacet
facet normal 0.076139 -0.453041 0.888233
outer loop
vertex 12.629063 2.823529 3.847709
vertex 13.874808 2.823529 3.740924
vertex 13.927905 4.235294 4.456439
endloop
endfacet
facet normal 0.066518 -0.446044 0.892536
outer loop
vertex 12.629063 2.823529 3.847709
vertex 13.927905 4.235294 4.456439
vertex 12.648696 4.235294 4.551774
endloop
endfacet
facet normal 0.152529 -0.466926 0.871042
outer loop
vertex 13.874808 2.823529 3.740924
vertex 15.106381 2.823529 3.525262
vertex 15.196486 4.235294 4.266267
endloop
endfacet
facet normal 0.132240 -0.452058 0.882131
outer loop
vertex 13.874808 2.823529 3.740924
vertex 15.196486 4.235294 4.266267
vertex 13.927905 4.235294 4.456439
endloop
endfacet
facet normal 0.236192 -0.489733 0.839271
outer loop
vertex 15.106381 2.823529 3.525262
vertex 16.309942 2.823529 3.186551
vertex 16.445106 4.235294 3.972308
endloop
endfacet
facet normal 0.202855 -0.465206 0.861646
outer loop
vertex 15.106381 2.823529 3.525262
vertex 16.445106 4.235294 3.972308
vertex 15.196486 4.235294 4.266267
endloop
endfacet
facet normal 0.332757 -0.524631 0.783604
outer loop
vertex 16.309942 2.823529 3.186551
vertex 17.460789 2.823529 2.697844
vertex 17.659357 4.235294 3.558714
endloop
endfacet
facet normal 0.281591 -0.487089 0.826711
outer loop
vertex 16.309942 2.823529 3.186551
vertex 17.659357 4.235294 3.558714
vertex 16.445106 4.235294 3.972308
endloop
endfacet
facet normal 0.452386 -0.577693 0.679425
outer loop
vertex 17.460789 2.823529 2.697844
vertex 18.501511 2.823529 2.004893
vertex 18.813009 4.235294 2.997865
endloop
endfacet
facet normal 0.373273 -0.520701 0.767813
outer loop
vertex 17.460789 2.823529 2.697844
vertex 18.813009 4.235294 2.997865
vertex 17.659357 4.235294 3.558714
endloop
endfacet
facet normal 0.561080 -0.623762 0.544160
outer loop
vertex 18.501511 2.823529 2.004893
vertex 19.371980 2.823529 1.107359
vertex 19.845807 4.235294 2.237083
endloop
endfacet
facet normal 0.486522 -0.571898 0.660477
outer loop
vertex 18.501511 2.823529 2.004893
vertex 19.845807 4.235294 2.237083
vertex 18.813009 4.235294 2.997865
endloop
endfacet
facet normal 0.544810 -0.607123 0.578433
outer loop
vertex 19.371980 2.823529 1.107359
vertex 20.282142 2.823529 0.250103
vertex 20.731225 4.235294 1.308912
endloop
endfacet
facet normal 0.566341 -0.622402 0.540254
outer loop
vertex 19.371980 2.823529 1.107359
vertex 20.731225 4.235294 1.308912
vertex 19.845807 4.235294 2.237083
endloop
endfacet
facet normal 0.196880 -0.176843 0.964347
outer loop
vertex 20.282142 2.823529 0.250103
vertex 21.507185 2.823529 -0.000000
vertex 21.476813 4.235294 0.265091
endloop
endfacet
facet normal 0.668273 -0.570577 0.477339
outer loop
vertex 20.282142 2.823529 0.250103
vertex 21.476813 4.235294 0.265091
vertex 20.731225 4.235294 1.308912
endloop
endfacet
facet normal -0.000000 0.000000 1.000000
outer loop
vertex 21.507185 2.823529 -0.000000
vertex 22.757499 2.823529 -0.000000
vertex 22.731879 4.235294 -0.000000
endloop
endfacet
facet normal 0.203414 -0.176460 0.963060
outer loop
vertex 21.507185 2.823529 -0.000000
vertex 22.731879 4.235294 -0.000000
vertex 21.476813 4.235294 0.265091
endloop
endfacet
facet normal -0.000000 0.000000 1.000000
outer loop
vertex 22.757499 2.823529 -0.000000
vertex 24.007812 2.823529 -0.000000
vertex 24.014635 4.235294 -0.000000
endloop
endfacet
facet normal -0.000000 0.000000 1.000000
outer loop
vertex 22.757499 2.823529 -0.000000
vertex 24.014635 4.235294 -0.000000
vertex 22.731879 4.235294 -0.000000
endloop
endfacet
facet normal 0.000000 -0.097868 0.995199
outer loop
vertex 0.000000 4.235294 0.000000
vertex 1.282756 4.235294 0.000000
vertex 1.294634 5.647059 0.138833
endloop
endfacet
facet normal -0.106626 0.000000 0.994299
outer loop
vertex 0.000000 4.235294 0.000000
vertex 1.294634 5.647059 0.138833
vertex 0.000000 5.647059 0.000000
endloop
endfacet
facet normal -0.169161 -0.574424 0.800888
outer loop
vertex 1.282756 4.235294 0.000000
vertex 2.537822 4.235294 0.265091
vertex 2.076277 5.647059 1.180171
endloop
endfacet
facet normal -0.798672 -0.052235 0.599495
outer loop
vertex 1.282756 4.235294 0.000000
vertex 2.076277 5.647059 1.180171
vertex 1.294634 5.647059 0.138833
endloop
endfacet
facet normal -0.711665 -0.484901 0.508334
outer loop
vertex 2.537822 4.235294 0.265091
vertex 3.283411 4.235294 1.308912
vertex 2.931082 5.647059 2.162341
endloop
endfacet
facet normal -0.626047 -0.557843 0.544863
outer loop
vertex 2.537822 4.235294 0.265091
vertex 2.931082 5.647059 2.162341
vertex 2.076277 5.647059 1.180171
endloop
endfacet
facet normal -0.642662 -0.459503 0.613060
outer loop
vertex 3.283411 4.235294 1.308912
vertex 4.168828 4.235294 2.237083
vertex 3.908610 5.647059 3.022451
endloop
endfacet
facet normal -0.561754 -0.526141 0.638442
outer loop
vertex 3.283411 4.235294 1.308912
vertex 3.908610 5.647059 3.022451
vertex 2.931082 5.647059 2.162341
endloop
endfacet
facet normal -0.540457 -0.411820 0.733697
outer loop
vertex 4.168828 4.235294 2.237083
vertex 5.201627 4.235294 2.997865
vertex 5.038260 5.647059 3.669941
endloop
endfacet
facet normal -0.431228 -0.498016 0.752345
outer loop
vertex 4.168828 4.235294 2.237083
vertex 5.038260 5.647059 3.669941
vertex 3.908610 5.647059 3.022451
endloop
endfacet
facet normal -0.403058 -0.387521 0.829079
outer loop
vertex 5.201627 4.235294 2.997865
vertex 6.355278 4.235294 3.558714
vertex 6.242948 5.647059 4.163981
endloop
endfacet
facet normal -0.341482 -0.435918 0.832685
outer loop
vertex 5.201627 4.235294 2.997865
vertex 6.242948 5.647059 4.163981
vertex 5.038260 5.647059 3.669941
endloop
endfacet
facet normal -0.299819 -0.367845 0.880226
outer loop
vertex 6.355278 4.235294 3.558714
vertex 7.569529 4.235294 3.972308
vertex 7.490879 5.647059 4.535493
endloop
endfacet
facet normal -0.261777 -0.397822 0.879324
outer loop
vertex 6.355278 4.235294 3.558714
vertex 7.490879 5.647059 4.535493
vertex 6.242948 5.647059 4.163981
endloop
endfacet
facet normal -0.214320 -0.354027 0.910347
outer loop
vertex 7.569529 4.235294 3.972308
vertex 8.818149 4.235294 4.266267
vertex 8.765196 5.647059 4.802825
endloop
endfacet
facet normal -0.190508 -0.372880 0.908112
outer loop
vertex 7.569529 4.235294 3.972308
vertex 8.765196 5.647059 4.802825
vertex 7.490879 5.647059 4.535493
endloop
endfacet
facet normal -0.139129 -0.345401 0.928085
outer loop
vertex 8.818149 4.235294 4.266267
vertex 10.086731 4.235294 4.456439
vertex 10.055527 5.647059 4.977170
endloop
endfacet
facet normal -0.125098 -0.356574 0.925854
outer loop
vertex 8.818149 4.235294 4.266267
vertex 10.055527 5.647059 4.977170
vertex 8.765196 5.647059 4.802825
endloop
endfacet
facet normal -0.069856 -0.341374 0.937328
outer loop
vertex 10.086731 4.235294 4.456439
vertex 11.365939 4.235294 4.551774
vertex 11.354611 5.647059 5.065094
endloop
endfacet
facet normal -0.063341 -0.346598 0.935873
outer loop
vertex 10.086731 4.235294 4.456439
vertex 11.354611 5.647059 5.065094
vertex 10.055527 5.647059 4.977170
endloop
endfacet
facet normal 0.000000 -0.341714 0.939804
outer loop
vertex 11.365939 4.235294 4.551774
vertex 12.648696 4.235294 4.551774
vertex 12.656668 5.647059 5.065094
endloop
endfacet
facet normal -0.000000 -0.341714 0.939804
outer loop
vertex 11.365939 4.235294 4.551774
vertex 12.656668 5.647059 5.065094
vertex 11.354611 5.647059 5.065094
endloop
endfacet
facet normal 0.069718 -0.346429 0.935482
outer loop
vertex 12.648696 4.235294 4.551774
vertex 13.927905 4.235294 4.456439
vertex 13.955752 5.647059 4.977170
endloop
endfacet
facet normal 0.063471 -0.341342 0.937794
outer loop
vertex 12.648696 4.235294 4.551774
vertex 13.955752 5.647059 4.977170
vertex 12.656668 5.647059 5.065094
endloop
endfacet
facet normal 0.138535 -0.356092 0.924125
outer loop
vertex 13.927905 4.235294 4.456439
vertex 15.196486 4.235294 4.266267
vertex 15.246083 5.647059 4.802825
endloop
endfacet
facet normal 0.125654 -0.345499 0.929969
outer loop
vertex 13.927905 4.235294 4.456439
vertex 15.246083 5.647059 4.802825
vertex 13.955752 5.647059 4.977170
endloop
endfacet
facet normal 0.212733 -0.371814 0.903604
outer loop
vertex 15.196486 4.235294 4.266267
vertex 16.445106 4.235294 3.972308
vertex 16.520400 5.647059 4.535493
endloop
endfacet
facet normal 0.191978 -0.354546 0.915118
outer loop
vertex 15.196486 4.235294 4.266267
vertex 16.520400 5.647059 4.535493
vertex 15.246083 5.647059 4.802825
endloop
endfacet
facet normal 0.296125 -0.395587 0.869380
outer loop
vertex 16.445106 4.235294 3.972308
vertex 17.659357 4.235294 3.558714
vertex 17.768330 5.647059 4.163981
endloop
endfacet
facet normal 0.265142 -0.369433 0.890628
outer loop
vertex 16.445106 4.235294 3.972308
vertex 17.768330 5.647059 4.163981
vertex 16.520400 5.647059 4.535493
endloop
endfacet
facet normal 0.394520 -0.431040 0.811516
outer loop
vertex 17.659357 4.235294 3.558714
vertex 18.813009 4.235294 2.997865
vertex 18.973019 5.647059 3.669941
endloop
endfacet
facet normal 0.349081 -0.391887 0.851215
outer loop
vertex 17.659357 4.235294 3.558714
vertex 18.973019 5.647059 3.669941
vertex 17.768330 5.647059 4.163981
endloop
endfacet
facet normal 0.518393 -0.485812 0.703743
outer loop
vertex 18.813009 4.235294 2.997865
vertex 19.845807 4.235294 2.237083
vertex 20.102668 5.647059 3.022451
endloop
endfacet
facet normal 0.450160 -0.424902 0.785375
outer loop
vertex 18.813009 4.235294 2.997865
vertex 20.102668 5.647059 3.022451
vertex 18.973019 5.647059 3.669941
endloop
endfacet
facet normal 0.621521 -0.512044 0.592893
outer loop
vertex 19.845807 4.235294 2.237083
vertex 20.731225 4.235294 1.308912
vertex 21.080197 5.647059 2.162341
endloop
endfacet
facet normal 0.581772 -0.473673 0.661193
outer loop
vertex 19.845807 4.235294 2.237083
vertex 21.080197 5.647059 2.162341
vertex 20.102668 5.647059 3.022451
endloop
endfacet
facet normal 0.685121 -0.539559 0.489373
outer loop
vertex 20.731225 4.235294 1.308912
vertex 21.476813 4.235294 0.265091
vertex 21.935002 5.647059 1.180171
endloop
endfacet
facet normal 0.651570 -0.503865 0.567077
outer loop
vertex 20.731225 4.235294 1.308912
vertex 21.935002 5.647059 1.180171
vertex 21.080197 5.647059 2.162341
endloop
endfacet
facet normal 0.205751 -0.093575 0.974120
outer loop
vertex 21.476813 4.235294 0.265091
vertex 22.731879 4.235294 -0.000000
vertex 22.716645 5.647059 0.138833
endloop
endfacet
facet normal 0.670963 -0.544208 0.503634
outer loop
vertex 21.476813 4.235294 0.265091
vertex 22.716645 5.647059 0.138833
vertex 21.935002 5.647059 1.180171
endloop
endfacet
facet normal -0.000000 -0.000000 1.000000
outer loop
vertex 22.731879 4.235294 -0.000000
vertex 24.014635 4.235294 -0.000000
vertex 24.011279 5.647059 0.000000
endloop
endfacet
facet normal 0.106131 -0.096181 0.989690
outer loop
vertex 22.731879 4.235294 -0.000000
vertex 24.011279 5.647059 0.000000
vertex 22.716645 5.647059 0.138833
endloop
endfacet
facet normal -0.099820 -0.351541 0.930835
outer loop
vertex 0.000000 5.647059 0.000000
vertex 1.294634 5.647059 0.138833
vertex 1.143128 7.058824 0.655756
endloop
endfacet
facet normal -0.497591 0.000000 0.867412
outer loop
vertex 0.000000 5.647059 0.000000
vertex 1.143128 7.058824 0.655756
vertex 0.000000 7.058824 0.000000
endloop
endfacet
facet normal -0.744673 -0.364724 0.558962
outer loop
vertex 1.294634 5.647059 0.138833
vertex 2.076277 5.647059 1.180171
vertex 1.833708 7.058824 1.778190
endloop
endfacet
facet normal -0.819465 -0.272548 0.504177
outer loop
vertex 1.294634 5.647059 0.138833
vertex 1.833708 7.058824 1.778190
vertex 1.143128 7.058824 0.655756
endloop
endfacet
facet normal -0.689548 -0.405424 0.600129
outer loop
vertex 2.076277 5.647059 1.180171
vertex 2.931082 5.647059 2.162341
vertex 2.660119 7.058824 2.804738
endloop
endfacet
facet normal -0.723370 -0.370967 0.582340
outer loop
vertex 2.076277 5.647059 1.180171
vertex 2.660119 7.058824 2.804738
vertex 1.833708 7.058824 1.778190
endloop
endfacet
facet normal -0.619401 -0.347538 0.703959
outer loop
vertex 2.931082 5.647059 2.162341
vertex 3.908610 5.647059 3.022451
vertex 3.735244 7.058824 3.566884
endloop
endfacet
facet normal -0.520917 -0.434354 0.734835
outer loop
vertex 2.931082 5.647059 2.162341
vertex 3.735244 7.058824 3.566884
vertex 2.660119 7.058824 2.804738
endloop
endfacet
facet normal -0.470293 -0.324963 0.820502
outer loop
vertex 3.908610 5.647059 3.022451
vertex 5.038260 5.647059 3.669941
vertex 4.913356 7.058824 4.157485
endloop
endfacet
facet normal -0.416129 -0.371214 0.830082
outer loop
vertex 3.908610 5.647059 3.022451
vertex 4.913356 7.058824 4.157485
vertex 3.735244 7.058824 3.566884
endloop
endfacet
facet normal -0.361281 -0.305581 0.880963
outer loop
vertex 5.038260 5.647059 3.669941
vertex 6.242948 5.647059 4.163981
vertex 6.149169 7.058824 4.615223
endloop
endfacet
facet normal -0.327365 -0.334187 0.883828
outer loop
vertex 5.038260 5.647059 3.669941
vertex 6.149169 7.058824 4.615223
vertex 4.913356 7.058824 4.157485
endloop
endfacet
facet normal -0.272959 -0.291226 0.916886
outer loop
vertex 6.242948 5.647059 4.163981
vertex 7.490879 5.647059 4.535493
vertex 7.420340 7.058824 4.962905
endloop
endfacet
facet normal -0.250844 -0.309800 0.917116
outer loop
vertex 6.242948 5.647059 4.163981
vertex 7.420340 7.058824 4.962905
vertex 6.149169 7.058824 4.615223
endloop
endfacet
facet normal -0.197030 -0.281209 0.939202
outer loop
vertex 7.490879 5.647059 4.535493
vertex 8.765196 5.647059 4.802825
vertex 8.713910 7.058824 5.214766
endloop
endfacet
facet normal -0.182712 -0.293236 0.938418
outer loop
vertex 7.490879 5.647059 4.535493
vertex 8.713910 7.058824 5.214766
vertex 7.420340 7.058824 4.962905
endloop
endfacet
facet normal -0.128744 -0.274834 0.952833
outer loop
vertex 8.765196 5.647059 4.802825
vertex 10.055527 5.647059 4.977170
vertex 10.021401 7.058824 5.379768
endloop
endfacet
facet normal -0.120119 -0.282101 0.951835
outer loop
vertex 8.765196 5.647059 4.802825
vertex 10.021401 7.058824 5.379768
vertex 8.713910 7.058824 5.214766
endloop
endfacet
facet normal -0.064987 -0.271651 0.960199
outer loop
vertex 10.055527 5.647059 4.977170
vertex 11.354611 5.647059 5.065094
vertex 11.336614 7.058824 5.463280
endloop
endfacet
facet normal -0.060925 -0.275092 0.959486
outer loop
vertex 10.055527 5.647059 4.977170
vertex 11.336614 7.058824 5.463280
vertex 10.021401 7.058824 5.379768
endloop
endfacet
facet normal -0.000000 -0.271458 0.962450
outer loop
vertex 11.354611 5.647059 5.065094
vertex 12.656668 5.647059 5.065094
vertex 12.654475 7.058824 5.463280
endloop
endfacet
facet normal -0.000000 -0.271458 0.962450
outer loop
vertex 11.354611 5.647059 5.065094
vertex 12.654475 7.058824 5.463280
vertex 11.336614 7.058824 5.463280
endloop
endfacet
facet normal 0.064937 -0.274254 0.959462
outer loop
vertex 12.656668 5.647059 5.065094
vertex 13.955752 5.647059 4.977170
vertex 13.969687 7.058824 5.379768
endloop
endfacet
facet normal 0.061001 -0.270864 0.960683
outer loop
vertex 12.656668 5.647059 5.065094
vertex 13.969687 7.058824 5.379768
vertex 12.654475 7.058824 5.463280
endloop
endfacet
facet normal 0.128529 -0.280395 0.951241
outer loop
vertex 13.955752 5.647059 4.977170
vertex 15.246083 5.647059 4.802825
vertex 15.277178 7.058824 5.214766
endloop
endfacet
facet normal 0.120436 -0.273343 0.954347
outer loop
vertex 13.955752 5.647059 4.977170
vertex 15.277178 7.058824 5.214766
vertex 13.969687 7.058824 5.379768
endloop
endfacet
facet normal 0.196460 -0.290527 0.936482
outer loop
vertex 15.246083 5.647059 4.802825
vertex 16.520400 5.647059 4.535493
vertex 16.570749 7.058824 4.962905
endloop
endfacet
facet normal 0.183520 -0.279076 0.942569
outer loop
vertex 15.246083 5.647059 4.802825
vertex 16.570749 7.058824 4.962905
vertex 15.277178 7.058824 5.214766
endloop
endfacet
facet normal 0.271656 -0.305825 0.912510
outer loop
vertex 16.520400 5.647059 4.535493
vertex 17.768330 5.647059 4.163981
vertex 17.841919 7.058824 4.615223
endloop
endfacet
facet normal 0.252597 -0.288607 0.923526
outer loop
vertex 16.520400 5.647059 4.535493
vertex 17.841919 7.058824 4.615223
vertex 16.570749 7.058824 4.962905
endloop
endfacet
facet normal 0.358389 -0.328382 0.873912
outer loop
vertex 17.768330 5.647059 4.163981
vertex 18.973019 5.647059 3.669941
vertex 19.077733 7.058824 4.157485
endloop
endfacet
facet normal 0.331017 -0.302903 0.893688
outer loop
vertex 17.768330 5.647059 4.163981
vertex 19.077733 7.058824 4.157485
vertex 17.841919 7.058824 4.615223
endloop
endfacet
facet normal 0.463525 -0.362157 0.808694
outer loop
vertex 18.973019 5.647059 3.669941
vertex 20.102668 5.647059 3.022451
vertex 20.255845 7.058824 3.566884
endloop
endfacet
facet normal 0.424043 -0.323567 0.845868
outer loop
vertex 18.973019 5.647059 3.669941
vertex 20.255845 7.058824 3.566884
vertex 19.077733 7.058824 4.157485
endloop
endfacet
facet normal 0.600366 -0.417123 0.682326
outer loop
vertex 20.102668 5.647059 3.022451
vertex 21.080197 5.647059 2.162341
vertex 21.330969 7.058824 2.804738
endloop
endfacet
facet normal 0.541078 -0.353056 0.763274
outer loop
vertex 20.102668 5.647059 3.022451
vertex 21.330969 7.058824 2.804738
vertex 20.255845 7.058824 3.566884
endloop
endfacet
facet normal 0.701115 -0.368915 0.610196
outer loop
vertex 21.080197 5.647059 2.162341
vertex 21.935002 5.647059 1.180171
vertex 22.157381 7.058824 1.778190
endloop
endfacet
facet normal 0.717225 -0.390134 0.577394
outer loop
vertex 21.080197 5.647059 2.162341
vertex 22.157381 7.058824 1.778190
vertex 21.330969 7.058824 2.804738
endloop
endfacet
facet normal 0.767250 -0.282237 0.575908
outer loop
vertex 21.935002 5.647059 1.180171
vertex 22.716645 5.647059 0.138833
vertex 22.847960 7.058824 0.655756
endloop
endfacet
facet normal 0.802347 -0.335491 0.493645
outer loop
vertex 21.935002 5.647059 1.180171
vertex 22.847960 7.058824 0.655756
vertex 22.157381 7.058824 1.778190
endloop
endfacet
facet normal 0.106625 0.001525 0.994298
outer loop
vertex 22.716645 5.647059 0.138833
vertex 24.011279 5.647059 0.000000
vertex 23.991089 7.058824 0.000000
endloop
endfacet
facet normal 0.467595 -0.341953 0.815122
outer loop
vertex 22.716645 5.647059 0.138833
vertex 23.991089 7.058824 0.000000
vertex 22.847960 7.058824 0.655756
endloop
endfacet
facet normal -0.453494 -0.411569 0.790541
outer loop
vertex 0.000000 7.058824 0.000000
vertex 1.143128 7.058824 0.655756
vertex 0.704240 8.470588 1.138977
endloop
endfacet
facet normal -0.850546 0.000000 0.525901
outer loop
vertex 0.000000 7.058824 0.000000
vertex 0.704240 8.470588 1.138977
vertex 0.000000 8.470588 0.000000
endloop
endfacet
facet normal -0.799373 -0.345139 0.491815
outer loop
vertex 1.143128 7.058824 0.655756
vertex 1.833708 7.058824 1.778190
vertex 1.495545 8.470588 2.219283
endloop
endfacet
facet normal -0.734834 -0.412678 0.538252
outer loop
vertex 1.143128 7.058824 0.655756
vertex 1.495545 8.470588 2.219283
vertex 0.704240 8.470588 1.138977
endloop
endfacet
facet normal -0.751259 -0.264267 0.604792
outer loop
vertex 1.833708 7.058824 1.778190
vertex 2.660119 7.058824 2.804738
vertex 2.449091 8.470588 3.159482
endloop
endfacet
facet normal -0.653974 -0.363877 0.663258
outer loop
vertex 1.833708 7.058824 1.778190
vertex 2.449091 8.470588 3.159482
vertex 1.495545 8.470588 2.219283
endloop
endfacet
facet normal -0.561152 -0.241852 0.791591
outer loop
vertex 2.660119 7.058824 2.804738
vertex 3.735244 7.058824 3.566884
vertex 3.574917 8.470588 3.884561
endloop
endfacet
facet normal -0.519730 -0.280464 0.806982
outer loop
vertex 2.660119 7.058824 2.804738
vertex 3.574917 8.470588 3.884561
vertex 2.449091 8.470588 3.159482
endloop
endfacet
facet normal -0.437018 -0.221508 0.871751
outer loop
vertex 3.735244 7.058824 3.566884
vertex 4.913356 7.058824 4.157485
vertex 4.787370 8.470588 4.453049
endloop
endfacet
facet normal -0.411661 -0.244314 0.877978
outer loop
vertex 3.735244 7.058824 3.566884
vertex 4.787370 8.470588 4.453049
vertex 3.574917 8.470588 3.884561
endloop
endfacet
facet normal -0.339830 -0.206743 0.917482
outer loop
vertex 4.913356 7.058824 4.157485
vertex 6.149169 7.058824 4.615223
vertex 6.050785 8.470588 4.896905
endloop
endfacet
facet normal -0.323224 -0.221463 0.920044
outer loop
vertex 4.913356 7.058824 4.157485
vertex 6.050785 8.470588 4.896905
vertex 4.787370 8.470588 4.453049
endloop
endfacet
facet normal -0.258688 -0.196337 0.945797
outer loop
vertex 6.149169 7.058824 4.615223
vertex 7.420340 7.058824 4.962905
vertex 7.346324 8.470588 5.235728
endloop
endfacet
facet normal -0.247586 -0.206141 0.946682
outer loop
vertex 6.149169 7.058824 4.615223
vertex 7.346324 8.470588 5.235728
vertex 6.050785 8.470588 4.896905
endloop
endfacet
facet normal -0.187658 -0.189292 0.963822
outer loop
vertex 7.420340 7.058824 4.962905
vertex 8.713910 7.058824 5.214766
vertex 8.662589 8.470588 5.482041
endloop
endfacet
facet normal -0.180380 -0.195735 0.963925
outer loop
vertex 7.420340 7.058824 4.962905
vertex 8.662589 8.470588 5.482041
vertex 7.346324 8.470588 5.235728
endloop
endfacet
facet normal -0.123044 -0.184962 0.975012
outer loop
vertex 8.713910 7.058824 5.214766
vertex 10.021401 7.058824 5.379768
vertex 9.991889 8.470588 5.643858
endloop
endfacet
facet normal -0.118665 -0.188864 0.974807
outer loop
vertex 8.713910 7.058824 5.214766
vertex 9.991889 8.470588 5.643858
vertex 8.662589 8.470588 5.482041
endloop
endfacet
facet normal -0.062300 -0.182968 0.981143
outer loop
vertex 10.021401 7.058824 5.379768
vertex 11.336614 7.058824 5.463280
vertex 11.328478 8.470588 5.726035
endloop
endfacet
facet normal -0.060310 -0.184758 0.980932
outer loop
vertex 10.021401 7.058824 5.379768
vertex 11.328478 8.470588 5.726035
vertex 9.991889 8.470588 5.643858
endloop
endfacet
facet normal -0.000000 -0.182976 0.983117
outer loop
vertex 11.336614 7.058824 5.463280
vertex 12.654475 7.058824 5.463280
vertex 12.667591 8.470588 5.726035
endloop
endfacet
facet normal 0.000000 -0.182976 0.983117
outer loop
vertex 11.336614 7.058824 5.463280
vertex 12.667591 8.470588 5.726035
vertex 11.328478 8.470588 5.726035
endloop
endfacet
facet normal 0.062276 -0.184988 0.980766
outer loop
vertex 12.654475 7.058824 5.463280
vertex 13.969687 7.058824 5.379768
vertex 14.004181 8.470588 5.643858
endloop
endfacet
facet normal 0.060328 -0.183185 0.981226
outer loop
vertex 12.654475 7.058824 5.463280
vertex 14.004181 8.470588 5.643858
vertex 12.667591 8.470588 5.726035
endloop
endfacet
facet normal 0.122940 -0.189336 0.974186
outer loop
vertex 13.969687 7.058824 5.379768
vertex 15.277178 7.058824 5.214766
vertex 15.333481 8.470588 5.482041
endloop
endfacet
facet normal 0.118745 -0.185376 0.975467
outer loop
vertex 13.969687 7.058824 5.379768
vertex 15.333481 8.470588 5.482041
vertex 14.004181 8.470588 5.643858
endloop
endfacet
facet normal 0.187388 -0.196475 0.962436
outer loop
vertex 15.277178 7.058824 5.214766
vertex 16.570749 7.058824 4.962905
vertex 16.649746 8.470588 5.235728
endloop
endfacet
facet normal 0.180590 -0.189905 0.965051
outer loop
vertex 15.277178 7.058824 5.214766
vertex 16.649746 8.470588 5.235728
vertex 15.333481 8.470588 5.482041
endloop
endfacet
facet normal 0.258099 -0.207178 0.943643
outer loop
vertex 16.570749 7.058824 4.962905
vertex 17.841919 7.058824 4.615223
vertex 17.945285 8.470588 4.896905
endloop
endfacet
facet normal 0.248053 -0.197171 0.948469
outer loop
vertex 16.570749 7.058824 4.962905
vertex 17.945285 8.470588 4.896905
vertex 16.649746 8.470588 5.235728
endloop
endfacet
facet normal 0.338603 -0.222801 0.914170
outer loop
vertex 17.841919 7.058824 4.615223
vertex 19.077733 7.058824 4.157485
vertex 19.208700 8.470588 4.453049
endloop
endfacet
facet normal 0.324214 -0.207872 0.922862
outer loop
vertex 17.841919 7.058824 4.615223
vertex 19.208700 8.470588 4.453049
vertex 17.945285 8.470588 4.896905
endloop
endfacet
facet normal 0.434396 -0.245850 0.866520
outer loop
vertex 19.077733 7.058824 4.157485
vertex 20.255845 7.058824 3.566884
vertex 20.421153 8.470588 3.884561
endloop
endfacet
facet normal 0.413820 -0.223165 0.882582
outer loop
vertex 19.077733 7.058824 4.157485
vertex 20.421153 8.470588 3.884561
vertex 19.208700 8.470588 4.453049
endloop
endfacet
facet normal 0.554916 -0.281604 0.782795
outer loop
vertex 20.255845 7.058824 3.566884
vertex 21.330969 7.058824 2.804738
vertex 21.546979 8.470588 3.159482
endloop
endfacet
facet normal 0.524975 -0.244891 0.815125
outer loop
vertex 20.255845 7.058824 3.566884
vertex 21.546979 8.470588 3.159482
vertex 20.421153 8.470588 3.884561
endloop
endfacet
facet normal 0.726873 -0.359503 0.585161
outer loop
vertex 21.330969 7.058824 2.804738
vertex 22.157381 7.058824 1.778190
vertex 22.500525 8.470588 2.219283
endloop
endfacet
facet normal 0.674977 -0.275290 0.684559
outer loop
vertex 21.330969 7.058824 2.804738
vertex 22.500525 8.470588 2.219283
vertex 21.546979 8.470588 3.159482
endloop
endfacet
facet normal 0.777520 -0.408196 0.478371
outer loop
vertex 22.157381 7.058824 1.778190
vertex 22.847960 7.058824 0.655756
vertex 23.291829 8.470588 1.138977
endloop
endfacet
facet normal 0.753942 -0.355799 0.552249
outer loop
vertex 22.157381 7.058824 1.778190
vertex 23.291829 8.470588 1.138977
vertex 22.500525 8.470588 2.219283
endloop
endfacet
facet normal 0.497590 -0.001756 0.867411
outer loop
vertex 22.847960 7.058824 0.655756
vertex 23.991089 7.058824 0.000000
vertex 23.996070 8.470588 -0.000000
endloop
endfacet
facet normal 0.776378 -0.408409 0.480042
outer loop
vertex 22.847960 7.058824 0.655756
vertex 23.996070 8.470588 -0.000000
vertex 23.291829 8.470588 1.138977
endloop
endfacet
facet normal -0.846850 -0.093126 0.523615
outer loop
vertex 0.000000 8.470588 0.000000
vertex 0.704240 8.470588 1.138977
vertex 0.600980 9.882353 1.223058
endloop
endfacet
facet normal -0.897502 0.000000 0.441010
outer loop
vertex 0.000000 8.470588 0.000000
vertex 0.600980 9.882353 1.223058
vertex 0.000000 9.882353 0.000000
endloop
endfacet
facet normal -0.786679 -0.221579 0.576228
outer loop
vertex 0.704240 8.470588 1.138977
vertex 1.495545 8.470588 2.219283
vertex 1.247054 9.882353 2.422907
endloop
endfacet
facet normal -0.876717 -0.092241 0.472079
outer loop
vertex 0.704240 8.470588 1.138977
vertex 1.247054 9.882353 2.422907
vertex 0.600980 9.882353 1.223058
endloop
endfacet
facet normal -0.690418 -0.181698 0.700220
outer loop
vertex 1.495545 8.470588 2.219283
vertex 2.449091 8.470588 3.159482
vertex 2.257670 9.882353 3.337075
endloop
endfacet
facet normal -0.654465 -0.219551 0.723514
outer loop
vertex 1.495545 8.470588 2.219283
vertex 2.257670 9.882353 3.337075
vertex 1.247054 9.882353 2.422907
endloop
endfacet
facet normal -0.534243 -0.162751 0.829516
outer loop
vertex 2.449091 8.470588 3.159482
vertex 3.574917 8.470588 3.884561
vertex 3.414106 9.882353 4.057980
endloop
endfacet
facet normal -0.520784 -0.175703 0.835412
outer loop
vertex 2.449091 8.470588 3.159482
vertex 3.414106 9.882353 4.057980
vertex 2.257670 9.882353 3.337075
endloop
endfacet
facet normal -0.419804 -0.148735 0.895345
outer loop
vertex 3.574917 8.470588 3.884561
vertex 4.787370 8.470588 4.453049
vertex 4.653388 9.882353 4.624751
endloop
endfacet
facet normal -0.410742 -0.157110 0.898113
outer loop
vertex 3.574917 8.470588 3.884561
vertex 4.653388 9.882353 4.624751
vertex 3.414106 9.882353 4.057980
endloop
endfacet
facet normal -0.328287 -0.137921 0.934455
outer loop
vertex 4.787370 8.470588 4.453049
vertex 6.050785 8.470588 4.896905
vertex 5.942310 9.882353 5.067166
endloop
endfacet
facet normal -0.321253 -0.144318 0.935932
outer loop
vertex 4.787370 8.470588 4.453049
vertex 5.942310 9.882353 5.067166
vertex 4.653388 9.882353 4.624751
endloop
endfacet
facet normal -0.250860 -0.130410 0.959199
outer loop
vertex 6.050785 8.470588 4.896905
vertex 7.346324 8.470588 5.235728
vertex 7.262326 9.882353 5.405699
endloop
endfacet
facet normal -0.246159 -0.134671 0.959828
outer loop
vertex 6.050785 8.470588 4.896905
vertex 7.262326 9.882353 5.405699
vertex 5.942310 9.882353 5.067166
endloop
endfacet
facet normal -0.182487 -0.125335 0.975187
outer loop
vertex 7.346324 8.470588 5.235728
vertex 8.662589 8.470588 5.482041
vertex 8.602572 9.882353 5.652255
endloop
endfacet
facet normal -0.179436 -0.128110 0.975392
outer loop
vertex 7.346324 8.470588 5.235728
vertex 8.602572 9.882353 5.652255
vertex 7.262326 9.882353 5.405699
endloop
endfacet
facet normal -0.119934 -0.122178 0.985235
outer loop
vertex 8.662589 8.470588 5.482041
vertex 9.991889 8.470588 5.643858
vertex 9.955613 9.882353 5.814514
endloop
endfacet
facet normal -0.118152 -0.123813 0.985246
outer loop
vertex 8.662589 8.470588 5.482041
vertex 9.955613 9.882353 5.814514
vertex 8.602572 9.882353 5.652255
endloop
endfacet
facet normal -0.060918 -0.120644 0.990825
outer loop
vertex 9.991889 8.470588 5.643858
vertex 11.328478 8.470588 5.726035
vertex 11.315841 9.882353 5.897156
endloop
endfacet
facet normal -0.060197 -0.121314 0.990787
outer loop
vertex 9.991889 8.470588 5.643858
vertex 11.315841 9.882353 5.897156
vertex 9.955613 9.882353 5.814514
endloop
endfacet
facet normal 0.000000 -0.120330 0.992734
outer loop
vertex 11.328478 8.470588 5.726035
vertex 12.667591 8.470588 5.726035
vertex 12.678577 9.882353 5.897156
endloop
endfacet
facet normal 0.000000 -0.120330 0.992734
outer loop
vertex 11.328478 8.470588 5.726035
vertex 12.678577 9.882353 5.897156
vertex 11.315841 9.882353 5.897156
endloop
endfacet
facet normal 0.060914 -0.121257 0.990750
outer loop
vertex 12.667591 8.470588 5.726035
vertex 14.004181 8.470588 5.643858
vertex 14.038804 9.882353 5.814514
endloop
endfacet
facet normal 0.060202 -0.120573 0.990877
outer loop
vertex 12.667591 8.470588 5.726035
vertex 14.038804 9.882353 5.814514
vertex 12.678577 9.882353 5.897156
endloop
endfacet
facet normal 0.119911 -0.123723 0.985045
outer loop
vertex 14.004181 8.470588 5.643858
vertex 15.333481 8.470588 5.482041
vertex 15.391846 9.882353 5.652255
endloop
endfacet
facet normal 0.118178 -0.122022 0.985467
outer loop
vertex 14.004181 8.470588 5.643858
vertex 15.391846 9.882353 5.652255
vertex 14.038804 9.882353 5.814514
endloop
endfacet
facet normal 0.182424 -0.128009 0.974851
outer loop
vertex 15.333481 8.470588 5.482041
vertex 16.649746 8.470588 5.235728
vertex 16.732091 9.882353 5.405699
endloop
endfacet
facet normal 0.179507 -0.125069 0.975774
outer loop
vertex 15.333481 8.470588 5.482041
vertex 16.732091 9.882353 5.405699
vertex 15.391846 9.882353 5.652255
endloop
endfacet
facet normal 0.250718 -0.134587 0.958659
outer loop
vertex 16.649746 8.470588 5.235728
vertex 17.945285 8.470588 4.896905
vertex 18.052108 9.882353 5.067166
endloop
endfacet
facet normal 0.246314 -0.130000 0.960432
outer loop
vertex 16.649746 8.470588 5.235728
vertex 18.052108 9.882353 5.067166
vertex 16.732091 9.882353 5.405699
endloop
endfacet
facet normal 0.327986 -0.144290 0.933598
outer loop
vertex 17.945285 8.470588 4.896905
vertex 19.208700 8.470588 4.453049
vertex 19.341029 9.882353 4.624751
endloop
endfacet
facet normal 0.321576 -0.137321 0.936873
outer loop
vertex 17.945285 8.470588 4.896905
vertex 19.341029 9.882353 4.624751
vertex 18.052108 9.882353 5.067166
endloop
endfacet
facet normal 0.419254 -0.157104 0.894172
outer loop
vertex 19.208700 8.470588 4.453049
vertex 20.421153 8.470588 3.884561
vertex 20.580311 9.882353 4.057980
endloop
endfacet
facet normal 0.411330 -0.147942 0.899400
outer loop
vertex 19.208700 8.470588 4.453049
vertex 20.580311 9.882353 4.057980
vertex 19.341029 9.882353 4.624751
endloop
endfacet
facet normal 0.533033 -0.175762 0.827637
outer loop
vertex 20.421153 8.470588 3.884561
vertex 21.546979 8.470588 3.159482
vertex 21.736747 9.882353 3.337075
endloop
endfacet
facet normal 0.522049 -0.161724 0.837442
outer loop
vertex 20.421153 8.470588 3.884561
vertex 21.736747 9.882353 3.337075
vertex 20.580311 9.882353 4.057980
endloop
endfacet
facet normal 0.684913 -0.219943 0.694636
outer loop
vertex 21.546979 8.470588 3.159482
vertex 22.500525 8.470588 2.219283
vertex 22.747364 9.882353 2.422907
endloop
endfacet
facet normal 0.659820 -0.180452 0.729435
outer loop
vertex 21.546979 8.470588 3.159482
vertex 22.747364 9.882353 2.422907
vertex 21.736747 9.882353 3.337075
endloop
endfacet
facet normal 0.803247 -0.092853 0.588364
outer loop
vertex 22.500525 8.470588 2.219283
vertex 23.291829 8.470588 1.138977
vertex 23.393437 9.882353 1.223058
endloop
endfacet
facet normal 0.859485 -0.217027 0.462800
outer loop
vertex 22.500525 8.470588 2.219283
vertex 23.393437 9.882353 1.223058
vertex 22.747364 9.882353 2.422907
endloop
endfacet
facet normal 0.850546 0.000996 0.525900
outer loop
vertex 23.291829 8.470588 1.138977
vertex 23.996070 8.470588 -0.000000
vertex 23.994417 9.882353 -0.000000
endloop
endfacet
facet normal 0.893820 -0.090488 0.439201
outer loop
vertex 23.291829 8.470588 1.138977
vertex 23.994417 9.882353 -0.000000
vertex 23.393437 9.882353 1.223058
endloop
endfacet
facet normal -0.897051 -0.031715 0.440788
outer loop
vertex 0.000000 9.882353 0.000000
vertex 0.600980 9.882353 1.223058
vertex 0.565787 11.294118 1.253014
endloop
endfacet
facet normal -0.911395 0.000000 0.411532
outer loop
vertex 0.000000 9.882353 0.000000
vertex 0.565787 11.294118 1.253014
vertex 0.000000 11.294118 0.000000
endloop
endfacet
facet normal -0.876107 -0.099439 0.471750
outer loop
vertex 0.600980 9.882353 1.223058
vertex 1.247054 9.882353 2.422907
vertex 1.131573 11.294118 2.506027
endloop
endfacet
facet normal -0.910945 -0.031437 0.411329
outer loop
vertex 0.600980 9.882353 1.223058
vertex 1.131573 11.294118 2.506027
vertex 0.565787 11.294118 1.253014
endloop
endfacet
facet normal -0.668825 -0.077312 0.739389
outer loop
vertex 1.247054 9.882353 2.422907
vertex 2.257670 9.882353 3.337075
vertex 2.170804 11.294118 3.406115
endloop
endfacet
facet normal -0.651565 -0.097589 0.752289
outer loop
vertex 1.247054 9.882353 2.422907
vertex 2.170804 11.294118 3.406115
vertex 1.131573 11.294118 2.506027
endloop
endfacet
facet normal -0.527659 -0.071522 0.846440
outer loop
vertex 2.257670 9.882353 3.337075
vertex 3.414106 9.882353 4.057980
vertex 3.339251 11.294118 4.130607
endloop
endfacet
facet normal -0.525532 -0.073785 0.847568
outer loop
vertex 2.257670 9.882353 3.337075
vertex 3.339251 11.294118 4.130607
vertex 2.170804 11.294118 3.406115
endloop
endfacet
facet normal -0.414873 -0.070467 0.907147
outer loop
vertex 3.414106 9.882353 4.057980
vertex 4.653388 9.882353 4.624751
vertex 4.588468 11.294118 4.704727
endloop
endfacet
facet normal -0.416606 -0.068723 0.906486
outer loop
vertex 3.414106 9.882353 4.057980
vertex 4.588468 11.294118 4.704727
vertex 3.339251 11.294118 4.130607
endloop
endfacet
facet normal -0.323963 -0.065084 0.943828
outer loop
vertex 4.653388 9.882353 4.624751
vertex 5.942310 9.882353 5.067166
vertex 5.890328 11.294118 5.146675
endloop
endfacet
facet normal -0.320707 -0.068265 0.944715
outer loop
vertex 4.653388 9.882353 4.624751
vertex 5.890328 11.294118 5.146675
vertex 4.588468 11.294118 4.704727
endloop
endfacet
facet normal -0.247953 -0.061409 0.966824
outer loop
vertex 5.942310 9.882353 5.067166
vertex 7.262326 9.882353 5.405699
vertex 7.222820 11.294118 5.485237
endloop
endfacet
facet normal -0.245760 -0.063523 0.967247
outer loop
vertex 5.942310 9.882353 5.067166
vertex 7.222820 11.294118 5.485237
vertex 5.890328 11.294118 5.146675
endloop
endfacet
facet normal -0.180613 -0.058964 0.981785
outer loop
vertex 7.262326 9.882353 5.405699
vertex 8.602572 9.882353 5.652255
vertex 8.575318 11.294118 5.732030
endloop
endfacet
facet normal -0.179181 -0.060337 0.981964
outer loop
vertex 7.262326 9.882353 5.405699
vertex 8.575318 11.294118 5.732030
vertex 7.222820 11.294118 5.485237
endloop
endfacet
facet normal -0.118871 -0.057488 0.991244
outer loop
vertex 8.602572 9.882353 5.652255
vertex 9.955613 9.882353 5.814514
vertex 9.940505 11.294118 5.894579
endloop
endfacet
facet normal -0.118031 -0.058294 0.991297
outer loop
vertex 8.602572 9.882353 5.652255
vertex 9.940505 11.294118 5.894579
vertex 8.575318 11.294118 5.732030
endloop
endfacet
facet normal -0.060547 -0.056832 0.996546
outer loop
vertex 9.955613 9.882353 5.814514
vertex 11.315841 9.882353 5.897156
vertex 11.312833 11.294118 5.977485
endloop
endfacet
facet normal -0.060204 -0.057161 0.996548
outer loop
vertex 9.955613 9.882353 5.814514
vertex 11.312833 11.294118 5.977485
vertex 9.940505 11.294118 5.894579
endloop
endfacet
facet normal 0.000000 -0.056807 0.998385
outer loop
vertex 11.315841 9.882353 5.897156
vertex 12.678577 9.882353 5.897156
vertex 12.687663 11.294118 5.977485
endloop
endfacet
facet normal 0.000000 -0.056807 0.998385
outer loop
vertex 11.315841 9.882353 5.897156
vertex 12.687663 11.294118 5.977485
vertex 11.312833 11.294118 5.977485
endloop
endfacet
facet normal 0.060545 -0.057423 0.996512
outer loop
vertex 12.678577 9.882353 5.897156
vertex 14.038804 9.882353 5.814514
vertex 14.059991 11.294118 5.894579
endloop
endfacet
facet normal 0.060204 -0.057090 0.996552
outer loop
vertex 12.678577 9.882353 5.897156
vertex 14.059991 11.294118 5.894579
vertex 12.687663 11.294118 5.977485
endloop
endfacet
facet normal 0.118862 -0.058814 0.991167
outer loop
vertex 14.038804 9.882353 5.814514
vertex 15.391846 9.882353 5.652255
vertex 15.425178 11.294118 5.732030
endloop
endfacet
facet normal 0.118033 -0.057991 0.991315
outer loop
vertex 14.038804 9.882353 5.814514
vertex 15.425178 11.294118 5.732030
vertex 14.059991 11.294118 5.894579
endloop
endfacet
facet normal 0.180589 -0.061137 0.981657
outer loop
vertex 15.391846 9.882353 5.652255
vertex 16.732091 9.882353 5.405699
vertex 16.777676 11.294118 5.485237
endloop
endfacet
facet normal 0.179188 -0.059721 0.982001
outer loop
vertex 15.391846 9.882353 5.652255
vertex 16.777676 11.294118 5.485237
vertex 15.425178 11.294118 5.732030
endloop
endfacet
facet normal 0.247902 -0.064635 0.966626
outer loop
vertex 16.732091 9.882353 5.405699
vertex 18.052108 9.882353 5.067166
vertex 18.110167 11.294118 5.146675
endloop
endfacet
facet normal 0.245777 -0.062434 0.967314
outer loop
vertex 16.732091 9.882353 5.405699
vertex 18.110167 11.294118 5.146675
vertex 16.777676 11.294118 5.485237
endloop
endfacet
facet normal 0.323861 -0.069737 0.943531
outer loop
vertex 18.052108 9.882353 5.067166
vertex 19.341029 9.882353 4.624751
vertex 19.412027 11.294118 4.704727
endloop
endfacet
facet normal 0.320747 -0.066403 0.944834
outer loop
vertex 18.052108 9.882353 5.067166
vertex 19.412027 11.294118 4.704727
vertex 18.110167 11.294118 5.146675
endloop
endfacet
facet normal 0.414873 -0.070451 0.907148
outer loop
vertex 19.341029 9.882353 4.624751
vertex 20.580311 9.882353 4.057980
vertex 20.661244 11.294118 4.130607
endloop
endfacet
facet normal 0.416501 -0.072285 0.906257
outer loop
vertex 19.341029 9.882353 4.624751
vertex 20.661244 11.294118 4.130607
vertex 19.412027 11.294118 4.704727
endloop
endfacet
facet normal 0.527479 -0.076107 0.846152
outer loop
vertex 20.580311 9.882353 4.057980
vertex 21.736747 9.882353 3.337075
vertex 21.829692 11.294118 3.406115
endloop
endfacet
facet normal 0.525534 -0.073730 0.847572
outer loop
vertex 20.580311 9.882353 4.057980
vertex 21.829692 11.294118 3.406115
vertex 20.661244 11.294118 4.130607
endloop
endfacet
facet normal 0.667409 -0.100907 0.737824
outer loop
vertex 21.736747 9.882353 3.337075
vertex 22.747364 9.882353 2.422907
vertex 22.868922 11.294118 2.506027
endloop
endfacet
facet normal 0.652602 -0.079812 0.753486
outer loop
vertex 21.736747 9.882353 3.337075
vertex 22.868922 11.294118 2.506027
vertex 21.829692 11.294118 3.406115
endloop
endfacet
facet normal 0.879907 -0.035776 0.473797
outer loop
vertex 22.747364 9.882353 2.422907
vertex 23.393437 9.882353 1.223058
vertex 23.434709 11.294118 1.253014
endloop
endfacet
facet normal 0.906626 -0.102167 0.409379
outer loop
vertex 22.747364 9.882353 2.422907
vertex 23.434709 11.294118 1.253014
vertex 22.868922 11.294118 2.506027
endloop
endfacet
facet normal 0.897495 -0.003864 0.441007
outer loop
vertex 23.393437 9.882353 1.223058
vertex 23.994417 9.882353 -0.000000
vertex 24.000495 11.294118 -0.000000
endloop
endfacet
facet normal 0.910826 -0.035354 0.411275
outer loop
vertex 23.393437 9.882353 1.223058
vertex 24.000495 11.294118 -0.000000
vertex 23.434709 11.294118 1.253014
endloop
endfacet
facet normal -0.911395 0.000000 0.411532
outer loop
vertex 0.000000 11.294118 0.000000
vertex 0.565787 11.294118 1.253014
vertex 0.565787 12.705882 1.253014
endloop
endfacet
facet normal -0.911395 0.000000 0.411532
outer loop
vertex 0.000000 11.294118 0.000000
vertex 0.565787 12.705882 1.253014
vertex 0.000000 12.705882 0.000000
endloop
endfacet
facet normal -0.911395 0.000000 0.411532
outer loop
vertex 0.565787 11.294118 1.253014
vertex 1.131573 11.294118 2.506027
vertex 1.131573 12.705882 2.506027
endloop
endfacet
facet normal -0.911395 0.000000 0.411532
outer loop
vertex 0.565787 11.294118 1.253014
vertex 1.131573 12.705882 2.506027
vertex 0.565787 12.705882 1.253014
endloop
endfacet
facet normal -0.654690 0.000000 0.755897
outer loop
vertex 1.131573 11.294118 2.506027
vertex 2.170804 11.294118 3.406115
vertex 2.170804 12.705882 3.406115
endloop
endfacet
facet normal -0.654690 0.000000 0.755897
outer loop
vertex 1.131573 11.294118 2.506027
vertex 2.170804 12.705882 3.406115
vertex 1.131573 12.705882 2.506027
endloop
endfacet
facet normal -0.526969 0.000000 0.849885
outer loop
vertex 2.170804 11.294118 3.406115
vertex 3.339251 11.294118 4.130607
vertex 3.339251 12.705882 4.130607
endloop
endfacet
facet normal -0.526969 0.000000 0.849885
outer loop
vertex 2.170804 11.294118 3.406115
vertex 3.339251 12.705882 4.130607
vertex 2.170804 12.705882 3.406115
endloop
endfacet
facet normal -0.417593 0.000000 0.908634
outer loop
vertex 3.339251 11.294118 4.130607
vertex 4.588468 11.294118 4.704727
vertex 4.588468 12.705882 4.704727
endloop
endfacet
facet normal -0.417593 0.000000 0.908634
outer loop
vertex 3.339251 11.294118 4.130607
vertex 4.588468 12.705882 4.704727
vertex 3.339251 12.705882 4.130607
endloop
endfacet
facet normal -0.321457 0.000000 0.946924
outer loop
vertex 4.588468 11.294118 4.704727
vertex 5.890328 11.294118 5.146675
vertex 5.890328 12.705882 5.146675
endloop
endfacet
facet normal -0.321457 0.000000 0.946924
outer loop
vertex 4.588468 11.294118 4.704727
vertex 5.890328 12.705882 5.146675
vertex 4.588468 12.705882 4.704727
endloop
endfacet
facet normal -0.246257 0.000000 0.969205
outer loop
vertex 5.890328 11.294118 5.146675
vertex 7.222820 11.294118 5.485237
vertex 7.222820 12.705882 5.485237
endloop
endfacet
facet normal -0.246257 0.000000 0.969205
outer loop
vertex 5.890328 11.294118 5.146675
vertex 7.222820 12.705882 5.485237
vertex 5.890328 12.705882 5.146675
endloop
endfacet
facet normal -0.179508 0.000000 0.983757
outer loop
vertex 7.222820 11.294118 5.485237
vertex 8.575318 11.294118 5.732030
vertex 8.575318 12.705882 5.732030
endloop
endfacet
facet normal -0.179508 0.000000 0.983757
outer loop
vertex 7.222820 11.294118 5.485237
vertex 8.575318 12.705882 5.732030
vertex 7.222820 12.705882 5.485237
endloop
endfacet
facet normal -0.118232 0.000000 0.992986
outer loop
vertex 8.575318 11.294118 5.732030
vertex 9.940505 11.294118 5.894579
vertex 9.940505 12.705882 5.894579
endloop
endfacet
facet normal -0.118232 0.000000 0.992986
outer loop
vertex 8.575318 11.294118 5.732030
vertex 9.940505 12.705882 5.894579
vertex 8.575318 12.705882 5.732030
endloop
endfacet
facet normal -0.060303 0.000000 0.998180
outer loop
vertex 9.940505 11.294118 5.894579
vertex 11.312833 11.294118 5.977485
vertex 11.312833 12.705882 5.977485
endloop
endfacet
facet normal -0.060303 0.000000 0.998180
outer loop
vertex 9.940505 11.294118 5.894579
vertex 11.312833 12.705882 5.977485
vertex 9.940505 12.705882 5.894579
endloop
endfacet
facet normal 0.000000 0.000000 1.000000
outer loop
vertex 11.312833 11.294118 5.977485
vertex 12.687663 11.294118 5.977485
vertex 12.687663 12.705882 5.977485
endloop
endfacet
facet normal 0.000000 0.000000 1.000000
outer loop
vertex 11.312833 11.294118 5.977485
vertex 12.687663 12.705882 5.977485
vertex 11.312833 12.705882 5.977485
endloop
endfacet
facet normal 0.060303 0.000000 0.998180
outer loop
vertex 12.687663 11.294118 5.977485
vertex 14.059991 11.294118 5.894579
vertex 14.059991 12.705882 5.894579
endloop
endfacet
facet normal 0.060303 -0.000000 0.998180
outer loop
vertex 12.687663 11.294118 5.977485
vertex 14.059991 12.705882 5.894579
vertex 12.687663 12.705882 5.977485
endloop
endfacet
facet normal 0.118232 0.000000 0.992986
outer loop
vertex 14.059991 11.294118 5.894579
vertex 15.425178 11.294118 5.732030
vertex 15.425178 12.705882 5.732030
endloop
endfacet
facet normal 0.118232 -0.000000 0.992986
outer loop
vertex 14.059991 11.294118 5.894579
vertex 15.425178 12.705882 5.732030
vertex 14.059991 12.705882 5.894579
endloop
endfacet
facet normal 0.179508 0.000000 0.983757
outer loop
vertex 15.425178 11.294118 5.732030
vertex 16.777676 11.294118 5.485237
vertex 16.777676 12.705882 5.485237
endloop
endfacet
facet normal 0.179508 -0.000000 0.983757
outer loop
vertex 15.425178 11.294118 5.732030
vertex 16.777676 12.705882 5.485237
vertex 15.425178 12.705882 5.732030
endloop
endfacet
facet normal 0.246257 0.000000 0.969205
outer loop
vertex 16.777676 11.294118 5.485237
vertex 18.110167 11.294118 5.146675
vertex 18.110167 12.705882 5.146675
endloop
endfacet
facet normal 0.246257 -0.000000 0.969205
outer loop
vertex 16.777676 11.294118 5.485237
vertex 18.110167 12.705882 5.146675
vertex 16.777676 12.705882 5.485237
endloop
endfacet
facet normal 0.321457 0.000000 0.946924
outer loop
vertex 18.110167 11.294118 5.146675
vertex 19.412027 11.294118 4.704727
vertex 19.412027 12.705882 4.704727
endloop
endfacet
facet normal 0.321457 -0.000000 0.946924
outer loop
vertex 18.110167 11.294118 5.146675
vertex 19.412027 12.705882 4.704727
vertex 18.110167 12.705882 5.146675
endloop
endfacet
facet normal 0.417593 0.000000 0.908634
outer loop
vertex 19.412027 11.294118 4.704727
vertex 20.661244 11.294118 4.130607
vertex 20.661244 12.705882 4.130607
endloop
endfacet
facet normal 0.417593 -0.000000 0.908634
outer loop
vertex 19.412027 11.294118 4.704727
vertex 20.661244 12.705882 4.130607
vertex 19.412027 12.705882 4.704727
endloop
endfacet
facet normal 0.526969 0.000000 0.849885
outer loop
vertex 20.661244 11.294118 4.130607
vertex 21.829692 11.294118 3.406115
vertex 21.829692 12.705882 3.406115
endloop
endfacet
facet normal 0.526969 -0.000000 0.849885
outer loop
vertex 20.661244 11.294118 4.130607
vertex 21.829692 12.705882 3.406115
vertex 20.661244 12.705882 4.130607
endloop
endfacet
facet normal 0.654690 0.000000 0.755897
outer loop
vertex 21.829692 11.294118 3.406115
vertex 22.868922 11.294118 2.506027
vertex 22.868922 12.705882 2.506027
endloop
endfacet
facet normal 0.654690 -0.000000 0.755897
outer loop
vertex 21.829692 11.294118 3.406115
vertex 22.868922 12.705882 2.506027
vertex 21.829692 12.705882 3.406115
endloop
endfacet
facet normal 0.911395 0.000000 0.411532
outer loop
vertex 22.868922 11.294118 2.506027
vertex 23.434709 11.294118 1.253014
vertex 23.434709 12.705882 1.253014
endloop
endfacet
facet normal 0.911395 -0.000000 0.411532
outer loop
vertex 22.868922 11.294118 2.506027
vertex 23.434709 12.705882 1.253014
vertex 22.868922 12.705882 2.506027
endloop
endfacet
facet normal 0.911395 0.000000 0.411532
outer loop
vertex 23.434709 11.294118 1.253014
vertex 24.000495 11.294118 -0.000000
vertex 24.000495 12.705882 -0.000000
endloop
endfacet
facet normal 0.911395 -0.000000 0.411532
outer loop
vertex 23.434709 11.294118 1.253014
vertex 24.000495 12.705882 -0.000000
vertex 23.434709 12.705882 1.253014
endloop
endfacet
facet normal -0.910945 0.031437 0.411329
outer loop
vertex 0.000000 12.705882 0.000000
vertex 0.565787 12.705882 1.253014
vertex 0.600980 14.117647 1.223058
endloop
endfacet
facet normal -0.897502 0.000000 0.441010
outer loop
vertex 0.000000 12.705882 0.000000
vertex 0.600980 14.117647 1.223058
vertex 0.000000 14.117647 0.000000
endloop
endfacet
facet normal -0.906981 0.098302 0.409539
outer loop
vertex 0.565787 12.705882 1.253014
vertex 1.131573 12.705882 2.506027
vertex 1.247054 14.117647 2.422907
endloop
endfacet
facet normal -0.880020 0.031992 0.473857
outer loop
vertex 0.565787 12.705882 1.253014
vertex 1.247054 14.117647 2.422907
vertex 0.600980 14.117647 1.223058
endloop
endfacet
facet normal -0.652745 0.077020 0.753652
outer loop
vertex 1.131573 12.705882 2.506027
vertex 2.170804 12.705882 3.406115
vertex 2.257670 14.117647 3.337075
endloop
endfacet
facet normal -0.667599 0.098061 0.738035
outer loop
vertex 1.131573 12.705882 2.506027
vertex 2.257670 14.117647 3.337075
vertex 1.247054 14.117647 2.422907
endloop
endfacet
facet normal -0.525621 0.071479 0.847711
outer loop
vertex 2.170804 12.705882 3.406115
vertex 3.339251 12.705882 4.130607
vertex 3.414106 14.117647 4.057980
endloop
endfacet
facet normal -0.527569 0.073848 0.846296
outer loop
vertex 2.170804 12.705882 3.406115
vertex 3.414106 14.117647 4.057980
vertex 2.257670 14.117647 3.337075
endloop
endfacet
facet normal -0.416554 0.070501 0.906373
outer loop
vertex 3.339251 12.705882 4.130607
vertex 4.588468 12.705882 4.704727
vertex 4.653388 14.117647 4.624751
endloop
endfacet
facet normal -0.414925 0.068673 0.907260
outer loop
vertex 3.339251 12.705882 4.130607
vertex 4.653388 14.117647 4.624751
vertex 3.414106 14.117647 4.057980
endloop
endfacet
facet normal -0.320776 0.065028 0.944920
outer loop
vertex 4.588468 12.705882 4.704727
vertex 5.890328 12.705882 5.146675
vertex 5.942310 14.117647 5.067166
endloop
endfacet
facet normal -0.323892 0.068350 0.943622
outer loop
vertex 4.588468 12.705882 4.704727
vertex 5.942310 14.117647 5.067166
vertex 4.653388 14.117647 4.624751
endloop
endfacet
facet normal -0.245793 0.061380 0.967377
outer loop
vertex 5.890328 12.705882 5.146675
vertex 7.222820 12.705882 5.485237
vertex 7.262326 14.117647 5.405699
endloop
endfacet
facet normal -0.247919 0.063572 0.966693
outer loop
vertex 5.890328 12.705882 5.146675
vertex 7.262326 14.117647 5.405699
vertex 5.942310 14.117647 5.067166
endloop
endfacet
facet normal -0.179196 0.058952 0.982046
outer loop
vertex 7.222820 12.705882 5.485237
vertex 8.575318 12.705882 5.732030
vertex 8.602572 14.117647 5.652255
endloop
endfacet
facet normal -0.180597 0.060362 0.981703
outer loop
vertex 7.222820 12.705882 5.485237
vertex 8.602572 14.117647 5.652255
vertex 7.262326 14.117647 5.405699
endloop
endfacet
facet normal -0.118036 0.057485 0.991344
outer loop
vertex 8.575318 12.705882 5.732030
vertex 9.940505 12.705882 5.894579
vertex 9.955613 14.117647 5.814514
endloop
endfacet
facet normal -0.118866 0.058304 0.991197
outer loop
vertex 8.575318 12.705882 5.732030
vertex 9.955613 14.117647 5.814514
vertex 8.602572 14.117647 5.652255
endloop
endfacet
facet normal -0.060205 0.056832 0.996567
outer loop
vertex 9.940505 12.705882 5.894579
vertex 11.312833 12.705882 5.977485
vertex 11.315841 14.117647 5.897156
endloop
endfacet
facet normal -0.060545 0.057164 0.996527
outer loop
vertex 9.940505 12.705882 5.894579
vertex 11.315841 14.117647 5.897156
vertex 9.955613 14.117647 5.814514
endloop
endfacet
facet normal -0.000000 0.056807 0.998385
outer loop
vertex 11.312833 12.705882 5.977485
vertex 12.687663 12.705882 5.977485
vertex 12.678577 14.117647 5.897156
endloop
endfacet
facet normal 0.000000 0.056807 0.998385
outer loop
vertex 11.312833 12.705882 5.977485
vertex 12.678577 14.117647 5.897156
vertex 11.315841 14.117647 5.897156
endloop
endfacet
facet normal 0.060203 0.057420 0.996533
outer loop
vertex 12.687663 12.705882 5.977485
vertex 14.059991 12.705882 5.894579
vertex 14.038804 14.117647 5.814514
endloop
endfacet
facet normal 0.060546 0.057092 0.996531
outer loop
vertex 12.687663 12.705882 5.977485
vertex 14.038804 14.117647 5.814514
vertex 12.678577 14.117647 5.897156
endloop
endfacet
facet normal 0.118027 0.058800 0.991268
outer loop
vertex 14.059991 12.705882 5.894579
vertex 15.425178 12.705882 5.732030
vertex 15.391846 14.117647 5.652255
endloop
endfacet
facet normal 0.118868 0.057998 0.991215
outer loop
vertex 14.059991 12.705882 5.894579
vertex 15.391846 14.117647 5.652255
vertex 14.038804 14.117647 5.814514
endloop
endfacet
facet normal 0.179173 0.061106 0.981918
outer loop
vertex 15.425178 12.705882 5.732030
vertex 16.777676 12.705882 5.485237
vertex 16.732091 14.117647 5.405699
endloop
endfacet
facet normal 0.180604 0.059739 0.981740
outer loop
vertex 15.425178 12.705882 5.732030
vertex 16.732091 14.117647 5.405699
vertex 15.391846 14.117647 5.652255
endloop
endfacet
facet normal 0.245743 0.064577 0.967182
outer loop
vertex 16.777676 12.705882 5.485237
vertex 18.110167 12.705882 5.146675
vertex 18.052108 14.117647 5.067166
endloop
endfacet
facet normal 0.247937 0.062472 0.966760
outer loop
vertex 16.777676 12.705882 5.485237
vertex 18.052108 14.117647 5.067166
vertex 16.732091 14.117647 5.405699
endloop
endfacet
facet normal 0.320676 0.069639 0.944625
outer loop
vertex 18.110167 12.705882 5.146675
vertex 19.412027 12.705882 4.704727
vertex 19.341029 14.117647 4.624751
endloop
endfacet
facet normal 0.323934 0.066473 0.943742
outer loop
vertex 18.110167 12.705882 5.146675
vertex 19.341029 14.117647 4.624751
vertex 18.052108 14.117647 5.067166
endloop
endfacet
facet normal 0.416554 0.070508 0.906373
outer loop
vertex 19.412027 12.705882 4.704727
vertex 20.661244 12.705882 4.130607
vertex 20.580311 14.117647 4.057980
endloop
endfacet
facet normal 0.414820 0.072244 0.907031
outer loop
vertex 19.412027 12.705882 4.704727
vertex 20.580311 14.117647 4.057980
vertex 19.341029 14.117647 4.624751
endloop
endfacet
facet normal 0.525443 0.076035 0.847424
outer loop
vertex 20.661244 12.705882 4.130607
vertex 21.829692 12.705882 3.406115
vertex 21.736747 14.117647 3.337075
endloop
endfacet
facet normal 0.527571 0.073782 0.846301
outer loop
vertex 20.661244 12.705882 4.130607
vertex 21.736747 14.117647 3.337075
vertex 20.580311 14.117647 4.057980
endloop
endfacet
facet normal 0.651384 0.100366 0.752081
outer loop
vertex 21.829692 12.705882 3.406115
vertex 22.868922 12.705882 2.506027
vertex 22.747364 14.117647 2.422907
endloop
endfacet
facet normal 0.668673 0.080173 0.739222
outer loop
vertex 21.829692 12.705882 3.406115
vertex 22.747364 14.117647 2.422907
vertex 21.736747 14.117647 3.337075
endloop
endfacet
facet normal 0.910826 0.035354 0.411275
outer loop
vertex 22.868922 12.705882 2.506027
vertex 23.434709 12.705882 1.253014
vertex 23.393437 14.117647 1.223058
endloop
endfacet
facet normal 0.875772 0.103172 0.471570
outer loop
vertex 22.868922 12.705882 2.506027
vertex 23.393437 14.117647 1.223058
vertex 22.747364 14.117647 2.422907
endloop
endfacet
facet normal 0.911388 0.003924 0.411529
outer loop
vertex 23.434709 12.705882 1.253014
vertex 24.000495 12.705882 -0.000000
vertex 23.994417 14.117647 -0.000000
endloop
endfacet
facet normal 0.896934 0.035573 0.440731
outer loop
vertex 23.434709 12.705882 1.253014
vertex 23.994417 14.117647 -0.000000
vertex 23.393437 14.117647 1.223058
endloop
endfacet
facet normal -0.893735 0.091525 0.439159
outer loop
vertex 0.000000 14.117647 0.000000
vertex 0.600980 14.117647 1.223058
vertex 0.704240 15.529412 1.138977
endloop
endfacet
facet normal -0.850546 0.000000 0.525901
outer loop
vertex 0.000000 14.117647 0.000000
vertex 0.704240 15.529412 1.138977
vertex 0.000000 15.529412 0.000000
endloop
endfacet
facet normal -0.859297 0.217986 0.462699
outer loop
vertex 0.600980 14.117647 1.223058
vertex 1.247054 14.117647 2.422907
vertex 1.495545 15.529412 2.219283
endloop
endfacet
facet normal -0.803177 0.093785 0.588312
outer loop
vertex 0.600980 14.117647 1.223058
vertex 1.495545 15.529412 2.219283
vertex 0.704240 15.529412 1.138977
endloop
endfacet
facet normal -0.659728 0.181199 0.729333
outer loop
vertex 1.247054 14.117647 2.422907
vertex 2.257670 14.117647 3.337075
vertex 2.449091 15.529412 3.159482
endloop
endfacet
facet normal -0.684792 0.220706 0.694514
outer loop
vertex 1.247054 14.117647 2.422907
vertex 2.449091 15.529412 3.159482
vertex 1.495545 15.529412 2.219283
endloop
endfacet
facet normal -0.521998 0.162319 0.837359
outer loop
vertex 2.257670 14.117647 3.337075
vertex 3.414106 14.117647 4.057980
vertex 3.574917 15.529412 3.884561
endloop
endfacet
facet normal -0.532975 0.176367 0.827546
outer loop
vertex 2.257670 14.117647 3.337075
vertex 3.574917 15.529412 3.884561
vertex 2.449091 15.529412 3.159482
endloop
endfacet
facet normal -0.411301 0.148413 0.899336
outer loop
vertex 3.414106 14.117647 4.057980
vertex 4.653388 14.117647 4.624751
vertex 4.787370 15.529412 4.453049
endloop
endfacet
facet normal -0.419222 0.157583 0.894103
outer loop
vertex 3.414106 14.117647 4.057980
vertex 4.787370 15.529412 4.453049
vertex 3.574917 15.529412 3.884561
endloop
endfacet
facet normal -0.321559 0.137690 0.936825
outer loop
vertex 4.653388 14.117647 4.624751
vertex 5.942310 14.117647 5.067166
vertex 6.050785 15.529412 4.896905
endloop
endfacet
facet normal -0.327968 0.144665 0.933546
outer loop
vertex 4.653388 14.117647 4.624751
vertex 6.050785 15.529412 4.896905
vertex 4.787370 15.529412 4.453049
endloop
endfacet
facet normal -0.246305 0.130283 0.960396
outer loop
vertex 5.942310 14.117647 5.067166
vertex 7.262326 14.117647 5.405699
vertex 7.346324 15.529412 5.235728
endloop
endfacet
facet normal -0.250708 0.134875 0.958621
outer loop
vertex 5.942310 14.117647 5.067166
vertex 7.346324 15.529412 5.235728
vertex 6.050785 15.529412 4.896905
endloop
endfacet
facet normal -0.179502 0.125276 0.975748
outer loop
vertex 7.262326 14.117647 5.405699
vertex 8.602572 14.117647 5.652255
vertex 8.662589 15.529412 5.482041
endloop
endfacet
facet normal -0.182419 0.128219 0.974825
outer loop
vertex 7.262326 14.117647 5.405699
vertex 8.662589 15.529412 5.482041
vertex 7.346324 15.529412 5.235728
endloop
endfacet
facet normal -0.118176 0.122159 0.985450
outer loop
vertex 8.602572 14.117647 5.652255
vertex 9.955613 14.117647 5.814514
vertex 9.991889 15.529412 5.643858
endloop
endfacet
facet normal -0.119909 0.123861 0.985028
outer loop
vertex 8.602572 14.117647 5.652255
vertex 9.991889 15.529412 5.643858
vertex 8.662589 15.529412 5.482041
endloop
endfacet
facet normal -0.060202 0.120643 0.990869
outer loop
vertex 9.955613 14.117647 5.814514
vertex 11.315841 14.117647 5.897156
vertex 11.328478 15.529412 5.726035
endloop
endfacet
facet normal -0.060913 0.121327 0.990742
outer loop
vertex 9.955613 14.117647 5.814514
vertex 11.328478 15.529412 5.726035
vertex 9.991889 15.529412 5.643858
endloop
endfacet
facet normal 0.000000 0.120330 0.992734
outer loop
vertex 11.315841 14.117647 5.897156
vertex 12.678577 14.117647 5.897156
vertex 12.667591 15.529412 5.726035
endloop
endfacet
facet normal 0.000000 0.120330 0.992734
outer loop
vertex 11.315841 14.117647 5.897156
vertex 12.667591 15.529412 5.726035
vertex 11.328478 15.529412 5.726035
endloop
endfacet
facet normal 0.060197 0.121245 0.990796
outer loop
vertex 12.678577 14.117647 5.897156
vertex 14.038804 14.117647 5.814514
vertex 14.004181 15.529412 5.643858
endloop
endfacet
facet normal 0.060919 0.120574 0.990833
outer loop
vertex 12.678577 14.117647 5.897156
vertex 14.004181 15.529412 5.643858
vertex 12.667591 15.529412 5.726035
endloop
endfacet
facet normal 0.118154 0.123677 0.985263
outer loop
vertex 14.038804 14.117647 5.814514
vertex 15.391846 14.117647 5.652255
vertex 15.333481 15.529412 5.482041
endloop
endfacet
facet normal 0.119936 0.122040 0.985252
outer loop
vertex 14.038804 14.117647 5.814514
vertex 15.333481 15.529412 5.482041
vertex 14.004181 15.529412 5.643858
endloop
endfacet
facet normal 0.179441 0.127903 0.975419
outer loop
vertex 15.391846 14.117647 5.652255
vertex 16.732091 14.117647 5.405699
vertex 16.649746 15.529412 5.235728
endloop
endfacet
facet normal 0.182492 0.125125 0.975213
outer loop
vertex 15.391846 14.117647 5.652255
vertex 16.649746 15.529412 5.235728
vertex 15.333481 15.529412 5.482041
endloop
endfacet
facet normal 0.246168 0.134388 0.959865
outer loop
vertex 16.732091 14.117647 5.405699
vertex 18.052108 14.117647 5.067166
vertex 17.945285 15.529412 4.896905
endloop
endfacet
facet normal 0.250869 0.130121 0.959236
outer loop
vertex 16.732091 14.117647 5.405699
vertex 17.945285 15.529412 4.896905
vertex 16.649746 15.529412 5.235728
endloop
endfacet
facet normal 0.321270 0.143950 0.935983
outer loop
vertex 18.052108 14.117647 5.067166
vertex 19.341029 14.117647 4.624751
vertex 19.208700 15.529412 4.453049
endloop
endfacet
facet normal 0.328304 0.137544 0.934504
outer loop
vertex 18.052108 14.117647 5.067166
vertex 19.208700 15.529412 4.453049
vertex 17.945285 15.529412 4.896905
endloop
endfacet
facet normal 0.410773 0.156641 0.898181
outer loop
vertex 19.341029 14.117647 4.624751
vertex 20.580311 14.117647 4.057980
vertex 20.421153 15.529412 3.884561
endloop
endfacet
facet normal 0.419835 0.148254 0.895410
outer loop
vertex 19.341029 14.117647 4.624751
vertex 20.421153 15.529412 3.884561
vertex 19.208700 15.529412 4.453049
endloop
endfacet
facet normal 0.520839 0.175113 0.835501
outer loop
vertex 20.580311 14.117647 4.057980
vertex 21.736747 14.117647 3.337075
vertex 21.546979 15.529412 3.159482
endloop
endfacet
facet normal 0.534297 0.162142 0.829600
outer loop
vertex 20.580311 14.117647 4.057980
vertex 21.546979 15.529412 3.159482
vertex 20.421153 15.529412 3.884561
endloop
endfacet
facet normal 0.654575 0.218821 0.723636
outer loop
vertex 21.736747 14.117647 3.337075
vertex 22.747364 14.117647 2.422907
vertex 22.500525 15.529412 2.219283
endloop
endfacet
facet normal 0.690520 0.180916 0.700323
outer loop
vertex 21.736747 14.117647 3.337075
vertex 22.500525 15.529412 2.219283
vertex 21.546979 15.529412 3.159482
endloop
endfacet
facet normal 0.876800 0.091224 0.472123
outer loop
vertex 22.747364 14.117647 2.422907
vertex 23.393437 14.117647 1.223058
vertex 23.291829 15.529412 1.138977
endloop
endfacet
facet normal 0.786839 0.220703 0.576345
outer loop
vertex 22.747364 14.117647 2.422907
vertex 23.291829 15.529412 1.138977
vertex 22.500525 15.529412 2.219283
endloop
endfacet
facet normal 0.897502 -0.001051 0.441010
outer loop
vertex 23.393437 14.117647 1.223058
vertex 23.994417 14.117647 -0.000000
vertex 23.996070 15.529412 -0.000000
endloop
endfacet
facet normal 0.846928 0.092143 0.523663
outer loop
vertex 23.393437 14.117647 1.223058
vertex 23.996070 15.529412 -0.000000
vertex 23.291829 15.529412 1.138977
endloop
endfacet
facet normal -0.777245 0.406122 0.480578
outer loop
vertex 0.000000 15.529412 0.000000
vertex 0.704240 15.529412 1.138977
vertex 1.143128 16.941176 0.655756
endloop
endfacet
facet normal -0.497591 0.000000 0.867412
outer loop
vertex 0.000000 15.529412 0.000000
vertex 1.143128 16.941176 0.655756
vertex 0.000000 16.941176 0.000000
endloop
endfacet
facet normal -0.754654 0.353472 0.552770
outer loop
vertex 0.704240 15.529412 1.138977
vertex 1.495545 15.529412 2.219283
vertex 1.833708 16.941176 1.778190
endloop
endfacet
facet normal -0.778389 0.405906 0.478905
outer loop
vertex 0.704240 15.529412 1.138977
vertex 1.833708 16.941176 1.778190
vertex 1.143128 16.941176 0.655756
endloop
endfacet
facet normal -0.675418 0.273087 0.685007
outer loop
vertex 1.495545 15.529412 2.219283
vertex 2.449091 15.529412 3.159482
vertex 2.660119 16.941176 2.804738
endloop
endfacet
facet normal -0.727542 0.357266 0.585699
outer loop
vertex 1.495545 15.529412 2.219283
vertex 2.660119 16.941176 2.804738
vertex 1.833708 16.941176 1.778190
endloop
endfacet
facet normal -0.525212 0.243149 0.815494
outer loop
vertex 2.449091 15.529412 3.159482
vertex 3.574917 15.529412 3.884561
vertex 3.735244 16.941176 3.566884
endloop
endfacet
facet normal -0.555221 0.279800 0.783225
outer loop
vertex 2.449091 15.529412 3.159482
vertex 3.735244 16.941176 3.566884
vertex 2.660119 16.941176 2.804738
endloop
endfacet
facet normal -0.413954 0.221777 0.882868
outer loop
vertex 3.574917 15.529412 3.884561
vertex 4.787370 15.529412 4.453049
vertex 4.913356 16.941176 4.157485
endloop
endfacet
facet normal -0.434559 0.244409 0.866846
outer loop
vertex 3.574917 15.529412 3.884561
vertex 4.913356 16.941176 4.157485
vertex 3.735244 16.941176 3.566884
endloop
endfacet
facet normal -0.324291 0.206777 0.923081
outer loop
vertex 4.787370 15.529412 4.453049
vertex 6.050785 15.529412 4.896905
vertex 6.149169 16.941176 4.615223
endloop
endfacet
facet normal -0.338693 0.221665 0.914413
outer loop
vertex 4.787370 15.529412 4.453049
vertex 6.149169 16.941176 4.615223
vertex 4.913356 16.941176 4.157485
endloop
endfacet
facet normal -0.248096 0.196329 0.948632
outer loop
vertex 6.050785 15.529412 4.896905
vertex 7.346324 15.529412 5.235728
vertex 7.420340 16.941176 4.962905
endloop
endfacet
facet normal -0.258148 0.206306 0.943821
outer loop
vertex 6.050785 15.529412 4.896905
vertex 7.420340 16.941176 4.962905
vertex 6.149169 16.941176 4.615223
endloop
endfacet
facet normal -0.180612 0.189291 0.965167
outer loop
vertex 7.346324 15.529412 5.235728
vertex 8.662589 15.529412 5.482041
vertex 8.713910 16.941176 5.214766
endloop
endfacet
facet normal -0.187412 0.195840 0.962561
outer loop
vertex 7.346324 15.529412 5.235728
vertex 8.713910 16.941176 5.214766
vertex 7.420340 16.941176 4.962905
endloop
endfacet
facet normal -0.118754 0.184971 0.975542
outer loop
vertex 8.662589 15.529412 5.482041
vertex 9.991889 15.529412 5.643858
vertex 10.021401 16.941176 5.379768
endloop
endfacet
facet normal -0.122950 0.188917 0.974266
outer loop
vertex 8.662589 15.529412 5.482041
vertex 10.021401 16.941176 5.379768
vertex 8.713910 16.941176 5.214766
endloop
endfacet
facet normal -0.060331 0.182979 0.981264
outer loop
vertex 9.991889 15.529412 5.643858
vertex 11.328478 15.529412 5.726035
vertex 11.336614 16.941176 5.463280
endloop
endfacet
facet normal -0.062278 0.184775 0.980806
outer loop
vertex 9.991889 15.529412 5.643858
vertex 11.336614 16.941176 5.463280
vertex 10.021401 16.941176 5.379768
endloop
endfacet
facet normal 0.000000 0.182976 0.983117
outer loop
vertex 11.328478 15.529412 5.726035
vertex 12.667591 15.529412 5.726035
vertex 12.654475 16.941176 5.463280
endloop
endfacet
facet normal -0.000000 0.182976 0.983117
outer loop
vertex 11.328478 15.529412 5.726035
vertex 12.654475 16.941176 5.463280
vertex 11.336614 16.941176 5.463280
endloop
endfacet
facet normal 0.060308 0.184963 0.980893
outer loop
vertex 12.667591 15.529412 5.726035
vertex 14.004181 15.529412 5.643858
vertex 13.969687 16.941176 5.379768
endloop
endfacet
facet normal 0.062297 0.183180 0.981104
outer loop
vertex 12.667591 15.529412 5.726035
vertex 13.969687 16.941176 5.379768
vertex 12.654475 16.941176 5.463280
endloop
endfacet
facet normal 0.118655 0.189268 0.974730
outer loop
vertex 14.004181 15.529412 5.643858
vertex 15.333481 15.529412 5.482041
vertex 15.277178 16.941176 5.214766
endloop
endfacet
facet normal 0.123034 0.185381 0.974934
outer loop
vertex 14.004181 15.529412 5.643858
vertex 15.277178 16.941176 5.214766
vertex 13.969687 16.941176 5.379768
endloop
endfacet
facet normal 0.180357 0.196347 0.963805
outer loop
vertex 15.333481 15.529412 5.482041
vertex 16.649746 15.529412 5.235728
vertex 16.570749 16.941176 4.962905
endloop
endfacet
facet normal 0.187634 0.189931 0.963701
outer loop
vertex 15.333481 15.529412 5.482041
vertex 16.570749 16.941176 4.962905
vertex 15.277178 16.941176 5.214766
endloop
endfacet
facet normal 0.247541 0.206977 0.946511
outer loop
vertex 16.649746 15.529412 5.235728
vertex 17.945285 15.529412 4.896905
vertex 17.841919 16.941176 4.615223
endloop
endfacet
facet normal 0.258642 0.197214 0.945627
outer loop
vertex 16.649746 15.529412 5.235728
vertex 17.841919 16.941176 4.615223
vertex 16.570749 16.941176 4.962905
endloop
endfacet
facet normal 0.323142 0.222547 0.919811
outer loop
vertex 17.945285 15.529412 4.896905
vertex 19.208700 15.529412 4.453049
vertex 19.077733 16.941176 4.157485
endloop
endfacet
facet normal 0.339746 0.207890 0.917254
outer loop
vertex 17.945285 15.529412 4.896905
vertex 19.077733 16.941176 4.157485
vertex 17.841919 16.941176 4.615223
endloop
endfacet
facet normal 0.411515 0.245679 0.877666
outer loop
vertex 19.208700 15.529412 4.453049
vertex 20.421153 15.529412 3.884561
vertex 20.255845 16.941176 3.566884
endloop
endfacet
facet normal 0.436868 0.222973 0.871452
outer loop
vertex 19.208700 15.529412 4.453049
vertex 20.255845 16.941176 3.566884
vertex 19.077733 16.941176 4.157485
endloop
endfacet
facet normal 0.519462 0.282152 0.806566
outer loop
vertex 20.421153 15.529412 3.884561
vertex 21.546979 15.529412 3.159482
vertex 21.330969 16.941176 2.804738
endloop
endfacet
facet normal 0.560882 0.243715 0.791211
outer loop
vertex 20.421153 15.529412 3.884561
vertex 21.330969 16.941176 2.804738
vertex 20.255845 16.941176 3.566884
endloop
endfacet
facet normal 0.653424 0.365877 0.662700
outer loop
vertex 21.546979 15.529412 3.159482
vertex 22.500525 15.529412 2.219283
vertex 22.157381 16.941176 1.778190
endloop
endfacet
facet normal 0.750730 0.266730 0.604367
outer loop
vertex 21.546979 15.529412 3.159482
vertex 22.157381 16.941176 1.778190
vertex 21.330969 16.941176 2.804738
endloop
endfacet
facet normal 0.734047 0.414826 0.537675
outer loop
vertex 22.500525 15.529412 2.219283
vertex 23.291829 15.529412 1.138977
vertex 22.847960 16.941176 0.655756
endloop
endfacet
facet normal 0.798592 0.347620 0.491335
outer loop
vertex 22.500525 15.529412 2.219283
vertex 22.847960 16.941176 0.655756
vertex 22.157381 16.941176 1.778190
endloop
endfacet
facet normal 0.850542 0.003001 0.525898
outer loop
vertex 23.291829 15.529412 1.138977
vertex 23.996070 15.529412 -0.000000
vertex 23.991089 16.941176 0.000000
endloop
endfacet
facet normal 0.453195 0.412897 0.790019
outer loop
vertex 23.291829 15.529412 1.138977
vertex 23.991089 16.941176 0.000000
vertex 22.847960 16.941176 0.655756
endloop
endfacet
facet normal -0.466519 0.347838 0.813246
outer loop
vertex 0.000000 16.941176 0.000000
vertex 1.143128 16.941176 0.655756
vertex 1.294634 18.352941 0.138833
endloop
endfacet
facet normal -0.106626 0.000000 0.994299
outer loop
vertex 0.000000 16.941176 0.000000
vertex 1.294634 18.352941 0.138833
vertex 0.000000 18.352941 0.000000
endloop
endfacet
facet normal -0.799224 0.345615 0.491724
outer loop
vertex 1.143128 16.941176 0.655756
vertex 1.833708 16.941176 1.778190
vertex 2.076277 18.352941 1.180171
endloop
endfacet
facet normal -0.764839 0.292288 0.574099
outer loop
vertex 1.143128 16.941176 0.655756
vertex 2.076277 18.352941 1.180171
vertex 1.294634 18.352941 0.138833
endloop
endfacet
facet normal -0.714335 0.398777 0.575067
outer loop
vertex 1.833708 16.941176 1.778190
vertex 2.660119 16.941176 2.804738
vertex 2.931082 18.352941 2.162341
endloop
endfacet
facet normal -0.698501 0.377530 0.607921
outer loop
vertex 1.833708 16.941176 1.778190
vertex 2.931082 18.352941 2.162341
vertex 2.076277 18.352941 1.180171
endloop
endfacet
facet normal -0.539589 0.359802 0.761174
outer loop
vertex 2.660119 16.941176 2.804738
vertex 3.735244 16.941176 3.566884
vertex 3.908610 18.352941 3.022451
endloop
endfacet
facet normal -0.598206 0.424177 0.679870
outer loop
vertex 2.660119 16.941176 2.804738
vertex 3.908610 18.352941 3.022451
vertex 2.931082 18.352941 2.162341
endloop
endfacet
facet normal -0.423205 0.328981 0.844197
outer loop
vertex 3.735244 16.941176 3.566884
vertex 4.913356 16.941176 4.157485
vertex 5.038260 18.352941 3.669941
endloop
endfacet
facet normal -0.462407 0.367896 0.806742
outer loop
vertex 3.735244 16.941176 3.566884
vertex 5.038260 18.352941 3.669941
vertex 3.908610 18.352941 3.022451
endloop
endfacet
facet normal -0.330539 0.307194 0.892399
outer loop
vertex 4.913356 16.941176 4.157485
vertex 6.149169 16.941176 4.615223
vertex 6.242948 18.352941 4.163981
endloop
endfacet
facet normal -0.357783 0.332944 0.872433
outer loop
vertex 4.913356 16.941176 4.157485
vertex 6.242948 18.352941 4.163981
vertex 5.038260 18.352941 3.669941
endloop
endfacet
facet normal -0.252332 0.291913 0.922559
outer loop
vertex 6.149169 16.941176 4.615223
vertex 7.420340 16.941176 4.962905
vertex 7.490879 18.352941 4.535493
endloop
endfacet
facet normal -0.271332 0.309341 0.911420
outer loop
vertex 6.149169 16.941176 4.615223
vertex 7.490879 18.352941 4.535493
vertex 6.242948 18.352941 4.163981
endloop
endfacet
facet normal -0.183385 0.281493 0.941877
outer loop
vertex 7.420340 16.941176 4.962905
vertex 8.713910 16.941176 5.214766
vertex 8.765196 18.352941 4.802825
endloop
endfacet
facet normal -0.196299 0.293096 0.935714
outer loop
vertex 7.420340 16.941176 4.962905
vertex 8.765196 18.352941 4.802825
vertex 7.490879 18.352941 4.535493
endloop
endfacet
facet normal -0.120379 0.274935 0.953897
outer loop
vertex 8.713910 16.941176 5.214766
vertex 10.021401 16.941176 5.379768
vertex 10.055527 18.352941 4.977170
endloop
endfacet
facet normal -0.128462 0.282087 0.950749
outer loop
vertex 8.713910 16.941176 5.214766
vertex 10.055527 18.352941 4.977170
vertex 8.765196 18.352941 4.802825
endloop
endfacet
facet normal -0.060986 0.271672 0.960456
outer loop
vertex 10.021401 16.941176 5.379768
vertex 11.336614 16.941176 5.463280
vertex 11.354611 18.352941 5.065094
endloop
endfacet
facet normal -0.064921 0.275112 0.959218
outer loop
vertex 10.021401 16.941176 5.379768
vertex 11.354611 18.352941 5.065094
vertex 10.055527 18.352941 4.977170
endloop
endfacet
facet normal -0.000000 0.271458 0.962450
outer loop
vertex 11.336614 16.941176 5.463280
vertex 12.654475 16.941176 5.463280
vertex 12.656668 18.352941 5.065094
endloop
endfacet
facet normal 0.000000 0.271458 0.962450
outer loop
vertex 11.336614 16.941176 5.463280
vertex 12.656668 18.352941 5.065094
vertex 11.354611 18.352941 5.065094
endloop
endfacet
facet normal 0.060939 0.274286 0.959715
outer loop
vertex 12.654475 16.941176 5.463280
vertex 13.969687 16.941176 5.379768
vertex 13.955752 18.352941 4.977170
endloop
endfacet
facet normal 0.065004 0.270790 0.960441
outer loop
vertex 12.654475 16.941176 5.463280
vertex 13.955752 18.352941 4.977170
vertex 12.656668 18.352941 5.065094
endloop
endfacet
facet normal 0.120177 0.280519 0.952296
outer loop
vertex 13.969687 16.941176 5.379768
vertex 15.277178 16.941176 5.214766
vertex 15.246083 18.352941 4.802825
endloop
endfacet
facet normal 0.128809 0.273131 0.953314
outer loop
vertex 13.969687 16.941176 5.379768
vertex 15.246083 18.352941 4.802825
vertex 13.955752 18.352941 4.977170
endloop
endfacet
facet normal 0.182851 0.290845 0.939135
outer loop
vertex 15.277178 16.941176 5.214766
vertex 16.570749 16.941176 4.962905
vertex 16.520400 18.352941 4.535493
endloop
endfacet
facet normal 0.197186 0.278611 0.939944
outer loop
vertex 15.277178 16.941176 5.214766
vertex 16.520400 18.352941 4.535493
vertex 15.246083 18.352941 4.802825
endloop
endfacet
facet normal 0.251121 0.306552 0.918131
outer loop
vertex 16.570749 16.941176 4.962905
vertex 17.841919 16.941176 4.615223
vertex 17.768330 18.352941 4.163981
endloop
endfacet
facet normal 0.273268 0.287648 0.917923
outer loop
vertex 16.570749 16.941176 4.962905
vertex 17.768330 18.352941 4.163981
vertex 16.520400 18.352941 4.535493
endloop
endfacet
facet normal 0.327874 0.330019 0.885204
outer loop
vertex 17.841919 16.941176 4.615223
vertex 19.077733 16.941176 4.157485
vertex 18.973019 18.352941 3.669941
endloop
endfacet
facet normal 0.361848 0.300885 0.882346
outer loop
vertex 17.841919 16.941176 4.615223
vertex 18.973019 18.352941 3.669941
vertex 17.768330 18.352941 4.163981
endloop
endfacet
facet normal 0.417044 0.366066 0.831907
outer loop
vertex 19.077733 16.941176 4.157485
vertex 20.255845 16.941176 3.566884
vertex 20.102668 18.352941 3.022451
endloop
endfacet
facet normal 0.471314 0.318928 0.822282
outer loop
vertex 19.077733 16.941176 4.157485
vertex 20.102668 18.352941 3.022451
vertex 18.973019 18.352941 3.669941
endloop
endfacet
facet normal 0.522597 0.428280 0.737203
outer loop
vertex 20.255845 16.941176 3.566884
vertex 21.330969 16.941176 2.804738
vertex 21.080197 18.352941 2.162341
endloop
endfacet
facet normal 0.621293 0.339714 0.706109
outer loop
vertex 20.255845 16.941176 3.566884
vertex 21.080197 18.352941 2.162341
vertex 20.102668 18.352941 3.022451
endloop
endfacet
facet normal 0.726123 0.361994 0.584557
outer loop
vertex 21.330969 16.941176 2.804738
vertex 22.157381 16.941176 1.778190
vertex 21.935002 18.352941 1.180171
endloop
endfacet
facet normal 0.692287 0.397134 0.602514
outer loop
vertex 21.330969 16.941176 2.804738
vertex 21.935002 18.352941 1.180171
vertex 21.080197 18.352941 2.162341
endloop
endfacet
facet normal 0.822038 0.261648 0.505760
outer loop
vertex 22.157381 16.941176 1.778190
vertex 22.847960 16.941176 0.655756
vertex 22.716645 18.352941 0.138833
endloop
endfacet
facet normal 0.747540 0.355437 0.561114
outer loop
vertex 22.157381 16.941176 1.778190
vertex 22.716645 18.352941 0.138833
vertex 21.935002 18.352941 1.180171
endloop
endfacet
facet normal 0.497578 -0.007116 0.867390
outer loop
vertex 22.847960 16.941176 0.655756
vertex 23.991089 16.941176 0.000000
vertex 24.011279 18.352941 -0.000000
endloop
endfacet
facet normal 0.099870 0.350289 0.931302
outer loop
vertex 22.847960 16.941176 0.655756
vertex 24.011279 18.352941 -0.000000
vertex 22.716645 18.352941 0.138833
endloop
endfacet
facet normal -0.106129 0.096431 0.989666
outer loop
vertex 0.000000 18.352941 0.000000
vertex 1.294634 18.352941 0.138833
vertex 1.282756 19.764706 0.000000
endloop
endfacet
facet normal 0.000000 0.000000 1.000000
outer loop
vertex 0.000000 18.352941 0.000000
vertex 1.282756 19.764706 0.000000
vertex 0.000000 19.764706 0.000000
endloop
endfacet
facet normal -0.670380 0.545329 0.503197
outer loop
vertex 1.294634 18.352941 0.138833
vertex 2.076277 18.352941 1.180171
vertex 2.537822 19.764706 0.265091
endloop
endfacet
facet normal -0.205741 0.094059 0.974076
outer loop
vertex 1.294634 18.352941 0.138833
vertex 2.537822 19.764706 0.265091
vertex 1.282756 19.764706 0.000000
endloop
endfacet
facet normal -0.651062 0.505020 0.566634
outer loop
vertex 2.076277 18.352941 1.180171
vertex 2.931082 18.352941 2.162341
vertex 3.283411 19.764706 1.308912
endloop
endfacet
facet normal -0.684518 0.540712 0.488943
outer loop
vertex 2.076277 18.352941 1.180171
vertex 3.283411 19.764706 1.308912
vertex 2.537822 19.764706 0.265091
endloop
endfacet
facet normal -0.581390 0.474744 0.660759
outer loop
vertex 2.931082 18.352941 2.162341
vertex 3.908610 18.352941 3.022451
vertex 4.168828 19.764706 2.237083
endloop
endfacet
facet normal -0.621051 0.513133 0.592444
outer loop
vertex 2.931082 18.352941 2.162341
vertex 4.168828 19.764706 2.237083
vertex 3.283411 19.764706 1.308912
endloop
endfacet
facet normal -0.449955 0.425779 0.785018
outer loop
vertex 3.908610 18.352941 3.022451
vertex 5.038260 18.352941 3.669941
vertex 5.201627 19.764706 2.997865
endloop
endfacet
facet normal -0.518083 0.486753 0.703322
outer loop
vertex 3.908610 18.352941 3.022451
vertex 5.201627 19.764706 2.997865
vertex 4.168828 19.764706 2.237083
endloop
endfacet
facet normal -0.348968 0.392589 0.850938
outer loop
vertex 5.038260 18.352941 3.669941
vertex 6.242948 18.352941 4.163981
vertex 6.355278 19.764706 3.558714
endloop
endfacet
facet normal -0.394360 0.431803 0.811188
outer loop
vertex 5.038260 18.352941 3.669941
vertex 6.355278 19.764706 3.558714
vertex 5.201627 19.764706 2.997865
endloop
endfacet
facet normal -0.265080 0.369977 0.890421
outer loop
vertex 6.242948 18.352941 4.163981
vertex 7.490879 18.352941 4.535493
vertex 7.569529 19.764706 3.972308
endloop
endfacet
facet normal -0.296042 0.396181 0.869137
outer loop
vertex 6.242948 18.352941 4.163981
vertex 7.569529 19.764706 3.972308
vertex 6.355278 19.764706 3.558714
endloop
endfacet
facet normal -0.191947 0.354945 0.914970
outer loop
vertex 7.490879 18.352941 4.535493
vertex 8.765196 18.352941 4.802825
vertex 8.818149 19.764706 4.266267
endloop
endfacet
facet normal -0.212693 0.372249 0.903434
outer loop
vertex 7.490879 18.352941 4.535493
vertex 8.818149 19.764706 4.266267
vertex 7.569529 19.764706 3.972308
endloop
endfacet
facet normal -0.125641 0.345762 0.929873
outer loop
vertex 8.765196 18.352941 4.802825
vertex 10.055527 18.352941 4.977170
vertex 10.086731 19.764706 4.456439
endloop
endfacet
facet normal -0.138519 0.356379 0.924016
outer loop
vertex 8.765196 18.352941 4.802825
vertex 10.086731 19.764706 4.456439
vertex 8.818149 19.764706 4.266267
endloop
endfacet
facet normal -0.063468 0.341475 0.937746
outer loop
vertex 10.055527 18.352941 4.977170
vertex 11.354611 18.352941 5.065094
vertex 11.365939 19.764706 4.551774
endloop
endfacet
facet normal -0.069714 0.346575 0.935428
outer loop
vertex 10.055527 18.352941 4.977170
vertex 11.365939 19.764706 4.551774
vertex 10.086731 19.764706 4.456439
endloop
endfacet
facet normal -0.000000 0.341714 0.939804
outer loop
vertex 11.354611 18.352941 5.065094
vertex 12.656668 18.352941 5.065094
vertex 12.648696 19.764706 4.551774
endloop
endfacet
facet normal -0.000000 0.341714 0.939804
outer loop
vertex 11.354611 18.352941 5.065094
vertex 12.648696 19.764706 4.551774
vertex 11.365939 19.764706 4.551774
endloop
endfacet
facet normal 0.063344 0.346465 0.935922
outer loop
vertex 12.656668 18.352941 5.065094
vertex 13.955752 18.352941 4.977170
vertex 13.927905 19.764706 4.456439
endloop
endfacet
facet normal 0.069860 0.341228 0.937381
outer loop
vertex 12.656668 18.352941 5.065094
vertex 13.927905 19.764706 4.456439
vertex 12.648696 19.764706 4.551774
endloop
endfacet
facet normal 0.125112 0.356315 0.925952
outer loop
vertex 13.955752 18.352941 4.977170
vertex 15.246083 18.352941 4.802825
vertex 15.196486 19.764706 4.266267
endloop
endfacet
facet normal 0.139145 0.345109 0.928191
outer loop
vertex 13.955752 18.352941 4.977170
vertex 15.196486 19.764706 4.266267
vertex 13.927905 19.764706 4.456439
endloop
endfacet
facet normal 0.190540 0.372490 0.908265
outer loop
vertex 15.246083 18.352941 4.802825
vertex 16.520400 18.352941 4.535493
vertex 16.445106 19.764706 3.972308
endloop
endfacet
facet normal 0.214359 0.353582 0.910511
outer loop
vertex 15.246083 18.352941 4.802825
vertex 16.445106 19.764706 3.972308
vertex 15.196486 19.764706 4.266267
endloop
endfacet
facet normal 0.261842 0.397298 0.879542
outer loop
vertex 16.520400 18.352941 4.535493
vertex 17.768330 18.352941 4.163981
vertex 17.659357 19.764706 3.558714
endloop
endfacet
facet normal 0.299898 0.367229 0.880457
outer loop
vertex 16.520400 18.352941 4.535493
vertex 17.659357 19.764706 3.558714
vertex 16.445106 19.764706 3.972308
endloop
endfacet
facet normal 0.341603 0.435261 0.832980
outer loop
vertex 17.768330 18.352941 4.163981
vertex 18.973019 18.352941 3.669941
vertex 18.813009 19.764706 2.997865
endloop
endfacet
facet normal 0.403207 0.386707 0.829386
outer loop
vertex 17.768330 18.352941 4.163981
vertex 18.813009 19.764706 2.997865
vertex 17.659357 19.764706 3.558714
endloop
endfacet
facet normal 0.431448 0.497244 0.752729
outer loop
vertex 18.973019 18.352941 3.669941
vertex 20.102668 18.352941 3.022451
vertex 19.845807 19.764706 2.237083
endloop
endfacet
facet normal 0.540743 0.410752 0.734084
outer loop
vertex 18.973019 18.352941 3.669941
vertex 19.845807 19.764706 2.237083
vertex 18.813009 19.764706 2.997865
endloop
endfacet
facet normal 0.562149 0.525174 0.638891
outer loop
vertex 20.102668 18.352941 3.022451
vertex 21.080197 18.352941 2.162341
vertex 20.731225 19.764706 1.308912
endloop
endfacet
facet normal 0.643113 0.458296 0.613490
outer loop
vertex 20.102668 18.352941 3.022451
vertex 20.731225 19.764706 1.308912
vertex 19.845807 19.764706 2.237083
endloop
endfacet
facet normal 0.626567 0.556816 0.545316
outer loop
vertex 21.080197 18.352941 2.162341
vertex 21.935002 18.352941 1.180171
vertex 21.476813 19.764706 0.265091
endloop
endfacet
facet normal 0.712249 0.483606 0.508750
outer loop
vertex 21.080197 18.352941 2.162341
vertex 21.476813 19.764706 0.265091
vertex 20.731225 19.764706 1.308912
endloop
endfacet
facet normal 0.798750 0.050341 0.599553
outer loop
vertex 21.935002 18.352941 1.180171
vertex 22.716645 18.352941 0.138833
vertex 22.731879 19.764706 0.000000
endloop
endfacet
facet normal 0.169200 0.574155 0.801073
outer loop
vertex 21.935002 18.352941 1.180171
vertex 22.731879 19.764706 0.000000
vertex 21.476813 19.764706 0.265091
endloop
endfacet
facet normal 0.106626 -0.000254 0.994299
outer loop
vertex 22.716645 18.352941 0.138833
vertex 24.011279 18.352941 -0.000000
vertex 24.014635 19.764706 0.000000
endloop
endfacet
facet normal 0.000000 0.097868 0.995199
outer loop
vertex 22.716645 18.352941 0.138833
vertex 24.014635 19.764706 0.000000
vertex 22.731879 19.764706 0.000000
endloop
endfacet
facet normal 0.000000 0.000000 1.000000
outer loop
vertex 0.000000 19.764706 0.000000
vertex 1.282756 19.764706 0.000000
vertex 1.250313 21.176471 0.000000
endloop
endfacet
facet normal 0.000000 0.000000 1.000000
outer loop
vertex 0.000000 19.764706 0.000000
vertex 1.250313 21.176471 0.000000
vertex 0.000000 21.176471 0.000000
endloop
endfacet
facet normal -0.203450 0.175507 0.963227
outer loop
vertex 1.282756 19.764706 0.000000
vertex 2.537822 19.764706 0.265091
vertex 2.500627 21.176471 0.000000
endloop
endfacet
facet normal 0.000000 -0.000000 1.000000
outer loop
vertex 1.282756 19.764706 0.000000
vertex 2.500627 21.176471 0.000000
vertex 1.250313 21.176471 0.000000
endloop
endfacet
facet normal -0.669505 0.568393 0.478219
outer loop
vertex 2.537822 19.764706 0.265091
vertex 3.283411 19.764706 1.308912
vertex 3.725670 21.176471 0.250103
endloop
endfacet
facet normal -0.196913 0.175921 0.964509
outer loop
vertex 2.537822 19.764706 0.265091
vertex 3.725670 21.176471 0.250103
vertex 2.500627 21.176471 0.000000
endloop
endfacet
facet normal -0.567306 0.620721 0.541175
outer loop
vertex 3.283411 19.764706 1.308912
vertex 4.168828 19.764706 2.237083
vertex 4.635832 21.176471 1.107359
endloop
endfacet
facet normal -0.545681 0.605456 0.579358
outer loop
vertex 3.283411 19.764706 1.308912
vertex 4.635832 21.176471 1.107359
vertex 3.725670 21.176471 0.250103
endloop
endfacet
facet normal -0.487176 0.570312 0.661365
outer loop
vertex 4.168828 19.764706 2.237083
vertex 5.201627 19.764706 2.997865
vertex 5.506301 21.176471 2.004893
endloop
endfacet
facet normal -0.562029 0.622101 0.545081
outer loop
vertex 4.168828 19.764706 2.237083
vertex 5.506301 21.176471 2.004893
vertex 4.635832 21.176471 1.107359
endloop
endfacet
facet normal -0.373624 0.519385 0.768534
outer loop
vertex 5.201627 19.764706 2.997865
vertex 6.355278 19.764706 3.558714
vertex 6.547023 21.176471 2.697844
endloop
endfacet
facet normal -0.452957 0.576234 0.680283
outer loop
vertex 5.201627 19.764706 2.997865
vertex 6.547023 21.176471 2.697844
vertex 5.506301 21.176471 2.004893
endloop
endfacet
facet normal -0.281778 0.486050 0.827259
outer loop
vertex 6.355278 19.764706 3.558714
vertex 7.569529 19.764706 3.972308
vertex 7.697871 21.176471 3.186551
endloop
endfacet
facet normal -0.333038 0.523464 0.784265
outer loop
vertex 6.355278 19.764706 3.558714
vertex 7.697871 21.176471 3.186551
vertex 6.547023 21.176471 2.697844
endloop
endfacet
facet normal -0.202947 0.464437 0.862039
outer loop
vertex 7.569529 19.764706 3.972308
vertex 8.818149 19.764706 4.266267
vertex 8.901431 21.176471 3.525262
endloop
endfacet
facet normal -0.236324 0.488864 0.839740
outer loop
vertex 7.569529 19.764706 3.972308
vertex 8.901431 21.176471 3.525262
vertex 7.697871 21.176471 3.186551
endloop
endfacet
facet normal -0.132278 0.451550 0.882386
outer loop
vertex 8.818149 19.764706 4.266267
vertex 10.086731 19.764706 4.456439
vertex 10.133005 21.176471 3.740924
endloop
endfacet
facet normal -0.152581 0.466349 0.871342
outer loop
vertex 8.818149 19.764706 4.266267
vertex 10.133005 21.176471 3.740924
vertex 8.901431 21.176471 3.525262
endloop
endfacet
facet normal -0.066527 0.445786 0.892664
outer loop
vertex 10.086731 19.764706 4.456439
vertex 11.365939 19.764706 4.551774
vertex 11.378749 21.176471 3.847709
endloop
endfacet
facet normal -0.076152 0.452748 0.888381
outer loop
vertex 10.086731 19.764706 4.456439
vertex 11.378749 21.176471 3.847709
vertex 10.133005 21.176471 3.740924
endloop
endfacet
facet normal -0.000000 0.446292 0.894888
outer loop
vertex 11.365939 19.764706 4.551774
vertex 12.648696 19.764706 4.551774
vertex 12.629063 21.176471 3.847709
endloop
endfacet
facet normal 0.000000 0.446292 0.894888
outer loop
vertex 11.365939 19.764706 4.551774
vertex 12.629063 21.176471 3.847709
vertex 11.378749 21.176471 3.847709
endloop
endfacet
facet normal 0.066255 0.453064 0.889012
outer loop
vertex 12.648696 19.764706 4.551774
vertex 13.927905 19.764706 4.456439
vertex 13.874808 21.176471 3.740924
endloop
endfacet
facet normal 0.076449 0.445837 0.891844
outer loop
vertex 12.648696 19.764706 4.551774
vertex 13.874808 21.176471 3.740924
vertex 12.629063 21.176471 3.847709
endloop
endfacet
facet normal 0.131071 0.467286 0.874337
outer loop
vertex 13.927905 19.764706 4.456439
vertex 15.196486 19.764706 4.266267
vertex 15.106381 21.176471 3.525262
endloop
endfacet
facet normal 0.153923 0.451288 0.879003
outer loop
vertex 13.927905 19.764706 4.456439
vertex 15.106381 21.176471 3.525262
vertex 13.874808 21.176471 3.740924
endloop
endfacet
facet normal 0.199629 0.491060 0.847944
outer loop
vertex 15.196486 19.764706 4.266267
vertex 16.445106 19.764706 3.972308
vertex 16.309942 21.176471 3.186551
endloop
endfacet
facet normal 0.240098 0.463125 0.853152
outer loop
vertex 15.196486 19.764706 4.266267
vertex 16.309942 21.176471 3.186551
vertex 15.106381 21.176471 3.525262
endloop
endfacet
facet normal 0.273715 0.528513 0.803588
outer loop
vertex 16.445106 19.764706 3.972308
vertex 17.659357 19.764706 3.558714
vertex 17.460789 21.176471 2.697844
endloop
endfacet
facet normal 0.342524 0.481732 0.806605
outer loop
vertex 16.445106 19.764706 3.972308
vertex 17.460789 21.176471 2.697844
vertex 16.309942 21.176471 3.186551
endloop
endfacet
facet normal 0.353301 0.589103 0.726730
outer loop
vertex 17.659357 19.764706 3.558714
vertex 18.813009 19.764706 2.997865
vertex 18.501511 21.176471 2.004893
endloop
endfacet
facet normal 0.478270 0.505277 0.718299
outer loop
vertex 17.659357 19.764706 3.558714
vertex 18.501511 21.176471 2.004893
vertex 17.460789 21.176471 2.697844
endloop
endfacet
facet normal 0.453380 0.644690 0.615485
outer loop
vertex 18.813009 19.764706 2.997865
vertex 19.845807 19.764706 2.237083
vertex 19.371980 21.176471 1.107359
endloop
endfacet
facet normal 0.602407 0.543846 0.584241
outer loop
vertex 18.813009 19.764706 2.997865
vertex 19.371980 21.176471 1.107359
vertex 18.501511 21.176471 2.004893
endloop
endfacet
facet normal 0.579458 0.598896 0.552767
outer loop
vertex 19.845807 19.764706 2.237083
vertex 20.731225 19.764706 1.308912
vertex 20.282142 21.176471 0.250103
endloop
endfacet
facet normal 0.532094 0.630656 0.564932
outer loop
vertex 19.845807 19.764706 2.237083
vertex 20.282142 21.176471 0.250103
vertex 19.371980 21.176471 1.107359
endloop
endfacet
facet normal 0.810338 0.091252 0.578814
outer loop
vertex 20.731225 19.764706 1.308912
vertex 21.476813 19.764706 0.265091
vertex 21.507185 21.176471 -0.000000
endloop
endfacet
facet normal 0.156316 0.623962 0.765661
outer loop
vertex 20.731225 19.764706 1.308912
vertex 21.507185 21.176471 -0.000000
vertex 20.282142 21.176471 0.250103
endloop
endfacet
facet normal 0.206656 -0.003750 0.978406
outer loop
vertex 21.476813 19.764706 0.265091
vertex 22.731879 19.764706 0.000000
vertex 22.757499 21.176471 -0.000000
endloop
endfacet
facet normal 0.000000 0.184548 0.982824
outer loop
vertex 21.476813 19.764706 0.265091
vertex 22.757499 21.176471 -0.000000
vertex 21.507185 21.176471 -0.000000
endloop
endfacet
facet normal -0.000000 0.000000 1.000000
outer loop
vertex 22.731879 19.764706 0.000000
vertex 24.014635 19.764706 0.000000
vertex 24.007812 21.176471 -0.000000
endloop
endfacet
facet normal 0.000000 0.000000 1.000000
outer loop
vertex 22.731879 19.764706 0.000000
vertex 24.007812 21.176471 -0.000000
vertex 22.757499 21.176471 -0.000000
endloop
endfacet
facet normal 0.000000 0.000000 1.000000
outer loop
vertex 0.000000 21.176471 0.000000
vertex 1.250313 21.176471 0.000000
vertex 1.217276 22.588235 0.000000
endloop
endfacet
facet normal 0.000000 0.000000 1.000000
outer loop
vertex 0.000000 21.176471 0.000000
vertex 1.217276 22.588235 0.000000
vertex 0.000000 22.588235 0.000000
endloop
endfacet
facet normal 0.000000 0.000000 1.000000
outer loop
vertex 1.250313 21.176471 0.000000
vertex 2.500627 21.176471 0.000000
vertex 2.434552 22.588235 0.000000
endloop
endfacet
facet normal 0.000000 -0.000000 1.000000
outer loop
vertex 1.250313 21.176471 0.000000
vertex 2.434552 22.588235 0.000000
vertex 1.217276 22.588235 0.000000
endloop
endfacet
facet normal -0.197423 0.160986 0.967010
outer loop
vertex 2.500627 21.176471 0.000000
vertex 3.725670 21.176471 0.250103
vertex 3.651827 22.588235 0.000000
endloop
endfacet
facet normal 0.000000 -0.000000 1.000000
outer loop
vertex 2.500627 21.176471 0.000000
vertex 3.651827 22.588235 0.000000
vertex 2.434552 22.588235 0.000000
endloop
endfacet
facet normal -0.565841 0.564721 0.600762
outer loop
vertex 3.725670 21.176471 0.250103
vertex 4.635832 21.176471 1.107359
vertex 4.869103 22.588235 0.000000
endloop
endfacet
facet normal 0.000000 0.174440 0.984668
outer loop
vertex 3.725670 21.176471 0.250103
vertex 4.869103 22.588235 0.000000
vertex 3.651827 22.588235 0.000000
endloop
endfacet
facet normal -0.481510 0.741666 0.466990
outer loop
vertex 4.635832 21.176471 1.107359
vertex 5.506301 21.176471 2.004893
vertex 6.044260 22.588235 0.317439
endloop
endfacet
facet normal -0.203601 0.624851 0.753729
outer loop
vertex 4.635832 21.176471 1.107359
vertex 6.044260 22.588235 0.317439
vertex 4.869103 22.588235 0.000000
endloop
endfacet
facet normal -0.386233 0.717176 0.580072
outer loop
vertex 5.506301 21.176471 2.004893
vertex 6.547023 21.176471 2.697844
vertex 6.897417 22.588235 1.185703
endloop
endfacet
facet normal -0.477535 0.742824 0.469226
outer loop
vertex 5.506301 21.176471 2.004893
vertex 6.897417 22.588235 1.185703
vertex 6.044260 22.588235 0.317439
endloop
endfacet
facet normal -0.291869 0.665138 0.687316
outer loop
vertex 6.547023 21.176471 2.697844
vertex 7.697871 21.176471 3.186551
vertex 7.883643 22.588235 1.899228
endloop
endfacet
facet normal -0.411739 0.711755 0.569101
outer loop
vertex 6.547023 21.176471 2.697844
vertex 7.883643 22.588235 1.899228
vertex 6.897417 22.588235 1.185703
endloop
endfacet
facet normal -0.211491 0.624913 0.751502
outer loop
vertex 7.697871 21.176471 3.186551
vertex 8.901431 21.176471 3.525262
vertex 9.002109 22.588235 2.379639
endloop
endfacet
facet normal -0.294844 0.664731 0.686440
outer loop
vertex 7.697871 21.176471 3.186551
vertex 9.002109 22.588235 2.379639
vertex 7.883643 22.588235 1.899228
endloop
endfacet
facet normal -0.137745 0.601876 0.786620
outer loop
vertex 8.901431 21.176471 3.525262
vertex 10.133005 21.176471 3.740924
vertex 10.184319 22.588235 2.669709
endloop
endfacet
facet normal -0.185614 0.627115 0.756488
outer loop
vertex 8.901431 21.176471 3.525262
vertex 10.184319 22.588235 2.669709
vertex 9.002109 22.588235 2.379639
endloop
endfacet
facet normal -0.068854 0.591666 0.803238
outer loop
vertex 10.133005 21.176471 3.740924
vertex 11.378749 21.176471 3.847709
vertex 11.393590 22.588235 2.809075
endloop
endfacet
facet normal -0.091243 0.604047 0.791708
outer loop
vertex 10.133005 21.176471 3.740924
vertex 11.393590 22.588235 2.809075
vertex 10.184319 22.588235 2.669709
endloop
endfacet
facet normal 0.000000 0.592602 0.805495
outer loop
vertex 11.378749 21.176471 3.847709
vertex 12.629063 21.176471 3.847709
vertex 12.610866 22.588235 2.809075
endloop
endfacet
facet normal 0.000000 0.592602 0.805495
outer loop
vertex 11.378749 21.176471 3.847709
vertex 12.610866 22.588235 2.809075
vertex 11.393590 22.588235 2.809075
endloop
endfacet
facet normal 0.068020 0.604736 0.793516
outer loop
vertex 12.629063 21.176471 3.847709
vertex 13.874808 21.176471 3.740924
vertex 13.820137 22.588235 2.669709
endloop
endfacet
facet normal 0.092369 0.590841 0.801483
outer loop
vertex 12.629063 21.176471 3.847709
vertex 13.820137 22.588235 2.669709
vertex 12.610866 22.588235 2.809075
endloop
endfacet
facet normal 0.133899 0.630374 0.764657
outer loop
vertex 13.874808 21.176471 3.740924
vertex 15.106381 21.176471 3.525262
vertex 15.002347 22.588235 2.379639
endloop
endfacet
facet normal 0.190988 0.598022 0.778392
outer loop
vertex 13.874808 21.176471 3.740924
vertex 15.002347 22.588235 2.379639
vertex 13.820137 22.588235 2.669709
endloop
endfacet
facet normal 0.199957 0.674674 0.710516
outer loop
vertex 15.106381 21.176471 3.525262
vertex 16.309942 21.176471 3.186551
vertex 16.120813 22.588235 1.899228
endloop
endfacet
facet normal 0.311991 0.612421 0.726362
outer loop
vertex 15.106381 21.176471 3.525262
vertex 16.120813 22.588235 1.899228
vertex 15.002347 22.588235 2.379639
endloop
endfacet
facet normal 0.265052 0.734959 0.624166
outer loop
vertex 16.309942 21.176471 3.186551
vertex 17.460789 21.176471 2.697844
vertex 17.107039 22.588235 1.185703
endloop
endfacet
facet normal 0.453863 0.632830 0.627324
outer loop
vertex 16.309942 21.176471 3.186551
vertex 17.107039 22.588235 1.185703
vertex 16.120813 22.588235 1.899228
endloop
endfacet
facet normal 0.353512 0.770158 0.530930
outer loop
vertex 17.460789 21.176471 2.697844
vertex 18.501511 21.176471 2.004893
vertex 17.960197 22.588235 0.317439
endloop
endfacet
facet normal 0.522465 0.680791 0.513375
outer loop
vertex 17.460789 21.176471 2.697844
vertex 17.960197 22.588235 0.317439
vertex 17.107039 22.588235 1.185703
endloop
endfacet
facet normal 0.597357 0.554549 0.579344
outer loop
vertex 18.501511 21.176471 2.004893
vertex 19.371980 21.176471 1.107359
vertex 19.135353 22.588235 -0.000000
endloop
endfacet
facet normal 0.162596 0.781820 0.601930
outer loop
vertex 18.501511 21.176471 2.004893
vertex 19.135353 22.588235 -0.000000
vertex 17.960197 22.588235 0.317439
endloop
endfacet
facet normal 0.682578 0.094306 0.724703
outer loop
vertex 19.371980 21.176471 1.107359
vertex 20.282142 21.176471 0.250103
vertex 20.352629 22.588235 -0.000000
endloop
endfacet
facet normal -0.000000 0.617172 0.786828
outer loop
vertex 19.371980 21.176471 1.107359
vertex 20.352629 22.588235 -0.000000
vertex 19.135353 22.588235 -0.000000
endloop
endfacet
facet normal 0.200024 -0.008886 0.979751
outer loop
vertex 20.282142 21.176471 0.250103
vertex 21.507185 21.176471 -0.000000
vertex 21.569905 22.588235 -0.000000
endloop
endfacet
facet normal -0.000000 0.174440 0.984668
outer loop
vertex 20.282142 21.176471 0.250103
vertex 21.569905 22.588235 -0.000000
vertex 20.352629 22.588235 -0.000000
endloop
endfacet
facet normal 0.000000 -0.000000 1.000000
outer loop
vertex 21.507185 21.176471 -0.000000
vertex 22.757499 21.176471 -0.000000
vertex 22.787180 22.588235 0.000000
endloop
endfacet
facet normal -0.000000 -0.000000 1.000000
outer loop
vertex 21.507185 21.176471 -0.000000
vertex 22.787180 22.588235 0.000000
vertex 21.569905 22.588235 -0.000000
endloop
endfacet
facet normal 0.000000 -0.000000 1.000000
outer loop
vertex 22.757499 21.176471 -0.000000
vertex 24.007812 21.176471 -0.000000
vertex 24.004456 22.588235 0.000000
endloop
endfacet
facet normal -0.000000 -0.000000 1.000000
outer loop
vertex 22.757499 21.176471 -0.000000
vertex 24.004456 22.588235 0.000000
vertex 22.787180 22.588235 0.000000
endloop
endfacet
facet normal 0.000000 0.000000 1.000000
outer loop
vertex 0.000000 22.588235 0.000000
vertex 1.217276 22.588235 0.000000
vertex 1.142857 24.000000 0.000000
endloop
endfacet
facet normal 0.000000 0.000000 1.000000
outer loop
vertex 0.000000 22.588235 0.000000
vertex 1.142857 24.000000 0.000000
vertex 0.000000 24.000000 0.000000
endloop
endfacet
facet normal 0.000000 0.000000 1.000000
outer loop
vertex 1.217276 22.588235 0.000000
vertex 2.434552 22.588235 0.000000
vertex 2.285714 24.000000 0.000000
endloop
endfacet
facet normal 0.000000 -0.000000 1.000000
outer loop
vertex 1.217276 22.588235 0.000000
vertex 2.285714 24.000000 0.000000
vertex 1.142857 24.000000 0.000000
endloop
endfacet
facet normal 0.000000 0.000000 1.000000
outer loop
vertex 2.434552 22.588235 0.000000
vertex 3.651827 22.588235 0.000000
vertex 3.428571 24.000000 0.000000
endloop
endfacet
facet normal 0.000000 -0.000000 1.000000
outer loop
vertex 2.434552 22.588235 0.000000
vertex 3.428571 24.000000 0.000000
vertex 2.285714 24.000000 0.000000
endloop
endfacet
facet normal 0.000000 0.000000 1.000000
outer loop
vertex 3.651827 22.588235 0.000000
vertex 4.869103 22.588235 0.000000
vertex 4.571429 24.000000 0.000000
endloop
endfacet
facet normal 0.000000 -0.000000 1.000000
outer loop
vertex 3.651827 22.588235 0.000000
vertex 4.571429 24.000000 0.000000
vertex 3.428571 24.000000 0.000000
endloop
endfacet
facet normal -0.257657 0.154252 0.953844
outer loop
vertex 4.869103 22.588235 0.000000
vertex 6.044260 22.588235 0.317439
vertex 5.714286 24.000000 0.000000
endloop
endfacet
facet normal 0.000000 -0.000000 1.000000
outer loop
vertex 4.869103 22.588235 0.000000
vertex 5.714286 24.000000 0.000000
vertex 4.571429 24.000000 0.000000
endloop
endfacet
facet normal -0.620139 0.494085 0.609349
outer loop
vertex 6.044260 22.588235 0.317439
vertex 6.897417 22.588235 1.185703
vertex 6.857143 24.000000 0.000000
endloop
endfacet
facet normal 0.000000 0.219375 0.975641
outer loop
vertex 6.044260 22.588235 0.317439
vertex 6.857143 24.000000 0.000000
vertex 5.714286 24.000000 0.000000
endloop
endfacet
facet normal -0.386875 0.751257 0.534734
outer loop
vertex 6.897417 22.588235 1.185703
vertex 7.883643 22.588235 1.899228
vertex 8.000000 24.000000 0.000000
endloop
endfacet
facet normal 0.000000 0.643135 0.765753
outer loop
vertex 6.897417 22.588235 1.185703
vertex 8.000000 24.000000 0.000000
vertex 6.857143 24.000000 0.000000
endloop
endfacet
facet normal -0.210293 0.846212 0.489593
outer loop
vertex 7.883643 22.588235 1.899228
vertex 9.002109 22.588235 2.379639
vertex 9.142857 24.000000 0.000000
endloop
endfacet
facet normal 0.000000 0.802560 0.596572
outer loop
vertex 7.883643 22.588235 1.899228
vertex 9.142857 24.000000 0.000000
vertex 8.000000 24.000000 0.000000
endloop
endfacet
facet normal -0.113139 0.880102 0.461108
outer loop
vertex 9.002109 22.588235 2.379639
vertex 10.184319 22.588235 2.669709
vertex 10.285714 24.000000 0.000000
endloop
endfacet
facet normal 0.000000 0.860036 0.510233
outer loop
vertex 9.002109 22.588235 2.379639
vertex 10.285714 24.000000 0.000000
vertex 9.142857 24.000000 0.000000
endloop
endfacet
facet normal -0.051624 0.892572 0.447940
outer loop
vertex 10.184319 22.588235 2.669709
vertex 11.393590 22.588235 2.809075
vertex 11.428571 24.000000 0.000000
endloop
endfacet
facet normal 0.000000 0.884008 0.467471
outer loop
vertex 10.184319 22.588235 2.669709
vertex 11.428571 24.000000 0.000000
vertex 10.285714 24.000000 0.000000
endloop
endfacet
facet normal -0.000000 0.893506 0.449052
outer loop
vertex 11.393590 22.588235 2.809075
vertex 12.610866 22.588235 2.809075
vertex 12.571429 24.000000 0.000000
endloop
endfacet
facet normal 0.000000 0.893506 0.449052
outer loop
vertex 11.393590 22.588235 2.809075
vertex 12.571429 24.000000 0.000000
vertex 11.428571 24.000000 0.000000
endloop
endfacet
facet normal 0.053606 0.883614 0.465137
outer loop
vertex 12.610866 22.588235 2.809075
vertex 13.820137 22.588235 2.669709
vertex 13.714286 24.000000 0.000000
endloop
endfacet
facet normal 0.000000 0.893506 0.449052
outer loop
vertex 12.610866 22.588235 2.809075
vertex 13.714286 24.000000 0.000000
vertex 12.571429 24.000000 0.000000
endloop
endfacet
facet normal 0.122880 0.856791 0.500809
outer loop
vertex 13.820137 22.588235 2.669709
vertex 15.002347 22.588235 2.379639
vertex 14.857143 24.000000 0.000000
endloop
endfacet
facet normal 0.000000 0.884008 0.467471
outer loop
vertex 13.820137 22.588235 2.669709
vertex 14.857143 24.000000 0.000000
vertex 13.714286 24.000000 0.000000
endloop
endfacet
facet normal 0.244170 0.785641 0.568463
outer loop
vertex 15.002347 22.588235 2.379639
vertex 16.120813 22.588235 1.899228
vertex 16.000000 24.000000 0.000000
endloop
endfacet
facet normal 0.000000 0.860036 0.510233
outer loop
vertex 15.002347 22.588235 2.379639
vertex 16.000000 24.000000 0.000000
vertex 14.857143 24.000000 0.000000
endloop
endfacet
facet normal 0.487962 0.554078 0.674456
outer loop
vertex 16.120813 22.588235 1.899228
vertex 17.107039 22.588235 1.185703
vertex 17.142857 24.000000 0.000000
endloop
endfacet
facet normal 0.000000 0.802560 0.596572
outer loop
vertex 16.120813 22.588235 1.899228
vertex 17.142857 24.000000 0.000000
vertex 16.000000 24.000000 0.000000
endloop
endfacet
facet normal 0.713268 -0.006872 0.700858
outer loop
vertex 17.107039 22.588235 1.185703
vertex 17.960197 22.588235 0.317439
vertex 18.285714 24.000000 0.000000
endloop
endfacet
facet normal 0.000000 0.643135 0.765753
outer loop
vertex 17.107039 22.588235 1.185703
vertex 18.285714 24.000000 0.000000
vertex 17.142857 24.000000 0.000000
endloop
endfacet
facet normal 0.260396 -0.054083 0.963986
outer loop
vertex 17.960197 22.588235 0.317439
vertex 19.135353 22.588235 -0.000000
vertex 19.428571 24.000000 0.000000
endloop
endfacet
facet normal 0.000000 0.219375 0.975641
outer loop
vertex 17.960197 22.588235 0.317439
vertex 19.428571 24.000000 0.000000
vertex 18.285714 24.000000 0.000000
endloop
endfacet
facet normal -0.000000 -0.000000 1.000000
outer loop
vertex 19.135353 22.588235 -0.000000
vertex 20.352629 22.588235 -0.000000
vertex 20.571429 24.000000 0.000000
endloop
endfacet
facet normal 0.000000 -0.000000 1.000000
outer loop
vertex 19.135353 22.588235 -0.000000
vertex 20.571429 24.000000 0.000000
vertex 19.428571 24.000000 0.000000
endloop
endfacet
facet normal -0.000000 -0.000000 1.000000
outer loop
vertex 20.352629 22.588235 -0.000000
vertex 21.569905 22.588235 -0.000000
vertex 21.714286 24.000000 0.000000
endloop
endfacet
facet normal 0.000000 -0.000000 1.000000
outer loop
vertex 20.352629 22.588235 -0.000000
vertex 21.714286 24.000000 0.000000
vertex 20.571429 24.000000 0.000000
endloop
endfacet
facet normal -0.000000 0.000000 1.000000
outer loop
vertex 21.569905 22.588235 -0.000000
vertex 22.787180 22.588235 0.000000
vertex 22.857143 24.000000 0.000000
endloop
endfacet
facet normal 0.000000 -0.000000 1.000000
outer loop
vertex 21.569905 22.588235 -0.000000
vertex 22.857143 24.000000 0.000000
vertex 21.714286 24.000000 0.000000
endloop
endfacet
facet normal -0.000000 0.000000 1.000000
outer loop
vertex 22.787180 22.588235 0.000000
vertex 24.004456 22.588235 0.000000
vertex 24.000000 24.000000 0.000000
endloop
endfacet
facet normal 0.000000 0.000000 1.000000
outer loop
vertex 22.787180 22.588235 0.000000
vertex 24.000000 24.000000 0.000000
vertex 22.857143 24.000000 0.000000
endloop
endfacet
endsolid foldforge
