solid foldforge
facet normal -0.251724 -0.905100 0.342680
outer loop
vertex 0.021192 0.189460 0.221409
vertex 0.686434 0.184483 0.696931
vertex 0.940445 0.754716 2.389646
endloop
endfacet
facet normal -0.897308 -0.142826 0.417660
outer loop
vertex 0.021192 0.189460 0.221409
vertex 0.940445 0.754716 2.389646
vertex 0.492204 0.822181 1.449708
endloop
endfacet
facet normal -0.076217 -0.938988 0.335398
outer loop
vertex 0.686434 0.184483 0.696931
vertex 1.250273 0.208027 0.890977
vertex 1.624748 0.806226 2.650808
endloop
endfacet
facet normal -0.053358 -0.943872 0.325974
outer loop
vertex 0.686434 0.184483 0.696931
vertex 1.624748 0.806226 2.650808
vertex 0.940445 0.754716 2.389646
endloop
endfacet
facet normal -0.134023 -0.937117 0.322256
outer loop
vertex 1.250273 0.208027 0.890977
vertex 1.890190 0.177455 1.068209
vertex 2.206390 0.778498 2.947541
endloop
endfacet
facet normal -0.224933 -0.906951 0.356153
outer loop
vertex 1.250273 0.208027 0.890977
vertex 2.206390 0.778498 2.947541
vertex 1.624748 0.806226 2.650808
endloop
endfacet
facet normal 0.063333 -0.958441 0.278173
outer loop
vertex 1.890190 0.177455 1.068209
vertex 2.466726 0.197527 1.006105
vertex 2.868670 0.789535 2.954345
endloop
endfacet
facet normal 0.012773 -0.953018 0.302643
outer loop
vertex 1.890190 0.177455 1.068209
vertex 2.868670 0.789535 2.954345
vertex 2.206390 0.778498 2.947541
endloop
endfacet
facet normal -0.022565 -0.951577 0.306580
outer loop
vertex 2.466726 0.197527 1.006105
vertex 3.104610 0.185957 1.017145
vertex 3.438275 0.775615 2.871910
endloop
endfacet
facet normal 0.018169 -0.957680 0.287260
outer loop
vertex 2.466726 0.197527 1.006105
vertex 3.438275 0.775615 2.871910
vertex 2.868670 0.789535 2.954345
endloop
endfacet
facet normal 0.182386 -0.943228 0.277591
outer loop
vertex 3.104610 0.185957 1.017145
vertex 3.687691 0.194239 0.662182
vertex 4.082094 0.836316 2.584762
endloop
endfacet
facet normal 0.206008 -0.942651 0.262623
outer loop
vertex 3.104610 0.185957 1.017145
vertex 4.082094 0.836316 2.584762
vertex 3.438275 0.775615 2.871910
endloop
endfacet
facet normal -0.092146 -0.964333 0.248137
outer loop
vertex 3.687691 0.194239 0.662182
vertex 4.562623 0.042903 0.398955
vertex 4.608704 0.499048 2.188780
endloop
endfacet
facet normal -0.298562 -0.885161 0.356862
outer loop
vertex 3.687691 0.194239 0.662182
vertex 4.608704 0.499048 2.188780
vertex 4.082094 0.836316 2.584762
endloop
endfacet
facet normal 0.898452 -0.148074 -0.413350
outer loop
vertex 4.562623 0.042903 0.398955
vertex 4.566742 0.787205 0.141276
vertex 5.356917 1.340564 1.660562
endloop
endfacet
facet normal 0.781091 -0.609594 0.135248
outer loop
vertex 4.562623 0.042903 0.398955
vertex 5.356917 1.340564 1.660562
vertex 4.608704 0.499048 2.188780
endloop
endfacet
facet normal -0.457507 -0.642721 0.614489
outer loop
vertex 4.566742 0.787205 0.141276
vertex 5.474307 0.128586 0.128110
vertex 5.890131 0.532270 0.859935
endloop
endfacet
facet normal -0.415486 -0.763621 0.494221
outer loop
vertex 4.566742 0.787205 0.141276
vertex 5.890131 0.532270 0.859935
vertex 5.356917 1.340564 1.660562
endloop
endfacet
facet normal -0.004356 0.000697 0.999990
outer loop
vertex 5.474307 0.128586 0.128110
vertex 6.113507 0.168610 0.130867
vertex 6.390150 1.167687 0.131375
endloop
endfacet
facet normal 0.748874 -0.659850 -0.061530
outer loop
vertex 5.474307 0.128586 0.128110
vertex 6.390150 1.167687 0.131375
vertex 5.890131 0.532270 0.859935
endloop
endfacet
facet normal -0.007050 0.044903 0.998966
outer loop
vertex 6.113507 0.168610 0.130867
vertex 6.680372 0.275177 0.130077
vertex 7.137049 0.690631 0.114625
endloop
endfacet
facet normal 0.018776 -0.005708 0.999807
outer loop
vertex 6.113507 0.168610 0.130867
vertex 7.137049 0.690631 0.114625
vertex 6.390150 1.167687 0.131375
endloop
endfacet
facet normal -0.000291 0.001462 0.999999
outer loop
vertex 6.680372 0.275177 0.130077
vertex 7.298937 0.205302 0.130359
vertex 7.683918 0.805282 0.129594
endloop
endfacet
facet normal -0.045481 0.087007 0.995169
outer loop
vertex 6.680372 0.275177 0.130077
vertex 7.683918 0.805282 0.129594
vertex 7.137049 0.690631 0.114625
endloop
endfacet
facet normal -0.005061 -0.010587 0.999931
outer loop
vertex 7.298937 0.205302 0.130359
vertex 7.916590 0.203732 0.133469
vertex 8.285984 0.769152 0.141325
endloop
endfacet
facet normal -0.018683 0.013262 0.999737
outer loop
vertex 7.298937 0.205302 0.130359
vertex 8.285984 0.769152 0.141325
vertex 7.683918 0.805282 0.129594
endloop
endfacet
facet normal 0.005216 -0.008355 0.999951
outer loop
vertex 7.916590 0.203732 0.133469
vertex 8.518095 0.202625 0.130322
vertex 8.881972 0.788342 0.133318
endloop
endfacet
facet normal 0.014176 -0.023150 0.999631
outer loop
vertex 7.916590 0.203732 0.133469
vertex 8.881972 0.788342 0.133318
vertex 8.285984 0.769152 0.141325
endloop
endfacet
facet normal 0.000043 -0.002797 0.999996
outer loop
vertex 8.518095 0.202625 0.130322
vertex 9.111433 0.200103 0.130289
vertex 9.444256 0.778863 0.131893
endloop
endfacet
facet normal 0.002422 -0.006619 0.999975
outer loop
vertex 8.518095 0.202625 0.130322
vertex 9.444256 0.778863 0.131893
vertex 8.881972 0.788342 0.133318
endloop
endfacet
facet normal 0.000003 -0.002879 0.999996
outer loop
vertex 9.111433 0.200103 0.130289
vertex 9.707668 0.197645 0.130280
vertex 10.069244 0.786082 0.131974
endloop
endfacet
facet normal -0.000097 -0.002716 0.999996
outer loop
vertex 9.111433 0.200103 0.130289
vertex 10.069244 0.786082 0.131974
vertex 9.444256 0.778863 0.131893
endloop
endfacet
facet normal -0.000014 0.000087 1.000000
outer loop
vertex 9.707668 0.197645 0.130280
vertex 10.315389 0.200628 0.130289
vertex 10.691154 0.792236 0.130243
endloop
endfacet
facet normal 0.002829 -0.004616 0.999985
outer loop
vertex 9.707668 0.197645 0.130280
vertex 10.691154 0.792236 0.130243
vertex 10.069244 0.786082 0.131974
endloop
endfacet
facet normal 0.000000 -0.000002 1.000000
outer loop
vertex 10.315389 0.200628 0.130289
vertex 10.916151 0.200170 0.130289
vertex 11.290179 0.794725 0.130290
endloop
endfacet
facet normal -0.000079 0.000129 1.000000
outer loop
vertex 10.315389 0.200628 0.130289
vertex 11.290179 0.794725 0.130290
vertex 10.691154 0.792236 0.130243
endloop
endfacet
facet normal -0.000000 0.000000 1.000000
outer loop
vertex 10.916151 0.200170 0.130289
vertex 11.515616 0.199338 0.130289
vertex 11.890770 0.795698 0.130289
endloop
endfacet
facet normal 0.000002 -0.000004 1.000000
outer loop
vertex 10.916151 0.200170 0.130289
vertex 11.890770 0.795698 0.130289
vertex 11.290179 0.794725 0.130290
endloop
endfacet
facet normal -0.000000 0.000000 1.000000
outer loop
vertex 11.515616 0.199338 0.130289
vertex 12.114621 0.198949 0.130289
vertex 12.491046 0.792903 0.130289
endloop
endfacet
facet normal 0.000000 0.000000 1.000000
outer loop
vertex 11.515616 0.199338 0.130289
vertex 12.491046 0.792903 0.130289
vertex 11.890770 0.795698 0.130289
endloop
endfacet
facet normal -0.000000 -0.000004 1.000000
outer loop
vertex 12.114621 0.198949 0.130289
vertex 12.717536 0.194495 0.130289
vertex 13.088301 0.791230 0.130291
endloop
endfacet
facet normal -0.000004 0.000003 1.000000
outer loop
vertex 12.114621 0.198949 0.130289
vertex 13.088301 0.791230 0.130291
vertex 12.491046 0.792903 0.130289
endloop
endfacet
facet normal 0.000002 0.000101 1.000000
outer loop
vertex 12.717536 0.194495 0.130289
vertex 13.316163 0.198341 0.130287
vertex 13.691707 0.791237 0.130226
endloop
endfacet
facet normal 0.000107 -0.000071 1.000000
outer loop
vertex 12.717536 0.194495 0.130289
vertex 13.691707 0.791237 0.130226
vertex 13.088301 0.791230 0.130291
endloop
endfacet
facet normal 0.000000 -0.002874 0.999996
outer loop
vertex 13.316163 0.198341 0.130287
vertex 13.923034 0.198870 0.130288
vertex 14.294547 0.789863 0.131987
endloop
endfacet
facet normal -0.002916 0.001949 0.999994
outer loop
vertex 13.316163 0.198341 0.130287
vertex 14.294547 0.789863 0.131987
vertex 13.691707 0.791237 0.130226
endloop
endfacet
facet normal -0.000013 -0.002691 0.999996
outer loop
vertex 13.923034 0.198870 0.130288
vertex 14.521992 0.196344 0.130290
vertex 14.896553 0.782962 0.131873
endloop
endfacet
facet normal 0.000155 -0.002971 0.999996
outer loop
vertex 13.923034 0.198870 0.130288
vertex 14.896553 0.782962 0.131873
vertex 14.294547 0.789863 0.131987
endloop
endfacet
facet normal 0.000063 -0.005440 0.999985
outer loop
vertex 14.521992 0.196344 0.130290
vertex 15.122120 0.195528 0.130247
vertex 15.488949 0.793270 0.133475
endloop
endfacet
facet normal -0.002688 -0.000983 0.999996
outer loop
vertex 14.521992 0.196344 0.130290
vertex 15.488949 0.793270 0.133475
vertex 14.896553 0.782962 0.131873
endloop
endfacet
facet normal -0.005718 -0.009665 0.999937
outer loop
vertex 15.122120 0.195528 0.130247
vertex 15.710801 0.196836 0.133626
vertex 16.140775 0.783761 0.141757
endloop
endfacet
facet normal -0.012670 0.002375 0.999917
outer loop
vertex 15.122120 0.195528 0.130247
vertex 16.140775 0.783761 0.141757
vertex 15.488949 0.793270 0.133475
endloop
endfacet
facet normal 0.006389 -0.021160 0.999756
outer loop
vertex 15.710801 0.196836 0.133626
vertex 16.311343 0.192625 0.129699
vertex 16.693023 0.775288 0.139592
endloop
endfacet
facet normal 0.003667 -0.016539 0.999856
outer loop
vertex 15.710801 0.196836 0.133626
vertex 16.693023 0.775288 0.139592
vertex 16.140775 0.783761 0.141757
endloop
endfacet
facet normal -0.000087 0.096662 0.995317
outer loop
vertex 16.311343 0.192625 0.129699
vertex 16.940378 0.199344 0.129101
vertex 17.473190 1.003289 0.051071
endloop
endfacet
facet normal 0.144022 -0.111039 0.983325
outer loop
vertex 16.311343 0.192625 0.129699
vertex 17.473190 1.003289 0.051071
vertex 16.693023 0.775288 0.139592
endloop
endfacet
facet normal -0.047478 -0.119854 0.991656
outer loop
vertex 16.940378 0.199344 0.129101
vertex 17.734942 0.000000 0.143050
vertex 18.009847 0.526175 0.219807
endloop
endfacet
facet normal -0.139589 0.186893 0.972412
outer loop
vertex 16.940378 0.199344 0.129101
vertex 18.009847 0.526175 0.219807
vertex 17.473190 1.003289 0.051071
endloop
endfacet
facet normal 0.729663 -0.160350 -0.664741
outer loop
vertex 17.734942 0.000000 0.143050
vertex 17.851571 0.658850 0.112141
vertex 18.587342 1.222971 0.783692
endloop
endfacet
facet normal -0.839080 0.381865 0.387459
outer loop
vertex 17.734942 0.000000 0.143050
vertex 18.587342 1.222971 0.783692
vertex 18.009847 0.526175 0.219807
endloop
endfacet
facet normal -0.443408 -0.859650 0.253756
outer loop
vertex 17.851571 0.658850 0.112141
vertex 18.737962 0.211477 0.145435
vertex 19.103352 0.495873 1.747357
endloop
endfacet
facet normal -0.752869 0.264483 0.602692
outer loop
vertex 17.851571 0.658850 0.112141
vertex 19.103352 0.495873 1.747357
vertex 18.587342 1.222971 0.783692
endloop
endfacet
facet normal -0.258811 -0.855210 0.449036
outer loop
vertex 18.737962 0.211477 0.145435
vertex 19.348455 0.179032 0.435514
vertex 19.759463 0.928319 2.099458
endloop
endfacet
facet normal 0.540346 -0.841039 0.026063
outer loop
vertex 18.737962 0.211477 0.145435
vertex 19.759463 0.928319 2.099458
vertex 19.103352 0.495873 1.747357
endloop
endfacet
facet normal -0.065292 -0.960373 0.270962
outer loop
vertex 19.348455 0.179032 0.435514
vertex 19.935459 0.201459 0.656446
vertex 20.331672 0.728525 2.620004
endloop
endfacet
facet normal -0.626974 -0.640594 0.443332
outer loop
vertex 19.348455 0.179032 0.435514
vertex 20.331672 0.728525 2.620004
vertex 19.759463 0.928319 2.099458
endloop
endfacet
facet normal -0.229270 -0.906947 0.353386
outer loop
vertex 19.935459 0.201459 0.656446
vertex 20.557363 0.186753 1.022186
vertex 20.934456 0.809889 2.866081
endloop
endfacet
facet normal 0.026760 -0.966804 0.254114
outer loop
vertex 19.935459 0.201459 0.656446
vertex 20.934456 0.809889 2.866081
vertex 20.331672 0.728525 2.620004
endloop
endfacet
facet normal 0.000513 -0.953578 0.301145
outer loop
vertex 20.557363 0.186753 1.022186
vertex 21.138005 0.182017 1.006198
vertex 21.554827 0.795551 2.948247
endloop
endfacet
facet normal -0.065656 -0.941171 0.331491
outer loop
vertex 20.557363 0.186753 1.022186
vertex 21.554827 0.795551 2.948247
vertex 20.934456 0.809889 2.866081
endloop
endfacet
facet normal 0.006720 -0.951716 0.306906
outer loop
vertex 21.138005 0.182017 1.006198
vertex 21.769230 0.206331 1.067775
vertex 22.103221 0.813640 2.943731
endloop
endfacet
facet normal 0.033928 -0.955066 0.294444
outer loop
vertex 21.138005 0.182017 1.006198
vertex 22.103221 0.813640 2.943731
vertex 21.554827 0.795551 2.948247
endloop
endfacet
facet normal 0.064652 -0.950183 0.304914
outer loop
vertex 21.769230 0.206331 1.067775
vertex 22.351066 0.190166 0.894030
vertex 22.724753 0.783154 2.662689
endloop
endfacet
facet normal 0.085782 -0.952255 0.293004
outer loop
vertex 21.769230 0.206331 1.067775
vertex 22.724753 0.783154 2.662689
vertex 22.103221 0.813640 2.943731
endloop
endfacet
facet normal 0.103560 -0.939768 0.325746
outer loop
vertex 22.351066 0.190166 0.894030
vertex 22.942756 0.186995 0.696775
vertex 23.320359 0.810968 2.376873
endloop
endfacet
facet normal 0.177872 -0.943725 0.278827
outer loop
vertex 22.351066 0.190166 0.894030
vertex 23.320359 0.810968 2.376873
vertex 22.724753 0.783154 2.662689
endloop
endfacet
facet normal 0.284767 -0.904558 0.317305
outer loop
vertex 22.942756 0.186995 0.696775
vertex 23.522022 0.200747 0.216113
vertex 23.936959 0.776918 1.486244
endloop
endfacet
facet normal 0.329454 -0.906872 0.262759
outer loop
vertex 22.942756 0.186995 0.696775
vertex 23.936959 0.776918 1.486244
vertex 23.320359 0.810968 2.376873
endloop
endfacet
facet normal -0.747544 -0.585036 0.314500
outer loop
vertex 0.492204 0.822181 1.449708
vertex 0.940445 0.754716 2.389646
vertex 0.645576 1.375187 2.842968
endloop
endfacet
facet normal -0.653202 -0.676370 0.340367
outer loop
vertex 0.492204 0.822181 1.449708
vertex 0.645576 1.375187 2.842968
vertex 0.000000 1.392360 1.638163
endloop
endfacet
facet normal -0.112492 -0.876714 0.467672
outer loop
vertex 0.940445 0.754716 2.389646
vertex 1.624748 0.806226 2.650808
vertex 1.283106 1.406525 3.693971
endloop
endfacet
facet normal -0.605785 -0.636585 0.477266
outer loop
vertex 0.940445 0.754716 2.389646
vertex 1.283106 1.406525 3.693971
vertex 0.645576 1.375187 2.842968
endloop
endfacet
facet normal -0.246001 -0.883026 0.399685
outer loop
vertex 1.624748 0.806226 2.650808
vertex 2.206390 0.778498 2.947541
vertex 1.841003 1.393759 4.081949
endloop
endfacet
facet normal -0.298490 -0.866216 0.400715
outer loop
vertex 1.624748 0.806226 2.650808
vertex 1.841003 1.393759 4.081949
vertex 1.283106 1.406525 3.693971
endloop
endfacet
facet normal 0.010525 -0.900088 0.435581
outer loop
vertex 2.206390 0.778498 2.947541
vertex 2.868670 0.789535 2.954345
vertex 2.455506 1.383188 4.191059
endloop
endfacet
facet normal -0.095292 -0.887577 0.450696
outer loop
vertex 2.206390 0.778498 2.947541
vertex 2.455506 1.383188 4.191059
vertex 1.841003 1.393759 4.081949
endloop
endfacet
facet normal 0.041227 -0.898699 0.436623
outer loop
vertex 2.868670 0.789535 2.954345
vertex 3.438275 0.775615 2.871910
vertex 3.049067 1.364083 4.119901
endloop
endfacet
facet normal 0.023726 -0.898145 0.439059
outer loop
vertex 2.868670 0.789535 2.954345
vertex 3.049067 1.364083 4.119901
vertex 2.455506 1.383188 4.191059
endloop
endfacet
facet normal 0.270284 -0.864784 0.423197
outer loop
vertex 3.438275 0.775615 2.871910
vertex 4.082094 0.836316 2.584762
vertex 3.665059 1.378941 3.959942
endloop
endfacet
facet normal 0.140029 -0.878018 0.457685
outer loop
vertex 3.438275 0.775615 2.871910
vertex 3.665059 1.378941 3.959942
vertex 3.049067 1.364083 4.119901
endloop
endfacet
facet normal -0.301631 -0.885605 0.353160
outer loop
vertex 4.082094 0.836316 2.584762
vertex 4.608704 0.499048 2.188780
vertex 4.712072 1.074059 3.719001
endloop
endfacet
facet normal -0.200464 -0.930558 0.306392
outer loop
vertex 4.082094 0.836316 2.584762
vertex 4.712072 1.074059 3.719001
vertex 3.665059 1.378941 3.959942
endloop
endfacet
facet normal 0.797737 -0.481089 0.363550
outer loop
vertex 4.608704 0.499048 2.188780
vertex 5.356917 1.340564 1.660562
vertex 4.829865 1.656939 3.235735
endloop
endfacet
facet normal 0.981163 -0.193079 0.006274
outer loop
vertex 4.608704 0.499048 2.188780
vertex 4.829865 1.656939 3.235735
vertex 4.712072 1.074059 3.719001
endloop
endfacet
facet normal -0.863595 -0.499128 -0.071243
outer loop
vertex 5.356917 1.340564 1.660562
vertex 5.890131 0.532270 0.859935
vertex 5.446000 1.042926 2.665969
endloop
endfacet
facet normal -0.755466 -0.643435 -0.123544
outer loop
vertex 5.356917 1.340564 1.660562
vertex 5.446000 1.042926 2.665969
vertex 4.829865 1.656939 3.235735
endloop
endfacet
facet normal 0.887587 -0.330225 0.321154
outer loop
vertex 5.890131 0.532270 0.859935
vertex 6.390150 1.167687 0.131375
vertex 6.049963 1.536424 1.450716
endloop
endfacet
facet normal 0.892775 -0.325403 0.311554
outer loop
vertex 5.890131 0.532270 0.859935
vertex 6.049963 1.536424 1.450716
vertex 5.446000 1.042926 2.665969
endloop
endfacet
facet normal -0.536967 -0.842327 0.046390
outer loop
vertex 6.390150 1.167687 0.131375
vertex 7.137049 0.690631 0.114625
vertex 6.639042 1.026254 0.444226
endloop
endfacet
facet normal -0.568483 -0.818578 0.082199
outer loop
vertex 6.390150 1.167687 0.131375
vertex 6.639042 1.026254 0.444226
vertex 6.049963 1.536424 1.450716
endloop
endfacet
facet normal -0.030905 0.016931 0.999379
outer loop
vertex 7.137049 0.690631 0.114625
vertex 7.683918 0.805282 0.129594
vertex 7.281068 1.453525 0.106154
endloop
endfacet
facet normal 0.508643 -0.086509 0.856621
outer loop
vertex 7.137049 0.690631 0.114625
vertex 7.281068 1.453525 0.106154
vertex 6.639042 1.026254 0.444226
endloop
endfacet
facet normal -0.020789 -0.021892 0.999544
outer loop
vertex 7.683918 0.805282 0.129594
vertex 8.285984 0.769152 0.141325
vertex 7.799045 1.401648 0.145050
endloop
endfacet
facet normal -0.075989 -0.011171 0.997046
outer loop
vertex 7.683918 0.805282 0.129594
vertex 7.799045 1.401648 0.145050
vertex 7.281068 1.453525 0.106154
endloop
endfacet
facet normal 0.012955 0.014845 0.999806
outer loop
vertex 8.285984 0.769152 0.141325
vertex 8.881972 0.788342 0.133318
vertex 8.479243 1.395792 0.129516
endloop
endfacet
facet normal 0.022931 0.011766 0.999668
outer loop
vertex 8.285984 0.769152 0.141325
vertex 8.479243 1.395792 0.129516
vertex 7.799045 1.401648 0.145050
endloop
endfacet
facet normal 0.002496 -0.002211 0.999994
outer loop
vertex 8.881972 0.788342 0.133318
vertex 9.444256 0.778863 0.131893
vertex 9.063451 1.373926 0.134160
endloop
endfacet
facet normal -0.007910 0.001014 0.999968
outer loop
vertex 8.881972 0.788342 0.133318
vertex 9.063451 1.373926 0.134160
vertex 8.479243 1.395792 0.129516
endloop
endfacet
facet normal -0.000165 0.003156 0.999995
outer loop
vertex 9.444256 0.778863 0.131893
vertex 10.069244 0.786082 0.131974
vertex 9.684036 1.382440 0.130028
endloop
endfacet
facet normal 0.006651 0.000448 0.999978
outer loop
vertex 9.444256 0.778863 0.131893
vertex 9.684036 1.382440 0.130028
vertex 9.063451 1.373926 0.134160
endloop
endfacet
facet normal 0.002767 0.001672 0.999995
outer loop
vertex 10.069244 0.786082 0.131974
vertex 10.691154 0.792236 0.130243
vertex 10.308959 1.387059 0.130306
endloop
endfacet
facet normal -0.000466 0.002962 0.999996
outer loop
vertex 10.069244 0.786082 0.131974
vertex 10.308959 1.387059 0.130306
vertex 9.684036 1.382440 0.130028
endloop
endfacet
facet normal -0.000079 -0.000046 1.000000
outer loop
vertex 10.691154 0.792236 0.130243
vertex 11.290179 0.794725 0.130290
vertex 10.912472 1.390151 0.130287
endloop
endfacet
facet normal 0.000030 -0.000086 1.000000
outer loop
vertex 10.691154 0.792236 0.130243
vertex 10.912472 1.390151 0.130287
vertex 10.308959 1.387059 0.130306
endloop
endfacet
facet normal 0.000002 0.000001 1.000000
outer loop
vertex 11.290179 0.794725 0.130290
vertex 11.890770 0.795698 0.130289
vertex 11.510051 1.391628 0.130289
endloop
endfacet
facet normal -0.000002 0.000003 1.000000
outer loop
vertex 11.290179 0.794725 0.130290
vertex 11.510051 1.391628 0.130289
vertex 10.912472 1.390151 0.130287
endloop
endfacet
facet normal 0.000000 -0.000000 1.000000
outer loop
vertex 11.890770 0.795698 0.130289
vertex 12.491046 0.792903 0.130289
vertex 12.114778 1.390810 0.130289
endloop
endfacet
facet normal 0.000000 -0.000000 1.000000
outer loop
vertex 11.890770 0.795698 0.130289
vertex 12.114778 1.390810 0.130289
vertex 11.510051 1.391628 0.130289
endloop
endfacet
facet normal -0.000004 0.000003 1.000000
outer loop
vertex 12.491046 0.792903 0.130289
vertex 13.088301 0.791230 0.130291
vertex 12.712586 1.382089 0.130288
endloop
endfacet
facet normal 0.000002 0.000001 1.000000
outer loop
vertex 12.491046 0.792903 0.130289
vertex 12.712586 1.382089 0.130288
vertex 12.114778 1.390810 0.130289
endloop
endfacet
facet normal 0.000107 -0.000062 1.000000
outer loop
vertex 13.088301 0.791230 0.130291
vertex 13.691707 0.791237 0.130226
vertex 13.315018 1.392471 0.130304
endloop
endfacet
facet normal -0.000027 -0.000012 1.000000
outer loop
vertex 13.088301 0.791230 0.130291
vertex 13.315018 1.392471 0.130304
vertex 12.712586 1.382089 0.130288
endloop
endfacet
facet normal -0.002917 0.001441 0.999995
outer loop
vertex 13.691707 0.791237 0.130226
vertex 14.294547 0.789863 0.131987
vertex 13.918871 1.385138 0.130033
endloop
endfacet
facet normal 0.000451 0.000153 1.000000
outer loop
vertex 13.691707 0.791237 0.130226
vertex 13.918871 1.385138 0.130033
vertex 13.315018 1.392471 0.130304
endloop
endfacet
facet normal 0.000144 -0.003858 0.999993
outer loop
vertex 14.294547 0.789863 0.131987
vertex 14.896553 0.782962 0.131873
vertex 14.512225 1.383552 0.134245
endloop
endfacet
facet normal -0.007102 -0.001200 0.999974
outer loop
vertex 14.294547 0.789863 0.131987
vertex 14.512225 1.383552 0.134245
vertex 13.918871 1.385138 0.130033
endloop
endfacet
facet normal -0.002821 0.006660 0.999974
outer loop
vertex 14.896553 0.782962 0.131873
vertex 15.488949 0.793270 0.133475
vertex 15.117158 1.374624 0.128555
endloop
endfacet
facet normal 0.009437 0.002089 0.999953
outer loop
vertex 14.896553 0.782962 0.131873
vertex 15.117158 1.374624 0.128555
vertex 14.512225 1.383552 0.134245
endloop
endfacet
facet normal -0.012680 0.001696 0.999918
outer loop
vertex 15.488949 0.793270 0.133475
vertex 16.140775 0.783761 0.141757
vertex 15.734483 1.422620 0.135521
endloop
endfacet
facet normal -0.011376 0.001188 0.999935
outer loop
vertex 15.488949 0.793270 0.133475
vertex 15.734483 1.422620 0.135521
vertex 15.117158 1.374624 0.128555
endloop
endfacet
facet normal 0.005031 0.072976 0.997321
outer loop
vertex 16.140775 0.783761 0.141757
vertex 16.693023 0.775288 0.139592
vertex 16.310362 1.341909 0.100061
endloop
endfacet
facet normal 0.068840 0.053504 0.996192
outer loop
vertex 16.140775 0.783761 0.141757
vertex 16.310362 1.341909 0.100061
vertex 15.734483 1.422620 0.135521
endloop
endfacet
facet normal 0.206265 -0.351209 0.913295
outer loop
vertex 16.693023 0.775288 0.139592
vertex 17.473190 1.003289 0.051071
vertex 17.087032 1.568856 0.355774
endloop
endfacet
facet normal -0.278225 -0.121423 0.952810
outer loop
vertex 16.693023 0.775288 0.139592
vertex 17.087032 1.568856 0.355774
vertex 16.310362 1.341909 0.100061
endloop
endfacet
facet normal -0.676944 -0.730985 0.086074
outer loop
vertex 17.473190 1.003289 0.051071
vertex 18.009847 0.526175 0.219807
vertex 17.557995 1.099633 1.536228
endloop
endfacet
facet normal -0.801224 -0.592414 0.084182
outer loop
vertex 17.473190 1.003289 0.051071
vertex 17.557995 1.099633 1.536228
vertex 17.087032 1.568856 0.355774
endloop
endfacet
facet normal 0.548257 -0.751445 0.367075
outer loop
vertex 18.009847 0.526175 0.219807
vertex 18.587342 1.222971 0.783692
vertex 18.104751 1.747523 2.578301
endloop
endfacet
facet normal 0.187690 -0.875279 0.445711
outer loop
vertex 18.009847 0.526175 0.219807
vertex 18.104751 1.747523 2.578301
vertex 17.557995 1.099633 1.536228
endloop
endfacet
facet normal -0.828169 -0.560090 0.020862
outer loop
vertex 18.587342 1.222971 0.783692
vertex 19.103352 0.495873 1.747357
vertex 18.642374 1.235284 3.298969
endloop
endfacet
facet normal -0.702820 -0.711117 0.018858
outer loop
vertex 18.587342 1.222971 0.783692
vertex 18.642374 1.235284 3.298969
vertex 18.104751 1.747523 2.578301
endloop
endfacet
facet normal 0.363250 -0.854137 0.372155
outer loop
vertex 19.103352 0.495873 1.747357
vertex 19.759463 0.928319 2.099458
vertex 19.294606 1.420216 3.682150
endloop
endfacet
facet normal 0.002744 -0.902416 0.430856
outer loop
vertex 19.103352 0.495873 1.747357
vertex 19.294606 1.420216 3.682150
vertex 18.642374 1.235284 3.298969
endloop
endfacet
facet normal -0.504015 -0.831095 0.235051
outer loop
vertex 19.759463 0.928319 2.099458
vertex 20.331672 0.728525 2.620004
vertex 19.950413 1.340968 3.967954
endloop
endfacet
facet normal -0.215538 -0.948650 0.231532
outer loop
vertex 19.759463 0.928319 2.099458
vertex 19.950413 1.340968 3.967954
vertex 19.294606 1.420216 3.682150
endloop
endfacet
facet normal -0.044614 -0.910799 0.410433
outer loop
vertex 20.331672 0.728525 2.620004
vertex 20.934456 0.809889 2.866081
vertex 20.543146 1.392652 4.116767
endloop
endfacet
facet normal -0.022900 -0.912618 0.408172
outer loop
vertex 20.331672 0.728525 2.620004
vertex 20.543146 1.392652 4.116767
vertex 19.950413 1.340968 3.967954
endloop
endfacet
facet normal -0.076628 -0.903895 0.420835
outer loop
vertex 20.934456 0.809889 2.866081
vertex 21.554827 0.795551 2.948247
vertex 21.133667 1.401771 4.173634
endloop
endfacet
facet normal -0.025974 -0.909211 0.415525
outer loop
vertex 20.934456 0.809889 2.866081
vertex 21.133667 1.401771 4.173634
vertex 20.543146 1.392652 4.116767
endloop
endfacet
facet normal 0.032924 -0.879715 0.474360
outer loop
vertex 21.554827 0.795551 2.948247
vertex 22.103221 0.813640 2.943731
vertex 21.718847 1.411148 4.078506
endloop
endfacet
facet normal 0.089901 -0.880058 0.466278
outer loop
vertex 21.554827 0.795551 2.948247
vertex 21.718847 1.411148 4.078506
vertex 21.133667 1.401771 4.173634
endloop
endfacet
facet normal 0.208700 -0.809133 0.549317
outer loop
vertex 22.103221 0.813640 2.943731
vertex 22.724753 0.783154 2.662689
vertex 22.356660 1.405743 3.719599
endloop
endfacet
facet normal 0.286080 -0.804505 0.520509
outer loop
vertex 22.103221 0.813640 2.943731
vertex 22.356660 1.405743 3.719599
vertex 21.718847 1.411148 4.078506
endloop
endfacet
facet normal 0.390052 -0.516040 0.762602
outer loop
vertex 22.724753 0.783154 2.662689
vertex 23.320359 0.810968 2.376873
vertex 23.034558 1.391540 2.915916
endloop
endfacet
facet normal 0.633891 -0.549383 0.544390
outer loop
vertex 22.724753 0.783154 2.662689
vertex 23.034558 1.391540 2.915916
vertex 22.356660 1.405743 3.719599
endloop
endfacet
facet normal 0.727683 0.484774 0.485255
outer loop
vertex 23.320359 0.810968 2.376873
vertex 23.936959 0.776918 1.486244
vertex 23.458766 1.399422 1.581449
endloop
endfacet
facet normal 0.936493 0.183602 0.298782
outer loop
vertex 23.320359 0.810968 2.376873
vertex 23.458766 1.399422 1.581449
vertex 23.034558 1.391540 2.915916
endloop
endfacet
facet normal -0.572875 0.755552 0.317735
outer loop
vertex 0.000000 1.392360 1.638163
vertex 0.645576 1.375187 2.842968
vertex 1.012886 1.980173 2.066610
endloop
endfacet
facet normal -0.562180 0.789707 0.245593
outer loop
vertex 0.000000 1.392360 1.638163
vertex 1.012886 1.980173 2.066610
vertex 0.418950 2.021272 0.574896
endloop
endfacet
facet normal -0.601569 0.675891 0.425777
outer loop
vertex 0.645576 1.375187 2.842968
vertex 1.283106 1.406525 3.693971
vertex 1.632456 1.989663 3.261868
endloop
endfacet
facet normal -0.592895 0.746748 0.301402
outer loop
vertex 0.645576 1.375187 2.842968
vertex 1.632456 1.989663 3.261868
vertex 1.012886 1.980173 2.066610
endloop
endfacet
facet normal -0.527681 0.357504 0.770548
outer loop
vertex 1.283106 1.406525 3.693971
vertex 1.841003 1.393759 4.081949
vertex 2.222763 1.985172 4.068992
endloop
endfacet
facet normal -0.591620 0.677852 0.436466
outer loop
vertex 1.283106 1.406525 3.693971
vertex 2.222763 1.985172 4.068992
vertex 1.632456 1.989663 3.261868
endloop
endfacet
facet normal -0.163962 -0.445175 0.880304
outer loop
vertex 1.841003 1.393759 4.081949
vertex 2.455506 1.383188 4.191059
vertex 2.861622 1.980975 4.569005
endloop
endfacet
facet normal -0.567895 0.382547 0.728802
outer loop
vertex 1.841003 1.393759 4.081949
vertex 2.861622 1.980975 4.569005
vertex 2.222763 1.985172 4.068992
endloop
endfacet
facet normal 0.054953 -0.749568 0.659642
outer loop
vertex 2.455506 1.383188 4.191059
vertex 3.049067 1.364083 4.119901
vertex 3.431104 1.970197 4.776817
endloop
endfacet
facet normal -0.328578 -0.335072 0.883042
outer loop
vertex 2.455506 1.383188 4.191059
vertex 3.431104 1.970197 4.776817
vertex 2.861622 1.980975 4.569005
endloop
endfacet
facet normal 0.198286 -0.686221 0.699845
outer loop
vertex 3.049067 1.364083 4.119901
vertex 3.665059 1.378941 3.959942
vertex 4.154092 2.226777 4.652716
endloop
endfacet
facet normal 0.364200 -0.780409 0.508252
outer loop
vertex 3.049067 1.364083 4.119901
vertex 4.154092 2.226777 4.652716
vertex 3.431104 1.970197 4.776817
endloop
endfacet
facet normal -0.073575 -0.761545 0.643923
outer loop
vertex 3.665059 1.378941 3.959942
vertex 4.712072 1.074059 3.719001
vertex 4.739165 1.845023 4.633889
endloop
endfacet
facet normal -0.297083 -0.495557 0.816189
outer loop
vertex 3.665059 1.378941 3.959942
vertex 4.739165 1.845023 4.633889
vertex 4.154092 2.226777 4.652716
endloop
endfacet
facet normal 0.913614 -0.352549 -0.202531
outer loop
vertex 4.712072 1.074059 3.719001
vertex 4.829865 1.656939 3.235735
vertex 5.361539 2.449469 4.254536
endloop
endfacet
facet normal 0.751525 -0.515270 0.411956
outer loop
vertex 4.712072 1.074059 3.719001
vertex 5.361539 2.449469 4.254536
vertex 4.739165 1.845023 4.633889
endloop
endfacet
facet normal -0.216395 -0.771876 0.597813
outer loop
vertex 4.829865 1.656939 3.235735
vertex 5.446000 1.042926 2.665969
vertex 5.914577 1.798391 3.811014
endloop
endfacet
facet normal -0.268228 -0.687524 0.674806
outer loop
vertex 4.829865 1.656939 3.235735
vertex 5.914577 1.798391 3.811014
vertex 5.361539 2.449469 4.254536
endloop
endfacet
facet normal 0.783257 -0.604879 0.143634
outer loop
vertex 5.446000 1.042926 2.665969
vertex 6.049963 1.536424 1.450716
vertex 6.433191 2.394686 2.975275
endloop
endfacet
facet normal 0.798184 -0.598533 0.068259
outer loop
vertex 5.446000 1.042926 2.665969
vertex 6.433191 2.394686 2.975275
vertex 5.914577 1.798391 3.811014
endloop
endfacet
facet normal 0.051048 -0.878430 0.475136
outer loop
vertex 6.049963 1.536424 1.450716
vertex 6.639042 1.026254 0.444226
vertex 7.083162 1.931136 2.069454
endloop
endfacet
facet normal 0.046269 -0.875399 0.481182
outer loop
vertex 6.049963 1.536424 1.450716
vertex 7.083162 1.931136 2.069454
vertex 6.433191 2.394686 2.975275
endloop
endfacet
facet normal 0.643646 -0.531298 0.550856
outer loop
vertex 6.639042 1.026254 0.444226
vertex 7.281068 1.453525 0.106154
vertex 7.523592 2.151865 0.496323
endloop
endfacet
facet normal 0.776548 -0.616303 0.130936
outer loop
vertex 6.639042 1.026254 0.444226
vertex 7.523592 2.151865 0.496323
vertex 7.083162 1.931136 2.069454
endloop
endfacet
facet normal -0.037687 0.330726 0.942974
outer loop
vertex 7.281068 1.453525 0.106154
vertex 7.799045 1.401648 0.145050
vertex 8.102897 1.849844 0.000000
endloop
endfacet
facet normal 0.361428 -0.547281 0.754886
outer loop
vertex 7.281068 1.453525 0.106154
vertex 8.102897 1.849844 0.000000
vertex 7.523592 2.151865 0.496323
endloop
endfacet
facet normal 0.022528 -0.033816 0.999174
outer loop
vertex 7.799045 1.401648 0.145050
vertex 8.479243 1.395792 0.129516
vertex 8.828799 2.139993 0.146822
endloop
endfacet
facet normal -0.358903 0.498662 0.789002
outer loop
vertex 7.799045 1.401648 0.145050
vertex 8.828799 2.139993 0.146822
vertex 8.102897 1.849844 0.000000
endloop
endfacet
facet normal -0.007383 0.015061 0.999859
outer loop
vertex 8.479243 1.395792 0.129516
vertex 9.063451 1.373926 0.134160
vertex 9.493951 1.929882 0.128964
endloop
endfacet
facet normal 0.016971 -0.031211 0.999369
outer loop
vertex 8.479243 1.395792 0.129516
vertex 9.493951 1.929882 0.128964
vertex 8.828799 2.139993 0.146822
endloop
endfacet
facet normal 0.006728 -0.005120 0.999964
outer loop
vertex 9.063451 1.373926 0.134160
vertex 9.684036 1.382440 0.130028
vertex 10.075566 1.971332 0.130409
endloop
endfacet
facet normal -0.003333 0.011925 0.999923
outer loop
vertex 9.063451 1.373926 0.134160
vertex 10.075566 1.971332 0.130409
vertex 9.493951 1.929882 0.128964
endloop
endfacet
facet normal -0.000447 0.000336 1.000000
outer loop
vertex 9.684036 1.382440 0.130028
vertex 10.308959 1.387059 0.130306
vertex 10.695057 1.984123 0.130277
endloop
endfacet
facet normal 0.000229 -0.000799 1.000000
outer loop
vertex 9.684036 1.382440 0.130028
vertex 10.695057 1.984123 0.130277
vertex 10.075566 1.971332 0.130409
endloop
endfacet
facet normal 0.000030 -0.000023 1.000000
outer loop
vertex 10.308959 1.387059 0.130306
vertex 10.912472 1.390151 0.130287
vertex 11.294438 1.974184 0.130290
endloop
endfacet
facet normal -0.000020 0.000060 1.000000
outer loop
vertex 10.308959 1.387059 0.130306
vertex 11.294438 1.974184 0.130290
vertex 10.695057 1.984123 0.130277
endloop
endfacet
facet normal -0.000002 0.000002 1.000000
outer loop
vertex 10.912472 1.390151 0.130287
vertex 11.510051 1.391628 0.130289
vertex 11.887195 1.984207 0.130289
endloop
endfacet
facet normal 0.000002 -0.000005 1.000000
outer loop
vertex 10.912472 1.390151 0.130287
vertex 11.887195 1.984207 0.130289
vertex 11.294438 1.974184 0.130290
endloop
endfacet
facet normal 0.000000 0.000000 1.000000
outer loop
vertex 11.510051 1.391628 0.130289
vertex 12.114778 1.390810 0.130289
vertex 12.490637 1.988988 0.130288
endloop
endfacet
facet normal 0.000000 0.000000 1.000000
outer loop
vertex 11.510051 1.391628 0.130289
vertex 12.490637 1.988988 0.130288
vertex 11.887195 1.984207 0.130289
endloop
endfacet
facet normal 0.000002 -0.000005 1.000000
outer loop
vertex 12.114778 1.390810 0.130289
vertex 12.712586 1.382089 0.130288
vertex 13.089179 1.992875 0.130290
endloop
endfacet
facet normal -0.000003 0.000002 1.000000
outer loop
vertex 12.114778 1.390810 0.130289
vertex 13.089179 1.992875 0.130290
vertex 12.490637 1.988988 0.130288
endloop
endfacet
facet normal -0.000028 0.000056 1.000000
outer loop
vertex 12.712586 1.382089 0.130288
vertex 13.315018 1.392471 0.130304
vertex 13.688203 1.988631 0.130281
endloop
endfacet
facet normal 0.000014 -0.000013 1.000000
outer loop
vertex 12.712586 1.382089 0.130288
vertex 13.688203 1.988631 0.130281
vertex 13.089179 1.992875 0.130290
endloop
endfacet
facet normal 0.000440 -0.000748 1.000000
outer loop
vertex 13.315018 1.392471 0.130304
vertex 13.918871 1.385138 0.130033
vertex 14.289702 1.995643 0.130326
endloop
endfacet
facet normal -0.000076 0.000086 1.000000
outer loop
vertex 13.315018 1.392471 0.130304
vertex 14.289702 1.995643 0.130326
vertex 13.688203 1.988631 0.130281
endloop
endfacet
facet normal -0.007066 0.012166 0.999901
outer loop
vertex 13.918871 1.385138 0.130033
vertex 14.512225 1.383552 0.134245
vertex 14.905875 1.980786 0.129761
endloop
endfacet
facet normal 0.000893 -0.001023 0.999999
outer loop
vertex 13.918871 1.385138 0.130033
vertex 14.905875 1.980786 0.129761
vertex 14.289702 1.995643 0.130326
endloop
endfacet
facet normal 0.008967 -0.029500 0.999525
outer loop
vertex 14.512225 1.383552 0.134245
vertex 15.117158 1.374624 0.128555
vertex 15.505581 1.949169 0.142027
endloop
endfacet
facet normal -0.019378 0.020279 0.999607
outer loop
vertex 14.512225 1.383552 0.134245
vertex 15.505581 1.949169 0.142027
vertex 14.905875 1.980786 0.129761
endloop
endfacet
facet normal -0.018683 0.095854 0.995220
outer loop
vertex 15.117158 1.374624 0.128555
vertex 15.734483 1.422620 0.135521
vertex 16.154713 2.106195 0.077572
endloop
endfacet
facet normal 0.123800 -0.106828 0.986540
outer loop
vertex 15.117158 1.374624 0.128555
vertex 16.154713 2.106195 0.077572
vertex 15.505581 1.949169 0.142027
endloop
endfacet
facet normal -0.037080 -0.611731 0.790196
outer loop
vertex 15.734483 1.422620 0.135521
vertex 16.310362 1.341909 0.100061
vertex 16.721721 1.931339 0.575672
endloop
endfacet
facet normal -0.535647 0.392667 0.747592
outer loop
vertex 15.734483 1.422620 0.135521
vertex 16.721721 1.931339 0.575672
vertex 16.154713 2.106195 0.077572
endloop
endfacet
facet normal 0.180077 -0.940595 0.287844
outer loop
vertex 16.310362 1.341909 0.100061
vertex 17.087032 1.568856 0.355774
vertex 17.355307 2.129114 2.018712
endloop
endfacet
facet normal -0.877619 0.339055 0.338862
outer loop
vertex 16.310362 1.341909 0.100061
vertex 17.355307 2.129114 2.018712
vertex 16.721721 1.931339 0.575672
endloop
endfacet
facet normal -0.927508 -0.263211 0.265421
outer loop
vertex 17.087032 1.568856 0.355774
vertex 17.557995 1.099633 1.536228
vertex 17.838348 1.725875 3.136943
endloop
endfacet
facet normal -0.899534 -0.349029 0.262709
outer loop
vertex 17.087032 1.568856 0.355774
vertex 17.838348 1.725875 3.136943
vertex 17.355307 2.129114 2.018712
endloop
endfacet
facet normal 0.912897 -0.185888 -0.363407
outer loop
vertex 17.557995 1.099633 1.536228
vertex 18.104751 1.747523 2.578301
vertex 18.653775 2.238340 3.706418
endloop
endfacet
facet normal 0.359658 -0.888605 0.284654
outer loop
vertex 17.557995 1.099633 1.536228
vertex 18.653775 2.238340 3.706418
vertex 17.838348 1.725875 3.136943
endloop
endfacet
facet normal -0.852772 -0.249482 0.458846
outer loop
vertex 18.104751 1.747523 2.578301
vertex 18.642374 1.235284 3.298969
vertex 19.079836 1.714119 4.372348
endloop
endfacet
facet normal -0.874182 -0.109516 0.473089
outer loop
vertex 18.104751 1.747523 2.578301
vertex 19.079836 1.714119 4.372348
vertex 18.653775 2.238340 3.706418
endloop
endfacet
facet normal -0.146420 -0.770097 0.620896
outer loop
vertex 18.642374 1.235284 3.298969
vertex 19.294606 1.420216 3.682150
vertex 19.793218 2.029144 4.554987
endloop
endfacet
facet normal 0.330673 -0.904656 0.268800
outer loop
vertex 18.642374 1.235284 3.298969
vertex 19.793218 2.029144 4.554987
vertex 19.079836 1.714119 4.372348
endloop
endfacet
facet normal -0.374118 -0.624972 0.685161
outer loop
vertex 19.294606 1.420216 3.682150
vertex 19.950413 1.340968 3.967954
vertex 20.358100 1.952462 4.748340
endloop
endfacet
facet normal -0.317871 -0.682740 0.657894
outer loop
vertex 19.294606 1.420216 3.682150
vertex 20.358100 1.952462 4.748340
vertex 19.793218 2.029144 4.554987
endloop
endfacet
facet normal -0.116019 -0.699572 0.705080
outer loop
vertex 19.950413 1.340968 3.967954
vertex 20.543146 1.392652 4.116767
vertex 20.928068 1.995533 4.778276
endloop
endfacet
facet normal 0.028090 -0.793896 0.607405
outer loop
vertex 19.950413 1.340968 3.967954
vertex 20.928068 1.995533 4.778276
vertex 20.358100 1.952462 4.748340
endloop
endfacet
facet normal -0.075593 -0.496693 0.864628
outer loop
vertex 20.543146 1.392652 4.116767
vertex 21.133667 1.401771 4.173634
vertex 21.534995 1.992965 4.548338
endloop
endfacet
facet normal 0.218293 -0.781168 0.584914
outer loop
vertex 20.543146 1.392652 4.116767
vertex 21.534995 1.992965 4.548338
vertex 20.928068 1.995533 4.778276
endloop
endfacet
facet normal 0.161122 -0.063131 0.984913
outer loop
vertex 21.133667 1.401771 4.173634
vertex 21.718847 1.411148 4.078506
vertex 22.133867 1.979176 4.047022
endloop
endfacet
facet normal 0.463210 -0.676968 0.571971
outer loop
vertex 21.133667 1.401771 4.173634
vertex 22.133867 1.979176 4.047022
vertex 21.534995 1.992965 4.548338
endloop
endfacet
facet normal 0.447392 0.421638 0.788709
outer loop
vertex 21.718847 1.411148 4.078506
vertex 22.356660 1.405743 3.719599
vertex 22.741105 1.932405 3.219975
endloop
endfacet
facet normal 0.694921 -0.477954 0.537257
outer loop
vertex 21.718847 1.411148 4.078506
vertex 22.741105 1.932405 3.219975
vertex 22.133867 1.979176 4.047022
endloop
endfacet
facet normal 0.687683 0.446912 0.572156
outer loop
vertex 22.356660 1.405743 3.719599
vertex 23.034558 1.391540 2.915916
vertex 23.377765 1.965908 2.054771
endloop
endfacet
facet normal 0.864165 -0.188004 0.466769
outer loop
vertex 22.356660 1.405743 3.719599
vertex 23.377765 1.965908 2.054771
vertex 22.741105 1.932405 3.219975
endloop
endfacet
facet normal 0.900682 -0.328486 0.284374
outer loop
vertex 23.034558 1.391540 2.915916
vertex 23.458766 1.399422 1.581449
vertex 24.000000 2.017556 0.581245
endloop
endfacet
facet normal 0.920247 0.034556 0.389810
outer loop
vertex 23.034558 1.391540 2.915916
vertex 24.000000 2.017556 0.581245
vertex 23.377765 1.965908 2.054771
endloop
endfacet
facet normal -0.861966 0.363665 0.353217
outer loop
vertex 0.418950 2.021272 0.574896
vertex 1.012886 1.980173 2.066610
vertex 0.672071 2.574568 0.622933
endloop
endfacet
facet normal -0.640689 0.229489 0.732703
outer loop
vertex 0.418950 2.021272 0.574896
vertex 0.672071 2.574568 0.622933
vertex 0.106374 2.591423 0.122998
endloop
endfacet
facet normal -0.845576 0.308260 0.435863
outer loop
vertex 1.012886 1.980173 2.066610
vertex 1.632456 1.989663 3.261868
vertex 1.275376 2.553424 2.170417
endloop
endfacet
facet normal -0.875243 0.338145 0.345844
outer loop
vertex 1.012886 1.980173 2.066610
vertex 1.275376 2.553424 2.170417
vertex 0.672071 2.574568 0.622933
endloop
endfacet
facet normal -0.794296 0.174617 0.581896
outer loop
vertex 1.632456 1.989663 3.261868
vertex 2.222763 1.985172 4.068992
vertex 1.864751 2.586946 3.399719
endloop
endfacet
facet normal -0.876716 0.245506 0.413637
outer loop
vertex 1.632456 1.989663 3.261868
vertex 1.864751 2.586946 3.399719
vertex 1.275376 2.553424 2.170417
endloop
endfacet
facet normal -0.614679 0.066967 0.785929
outer loop
vertex 2.222763 1.985172 4.068992
vertex 2.861622 1.980975 4.569005
vertex 2.449603 2.607001 4.193420
endloop
endfacet
facet normal -0.794906 0.173649 0.581352
outer loop
vertex 2.222763 1.985172 4.068992
vertex 2.449603 2.607001 4.193420
vertex 1.864751 2.586946 3.399719
endloop
endfacet
facet normal -0.339347 -0.197531 0.919687
outer loop
vertex 2.861622 1.980975 4.569005
vertex 3.431104 1.970197 4.776817
vertex 3.010506 2.582176 4.753066
endloop
endfacet
facet normal -0.706626 -0.041272 0.706382
outer loop
vertex 2.861622 1.980975 4.569005
vertex 3.010506 2.582176 4.753066
vertex 2.449603 2.607001 4.193420
endloop
endfacet
facet normal 0.298970 -0.430523 0.851626
outer loop
vertex 3.431104 1.970197 4.776817
vertex 4.154092 2.226777 4.652716
vertex 3.602953 2.707211 5.089071
endloop
endfacet
facet normal -0.433023 -0.264158 0.861807
outer loop
vertex 3.431104 1.970197 4.776817
vertex 3.602953 2.707211 5.089071
vertex 3.010506 2.582176 4.753066
endloop
endfacet
facet normal -0.545409 -0.837518 0.033067
outer loop
vertex 4.154092 2.226777 4.652716
vertex 4.739165 1.845023 4.633889
vertex 4.196673 2.218556 5.146802
endloop
endfacet
facet normal -0.637356 -0.769417 0.042124
outer loop
vertex 4.154092 2.226777 4.652716
vertex 4.196673 2.218556 5.146802
vertex 3.602953 2.707211 5.089071
endloop
endfacet
facet normal 0.651058 -0.213172 0.728479
outer loop
vertex 4.739165 1.845023 4.633889
vertex 5.361539 2.449469 4.254536
vertex 4.841903 2.855005 4.837617
endloop
endfacet
facet normal 0.587590 -0.217010 0.779515
outer loop
vertex 4.739165 1.845023 4.633889
vertex 4.841903 2.855005 4.837617
vertex 4.196673 2.218556 5.146802
endloop
endfacet
facet normal -0.810647 -0.547918 -0.206488
outer loop
vertex 5.361539 2.449469 4.254536
vertex 5.914577 1.798391 3.811014
vertex 5.415169 2.254224 4.562073
endloop
endfacet
facet normal -0.755244 -0.604922 -0.252339
outer loop
vertex 5.361539 2.449469 4.254536
vertex 5.415169 2.254224 4.562073
vertex 4.841903 2.855005 4.837617
endloop
endfacet
facet normal 0.891710 -0.225653 0.392344
outer loop
vertex 5.914577 1.798391 3.811014
vertex 6.433191 2.394686 2.975275
vertex 6.023678 2.707122 4.085702
endloop
endfacet
facet normal 0.712283 -0.280060 0.643599
outer loop
vertex 5.914577 1.798391 3.811014
vertex 6.023678 2.707122 4.085702
vertex 5.415169 2.254224 4.562073
endloop
endfacet
facet normal -0.456281 -0.881216 0.123556
outer loop
vertex 6.433191 2.394686 2.975275
vertex 7.083162 1.931136 2.069454
vertex 6.747295 2.284900 3.352218
endloop
endfacet
facet normal -0.428112 -0.898720 0.094985
outer loop
vertex 6.433191 2.394686 2.975275
vertex 6.747295 2.284900 3.352218
vertex 6.023678 2.707122 4.085702
endloop
endfacet
facet normal 0.906122 -0.371943 0.201499
outer loop
vertex 7.083162 1.931136 2.069454
vertex 7.523592 2.151865 0.496323
vertex 7.317012 2.578727 2.213224
endloop
endfacet
facet normal 0.861413 -0.384689 0.331635
outer loop
vertex 7.083162 1.931136 2.069454
vertex 7.317012 2.578727 2.213224
vertex 6.747295 2.284900 3.352218
endloop
endfacet
facet normal 0.075096 -0.810525 0.580870
outer loop
vertex 7.523592 2.151865 0.496323
vertex 8.102897 1.849844 0.000000
vertex 8.107815 2.435967 0.817220
endloop
endfacet
facet normal 0.300644 -0.916462 0.264028
outer loop
vertex 7.523592 2.151865 0.496323
vertex 8.107815 2.435967 0.817220
vertex 7.317012 2.578727 2.213224
endloop
endfacet
facet normal -0.185682 -0.032406 0.982075
outer loop
vertex 8.102897 1.849844 0.000000
vertex 8.828799 2.139993 0.146822
vertex 8.377372 2.755953 0.081795
endloop
endfacet
facet normal 0.930267 -0.300760 0.210111
outer loop
vertex 8.102897 1.849844 0.000000
vertex 8.377372 2.755953 0.081795
vertex 8.107815 2.435967 0.817220
endloop
endfacet
facet normal 0.030128 0.010430 0.999492
outer loop
vertex 8.828799 2.139993 0.146822
vertex 9.493951 1.929882 0.128964
vertex 9.088957 2.661703 0.133535
endloop
endfacet
facet normal -0.064797 0.057683 0.996230
outer loop
vertex 8.828799 2.139993 0.146822
vertex 9.088957 2.661703 0.133535
vertex 8.377372 2.755953 0.081795
endloop
endfacet
facet normal -0.002433 -0.000709 0.999997
outer loop
vertex 9.493951 1.929882 0.128964
vertex 10.075566 1.971332 0.130409
vertex 9.691149 2.480257 0.129834
endloop
endfacet
facet normal 0.005117 -0.003414 0.999981
outer loop
vertex 9.493951 1.929882 0.128964
vertex 9.691149 2.480257 0.129834
vertex 9.088957 2.661703 0.133535
endloop
endfacet
facet normal 0.000212 0.000018 1.000000
outer loop
vertex 10.075566 1.971332 0.130409
vertex 10.695057 1.984123 0.130277
vertex 10.276457 2.685300 0.130354
endloop
endfacet
facet normal -0.001015 0.000363 0.999999
outer loop
vertex 10.075566 1.971332 0.130409
vertex 10.276457 2.685300 0.130354
vertex 9.691149 2.480257 0.129834
endloop
endfacet
facet normal -0.000021 -0.000001 1.000000
outer loop
vertex 10.695057 1.984123 0.130277
vertex 11.294438 1.974184 0.130290
vertex 10.895211 2.571666 0.130282
endloop
endfacet
facet normal 0.000107 -0.000045 1.000000
outer loop
vertex 10.695057 1.984123 0.130277
vertex 10.895211 2.571666 0.130282
vertex 10.276457 2.685300 0.130354
endloop
endfacet
facet normal 0.000002 0.000000 1.000000
outer loop
vertex 11.294438 1.974184 0.130290
vertex 11.887195 1.984207 0.130289
vertex 11.501363 2.598075 0.130289
endloop
endfacet
facet normal -0.000012 0.000005 1.000000
outer loop
vertex 11.294438 1.974184 0.130290
vertex 11.501363 2.598075 0.130289
vertex 10.895211 2.571666 0.130282
endloop
endfacet
facet normal 0.000000 -0.000002 1.000000
outer loop
vertex 11.887195 1.984207 0.130289
vertex 12.490637 1.988988 0.130288
vertex 12.109889 2.587490 0.130290
endloop
endfacet
facet normal -0.000001 -0.000002 1.000000
outer loop
vertex 11.887195 1.984207 0.130289
vertex 12.109889 2.587490 0.130290
vertex 11.501363 2.598075 0.130289
endloop
endfacet
facet normal -0.000003 0.000012 1.000000
outer loop
vertex 12.490637 1.988988 0.130288
vertex 13.089179 1.992875 0.130290
vertex 12.712376 2.590099 0.130282
endloop
endfacet
facet normal 0.000013 0.000006 1.000000
outer loop
vertex 12.490637 1.988988 0.130288
vertex 12.712376 2.590099 0.130282
vertex 12.109889 2.587490 0.130290
endloop
endfacet
facet normal 0.000014 -0.000141 1.000000
outer loop
vertex 13.089179 1.992875 0.130290
vertex 13.688203 1.988631 0.130281
vertex 13.313947 2.589180 0.130371
endloop
endfacet
facet normal -0.000148 -0.000080 1.000000
outer loop
vertex 13.089179 1.992875 0.130290
vertex 13.313947 2.589180 0.130371
vertex 12.712376 2.590099 0.130282
endloop
endfacet
facet normal -0.000085 0.000835 1.000000
outer loop
vertex 13.688203 1.988631 0.130281
vertex 14.289702 1.995643 0.130326
vertex 13.914184 2.584896 0.129802
endloop
endfacet
facet normal 0.000950 0.000443 0.999999
outer loop
vertex 13.688203 1.988631 0.130281
vertex 13.914184 2.584896 0.129802
vertex 13.313947 2.589180 0.130371
endloop
endfacet
facet normal 0.000933 0.000616 0.999999
outer loop
vertex 14.289702 1.995643 0.130326
vertex 14.905875 1.980786 0.129761
vertex 14.525509 2.604366 0.129732
endloop
endfacet
facet normal 0.000086 0.000944 1.000000
outer loop
vertex 14.289702 1.995643 0.130326
vertex 14.525509 2.604366 0.129732
vertex 13.914184 2.584896 0.129802
endloop
endfacet
facet normal -0.017476 0.055829 0.998287
outer loop
vertex 14.905875 1.980786 0.129761
vertex 15.505581 1.949169 0.142027
vertex 15.142728 2.574903 0.100681
endloop
endfacet
facet normal 0.048403 0.029571 0.998390
outer loop
vertex 14.905875 1.980786 0.129761
vertex 15.142728 2.574903 0.100681
vertex 14.525509 2.604366 0.129732
endloop
endfacet
facet normal 0.229393 -0.651438 0.723193
outer loop
vertex 15.505581 1.949169 0.142027
vertex 16.154713 2.106195 0.077572
vertex 15.858327 2.752026 0.753336
endloop
endfacet
facet normal -0.601314 -0.299752 0.740655
outer loop
vertex 15.505581 1.949169 0.142027
vertex 15.858327 2.752026 0.753336
vertex 15.142728 2.574903 0.100681
endloop
endfacet
facet normal -0.445982 -0.872054 0.201549
outer loop
vertex 16.154713 2.106195 0.077572
vertex 16.721721 1.931339 0.575672
vertex 16.392871 2.474233 2.196968
endloop
endfacet
facet normal -0.802850 -0.565617 0.188437
outer loop
vertex 16.154713 2.106195 0.077572
vertex 16.392871 2.474233 2.196968
vertex 15.858327 2.752026 0.753336
endloop
endfacet
facet normal -0.421063 -0.855247 0.302089
outer loop
vertex 16.721721 1.931339 0.575672
vertex 17.355307 2.129114 2.018712
vertex 16.927346 2.782166 3.271065
endloop
endfacet
facet normal -0.065330 -0.950140 0.304905
outer loop
vertex 16.721721 1.931339 0.575672
vertex 16.927346 2.782166 3.271065
vertex 16.392871 2.474233 2.196968
endloop
endfacet
facet normal -0.788387 -0.602713 0.123218
outer loop
vertex 17.355307 2.129114 2.018712
vertex 17.838348 1.725875 3.136943
vertex 17.501839 2.368533 4.127369
endloop
endfacet
facet normal -0.698418 -0.704064 0.128474
outer loop
vertex 17.355307 2.129114 2.018712
vertex 17.501839 2.368533 4.127369
vertex 16.927346 2.782166 3.271065
endloop
endfacet
facet normal 0.051832 -0.778106 0.625991
outer loop
vertex 17.838348 1.725875 3.136943
vertex 18.653775 2.238340 3.706418
vertex 18.129345 2.840073 4.497794
endloop
endfacet
facet normal 0.238076 -0.775829 0.584302
outer loop
vertex 17.838348 1.725875 3.136943
vertex 18.129345 2.840073 4.497794
vertex 17.501839 2.368533 4.127369
endloop
endfacet
facet normal -0.802243 -0.595328 0.044630
outer loop
vertex 18.653775 2.238340 3.706418
vertex 19.079836 1.714119 4.372348
vertex 18.600540 2.400386 4.911057
endloop
endfacet
facet normal -0.709861 -0.701519 0.062998
outer loop
vertex 18.653775 2.238340 3.706418
vertex 18.600540 2.400386 4.911057
vertex 18.129345 2.840073 4.497794
endloop
endfacet
facet normal 0.071115 -0.615918 0.784594
outer loop
vertex 19.079836 1.714119 4.372348
vertex 19.793218 2.029144 4.554987
vertex 19.300341 2.616284 5.060575
endloop
endfacet
facet normal 0.018601 -0.609290 0.792730
outer loop
vertex 19.079836 1.714119 4.372348
vertex 19.300341 2.616284 5.060575
vertex 18.600540 2.400386 4.911057
endloop
endfacet
facet normal -0.331539 -0.593888 0.733062
outer loop
vertex 19.793218 2.029144 4.554987
vertex 20.358100 1.952462 4.748340
vertex 19.923546 2.605383 5.080768
endloop
endfacet
facet normal -0.035756 -0.669169 0.742250
outer loop
vertex 19.793218 2.029144 4.554987
vertex 19.923546 2.605383 5.080768
vertex 19.300341 2.616284 5.060575
endloop
endfacet
facet normal -0.056274 0.051676 0.997077
outer loop
vertex 20.358100 1.952462 4.748340
vertex 20.928068 1.995533 4.778276
vertex 20.538948 2.607396 4.724603
endloop
endfacet
facet normal 0.498326 -0.106419 0.860434
outer loop
vertex 20.358100 1.952462 4.748340
vertex 20.538948 2.607396 4.724603
vertex 19.923546 2.605383 5.080768
endloop
endfacet
facet normal 0.282011 0.613620 0.737523
outer loop
vertex 20.928068 1.995533 4.778276
vertex 21.534995 1.992965 4.548338
vertex 21.179174 2.592696 4.185419
endloop
endfacet
facet normal 0.586445 0.433002 0.684537
outer loop
vertex 20.928068 1.995533 4.778276
vertex 21.179174 2.592696 4.185419
vertex 20.538948 2.607396 4.724603
endloop
endfacet
facet normal 0.468834 0.698329 0.540862
outer loop
vertex 21.534995 1.992965 4.548338
vertex 22.133867 1.979176 4.047022
vertex 21.844928 2.641140 3.442793
endloop
endfacet
facet normal 0.546669 0.646424 0.532250
outer loop
vertex 21.534995 1.992965 4.548338
vertex 21.844928 2.641140 3.442793
vertex 21.179174 2.592696 4.185419
endloop
endfacet
facet normal 0.500292 0.803809 0.321869
outer loop
vertex 22.133867 1.979176 4.047022
vertex 22.741105 1.932405 3.219975
vertex 22.419313 2.549284 2.179606
endloop
endfacet
facet normal 0.746396 0.596025 0.296053
outer loop
vertex 22.133867 1.979176 4.047022
vertex 22.419313 2.549284 2.179606
vertex 21.844928 2.641140 3.442793
endloop
endfacet
facet normal 0.460117 0.843977 0.275672
outer loop
vertex 22.741105 1.932405 3.219975
vertex 23.377765 1.965908 2.054771
vertex 23.063434 2.585061 0.683860
endloop
endfacet
facet normal 0.586799 0.763056 0.270948
outer loop
vertex 22.741105 1.932405 3.219975
vertex 23.063434 2.585061 0.683860
vertex 22.419313 2.549284 2.179606
endloop
endfacet
facet normal 0.593819 0.755329 0.277230
outer loop
vertex 23.377765 1.965908 2.054771
vertex 24.000000 2.017556 0.581245
vertex 23.501635 2.585682 0.100837
endloop
endfacet
facet normal 0.398166 0.866806 0.300186
outer loop
vertex 23.377765 1.965908 2.054771
vertex 23.501635 2.585682 0.100837
vertex 23.063434 2.585061 0.683860
endloop
endfacet
facet normal -0.460501 0.700882 0.544705
outer loop
vertex 0.106374 2.591423 0.122998
vertex 0.672071 2.574568 0.622933
vertex 1.044622 3.197746 0.136036
endloop
endfacet
facet normal -0.010238 -0.005660 0.999932
outer loop
vertex 0.106374 2.591423 0.122998
vertex 1.044622 3.197746 0.136036
vertex 0.477933 3.196658 0.130228
endloop
endfacet
facet normal -0.620794 0.742312 0.252167
outer loop
vertex 0.672071 2.574568 0.622933
vertex 1.275376 2.553424 2.170417
vertex 1.597789 3.239385 0.944858
endloop
endfacet
facet normal -0.622711 0.677758 0.390992
outer loop
vertex 0.672071 2.574568 0.622933
vertex 1.597789 3.239385 0.944858
vertex 1.044622 3.197746 0.136036
endloop
endfacet
facet normal -0.601465 0.752663 0.267841
outer loop
vertex 1.275376 2.553424 2.170417
vertex 1.864751 2.586946 3.399719
vertex 2.228562 3.157167 2.614309
endloop
endfacet
facet normal -0.600877 0.754423 0.264185
outer loop
vertex 1.275376 2.553424 2.170417
vertex 2.228562 3.157167 2.614309
vertex 1.597789 3.239385 0.944858
endloop
endfacet
facet normal -0.511380 0.781660 0.357069
outer loop
vertex 1.864751 2.586946 3.399719
vertex 2.449603 2.607001 4.193420
vertex 2.874016 3.151097 3.610164
endloop
endfacet
facet normal -0.511952 0.790306 0.336633
outer loop
vertex 1.864751 2.586946 3.399719
vertex 2.874016 3.151097 3.610164
vertex 2.228562 3.157167 2.614309
endloop
endfacet
facet normal -0.441079 0.760947 0.475824
outer loop
vertex 2.449603 2.607001 4.193420
vertex 3.010506 2.582176 4.753066
vertex 3.498068 3.162108 4.277588
endloop
endfacet
facet normal -0.452292 0.792130 0.409832
outer loop
vertex 2.449603 2.607001 4.193420
vertex 3.498068 3.162108 4.277588
vertex 2.874016 3.151097 3.610164
endloop
endfacet
facet normal -0.393968 0.835120 0.383881
outer loop
vertex 3.010506 2.582176 4.753066
vertex 3.602953 2.707211 5.089071
vertex 4.163473 3.083350 4.846042
endloop
endfacet
facet normal -0.371805 0.755199 0.539848
outer loop
vertex 3.010506 2.582176 4.753066
vertex 4.163473 3.083350 4.846042
vertex 3.498068 3.162108 4.277588
endloop
endfacet
facet normal -0.200243 -0.128548 0.971277
outer loop
vertex 3.602953 2.707211 5.089071
vertex 4.196673 2.218556 5.146802
vertex 4.721639 3.121450 5.374529
endloop
endfacet
facet normal -0.403860 0.838372 0.366100
outer loop
vertex 3.602953 2.707211 5.089071
vertex 4.721639 3.121450 5.374529
vertex 4.163473 3.083350 4.846042
endloop
endfacet
facet normal 0.699399 -0.714638 -0.011507
outer loop
vertex 4.196673 2.218556 5.146802
vertex 4.841903 2.855005 4.837617
vertex 5.484210 3.476583 5.274356
endloop
endfacet
facet normal 0.297047 -0.392283 0.870561
outer loop
vertex 4.196673 2.218556 5.146802
vertex 5.484210 3.476583 5.274356
vertex 4.721639 3.121450 5.374529
endloop
endfacet
facet normal -0.113938 -0.501943 0.857363
outer loop
vertex 4.841903 2.855005 4.837617
vertex 5.415169 2.254224 4.562073
vertex 5.934196 2.954623 5.041097
endloop
endfacet
facet normal -0.116755 -0.487374 0.865352
outer loop
vertex 4.841903 2.855005 4.837617
vertex 5.934196 2.954623 5.041097
vertex 5.484210 3.476583 5.274356
endloop
endfacet
facet normal 0.693191 -0.679973 0.239005
outer loop
vertex 5.415169 2.254224 4.562073
vertex 6.023678 2.707122 4.085702
vertex 6.625740 3.513380 4.633348
endloop
endfacet
facet normal 0.692320 -0.679372 0.243201
outer loop
vertex 5.415169 2.254224 4.562073
vertex 6.625740 3.513380 4.633348
vertex 5.934196 2.954623 5.041097
endloop
endfacet
facet normal 0.196368 -0.753482 0.627459
outer loop
vertex 6.023678 2.707122 4.085702
vertex 6.747295 2.284900 3.352218
vertex 7.156857 3.056942 4.151146
endloop
endfacet
facet normal 0.150451 -0.629905 0.761961
outer loop
vertex 6.023678 2.707122 4.085702
vertex 7.156857 3.056942 4.151146
vertex 6.625740 3.513380 4.633348
endloop
endfacet
facet normal 0.684782 -0.711177 0.159061
outer loop
vertex 6.747295 2.284900 3.352218
vertex 7.317012 2.578727 2.213224
vertex 7.708934 3.218499 3.386428
endloop
endfacet
facet normal 0.652392 -0.683950 0.326491
outer loop
vertex 6.747295 2.284900 3.352218
vertex 7.708934 3.218499 3.386428
vertex 7.156857 3.056942 4.151146
endloop
endfacet
facet normal 0.401266 -0.860000 0.315254
outer loop
vertex 7.317012 2.578727 2.213224
vertex 8.107815 2.435967 0.817220
vertex 8.400222 3.125945 2.327265
endloop
endfacet
facet normal 0.396833 -0.855074 0.333723
outer loop
vertex 7.317012 2.578727 2.213224
vertex 8.400222 3.125945 2.327265
vertex 7.708934 3.218499 3.386428
endloop
endfacet
facet normal 0.865421 -0.490146 0.103940
outer loop
vertex 8.107815 2.435967 0.817220
vertex 8.377372 2.755953 0.081795
vertex 8.669229 3.385044 0.618329
endloop
endfacet
facet normal 0.864617 -0.498779 0.060479
outer loop
vertex 8.107815 2.435967 0.817220
vertex 8.669229 3.385044 0.618329
vertex 8.400222 3.125945 2.327265
endloop
endfacet
facet normal -0.061441 0.082196 0.994720
outer loop
vertex 8.377372 2.755953 0.081795
vertex 9.088957 2.661703 0.133535
vertex 9.494368 3.199143 0.114166
endloop
endfacet
facet normal 0.255538 -0.693266 0.673856
outer loop
vertex 8.377372 2.755953 0.081795
vertex 9.494368 3.199143 0.114166
vertex 8.669229 3.385044 0.618329
endloop
endfacet
facet normal 0.004716 -0.004747 0.999978
outer loop
vertex 9.088957 2.661703 0.133535
vertex 9.691149 2.480257 0.129834
vertex 10.245895 3.284195 0.131035
endloop
endfacet
facet normal -0.028940 0.057794 0.997909
outer loop
vertex 9.088957 2.661703 0.133535
vertex 10.245895 3.284195 0.131035
vertex 9.494368 3.199143 0.114166
endloop
endfacet
facet normal -0.002569 0.004801 0.999985
outer loop
vertex 9.691149 2.480257 0.129834
vertex 10.276457 2.685300 0.130354
vertex 10.673644 2.911775 0.130287
endloop
endfacet
facet normal 0.000280 -0.001687 0.999999
outer loop
vertex 9.691149 2.480257 0.129834
vertex 10.673644 2.911775 0.130287
vertex 10.245895 3.284195 0.131035
endloop
endfacet
facet normal 0.000101 -0.000079 1.000000
outer loop
vertex 10.276457 2.685300 0.130354
vertex 10.895211 2.571666 0.130282
vertex 11.339479 3.292757 0.130295
endloop
endfacet
facet normal -0.051484 0.089998 -0.994610
outer loop
vertex 10.276457 2.685300 0.130354
vertex 11.339479 3.292757 0.130295
vertex 10.673644 2.911775 0.130287
endloop
endfacet
facet normal -0.000012 0.000012 1.000000
outer loop
vertex 10.895211 2.571666 0.130282
vertex 11.501363 2.598075 0.130289
vertex 11.900847 3.108978 0.130288
endloop
endfacet
facet normal 0.000005 -0.000021 1.000000
outer loop
vertex 10.895211 2.571666 0.130282
vertex 11.900847 3.108978 0.130288
vertex 11.339479 3.292757 0.130295
endloop
endfacet
facet normal 0.000000 0.000094 1.000000
outer loop
vertex 11.501363 2.598075 0.130289
vertex 12.109889 2.587490 0.130290
vertex 12.493426 3.175900 0.130234
endloop
endfacet
facet normal 0.000099 -0.000075 1.000000
outer loop
vertex 11.501363 2.598075 0.130289
vertex 12.493426 3.175900 0.130234
vertex 11.900847 3.108978 0.130288
endloop
endfacet
facet normal 0.000014 -0.000020 1.000000
outer loop
vertex 12.109889 2.587490 0.130290
vertex 12.712376 2.590099 0.130282
vertex 13.089497 3.205658 0.130289
endloop
endfacet
facet normal -0.000100 0.000160 1.000000
outer loop
vertex 12.109889 2.587490 0.130290
vertex 13.089497 3.205658 0.130289
vertex 12.493426 3.175900 0.130234
endloop
endfacet
facet normal -0.000147 0.000271 1.000000
outer loop
vertex 12.712376 2.590099 0.130282
vertex 13.313947 2.589180 0.130371
vertex 13.695989 3.182885 0.130266
endloop
endfacet
facet normal 0.000037 -0.000034 1.000000
outer loop
vertex 12.712376 2.590099 0.130282
vertex 13.695989 3.182885 0.130266
vertex 13.089497 3.205658 0.130289
endloop
endfacet
facet normal 0.000860 -0.012161 0.999926
outer loop
vertex 13.313947 2.589180 0.130371
vertex 13.914184 2.584896 0.129802
vertex 14.288556 3.178515 0.136700
endloop
endfacet
facet normal -0.010805 0.007129 0.999916
outer loop
vertex 13.313947 2.589180 0.130371
vertex 14.288556 3.178515 0.136700
vertex 13.695989 3.182885 0.130266
endloop
endfacet
facet normal -0.002381 0.078391 0.996920
outer loop
vertex 13.914184 2.584896 0.129802
vertex 14.525509 2.604366 0.129732
vertex 14.973327 3.285326 0.077255
endloop
endfacet
facet normal 0.097558 -0.073059 0.992545
outer loop
vertex 13.914184 2.584896 0.129802
vertex 14.973327 3.285326 0.077255
vertex 14.288556 3.178515 0.136700
endloop
endfacet
facet normal -0.003414 -0.737448 0.675395
outer loop
vertex 14.525509 2.604366 0.129732
vertex 15.142728 2.574903 0.100681
vertex 15.503188 3.141115 0.720738
endloop
endfacet
facet normal -0.630657 0.462747 0.623006
outer loop
vertex 14.525509 2.604366 0.129732
vertex 15.503188 3.141115 0.720738
vertex 14.973327 3.285326 0.077255
endloop
endfacet
facet normal -0.066703 -0.942042 0.328796
outer loop
vertex 15.142728 2.574903 0.100681
vertex 15.858327 2.752026 0.753336
vertex 16.128998 3.269005 2.289456
endloop
endfacet
facet normal -0.915428 0.200780 0.348824
outer loop
vertex 15.142728 2.574903 0.100681
vertex 16.128998 3.269005 2.289456
vertex 15.503188 3.141115 0.720738
endloop
endfacet
facet normal -0.911284 -0.302685 0.279183
outer loop
vertex 15.858327 2.752026 0.753336
vertex 16.392871 2.474233 2.196968
vertex 16.597873 2.989596 3.424864
endloop
endfacet
facet normal -0.889790 -0.361565 0.278469
outer loop
vertex 15.858327 2.752026 0.753336
vertex 16.597873 2.989596 3.424864
vertex 16.128998 3.269005 2.289456
endloop
endfacet
facet normal -0.890098 0.273673 0.364457
outer loop
vertex 16.392871 2.474233 2.196968
vertex 16.927346 2.782166 3.271065
vertex 17.410083 3.315595 4.049480
endloop
endfacet
facet normal 0.083303 -0.923759 0.373806
outer loop
vertex 16.392871 2.474233 2.196968
vertex 17.410083 3.315595 4.049480
vertex 16.597873 2.989596 3.424864
endloop
endfacet
facet normal -0.826344 0.017593 0.562891
outer loop
vertex 16.927346 2.782166 3.271065
vertex 17.501839 2.368533 4.127369
vertex 17.903902 3.013518 4.697452
endloop
endfacet
facet normal -0.813331 -0.100262 0.573098
outer loop
vertex 16.927346 2.782166 3.271065
vertex 17.903902 3.013518 4.697452
vertex 17.410083 3.315595 4.049480
endloop
endfacet
facet normal 0.040737 -0.650198 0.758672
outer loop
vertex 17.501839 2.368533 4.127369
vertex 18.129345 2.840073 4.497794
vertex 18.669737 3.387020 4.937522
endloop
endfacet
facet normal 0.119263 -0.698236 0.705863
outer loop
vertex 17.501839 2.368533 4.127369
vertex 18.669737 3.387020 4.937522
vertex 17.903902 3.013518 4.697452
endloop
endfacet
facet normal -0.639749 0.036008 0.767740
outer loop
vertex 18.129345 2.840073 4.497794
vertex 18.600540 2.400386 4.911057
vertex 19.117192 3.027995 5.312141
endloop
endfacet
facet normal -0.637190 0.009982 0.770642
outer loop
vertex 18.129345 2.840073 4.497794
vertex 19.117192 3.027995 5.312141
vertex 18.669737 3.387020 4.937522
endloop
endfacet
facet normal -0.064010 -0.419586 0.905456
outer loop
vertex 18.600540 2.400386 4.911057
vertex 19.300341 2.616284 5.060575
vertex 19.747123 3.215461 5.369817
endloop
endfacet
facet normal 0.104105 -0.595005 0.796951
outer loop
vertex 18.600540 2.400386 4.911057
vertex 19.747123 3.215461 5.369817
vertex 19.117192 3.027995 5.312141
endloop
endfacet
facet normal -0.025629 0.300790 0.953346
outer loop
vertex 19.300341 2.616284 5.060575
vertex 19.923546 2.605383 5.080768
vertex 20.390131 3.197126 4.906611
endloop
endfacet
facet normal 0.433458 -0.646979 0.627321
outer loop
vertex 19.300341 2.616284 5.060575
vertex 20.390131 3.197126 4.906611
vertex 19.747123 3.215461 5.369817
endloop
endfacet
facet normal 0.490681 0.196313 0.848937
outer loop
vertex 19.923546 2.605383 5.080768
vertex 20.538948 2.607396 4.724603
vertex 20.995846 3.186924 4.326506
endloop
endfacet
facet normal 0.654132 -0.313139 0.688517
outer loop
vertex 19.923546 2.605383 5.080768
vertex 20.995846 3.186924 4.326506
vertex 20.390131 3.197126 4.906611
endloop
endfacet
facet normal 0.615547 0.315250 0.722302
outer loop
vertex 20.538948 2.607396 4.724603
vertex 21.179174 2.592696 4.185419
vertex 21.557801 3.179894 3.606469
endloop
endfacet
facet normal 0.772499 -0.193585 0.604789
outer loop
vertex 20.538948 2.607396 4.724603
vertex 21.557801 3.179894 3.606469
vertex 20.995846 3.186924 4.326506
endloop
endfacet
facet normal 0.572485 0.605598 0.552731
outer loop
vertex 21.179174 2.592696 4.185419
vertex 21.844928 2.641140 3.442793
vertex 22.121676 3.159710 2.587985
endloop
endfacet
facet normal 0.871025 -0.084526 0.483911
outer loop
vertex 21.179174 2.592696 4.185419
vertex 22.121676 3.159710 2.587985
vertex 21.557801 3.179894 3.606469
endloop
endfacet
facet normal 0.856249 0.367920 0.362591
outer loop
vertex 21.844928 2.641140 3.442793
vertex 22.419313 2.549284 2.179606
vertex 22.713773 3.140784 0.884051
endloop
endfacet
facet normal 0.944099 0.036271 0.327660
outer loop
vertex 21.844928 2.641140 3.442793
vertex 22.713773 3.140784 0.884051
vertex 22.121676 3.159710 2.587985
endloop
endfacet
facet normal 0.918370 -0.026138 0.394858
outer loop
vertex 22.419313 2.549284 2.179606
vertex 23.063434 2.585061 0.683860
vertex 23.325490 3.185451 0.114106
endloop
endfacet
facet normal 0.513348 0.730590 0.450236
outer loop
vertex 22.419313 2.549284 2.179606
vertex 23.325490 3.185451 0.114106
vertex 22.713773 3.140784 0.884051
endloop
endfacet
facet normal 0.684673 -0.516695 0.514051
outer loop
vertex 23.063434 2.585061 0.683860
vertex 23.501635 2.585682 0.100837
vertex 23.929122 3.191785 0.140681
endloop
endfacet
facet normal -0.038848 0.696708 0.716302
outer loop
vertex 23.063434 2.585061 0.683860
vertex 23.929122 3.191785 0.140681
vertex 23.325490 3.185451 0.114106
endloop
endfacet
facet normal -0.010255 0.002995 0.999943
outer loop
vertex 0.477933 3.196658 0.130228
vertex 1.044622 3.197746 0.136036
vertex 0.669692 3.791293 0.130414
endloop
endfacet
facet normal -0.000215 -0.000243 1.000000
outer loop
vertex 0.477933 3.196658 0.130228
vertex 0.669692 3.791293 0.130414
vertex 0.079187 3.795945 0.130288
endloop
endfacet
facet normal -0.783830 0.341739 0.518483
outer loop
vertex 1.044622 3.197746 0.136036
vertex 1.597789 3.239385 0.944858
vertex 1.285223 3.767204 0.124434
endloop
endfacet
facet normal 0.010339 0.016002 0.999819
outer loop
vertex 1.044622 3.197746 0.136036
vertex 1.285223 3.767204 0.124434
vertex 0.669692 3.791293 0.130414
endloop
endfacet
facet normal -0.871221 0.347913 0.346310
outer loop
vertex 1.597789 3.239385 0.944858
vertex 2.228562 3.157167 2.614309
vertex 1.906190 3.755139 1.202567
endloop
endfacet
facet normal -0.835991 0.257853 0.484387
outer loop
vertex 1.597789 3.239385 0.944858
vertex 1.906190 3.755139 1.202567
vertex 1.285223 3.767204 0.124434
endloop
endfacet
facet normal -0.838439 0.038158 0.543659
outer loop
vertex 2.228562 3.157167 2.614309
vertex 2.874016 3.151097 3.610164
vertex 2.429671 3.804555 2.879025
endloop
endfacet
facet normal -0.941378 0.174343 0.288811
outer loop
vertex 2.228562 3.157167 2.614309
vertex 2.429671 3.804555 2.879025
vertex 1.906190 3.755139 1.202567
endloop
endfacet
facet normal -0.704661 -0.252651 0.663038
outer loop
vertex 2.874016 3.151097 3.610164
vertex 3.498068 3.162108 4.277588
vertex 2.999336 3.805450 3.992692
endloop
endfacet
facet normal -0.886202 -0.095323 0.453388
outer loop
vertex 2.874016 3.151097 3.610164
vertex 2.999336 3.805450 3.992692
vertex 2.429671 3.804555 2.879025
endloop
endfacet
facet normal -0.631720 -0.351943 0.690700
outer loop
vertex 3.498068 3.162108 4.277588
vertex 4.163473 3.083350 4.846042
vertex 3.631169 3.873548 4.761834
endloop
endfacet
facet normal -0.727316 -0.287957 0.622970
outer loop
vertex 3.498068 3.162108 4.277588
vertex 3.631169 3.873548 4.761834
vertex 2.999336 3.805450 3.992692
endloop
endfacet
facet normal -0.551398 -0.555488 0.622410
outer loop
vertex 4.163473 3.083350 4.846042
vertex 4.721639 3.121450 5.374529
vertex 4.163509 3.687272 5.385062
endloop
endfacet
facet normal -0.741898 -0.446457 0.500263
outer loop
vertex 4.163473 3.083350 4.846042
vertex 4.163509 3.687272 5.385062
vertex 3.631169 3.873548 4.761834
endloop
endfacet
facet normal 0.224013 -0.212746 0.951082
outer loop
vertex 4.721639 3.121450 5.374529
vertex 5.484210 3.476583 5.274356
vertex 4.848586 4.065668 5.555840
endloop
endfacet
facet normal -0.150748 -0.166837 0.974392
outer loop
vertex 4.721639 3.121450 5.374529
vertex 4.848586 4.065668 5.555840
vertex 4.163509 3.687272 5.385062
endloop
endfacet
facet normal -0.424918 0.037862 -0.904440
outer loop
vertex 5.484210 3.476583 5.274356
vertex 5.934196 2.954623 5.041097
vertex 5.360104 3.506249 5.333905
endloop
endfacet
facet normal -0.441433 -0.048171 -0.896000
outer loop
vertex 5.484210 3.476583 5.274356
vertex 5.360104 3.506249 5.333905
vertex 4.848586 4.065668 5.555840
endloop
endfacet
facet normal 0.598843 -0.170059 0.782602
outer loop
vertex 5.934196 2.954623 5.041097
vertex 6.625740 3.513380 4.633348
vertex 6.022046 3.908051 5.181053
endloop
endfacet
facet normal 0.316566 -0.166257 0.933887
outer loop
vertex 5.934196 2.954623 5.041097
vertex 6.022046 3.908051 5.181053
vertex 5.360104 3.506249 5.333905
endloop
endfacet
facet normal -0.774989 -0.515362 -0.365778
outer loop
vertex 6.625740 3.513380 4.633348
vertex 7.156857 3.056942 4.151146
vertex 6.569691 3.508303 4.759253
endloop
endfacet
facet normal -0.711380 -0.614288 -0.341451
outer loop
vertex 6.625740 3.513380 4.633348
vertex 6.569691 3.508303 4.759253
vertex 6.022046 3.908051 5.181053
endloop
endfacet
facet normal 0.816598 -0.140439 0.559861
outer loop
vertex 7.156857 3.056942 4.151146
vertex 7.708934 3.218499 3.386428
vertex 7.272092 3.806024 4.170972
endloop
endfacet
facet normal 0.667182 -0.122084 0.734822
outer loop
vertex 7.156857 3.056942 4.151146
vertex 7.272092 3.806024 4.170972
vertex 6.569691 3.508303 4.759253
endloop
endfacet
facet normal 0.810018 -0.211029 0.547118
outer loop
vertex 7.708934 3.218499 3.386428
vertex 8.400222 3.125945 2.327265
vertex 7.872653 3.836268 3.382319
endloop
endfacet
facet normal 0.782683 -0.203511 0.588210
outer loop
vertex 7.708934 3.218499 3.386428
vertex 7.872653 3.836268 3.382319
vertex 7.272092 3.806024 4.170972
endloop
endfacet
facet normal 0.756025 -0.654243 0.019815
outer loop
vertex 8.400222 3.125945 2.327265
vertex 8.669229 3.385044 0.618329
vertex 8.756625 3.532030 2.136953
endloop
endfacet
facet normal 0.720407 -0.352291 0.597415
outer loop
vertex 8.400222 3.125945 2.327265
vertex 8.756625 3.532030 2.136953
vertex 7.872653 3.836268 3.382319
endloop
endfacet
facet normal 0.501430 -0.103819 0.858947
outer loop
vertex 8.669229 3.385044 0.618329
vertex 9.494368 3.199143 0.114166
vertex 9.054826 3.804754 0.443957
endloop
endfacet
facet normal 0.740822 -0.671329 0.022343
outer loop
vertex 8.669229 3.385044 0.618329
vertex 9.054826 3.804754 0.443957
vertex 8.756625 3.532030 2.136953
endloop
endfacet
facet normal -0.025541 0.027485 0.999296
outer loop
vertex 9.494368 3.199143 0.114166
vertex 10.245895 3.284195 0.131035
vertex 9.652678 3.960301 0.097277
endloop
endfacet
facet normal 0.516816 -0.088597 0.851500
outer loop
vertex 9.494368 3.199143 0.114166
vertex 9.652678 3.960301 0.097277
vertex 9.054826 3.804754 0.443957
endloop
endfacet
facet normal -0.221361 -0.252356 -0.941975
outer loop
vertex 10.245895 3.284195 0.131035
vertex 10.673644 2.911775 0.130287
vertex 10.067440 3.435466 0.132445
endloop
endfacet
facet normal -0.187948 -0.212781 -0.958853
outer loop
vertex 10.245895 3.284195 0.131035
vertex 10.067440 3.435466 0.132445
vertex 9.652678 3.960301 0.097277
endloop
endfacet
facet normal 0.000003 -0.000026 1.000000
outer loop
vertex 10.673644 2.911775 0.130287
vertex 11.339479 3.292757 0.130295
vertex 10.901565 3.831339 0.130310
endloop
endfacet
facet normal 0.002915 -0.000747 0.999995
outer loop
vertex 10.673644 2.911775 0.130287
vertex 10.901565 3.831339 0.130310
vertex 10.067440 3.435466 0.132445
endloop
endfacet
facet normal 0.000050 0.000114 1.000000
outer loop
vertex 11.339479 3.292757 0.130295
vertex 11.900847 3.108978 0.130288
vertex 11.433871 3.865341 0.130225
endloop
endfacet
facet normal 0.000153 0.000097 1.000000
outer loop
vertex 11.339479 3.292757 0.130295
vertex 11.433871 3.865341 0.130225
vertex 10.901565 3.831339 0.130310
endloop
endfacet
facet normal 0.000108 -0.000156 1.000000
outer loop
vertex 11.900847 3.108978 0.130288
vertex 12.493426 3.175900 0.130234
vertex 12.083385 3.787935 0.130374
endloop
endfacet
facet normal -0.000238 -0.000063 1.000000
outer loop
vertex 11.900847 3.108978 0.130288
vertex 12.083385 3.787935 0.130374
vertex 11.433871 3.865341 0.130225
endloop
endfacet
facet normal 0.000079 -0.003430 0.999994
outer loop
vertex 12.493426 3.175900 0.130234
vertex 13.089497 3.205658 0.130289
vertex 12.679237 3.810766 0.132397
endloop
endfacet
facet normal -0.003302 -0.002441 0.999992
outer loop
vertex 12.493426 3.175900 0.130234
vertex 12.679237 3.810766 0.132397
vertex 12.083385 3.787935 0.130374
endloop
endfacet
facet normal -0.000091 -0.003425 0.999994
outer loop
vertex 13.089497 3.205658 0.130289
vertex 13.695989 3.182885 0.130266
vertex 13.307680 3.804617 0.132360
endloop
endfacet
facet normal 0.000025 -0.003467 0.999994
outer loop
vertex 13.089497 3.205658 0.130289
vertex 13.307680 3.804617 0.132360
vertex 12.679237 3.810766 0.132397
endloop
endfacet
facet normal -0.010263 0.076326 0.997030
outer loop
vertex 13.695989 3.182885 0.130266
vertex 14.288556 3.178515 0.136700
vertex 13.928926 3.783515 0.086684
endloop
endfacet
facet normal 0.074721 0.043312 0.996263
outer loop
vertex 13.695989 3.182885 0.130266
vertex 13.928926 3.783515 0.086684
vertex 13.307680 3.804617 0.132360
endloop
endfacet
facet normal 0.144162 -0.427561 0.892418
outer loop
vertex 14.288556 3.178515 0.136700
vertex 14.973327 3.285326 0.077255
vertex 14.680231 3.923038 0.430133
endloop
endfacet
facet normal -0.386824 -0.154785 0.909070
outer loop
vertex 14.288556 3.178515 0.136700
vertex 14.680231 3.923038 0.430133
vertex 13.928926 3.783515 0.086684
endloop
endfacet
facet normal -0.513660 -0.824254 0.238239
outer loop
vertex 14.973327 3.285326 0.077255
vertex 15.503188 3.141115 0.720738
vertex 15.144439 3.758350 2.082748
endloop
endfacet
facet normal -0.848370 -0.494509 0.189022
outer loop
vertex 14.973327 3.285326 0.077255
vertex 15.144439 3.758350 2.082748
vertex 14.680231 3.923038 0.430133
endloop
endfacet
facet normal -0.464743 -0.848071 0.254539
outer loop
vertex 15.503188 3.141115 0.720738
vertex 16.128998 3.269005 2.289456
vertex 15.708946 3.831139 3.395428
endloop
endfacet
facet normal -0.481281 -0.839110 0.253500
outer loop
vertex 15.503188 3.141115 0.720738
vertex 15.708946 3.831139 3.395428
vertex 15.144439 3.758350 2.082748
endloop
endfacet
facet normal -0.770686 -0.614963 0.166927
outer loop
vertex 16.128998 3.269005 2.289456
vertex 16.597873 2.989596 3.424864
vertex 16.270622 3.614549 4.216318
endloop
endfacet
facet normal -0.577170 -0.795380 0.185057
outer loop
vertex 16.128998 3.269005 2.289456
vertex 16.270622 3.614549 4.216318
vertex 15.708946 3.831139 3.395428
endloop
endfacet
facet normal -0.140964 -0.790577 0.595918
outer loop
vertex 16.597873 2.989596 3.424864
vertex 17.410083 3.315595 4.049480
vertex 16.923013 3.919304 4.735177
endloop
endfacet
facet normal -0.096875 -0.800225 0.591823
outer loop
vertex 16.597873 2.989596 3.424864
vertex 16.923013 3.919304 4.735177
vertex 16.270622 3.614549 4.216318
endloop
endfacet
facet normal -0.696870 -0.685266 0.211621
outer loop
vertex 17.410083 3.315595 4.049480
vertex 17.903902 3.013518 4.697452
vertex 17.475490 3.616759 5.240089
endloop
endfacet
facet normal -0.617866 -0.753537 0.224550
outer loop
vertex 17.410083 3.315595 4.049480
vertex 17.475490 3.616759 5.240089
vertex 16.923013 3.919304 4.735177
endloop
endfacet
facet normal 0.009119 -0.553839 0.832574
outer loop
vertex 17.903902 3.013518 4.697452
vertex 18.669737 3.387020 4.937522
vertex 18.117705 3.914100 5.294189
endloop
endfacet
facet normal 0.198676 -0.573688 0.794614
outer loop
vertex 17.903902 3.013518 4.697452
vertex 18.117705 3.914100 5.294189
vertex 17.475490 3.616759 5.240089
endloop
endfacet
facet normal -0.709720 -0.675362 0.200458
outer loop
vertex 18.669737 3.387020 4.937522
vertex 19.117192 3.027995 5.312141
vertex 18.621314 3.644568 5.633785
endloop
endfacet
facet normal -0.581239 -0.775518 0.246441
outer loop
vertex 18.669737 3.387020 4.937522
vertex 18.621314 3.644568 5.633785
vertex 18.117705 3.914100 5.294189
endloop
endfacet
facet normal -0.097651 0.022018 0.994977
outer loop
vertex 19.117192 3.027995 5.312141
vertex 19.747123 3.215461 5.369817
vertex 19.334282 3.822761 5.315860
endloop
endfacet
facet normal 0.429413 -0.121482 0.894900
outer loop
vertex 19.117192 3.027995 5.312141
vertex 19.334282 3.822761 5.315860
vertex 18.621314 3.644568 5.633785
endloop
endfacet
facet normal 0.500687 0.543777 0.673513
outer loop
vertex 19.747123 3.215461 5.369817
vertex 20.390131 3.197126 4.906611
vertex 19.951183 3.811344 4.737019
endloop
endfacet
facet normal 0.608435 0.470401 0.639163
outer loop
vertex 19.747123 3.215461 5.369817
vertex 19.951183 3.811344 4.737019
vertex 19.334282 3.822761 5.315860
endloop
endfacet
facet normal 0.523059 0.663887 0.534475
outer loop
vertex 20.390131 3.197126 4.906611
vertex 20.995846 3.186924 4.326506
vertex 20.587842 3.799762 3.964570
endloop
endfacet
facet normal 0.627852 0.589134 0.508648
outer loop
vertex 20.390131 3.197126 4.906611
vertex 20.587842 3.799762 3.964570
vertex 19.951183 3.811344 4.737019
endloop
endfacet
facet normal 0.524627 0.750378 0.402120
outer loop
vertex 20.995846 3.186924 4.326506
vertex 21.557801 3.179894 3.606469
vertex 21.238929 3.795828 2.873120
endloop
endfacet
facet normal 0.647720 0.658021 0.384015
outer loop
vertex 20.995846 3.186924 4.326506
vertex 21.238929 3.795828 2.873120
vertex 20.587842 3.799762 3.964570
endloop
endfacet
facet normal 0.528138 0.802885 0.276488
outer loop
vertex 21.557801 3.179894 3.606469
vertex 22.121676 3.159710 2.587985
vertex 21.842337 3.802761 1.254236
endloop
endfacet
facet normal 0.694044 0.670736 0.261564
outer loop
vertex 21.557801 3.179894 3.606469
vertex 21.842337 3.802761 1.254236
vertex 21.238929 3.795828 2.873120
endloop
endfacet
facet normal 0.778311 0.569621 0.264127
outer loop
vertex 22.121676 3.159710 2.587985
vertex 22.713773 3.140784 0.884051
vertex 22.424423 3.842525 0.223302
endloop
endfacet
facet normal 0.474332 0.827746 0.299744
outer loop
vertex 22.121676 3.159710 2.587985
vertex 22.424423 3.842525 0.223302
vertex 21.842337 3.802761 1.254236
endloop
endfacet
facet normal 0.692799 0.434381 0.575624
outer loop
vertex 22.713773 3.140784 0.884051
vertex 23.325490 3.185451 0.114106
vertex 22.948410 3.784883 0.115598
endloop
endfacet
facet normal 0.215365 0.715038 0.665086
outer loop
vertex 22.713773 3.140784 0.884051
vertex 22.948410 3.784883 0.115598
vertex 22.424423 3.842525 0.223302
endloop
endfacet
facet normal -0.043859 -0.011631 0.998970
outer loop
vertex 23.325490 3.185451 0.114106
vertex 23.929122 3.191785 0.140681
vertex 23.534818 3.790048 0.130335
endloop
endfacet
facet normal -0.024960 -0.018189 0.999523
outer loop
vertex 23.325490 3.185451 0.114106
vertex 23.534818 3.790048 0.130335
vertex 22.948410 3.784883 0.115598
endloop
endfacet
facet normal -0.000210 0.000402 1.000000
outer loop
vertex 0.079187 3.795945 0.130288
vertex 0.669692 3.791293 0.130414
vertex 1.057312 4.394040 0.130253
endloop
endfacet
facet normal 0.000063 -0.000044 1.000000
outer loop
vertex 0.079187 3.795945 0.130288
vertex 1.057312 4.394040 0.130253
vertex 0.477642 4.391660 0.130289
endloop
endfacet
facet normal 0.008955 -0.019366 0.999772
outer loop
vertex 0.669692 3.791293 0.130414
vertex 1.285223 3.767204 0.124434
vertex 1.669286 4.394832 0.133151
endloop
endfacet
facet normal -0.004741 0.003316 0.999983
outer loop
vertex 0.669692 3.791293 0.130414
vertex 1.669286 4.394832 0.133151
vertex 1.057312 4.394040 0.130253
endloop
endfacet
facet normal -0.705080 0.576766 0.412556
outer loop
vertex 1.285223 3.767204 0.124434
vertex 1.906190 3.755139 1.202567
vertex 2.128271 4.405528 0.672852
endloop
endfacet
facet normal -0.696142 0.417880 0.583749
outer loop
vertex 1.285223 3.767204 0.124434
vertex 2.128271 4.405528 0.672852
vertex 1.669286 4.394832 0.133151
endloop
endfacet
facet normal -0.752451 0.622007 0.216622
outer loop
vertex 1.906190 3.755139 1.202567
vertex 2.429671 3.804555 2.879025
vertex 2.840814 4.371571 2.679029
endloop
endfacet
facet normal -0.805044 0.514867 0.294646
outer loop
vertex 1.906190 3.755139 1.202567
vertex 2.840814 4.371571 2.679029
vertex 2.128271 4.405528 0.672852
endloop
endfacet
facet normal -0.672422 0.655671 0.343431
outer loop
vertex 2.429671 3.804555 2.879025
vertex 2.999336 3.805450 3.992692
vertex 3.460857 4.340028 3.875723
endloop
endfacet
facet normal -0.684577 0.627326 0.371235
outer loop
vertex 2.429671 3.804555 2.879025
vertex 3.460857 4.340028 3.875723
vertex 2.840814 4.371571 2.679029
endloop
endfacet
facet normal -0.571847 0.712462 0.406680
outer loop
vertex 2.999336 3.805450 3.992692
vertex 3.631169 3.873548 4.761834
vertex 4.136311 4.346322 4.643881
endloop
endfacet
facet normal -0.590417 0.622209 0.514066
outer loop
vertex 2.999336 3.805450 3.992692
vertex 4.136311 4.346322 4.643881
vertex 3.460857 4.340028 3.875723
endloop
endfacet
facet normal -0.550443 0.544467 0.632904
outer loop
vertex 3.631169 3.873548 4.761834
vertex 4.163509 3.687272 5.385062
vertex 4.692250 4.330855 5.291260
endloop
endfacet
facet normal -0.537875 0.694078 0.478484
outer loop
vertex 3.631169 3.873548 4.761834
vertex 4.692250 4.330855 5.291260
vertex 4.136311 4.346322 4.643881
endloop
endfacet
facet normal -0.274626 0.064204 0.959405
outer loop
vertex 4.163509 3.687272 5.385062
vertex 4.848586 4.065668 5.555840
vertex 5.466530 4.587591 5.697796
endloop
endfacet
facet normal -0.525349 0.528768 0.666643
outer loop
vertex 4.163509 3.687272 5.385062
vertex 5.466530 4.587591 5.697796
vertex 4.692250 4.330855 5.291260
endloop
endfacet
facet normal -0.096692 -0.442173 0.891703
outer loop
vertex 4.848586 4.065668 5.555840
vertex 5.360104 3.506249 5.333905
vertex 5.870142 4.166509 5.716617
endloop
endfacet
facet normal -0.145554 -0.095502 0.984730
outer loop
vertex 4.848586 4.065668 5.555840
vertex 5.870142 4.166509 5.716617
vertex 5.466530 4.587591 5.697796
endloop
endfacet
facet normal 0.527196 -0.669409 0.523408
outer loop
vertex 5.360104 3.506249 5.333905
vertex 6.022046 3.908051 5.181053
vertex 6.521876 4.483662 5.413779
endloop
endfacet
facet normal 0.552298 -0.694193 0.461588
outer loop
vertex 5.360104 3.506249 5.333905
vertex 6.521876 4.483662 5.413779
vertex 5.870142 4.166509 5.716617
endloop
endfacet
facet normal 0.212535 -0.556411 0.803266
outer loop
vertex 6.022046 3.908051 5.181053
vertex 6.569691 3.508303 4.759253
vertex 7.079595 4.335880 5.197589
endloop
endfacet
facet normal 0.191712 -0.506387 0.840725
outer loop
vertex 6.022046 3.908051 5.181053
vertex 7.079595 4.335880 5.197589
vertex 6.521876 4.483662 5.413779
endloop
endfacet
facet normal 0.553571 -0.790957 0.260665
outer loop
vertex 6.569691 3.508303 4.759253
vertex 7.272092 3.806024 4.170972
vertex 7.743354 4.331239 4.763860
endloop
endfacet
facet normal 0.428432 -0.614733 0.662231
outer loop
vertex 6.569691 3.508303 4.759253
vertex 7.743354 4.331239 4.763860
vertex 7.079595 4.335880 5.197589
endloop
endfacet
facet normal 0.444143 -0.842110 0.305922
outer loop
vertex 7.272092 3.806024 4.170972
vertex 7.872653 3.836268 3.382319
vertex 8.281003 4.330476 4.149871
endloop
endfacet
facet normal 0.432863 -0.817426 0.380059
outer loop
vertex 7.272092 3.806024 4.170972
vertex 8.281003 4.330476 4.149871
vertex 7.743354 4.331239 4.763860
endloop
endfacet
facet normal 0.458571 -0.731735 0.504258
outer loop
vertex 7.872653 3.836268 3.382319
vertex 8.756625 3.532030 2.136953
vertex 8.906742 4.392139 3.248551
endloop
endfacet
facet normal 0.482458 -0.830591 0.278122
outer loop
vertex 7.872653 3.836268 3.382319
vertex 8.906742 4.392139 3.248551
vertex 8.281003 4.330476 4.149871
endloop
endfacet
facet normal 0.736140 -0.676513 0.020683
outer loop
vertex 8.756625 3.532030 2.136953
vertex 9.054826 3.804754 0.443957
vertex 9.499923 4.328308 1.727011
endloop
endfacet
facet normal 0.769042 -0.551609 0.322956
outer loop
vertex 8.756625 3.532030 2.136953
vertex 9.499923 4.328308 1.727011
vertex 8.906742 4.392139 3.248551
endloop
endfacet
facet normal 0.530292 -0.478839 0.699645
outer loop
vertex 9.054826 3.804754 0.443957
vertex 9.652678 3.960301 0.097277
vertex 10.033785 4.560259 0.219032
endloop
endfacet
facet normal 0.622268 -0.776275 0.100894
outer loop
vertex 9.054826 3.804754 0.443957
vertex 10.033785 4.560259 0.219032
vertex 9.499923 4.328308 1.727011
endloop
endfacet
facet normal -0.133370 -0.039039 0.990297
outer loop
vertex 9.652678 3.960301 0.097277
vertex 10.067440 3.435466 0.132445
vertex 10.546072 4.097930 0.223021
endloop
endfacet
facet normal -0.119549 -0.123966 0.985059
outer loop
vertex 9.652678 3.960301 0.097277
vertex 10.546072 4.097930 0.223021
vertex 10.033785 4.560259 0.219032
endloop
endfacet
facet normal -0.004426 0.014720 0.999882
outer loop
vertex 10.067440 3.435466 0.132445
vertex 10.901565 3.831339 0.130310
vertex 10.964713 4.861052 0.115430
endloop
endfacet
facet normal 0.745816 -0.474997 -0.467051
outer loop
vertex 10.067440 3.435466 0.132445
vertex 10.964713 4.861052 0.115430
vertex 10.546072 4.097930 0.223021
endloop
endfacet
facet normal 0.000138 0.000338 1.000000
outer loop
vertex 10.901565 3.831339 0.130310
vertex 11.433871 3.865341 0.130225
vertex 11.918732 4.364163 0.129989
endloop
endfacet
facet normal -0.007494 0.014908 0.999861
outer loop
vertex 10.901565 3.831339 0.130310
vertex 11.918732 4.364163 0.129989
vertex 10.964713 4.861052 0.115430
endloop
endfacet
facet normal -0.001169 -0.007878 0.999968
outer loop
vertex 11.433871 3.865341 0.130225
vertex 12.083385 3.787935 0.130374
vertex 12.509297 4.375363 0.135500
endloop
endfacet
facet normal -0.009515 0.009721 0.999907
outer loop
vertex 11.433871 3.865341 0.130225
vertex 12.509297 4.375363 0.135500
vertex 11.918732 4.364163 0.129989
endloop
endfacet
facet normal -0.007626 0.110954 0.993796
outer loop
vertex 12.083385 3.787935 0.130374
vertex 12.679237 3.810766 0.132397
vertex 13.129986 4.312852 0.079800
endloop
endfacet
facet normal 0.082338 -0.068374 0.994256
outer loop
vertex 12.083385 3.787935 0.130374
vertex 13.129986 4.312852 0.079800
vertex 12.509297 4.375363 0.135500
endloop
endfacet
facet normal -0.000349 -0.041744 0.999128
outer loop
vertex 12.679237 3.810766 0.132397
vertex 13.307680 3.804617 0.132360
vertex 13.723740 4.537677 0.163133
endloop
endfacet
facet normal -0.249316 0.319591 0.914168
outer loop
vertex 12.679237 3.810766 0.132397
vertex 13.723740 4.537677 0.163133
vertex 13.129986 4.312852 0.079800
endloop
endfacet
facet normal 0.051742 -0.428874 0.901881
outer loop
vertex 13.307680 3.804617 0.132360
vertex 13.928926 3.783515 0.086684
vertex 14.262639 4.305182 0.315608
endloop
endfacet
facet normal -0.234055 0.092213 0.967840
outer loop
vertex 13.307680 3.804617 0.132360
vertex 14.262639 4.305182 0.315608
vertex 13.723740 4.537677 0.163133
endloop
endfacet
facet normal -0.002512 -0.924538 0.381081
outer loop
vertex 13.928926 3.783515 0.086684
vertex 14.680231 3.923038 0.430133
vertex 14.902211 4.439596 1.684815
endloop
endfacet
facet normal -0.849749 0.386035 0.359030
outer loop
vertex 13.928926 3.783515 0.086684
vertex 14.902211 4.439596 1.684815
vertex 14.262639 4.305182 0.315608
endloop
endfacet
facet normal -0.951537 -0.180022 0.249340
outer loop
vertex 14.680231 3.923038 0.430133
vertex 15.144439 3.758350 2.082748
vertex 15.368462 4.248942 3.291876
endloop
endfacet
facet normal -0.946737 -0.202089 0.250699
outer loop
vertex 14.680231 3.923038 0.430133
vertex 15.368462 4.248942 3.291876
vertex 14.902211 4.439596 1.684815
endloop
endfacet
facet normal -0.903328 0.204370 0.377136
outer loop
vertex 15.144439 3.758350 2.082748
vertex 15.708946 3.831139 3.395428
vertex 16.152545 4.441571 4.127158
endloop
endfacet
facet normal -0.207448 -0.892482 0.400551
outer loop
vertex 15.144439 3.758350 2.082748
vertex 16.152545 4.441571 4.127158
vertex 15.368462 4.248942 3.291876
endloop
endfacet
facet normal -0.820396 0.035465 0.570695
outer loop
vertex 15.708946 3.831139 3.395428
vertex 16.270622 3.614549 4.216318
vertex 16.676356 4.311121 4.756289
endloop
endfacet
facet normal -0.774417 -0.168300 0.609879
outer loop
vertex 15.708946 3.831139 3.395428
vertex 16.676356 4.311121 4.756289
vertex 16.152545 4.441571 4.127158
endloop
endfacet
facet normal -0.570615 -0.152365 0.806959
outer loop
vertex 16.270622 3.614549 4.216318
vertex 16.923013 3.919304 4.735177
vertex 17.391300 4.456271 5.167697
endloop
endfacet
facet normal -0.390550 -0.411048 0.823718
outer loop
vertex 16.270622 3.614549 4.216318
vertex 17.391300 4.456271 5.167697
vertex 16.676356 4.311121 4.756289
endloop
endfacet
facet normal -0.605025 0.186837 0.773975
outer loop
vertex 16.923013 3.919304 4.735177
vertex 17.475490 3.616759 5.240089
vertex 17.903558 4.328578 5.402881
endloop
endfacet
facet normal -0.457381 -0.280776 0.843782
outer loop
vertex 16.923013 3.919304 4.735177
vertex 17.903558 4.328578 5.402881
vertex 17.391300 4.456271 5.167697
endloop
endfacet
facet normal 0.350239 -0.834029 0.426296
outer loop
vertex 17.475490 3.616759 5.240089
vertex 18.117705 3.914100 5.294189
vertex 18.564157 4.314361 5.710483
endloop
endfacet
facet normal -0.420864 0.045903 0.905962
outer loop
vertex 17.475490 3.616759 5.240089
vertex 18.564157 4.314361 5.710483
vertex 17.903558 4.328578 5.402881
endloop
endfacet
facet normal -0.475984 0.191983 0.858243
outer loop
vertex 18.117705 3.914100 5.294189
vertex 18.621314 3.644568 5.633785
vertex 19.136682 4.417963 5.746606
endloop
endfacet
facet normal 0.099125 -0.768283 0.632388
outer loop
vertex 18.117705 3.914100 5.294189
vertex 19.136682 4.417963 5.746606
vertex 18.564157 4.314361 5.710483
endloop
endfacet
facet normal 0.453274 -0.354189 0.817981
outer loop
vertex 18.621314 3.644568 5.633785
vertex 19.334282 3.822761 5.315860
vertex 19.780645 4.365432 5.303492
endloop
endfacet
facet normal 0.486209 -0.434588 0.758112
outer loop
vertex 18.621314 3.644568 5.633785
vertex 19.780645 4.365432 5.303492
vertex 19.136682 4.417963 5.746606
endloop
endfacet
facet normal 0.616173 -0.422009 0.665011
outer loop
vertex 19.334282 3.822761 5.315860
vertex 19.951183 3.811344 4.737019
vertex 20.399744 4.393895 4.691081
endloop
endfacet
facet normal 0.621529 -0.497433 0.605196
outer loop
vertex 19.334282 3.822761 5.315860
vertex 20.399744 4.393895 4.691081
vertex 19.780645 4.365432 5.303492
endloop
endfacet
facet normal 0.716259 -0.363322 0.595794
outer loop
vertex 19.951183 3.811344 4.737019
vertex 20.587842 3.799762 3.964570
vertex 20.960180 4.388167 3.875764
endloop
endfacet
facet normal 0.708664 -0.506973 0.490686
outer loop
vertex 19.951183 3.811344 4.737019
vertex 20.960180 4.388167 3.875764
vertex 20.399744 4.393895 4.691081
endloop
endfacet
facet normal 0.833957 -0.237013 0.498338
outer loop
vertex 20.587842 3.799762 3.964570
vertex 21.238929 3.795828 2.873120
vertex 21.532008 4.352565 2.647446
endloop
endfacet
facet normal 0.804312 -0.450478 0.387495
outer loop
vertex 20.587842 3.799762 3.964570
vertex 21.532008 4.352565 2.647446
vertex 20.960180 4.388167 3.875764
endloop
endfacet
facet normal 0.930410 -0.120120 0.346278
outer loop
vertex 21.238929 3.795828 2.873120
vertex 21.842337 3.802761 1.254236
vertex 22.164919 4.338630 0.573379
endloop
endfacet
facet normal 0.892258 -0.358362 0.274684
outer loop
vertex 21.238929 3.795828 2.873120
vertex 22.164919 4.338630 0.573379
vertex 21.532008 4.352565 2.647446
endloop
endfacet
facet normal 0.822263 -0.347274 0.450872
outer loop
vertex 21.842337 3.802761 1.254236
vertex 22.424423 3.842525 0.223302
vertex 22.716245 4.383511 0.107784
endloop
endfacet
facet normal 0.519551 0.534362 0.666727
outer loop
vertex 21.842337 3.802761 1.254236
vertex 22.716245 4.383511 0.107784
vertex 22.164919 4.338630 0.573379
endloop
endfacet
facet normal 0.184129 -0.143161 0.972420
outer loop
vertex 22.424423 3.842525 0.223302
vertex 22.948410 3.784883 0.115598
vertex 23.329066 4.388286 0.132354
endloop
endfacet
facet normal -0.040777 0.229639 0.972421
outer loop
vertex 22.424423 3.842525 0.223302
vertex 23.329066 4.388286 0.132354
vertex 22.716245 4.383511 0.107784
endloop
endfacet
facet normal -0.025259 0.015732 0.999557
outer loop
vertex 22.948410 3.784883 0.115598
vertex 23.534818 3.790048 0.130335
vertex 23.905972 4.390394 0.130266
endloop
endfacet
facet normal 0.003727 -0.030107 0.999540
outer loop
vertex 22.948410 3.784883 0.115598
vertex 23.905972 4.390394 0.130266
vertex 23.329066 4.388286 0.132354
endloop
endfacet
facet normal 0.000063 -0.000020 1.000000
outer loop
vertex 0.477642 4.391660 0.130289
vertex 1.057312 4.394040 0.130253
vertex 0.687769 4.991616 0.130288
endloop
endfacet
facet normal 0.000001 0.000002 1.000000
outer loop
vertex 0.477642 4.391660 0.130289
vertex 0.687769 4.991616 0.130288
vertex 0.066546 4.992871 0.130289
endloop
endfacet
facet normal -0.004740 0.002545 0.999986
outer loop
vertex 1.057312 4.394040 0.130253
vertex 1.669286 4.394832 0.133151
vertex 1.258976 4.989333 0.129694
endloop
endfacet
facet normal 0.001043 0.000586 0.999999
outer loop
vertex 1.057312 4.394040 0.130253
vertex 1.258976 4.989333 0.129694
vertex 0.687769 4.991616 0.130288
endloop
endfacet
facet normal -0.749355 0.192852 0.633463
outer loop
vertex 1.669286 4.394832 0.133151
vertex 2.128271 4.405528 0.672852
vertex 1.947206 4.974840 0.285339
endloop
endfacet
facet normal -0.221131 -0.147011 0.964100
outer loop
vertex 1.669286 4.394832 0.133151
vertex 1.947206 4.974840 0.285339
vertex 1.258976 4.989333 0.129694
endloop
endfacet
facet normal -0.919231 -0.225611 0.322669
outer loop
vertex 2.128271 4.405528 0.672852
vertex 2.840814 4.371571 2.679029
vertex 2.508169 4.969369 2.149358
endloop
endfacet
facet normal -0.952065 -0.107989 0.286200
outer loop
vertex 2.128271 4.405528 0.672852
vertex 2.508169 4.969369 2.149358
vertex 1.947206 4.974840 0.285339
endloop
endfacet
facet normal -0.836896 -0.345535 0.424513
outer loop
vertex 2.840814 4.371571 2.679029
vertex 3.460857 4.340028 3.875723
vertex 3.037855 4.974820 3.558498
endloop
endfacet
facet normal -0.916118 -0.203958 0.345152
outer loop
vertex 2.840814 4.371571 2.679029
vertex 3.037855 4.974820 3.558498
vertex 2.508169 4.969369 2.149358
endloop
endfacet
facet normal -0.701473 -0.352004 0.619701
outer loop
vertex 3.460857 4.340028 3.875723
vertex 4.136311 4.346322 4.643881
vertex 3.632537 5.027682 4.460659
endloop
endfacet
facet normal -0.798764 -0.261490 0.541847
outer loop
vertex 3.460857 4.340028 3.875723
vertex 3.632537 5.027682 4.460659
vertex 3.037855 4.974820 3.558498
endloop
endfacet
facet normal -0.690298 -0.429105 0.582543
outer loop
vertex 4.136311 4.346322 4.643881
vertex 4.692250 4.330855 5.291260
vertex 4.187914 4.968035 5.162987
endloop
endfacet
facet normal -0.736098 -0.396782 0.548383
outer loop
vertex 4.136311 4.346322 4.643881
vertex 4.187914 4.968035 5.162987
vertex 3.632537 5.027682 4.460659
endloop
endfacet
facet normal -0.352575 -0.325781 0.877245
outer loop
vertex 4.692250 4.330855 5.291260
vertex 5.466530 4.587591 5.697796
vertex 4.819406 5.149430 5.646359
endloop
endfacet
facet normal -0.537289 -0.264016 0.801009
outer loop
vertex 4.692250 4.330855 5.291260
vertex 4.819406 5.149430 5.646359
vertex 4.187914 4.968035 5.162987
endloop
endfacet
facet normal -0.722157 -0.690025 0.048531
outer loop
vertex 5.466530 4.587591 5.697796
vertex 5.870142 4.166509 5.716617
vertex 5.316070 4.760062 5.911132
endloop
endfacet
facet normal -0.655561 -0.742448 0.137881
outer loop
vertex 5.466530 4.587591 5.697796
vertex 5.316070 4.760062 5.911132
vertex 4.819406 5.149430 5.646359
endloop
endfacet
facet normal 0.432963 -0.029455 0.900930
outer loop
vertex 5.870142 4.166509 5.716617
vertex 6.521876 4.483662 5.413779
vertex 6.071753 5.026340 5.647839
endloop
endfacet
facet normal 0.329570 -0.001756 0.944130
outer loop
vertex 5.870142 4.166509 5.716617
vertex 6.071753 5.026340 5.647839
vertex 5.316070 4.760062 5.911132
endloop
endfacet
facet normal 0.400108 0.202377 0.893844
outer loop
vertex 6.521876 4.483662 5.413779
vertex 7.079595 4.335880 5.197589
vertex 6.606551 5.052257 5.247140
endloop
endfacet
facet normal 0.588727 0.145364 0.795154
outer loop
vertex 6.521876 4.483662 5.413779
vertex 6.606551 5.052257 5.247140
vertex 6.071753 5.026340 5.647839
endloop
endfacet
facet normal 0.546280 0.061476 0.835343
outer loop
vertex 7.079595 4.335880 5.197589
vertex 7.743354 4.331239 4.763860
vertex 7.264549 5.011327 5.026929
endloop
endfacet
facet normal 0.322140 0.148042 0.935045
outer loop
vertex 7.079595 4.335880 5.197589
vertex 7.264549 5.011327 5.026929
vertex 6.606551 5.052257 5.247140
endloop
endfacet
facet normal 0.743026 -0.155960 0.650837
outer loop
vertex 7.743354 4.331239 4.763860
vertex 8.281003 4.330476 4.149871
vertex 7.961581 4.923081 4.656544
endloop
endfacet
facet normal 0.467987 -0.012331 0.883650
outer loop
vertex 7.743354 4.331239 4.763860
vertex 7.961581 4.923081 4.656544
vertex 7.264549 5.011327 5.026929
endloop
endfacet
facet normal 0.820696 -0.096438 0.563168
outer loop
vertex 8.281003 4.330476 4.149871
vertex 8.906742 4.392139 3.248551
vertex 8.488206 4.996948 3.962045
endloop
endfacet
facet normal 0.798346 -0.079994 0.596862
outer loop
vertex 8.281003 4.330476 4.149871
vertex 8.488206 4.996948 3.962045
vertex 7.961581 4.923081 4.656544
endloop
endfacet
facet normal 0.924237 -0.112014 0.365018
outer loop
vertex 8.906742 4.392139 3.248551
vertex 9.499923 4.328308 1.727011
vertex 9.111146 4.907696 2.889203
endloop
endfacet
facet normal 0.865013 0.006739 0.501704
outer loop
vertex 8.906742 4.392139 3.248551
vertex 9.111146 4.907696 2.889203
vertex 8.488206 4.996948 3.962045
endloop
endfacet
facet normal 0.886947 -0.385270 0.254740
outer loop
vertex 9.499923 4.328308 1.727011
vertex 10.033785 4.560259 0.219032
vertex 9.762973 5.074526 1.939713
endloop
endfacet
facet normal 0.784153 -0.409364 0.466396
outer loop
vertex 9.499923 4.328308 1.727011
vertex 9.762973 5.074526 1.939713
vertex 9.111146 4.907696 2.889203
endloop
endfacet
facet normal -0.564458 -0.620756 0.544104
outer loop
vertex 10.033785 4.560259 0.219032
vertex 10.546072 4.097930 0.223021
vertex 10.789366 4.762038 1.233082
endloop
endfacet
facet normal -0.105943 -0.957182 0.269403
outer loop
vertex 10.033785 4.560259 0.219032
vertex 10.789366 4.762038 1.233082
vertex 9.762973 5.074526 1.939713
endloop
endfacet
facet normal 0.167302 0.047063 0.984782
outer loop
vertex 10.546072 4.097930 0.223021
vertex 10.964713 4.861052 0.115430
vertex 10.737349 5.002848 0.147279
endloop
endfacet
facet normal 0.972438 -0.213410 -0.093916
outer loop
vertex 10.546072 4.097930 0.223021
vertex 10.737349 5.002848 0.147279
vertex 10.789366 4.762038 1.233082
endloop
endfacet
facet normal -0.026929 -0.022421 0.999386
outer loop
vertex 10.964713 4.861052 0.115430
vertex 11.918732 4.364163 0.129989
vertex 11.519455 4.938515 0.132116
endloop
endfacet
facet normal 0.001026 -0.217589 0.976040
outer loop
vertex 10.964713 4.861052 0.115430
vertex 11.519455 4.938515 0.132116
vertex 10.737349 5.002848 0.147279
endloop
endfacet
facet normal -0.009293 -0.001995 0.999955
outer loop
vertex 11.918732 4.364163 0.129989
vertex 12.509297 4.375363 0.135500
vertex 12.092299 4.998319 0.132867
endloop
endfacet
facet normal -0.000863 -0.004303 0.999990
outer loop
vertex 11.918732 4.364163 0.129989
vertex 12.092299 4.998319 0.132867
vertex 11.519455 4.938515 0.132116
endloop
endfacet
facet normal 0.093289 0.039840 0.994842
outer loop
vertex 12.509297 4.375363 0.135500
vertex 13.129986 4.312852 0.079800
vertex 12.777772 5.053278 0.083176
endloop
endfacet
facet normal 0.068233 0.049885 0.996421
outer loop
vertex 12.509297 4.375363 0.135500
vertex 12.777772 5.053278 0.083176
vertex 12.092299 4.998319 0.132867
endloop
endfacet
facet normal 0.227696 -0.804612 0.548411
outer loop
vertex 13.129986 4.312852 0.079800
vertex 13.723740 4.537677 0.163133
vertex 13.309485 5.127274 1.200167
endloop
endfacet
facet normal -0.820268 -0.392093 0.416441
outer loop
vertex 13.129986 4.312852 0.079800
vertex 13.309485 5.127274 1.200167
vertex 12.777772 5.053278 0.083176
endloop
endfacet
facet normal -0.437668 -0.872804 0.216009
outer loop
vertex 13.723740 4.537677 0.163133
vertex 14.262639 4.305182 0.315608
vertex 13.926426 4.879206 1.953786
endloop
endfacet
facet normal -0.579329 -0.786089 0.215505
outer loop
vertex 13.723740 4.537677 0.163133
vertex 13.926426 4.879206 1.953786
vertex 13.309485 5.127274 1.200167
endloop
endfacet
facet normal -0.527498 -0.785546 0.323517
outer loop
vertex 14.262639 4.305182 0.315608
vertex 14.902211 4.439596 1.684815
vertex 14.538968 5.171847 2.870555
endloop
endfacet
facet normal -0.033765 -0.945344 0.324323
outer loop
vertex 14.262639 4.305182 0.315608
vertex 14.538968 5.171847 2.870555
vertex 13.926426 4.879206 1.953786
endloop
endfacet
facet normal -0.834704 -0.520297 0.180444
outer loop
vertex 14.902211 4.439596 1.684815
vertex 15.368462 4.248942 3.291876
vertex 15.091609 4.921349 3.950032
endloop
endfacet
facet normal -0.705194 -0.679209 0.203412
outer loop
vertex 14.902211 4.439596 1.684815
vertex 15.091609 4.921349 3.950032
vertex 14.538968 5.171847 2.870555
endloop
endfacet
facet normal -0.394067 -0.742828 0.541219
outer loop
vertex 15.368462 4.248942 3.291876
vertex 16.152545 4.441571 4.127158
vertex 15.732892 5.027422 4.625690
endloop
endfacet
facet normal -0.449722 -0.712437 0.538687
outer loop
vertex 15.368462 4.248942 3.291876
vertex 15.732892 5.027422 4.625690
vertex 15.091609 4.921349 3.950032
endloop
endfacet
facet normal -0.650464 -0.640110 0.408847
outer loop
vertex 16.152545 4.441571 4.127158
vertex 16.676356 4.311121 4.756289
vertex 16.285018 4.898917 5.053961
endloop
endfacet
facet normal -0.511712 -0.739183 0.437904
outer loop
vertex 16.152545 4.441571 4.127158
vertex 16.285018 4.898917 5.053961
vertex 15.732892 5.027422 4.625690
endloop
endfacet
facet normal -0.380048 -0.437679 0.814863
outer loop
vertex 16.676356 4.311121 4.756289
vertex 17.391300 4.456271 5.167697
vertex 16.932984 5.036309 5.265491
endloop
endfacet
facet normal -0.160027 -0.528691 0.833593
outer loop
vertex 16.676356 4.311121 4.756289
vertex 16.932984 5.036309 5.265491
vertex 16.285018 4.898917 5.053961
endloop
endfacet
facet normal -0.453391 -0.592582 0.665795
outer loop
vertex 17.391300 4.456271 5.167697
vertex 17.903558 4.328578 5.402881
vertex 17.473531 4.952156 5.665051
endloop
endfacet
facet normal -0.552186 -0.542975 0.632668
outer loop
vertex 17.391300 4.456271 5.167697
vertex 17.473531 4.952156 5.665051
vertex 16.932984 5.036309 5.265491
endloop
endfacet
facet normal -0.382460 -0.462306 0.799998
outer loop
vertex 17.903558 4.328578 5.402881
vertex 18.564157 4.314361 5.710483
vertex 18.124684 4.984166 5.887451
endloop
endfacet
facet normal -0.253503 -0.518228 0.816808
outer loop
vertex 17.903558 4.328578 5.402881
vertex 18.124684 4.984166 5.887451
vertex 17.473531 4.952156 5.665051
endloop
endfacet
facet normal -0.086441 0.133449 0.987279
outer loop
vertex 18.564157 4.314361 5.710483
vertex 19.136682 4.417963 5.746606
vertex 18.730169 5.011055 5.630846
endloop
endfacet
facet normal 0.389708 0.012398 0.920855
outer loop
vertex 18.564157 4.314361 5.710483
vertex 18.730169 5.011055 5.630846
vertex 18.124684 4.984166 5.887451
endloop
endfacet
facet normal 0.503953 0.548305 0.667377
outer loop
vertex 19.136682 4.417963 5.746606
vertex 19.780645 4.365432 5.303492
vertex 19.345026 4.992241 5.117465
endloop
endfacet
facet normal 0.560041 0.511118 0.652007
outer loop
vertex 19.136682 4.417963 5.746606
vertex 19.345026 4.992241 5.117465
vertex 18.730169 5.011055 5.630846
endloop
endfacet
facet normal 0.546335 0.603898 0.580367
outer loop
vertex 19.780645 4.365432 5.303492
vertex 20.399744 4.393895 4.691081
vertex 19.978622 5.008375 4.448115
endloop
endfacet
facet normal 0.586451 0.576448 0.569020
outer loop
vertex 19.780645 4.365432 5.303492
vertex 19.978622 5.008375 4.448115
vertex 19.345026 4.992241 5.117465
endloop
endfacet
facet normal 0.653519 0.612341 0.444917
outer loop
vertex 20.399744 4.393895 4.691081
vertex 20.960180 4.388167 3.875764
vertex 20.603782 4.993631 3.565959
endloop
endfacet
facet normal 0.645522 0.619185 0.447115
outer loop
vertex 20.399744 4.393895 4.691081
vertex 20.603782 4.993631 3.565959
vertex 19.978622 5.008375 4.448115
endloop
endfacet
facet normal 0.725399 0.609404 0.320037
outer loop
vertex 20.960180 4.388167 3.875764
vertex 21.532008 4.352565 2.647446
vertex 21.220842 4.969672 2.177664
endloop
endfacet
facet normal 0.737271 0.596394 0.317405
outer loop
vertex 20.960180 4.388167 3.875764
vertex 21.220842 4.969672 2.177664
vertex 20.603782 4.993631 3.565959
endloop
endfacet
facet normal 0.858832 0.441895 0.259107
outer loop
vertex 21.532008 4.352565 2.647446
vertex 22.164919 4.338630 0.573379
vertex 21.874392 5.009485 0.392241
endloop
endfacet
facet normal 0.749199 0.596671 0.287548
outer loop
vertex 21.532008 4.352565 2.647446
vertex 21.874392 5.009485 0.392241
vertex 21.220842 4.969672 2.177664
endloop
endfacet
facet normal 0.583479 0.363972 0.726001
outer loop
vertex 22.164919 4.338630 0.573379
vertex 22.716245 4.383511 0.107784
vertex 22.318395 4.985283 0.125840
endloop
endfacet
facet normal 0.484170 0.417326 0.769037
outer loop
vertex 22.164919 4.338630 0.573379
vertex 22.318395 4.985283 0.125840
vertex 21.874392 5.009485 0.392241
endloop
endfacet
facet normal -0.039867 -0.023460 0.998930
outer loop
vertex 22.716245 4.383511 0.107784
vertex 23.329066 4.388286 0.132354
vertex 22.927374 4.987245 0.130388
endloop
endfacet
facet normal -0.007353 -0.034847 0.999366
outer loop
vertex 22.716245 4.383511 0.107784
vertex 22.927374 4.987245 0.130388
vertex 22.318395 4.985283 0.125840
endloop
endfacet
facet normal 0.003611 0.002281 0.999991
outer loop
vertex 23.329066 4.388286 0.132354
vertex 23.905972 4.390394 0.130266
vertex 23.525563 4.985248 0.130282
endloop
endfacet
facet normal 0.000188 0.003407 0.999994
outer loop
vertex 23.329066 4.388286 0.132354
vertex 23.525563 4.985248 0.130282
vertex 22.927374 4.987245 0.130388
endloop
endfacet
facet normal 0.000001 -0.000014 1.000000
outer loop
vertex 0.066546 4.992871 0.130289
vertex 0.687769 4.991616 0.130288
vertex 1.063679 5.588592 0.130296
endloop
endfacet
facet normal -0.000013 0.000010 1.000000
outer loop
vertex 0.066546 4.992871 0.130289
vertex 1.063679 5.588592 0.130296
vertex 0.487887 5.586786 0.130288
endloop
endfacet
facet normal 0.001037 -0.000770 0.999999
outer loop
vertex 0.687769 4.991616 0.130288
vertex 1.258976 4.989333 0.129694
vertex 1.673323 5.585130 0.129723
endloop
endfacet
facet normal 0.000937 -0.000603 0.999999
outer loop
vertex 0.687769 4.991616 0.130288
vertex 1.673323 5.585130 0.129723
vertex 1.063679 5.588592 0.130296
endloop
endfacet
facet normal -0.219064 0.057579 0.974010
outer loop
vertex 1.258976 4.989333 0.129694
vertex 1.947206 4.974840 0.285339
vertex 2.153475 5.578928 0.296020
endloop
endfacet
facet normal -0.316696 0.220201 0.922613
outer loop
vertex 1.258976 4.989333 0.129694
vertex 2.153475 5.578928 0.296020
vertex 1.673323 5.585130 0.129723
endloop
endfacet
facet normal -0.866318 0.425288 0.261960
outer loop
vertex 1.947206 4.974840 0.285339
vertex 2.508169 4.969369 2.149358
vertex 2.745119 5.579394 1.942602
endloop
endfacet
facet normal -0.897544 0.300770 0.322417
outer loop
vertex 1.947206 4.974840 0.285339
vertex 2.745119 5.579394 1.942602
vertex 2.153475 5.578928 0.296020
endloop
endfacet
facet normal -0.808194 0.505683 0.301839
outer loop
vertex 2.508169 4.969369 2.149358
vertex 3.037855 4.974820 3.558498
vertex 3.384141 5.575969 3.478575
endloop
endfacet
facet normal -0.829084 0.439279 0.345910
outer loop
vertex 2.508169 4.969369 2.149358
vertex 3.384141 5.575969 3.478575
vertex 2.745119 5.579394 1.942602
endloop
endfacet
facet normal -0.697031 0.577032 0.425655
outer loop
vertex 3.037855 4.974820 3.558498
vertex 3.632537 5.027682 4.460659
vertex 4.067627 5.578481 4.426460
endloop
endfacet
facet normal -0.712740 0.478727 0.512662
outer loop
vertex 3.037855 4.974820 3.558498
vertex 4.067627 5.578481 4.426460
vertex 3.384141 5.575969 3.478575
endloop
endfacet
facet normal -0.621185 0.568405 0.539486
outer loop
vertex 3.632537 5.027682 4.460659
vertex 4.187914 4.968035 5.162987
vertex 4.673433 5.560819 5.097473
endloop
endfacet
facet normal -0.623311 0.528173 0.576642
outer loop
vertex 3.632537 5.027682 4.460659
vertex 4.673433 5.560819 5.097473
vertex 4.067627 5.578481 4.426460
endloop
endfacet
facet normal -0.531285 0.737215 0.417433
outer loop
vertex 4.187914 4.968035 5.162987
vertex 4.819406 5.149430 5.646359
vertex 5.319485 5.553009 5.570085
endloop
endfacet
facet normal -0.509158 0.494851 0.704188
outer loop
vertex 4.187914 4.968035 5.162987
vertex 5.319485 5.553009 5.570085
vertex 4.673433 5.560819 5.097473
endloop
endfacet
facet normal -0.291657 0.254895 0.921935
outer loop
vertex 4.819406 5.149430 5.646359
vertex 5.316070 4.760062 5.911132
vertex 5.869159 5.532548 5.872527
endloop
endfacet
facet normal -0.370650 0.594188 0.713835
outer loop
vertex 4.819406 5.149430 5.646359
vertex 5.869159 5.532548 5.872527
vertex 5.319485 5.553009 5.570085
endloop
endfacet
facet normal 0.443755 -0.660688 0.605453
outer loop
vertex 5.316070 4.760062 5.911132
vertex 6.071753 5.026340 5.647839
vertex 6.541697 5.534185 5.857578
endloop
endfacet
facet normal 0.022126 0.034091 0.999174
outer loop
vertex 5.316070 4.760062 5.911132
vertex 6.541697 5.534185 5.857578
vertex 5.869159 5.532548 5.872527
endloop
endfacet
facet normal 0.435197 -0.724910 0.533956
outer loop
vertex 6.071753 5.026340 5.647839
vertex 6.606551 5.052257 5.247140
vertex 7.107655 5.562863 5.531929
endloop
endfacet
facet normal 0.405943 -0.643611 0.648825
outer loop
vertex 6.071753 5.026340 5.647839
vertex 7.107655 5.562863 5.531929
vertex 6.541697 5.534185 5.857578
endloop
endfacet
facet normal 0.252428 -0.475609 0.842660
outer loop
vertex 6.606551 5.052257 5.247140
vertex 7.264549 5.011327 5.026929
vertex 7.711799 5.566600 5.206354
endloop
endfacet
facet normal 0.345596 -0.692412 0.633348
outer loop
vertex 6.606551 5.052257 5.247140
vertex 7.711799 5.566600 5.206354
vertex 7.107655 5.562863 5.531929
endloop
endfacet
facet normal 0.367843 -0.467734 0.803689
outer loop
vertex 7.264549 5.011327 5.026929
vertex 7.961581 4.923081 4.656544
vertex 8.319591 5.564040 4.865714
endloop
endfacet
facet normal 0.403563 -0.559085 0.724265
outer loop
vertex 7.264549 5.011327 5.026929
vertex 8.319591 5.564040 4.865714
vertex 7.711799 5.566600 5.206354
endloop
endfacet
facet normal 0.608732 -0.692035 0.387985
outer loop
vertex 7.961581 4.923081 4.656544
vertex 8.488206 4.996948 3.962045
vertex 8.872504 5.603737 4.441407
endloop
endfacet
facet normal 0.543556 -0.518909 0.659758
outer loop
vertex 7.961581 4.923081 4.656544
vertex 8.872504 5.603737 4.441407
vertex 8.319591 5.564040 4.865714
endloop
endfacet
facet normal 0.476049 -0.809450 0.343755
outer loop
vertex 8.488206 4.996948 3.962045
vertex 9.111146 4.907696 2.889203
vertex 9.497366 5.557875 3.885344
endloop
endfacet
facet normal 0.437280 -0.711490 0.550062
outer loop
vertex 8.488206 4.996948 3.962045
vertex 9.497366 5.557875 3.885344
vertex 8.872504 5.603737 4.441407
endloop
endfacet
facet normal 0.516844 -0.830189 0.208946
outer loop
vertex 9.111146 4.907696 2.889203
vertex 9.762973 5.074526 1.939713
vertex 10.121794 5.617691 3.210252
endloop
endfacet
facet normal 0.460018 -0.814584 0.353321
outer loop
vertex 9.111146 4.907696 2.889203
vertex 10.121794 5.617691 3.210252
vertex 9.497366 5.557875 3.885344
endloop
endfacet
facet normal 0.084469 -0.860116 0.503055
outer loop
vertex 9.762973 5.074526 1.939713
vertex 10.789366 4.762038 1.233082
vertex 11.038974 5.394324 2.272243
endloop
endfacet
facet normal 0.138879 -0.924161 0.355864
outer loop
vertex 9.762973 5.074526 1.939713
vertex 11.038974 5.394324 2.272243
vertex 10.121794 5.617691 3.210252
endloop
endfacet
facet normal 0.934515 -0.335388 -0.119152
outer loop
vertex 10.789366 4.762038 1.233082
vertex 10.737349 5.002848 0.147279
vertex 11.021014 5.712988 0.373176
endloop
endfacet
facet normal 0.957002 -0.284470 -0.056785
outer loop
vertex 10.789366 4.762038 1.233082
vertex 11.021014 5.712988 0.373176
vertex 11.038974 5.394324 2.272243
endloop
endfacet
facet normal 0.019076 -0.003759 0.999811
outer loop
vertex 10.737349 5.002848 0.147279
vertex 11.519455 4.938515 0.132116
vertex 11.896947 5.580512 0.127327
endloop
endfacet
facet normal 0.199153 -0.368413 0.908081
outer loop
vertex 10.737349 5.002848 0.147279
vertex 11.896947 5.580512 0.127327
vertex 11.021014 5.712988 0.373176
endloop
endfacet
facet normal -0.008351 0.067445 0.997688
outer loop
vertex 11.519455 4.938515 0.132116
vertex 12.092299 4.998319 0.132867
vertex 12.562712 5.667994 0.091534
endloop
endfacet
facet normal 0.057089 -0.026125 0.998027
outer loop
vertex 11.519455 4.938515 0.132116
vertex 12.562712 5.667994 0.091534
vertex 11.896947 5.580512 0.127327
endloop
endfacet
facet normal 0.106945 -0.668132 0.736316
outer loop
vertex 12.092299 4.998319 0.132867
vertex 12.777772 5.053278 0.083176
vertex 13.034884 5.534250 0.482266
endloop
endfacet
facet normal -0.511581 0.406097 0.757212
outer loop
vertex 12.092299 4.998319 0.132867
vertex 13.034884 5.534250 0.482266
vertex 12.562712 5.667994 0.091534
endloop
endfacet
facet normal -0.887095 -0.160216 0.432890
outer loop
vertex 12.777772 5.053278 0.083176
vertex 13.309485 5.127274 1.200167
vertex 13.746487 5.639772 2.285367
endloop
endfacet
facet normal -0.915453 0.199267 0.349626
outer loop
vertex 12.777772 5.053278 0.083176
vertex 13.746487 5.639772 2.285367
vertex 13.034884 5.534250 0.482266
endloop
endfacet
facet normal -0.727335 -0.546078 0.415672
outer loop
vertex 13.309485 5.127274 1.200167
vertex 13.926426 4.879206 1.953786
vertex 14.231767 5.446458 3.233277
endloop
endfacet
facet normal -0.892450 -0.144196 0.427481
outer loop
vertex 13.309485 5.127274 1.200167
vertex 14.231767 5.446458 3.233277
vertex 13.746487 5.639772 2.285367
endloop
endfacet
facet normal -0.567317 -0.595247 0.569063
outer loop
vertex 13.926426 4.879206 1.953786
vertex 14.538968 5.171847 2.870555
vertex 14.970872 5.678921 3.831539
endloop
endfacet
facet normal -0.049931 -0.908576 0.414725
outer loop
vertex 13.926426 4.879206 1.953786
vertex 14.970872 5.678921 3.831539
vertex 14.231767 5.446458 3.233277
endloop
endfacet
facet normal -0.875656 0.102173 0.472004
outer loop
vertex 14.538968 5.171847 2.870555
vertex 15.091609 4.921349 3.950032
vertex 15.436605 5.450697 4.475477
endloop
endfacet
facet normal -0.824107 -0.255822 0.505373
outer loop
vertex 14.538968 5.171847 2.870555
vertex 15.436605 5.450697 4.475477
vertex 14.970872 5.678921 3.831539
endloop
endfacet
facet normal -0.719279 0.269290 0.640407
outer loop
vertex 15.091609 4.921349 3.950032
vertex 15.732892 5.027422 4.625690
vertex 16.142827 5.631297 4.832184
endloop
endfacet
facet normal -0.229577 -0.606211 0.761448
outer loop
vertex 15.091609 4.921349 3.950032
vertex 16.142827 5.631297 4.832184
vertex 15.436605 5.450697 4.475477
endloop
endfacet
facet normal -0.574415 0.187511 0.796798
outer loop
vertex 15.732892 5.027422 4.625690
vertex 16.285018 4.898917 5.053961
vertex 16.706011 5.562069 5.201397
endloop
endfacet
facet normal -0.539645 0.079744 0.838107
outer loop
vertex 15.732892 5.027422 4.625690
vertex 16.706011 5.562069 5.201397
vertex 16.142827 5.631297 4.832184
endloop
endfacet
facet normal -0.257514 -0.230321 0.938424
outer loop
vertex 16.285018 4.898917 5.053961
vertex 16.932984 5.036309 5.265491
vertex 17.351180 5.584800 5.514867
endloop
endfacet
facet normal -0.437905 0.078894 0.895553
outer loop
vertex 16.285018 4.898917 5.053961
vertex 17.351180 5.584800 5.514867
vertex 16.706011 5.562069 5.201397
endloop
endfacet
facet normal -0.565609 0.183874 0.803913
outer loop
vertex 16.932984 5.036309 5.265491
vertex 17.473531 4.952156 5.665051
vertex 17.916373 5.574675 5.834237
endloop
endfacet
facet normal -0.492130 -0.020458 0.870281
outer loop
vertex 16.932984 5.036309 5.265491
vertex 17.916373 5.574675 5.834237
vertex 17.351180 5.584800 5.514867
endloop
endfacet
facet normal -0.323585 0.258503 0.910203
outer loop
vertex 17.473531 4.952156 5.665051
vertex 18.124684 4.984166 5.887451
vertex 18.521964 5.582932 5.858634
endloop
endfacet
facet normal -0.035852 -0.238265 0.970538
outer loop
vertex 17.473531 4.952156 5.665051
vertex 18.521964 5.582932 5.858634
vertex 17.916373 5.574675 5.834237
endloop
endfacet
facet normal 0.388494 -0.227986 0.892802
outer loop
vertex 18.124684 4.984166 5.887451
vertex 18.730169 5.011055 5.630846
vertex 19.151136 5.591113 5.595790
endloop
endfacet
facet normal 0.379326 -0.208295 0.901513
outer loop
vertex 18.124684 4.984166 5.887451
vertex 19.151136 5.591113 5.595790
vertex 18.521964 5.582932 5.858634
endloop
endfacet
facet normal 0.581621 -0.395102 0.711064
outer loop
vertex 18.730169 5.011055 5.630846
vertex 19.345026 4.992241 5.117465
vertex 19.749634 5.583568 5.115081
endloop
endfacet
facet normal 0.577548 -0.375333 0.724957
outer loop
vertex 18.730169 5.011055 5.630846
vertex 19.749634 5.583568 5.115081
vertex 19.151136 5.591113 5.595790
endloop
endfacet
facet normal 0.659329 -0.434435 0.613638
outer loop
vertex 19.345026 4.992241 5.117465
vertex 19.978622 5.008375 4.448115
vertex 20.366652 5.581992 4.437294
endloop
endfacet
facet normal 0.660131 -0.449261 0.601989
outer loop
vertex 19.345026 4.992241 5.117465
vertex 20.366652 5.581992 4.437294
vertex 19.749634 5.583568 5.115081
endloop
endfacet
facet normal 0.760582 -0.352980 0.544904
outer loop
vertex 19.978622 5.008375 4.448115
vertex 20.603782 4.993631 3.565959
vertex 20.955274 5.580952 3.455800
endloop
endfacet
facet normal 0.744753 -0.495362 0.447169
outer loop
vertex 19.978622 5.008375 4.448115
vertex 20.955274 5.580952 3.455800
vertex 20.366652 5.581992 4.437294
endloop
endfacet
facet normal 0.866470 -0.311040 0.390491
outer loop
vertex 20.603782 4.993631 3.565959
vertex 21.220842 4.969672 2.177664
vertex 21.563688 5.572818 1.897341
endloop
endfacet
facet normal 0.836272 -0.438818 0.328767
outer loop
vertex 20.603782 4.993631 3.565959
vertex 21.563688 5.572818 1.897341
vertex 20.955274 5.580952 3.455800
endloop
endfacet
facet normal 0.906861 -0.267073 0.325999
outer loop
vertex 21.220842 4.969672 2.177664
vertex 21.874392 5.009485 0.392241
vertex 22.114204 5.564780 0.180057
endloop
endfacet
facet normal 0.884162 -0.370046 0.285171
outer loop
vertex 21.220842 4.969672 2.177664
vertex 22.114204 5.564780 0.180057
vertex 21.563688 5.572818 1.897341
endloop
endfacet
facet normal 0.474265 -0.321357 0.819636
outer loop
vertex 21.874392 5.009485 0.392241
vertex 22.318395 4.985283 0.125840
vertex 22.714925 5.586522 0.132125
endloop
endfacet
facet normal 0.063058 0.332351 0.941045
outer loop
vertex 21.874392 5.009485 0.392241
vertex 22.714925 5.586522 0.132125
vertex 22.114204 5.564780 0.180057
endloop
endfacet
facet normal -0.007486 0.005074 0.999959
outer loop
vertex 22.318395 4.985283 0.125840
vertex 22.927374 4.987245 0.130388
vertex 23.316755 5.586953 0.130260
endloop
endfacet
facet normal 0.003107 -0.012503 0.999917
outer loop
vertex 22.318395 4.985283 0.125840
vertex 23.316755 5.586953 0.130260
vertex 22.714925 5.586522 0.132125
endloop
endfacet
facet normal 0.000177 -0.000119 1.000000
outer loop
vertex 22.927374 4.987245 0.130388
vertex 23.525563 4.985248 0.130282
vertex 23.895814 5.587762 0.130289
endloop
endfacet
facet normal -0.000050 0.000246 1.000000
outer loop
vertex 22.927374 4.987245 0.130388
vertex 23.895814 5.587762 0.130289
vertex 23.316755 5.586953 0.130260
endloop
endfacet
facet normal -0.000013 -0.000020 1.000000
outer loop
vertex 0.487887 5.586786 0.130288
vertex 1.063679 5.588592 0.130296
vertex 0.686052 6.190231 0.130303
endloop
endfacet
facet normal -0.000024 -0.000016 1.000000
outer loop
vertex 0.487887 5.586786 0.130288
vertex 0.686052 6.190231 0.130303
vertex 0.095934 6.186490 0.130288
endloop
endfacet
facet normal 0.000942 0.000342 0.999999
outer loop
vertex 1.063679 5.588592 0.130296
vertex 1.673323 5.585130 0.129723
vertex 1.241318 6.183583 0.129925
endloop
endfacet
facet normal 0.000685 0.000419 1.000000
outer loop
vertex 1.063679 5.588592 0.130296
vertex 1.241318 6.183583 0.129925
vertex 0.686052 6.190231 0.130303
endloop
endfacet
facet normal -0.325804 0.065749 0.943148
outer loop
vertex 1.673323 5.585130 0.129723
vertex 2.153475 5.578928 0.296020
vertex 1.918843 6.192565 0.172191
endloop
endfacet
facet normal -0.061607 -0.044809 0.997094
outer loop
vertex 1.673323 5.585130 0.129723
vertex 1.918843 6.192565 0.172191
vertex 1.241318 6.183583 0.129925
endloop
endfacet
facet normal -0.895211 -0.308339 0.321751
outer loop
vertex 2.153475 5.578928 0.296020
vertex 2.745119 5.579394 1.942602
vertex 2.541504 6.169970 1.942040
endloop
endfacet
facet normal -0.905938 -0.282808 0.315113
outer loop
vertex 2.153475 5.578928 0.296020
vertex 2.541504 6.169970 1.942040
vertex 1.918843 6.192565 0.172191
endloop
endfacet
facet normal -0.851362 -0.387735 0.353334
outer loop
vertex 2.745119 5.579394 1.942602
vertex 3.384141 5.575969 3.478575
vertex 3.106127 6.162796 3.452659
endloop
endfacet
facet normal -0.891895 -0.307186 0.331904
outer loop
vertex 2.745119 5.579394 1.942602
vertex 3.106127 6.162796 3.452659
vertex 2.541504 6.169970 1.942040
endloop
endfacet
facet normal -0.730893 -0.432245 0.528166
outer loop
vertex 3.384141 5.575969 3.478575
vertex 4.067627 5.578481 4.426460
vertex 3.670273 6.180925 4.369623
endloop
endfacet
facet normal -0.793417 -0.354021 0.495135
outer loop
vertex 3.384141 5.575969 3.478575
vertex 3.670273 6.180925 4.369623
vertex 3.106127 6.162796 3.452659
endloop
endfacet
facet normal -0.690874 -0.382223 0.613677
outer loop
vertex 4.067627 5.578481 4.426460
vertex 4.673433 5.560819 5.097473
vertex 4.240397 6.185301 4.998916
endloop
endfacet
facet normal -0.680857 -0.390621 0.619555
outer loop
vertex 4.067627 5.578481 4.426460
vertex 4.240397 6.185301 4.998916
vertex 3.670273 6.180925 4.369623
endloop
endfacet
facet normal -0.560380 -0.327786 0.760612
outer loop
vertex 4.673433 5.560819 5.097473
vertex 5.319485 5.553009 5.570085
vertex 4.839203 6.207044 5.498094
endloop
endfacet
facet normal -0.603850 -0.302330 0.737538
outer loop
vertex 4.673433 5.560819 5.097473
vertex 4.839203 6.207044 5.498094
vertex 4.240397 6.185301 4.998916
endloop
endfacet
facet normal -0.465714 -0.320900 0.824702
outer loop
vertex 5.319485 5.553009 5.570085
vertex 5.869159 5.532548 5.872527
vertex 5.420025 6.194111 5.876320
endloop
endfacet
facet normal -0.525516 -0.298200 0.796812
outer loop
vertex 5.319485 5.553009 5.570085
vertex 5.420025 6.194111 5.876320
vertex 4.839203 6.207044 5.498094
endloop
endfacet
facet normal 0.022272 -0.193849 0.980778
outer loop
vertex 5.869159 5.532548 5.872527
vertex 6.541697 5.534185 5.857578
vertex 6.071385 6.200729 6.000000
endloop
endfacet
facet normal -0.183679 -0.130285 0.974314
outer loop
vertex 5.869159 5.532548 5.872527
vertex 6.071385 6.200729 6.000000
vertex 5.420025 6.194111 5.876320
endloop
endfacet
facet normal 0.499996 -0.049250 0.864626
outer loop
vertex 6.541697 5.534185 5.857578
vertex 7.107655 5.562863 5.531929
vertex 6.675274 6.194100 5.817923
endloop
endfacet
facet normal 0.288662 -0.000896 0.957430
outer loop
vertex 6.541697 5.534185 5.857578
vertex 6.675274 6.194100 5.817923
vertex 6.071385 6.200729 6.000000
endloop
endfacet
facet normal 0.474420 -0.015236 0.880167
outer loop
vertex 7.107655 5.562863 5.531929
vertex 7.711799 5.566600 5.206354
vertex 7.264181 6.210653 5.458774
endloop
endfacet
facet normal 0.521049 -0.029569 0.853015
outer loop
vertex 7.107655 5.562863 5.531929
vertex 7.264181 6.210653 5.458774
vertex 6.675274 6.194100 5.817923
endloop
endfacet
facet normal 0.487925 0.070176 0.870060
outer loop
vertex 7.711799 5.566600 5.206354
vertex 8.319591 5.564040 4.865714
vertex 7.876570 6.161409 5.065976
endloop
endfacet
facet normal 0.542006 0.047867 0.839010
outer loop
vertex 7.711799 5.566600 5.206354
vertex 7.876570 6.161409 5.065976
vertex 7.264181 6.210653 5.458774
endloop
endfacet
facet normal 0.609332 -0.012929 0.792809
outer loop
vertex 8.319591 5.564040 4.865714
vertex 8.872504 5.603737 4.441407
vertex 8.481969 6.218308 4.751584
endloop
endfacet
facet normal 0.457407 0.041432 0.888292
outer loop
vertex 8.319591 5.564040 4.865714
vertex 8.481969 6.218308 4.751584
vertex 7.876570 6.161409 5.065976
endloop
endfacet
facet normal 0.617919 -0.315062 0.720356
outer loop
vertex 8.872504 5.603737 4.441407
vertex 9.497366 5.557875 3.885344
vertex 9.103109 6.193503 4.501540
endloop
endfacet
facet normal 0.355346 -0.231288 0.905668
outer loop
vertex 8.872504 5.603737 4.441407
vertex 9.103109 6.193503 4.501540
vertex 8.481969 6.218308 4.751584
endloop
endfacet
facet normal 0.719695 -0.263523 0.642336
outer loop
vertex 9.497366 5.557875 3.885344
vertex 10.121794 5.617691 3.210252
vertex 9.714848 6.192990 3.902229
endloop
endfacet
facet normal 0.677419 -0.250359 0.691682
outer loop
vertex 9.497366 5.557875 3.885344
vertex 9.714848 6.192990 3.902229
vertex 9.103109 6.193503 4.501540
endloop
endfacet
facet normal 0.720836 0.060247 0.690483
outer loop
vertex 10.121794 5.617691 3.210252
vertex 11.038974 5.394324 2.272243
vertex 10.301326 6.175722 2.974138
endloop
endfacet
facet normal 0.844101 -0.045516 0.534250
outer loop
vertex 10.121794 5.617691 3.210252
vertex 10.301326 6.175722 2.974138
vertex 9.714848 6.192990 3.902229
endloop
endfacet
facet normal 0.807775 -0.580069 -0.104975
outer loop
vertex 11.038974 5.394324 2.272243
vertex 11.021014 5.712988 0.373176
vertex 11.325363 5.872711 1.832521
endloop
endfacet
facet normal 0.755185 0.137109 0.641013
outer loop
vertex 11.038974 5.394324 2.272243
vertex 11.325363 5.872711 1.832521
vertex 10.301326 6.175722 2.974138
endloop
endfacet
facet normal 0.290215 0.171854 0.941404
outer loop
vertex 11.021014 5.712988 0.373176
vertex 11.896947 5.580512 0.127327
vertex 11.290549 6.280171 0.186544
endloop
endfacet
facet normal 0.877602 -0.460685 -0.132604
outer loop
vertex 11.021014 5.712988 0.373176
vertex 11.290549 6.280171 0.186544
vertex 11.325363 5.872711 1.832521
endloop
endfacet
facet normal 0.067861 -0.110762 0.991527
outer loop
vertex 11.896947 5.580512 0.127327
vertex 12.562712 5.667994 0.091534
vertex 12.120476 6.222301 0.183722
endloop
endfacet
facet normal -0.002651 -0.086617 0.996238
outer loop
vertex 11.896947 5.580512 0.127327
vertex 12.120476 6.222301 0.183722
vertex 11.290549 6.280171 0.186544
endloop
endfacet
facet normal -0.477460 -0.828185 0.293498
outer loop
vertex 12.562712 5.667994 0.091534
vertex 13.034884 5.534250 0.482266
vertex 12.672760 6.179504 1.713926
endloop
endfacet
facet normal -0.736671 -0.629022 0.248288
outer loop
vertex 12.562712 5.667994 0.091534
vertex 12.672760 6.179504 1.713926
vertex 12.120476 6.222301 0.183722
endloop
endfacet
facet normal -0.550941 -0.791764 0.263768
outer loop
vertex 13.034884 5.534250 0.482266
vertex 13.746487 5.639772 2.285367
vertex 13.276431 6.191577 2.959922
endloop
endfacet
facet normal -0.531391 -0.804529 0.265248
outer loop
vertex 13.034884 5.534250 0.482266
vertex 13.276431 6.191577 2.959922
vertex 12.672760 6.179504 1.713926
endloop
endfacet
facet normal -0.712745 -0.662736 0.229731
outer loop
vertex 13.746487 5.639772 2.285367
vertex 14.231767 5.446458 3.233277
vertex 13.850075 6.091781 3.910717
endloop
endfacet
facet normal -0.559738 -0.788476 0.254948
outer loop
vertex 13.746487 5.639772 2.285367
vertex 13.850075 6.091781 3.910717
vertex 13.276431 6.191577 2.959922
endloop
endfacet
facet normal -0.202042 -0.802485 0.561424
outer loop
vertex 14.231767 5.446458 3.233277
vertex 14.970872 5.678921 3.831539
vertex 14.505851 6.261435 4.496820
endloop
endfacet
facet normal -0.303303 -0.769458 0.562087
outer loop
vertex 14.231767 5.446458 3.233277
vertex 14.505851 6.261435 4.496820
vertex 13.850075 6.091781 3.910717
endloop
endfacet
facet normal -0.713930 -0.637086 0.290559
outer loop
vertex 14.970872 5.678921 3.831539
vertex 15.436605 5.450697 4.475477
vertex 15.020832 6.070208 4.812240
endloop
endfacet
facet normal -0.504014 -0.793057 0.342096
outer loop
vertex 14.970872 5.678921 3.831539
vertex 15.020832 6.070208 4.812240
vertex 14.505851 6.261435 4.496820
endloop
endfacet
facet normal -0.272894 -0.525063 0.806125
outer loop
vertex 15.436605 5.450697 4.475477
vertex 16.142827 5.631297 4.832184
vertex 15.724951 6.222804 5.075996
endloop
endfacet
facet normal -0.181121 -0.560745 0.807936
outer loop
vertex 15.436605 5.450697 4.475477
vertex 15.724951 6.222804 5.075996
vertex 15.020832 6.070208 4.812240
endloop
endfacet
facet normal -0.478244 -0.630590 0.611260
outer loop
vertex 16.142827 5.631297 4.832184
vertex 16.706011 5.562069 5.201397
vertex 16.288520 6.150038 5.481318
endloop
endfacet
facet normal -0.512740 -0.610885 0.603256
outer loop
vertex 16.142827 5.631297 4.832184
vertex 16.288520 6.150038 5.481318
vertex 15.724951 6.222804 5.075996
endloop
endfacet
facet normal -0.330918 -0.604176 0.724889
outer loop
vertex 16.706011 5.562069 5.201397
vertex 17.351180 5.584800 5.514867
vertex 16.913132 6.190763 5.819949
endloop
endfacet
facet normal -0.352920 -0.594547 0.722469
outer loop
vertex 16.706011 5.562069 5.201397
vertex 16.913132 6.190763 5.819949
vertex 16.288520 6.150038 5.481318
endloop
endfacet
facet normal -0.437740 -0.481319 0.759418
outer loop
vertex 17.351180 5.584800 5.514867
vertex 17.916373 5.574675 5.834237
vertex 17.511668 6.185090 5.987839
endloop
endfacet
facet normal -0.227927 -0.564270 0.793504
outer loop
vertex 17.351180 5.584800 5.514867
vertex 17.511668 6.185090 5.987839
vertex 16.913132 6.190763 5.819949
endloop
endfacet
facet normal -0.039869 -0.027227 0.998834
outer loop
vertex 17.916373 5.574675 5.834237
vertex 18.521964 5.582932 5.858634
vertex 18.124888 6.193267 5.859422
endloop
endfacet
facet normal 0.205141 -0.108750 0.972672
outer loop
vertex 17.916373 5.574675 5.834237
vertex 18.124888 6.193267 5.859422
vertex 17.511668 6.185090 5.987839
endloop
endfacet
facet normal 0.348637 0.401250 0.847025
outer loop
vertex 18.521964 5.582932 5.858634
vertex 19.151136 5.591113 5.595790
vertex 18.741055 6.191132 5.480341
endloop
endfacet
facet normal 0.496863 0.322211 0.805796
outer loop
vertex 18.521964 5.582932 5.858634
vertex 18.741055 6.191132 5.480341
vertex 18.124888 6.193267 5.859422
endloop
endfacet
facet normal 0.545116 0.502876 0.670793
outer loop
vertex 19.151136 5.591113 5.595790
vertex 19.749634 5.583568 5.115081
vertex 19.355240 6.184147 4.985345
endloop
endfacet
facet normal 0.546086 0.502229 0.670489
outer loop
vertex 19.151136 5.591113 5.595790
vertex 19.355240 6.184147 4.985345
vertex 18.741055 6.191132 5.480341
endloop
endfacet
facet normal 0.651719 0.473898 0.592185
outer loop
vertex 19.749634 5.583568 5.115081
vertex 20.366652 5.581992 4.437294
vertex 19.977529 6.189408 4.379450
endloop
endfacet
facet normal 0.592831 0.521812 0.613403
outer loop
vertex 19.749634 5.583568 5.115081
vertex 19.977529 6.189408 4.379450
vertex 19.355240 6.184147 4.985345
endloop
endfacet
facet normal 0.794637 0.376594 0.476161
outer loop
vertex 20.366652 5.581992 4.437294
vertex 20.955274 5.580952 3.455800
vertex 20.622355 6.197292 3.523928
endloop
endfacet
facet normal 0.692303 0.493628 0.526353
outer loop
vertex 20.366652 5.581992 4.437294
vertex 20.622355 6.197292 3.523928
vertex 19.977529 6.189408 4.379450
endloop
endfacet
facet normal 0.826100 0.463794 0.320084
outer loop
vertex 20.955274 5.580952 3.455800
vertex 21.563688 5.572818 1.897341
vertex 21.195772 6.172706 1.977666
endloop
endfacet
facet normal 0.850723 0.425398 0.308719
outer loop
vertex 20.955274 5.580952 3.455800
vertex 21.195772 6.172706 1.977666
vertex 20.622355 6.197292 3.523928
endloop
endfacet
facet normal 0.886200 0.367308 0.282373
outer loop
vertex 21.563688 5.572818 1.897341
vertex 22.114204 5.564780 0.180057
vertex 21.827654 6.190786 0.265064
endloop
endfacet
facet normal 0.828274 0.466408 0.310524
outer loop
vertex 21.563688 5.572818 1.897341
vertex 21.827654 6.190786 0.265064
vertex 21.195772 6.172706 1.977666
endloop
endfacet
facet normal 0.077553 0.052194 0.995621
outer loop
vertex 22.114204 5.564780 0.180057
vertex 22.714925 5.586522 0.132125
vertex 22.329756 6.185410 0.130732
endloop
endfacet
facet normal 0.258298 -0.012937 0.965979
outer loop
vertex 22.114204 5.564780 0.180057
vertex 22.329756 6.185410 0.130732
vertex 21.827654 6.190786 0.265064
endloop
endfacet
facet normal 0.003097 0.002043 0.999993
outer loop
vertex 22.714925 5.586522 0.132125
vertex 23.316755 5.586953 0.130260
vertex 22.916965 6.184154 0.130279
endloop
endfacet
facet normal 0.000778 0.002827 0.999996
outer loop
vertex 22.714925 5.586522 0.132125
vertex 22.916965 6.184154 0.130279
vertex 22.329756 6.185410 0.130732
endloop
endfacet
facet normal -0.000050 -0.000031 1.000000
outer loop
vertex 23.316755 5.586953 0.130260
vertex 23.895814 5.587762 0.130289
vertex 23.513975 6.184851 0.130289
endloop
endfacet
facet normal -0.000017 -0.000042 1.000000
outer loop
vertex 23.316755 5.586953 0.130260
vertex 23.513975 6.184851 0.130289
vertex 22.916965 6.184154 0.130279
endloop
endfacet
facet normal -0.000025 0.000082 1.000000
outer loop
vertex 0.095934 6.186490 0.130288
vertex 0.686052 6.190231 0.130303
vertex 1.079508 6.782022 0.130264
endloop
endfacet
facet normal 0.000042 -0.000029 1.000000
outer loop
vertex 0.095934 6.186490 0.130288
vertex 1.079508 6.782022 0.130264
vertex 0.487428 6.782964 0.130289
endloop
endfacet
facet normal 0.000654 -0.002234 0.999997
outer loop
vertex 0.686052 6.190231 0.130303
vertex 1.241318 6.183583 0.129925
vertex 1.690969 6.780801 0.130965
endloop
endfacet
facet normal -0.001145 0.000826 0.999999
outer loop
vertex 0.686052 6.190231 0.130303
vertex 1.690969 6.780801 0.130965
vertex 1.079508 6.782022 0.130264
endloop
endfacet
facet normal -0.062466 0.016074 0.997918
outer loop
vertex 1.241318 6.183583 0.129925
vertex 1.918843 6.192565 0.172191
vertex 2.222281 6.784139 0.181656
endloop
endfacet
facet normal -0.095177 0.069929 0.993001
outer loop
vertex 1.241318 6.183583 0.129925
vertex 2.222281 6.784139 0.181656
vertex 1.690969 6.780801 0.130965
endloop
endfacet
facet normal -0.816930 0.496326 0.293745
outer loop
vertex 1.918843 6.192565 0.172191
vertex 2.541504 6.169970 1.942040
vertex 2.714945 6.787449 1.381071
endloop
endfacet
facet normal -0.838003 0.424350 0.343042
outer loop
vertex 1.918843 6.192565 0.172191
vertex 2.714945 6.787449 1.381071
vertex 2.222281 6.784139 0.181656
endloop
endfacet
facet normal -0.829555 0.462959 0.312261
outer loop
vertex 2.541504 6.169970 1.942040
vertex 3.106127 6.162796 3.452659
vertex 3.359023 6.789373 3.195540
endloop
endfacet
facet normal -0.819534 0.494005 0.290384
outer loop
vertex 2.541504 6.169970 1.942040
vertex 3.359023 6.789373 3.195540
vertex 2.714945 6.787449 1.381071
endloop
endfacet
facet normal -0.710700 0.559710 0.426180
outer loop
vertex 3.106127 6.162796 3.452659
vertex 3.670273 6.180925 4.369623
vertex 4.033312 6.786156 4.180168
endloop
endfacet
facet normal -0.717583 0.491941 0.493019
outer loop
vertex 3.106127 6.162796 3.452659
vertex 4.033312 6.786156 4.180168
vertex 3.359023 6.789373 3.195540
endloop
endfacet
facet normal -0.628621 0.533573 0.565805
outer loop
vertex 3.670273 6.180925 4.369623
vertex 4.240397 6.185301 4.998916
vertex 4.669530 6.773563 4.920940
endloop
endfacet
facet normal -0.629184 0.549485 0.549721
outer loop
vertex 3.670273 6.180925 4.369623
vertex 4.669530 6.773563 4.920940
vertex 4.033312 6.786156 4.180168
endloop
endfacet
facet normal -0.543554 0.557185 0.627769
outer loop
vertex 4.240397 6.185301 4.998916
vertex 4.839203 6.207044 5.498094
vertex 5.278744 6.760268 5.387648
endloop
endfacet
facet normal -0.527583 0.477958 0.702291
outer loop
vertex 4.240397 6.185301 4.998916
vertex 5.278744 6.760268 5.387648
vertex 4.669530 6.773563 4.920940
endloop
endfacet
facet normal -0.444477 0.556947 0.701605
outer loop
vertex 4.839203 6.207044 5.498094
vertex 5.420025 6.194111 5.876320
vertex 5.880251 6.766031 5.713879
endloop
endfacet
facet normal -0.420081 0.486672 0.765952
outer loop
vertex 4.839203 6.207044 5.498094
vertex 5.880251 6.766031 5.713879
vertex 5.278744 6.760268 5.387648
endloop
endfacet
facet normal -0.181379 0.289891 0.939715
outer loop
vertex 5.420025 6.194111 5.876320
vertex 6.071385 6.200729 6.000000
vertex 6.499721 6.753653 5.912105
endloop
endfacet
facet normal -0.263355 0.453726 0.851338
outer loop
vertex 5.420025 6.194111 5.876320
vertex 6.499721 6.753653 5.912105
vertex 5.880251 6.766031 5.713879
endloop
endfacet
facet normal 0.256411 -0.429186 0.866056
outer loop
vertex 6.071385 6.200729 6.000000
vertex 6.675274 6.194100 5.817923
vertex 7.114882 6.760957 5.968683
endloop
endfacet
facet normal -0.091884 0.225366 0.969932
outer loop
vertex 6.071385 6.200729 6.000000
vertex 7.114882 6.760957 5.968683
vertex 6.499721 6.753653 5.912105
endloop
endfacet
facet normal 0.416991 -0.630474 0.654692
outer loop
vertex 6.675274 6.194100 5.817923
vertex 7.264181 6.210653 5.458774
vertex 7.712351 6.760680 5.703003
endloop
endfacet
facet normal 0.354629 -0.487259 0.798008
outer loop
vertex 6.675274 6.194100 5.817923
vertex 7.712351 6.760680 5.703003
vertex 7.114882 6.760957 5.968683
endloop
endfacet
facet normal 0.376009 -0.643352 0.666870
outer loop
vertex 7.264181 6.210653 5.458774
vertex 7.876570 6.161409 5.065976
vertex 8.306251 6.750467 5.391988
endloop
endfacet
facet normal 0.360185 -0.607748 0.707750
outer loop
vertex 7.264181 6.210653 5.458774
vertex 8.306251 6.750467 5.391988
vertex 7.712351 6.760680 5.703003
endloop
endfacet
facet normal 0.399288 -0.644288 0.652275
outer loop
vertex 7.876570 6.161409 5.065976
vertex 8.481969 6.218308 4.751584
vertex 8.893638 6.777034 5.051467
endloop
endfacet
facet normal 0.402809 -0.650297 0.644096
outer loop
vertex 7.876570 6.161409 5.065976
vertex 8.893638 6.777034 5.051467
vertex 8.306251 6.750467 5.391988
endloop
endfacet
facet normal 0.294866 -0.542888 0.786338
outer loop
vertex 8.481969 6.218308 4.751584
vertex 9.103109 6.193503 4.501540
vertex 9.498572 6.760711 4.744848
endloop
endfacet
facet normal 0.338887 -0.626443 0.701944
outer loop
vertex 8.481969 6.218308 4.751584
vertex 9.498572 6.760711 4.744848
vertex 8.893638 6.777034 5.051467
endloop
endfacet
facet normal 0.498189 -0.701856 0.509122
outer loop
vertex 9.103109 6.193503 4.501540
vertex 9.714848 6.192990 3.902229
vertex 10.080928 6.790546 4.367779
endloop
endfacet
facet normal 0.456241 -0.599988 0.657159
outer loop
vertex 9.103109 6.193503 4.501540
vertex 10.080928 6.790546 4.367779
vertex 9.498572 6.760711 4.744848
endloop
endfacet
facet normal 0.606161 -0.689817 0.395879
outer loop
vertex 9.714848 6.192990 3.902229
vertex 10.301326 6.175722 2.974138
vertex 10.669785 6.808581 3.512717
endloop
endfacet
facet normal 0.606315 -0.685491 0.403093
outer loop
vertex 9.714848 6.192990 3.902229
vertex 10.669785 6.808581 3.512717
vertex 10.080928 6.790546 4.367779
endloop
endfacet
facet normal 0.296461 -0.823088 0.484393
outer loop
vertex 10.301326 6.175722 2.974138
vertex 11.325363 5.872711 1.832521
vertex 11.639744 6.634994 2.935393
endloop
endfacet
facet normal 0.262373 -0.709428 0.654119
outer loop
vertex 10.301326 6.175722 2.974138
vertex 11.639744 6.634994 2.935393
vertex 10.669785 6.808581 3.512717
endloop
endfacet
facet normal 0.969285 -0.233169 -0.078222
outer loop
vertex 11.325363 5.872711 1.832521
vertex 11.290549 6.280171 0.186544
vertex 11.535929 7.010069 1.051446
endloop
endfacet
facet normal 0.963114 -0.248767 -0.102600
outer loop
vertex 11.325363 5.872711 1.832521
vertex 11.535929 7.010069 1.051446
vertex 11.639744 6.634994 2.935393
endloop
endfacet
facet normal -0.060383 -0.888185 0.455501
outer loop
vertex 11.290549 6.280171 0.186544
vertex 12.120476 6.222301 0.183722
vertex 12.420654 6.704903 1.164544
endloop
endfacet
facet normal -0.318537 -0.677955 0.662504
outer loop
vertex 11.290549 6.280171 0.186544
vertex 12.420654 6.704903 1.164544
vertex 11.535929 7.010069 1.051446
endloop
endfacet
facet normal -0.931974 -0.144878 0.332317
outer loop
vertex 12.120476 6.222301 0.183722
vertex 12.672760 6.179504 1.713926
vertex 13.024293 6.770150 2.957289
endloop
endfacet
facet normal -0.945097 -0.063607 0.320541
outer loop
vertex 12.120476 6.222301 0.183722
vertex 13.024293 6.770150 2.957289
vertex 12.420654 6.704903 1.164544
endloop
endfacet
facet normal -0.880060 0.213198 0.424313
outer loop
vertex 12.672760 6.179504 1.713926
vertex 13.276431 6.191577 2.959922
vertex 13.700109 6.801014 3.532449
endloop
endfacet
facet normal -0.374122 -0.792216 0.482107
outer loop
vertex 12.672760 6.179504 1.713926
vertex 13.700109 6.801014 3.532449
vertex 13.024293 6.770150 2.957289
endloop
endfacet
facet normal -0.836679 0.165319 0.522147
outer loop
vertex 13.276431 6.191577 2.959922
vertex 13.850075 6.091781 3.910717
vertex 14.271880 6.751035 4.377882
endloop
endfacet
facet normal -0.826150 0.046842 0.561500
outer loop
vertex 13.276431 6.191577 2.959922
vertex 14.271880 6.751035 4.377882
vertex 13.700109 6.801014 3.532449
endloop
endfacet
facet normal -0.679843 0.263472 0.684394
outer loop
vertex 13.850075 6.091781 3.910717
vertex 14.505851 6.261435 4.496820
vertex 14.950733 6.815489 4.725450
endloop
endfacet
facet normal -0.401774 -0.344253 0.848568
outer loop
vertex 13.850075 6.091781 3.910717
vertex 14.950733 6.815489 4.725450
vertex 14.271880 6.751035 4.377882
endloop
endfacet
facet normal -0.503294 0.065787 0.861607
outer loop
vertex 14.505851 6.261435 4.496820
vertex 15.020832 6.070208 4.812240
vertex 15.499271 6.747467 5.040001
endloop
endfacet
facet normal -0.493567 0.037769 0.868887
outer loop
vertex 14.505851 6.261435 4.496820
vertex 15.499271 6.747467 5.040001
vertex 14.950733 6.815489 4.725450
endloop
endfacet
facet normal -0.286502 -0.267931 0.919853
outer loop
vertex 15.020832 6.070208 4.812240
vertex 15.724951 6.222804 5.075996
vertex 16.143967 6.792352 5.372400
endloop
endfacet
facet normal -0.459544 0.026081 0.887772
outer loop
vertex 15.020832 6.070208 4.812240
vertex 16.143967 6.792352 5.372400
vertex 15.499271 6.747467 5.040001
endloop
endfacet
facet normal -0.569376 0.120168 0.813247
outer loop
vertex 15.724951 6.222804 5.075996
vertex 16.288520 6.150038 5.481318
vertex 16.718403 6.764369 5.691515
endloop
endfacet
facet normal -0.486971 -0.093659 0.868382
outer loop
vertex 15.724951 6.222804 5.075996
vertex 16.718403 6.764369 5.691515
vertex 16.143967 6.792352 5.372400
endloop
endfacet
facet normal -0.479215 0.117990 0.869730
outer loop
vertex 16.288520 6.150038 5.481318
vertex 16.913132 6.190763 5.819949
vertex 17.320468 6.775681 5.965037
endloop
endfacet
facet normal -0.413171 -0.022372 0.910379
outer loop
vertex 16.288520 6.150038 5.481318
vertex 17.320468 6.775681 5.965037
vertex 16.718403 6.764369 5.691515
endloop
endfacet
facet normal -0.256407 0.284586 0.923724
outer loop
vertex 16.913132 6.190763 5.819949
vertex 17.511668 6.185090 5.987839
vertex 17.921998 6.784830 5.916967
endloop
endfacet
facet normal 0.080594 -0.292482 0.952869
outer loop
vertex 16.913132 6.190763 5.819949
vertex 17.921998 6.784830 5.916967
vertex 17.320468 6.775681 5.965037
endloop
endfacet
facet normal 0.203148 0.084736 0.975475
outer loop
vertex 17.511668 6.185090 5.987839
vertex 18.124888 6.193267 5.859422
vertex 18.529650 6.777476 5.724380
endloop
endfacet
facet normal 0.299796 -0.092915 0.949468
outer loop
vertex 17.511668 6.185090 5.987839
vertex 18.529650 6.777476 5.724380
vertex 17.921998 6.784830 5.916967
endloop
endfacet
facet normal 0.509802 -0.226574 0.829919
outer loop
vertex 18.124888 6.193267 5.859422
vertex 18.741055 6.191132 5.480341
vertex 19.141989 6.794395 5.398750
endloop
endfacet
facet normal 0.468622 -0.122450 0.874871
outer loop
vertex 18.124888 6.193267 5.859422
vertex 19.141989 6.794395 5.398750
vertex 18.529650 6.777476 5.724380
endloop
endfacet
facet normal 0.599115 -0.287079 0.747426
outer loop
vertex 18.741055 6.191132 5.480341
vertex 19.355240 6.184147 4.985345
vertex 19.720426 6.783376 4.922780
endloop
endfacet
facet normal 0.602608 -0.300510 0.739295
outer loop
vertex 18.741055 6.191132 5.480341
vertex 19.720426 6.783376 4.922780
vertex 19.141989 6.794395 5.398750
endloop
endfacet
facet normal 0.687600 -0.175001 0.704685
outer loop
vertex 19.355240 6.184147 4.985345
vertex 19.977529 6.189408 4.379450
vertex 20.348294 6.785733 4.165766
endloop
endfacet
facet normal 0.714516 -0.373692 0.591456
outer loop
vertex 19.355240 6.184147 4.985345
vertex 20.348294 6.785733 4.165766
vertex 19.720426 6.783376 4.922780
endloop
endfacet
facet normal 0.798402 -0.026811 0.601527
outer loop
vertex 19.977529 6.189408 4.379450
vertex 20.622355 6.197292 3.523928
vertex 20.925813 6.763541 3.146390
endloop
endfacet
facet normal 0.815427 -0.338806 0.469350
outer loop
vertex 19.977529 6.189408 4.379450
vertex 20.925813 6.763541 3.146390
vertex 20.348294 6.785733 4.165766
endloop
endfacet
facet normal 0.913468 -0.220092 0.342251
outer loop
vertex 20.622355 6.197292 3.523928
vertex 21.195772 6.172706 1.977666
vertex 21.579444 6.788320 1.349529
endloop
endfacet
facet normal 0.906457 -0.268399 0.326034
outer loop
vertex 20.622355 6.197292 3.523928
vertex 21.579444 6.788320 1.349529
vertex 20.925813 6.763541 3.146390
endloop
endfacet
facet normal 0.892202 -0.312689 0.325886
outer loop
vertex 21.195772 6.172706 1.977666
vertex 21.827654 6.190786 0.265064
vertex 22.093296 6.762604 0.086457
endloop
endfacet
facet normal 0.908912 -0.185324 0.373543
outer loop
vertex 21.195772 6.172706 1.977666
vertex 22.093296 6.762604 0.086457
vertex 21.579444 6.788320 1.349529
endloop
endfacet
facet normal 0.252912 -0.171389 0.952188
outer loop
vertex 21.827654 6.190786 0.265064
vertex 22.329756 6.185410 0.130732
vertex 22.724765 6.783188 0.133410
endloop
endfacet
facet normal -0.080697 0.331135 0.940126
outer loop
vertex 21.827654 6.190786 0.265064
vertex 22.724765 6.783188 0.133410
vertex 22.093296 6.762604 0.086457
endloop
endfacet
facet normal 0.000771 -0.000468 1.000000
outer loop
vertex 22.329756 6.185410 0.130732
vertex 22.916965 6.184154 0.130279
vertex 23.306730 6.784136 0.130259
endloop
endfacet
facet normal 0.005428 -0.008067 0.999953
outer loop
vertex 22.329756 6.185410 0.130732
vertex 23.306730 6.784136 0.130259
vertex 22.724765 6.783188 0.133410
endloop
endfacet
facet normal -0.000017 0.000011 1.000000
outer loop
vertex 22.916965 6.184154 0.130279
vertex 23.513975 6.184851 0.130289
vertex 23.891503 6.785169 0.130289
endloop
endfacet
facet normal -0.000051 0.000066 1.000000
outer loop
vertex 22.916965 6.184154 0.130279
vertex 23.891503 6.785169 0.130289
vertex 23.306730 6.784136 0.130259
endloop
endfacet
facet normal 0.000042 0.000040 1.000000
outer loop
vertex 0.487428 6.782964 0.130289
vertex 1.079508 6.782022 0.130264
vertex 0.686283 7.385878 0.130257
endloop
endfacet
facet normal 0.000056 0.000035 1.000000
outer loop
vertex 0.487428 6.782964 0.130289
vertex 0.686283 7.385878 0.130257
vertex 0.111408 7.382981 0.130289
endloop
endfacet
facet normal -0.001151 -0.002038 0.999997
outer loop
vertex 1.079508 6.782022 0.130264
vertex 1.690969 6.780801 0.130965
vertex 1.301894 7.382987 0.131745
endloop
endfacet
facet normal -0.002425 -0.001567 0.999996
outer loop
vertex 1.079508 6.782022 0.130264
vertex 1.301894 7.382987 0.131745
vertex 0.686283 7.385878 0.130257
endloop
endfacet
facet normal -0.095141 0.093399 0.991073
outer loop
vertex 1.690969 6.780801 0.130965
vertex 2.222281 6.784139 0.181656
vertex 1.904179 7.396154 0.093442
endloop
endfacet
facet normal 0.062567 0.039134 0.997273
outer loop
vertex 1.690969 6.780801 0.130965
vertex 1.904179 7.396154 0.093442
vertex 1.301894 7.382987 0.131745
endloop
endfacet
facet normal -0.900379 -0.228196 0.370464
outer loop
vertex 2.222281 6.784139 0.181656
vertex 2.714945 6.787449 1.381071
vertex 2.469360 7.365994 1.140566
endloop
endfacet
facet normal -0.823484 -0.365467 0.433945
outer loop
vertex 2.222281 6.784139 0.181656
vertex 2.469360 7.365994 1.140566
vertex 1.904179 7.396154 0.093442
endloop
endfacet
facet normal -0.914410 -0.241522 0.324842
outer loop
vertex 2.714945 6.787449 1.381071
vertex 3.359023 6.789373 3.195540
vertex 3.125669 7.366863 2.968030
endloop
endfacet
facet normal -0.911060 -0.250668 0.327314
outer loop
vertex 2.714945 6.787449 1.381071
vertex 3.125669 7.366863 2.968030
vertex 2.469360 7.365994 1.140566
endloop
endfacet
facet normal -0.786329 -0.304607 0.537496
outer loop
vertex 3.359023 6.789373 3.195540
vertex 4.033312 6.786156 4.180168
vertex 3.702316 7.368409 4.025909
endloop
endfacet
facet normal -0.866056 -0.163881 0.472324
outer loop
vertex 3.359023 6.789373 3.195540
vertex 3.702316 7.368409 4.025909
vertex 3.125669 7.366863 2.968030
endloop
endfacet
facet normal -0.740265 -0.229649 0.631878
outer loop
vertex 4.033312 6.786156 4.180168
vertex 4.669530 6.773563 4.920940
vertex 4.275665 7.378234 4.679276
endloop
endfacet
facet normal -0.727218 -0.243366 0.641815
outer loop
vertex 4.033312 6.786156 4.180168
vertex 4.275665 7.378234 4.679276
vertex 3.702316 7.368409 4.025909
endloop
endfacet
facet normal -0.607987 -0.054403 0.792081
outer loop
vertex 4.669530 6.773563 4.920940
vertex 5.278744 6.760268 5.387648
vertex 4.858833 7.394289 5.108879
endloop
endfacet
facet normal -0.590787 -0.063359 0.804336
outer loop
vertex 4.669530 6.773563 4.920940
vertex 4.858833 7.394289 5.108879
vertex 4.275665 7.378234 4.679276
endloop
endfacet
facet normal -0.476011 0.073324 0.876377
outer loop
vertex 5.278744 6.760268 5.387648
vertex 5.880251 6.766031 5.713879
vertex 5.446847 7.396764 5.425701
endloop
endfacet
facet normal -0.473318 0.072522 0.877901
outer loop
vertex 5.278744 6.760268 5.387648
vertex 5.446847 7.396764 5.425701
vertex 4.858833 7.394289 5.108879
endloop
endfacet
facet normal -0.302743 0.070243 0.950480
outer loop
vertex 5.880251 6.766031 5.713879
vertex 6.499721 6.753653 5.912105
vertex 6.054100 7.398767 5.722492
endloop
endfacet
facet normal -0.436830 0.107866 0.893054
outer loop
vertex 5.880251 6.766031 5.713879
vertex 6.054100 7.398767 5.722492
vertex 5.446847 7.396764 5.425701
endloop
endfacet
facet normal -0.091726 0.012328 0.995708
outer loop
vertex 6.499721 6.753653 5.912105
vertex 7.114882 6.760957 5.968683
vertex 6.658464 7.389492 5.918856
endloop
endfacet
facet normal -0.307396 0.066665 0.949244
outer loop
vertex 6.499721 6.753653 5.912105
vertex 6.658464 7.389492 5.918856
vertex 6.054100 7.398767 5.722492
endloop
endfacet
facet normal 0.405647 -0.056376 0.912289
outer loop
vertex 7.114882 6.760957 5.968683
vertex 7.712351 6.760680 5.703003
vertex 7.269142 7.391882 5.939081
endloop
endfacet
facet normal -0.033266 0.054955 0.997935
outer loop
vertex 7.114882 6.760957 5.968683
vertex 7.269142 7.391882 5.939081
vertex 6.658464 7.389492 5.918856
endloop
endfacet
facet normal 0.455367 -0.164613 0.874953
outer loop
vertex 7.712351 6.760680 5.703003
vertex 8.306251 6.750467 5.391988
vertex 7.888033 7.385857 5.729190
endloop
endfacet
facet normal 0.317386 -0.128544 0.939544
outer loop
vertex 7.712351 6.760680 5.703003
vertex 7.888033 7.385857 5.729190
vertex 7.269142 7.391882 5.939081
endloop
endfacet
facet normal 0.497898 -0.203764 0.842958
outer loop
vertex 8.306251 6.750467 5.391988
vertex 8.893638 6.777034 5.051467
vertex 8.488679 7.391046 5.439081
endloop
endfacet
facet normal 0.428558 -0.187030 0.883945
outer loop
vertex 8.306251 6.750467 5.391988
vertex 8.488679 7.391046 5.439081
vertex 7.888033 7.385857 5.729190
endloop
endfacet
facet normal 0.447163 -0.107673 0.887948
outer loop
vertex 8.893638 6.777034 5.051467
vertex 9.498572 6.760711 4.744848
vertex 9.103225 7.379034 5.018920
endloop
endfacet
facet normal 0.556068 -0.149392 0.817601
outer loop
vertex 8.893638 6.777034 5.051467
vertex 9.103225 7.379034 5.018920
vertex 8.488679 7.391046 5.439081
endloop
endfacet
facet normal 0.539203 0.075794 0.838758
outer loop
vertex 9.498572 6.760711 4.744848
vertex 10.080928 6.790546 4.367779
vertex 9.702724 7.380222 4.557625
endloop
endfacet
facet normal 0.609327 0.038549 0.791982
outer loop
vertex 9.498572 6.760711 4.744848
vertex 9.702724 7.380222 4.557625
vertex 9.103225 7.379034 5.018920
endloop
endfacet
facet normal 0.823614 -0.021401 0.566747
outer loop
vertex 10.080928 6.790546 4.367779
vertex 10.669785 6.808581 3.512717
vertex 10.312817 7.369419 4.052650
endloop
endfacet
facet normal 0.631050 0.160386 0.758981
outer loop
vertex 10.080928 6.790546 4.367779
vertex 10.312817 7.369419 4.052650
vertex 9.702724 7.380222 4.557625
endloop
endfacet
facet normal 0.514513 0.024250 0.857140
outer loop
vertex 10.669785 6.808581 3.512717
vertex 11.639744 6.634994 2.935393
vertex 10.892654 7.364550 3.363206
endloop
endfacet
facet normal 0.758143 -0.132197 0.638548
outer loop
vertex 10.669785 6.808581 3.512717
vertex 10.892654 7.364550 3.363206
vertex 10.312817 7.369419 4.052650
endloop
endfacet
facet normal 0.921068 -0.369054 -0.124231
outer loop
vertex 11.639744 6.634994 2.935393
vertex 11.535929 7.010069 1.051446
vertex 11.922868 7.269610 3.149258
endloop
endfacet
facet normal 0.154921 -0.376869 0.913219
outer loop
vertex 11.639744 6.634994 2.935393
vertex 11.922868 7.269610 3.149258
vertex 10.892654 7.364550 3.363206
endloop
endfacet
facet normal -0.345072 -0.890368 0.296936
outer loop
vertex 11.535929 7.010069 1.051446
vertex 12.420654 6.704903 1.164544
vertex 11.643180 7.651967 3.100824
endloop
endfacet
facet normal 0.800805 0.558315 -0.216782
outer loop
vertex 11.535929 7.010069 1.051446
vertex 11.643180 7.651967 3.100824
vertex 11.922868 7.269610 3.149258
endloop
endfacet
facet normal -0.683697 -0.683730 0.255093
outer loop
vertex 12.420654 6.704903 1.164544
vertex 13.024293 6.770150 2.957289
vertex 12.636459 7.303505 3.347381
endloop
endfacet
facet normal -0.378871 -0.882265 0.279401
outer loop
vertex 12.420654 6.704903 1.164544
vertex 12.636459 7.303505 3.347381
vertex 11.643180 7.651967 3.100824
endloop
endfacet
facet normal -0.427592 -0.724007 0.541275
outer loop
vertex 13.024293 6.770150 2.957289
vertex 13.700109 6.801014 3.532449
vertex 13.301567 7.427198 4.055194
endloop
endfacet
facet normal -0.441691 -0.716291 0.540218
outer loop
vertex 13.024293 6.770150 2.957289
vertex 13.301567 7.427198 4.055194
vertex 12.636459 7.303505 3.347381
endloop
endfacet
facet normal -0.674257 -0.607368 0.420098
outer loop
vertex 13.700109 6.801014 3.532449
vertex 14.271880 6.751035 4.377882
vertex 13.867753 7.329842 4.566085
endloop
endfacet
facet normal -0.531476 -0.716055 0.452547
outer loop
vertex 13.700109 6.801014 3.532449
vertex 13.867753 7.329842 4.566085
vertex 13.301567 7.427198 4.055194
endloop
endfacet
facet normal -0.313973 -0.611155 0.726574
outer loop
vertex 14.271880 6.751035 4.377882
vertex 14.950733 6.815489 4.725450
vertex 14.510270 7.402528 5.028898
endloop
endfacet
facet normal -0.449035 -0.543998 0.708825
outer loop
vertex 14.271880 6.751035 4.377882
vertex 14.510270 7.402528 5.028898
vertex 13.867753 7.329842 4.566085
endloop
endfacet
facet normal -0.413918 -0.711383 0.567984
outer loop
vertex 14.950733 6.815489 4.725450
vertex 15.499271 6.747467 5.040001
vertex 15.075140 7.327016 5.456783
endloop
endfacet
facet normal -0.505818 -0.664110 0.550551
outer loop
vertex 14.950733 6.815489 4.725450
vertex 15.075140 7.327016 5.456783
vertex 14.510270 7.402528 5.028898
endloop
endfacet
facet normal -0.314858 -0.643616 0.697584
outer loop
vertex 15.499271 6.747467 5.040001
vertex 16.143967 6.792352 5.372400
vertex 15.710061 7.403777 5.740677
endloop
endfacet
facet normal -0.232046 -0.674111 0.701234
outer loop
vertex 15.499271 6.747467 5.040001
vertex 15.710061 7.403777 5.740677
vertex 15.075140 7.327016 5.456783
endloop
endfacet
facet normal -0.413139 -0.592279 0.691753
outer loop
vertex 16.143967 6.792352 5.372400
vertex 16.718403 6.764369 5.691515
vertex 16.294669 7.365647 5.953260
endloop
endfacet
facet normal -0.299307 -0.639135 0.708465
outer loop
vertex 16.143967 6.792352 5.372400
vertex 16.294669 7.365647 5.953260
vertex 15.710061 7.403777 5.740677
endloop
endfacet
facet normal -0.402460 -0.196866 0.894019
outer loop
vertex 16.718403 6.764369 5.691515
vertex 17.320468 6.775681 5.965037
vertex 16.905993 7.401969 5.916363
endloop
endfacet
facet normal 0.077204 -0.351707 0.932921
outer loop
vertex 16.718403 6.764369 5.691515
vertex 16.905993 7.401969 5.916363
vertex 16.294669 7.365647 5.953260
endloop
endfacet
facet normal 0.068664 0.364586 0.928635
outer loop
vertex 17.320468 6.775681 5.965037
vertex 17.921998 6.784830 5.916967
vertex 17.525140 7.389522 5.708906
endloop
endfacet
facet normal 0.310346 0.276081 0.909651
outer loop
vertex 17.320468 6.775681 5.965037
vertex 17.525140 7.389522 5.708906
vertex 16.905993 7.401969 5.916363
endloop
endfacet
facet normal 0.253318 0.575902 0.777281
outer loop
vertex 17.921998 6.784830 5.916967
vertex 18.529650 6.777476 5.724380
vertex 18.120421 7.383869 5.408461
endloop
endfacet
facet normal 0.389411 0.517691 0.761811
outer loop
vertex 17.921998 6.784830 5.916967
vertex 18.120421 7.383869 5.408461
vertex 17.525140 7.389522 5.708906
endloop
endfacet
facet normal 0.361533 0.602922 0.711181
outer loop
vertex 18.529650 6.777476 5.724380
vertex 19.141989 6.794395 5.398750
vertex 18.750210 7.389890 5.093068
endloop
endfacet
facet normal 0.350894 0.607888 0.712282
outer loop
vertex 18.529650 6.777476 5.724380
vertex 18.750210 7.389890 5.093068
vertex 18.120421 7.383869 5.408461
endloop
endfacet
facet normal 0.525485 0.576994 0.625254
outer loop
vertex 19.141989 6.794395 5.398750
vertex 19.720426 6.783376 4.922780
vertex 19.349604 7.381560 4.682418
endloop
endfacet
facet normal 0.447735 0.623546 0.640877
outer loop
vertex 19.141989 6.794395 5.398750
vertex 19.349604 7.381560 4.682418
vertex 18.750210 7.389890 5.093068
endloop
endfacet
facet normal 0.676039 0.476355 0.562190
outer loop
vertex 19.720426 6.783376 4.922780
vertex 20.348294 6.785733 4.165766
vertex 19.995762 7.400737 4.068584
endloop
endfacet
facet normal 0.550975 0.581912 0.598168
outer loop
vertex 19.720426 6.783376 4.922780
vertex 19.995762 7.400737 4.068584
vertex 19.349604 7.381560 4.682418
endloop
endfacet
facet normal 0.763824 0.488259 0.422109
outer loop
vertex 20.348294 6.785733 4.165766
vertex 20.925813 6.763541 3.146390
vertex 20.584799 7.396190 3.031676
endloop
endfacet
facet normal 0.754132 0.499631 0.426209
outer loop
vertex 20.348294 6.785733 4.165766
vertex 20.584799 7.396190 3.031676
vertex 19.995762 7.400737 4.068584
endloop
endfacet
facet normal 0.783694 0.547895 0.292634
outer loop
vertex 20.925813 6.763541 3.146390
vertex 21.579444 6.788320 1.349529
vertex 21.216887 7.397062 1.180742
endloop
endfacet
facet normal 0.822547 0.494350 0.281130
outer loop
vertex 20.925813 6.763541 3.146390
vertex 21.216887 7.397062 1.180742
vertex 20.584799 7.396190 3.031676
endloop
endfacet
facet normal 0.840688 0.426776 0.333325
outer loop
vertex 21.579444 6.788320 1.349529
vertex 22.093296 6.762604 0.086457
vertex 21.753944 7.378906 0.153256
endloop
endfacet
facet normal 0.744780 0.548829 0.379591
outer loop
vertex 21.579444 6.788320 1.349529
vertex 21.753944 7.378906 0.153256
vertex 21.216887 7.397062 1.180742
endloop
endfacet
facet normal -0.072610 -0.045182 0.996336
outer loop
vertex 22.093296 6.762604 0.086457
vertex 22.724765 6.783188 0.133410
vertex 22.323918 7.385629 0.131518
endloop
endfacet
facet normal 0.038987 -0.086431 0.995495
outer loop
vertex 22.093296 6.762604 0.086457
vertex 22.323918 7.385629 0.131518
vertex 21.753944 7.378906 0.153256
endloop
endfacet
facet normal 0.005409 0.003529 0.999979
outer loop
vertex 22.724765 6.783188 0.133410
vertex 23.306730 6.784136 0.130259
vertex 22.914984 7.382345 0.130267
endloop
endfacet
facet normal 0.002142 0.004567 0.999987
outer loop
vertex 22.724765 6.783188 0.133410
vertex 22.914984 7.382345 0.130267
vertex 22.323918 7.385629 0.131518
endloop
endfacet
facet normal -0.000051 -0.000032 1.000000
outer loop
vertex 23.306730 6.784136 0.130259
vertex 23.891503 6.785169 0.130289
vertex 23.515035 7.381634 0.130289
endloop
endfacet
facet normal -0.000037 -0.000037 1.000000
outer loop
vertex 23.306730 6.784136 0.130259
vertex 23.515035 7.381634 0.130289
vertex 22.914984 7.382345 0.130267
endloop
endfacet
facet normal 0.000056 -0.000092 1.000000
outer loop
vertex 0.111408 7.382981 0.130289
vertex 0.686283 7.385878 0.130257
vertex 1.092860 7.980561 0.130289
endloop
endfacet
facet normal -0.000000 0.000001 1.000000
outer loop
vertex 0.111408 7.382981 0.130289
vertex 1.092860 7.980561 0.130289
vertex 0.499134 7.977830 0.130289
endloop
endfacet
facet normal -0.002399 0.003966 0.999989
outer loop
vertex 0.686283 7.385878 0.130257
vertex 1.301894 7.382987 0.131745
vertex 1.696682 7.980013 0.130325
endloop
endfacet
facet normal -0.000060 -0.000013 1.000000
outer loop
vertex 0.686283 7.385878 0.130257
vertex 1.696682 7.980013 0.130325
vertex 1.092860 7.980561 0.130289
endloop
endfacet
facet normal 0.065324 -0.099828 0.992858
outer loop
vertex 1.301894 7.382987 0.131745
vertex 1.904179 7.396154 0.093442
vertex 2.301355 7.972294 0.125239
endloop
endfacet
facet normal 0.008370 -0.003155 0.999960
outer loop
vertex 1.301894 7.382987 0.131745
vertex 2.301355 7.972294 0.125239
vertex 1.696682 7.980013 0.130325
endloop
endfacet
facet normal -0.730887 0.545470 0.410204
outer loop
vertex 1.904179 7.396154 0.093442
vertex 2.469360 7.365994 1.140566
vertex 2.816275 7.996356 0.920461
endloop
endfacet
facet normal -0.740703 0.484961 0.464944
outer loop
vertex 1.904179 7.396154 0.093442
vertex 2.816275 7.996356 0.920461
vertex 2.301355 7.972294 0.125239
endloop
endfacet
facet normal -0.840636 0.449794 0.301689
outer loop
vertex 2.469360 7.365994 1.140566
vertex 3.125669 7.366863 2.968030
vertex 3.374714 8.001733 2.715437
endloop
endfacet
facet normal -0.808741 0.532382 0.250015
outer loop
vertex 2.469360 7.365994 1.140566
vertex 3.374714 8.001733 2.715437
vertex 2.816275 7.996356 0.920461
endloop
endfacet
facet normal -0.690552 0.618165 0.375514
outer loop
vertex 3.125669 7.366863 2.968030
vertex 3.702316 7.368409 4.025909
vertex 4.062530 7.980495 3.680720
endloop
endfacet
facet normal -0.708150 0.482778 0.515217
outer loop
vertex 3.125669 7.366863 2.968030
vertex 4.062530 7.980495 3.680720
vertex 3.374714 8.001733 2.715437
endloop
endfacet
facet normal -0.519878 0.729028 0.445246
outer loop
vertex 3.702316 7.368409 4.025909
vertex 4.275665 7.378234 4.679276
vertex 4.672859 7.967686 4.177904
endloop
endfacet
facet normal -0.483400 0.628266 0.609595
outer loop
vertex 3.702316 7.368409 4.025909
vertex 4.672859 7.967686 4.177904
vertex 4.062530 7.980495 3.680720
endloop
endfacet
facet normal -0.422661 0.722801 0.546732
outer loop
vertex 4.275665 7.378234 4.679276
vertex 4.858833 7.394289 5.108879
vertex 5.275845 7.961135 4.681865
endloop
endfacet
facet normal -0.429896 0.735317 0.523925
outer loop
vertex 4.275665 7.378234 4.679276
vertex 5.275845 7.961135 4.681865
vertex 4.672859 7.967686 4.177904
endloop
endfacet
facet normal -0.371828 0.626284 0.685210
outer loop
vertex 4.858833 7.394289 5.108879
vertex 5.446847 7.396764 5.425701
vertex 5.889680 7.963252 5.148232
endloop
endfacet
facet normal -0.419784 0.722575 0.549242
outer loop
vertex 4.858833 7.394289 5.108879
vertex 5.889680 7.963252 5.148232
vertex 5.275845 7.961135 4.681865
endloop
endfacet
facet normal -0.361705 0.571981 0.736212
outer loop
vertex 5.446847 7.396764 5.425701
vertex 6.054100 7.398767 5.722492
vertex 6.500859 7.959982 5.505965
endloop
endfacet
facet normal -0.388861 0.632218 0.670140
outer loop
vertex 5.446847 7.396764 5.425701
vertex 6.500859 7.959982 5.505965
vertex 5.889680 7.963252 5.148232
endloop
endfacet
facet normal -0.278517 0.394152 0.875827
outer loop
vertex 6.054100 7.398767 5.722492
vertex 6.658464 7.389492 5.918856
vertex 7.097453 7.956963 5.803076
endloop
endfacet
facet normal -0.363134 0.572647 0.734989
outer loop
vertex 6.054100 7.398767 5.722492
vertex 7.097453 7.956963 5.803076
vertex 6.500859 7.959982 5.505965
endloop
endfacet
facet normal -0.032772 -0.065808 0.997294
outer loop
vertex 6.658464 7.389492 5.918856
vertex 7.269142 7.391882 5.939081
vertex 7.706320 7.954602 5.990579
endloop
endfacet
facet normal -0.269821 0.388493 0.881062
outer loop
vertex 6.658464 7.389492 5.918856
vertex 7.706320 7.954602 5.990579
vertex 7.097453 7.956963 5.803076
endloop
endfacet
facet normal 0.284417 -0.440905 0.851299
outer loop
vertex 7.269142 7.391882 5.939081
vertex 7.888033 7.385857 5.729190
vertex 8.303580 7.957461 5.886402
endloop
endfacet
facet normal 0.168677 -0.218996 0.961035
outer loop
vertex 7.269142 7.391882 5.939081
vertex 8.303580 7.957461 5.886402
vertex 7.706320 7.954602 5.990579
endloop
endfacet
facet normal 0.384601 -0.481304 0.787673
outer loop
vertex 7.888033 7.385857 5.729190
vertex 8.488679 7.391046 5.439081
vertex 8.896793 7.969861 5.593491
endloop
endfacet
facet normal 0.392301 -0.497916 0.773421
outer loop
vertex 7.888033 7.385857 5.729190
vertex 8.896793 7.969861 5.593491
vertex 8.303580 7.957461 5.886402
endloop
endfacet
facet normal 0.478342 -0.510915 0.714251
outer loop
vertex 8.488679 7.391046 5.439081
vertex 9.103225 7.379034 5.018920
vertex 9.493926 7.979020 5.186442
endloop
endfacet
facet normal 0.484016 -0.527525 0.698173
outer loop
vertex 8.488679 7.391046 5.439081
vertex 9.493926 7.979020 5.186442
vertex 8.896793 7.969861 5.593491
endloop
endfacet
facet normal 0.485746 -0.606225 0.629716
outer loop
vertex 9.103225 7.379034 5.018920
vertex 9.702724 7.380222 4.557625
vertex 10.079681 7.980477 4.844714
endloop
endfacet
facet normal 0.438739 -0.495089 0.749930
outer loop
vertex 9.103225 7.379034 5.018920
vertex 10.079681 7.980477 4.844714
vertex 9.493926 7.979020 5.186442
endloop
endfacet
facet normal 0.487101 -0.632684 0.602032
outer loop
vertex 9.702724 7.380222 4.557625
vertex 10.312817 7.369419 4.052650
vertex 10.681757 7.984236 4.400262
endloop
endfacet
facet normal 0.475604 -0.604375 0.639165
outer loop
vertex 9.702724 7.380222 4.557625
vertex 10.681757 7.984236 4.400262
vertex 10.079681 7.980477 4.844714
endloop
endfacet
facet normal 0.550449 -0.691482 0.467824
outer loop
vertex 10.312817 7.369419 4.052650
vertex 10.892654 7.364550 3.363206
vertex 11.282766 7.987770 3.825364
endloop
endfacet
facet normal 0.535539 -0.635699 0.555954
outer loop
vertex 10.312817 7.369419 4.052650
vertex 11.282766 7.987770 3.825364
vertex 10.681757 7.984236 4.400262
endloop
endfacet
facet normal 0.120432 -0.552217 0.824956
outer loop
vertex 10.892654 7.364550 3.363206
vertex 11.922868 7.269610 3.149258
vertex 12.104108 7.883091 3.533458
endloop
endfacet
facet normal 0.177377 -0.655434 0.734128
outer loop
vertex 10.892654 7.364550 3.363206
vertex 12.104108 7.883091 3.533458
vertex 11.282766 7.987770 3.825364
endloop
endfacet
facet normal 0.602388 0.349749 -0.717498
outer loop
vertex 11.922868 7.269610 3.149258
vertex 11.643180 7.651967 3.100824
vertex 11.789875 8.210296 3.496145
endloop
endfacet
facet normal 0.473212 0.362914 -0.802723
outer loop
vertex 11.922868 7.269610 3.149258
vertex 11.789875 8.210296 3.496145
vertex 12.104108 7.883091 3.533458
endloop
endfacet
facet normal -0.349780 -0.396451 0.848811
outer loop
vertex 11.643180 7.651967 3.100824
vertex 12.636459 7.303505 3.347381
vertex 13.089301 7.951844 3.836807
endloop
endfacet
facet normal -0.311083 -0.493393 0.812275
outer loop
vertex 11.643180 7.651967 3.100824
vertex 13.089301 7.951844 3.836807
vertex 11.789875 8.210296 3.496145
endloop
endfacet
facet normal -0.733445 0.150227 0.662941
outer loop
vertex 12.636459 7.303505 3.347381
vertex 13.301567 7.427198 4.055194
vertex 13.728486 7.998330 4.398093
endloop
endfacet
facet normal -0.651078 -0.111948 0.750710
outer loop
vertex 12.636459 7.303505 3.347381
vertex 13.728486 7.998330 4.398093
vertex 13.089301 7.951844 3.836807
endloop
endfacet
facet normal -0.655177 0.111104 0.747261
outer loop
vertex 13.301567 7.427198 4.055194
vertex 13.867753 7.329842 4.566085
vertex 14.292552 7.957827 4.845167
endloop
endfacet
facet normal -0.621397 -0.005894 0.783473
outer loop
vertex 13.301567 7.427198 4.055194
vertex 14.292552 7.957827 4.845167
vertex 13.728486 7.998330 4.398093
endloop
endfacet
facet normal -0.585502 0.234488 0.776017
outer loop
vertex 13.867753 7.329842 4.566085
vertex 14.510270 7.402528 5.028898
vertex 14.938242 7.995678 5.172570
endloop
endfacet
facet normal -0.445852 -0.093998 0.890158
outer loop
vertex 13.867753 7.329842 4.566085
vertex 14.938242 7.995678 5.172570
vertex 14.292552 7.957827 4.845167
endloop
endfacet
facet normal -0.567961 0.229757 0.790337
outer loop
vertex 14.510270 7.402528 5.028898
vertex 15.075140 7.327016 5.456783
vertex 15.504116 7.952569 5.583206
endloop
endfacet
facet normal -0.563172 0.212948 0.798430
outer loop
vertex 14.510270 7.402528 5.028898
vertex 15.504116 7.952569 5.583206
vertex 14.938242 7.995678 5.172570
endloop
endfacet
facet normal -0.415559 0.089696 0.905133
outer loop
vertex 15.075140 7.327016 5.456783
vertex 15.710061 7.403777 5.740677
vertex 16.130168 7.966715 5.877769
endloop
endfacet
facet normal -0.425188 0.110012 0.898394
outer loop
vertex 15.075140 7.327016 5.456783
vertex 16.130168 7.966715 5.877769
vertex 15.504116 7.952569 5.583206
endloop
endfacet
facet normal -0.326673 0.172399 0.929281
outer loop
vertex 15.710061 7.403777 5.740677
vertex 16.294669 7.365647 5.953260
vertex 16.722141 7.968317 5.991724
endloop
endfacet
facet normal -0.187868 -0.097802 0.977313
outer loop
vertex 15.710061 7.403777 5.740677
vertex 16.722141 7.968317 5.991724
vertex 16.130168 7.966715 5.877769
endloop
endfacet
facet normal 0.051738 0.134425 0.989572
outer loop
vertex 16.294669 7.365647 5.953260
vertex 16.905993 7.401969 5.916363
vertex 17.323272 7.964425 5.818142
endloop
endfacet
facet normal 0.267203 -0.248940 0.930930
outer loop
vertex 16.294669 7.365647 5.953260
vertex 17.323272 7.964425 5.818142
vertex 16.722141 7.968317 5.991724
endloop
endfacet
facet normal 0.318222 0.056947 0.946304
outer loop
vertex 16.905993 7.401969 5.916363
vertex 17.525140 7.389522 5.708906
vertex 17.951035 7.990702 5.529509
endloop
endfacet
facet normal 0.418077 -0.153822 0.895294
outer loop
vertex 16.905993 7.401969 5.916363
vertex 17.951035 7.990702 5.529509
vertex 17.323272 7.964425 5.818142
endloop
endfacet
facet normal 0.450284 0.056430 0.891100
outer loop
vertex 17.525140 7.389522 5.708906
vertex 18.120421 7.383869 5.408461
vertex 18.526315 7.968272 5.166350
endloop
endfacet
facet normal 0.526430 -0.121845 0.841443
outer loop
vertex 17.525140 7.389522 5.708906
vertex 18.526315 7.968272 5.166350
vertex 17.951035 7.990702 5.529509
endloop
endfacet
facet normal 0.430727 0.257374 0.865004
outer loop
vertex 18.120421 7.383869 5.408461
vertex 18.750210 7.389890 5.093068
vertex 19.154518 8.022808 4.703424
endloop
endfacet
facet normal 0.595843 -0.082902 0.798810
outer loop
vertex 18.120421 7.383869 5.408461
vertex 19.154518 8.022808 4.703424
vertex 18.526315 7.968272 5.166350
endloop
endfacet
facet normal 0.541824 0.300978 0.784754
outer loop
vertex 18.750210 7.389890 5.093068
vertex 19.349604 7.381560 4.682418
vertex 19.743698 7.972025 4.183859
endloop
endfacet
facet normal 0.662749 0.037080 0.747923
outer loop
vertex 18.750210 7.389890 5.093068
vertex 19.743698 7.972025 4.183859
vertex 19.154518 8.022808 4.703424
endloop
endfacet
facet normal 0.677740 0.157042 0.718335
outer loop
vertex 19.349604 7.381560 4.682418
vertex 19.995762 7.400737 4.068584
vertex 20.324065 7.957147 3.637192
endloop
endfacet
facet normal 0.679738 0.152145 0.717501
outer loop
vertex 19.349604 7.381560 4.682418
vertex 20.324065 7.957147 3.637192
vertex 19.743698 7.972025 4.183859
endloop
endfacet
facet normal 0.860421 -0.141991 0.489402
outer loop
vertex 19.995762 7.400737 4.068584
vertex 20.584799 7.396190 3.031676
vertex 20.888179 7.928735 2.652811
endloop
endfacet
facet normal 0.859564 -0.122525 0.496122
outer loop
vertex 19.995762 7.400737 4.068584
vertex 20.888179 7.928735 2.652811
vertex 20.324065 7.957147 3.637192
endloop
endfacet
facet normal 0.874984 -0.381087 0.298624
outer loop
vertex 20.584799 7.396190 3.031676
vertex 21.216887 7.397062 1.180742
vertex 21.557072 7.962990 0.906186
endloop
endfacet
facet normal 0.900561 -0.271461 0.339558
outer loop
vertex 20.584799 7.396190 3.031676
vertex 21.557072 7.962990 0.906186
vertex 20.888179 7.928735 2.652811
endloop
endfacet
facet normal 0.781707 -0.463919 0.416789
outer loop
vertex 21.216887 7.397062 1.180742
vertex 21.753944 7.378906 0.153256
vertex 22.128245 7.956019 0.093609
endloop
endfacet
facet normal 0.799537 -0.207094 0.563784
outer loop
vertex 21.216887 7.397062 1.180742
vertex 22.128245 7.956019 0.093609
vertex 21.557072 7.962990 0.906186
endloop
endfacet
facet normal 0.038398 -0.025332 0.998941
outer loop
vertex 21.753944 7.378906 0.153256
vertex 22.323918 7.385629 0.131518
vertex 22.701165 7.982119 0.132143
endloop
endfacet
facet normal -0.073126 0.149343 0.986078
outer loop
vertex 21.753944 7.378906 0.153256
vertex 22.701165 7.982119 0.132143
vertex 22.128245 7.956019 0.093609
endloop
endfacet
facet normal 0.002109 -0.001355 0.999997
outer loop
vertex 22.323918 7.385629 0.131518
vertex 22.914984 7.382345 0.130267
vertex 23.300017 7.980818 0.130265
endloop
endfacet
facet normal 0.003129 -0.003028 0.999991
outer loop
vertex 22.323918 7.385629 0.131518
vertex 23.300017 7.980818 0.130265
vertex 22.701165 7.982119 0.132143
endloop
endfacet
facet normal -0.000037 0.000023 1.000000
outer loop
vertex 22.914984 7.382345 0.130267
vertex 23.515035 7.381634 0.130289
vertex 23.894828 7.982379 0.130289
endloop
endfacet
facet normal -0.000039 0.000027 1.000000
outer loop
vertex 22.914984 7.382345 0.130267
vertex 23.894828 7.982379 0.130289
vertex 23.300017 7.980818 0.130265
endloop
endfacet
facet normal -0.000000 0.000002 1.000000
outer loop
vertex 0.499134 7.977830 0.130289
vertex 1.092860 7.980561 0.130289
vertex 0.679231 8.585342 0.130287
endloop
endfacet
facet normal 0.000002 0.000002 1.000000
outer loop
vertex 0.499134 7.977830 0.130289
vertex 0.679231 8.585342 0.130287
vertex 0.102045 8.580816 0.130289
endloop
endfacet
facet normal -0.000060 -0.000125 1.000000
outer loop
vertex 1.092860 7.980561 0.130289
vertex 1.696682 7.980013 0.130325
vertex 1.297996 8.581976 0.130376
endloop
endfacet
facet normal -0.000144 -0.000096 1.000000
outer loop
vertex 1.092860 7.980561 0.130289
vertex 1.297996 8.581976 0.130376
vertex 0.679231 8.585342 0.130287
endloop
endfacet
facet normal 0.008472 0.004845 0.999952
outer loop
vertex 1.696682 7.980013 0.130325
vertex 2.301355 7.972294 0.125239
vertex 1.859599 8.579410 0.126040
endloop
endfacet
facet normal 0.007743 0.005043 0.999957
outer loop
vertex 1.696682 7.980013 0.130325
vertex 1.859599 8.579410 0.126040
vertex 1.297996 8.581976 0.130376
endloop
endfacet
facet normal -0.829696 0.168615 0.532140
outer loop
vertex 2.301355 7.972294 0.125239
vertex 2.816275 7.996356 0.920461
vertex 2.495904 8.563697 0.241182
endloop
endfacet
facet normal -0.179658 -0.132011 0.974831
outer loop
vertex 2.301355 7.972294 0.125239
vertex 2.495904 8.563697 0.241182
vertex 1.859599 8.579410 0.126040
endloop
endfacet
facet normal -0.933187 0.212704 0.289689
outer loop
vertex 2.816275 7.996356 0.920461
vertex 3.374714 8.001733 2.715437
vertex 3.141301 8.536416 1.570943
endloop
endfacet
facet normal -0.899413 0.015141 0.436838
outer loop
vertex 2.816275 7.996356 0.920461
vertex 3.141301 8.536416 1.570943
vertex 2.495904 8.563697 0.241182
endloop
endfacet
facet normal -0.701151 0.497713 0.510558
outer loop
vertex 3.374714 8.001733 2.715437
vertex 4.062530 7.980495 3.680720
vertex 3.726555 8.549950 2.664197
endloop
endfacet
facet normal -0.754849 0.521621 0.397637
outer loop
vertex 3.374714 8.001733 2.715437
vertex 3.726555 8.549950 2.664197
vertex 3.141301 8.536416 1.570943
endloop
endfacet
facet normal -0.567395 0.421518 0.707379
outer loop
vertex 4.062530 7.980495 3.680720
vertex 4.672859 7.967686 4.177904
vertex 4.260325 8.601278 3.469458
endloop
endfacet
facet normal -0.771693 0.411041 0.485320
outer loop
vertex 4.062530 7.980495 3.680720
vertex 4.260325 8.601278 3.469458
vertex 3.726555 8.549950 2.664197
endloop
endfacet
facet normal -0.640392 0.043861 0.766794
outer loop
vertex 4.672859 7.967686 4.177904
vertex 5.275845 7.961135 4.681865
vertex 4.864358 8.590874 4.302188
endloop
endfacet
facet normal -0.801820 0.130074 0.583236
outer loop
vertex 4.672859 7.967686 4.177904
vertex 4.864358 8.590874 4.302188
vertex 4.260325 8.601278 3.469458
endloop
endfacet
facet normal -0.592144 -0.201242 0.780299
outer loop
vertex 5.275845 7.961135 4.681865
vertex 5.889680 7.963252 5.148232
vertex 5.454356 8.597793 4.981529
endloop
endfacet
facet normal -0.750968 -0.096883 0.653193
outer loop
vertex 5.275845 7.961135 4.681865
vertex 5.454356 8.597793 4.981529
vertex 4.864358 8.590874 4.302188
endloop
endfacet
facet normal -0.481127 -0.312294 0.819139
outer loop
vertex 5.889680 7.963252 5.148232
vertex 6.500859 7.959982 5.505965
vertex 6.073404 8.587217 5.494028
endloop
endfacet
facet normal -0.622810 -0.230890 0.747528
outer loop
vertex 5.889680 7.963252 5.148232
vertex 6.073404 8.587217 5.494028
vertex 5.454356 8.597793 4.981529
endloop
endfacet
facet normal -0.423608 -0.320250 0.847347
outer loop
vertex 6.500859 7.959982 5.505965
vertex 7.097453 7.956963 5.803076
vertex 6.650607 8.590830 5.819253
endloop
endfacet
facet normal -0.466517 -0.302106 0.831321
outer loop
vertex 6.500859 7.959982 5.505965
vertex 6.650607 8.590830 5.819253
vertex 6.073404 8.587217 5.494028
endloop
endfacet
facet normal -0.290187 -0.179179 0.940046
outer loop
vertex 7.097453 7.956963 5.803076
vertex 7.706320 7.954602 5.990579
vertex 7.266462 8.595787 5.977011
endloop
endfacet
facet normal -0.241924 -0.194804 0.950539
outer loop
vertex 7.097453 7.956963 5.803076
vertex 7.266462 8.595787 5.977011
vertex 6.650607 8.590830 5.819253
endloop
endfacet
facet normal 0.171860 -0.007409 0.985093
outer loop
vertex 7.706320 7.954602 5.990579
vertex 8.303580 7.957461 5.886402
vertex 7.872519 8.588312 5.966350
endloop
endfacet
facet normal 0.017991 0.033487 0.999277
outer loop
vertex 7.706320 7.954602 5.990579
vertex 7.872519 8.588312 5.966350
vertex 7.266462 8.595787 5.977011
endloop
endfacet
facet normal 0.441202 0.053586 0.895807
outer loop
vertex 8.303580 7.957461 5.886402
vertex 8.896793 7.969861 5.593491
vertex 8.482424 8.588743 5.760556
endloop
endfacet
facet normal 0.318114 0.097862 0.942988
outer loop
vertex 8.303580 7.957461 5.886402
vertex 8.482424 8.588743 5.760556
vertex 7.872519 8.588312 5.966350
endloop
endfacet
facet normal 0.563352 -0.017555 0.826031
outer loop
vertex 8.896793 7.969861 5.593491
vertex 9.493926 7.979020 5.186442
vertex 9.096747 8.580551 5.470102
endloop
endfacet
facet normal 0.427513 0.042475 0.903011
outer loop
vertex 8.896793 7.969861 5.593491
vertex 9.096747 8.580551 5.470102
vertex 8.482424 8.588743 5.760556
endloop
endfacet
facet normal 0.503868 0.010124 0.863721
outer loop
vertex 9.493926 7.979020 5.186442
vertex 10.079681 7.980477 4.844714
vertex 9.702057 8.579837 5.057982
endloop
endfacet
facet normal 0.562677 -0.018211 0.826476
outer loop
vertex 9.493926 7.979020 5.186442
vertex 9.702057 8.579837 5.057982
vertex 9.096747 8.580551 5.470102
endloop
endfacet
facet normal 0.593906 -0.013533 0.804421
outer loop
vertex 10.079681 7.980477 4.844714
vertex 10.681757 7.984236 4.400262
vertex 10.326931 8.556555 4.671860
endloop
endfacet
facet normal 0.526224 0.029146 0.849846
outer loop
vertex 10.079681 7.980477 4.844714
vertex 10.326931 8.556555 4.671860
vertex 9.702057 8.579837 5.057982
endloop
endfacet
facet normal 0.681766 -0.169391 0.711689
outer loop
vertex 10.681757 7.984236 4.400262
vertex 11.282766 7.987770 3.825364
vertex 10.897523 8.575046 4.334188
endloop
endfacet
facet normal 0.509377 -0.090317 0.855791
outer loop
vertex 10.681757 7.984236 4.400262
vertex 10.897523 8.575046 4.334188
vertex 10.326931 8.556555 4.671860
endloop
endfacet
facet normal 0.145354 -0.727961 0.670034
outer loop
vertex 11.282766 7.987770 3.825364
vertex 12.104108 7.883091 3.533458
vertex 12.232408 8.383338 4.049120
endloop
endfacet
facet normal 0.076537 -0.623748 0.777869
outer loop
vertex 11.282766 7.987770 3.825364
vertex 12.232408 8.383338 4.049120
vertex 10.897523 8.575046 4.334188
endloop
endfacet
facet normal 0.637920 0.551317 -0.537687
outer loop
vertex 12.104108 7.883091 3.533458
vertex 11.789875 8.210296 3.496145
vertex 11.886571 8.646672 4.058304
endloop
endfacet
facet normal 0.432075 0.591197 -0.681026
outer loop
vertex 12.104108 7.883091 3.533458
vertex 11.886571 8.646672 4.058304
vertex 12.232408 8.383338 4.049120
endloop
endfacet
facet normal -0.307004 -0.713742 0.629541
outer loop
vertex 11.789875 8.210296 3.496145
vertex 13.089301 7.951844 3.836807
vertex 12.695045 8.555634 4.329089
endloop
endfacet
facet normal -0.289197 -0.731450 0.617532
outer loop
vertex 11.789875 8.210296 3.496145
vertex 12.695045 8.555634 4.329089
vertex 11.886571 8.646672 4.058304
endloop
endfacet
facet normal -0.499936 -0.605266 0.619448
outer loop
vertex 13.089301 7.951844 3.836807
vertex 13.728486 7.998330 4.398093
vertex 13.314474 8.608047 4.659716
endloop
endfacet
facet normal -0.283687 -0.710389 0.644103
outer loop
vertex 13.089301 7.951844 3.836807
vertex 13.314474 8.608047 4.659716
vertex 12.695045 8.555634 4.329089
endloop
endfacet
facet normal -0.523961 -0.597571 0.606937
outer loop
vertex 13.728486 7.998330 4.398093
vertex 14.292552 7.957827 4.845167
vertex 13.871997 8.551843 5.066956
endloop
endfacet
facet normal -0.507724 -0.607060 0.611306
outer loop
vertex 13.728486 7.998330 4.398093
vertex 13.871997 8.551843 5.066956
vertex 13.314474 8.608047 4.659716
endloop
endfacet
facet normal -0.332204 -0.603431 0.724922
outer loop
vertex 14.292552 7.957827 4.845167
vertex 14.938242 7.995678 5.172570
vertex 14.507847 8.604567 5.482180
endloop
endfacet
facet normal -0.418803 -0.562636 0.712772
outer loop
vertex 14.292552 7.957827 4.845167
vertex 14.507847 8.604567 5.482180
vertex 13.871997 8.551843 5.066956
endloop
endfacet
facet normal -0.510219 -0.570983 0.643161
outer loop
vertex 14.938242 7.995678 5.172570
vertex 15.504116 7.952569 5.583206
vertex 15.078701 8.549990 5.776101
endloop
endfacet
facet normal -0.403725 -0.625069 0.668053
outer loop
vertex 14.938242 7.995678 5.172570
vertex 15.078701 8.549990 5.776101
vertex 14.507847 8.604567 5.482180
endloop
endfacet
facet normal -0.383906 -0.394449 0.834881
outer loop
vertex 15.504116 7.952569 5.583206
vertex 16.130168 7.966715 5.877769
vertex 15.703599 8.585598 5.974016
endloop
endfacet
facet normal -0.245836 -0.451929 0.857511
outer loop
vertex 15.504116 7.952569 5.583206
vertex 15.703599 8.585598 5.974016
vertex 15.078701 8.549990 5.776101
endloop
endfacet
facet normal -0.187896 -0.096498 0.977437
outer loop
vertex 16.130168 7.966715 5.877769
vertex 16.722141 7.968317 5.991724
vertex 16.301512 8.590102 5.972251
endloop
endfacet
facet normal 0.004055 -0.150940 0.988535
outer loop
vertex 16.130168 7.966715 5.877769
vertex 16.301512 8.590102 5.972251
vertex 15.703599 8.585598 5.974016
endloop
endfacet
facet normal 0.272410 0.211528 0.938642
outer loop
vertex 16.722141 7.968317 5.991724
vertex 17.323272 7.964425 5.818142
vertex 16.902726 8.588233 5.799613
endloop
endfacet
facet normal 0.270316 0.212273 0.939079
outer loop
vertex 16.722141 7.968317 5.991724
vertex 16.902726 8.588233 5.799613
vertex 16.301512 8.590102 5.972251
endloop
endfacet
facet normal 0.381184 0.339379 0.859954
outer loop
vertex 17.323272 7.964425 5.818142
vertex 17.951035 7.990702 5.529509
vertex 17.516510 8.601456 5.481084
endloop
endfacet
facet normal 0.431636 0.316086 0.844855
outer loop
vertex 17.323272 7.964425 5.818142
vertex 17.516510 8.601456 5.481084
vertex 16.902726 8.588233 5.799613
endloop
endfacet
facet normal 0.460236 0.552491 0.694936
outer loop
vertex 17.951035 7.990702 5.529509
vertex 18.526315 7.968272 5.166350
vertex 18.105345 8.580065 4.958756
endloop
endfacet
facet normal 0.593869 0.474054 0.650071
outer loop
vertex 17.951035 7.990702 5.529509
vertex 18.105345 8.580065 4.958756
vertex 17.516510 8.601456 5.481084
endloop
endfacet
facet normal 0.382172 0.701713 0.601285
outer loop
vertex 18.526315 7.968272 5.166350
vertex 19.154518 8.022808 4.703424
vertex 18.752704 8.601024 4.284023
endloop
endfacet
facet normal 0.574289 0.588327 0.569266
outer loop
vertex 18.526315 7.968272 5.166350
vertex 18.752704 8.601024 4.284023
vertex 18.105345 8.580065 4.958756
endloop
endfacet
facet normal 0.437636 0.795828 0.418488
outer loop
vertex 19.154518 8.022808 4.703424
vertex 19.743698 7.972025 4.183859
vertex 19.374498 8.554794 3.461713
endloop
endfacet
facet normal 0.587023 0.701299 0.404454
outer loop
vertex 19.154518 8.022808 4.703424
vertex 19.374498 8.554794 3.461713
vertex 18.752704 8.601024 4.284023
endloop
endfacet
facet normal 0.426208 0.795442 0.430834
outer loop
vertex 19.743698 7.972025 4.183859
vertex 20.324065 7.957147 3.637192
vertex 20.029371 8.625359 2.695012
endloop
endfacet
facet normal 0.418564 0.799356 0.431085
outer loop
vertex 19.743698 7.972025 4.183859
vertex 20.029371 8.625359 2.695012
vertex 19.374498 8.554794 3.461713
endloop
endfacet
facet normal 0.558207 0.774518 0.297534
outer loop
vertex 20.324065 7.957147 3.637192
vertex 20.888179 7.928735 2.652811
vertex 20.557362 8.569784 1.604728
endloop
endfacet
facet normal 0.661552 0.693625 0.285013
outer loop
vertex 20.324065 7.957147 3.637192
vertex 20.557362 8.569784 1.604728
vertex 20.029371 8.625359 2.695012
endloop
endfacet
facet normal 0.716180 0.636287 0.286749
outer loop
vertex 20.888179 7.928735 2.652811
vertex 21.557072 7.962990 0.906186
vertex 21.202399 8.620947 0.332027
endloop
endfacet
facet normal 0.543092 0.781665 0.306676
outer loop
vertex 20.888179 7.928735 2.652811
vertex 21.202399 8.620947 0.332027
vertex 20.557362 8.569784 1.604728
endloop
endfacet
facet normal 0.717150 0.485557 0.499930
outer loop
vertex 21.557072 7.962990 0.906186
vertex 22.128245 7.956019 0.093609
vertex 21.701957 8.577831 0.101184
endloop
endfacet
facet normal 0.342905 0.715742 0.608383
outer loop
vertex 21.557072 7.962990 0.906186
vertex 21.701957 8.577831 0.101184
vertex 21.202399 8.620947 0.332027
endloop
endfacet
facet normal -0.065196 -0.040909 0.997034
outer loop
vertex 22.128245 7.956019 0.093609
vertex 22.701165 7.982119 0.132143
vertex 22.310882 8.584452 0.131337
endloop
endfacet
facet normal -0.048910 -0.045685 0.997758
outer loop
vertex 22.128245 7.956019 0.093609
vertex 22.310882 8.584452 0.131337
vertex 21.701957 8.577831 0.101184
endloop
endfacet
facet normal 0.003140 0.002023 0.999993
outer loop
vertex 22.701165 7.982119 0.132143
vertex 23.300017 7.980818 0.130265
vertex 22.914634 8.579964 0.130263
endloop
endfacet
facet normal 0.001797 0.002503 0.999995
outer loop
vertex 22.701165 7.982119 0.132143
vertex 22.914634 8.579964 0.130263
vertex 22.310882 8.584452 0.131337
endloop
endfacet
facet normal -0.000039 -0.000025 1.000000
outer loop
vertex 23.300017 7.980818 0.130265
vertex 23.894828 7.982379 0.130289
vertex 23.515201 8.578731 0.130289
endloop
endfacet
facet normal -0.000043 -0.000024 1.000000
outer loop
vertex 23.300017 7.980818 0.130265
vertex 23.515201 8.578731 0.130289
vertex 22.914634 8.579964 0.130263
endloop
endfacet
facet normal 0.000002 -0.000005 1.000000
outer loop
vertex 0.102045 8.580816 0.130289
vertex 0.679231 8.585342 0.130287
vertex 1.096403 9.176225 0.130289
endloop
endfacet
facet normal -0.000002 0.000001 1.000000
outer loop
vertex 0.102045 8.580816 0.130289
vertex 1.096403 9.176225 0.130289
vertex 0.506623 9.169219 0.130289
endloop
endfacet
facet normal -0.000142 0.000260 1.000000
outer loop
vertex 0.679231 8.585342 0.130287
vertex 1.297996 8.581976 0.130376
vertex 1.697664 9.176779 0.130279
endloop
endfacet
facet normal 0.000018 -0.000016 1.000000
outer loop
vertex 0.679231 8.585342 0.130287
vertex 1.697664 9.176779 0.130279
vertex 1.096403 9.176225 0.130289
endloop
endfacet
facet normal 0.007661 -0.012792 0.999889
outer loop
vertex 1.297996 8.581976 0.130376
vertex 1.859599 8.579410 0.126040
vertex 2.291748 9.177309 0.130378
endloop
endfacet
facet normal -0.000168 0.000277 1.000000
outer loop
vertex 1.297996 8.581976 0.130376
vertex 2.291748 9.177309 0.130378
vertex 1.697664 9.176779 0.130279
endloop
endfacet
facet normal -0.164706 0.273798 0.947579
outer loop
vertex 1.859599 8.579410 0.126040
vertex 2.495904 8.563697 0.241182
vertex 2.880735 9.178236 0.130505
endloop
endfacet
facet normal -0.000204 -0.007108 0.999975
outer loop
vertex 1.859599 8.579410 0.126040
vertex 2.880735 9.178236 0.130505
vertex 2.291748 9.177309 0.130378
endloop
endfacet
facet normal -0.600873 0.738133 0.306776
outer loop
vertex 2.495904 8.563697 0.241182
vertex 3.141301 8.536416 1.570943
vertex 3.363008 9.235865 0.322252
endloop
endfacet
facet normal -0.380116 0.389151 0.839091
outer loop
vertex 2.495904 8.563697 0.241182
vertex 3.363008 9.235865 0.322252
vertex 2.880735 9.178236 0.130505
endloop
endfacet
facet normal -0.573074 0.763663 0.297330
outer loop
vertex 3.141301 8.536416 1.570943
vertex 3.726555 8.549950 2.664197
vertex 3.886457 9.222209 1.245766
endloop
endfacet
facet normal -0.558365 0.762107 0.327752
outer loop
vertex 3.141301 8.536416 1.570943
vertex 3.886457 9.222209 1.245766
vertex 3.363008 9.235865 0.322252
endloop
endfacet
facet normal -0.578354 0.743387 0.335981
outer loop
vertex 3.726555 8.549950 2.664197
vertex 4.260325 8.601278 3.469458
vertex 4.725883 9.114546 3.135214
endloop
endfacet
facet normal -0.572101 0.764242 0.297715
outer loop
vertex 3.726555 8.549950 2.664197
vertex 4.725883 9.114546 3.135214
vertex 3.886457 9.222209 1.245766
endloop
endfacet
facet normal -0.612170 0.648696 0.452151
outer loop
vertex 4.260325 8.601278 3.469458
vertex 4.864358 8.590874 4.302188
vertex 5.333028 9.175447 4.098042
endloop
endfacet
facet normal -0.586742 0.742557 0.323022
outer loop
vertex 4.260325 8.601278 3.469458
vertex 5.333028 9.175447 4.098042
vertex 4.725883 9.114546 3.135214
endloop
endfacet
facet normal -0.550352 0.689433 0.470952
outer loop
vertex 4.864358 8.590874 4.302188
vertex 5.454356 8.597793 4.981529
vertex 5.892415 9.123759 4.723472
endloop
endfacet
facet normal -0.550935 0.632024 0.544992
outer loop
vertex 4.864358 8.590874 4.302188
vertex 5.892415 9.123759 4.723472
vertex 5.333028 9.175447 4.098042
endloop
endfacet
facet normal -0.467819 0.667881 0.578861
outer loop
vertex 5.454356 8.597793 4.981529
vertex 6.073404 8.587217 5.494028
vertex 6.504576 9.196531 5.139470
endloop
endfacet
facet normal -0.469248 0.671941 0.572976
outer loop
vertex 5.454356 8.597793 4.981529
vertex 6.504576 9.196531 5.139470
vertex 5.892415 9.123759 4.723472
endloop
endfacet
facet normal -0.397647 0.594212 0.699134
outer loop
vertex 6.073404 8.587217 5.494028
vertex 6.650607 8.590830 5.819253
vertex 7.102457 9.146580 5.603905
endloop
endfacet
facet normal -0.425231 0.660801 0.618483
outer loop
vertex 6.073404 8.587217 5.494028
vertex 7.102457 9.146580 5.603905
vertex 6.504576 9.196531 5.139470
endloop
endfacet
facet normal -0.243337 0.227959 0.942773
outer loop
vertex 6.650607 8.590830 5.819253
vertex 7.266462 8.595787 5.977011
vertex 7.712171 9.156377 5.956504
endloop
endfacet
facet normal -0.408121 0.598834 0.689083
outer loop
vertex 6.650607 8.590830 5.819253
vertex 7.712171 9.156377 5.956504
vertex 7.102457 9.146580 5.603905
endloop
endfacet
facet normal 0.017066 -0.041165 0.999007
outer loop
vertex 7.266462 8.595787 5.977011
vertex 7.872519 8.588312 5.966350
vertex 8.308615 9.150505 5.982066
endloop
endfacet
facet normal -0.042027 0.069875 0.996670
outer loop
vertex 7.266462 8.595787 5.977011
vertex 8.308615 9.150505 5.982066
vertex 7.712171 9.156377 5.956504
endloop
endfacet
facet normal 0.272356 -0.525429 0.806069
outer loop
vertex 7.872519 8.588312 5.966350
vertex 8.482424 8.588743 5.760556
vertex 8.905169 9.161616 5.991140
endloop
endfacet
facet normal -0.014902 -0.016388 0.999755
outer loop
vertex 7.872519 8.588312 5.966350
vertex 8.905169 9.161616 5.991140
vertex 8.308615 9.150505 5.982066
endloop
endfacet
facet normal 0.304694 -0.683120 0.663708
outer loop
vertex 8.482424 8.588743 5.760556
vertex 9.096747 8.580551 5.470102
vertex 9.499347 9.170346 5.892322
endloop
endfacet
facet normal 0.151992 -0.463528 0.872949
outer loop
vertex 8.482424 8.588743 5.760556
vertex 9.499347 9.170346 5.892322
vertex 8.905169 9.161616 5.991140
endloop
endfacet
facet normal 0.371906 -0.749587 0.547545
outer loop
vertex 9.096747 8.580551 5.470102
vertex 9.702057 8.579837 5.057982
vertex 10.084707 9.174288 5.611879
endloop
endfacet
facet normal 0.318209 -0.685790 0.654550
outer loop
vertex 9.096747 8.580551 5.470102
vertex 10.084707 9.174288 5.611879
vertex 9.499347 9.170346 5.892322
endloop
endfacet
facet normal 0.319219 -0.762626 0.562584
outer loop
vertex 9.702057 8.579837 5.057982
vertex 10.326931 8.556555 4.671860
vertex 10.681249 9.182538 5.319382
endloop
endfacet
facet normal 0.301182 -0.746598 0.593195
outer loop
vertex 9.702057 8.579837 5.057982
vertex 10.681249 9.182538 5.319382
vertex 10.084707 9.174288 5.611879
endloop
endfacet
facet normal 0.360150 -0.740006 0.568053
outer loop
vertex 10.326931 8.556555 4.671860
vertex 10.897523 8.575046 4.334188
vertex 11.283838 9.188936 4.888980
endloop
endfacet
facet normal 0.383095 -0.759966 0.525061
outer loop
vertex 10.326931 8.556555 4.671860
vertex 11.283838 9.188936 4.888980
vertex 10.681249 9.182538 5.319382
endloop
endfacet
facet normal 0.082449 -0.604303 0.792477
outer loop
vertex 10.897523 8.575046 4.334188
vertex 12.232408 8.383338 4.049120
vertex 12.399776 9.054123 4.543214
endloop
endfacet
facet normal 0.129388 -0.708440 0.693809
outer loop
vertex 10.897523 8.575046 4.334188
vertex 12.399776 9.054123 4.543214
vertex 11.283838 9.188936 4.888980
endloop
endfacet
facet normal 0.362929 0.503970 -0.783771
outer loop
vertex 12.232408 8.383338 4.049120
vertex 11.886571 8.646672 4.058304
vertex 12.042537 9.319481 4.563146
endloop
endfacet
facet normal 0.330535 0.504882 -0.797396
outer loop
vertex 12.232408 8.383338 4.049120
vertex 12.042537 9.319481 4.563146
vertex 12.399776 9.054123 4.543214
endloop
endfacet
facet normal -0.319267 -0.558865 0.765336
outer loop
vertex 11.886571 8.646672 4.058304
vertex 12.695045 8.555634 4.329089
vertex 13.024568 9.158256 4.906601
endloop
endfacet
facet normal -0.357586 -0.506047 0.784888
outer loop
vertex 11.886571 8.646672 4.058304
vertex 13.024568 9.158256 4.906601
vertex 12.042537 9.319481 4.563146
endloop
endfacet
facet normal -0.334000 -0.606132 0.721837
outer loop
vertex 12.695045 8.555634 4.329089
vertex 13.314474 8.608047 4.659716
vertex 13.711455 9.184725 5.327644
endloop
endfacet
facet normal -0.444634 -0.480993 0.755610
outer loop
vertex 12.695045 8.555634 4.329089
vertex 13.711455 9.184725 5.327644
vertex 13.024568 9.158256 4.906601
endloop
endfacet
facet normal -0.585184 -0.273500 0.763386
outer loop
vertex 13.314474 8.608047 4.659716
vertex 13.871997 8.551843 5.066956
vertex 14.293154 9.166845 5.610138
endloop
endfacet
facet normal -0.369189 -0.583580 0.723280
outer loop
vertex 13.314474 8.608047 4.659716
vertex 14.293154 9.166845 5.610138
vertex 13.711455 9.184725 5.327644
endloop
endfacet
facet normal -0.522141 -0.210939 0.826362
outer loop
vertex 13.871997 8.551843 5.066956
vertex 14.507847 8.604567 5.482180
vertex 14.918361 9.175716 5.887359
endloop
endfacet
facet normal -0.351547 -0.472870 0.807966
outer loop
vertex 13.871997 8.551843 5.066956
vertex 14.918361 9.175716 5.887359
vertex 14.293154 9.166845 5.610138
endloop
endfacet
facet normal -0.456355 0.017698 0.889622
outer loop
vertex 14.507847 8.604567 5.482180
vertex 15.078701 8.549990 5.776101
vertex 15.508803 9.171586 5.984367
endloop
endfacet
facet normal -0.143648 -0.501841 0.852948
outer loop
vertex 14.507847 8.604567 5.482180
vertex 15.508803 9.171586 5.984367
vertex 14.918361 9.175716 5.887359
endloop
endfacet
facet normal -0.306037 0.211485 0.928232
outer loop
vertex 15.078701 8.549990 5.776101
vertex 15.703599 8.585598 5.974016
vertex 16.122119 9.167296 5.979469
endloop
endfacet
facet normal 0.005317 -0.320995 0.947066
outer loop
vertex 15.078701 8.549990 5.776101
vertex 16.122119 9.167296 5.979469
vertex 15.508803 9.171586 5.984367
endloop
endfacet
facet normal 0.002803 0.019577 0.999804
outer loop
vertex 15.703599 8.585598 5.974016
vertex 16.301512 8.590102 5.972251
vertex 16.720735 9.166072 5.959798
endloop
endfacet
facet normal 0.032758 -0.032934 0.998921
outer loop
vertex 15.703599 8.585598 5.974016
vertex 16.720735 9.166072 5.959798
vertex 16.122119 9.167296 5.979469
endloop
endfacet
facet normal 0.275123 0.090498 0.957140
outer loop
vertex 16.301512 8.590102 5.972251
vertex 16.902726 8.588233 5.799613
vertex 17.336266 9.161522 5.620791
endloop
endfacet
facet normal 0.456234 -0.314071 0.832593
outer loop
vertex 16.301512 8.590102 5.972251
vertex 17.336266 9.161522 5.620791
vertex 16.720735 9.166072 5.959798
endloop
endfacet
facet normal 0.454320 0.132417 0.880942
outer loop
vertex 16.902726 8.588233 5.799613
vertex 17.516510 8.601456 5.481084
vertex 17.967539 9.166304 5.163575
endloop
endfacet
facet normal 0.577007 -0.188466 0.794697
outer loop
vertex 16.902726 8.588233 5.799613
vertex 17.967539 9.166304 5.163575
vertex 17.336266 9.161522 5.620791
endloop
endfacet
facet normal 0.642910 -0.219669 0.733766
outer loop
vertex 17.516510 8.601456 5.481084
vertex 18.105345 8.580065 4.958756
vertex 18.543653 9.170494 4.751479
endloop
endfacet
facet normal 0.581807 -0.007407 0.813293
outer loop
vertex 17.516510 8.601456 5.481084
vertex 18.543653 9.170494 4.751479
vertex 17.967539 9.166304 5.163575
endloop
endfacet
facet normal 0.697193 -0.279313 0.660232
outer loop
vertex 18.105345 8.580065 4.958756
vertex 18.752704 8.601024 4.284023
vertex 19.149485 9.190737 4.114510
endloop
endfacet
facet normal 0.698354 -0.288463 0.655050
outer loop
vertex 18.105345 8.580065 4.958756
vertex 19.149485 9.190737 4.114510
vertex 18.543653 9.170494 4.751479
endloop
endfacet
facet normal 0.793357 -0.075014 0.604118
outer loop
vertex 18.752704 8.601024 4.284023
vertex 19.374498 8.554794 3.461713
vertex 19.674967 9.169932 3.143505
endloop
endfacet
facet normal 0.798285 -0.410406 0.440804
outer loop
vertex 18.752704 8.601024 4.284023
vertex 19.674967 9.169932 3.143505
vertex 19.149485 9.190737 4.114510
endloop
endfacet
facet normal 0.360312 0.849258 0.385922
outer loop
vertex 19.374498 8.554794 3.461713
vertex 20.029371 8.625359 2.695012
vertex 20.343607 9.191342 1.156130
endloop
endfacet
facet normal 0.908759 -0.287331 0.302651
outer loop
vertex 19.374498 8.554794 3.461713
vertex 20.343607 9.191342 1.156130
vertex 19.674967 9.169932 3.143505
endloop
endfacet
facet normal 0.852573 0.341660 0.395459
outer loop
vertex 20.029371 8.625359 2.695012
vertex 20.557362 8.569784 1.604728
vertex 20.942406 9.185275 0.242852
endloop
endfacet
facet normal 0.589949 0.711318 0.382081
outer loop
vertex 20.029371 8.625359 2.695012
vertex 20.942406 9.185275 0.242852
vertex 20.343607 9.191342 1.156130
endloop
endfacet
facet normal 0.856122 -0.298410 0.421908
outer loop
vertex 20.557362 8.569784 1.604728
vertex 21.202399 8.620947 0.332027
vertex 21.506342 9.168723 0.102710
endloop
endfacet
facet normal 0.135298 0.887964 0.439562
outer loop
vertex 20.557362 8.569784 1.604728
vertex 21.506342 9.168723 0.102710
vertex 20.942406 9.185275 0.242852
endloop
endfacet
facet normal 0.374575 -0.319736 0.870323
outer loop
vertex 21.202399 8.620947 0.332027
vertex 21.701957 8.577831 0.101184
vertex 22.134134 9.172613 0.133690
endloop
endfacet
facet normal -0.047520 0.408045 0.911724
outer loop
vertex 21.202399 8.620947 0.332027
vertex 22.134134 9.172613 0.133690
vertex 21.506342 9.168723 0.102710
endloop
endfacet
facet normal -0.049820 0.036391 0.998095
outer loop
vertex 21.701957 8.577831 0.101184
vertex 22.310882 8.584452 0.131337
vertex 22.716883 9.171482 0.130199
endloop
endfacet
facet normal 0.005865 -0.058818 0.998252
outer loop
vertex 21.701957 8.577831 0.101184
vertex 22.716883 9.171482 0.130199
vertex 22.134134 9.172613 0.133690
endloop
endfacet
facet normal 0.001769 -0.001283 0.999998
outer loop
vertex 22.310882 8.584452 0.131337
vertex 22.914634 8.579964 0.130263
vertex 23.329302 9.173940 0.130292
endloop
endfacet
facet normal -0.000160 0.002048 0.999998
outer loop
vertex 22.310882 8.584452 0.131337
vertex 23.329302 9.173940 0.130292
vertex 22.716883 9.171482 0.130199
endloop
endfacet
facet normal -0.000042 0.000027 1.000000
outer loop
vertex 22.914634 8.579964 0.130263
vertex 23.515201 8.578731 0.130289
vertex 23.891507 9.177966 0.130288
endloop
endfacet
facet normal 0.000007 -0.000053 1.000000
outer loop
vertex 22.914634 8.579964 0.130263
vertex 23.891507 9.177966 0.130288
vertex 23.329302 9.173940 0.130292
endloop
endfacet
facet normal -0.000002 -0.000001 1.000000
outer loop
vertex 0.506623 9.169219 0.130289
vertex 1.096403 9.176225 0.130289
vertex 0.682297 9.783762 0.130290
endloop
endfacet
facet normal -0.000002 -0.000001 1.000000
outer loop
vertex 0.506623 9.169219 0.130289
vertex 0.682297 9.783762 0.130290
vertex 0.107710 9.776667 0.130289
endloop
endfacet
facet normal 0.000018 0.000082 1.000000
outer loop
vertex 1.096403 9.176225 0.130289
vertex 1.697664 9.176779 0.130279
vertex 1.290277 9.781927 0.130237
endloop
endfacet
facet normal 0.000087 0.000059 1.000000
outer loop
vertex 1.096403 9.176225 0.130289
vertex 1.290277 9.781927 0.130237
vertex 0.682297 9.783762 0.130290
endloop
endfacet
facet normal -0.000166 -0.001807 0.999998
outer loop
vertex 1.697664 9.176779 0.130279
vertex 2.291748 9.177309 0.130378
vertex 1.894227 9.782395 0.131406
endloop
endfacet
facet normal -0.001935 -0.001233 0.999997
outer loop
vertex 1.697664 9.176779 0.130279
vertex 1.894227 9.782395 0.131406
vertex 1.290277 9.781927 0.130237
endloop
endfacet
facet normal -0.000237 0.013988 0.999902
outer loop
vertex 2.291748 9.177309 0.130378
vertex 2.880735 9.178236 0.130505
vertex 2.489956 9.777226 0.122033
endloop
endfacet
facet normal 0.015807 0.008686 0.999837
outer loop
vertex 2.291748 9.177309 0.130378
vertex 2.489956 9.777226 0.122033
vertex 1.894227 9.782395 0.131406
endloop
endfacet
facet normal -0.369766 0.002980 0.929120
outer loop
vertex 2.880735 9.178236 0.130505
vertex 3.363008 9.235865 0.322252
vertex 3.064661 9.771802 0.201799
endloop
endfacet
facet normal -0.137783 -0.075921 0.987548
outer loop
vertex 2.880735 9.178236 0.130505
vertex 3.064661 9.771802 0.201799
vertex 2.489956 9.777226 0.122033
endloop
endfacet
facet normal -0.803360 -0.390510 0.449571
outer loop
vertex 3.363008 9.235865 0.322252
vertex 3.886457 9.222209 1.245766
vertex 3.676397 9.768714 1.345108
endloop
endfacet
facet normal -0.823185 -0.359478 0.439480
outer loop
vertex 3.363008 9.235865 0.322252
vertex 3.676397 9.768714 1.345108
vertex 3.064661 9.771802 0.201799
endloop
endfacet
facet normal -0.827738 -0.444528 0.342410
outer loop
vertex 3.886457 9.222209 1.245766
vertex 4.725883 9.114546 3.135214
vertex 4.280147 9.762576 2.898989
endloop
endfacet
facet normal -0.858661 -0.390410 0.332085
outer loop
vertex 3.886457 9.222209 1.245766
vertex 4.280147 9.762576 2.898989
vertex 3.676397 9.768714 1.345108
endloop
endfacet
facet normal -0.752518 -0.426837 0.501524
outer loop
vertex 4.725883 9.114546 3.135214
vertex 5.333028 9.175447 4.098042
vertex 4.856961 9.785884 3.903252
endloop
endfacet
facet normal -0.798655 -0.378920 0.467514
outer loop
vertex 4.725883 9.114546 3.135214
vertex 4.856961 9.785884 3.903252
vertex 4.280147 9.762576 2.898989
endloop
endfacet
facet normal -0.678530 -0.465281 0.568428
outer loop
vertex 5.333028 9.175447 4.098042
vertex 5.892415 9.123759 4.723472
vertex 5.436473 9.779907 4.716299
endloop
endfacet
facet normal -0.743526 -0.411716 0.526933
outer loop
vertex 5.333028 9.175447 4.098042
vertex 5.436473 9.779907 4.716299
vertex 4.856961 9.785884 3.903252
endloop
endfacet
facet normal -0.399477 -0.600300 0.692862
outer loop
vertex 5.892415 9.123759 4.723472
vertex 6.504576 9.196531 5.139470
vertex 6.066432 9.786112 5.397670
endloop
endfacet
facet normal -0.654396 -0.448066 0.609100
outer loop
vertex 5.892415 9.123759 4.723472
vertex 6.066432 9.786112 5.397670
vertex 5.436473 9.779907 4.716299
endloop
endfacet
facet normal -0.519503 -0.604661 0.603740
outer loop
vertex 6.504576 9.196531 5.139470
vertex 7.102457 9.146580 5.603905
vertex 6.659330 9.765207 5.842175
endloop
endfacet
facet normal -0.481627 -0.626355 0.612955
outer loop
vertex 6.504576 9.196531 5.139470
vertex 6.659330 9.765207 5.842175
vertex 6.066432 9.786112 5.397670
endloop
endfacet
facet normal -0.461993 -0.363482 0.808977
outer loop
vertex 7.102457 9.146580 5.603905
vertex 7.712171 9.156377 5.956504
vertex 7.280574 9.786746 5.993257
endloop
endfacet
facet normal -0.193150 -0.470068 0.861237
outer loop
vertex 7.102457 9.146580 5.603905
vertex 7.280574 9.786746 5.993257
vertex 6.659330 9.765207 5.842175
endloop
endfacet
facet normal -0.043096 -0.030198 0.998614
outer loop
vertex 7.712171 9.156377 5.956504
vertex 8.308615 9.150505 5.982066
vertex 7.882324 9.789525 5.982993
endloop
endfacet
facet normal 0.017250 -0.046422 0.998773
outer loop
vertex 7.712171 9.156377 5.956504
vertex 7.882324 9.789525 5.982993
vertex 7.280574 9.786746 5.993257
endloop
endfacet
facet normal -0.015205 -0.000234 0.999884
outer loop
vertex 8.308615 9.150505 5.982066
vertex 8.905169 9.161616 5.991140
vertex 8.480697 9.785405 5.984831
endloop
endfacet
facet normal -0.003096 -0.003517 0.999989
outer loop
vertex 8.308615 9.150505 5.982066
vertex 8.480697 9.785405 5.984831
vertex 7.882324 9.789525 5.982993
endloop
endfacet
facet normal 0.164492 -0.039211 0.985599
outer loop
vertex 8.905169 9.161616 5.991140
vertex 9.499347 9.170346 5.892322
vertex 9.098364 9.777150 5.983385
endloop
endfacet
facet normal 0.002499 0.011813 0.999927
outer loop
vertex 8.905169 9.161616 5.991140
vertex 9.098364 9.777150 5.983385
vertex 8.480697 9.785405 5.984831
endloop
endfacet
facet normal 0.428499 -0.141430 0.892405
outer loop
vertex 9.499347 9.170346 5.892322
vertex 10.084707 9.174288 5.611879
vertex 9.700799 9.772945 5.891093
endloop
endfacet
facet normal 0.150924 -0.048442 0.987358
outer loop
vertex 9.499347 9.170346 5.892322
vertex 9.700799 9.772945 5.891093
vertex 9.098364 9.777150 5.983385
endloop
endfacet
facet normal 0.428215 -0.258026 0.866057
outer loop
vertex 10.084707 9.174288 5.611879
vertex 10.681249 9.182538 5.319382
vertex 10.310135 9.772312 5.678588
endloop
endfacet
facet normal 0.320754 -0.223579 0.920396
outer loop
vertex 10.084707 9.174288 5.611879
vertex 10.310135 9.772312 5.678588
vertex 9.700799 9.772945 5.891093
endloop
endfacet
facet normal 0.574932 -0.159138 0.802576
outer loop
vertex 10.681249 9.182538 5.319382
vertex 11.283838 9.188936 4.888980
vertex 10.901669 9.774305 5.278820
endloop
endfacet
facet normal 0.553933 -0.150198 0.818901
outer loop
vertex 10.681249 9.182538 5.319382
vertex 10.901669 9.774305 5.278820
vertex 10.310135 9.772312 5.678588
endloop
endfacet
facet normal 0.285203 -0.087240 0.954488
outer loop
vertex 11.283838 9.188936 4.888980
vertex 12.399776 9.054123 4.543214
vertex 11.496994 9.775791 4.878927
endloop
endfacet
facet normal 0.548277 -0.185173 0.815538
outer loop
vertex 11.283838 9.188936 4.888980
vertex 11.496994 9.775791 4.878927
vertex 10.901669 9.774305 5.278820
endloop
endfacet
facet normal 0.207750 0.348343 -0.914055
outer loop
vertex 12.399776 9.054123 4.543214
vertex 12.042537 9.319481 4.563146
vertex 12.535824 9.710145 4.824143
endloop
endfacet
facet normal 0.023246 -0.397619 0.917256
outer loop
vertex 12.399776 9.054123 4.543214
vertex 12.535824 9.710145 4.824143
vertex 11.496994 9.775791 4.878927
endloop
endfacet
facet normal -0.330014 -0.726729 0.602458
outer loop
vertex 12.042537 9.319481 4.563146
vertex 13.024568 9.158256 4.906601
vertex 12.149356 9.867801 5.283085
endloop
endfacet
facet normal -0.326968 0.774571 -0.541417
outer loop
vertex 12.042537 9.319481 4.563146
vertex 12.149356 9.867801 5.283085
vertex 12.535824 9.710145 4.824143
endloop
endfacet
facet normal -0.380850 -0.645629 0.661904
outer loop
vertex 13.024568 9.158256 4.906601
vertex 13.711455 9.184725 5.327644
vertex 13.312570 9.785571 5.684204
endloop
endfacet
facet normal -0.277878 -0.694756 0.663398
outer loop
vertex 13.024568 9.158256 4.906601
vertex 13.312570 9.785571 5.684204
vertex 12.149356 9.867801 5.283085
endloop
endfacet
facet normal -0.367225 -0.590304 0.718810
outer loop
vertex 13.711455 9.184725 5.327644
vertex 14.293154 9.166845 5.610138
vertex 13.889683 9.766082 5.896121
endloop
endfacet
facet normal -0.288111 -0.622887 0.727327
outer loop
vertex 13.711455 9.184725 5.327644
vertex 13.889683 9.766082 5.896121
vertex 13.312570 9.785571 5.684204
endloop
endfacet
facet normal -0.368884 -0.388546 0.844367
outer loop
vertex 14.293154 9.166845 5.610138
vertex 14.918361 9.175716 5.887359
vertex 14.506582 9.786963 5.988735
endloop
endfacet
facet normal -0.113289 -0.489036 0.864876
outer loop
vertex 14.293154 9.166845 5.610138
vertex 14.506582 9.786963 5.988735
vertex 13.889683 9.766082 5.896121
endloop
endfacet
facet normal -0.161930 -0.106320 0.981058
outer loop
vertex 14.918361 9.175716 5.887359
vertex 15.508803 9.171586 5.984367
vertex 15.102350 9.796041 5.984953
endloop
endfacet
facet normal 0.008674 -0.157921 0.987414
outer loop
vertex 14.918361 9.175716 5.887359
vertex 15.102350 9.796041 5.984953
vertex 14.506582 9.786963 5.988735
endloop
endfacet
facet normal 0.007986 0.000060 0.999968
outer loop
vertex 15.508803 9.171586 5.984367
vertex 16.122119 9.167296 5.979469
vertex 15.705835 9.780299 5.982757
endloop
endfacet
facet normal 0.003677 0.001454 0.999992
outer loop
vertex 15.508803 9.171586 5.984367
vertex 15.705835 9.780299 5.982757
vertex 15.102350 9.796041 5.984953
endloop
endfacet
facet normal 0.032804 -0.016992 0.999317
outer loop
vertex 16.122119 9.167296 5.979469
vertex 16.720735 9.166072 5.959798
vertex 16.312453 9.780969 5.983656
endloop
endfacet
facet normal -0.001474 -0.006365 0.999979
outer loop
vertex 16.122119 9.167296 5.979469
vertex 16.312453 9.780969 5.983656
vertex 15.705835 9.780299 5.982757
endloop
endfacet
facet normal 0.482279 0.039153 0.875142
outer loop
vertex 16.720735 9.166072 5.959798
vertex 17.336266 9.161522 5.620791
vertex 16.902227 9.783927 5.832137
endloop
endfacet
facet normal 0.246245 0.126218 0.960954
outer loop
vertex 16.720735 9.166072 5.959798
vertex 16.902227 9.783927 5.832137
vertex 16.312453 9.780969 5.983656
endloop
endfacet
facet normal 0.579391 0.147960 0.801507
outer loop
vertex 17.336266 9.161522 5.620791
vertex 17.967539 9.166304 5.163575
vertex 17.507641 9.800913 5.378874
endloop
endfacet
facet normal 0.590675 0.142201 0.794281
outer loop
vertex 17.336266 9.161522 5.620791
vertex 17.507641 9.800913 5.378874
vertex 16.902227 9.783927 5.832137
endloop
endfacet
facet normal 0.514998 0.457925 0.724626
outer loop
vertex 17.967539 9.166304 5.163575
vertex 18.543653 9.170494 4.751479
vertex 18.093742 9.785761 4.682418
endloop
endfacet
facet normal 0.727805 0.322021 0.605476
outer loop
vertex 17.967539 9.166304 5.163575
vertex 18.093742 9.785761 4.682418
vertex 17.507641 9.800913 5.378874
endloop
endfacet
facet normal 0.573556 0.593717 0.564388
outer loop
vertex 18.543653 9.170494 4.751479
vertex 19.149485 9.190737 4.114510
vertex 18.726535 9.824238 3.877910
endloop
endfacet
facet normal 0.650790 0.536222 0.537530
outer loop
vertex 18.543653 9.170494 4.751479
vertex 18.726535 9.824238 3.877910
vertex 18.093742 9.785761 4.682418
endloop
endfacet
facet normal 0.730704 0.564913 0.383334
outer loop
vertex 19.149485 9.190737 4.114510
vertex 19.674967 9.169932 3.143505
vertex 19.331071 9.778579 2.902080
endloop
endfacet
facet normal 0.687617 0.607561 0.397558
outer loop
vertex 19.149485 9.190737 4.114510
vertex 19.331071 9.778579 2.902080
vertex 18.726535 9.824238 3.877910
endloop
endfacet
facet normal 0.893061 0.331667 0.304038
outer loop
vertex 19.674967 9.169932 3.143505
vertex 20.343607 9.191342 1.156130
vertex 20.047064 9.756239 1.410947
endloop
endfacet
facet normal 0.748710 0.562294 0.351082
outer loop
vertex 19.674967 9.169932 3.143505
vertex 20.047064 9.756239 1.410947
vertex 19.331071 9.778579 2.902080
endloop
endfacet
facet normal 0.765283 0.406541 0.499065
outer loop
vertex 20.343607 9.191342 1.156130
vertex 20.942406 9.185275 0.242852
vertex 20.627277 9.740855 0.273504
endloop
endfacet
facet normal 0.862538 0.255882 0.436523
outer loop
vertex 20.343607 9.191342 1.156130
vertex 20.627277 9.740855 0.273504
vertex 20.047064 9.756239 1.410947
endloop
endfacet
facet normal 0.242728 0.100539 0.964870
outer loop
vertex 20.942406 9.185275 0.242852
vertex 21.506342 9.168723 0.102710
vertex 21.137070 9.779364 0.131977
endloop
endfacet
facet normal 0.259689 0.094274 0.961080
outer loop
vertex 20.942406 9.185275 0.242852
vertex 21.137070 9.779364 0.131977
vertex 20.627277 9.740855 0.273504
endloop
endfacet
facet normal -0.049093 -0.028289 0.998394
outer loop
vertex 21.506342 9.168723 0.102710
vertex 22.134134 9.172613 0.133690
vertex 21.719764 9.779370 0.130507
endloop
endfacet
facet normal 0.002522 -0.046352 0.998922
outer loop
vertex 21.506342 9.168723 0.102710
vertex 21.719764 9.779370 0.130507
vertex 21.137070 9.779364 0.131977
endloop
endfacet
facet normal 0.005997 0.003812 0.999975
outer loop
vertex 22.134134 9.172613 0.133690
vertex 22.716883 9.171482 0.130199
vertex 22.322080 9.779304 0.130250
endloop
endfacet
facet normal 0.000427 0.005537 0.999985
outer loop
vertex 22.134134 9.172613 0.133690
vertex 22.322080 9.779304 0.130250
vertex 21.719764 9.779370 0.130507
endloop
endfacet
facet normal -0.000151 -0.000100 1.000000
outer loop
vertex 22.716883 9.171482 0.130199
vertex 23.329302 9.173940 0.130292
vertex 22.913505 9.780346 0.130290
endloop
endfacet
facet normal -0.000067 -0.000127 1.000000
outer loop
vertex 22.716883 9.171482 0.130199
vertex 22.913505 9.780346 0.130290
vertex 22.322080 9.779304 0.130250
endloop
endfacet
facet normal 0.000006 0.000004 1.000000
outer loop
vertex 23.329302 9.173940 0.130292
vertex 23.891507 9.177966 0.130288
vertex 23.510524 9.781352 0.130289
endloop
endfacet
facet normal 0.000003 0.000005 1.000000
outer loop
vertex 23.329302 9.173940 0.130292
vertex 23.510524 9.781352 0.130289
vertex 22.913505 9.780346 0.130290
endloop
endfacet
facet normal -0.000002 0.000008 1.000000
outer loop
vertex 0.107710 9.776667 0.130289
vertex 0.682297 9.783762 0.130290
vertex 1.094004 10.371852 0.130286
endloop
endfacet
facet normal 0.000005 -0.000003 1.000000
outer loop
vertex 0.107710 9.776667 0.130289
vertex 1.094004 10.371852 0.130286
vertex 0.496307 10.371998 0.130289
endloop
endfacet
facet normal 0.000086 -0.000347 1.000000
outer loop
vertex 0.682297 9.783762 0.130290
vertex 1.290277 9.781927 0.130237
vertex 1.701420 10.370090 0.130405
endloop
endfacet
facet normal -0.000196 0.000144 1.000000
outer loop
vertex 0.682297 9.783762 0.130290
vertex 1.701420 10.370090 0.130405
vertex 1.094004 10.371852 0.130286
endloop
endfacet
facet normal -0.001948 0.016289 0.999865
outer loop
vertex 1.290277 9.781927 0.130237
vertex 1.894227 9.782395 0.131406
vertex 2.299725 10.367423 0.122665
endloop
endfacet
facet normal 0.012894 -0.009300 0.999874
outer loop
vertex 1.290277 9.781927 0.130237
vertex 2.299725 10.367423 0.122665
vertex 1.701420 10.370090 0.130405
endloop
endfacet
facet normal 0.014655 -0.112639 0.993528
outer loop
vertex 1.894227 9.782395 0.131406
vertex 2.489956 9.777226 0.122033
vertex 2.810685 10.347250 0.181927
endloop
endfacet
facet normal -0.111145 0.091822 0.989553
outer loop
vertex 1.894227 9.782395 0.131406
vertex 2.810685 10.347250 0.181927
vertex 2.299725 10.367423 0.122665
endloop
endfacet
facet normal -0.081769 -0.842898 0.531824
outer loop
vertex 2.489956 9.777226 0.122033
vertex 3.064661 9.771802 0.201799
vertex 3.415221 10.345685 1.165256
endloop
endfacet
facet normal -0.784002 0.390416 0.482614
outer loop
vertex 2.489956 9.777226 0.122033
vertex 3.415221 10.345685 1.165256
vertex 2.810685 10.347250 0.181927
endloop
endfacet
facet normal -0.788481 -0.448704 0.420670
outer loop
vertex 3.064661 9.771802 0.201799
vertex 3.676397 9.768714 1.345108
vertex 4.023765 10.358120 2.624881
endloop
endfacet
facet normal -0.919550 -0.083105 0.384085
outer loop
vertex 3.064661 9.771802 0.201799
vertex 4.023765 10.358120 2.624881
vertex 3.415221 10.345685 1.165256
endloop
endfacet
facet normal -0.924739 0.124131 0.359792
outer loop
vertex 3.676397 9.768714 1.345108
vertex 4.280147 9.762576 2.898989
vertex 4.609085 10.362993 3.537278
endloop
endfacet
facet normal -0.693691 -0.563971 0.448028
outer loop
vertex 3.676397 9.768714 1.345108
vertex 4.609085 10.362993 3.537278
vertex 4.023765 10.358120 2.624881
endloop
endfacet
facet normal -0.836885 0.273182 0.474337
outer loop
vertex 4.280147 9.762576 2.898989
vertex 4.856961 9.785884 3.903252
vertex 5.270024 10.380626 4.289505
endloop
endfacet
facet normal -0.716980 -0.283985 0.636626
outer loop
vertex 4.280147 9.762576 2.898989
vertex 5.270024 10.380626 4.289505
vertex 4.609085 10.362993 3.537278
endloop
endfacet
facet normal -0.757362 0.363459 0.542494
outer loop
vertex 4.856961 9.785884 3.903252
vertex 5.436473 9.779907 4.716299
vertex 5.878780 10.362237 4.943646
endloop
endfacet
facet normal -0.729611 0.064586 0.680806
outer loop
vertex 4.856961 9.785884 3.903252
vertex 5.878780 10.362237 4.943646
vertex 5.270024 10.380626 4.289505
endloop
endfacet
facet normal -0.657639 0.450329 0.603917
outer loop
vertex 5.436473 9.779907 4.716299
vertex 6.066432 9.786112 5.397670
vertex 6.498359 10.360233 5.439909
endloop
endfacet
facet normal -0.616008 0.167369 0.769755
outer loop
vertex 5.436473 9.779907 4.716299
vertex 6.498359 10.360233 5.439909
vertex 5.878780 10.362237 4.943646
endloop
endfacet
facet normal -0.517684 0.473255 0.712764
outer loop
vertex 6.066432 9.786112 5.397670
vertex 6.659330 9.765207 5.842175
vertex 7.095408 10.362414 5.762372
endloop
endfacet
facet normal -0.456783 0.281567 0.843842
outer loop
vertex 6.066432 9.786112 5.397670
vertex 7.095408 10.362414 5.762372
vertex 6.498359 10.360233 5.439909
endloop
endfacet
facet normal -0.238153 0.194608 0.951531
outer loop
vertex 6.659330 9.765207 5.842175
vertex 7.280574 9.786746 5.993257
vertex 7.706934 10.362956 5.982121
endloop
endfacet
facet normal -0.317137 0.349388 0.881676
outer loop
vertex 6.659330 9.765207 5.842175
vertex 7.706934 10.362956 5.982121
vertex 7.095408 10.362414 5.762372
endloop
endfacet
facet normal 0.016599 0.085164 0.996229
outer loop
vertex 7.280574 9.786746 5.993257
vertex 7.882324 9.789525 5.982993
vertex 8.308484 10.361468 5.926999
endloop
endfacet
facet normal 0.091028 -0.048132 0.994685
outer loop
vertex 7.280574 9.786746 5.993257
vertex 8.308484 10.361468 5.926999
vertex 7.706934 10.362956 5.982121
endloop
endfacet
facet normal -0.001457 0.223286 0.974752
outer loop
vertex 7.882324 9.789525 5.982993
vertex 8.480697 9.785405 5.984831
vertex 8.902215 10.357446 5.854425
endloop
endfacet
facet normal 0.121374 0.006739 0.992584
outer loop
vertex 7.882324 9.789525 5.982993
vertex 8.902215 10.357446 5.854425
vertex 8.308484 10.361468 5.926999
endloop
endfacet
facet normal 0.005027 0.204637 0.978825
outer loop
vertex 8.480697 9.785405 5.984831
vertex 9.098364 9.777150 5.983385
vertex 9.517294 10.380993 5.854992
endloop
endfacet
facet normal -0.009665 0.229020 0.973374
outer loop
vertex 8.480697 9.785405 5.984831
vertex 9.517294 10.380993 5.854992
vertex 8.902215 10.357446 5.854425
endloop
endfacet
facet normal 0.149130 0.223351 0.963262
outer loop
vertex 9.098364 9.777150 5.983385
vertex 9.700799 9.772945 5.891093
vertex 10.096765 10.369696 5.691422
endloop
endfacet
facet normal 0.271912 0.015942 0.962190
outer loop
vertex 9.098364 9.777150 5.983385
vertex 10.096765 10.369696 5.691422
vertex 9.517294 10.380993 5.854992
endloop
endfacet
facet normal 0.322275 0.208186 0.923470
outer loop
vertex 9.700799 9.772945 5.891093
vertex 10.310135 9.772312 5.678588
vertex 10.705379 10.378396 5.404020
endloop
endfacet
facet normal 0.426701 0.019405 0.904185
outer loop
vertex 9.700799 9.772945 5.891093
vertex 10.705379 10.378396 5.404020
vertex 10.096765 10.369696 5.691422
endloop
endfacet
facet normal 0.553229 -0.158466 0.817818
outer loop
vertex 10.310135 9.772312 5.678588
vertex 10.901669 9.774305 5.278820
vertex 11.283114 10.367177 5.135663
endloop
endfacet
facet normal 0.419647 0.133093 0.897877
outer loop
vertex 10.310135 9.772312 5.678588
vertex 11.283114 10.367177 5.135663
vertex 10.705379 10.378396 5.404020
endloop
endfacet
facet normal 0.540533 -0.248542 0.803773
outer loop
vertex 10.901669 9.774305 5.278820
vertex 11.496994 9.775791 4.878927
vertex 11.902527 10.377895 4.792390
endloop
endfacet
facet normal 0.483581 -0.101192 0.869431
outer loop
vertex 10.901669 9.774305 5.278820
vertex 11.902527 10.377895 4.792390
vertex 11.283114 10.367177 5.135663
endloop
endfacet
facet normal 0.058298 0.093050 0.993953
outer loop
vertex 11.496994 9.775791 4.878927
vertex 12.535824 9.710145 4.824143
vertex 12.641377 10.328663 4.760049
endloop
endfacet
facet normal 0.050691 0.108548 0.992798
outer loop
vertex 11.496994 9.775791 4.878927
vertex 12.641377 10.328663 4.760049
vertex 11.902527 10.377895 4.792390
endloop
endfacet
facet normal -0.762546 0.013575 -0.646791
outer loop
vertex 12.535824 9.710145 4.824143
vertex 12.149356 9.867801 5.283085
vertex 12.265504 10.521737 5.159875
endloop
endfacet
facet normal -0.715547 0.049908 -0.696779
outer loop
vertex 12.535824 9.710145 4.824143
vertex 12.265504 10.521737 5.159875
vertex 12.641377 10.328663 4.760049
endloop
endfacet
facet normal -0.237305 0.549802 0.800877
outer loop
vertex 12.149356 9.867801 5.283085
vertex 13.312570 9.785571 5.684204
vertex 13.700863 10.368038 5.399394
endloop
endfacet
facet normal -0.139396 0.207201 0.968316
outer loop
vertex 12.149356 9.867801 5.283085
vertex 13.700863 10.368038 5.399394
vertex 12.265504 10.521737 5.159875
endloop
endfacet
facet normal -0.286856 0.485488 0.825842
outer loop
vertex 13.312570 9.785571 5.684204
vertex 13.889683 9.766082 5.896121
vertex 14.302493 10.370191 5.684373
endloop
endfacet
facet normal -0.347772 0.588662 0.729748
outer loop
vertex 13.312570 9.785571 5.684204
vertex 14.302493 10.370191 5.684373
vertex 13.700863 10.368038 5.399394
endloop
endfacet
facet normal -0.150901 0.338214 0.928892
outer loop
vertex 13.889683 9.766082 5.896121
vertex 14.506582 9.786963 5.988735
vertex 14.905862 10.367909 5.842073
endloop
endfacet
facet normal -0.223580 0.454925 0.862006
outer loop
vertex 13.889683 9.766082 5.896121
vertex 14.905862 10.367909 5.842073
vertex 14.302493 10.370191 5.684373
endloop
endfacet
facet normal 0.002698 0.228481 0.973545
outer loop
vertex 14.506582 9.786963 5.988735
vertex 15.102350 9.796041 5.984953
vertex 15.516215 10.367187 5.849764
endloop
endfacet
facet normal -0.011893 0.252432 0.967542
outer loop
vertex 14.506582 9.786963 5.988735
vertex 15.516215 10.367187 5.849764
vertex 14.905862 10.367909 5.842073
endloop
endfacet
facet normal 0.006114 0.095527 0.995408
outer loop
vertex 15.102350 9.796041 5.984953
vertex 15.705835 9.780299 5.982757
vertex 16.115889 10.367322 5.923903
endloop
endfacet
facet normal -0.116797 0.308112 0.944153
outer loop
vertex 15.102350 9.796041 5.984953
vertex 16.115889 10.367322 5.923903
vertex 15.516215 10.367187 5.849764
endloop
endfacet
facet normal -0.001491 0.009171 0.999957
outer loop
vertex 15.705835 9.780299 5.982757
vertex 16.312453 9.780969 5.983656
vertex 16.730225 10.374123 5.978839
endloop
endfacet
facet normal -0.089673 0.161178 0.982843
outer loop
vertex 15.705835 9.780299 5.982757
vertex 16.730225 10.374123 5.978839
vertex 16.115889 10.367322 5.923903
endloop
endfacet
facet normal 0.248416 -0.079446 0.965390
outer loop
vertex 16.312453 9.780969 5.983656
vertex 16.902227 9.783927 5.832137
vertex 17.331597 10.364971 5.769468
endloop
endfacet
facet normal 0.318058 -0.216520 0.923016
outer loop
vertex 16.312453 9.780969 5.983656
vertex 17.331597 10.364971 5.769468
vertex 16.730225 10.374123 5.978839
endloop
endfacet
facet normal 0.526474 -0.504548 0.684292
outer loop
vertex 16.902227 9.783927 5.832137
vertex 17.507641 9.800913 5.378874
vertex 17.950458 10.366841 5.455459
endloop
endfacet
facet normal 0.440682 -0.232121 0.867133
outer loop
vertex 16.902227 9.783927 5.832137
vertex 17.950458 10.366841 5.455459
vertex 17.331597 10.364971 5.769468
endloop
endfacet
facet normal 0.565233 -0.663556 0.490107
outer loop
vertex 17.507641 9.800913 5.378874
vertex 18.093742 9.785761 4.682418
vertex 18.528383 10.365823 4.966500
endloop
endfacet
facet normal 0.551294 -0.519691 0.652684
outer loop
vertex 17.507641 9.800913 5.378874
vertex 18.528383 10.365823 4.966500
vertex 17.950458 10.366841 5.455459
endloop
endfacet
facet normal 0.554226 -0.729379 0.401047
outer loop
vertex 18.093742 9.785761 4.682418
vertex 18.726535 9.824238 3.877910
vertex 19.131612 10.367937 4.306933
endloop
endfacet
facet normal 0.553993 -0.662208 0.504551
outer loop
vertex 18.093742 9.785761 4.682418
vertex 19.131612 10.367937 4.306933
vertex 18.528383 10.365823 4.966500
endloop
endfacet
facet normal 0.551485 -0.744397 0.376480
outer loop
vertex 18.726535 9.824238 3.877910
vertex 19.331071 9.778579 2.902080
vertex 19.712475 10.377060 3.526732
endloop
endfacet
facet normal 0.552595 -0.729608 0.402878
outer loop
vertex 18.726535 9.824238 3.877910
vertex 19.712475 10.377060 3.526732
vertex 19.131612 10.367937 4.306933
endloop
endfacet
facet normal 0.604606 -0.737316 0.301358
outer loop
vertex 19.331071 9.778579 2.902080
vertex 20.047064 9.756239 1.410947
vertex 20.280445 10.424209 2.577007
endloop
endfacet
facet normal 0.605408 -0.726085 0.326010
outer loop
vertex 19.331071 9.778579 2.902080
vertex 20.280445 10.424209 2.577007
vertex 19.712475 10.377060 3.526732
endloop
endfacet
facet normal 0.628110 -0.704714 0.329933
outer loop
vertex 20.047064 9.756239 1.410947
vertex 20.627277 9.740855 0.273504
vertex 20.903876 10.385053 1.122889
endloop
endfacet
facet normal 0.627651 -0.723038 0.288566
outer loop
vertex 20.047064 9.756239 1.410947
vertex 20.903876 10.385053 1.122889
vertex 20.280445 10.424209 2.577007
endloop
endfacet
facet normal 0.274840 -0.145496 0.950418
outer loop
vertex 20.627277 9.740855 0.273504
vertex 21.137070 9.779364 0.131977
vertex 21.517258 10.374586 0.113156
endloop
endfacet
facet normal 0.583128 -0.727381 0.361772
outer loop
vertex 20.627277 9.740855 0.273504
vertex 21.517258 10.374586 0.113156
vertex 20.903876 10.385053 1.122889
endloop
endfacet
facet normal 0.002524 -0.002080 0.999995
outer loop
vertex 21.137070 9.779364 0.131977
vertex 21.719764 9.779370 0.130507
vertex 22.130734 10.372121 0.130703
endloop
endfacet
facet normal -0.028356 0.049681 0.998363
outer loop
vertex 21.137070 9.779364 0.131977
vertex 22.130734 10.372121 0.130703
vertex 21.517258 10.374586 0.113156
endloop
endfacet
facet normal 0.000426 -0.000357 1.000000
outer loop
vertex 21.719764 9.779370 0.130507
vertex 22.322080 9.779304 0.130250
vertex 22.728762 10.371181 0.130288
endloop
endfacet
facet normal 0.000692 -0.000810 0.999999
outer loop
vertex 21.719764 9.779370 0.130507
vertex 22.728762 10.371181 0.130288
vertex 22.130734 10.372121 0.130703
endloop
endfacet
facet normal -0.000068 0.000051 1.000000
outer loop
vertex 22.322080 9.779304 0.130250
vertex 22.913505 9.780346 0.130290
vertex 23.329437 10.370940 0.130288
endloop
endfacet
facet normal 0.000000 -0.000065 1.000000
outer loop
vertex 22.322080 9.779304 0.130250
vertex 23.329437 10.370940 0.130288
vertex 22.728762 10.371181 0.130288
endloop
endfacet
facet normal 0.000003 -0.000002 1.000000
outer loop
vertex 22.913505 9.780346 0.130290
vertex 23.510524 9.781352 0.130289
vertex 23.891860 10.373091 0.130289
endloop
endfacet
facet normal -0.000001 0.000004 1.000000
outer loop
vertex 22.913505 9.780346 0.130290
vertex 23.891860 10.373091 0.130289
vertex 23.329437 10.370940 0.130288
endloop
endfacet
facet normal 0.000005 0.000001 1.000000
outer loop
vertex 0.496307 10.371998 0.130289
vertex 1.094004 10.371852 0.130286
vertex 0.688214 10.977723 0.130287
endloop
endfacet
facet normal 0.000003 0.000002 1.000000
outer loop
vertex 0.496307 10.371998 0.130289
vertex 0.688214 10.977723 0.130287
vertex 0.111352 10.971508 0.130289
endloop
endfacet
facet normal -0.000197 -0.000111 1.000000
outer loop
vertex 1.094004 10.371852 0.130286
vertex 1.701420 10.370090 0.130405
vertex 1.294741 10.976739 0.130392
endloop
endfacet
facet normal -0.000174 -0.000118 1.000000
outer loop
vertex 1.094004 10.371852 0.130286
vertex 1.294741 10.976739 0.130392
vertex 0.688214 10.977723 0.130287
endloop
endfacet
facet normal 0.012938 0.000603 0.999916
outer loop
vertex 1.701420 10.370090 0.130405
vertex 2.299725 10.367423 0.122665
vertex 1.883946 10.980541 0.127676
endloop
endfacet
facet normal 0.004591 0.003099 0.999985
outer loop
vertex 1.701420 10.370090 0.130405
vertex 1.883946 10.980541 0.127676
vertex 1.294741 10.976739 0.130392
endloop
endfacet
facet normal -0.121604 -0.312288 0.942172
outer loop
vertex 2.299725 10.367423 0.122665
vertex 2.810685 10.347250 0.181927
vertex 2.438795 10.994478 0.348455
endloop
endfacet
facet normal -0.352931 -0.246712 0.902537
outer loop
vertex 2.299725 10.367423 0.122665
vertex 2.438795 10.994478 0.348455
vertex 1.883946 10.980541 0.127676
endloop
endfacet
facet normal -0.569078 -0.744699 0.348675
outer loop
vertex 2.810685 10.347250 0.181927
vertex 3.415221 10.345685 1.165256
vertex 3.092115 11.012474 2.062037
endloop
endfacet
facet normal -0.789147 -0.532287 0.306460
outer loop
vertex 2.810685 10.347250 0.181927
vertex 3.092115 11.012474 2.062037
vertex 2.438795 10.994478 0.348455
endloop
endfacet
facet normal -0.722915 -0.619150 0.306671
outer loop
vertex 3.415221 10.345685 1.165256
vertex 4.023765 10.358120 2.624881
vertex 3.735481 11.031402 3.304625
endloop
endfacet
facet normal -0.604017 -0.728215 0.323830
outer loop
vertex 3.415221 10.345685 1.165256
vertex 3.735481 11.031402 3.304625
vertex 3.092115 11.012474 2.062037
endloop
endfacet
facet normal -0.622851 -0.670466 0.403152
outer loop
vertex 4.023765 10.358120 2.624881
vertex 4.609085 10.362993 3.537278
vertex 4.290282 10.985813 4.080530
endloop
endfacet
facet normal -0.619838 -0.672943 0.403668
outer loop
vertex 4.023765 10.358120 2.624881
vertex 4.290282 10.985813 4.080530
vertex 3.735481 11.031402 3.304625
endloop
endfacet
facet normal -0.540119 -0.683799 0.490602
outer loop
vertex 4.609085 10.362993 3.537278
vertex 5.270024 10.380626 4.289505
vertex 4.887869 10.978089 4.701519
endloop
endfacet
facet normal -0.521201 -0.696711 0.492893
outer loop
vertex 4.609085 10.362993 3.537278
vertex 4.887869 10.978089 4.701519
vertex 4.290282 10.985813 4.080530
endloop
endfacet
facet normal -0.595464 -0.597214 0.537362
outer loop
vertex 5.270024 10.380626 4.289505
vertex 5.878780 10.362237 4.943646
vertex 5.465696 10.961744 5.152178
endloop
endfacet
facet normal -0.460348 -0.684376 0.565429
outer loop
vertex 5.270024 10.380626 4.289505
vertex 5.465696 10.961744 5.152178
vertex 4.887869 10.978089 4.701519
endloop
endfacet
facet normal -0.565249 -0.430022 0.703970
outer loop
vertex 5.878780 10.362237 4.943646
vertex 6.498359 10.360233 5.439909
vertex 6.068029 10.980438 5.473232
endloop
endfacet
facet normal -0.386320 -0.529011 0.755582
outer loop
vertex 5.878780 10.362237 4.943646
vertex 6.068029 10.980438 5.473232
vertex 5.465696 10.961744 5.152178
endloop
endfacet
facet normal -0.470302 -0.137621 0.871709
outer loop
vertex 6.498359 10.360233 5.439909
vertex 7.095408 10.362414 5.762372
vertex 6.668204 10.984798 5.630147
endloop
endfacet
facet normal -0.245199 -0.220850 0.943982
outer loop
vertex 6.498359 10.360233 5.439909
vertex 6.668204 10.984798 5.630147
vertex 6.068029 10.980438 5.473232
endloop
endfacet
facet normal -0.335538 0.126948 0.933434
outer loop
vertex 7.095408 10.362414 5.762372
vertex 7.706934 10.362956 5.982121
vertex 7.288987 10.981661 5.747739
endloop
endfacet
facet normal -0.185109 0.081008 0.979373
outer loop
vertex 7.095408 10.362414 5.762372
vertex 7.288987 10.981661 5.747739
vertex 6.668204 10.984798 5.630147
endloop
endfacet
facet normal 0.084070 0.414259 0.906268
outer loop
vertex 7.706934 10.362956 5.982121
vertex 8.308484 10.361468 5.926999
vertex 7.888358 10.979751 5.683352
endloop
endfacet
facet normal 0.098705 0.410146 0.906663
outer loop
vertex 7.706934 10.362956 5.982121
vertex 7.888358 10.979751 5.683352
vertex 7.288987 10.981661 5.747739
endloop
endfacet
facet normal 0.115327 0.366699 0.923164
outer loop
vertex 8.308484 10.361468 5.926999
vertex 8.902215 10.357446 5.854425
vertex 8.471524 10.977379 5.661979
endloop
endfacet
facet normal 0.035343 0.387096 0.921362
outer loop
vertex 8.308484 10.361468 5.926999
vertex 8.471524 10.977379 5.661979
vertex 7.888358 10.979751 5.683352
endloop
endfacet
facet normal -0.018839 0.470836 0.882020
outer loop
vertex 8.902215 10.357446 5.854425
vertex 9.517294 10.380993 5.854992
vertex 9.097255 10.989994 5.520927
endloop
endfacet
facet normal 0.192636 0.410510 0.891276
outer loop
vertex 8.902215 10.357446 5.854425
vertex 9.097255 10.989994 5.520927
vertex 8.471524 10.977379 5.661979
endloop
endfacet
facet normal 0.215689 0.661306 0.718438
outer loop
vertex 9.517294 10.380993 5.854992
vertex 10.096765 10.369696 5.691422
vertex 9.678819 10.961729 5.271946
endloop
endfacet
facet normal 0.334096 0.619902 0.710001
outer loop
vertex 9.517294 10.380993 5.854992
vertex 9.678819 10.961729 5.271946
vertex 9.097255 10.989994 5.520927
endloop
endfacet
facet normal 0.312072 0.662548 0.680911
outer loop
vertex 10.096765 10.369696 5.691422
vertex 10.705379 10.378396 5.404020
vertex 10.309535 10.971943 5.007902
endloop
endfacet
facet normal 0.274703 0.677418 0.682380
outer loop
vertex 10.096765 10.369696 5.691422
vertex 10.309535 10.971943 5.007902
vertex 9.678819 10.961729 5.271946
endloop
endfacet
facet normal 0.323620 0.669388 0.668723
outer loop
vertex 10.705379 10.378396 5.404020
vertex 11.283114 10.367177 5.135663
vertex 10.900603 10.962949 4.724410
endloop
endfacet
facet normal 0.330636 0.666457 0.668218
outer loop
vertex 10.705379 10.378396 5.404020
vertex 10.900603 10.962949 4.724410
vertex 10.309535 10.971943 5.007902
endloop
endfacet
facet normal 0.378280 0.604057 0.701441
outer loop
vertex 11.283114 10.367177 5.135663
vertex 11.902527 10.377895 4.792390
vertex 11.511393 10.973748 4.490197
endloop
endfacet
facet normal 0.260079 0.656045 0.708494
outer loop
vertex 11.283114 10.367177 5.135663
vertex 11.511393 10.973748 4.490197
vertex 10.900603 10.962949 4.724410
endloop
endfacet
facet normal 0.069369 0.459320 0.885558
outer loop
vertex 11.902527 10.377895 4.792390
vertex 12.641377 10.328663 4.760049
vertex 12.707826 10.879060 4.469364
endloop
endfacet
facet normal 0.053181 0.479223 0.876080
outer loop
vertex 11.902527 10.377895 4.792390
vertex 12.707826 10.879060 4.469364
vertex 11.511393 10.973748 4.490197
endloop
endfacet
facet normal -0.759472 -0.368893 -0.535835
outer loop
vertex 12.641377 10.328663 4.760049
vertex 12.265504 10.521737 5.159875
vertex 12.329796 11.018229 4.726943
endloop
endfacet
facet normal -0.610688 -0.310905 -0.728284
outer loop
vertex 12.641377 10.328663 4.760049
vertex 12.329796 11.018229 4.726943
vertex 12.707826 10.879060 4.469364
endloop
endfacet
facet normal -0.089934 0.501266 0.860607
outer loop
vertex 12.265504 10.521737 5.159875
vertex 13.700863 10.368038 5.399394
vertex 13.321723 10.969472 5.009465
endloop
endfacet
facet normal -0.175659 0.659820 0.730604
outer loop
vertex 12.265504 10.521737 5.159875
vertex 13.321723 10.969472 5.009465
vertex 12.329796 11.018229 4.726943
endloop
endfacet
facet normal -0.408881 0.302711 0.860919
outer loop
vertex 13.700863 10.368038 5.399394
vertex 14.302493 10.370191 5.684373
vertex 13.913046 10.984687 5.283345
endloop
endfacet
facet normal -0.407009 0.302263 0.861963
outer loop
vertex 13.700863 10.368038 5.399394
vertex 13.913046 10.984687 5.283345
vertex 13.321723 10.969472 5.009465
endloop
endfacet
facet normal -0.238119 0.323619 0.915735
outer loop
vertex 14.302493 10.370191 5.684373
vertex 14.905862 10.367909 5.842073
vertex 14.510961 10.977445 5.523978
endloop
endfacet
facet normal -0.346252 0.348887 0.870854
outer loop
vertex 14.302493 10.370191 5.684373
vertex 14.510961 10.977445 5.523978
vertex 13.913046 10.984687 5.283345
endloop
endfacet
facet normal -0.011771 0.278671 0.960315
outer loop
vertex 14.905862 10.367909 5.842073
vertex 15.516215 10.367187 5.849764
vertex 15.107921 10.979651 5.667031
endloop
endfacet
facet normal -0.220742 0.335012 0.915991
outer loop
vertex 14.905862 10.367909 5.842073
vertex 15.107921 10.979651 5.667031
vertex 14.510961 10.977445 5.523978
endloop
endfacet
facet normal -0.117661 0.285325 0.951181
outer loop
vertex 15.516215 10.367187 5.849764
vertex 16.115889 10.367322 5.923903
vertex 15.704565 10.983528 5.688180
endloop
endfacet
facet normal -0.035882 0.263680 0.963943
outer loop
vertex 15.516215 10.367187 5.849764
vertex 15.704565 10.983528 5.688180
vertex 15.107921 10.979651 5.667031
endloop
endfacet
facet normal -0.088103 0.308922 0.946998
outer loop
vertex 16.115889 10.367322 5.923903
vertex 16.730225 10.374123 5.978839
vertex 16.312317 10.987203 5.739965
endloop
endfacet
facet normal -0.082633 0.307475 0.947962
outer loop
vertex 16.115889 10.367322 5.923903
vertex 16.312317 10.987203 5.739965
vertex 15.704565 10.983528 5.688180
endloop
endfacet
facet normal 0.304060 0.420191 0.854978
outer loop
vertex 16.730225 10.374123 5.978839
vertex 17.331597 10.364971 5.769468
vertex 16.910164 10.981224 5.616478
endloop
endfacet
facet normal 0.183727 0.463073 0.867068
outer loop
vertex 16.730225 10.374123 5.978839
vertex 16.910164 10.981224 5.616478
vertex 16.312317 10.987203 5.739965
endloop
endfacet
facet normal 0.431069 0.298975 0.851348
outer loop
vertex 17.331597 10.364971 5.769468
vertex 17.950458 10.366841 5.455459
vertex 17.525830 10.983321 5.453970
endloop
endfacet
facet normal 0.234608 0.382321 0.893750
outer loop
vertex 17.331597 10.364971 5.769468
vertex 17.525830 10.983321 5.453970
vertex 16.910164 10.981224 5.616478
endloop
endfacet
facet normal 0.632590 0.203526 0.747266
outer loop
vertex 17.950458 10.366841 5.455459
vertex 18.528383 10.365823 4.966500
vertex 18.125311 10.984008 5.139348
endloop
endfacet
facet normal 0.442065 0.306529 0.842982
outer loop
vertex 17.950458 10.366841 5.455459
vertex 18.125311 10.984008 5.139348
vertex 17.525830 10.983321 5.453970
endloop
endfacet
facet normal 0.737275 0.039666 0.674427
outer loop
vertex 18.528383 10.365823 4.966500
vertex 19.131612 10.367937 4.306933
vertex 18.733938 10.976983 4.705846
endloop
endfacet
facet normal 0.574746 0.149806 0.804503
outer loop
vertex 18.528383 10.365823 4.966500
vertex 18.733938 10.976983 4.705846
vertex 18.125311 10.984008 5.139348
endloop
endfacet
facet normal 0.799751 -0.083930 0.594436
outer loop
vertex 19.131612 10.367937 4.306933
vertex 19.712475 10.377060 3.526732
vertex 19.336177 10.975400 4.117483
endloop
endfacet
facet normal 0.698750 -0.012236 0.715262
outer loop
vertex 19.131612 10.367937 4.306933
vertex 19.336177 10.975400 4.117483
vertex 18.733938 10.976983 4.705846
endloop
endfacet
facet normal 0.838047 -0.241603 0.489188
outer loop
vertex 19.712475 10.377060 3.526732
vertex 20.280445 10.424209 2.577007
vertex 19.965027 10.966270 3.385078
endloop
endfacet
facet normal 0.747218 -0.165541 0.643632
outer loop
vertex 19.712475 10.377060 3.526732
vertex 19.965027 10.966270 3.385078
vertex 19.336177 10.975400 4.117483
endloop
endfacet
facet normal 0.909224 -0.135965 0.393478
outer loop
vertex 20.280445 10.424209 2.577007
vertex 20.903876 10.385053 1.122889
vertex 20.560594 10.975573 2.120179
endloop
endfacet
facet normal 0.899856 -0.106824 0.422904
outer loop
vertex 20.280445 10.424209 2.577007
vertex 20.560594 10.975573 2.120179
vertex 19.965027 10.966270 3.385078
endloop
endfacet
facet normal 0.831750 0.235286 0.502824
outer loop
vertex 20.903876 10.385053 1.122889
vertex 21.517258 10.374586 0.113156
vertex 21.175348 10.963660 0.403084
endloop
endfacet
facet normal 0.941199 -0.022203 0.337122
outer loop
vertex 20.903876 10.385053 1.122889
vertex 21.175348 10.963660 0.403084
vertex 20.560594 10.975573 2.120179
endloop
endfacet
facet normal -0.028670 -0.021645 0.999355
outer loop
vertex 21.517258 10.374586 0.113156
vertex 22.130734 10.372121 0.130703
vertex 21.697004 10.988649 0.131612
endloop
endfacet
facet normal 0.461657 -0.161351 0.872261
outer loop
vertex 21.517258 10.374586 0.113156
vertex 21.697004 10.988649 0.131612
vertex 21.175348 10.963660 0.403084
endloop
endfacet
facet normal 0.000694 0.000572 1.000000
outer loop
vertex 22.130734 10.372121 0.130703
vertex 22.728762 10.371181 0.130288
vertex 22.308336 10.977872 0.130233
endloop
endfacet
facet normal 0.002259 0.000113 0.999997
outer loop
vertex 22.130734 10.372121 0.130703
vertex 22.308336 10.977872 0.130233
vertex 21.697004 10.988649 0.131612
endloop
endfacet
facet normal 0.000000 -0.000003 1.000000
outer loop
vertex 22.728762 10.371181 0.130288
vertex 23.329437 10.370940 0.130288
vertex 22.917313 10.976691 0.130290
endloop
endfacet
facet normal -0.000094 0.000026 1.000000
outer loop
vertex 22.728762 10.371181 0.130288
vertex 22.917313 10.976691 0.130290
vertex 22.308336 10.977872 0.130233
endloop
endfacet
facet normal -0.000001 -0.000001 1.000000
outer loop
vertex 23.329437 10.370940 0.130288
vertex 23.891860 10.373091 0.130289
vertex 23.512721 10.977773 0.130289
endloop
endfacet
facet normal 0.000002 -0.000002 1.000000
outer loop
vertex 23.329437 10.370940 0.130288
vertex 23.512721 10.977773 0.130289
vertex 22.917313 10.976691 0.130290
endloop
endfacet
facet normal 0.000003 -0.000005 1.000000
outer loop
vertex 0.111352 10.971508 0.130289
vertex 0.688214 10.977723 0.130287
vertex 1.087627 11.569422 0.130288
endloop
endfacet
facet normal 0.000000 -0.000000 1.000000
outer loop
vertex 0.111352 10.971508 0.130289
vertex 1.087627 11.569422 0.130288
vertex 0.495600 11.569475 0.130289
endloop
endfacet
facet normal -0.000173 0.000270 1.000000
outer loop
vertex 0.688214 10.977723 0.130287
vertex 1.294741 10.976739 0.130392
vertex 1.699695 11.568940 0.130303
endloop
endfacet
facet normal -0.000024 0.000014 1.000000
outer loop
vertex 0.688214 10.977723 0.130287
vertex 1.699695 11.568940 0.130303
vertex 1.087627 11.569422 0.130288
endloop
endfacet
facet normal 0.004683 -0.011156 0.999927
outer loop
vertex 1.294741 10.976739 0.130392
vertex 1.883946 10.980541 0.127676
vertex 2.303058 11.564823 0.132232
endloop
endfacet
facet normal -0.003181 0.002326 0.999992
outer loop
vertex 1.294741 10.976739 0.130392
vertex 2.303058 11.564823 0.132232
vertex 1.699695 11.568940 0.130303
endloop
endfacet
facet normal -0.356963 -0.209502 0.910322
outer loop
vertex 1.883946 10.980541 0.127676
vertex 2.438795 10.994478 0.348455
vertex 2.826759 11.570384 0.633127
endloop
endfacet
facet normal -0.622606 0.441564 0.646051
outer loop
vertex 1.883946 10.980541 0.127676
vertex 2.826759 11.570384 0.633127
vertex 2.303058 11.564823 0.132232
endloop
endfacet
facet normal -0.909854 0.231328 0.344462
outer loop
vertex 2.438795 10.994478 0.348455
vertex 3.092115 11.012474 2.062037
vertex 3.388839 11.561041 2.477399
endloop
endfacet
facet normal -0.855395 0.446263 0.262960
outer loop
vertex 2.438795 10.994478 0.348455
vertex 3.388839 11.561041 2.477399
vertex 2.826759 11.570384 0.633127
endloop
endfacet
facet normal -0.856851 0.269462 0.439541
outer loop
vertex 3.092115 11.012474 2.062037
vertex 3.735481 11.031402 3.304625
vertex 4.022188 11.571073 3.532690
endloop
endfacet
facet normal -0.855360 0.074505 0.512649
outer loop
vertex 3.092115 11.012474 2.062037
vertex 4.022188 11.571073 3.532690
vertex 3.388839 11.561041 2.477399
endloop
endfacet
facet normal -0.780969 0.248466 0.573020
outer loop
vertex 3.735481 11.031402 3.304625
vertex 4.290282 10.985813 4.080530
vertex 4.652470 11.571557 4.320175
endloop
endfacet
facet normal -0.772048 0.149063 0.617836
outer loop
vertex 3.735481 11.031402 3.304625
vertex 4.652470 11.571557 4.320175
vertex 4.022188 11.571073 3.532690
endloop
endfacet
facet normal -0.691899 0.271021 0.669196
outer loop
vertex 4.290282 10.985813 4.080530
vertex 4.887869 10.978089 4.701519
vertex 5.273811 11.572200 4.859943
endloop
endfacet
facet normal -0.652824 0.096261 0.751368
outer loop
vertex 4.290282 10.985813 4.080530
vertex 5.273811 11.572200 4.859943
vertex 4.652470 11.571557 4.320175
endloop
endfacet
facet normal -0.579004 0.311024 0.753670
outer loop
vertex 4.887869 10.978089 4.701519
vertex 5.465696 10.961744 5.152178
vertex 5.870015 11.570062 5.211754
endloop
endfacet
facet normal -0.505403 0.099766 0.857097
outer loop
vertex 4.887869 10.978089 4.701519
vertex 5.870015 11.570062 5.211754
vertex 5.273811 11.572200 4.859943
endloop
endfacet
facet normal -0.444146 0.380579 0.811107
outer loop
vertex 5.465696 10.961744 5.152178
vertex 6.068029 10.980438 5.473232
vertex 6.475814 11.565450 5.422033
endloop
endfacet
facet normal -0.324550 0.123876 0.937722
outer loop
vertex 5.465696 10.961744 5.152178
vertex 6.475814 11.565450 5.422033
vertex 5.870015 11.570062 5.211754
endloop
endfacet
facet normal -0.246106 0.258513 0.934132
outer loop
vertex 6.068029 10.980438 5.473232
vertex 6.668204 10.984798 5.630147
vertex 7.079543 11.561340 5.578965
endloop
endfacet
facet normal -0.241945 0.250683 0.937348
outer loop
vertex 6.068029 10.980438 5.473232
vertex 7.079543 11.561340 5.578965
vertex 6.475814 11.565450 5.422033
endloop
endfacet
facet normal -0.178754 0.254349 0.950449
outer loop
vertex 6.668204 10.984798 5.630147
vertex 7.288987 10.981661 5.747739
vertex 7.694347 11.562917 5.668427
endloop
endfacet
facet normal -0.141913 0.187533 0.971953
outer loop
vertex 6.668204 10.984798 5.630147
vertex 7.694347 11.562917 5.668427
vertex 7.079543 11.561340 5.578965
endloop
endfacet
facet normal 0.106693 -0.025716 0.993959
outer loop
vertex 7.288987 10.981661 5.747739
vertex 7.888358 10.979751 5.683352
vertex 8.311429 11.565633 5.653098
endloop
endfacet
facet normal 0.024137 0.118613 0.992647
outer loop
vertex 7.288987 10.981661 5.747739
vertex 8.311429 11.565633 5.653098
vertex 7.694347 11.562917 5.668427
endloop
endfacet
facet normal 0.036588 0.227717 0.973040
outer loop
vertex 7.888358 10.979751 5.683352
vertex 8.471524 10.977379 5.661979
vertex 8.898573 11.554992 5.510744
endloop
endfacet
facet normal 0.231973 -0.117648 0.965581
outer loop
vertex 7.888358 10.979751 5.683352
vertex 8.898573 11.554992 5.510744
vertex 8.311429 11.565633 5.653098
endloop
endfacet
facet normal 0.205958 0.277269 0.938458
outer loop
vertex 8.471524 10.977379 5.661979
vertex 9.097255 10.989994 5.520927
vertex 9.541353 11.610235 5.240212
endloop
endfacet
facet normal 0.390999 -0.048429 0.919116
outer loop
vertex 8.471524 10.977379 5.661979
vertex 9.541353 11.610235 5.240212
vertex 8.898573 11.554992 5.510744
endloop
endfacet
facet normal 0.385132 0.328971 0.862236
outer loop
vertex 9.097255 10.989994 5.520927
vertex 9.678819 10.961729 5.271946
vertex 10.101693 11.531350 4.865733
endloop
endfacet
facet normal 0.553627 -0.019605 0.832534
outer loop
vertex 9.097255 10.989994 5.520927
vertex 10.101693 11.531350 4.865733
vertex 9.541353 11.610235 5.240212
endloop
endfacet
facet normal 0.357079 0.348954 0.866445
outer loop
vertex 9.678819 10.961729 5.271946
vertex 10.309535 10.971943 5.007902
vertex 10.755456 11.628200 4.559827
endloop
endfacet
facet normal 0.352342 0.355732 0.865627
outer loop
vertex 9.678819 10.961729 5.271946
vertex 10.755456 11.628200 4.559827
vertex 10.101693 11.531350 4.865733
endloop
endfacet
facet normal 0.411135 0.338326 0.846465
outer loop
vertex 10.309535 10.971943 5.007902
vertex 10.900603 10.962949 4.724410
vertex 11.295018 11.533136 4.304940
endloop
endfacet
facet normal 0.449844 0.274589 0.849848
outer loop
vertex 10.309535 10.971943 5.007902
vertex 11.295018 11.533136 4.304940
vertex 10.755456 11.628200 4.559827
endloop
endfacet
facet normal 0.320709 0.407295 0.855135
outer loop
vertex 10.900603 10.962949 4.724410
vertex 11.511393 10.973748 4.490197
vertex 11.889799 11.567923 4.065279
endloop
endfacet
facet normal 0.320756 0.407232 0.855148
outer loop
vertex 10.900603 10.962949 4.724410
vertex 11.889799 11.567923 4.065279
vertex 11.295018 11.533136 4.304940
endloop
endfacet
facet normal 0.057860 0.547419 0.834856
outer loop
vertex 11.511393 10.973748 4.490197
vertex 12.707826 10.879060 4.469364
vertex 12.774468 11.515775 4.047249
endloop
endfacet
facet normal 0.049854 0.559774 0.827144
outer loop
vertex 11.511393 10.973748 4.490197
vertex 12.774468 11.515775 4.047249
vertex 11.889799 11.567923 4.065279
endloop
endfacet
facet normal -0.612265 -0.386006 -0.690022
outer loop
vertex 12.707826 10.879060 4.469364
vertex 12.329796 11.018229 4.726943
vertex 12.407490 11.644246 4.307803
endloop
endfacet
facet normal -0.620028 -0.387414 -0.682258
outer loop
vertex 12.707826 10.879060 4.469364
vertex 12.407490 11.644246 4.307803
vertex 12.774468 11.515775 4.047249
endloop
endfacet
facet normal -0.168542 0.683959 0.709784
outer loop
vertex 12.329796 11.018229 4.726943
vertex 13.321723 10.969472 5.009465
vertex 13.702081 11.565126 4.525801
endloop
endfacet
facet normal -0.103798 0.562207 0.820457
outer loop
vertex 12.329796 11.018229 4.726943
vertex 13.702081 11.565126 4.525801
vertex 12.407490 11.644246 4.307803
endloop
endfacet
facet normal -0.318617 0.690327 0.649562
outer loop
vertex 13.321723 10.969472 5.009465
vertex 13.913046 10.984687 5.283345
vertex 14.300838 11.563327 4.858607
endloop
endfacet
facet normal -0.338556 0.713904 0.612961
outer loop
vertex 13.321723 10.969472 5.009465
vertex 14.300838 11.563327 4.858607
vertex 13.702081 11.565126 4.525801
endloop
endfacet
facet normal -0.292476 0.599795 0.744785
outer loop
vertex 13.913046 10.984687 5.283345
vertex 14.510961 10.977445 5.523978
vertex 14.909910 11.563598 5.208601
endloop
endfacet
facet normal -0.357785 0.696413 0.622092
outer loop
vertex 13.913046 10.984687 5.283345
vertex 14.909910 11.563598 5.208601
vertex 14.300838 11.563327 4.858607
endloop
endfacet
facet normal -0.214222 0.407631 0.887663
outer loop
vertex 14.510961 10.977445 5.523978
vertex 15.107921 10.979651 5.667031
vertex 15.514782 11.568940 5.494607
endloop
endfacet
facet normal -0.341529 0.614902 0.710812
outer loop
vertex 14.510961 10.977445 5.523978
vertex 15.514782 11.568940 5.494607
vertex 14.909910 11.563598 5.208601
endloop
endfacet
facet normal -0.035916 0.107072 0.993602
outer loop
vertex 15.107921 10.979651 5.667031
vertex 15.704565 10.983528 5.688180
vertex 16.123362 11.567176 5.640423
endloop
endfacet
facet normal -0.211792 0.406303 0.888854
outer loop
vertex 15.107921 10.979651 5.667031
vertex 16.123362 11.567176 5.640423
vertex 15.514782 11.568940 5.494607
endloop
endfacet
facet normal -0.084614 0.177868 0.980410
outer loop
vertex 15.704565 10.983528 5.688180
vertex 16.312317 10.987203 5.739965
vertex 16.722070 11.567870 5.669983
endloop
endfacet
facet normal -0.049112 0.116409 0.991986
outer loop
vertex 15.704565 10.983528 5.688180
vertex 16.722070 11.567870 5.669983
vertex 16.123362 11.567176 5.640423
endloop
endfacet
facet normal 0.200455 -0.095049 0.975081
outer loop
vertex 16.312317 10.987203 5.739965
vertex 16.910164 10.981224 5.616478
vertex 17.329609 11.565884 5.587241
endloop
endfacet
facet normal 0.134984 0.024129 0.990554
outer loop
vertex 16.312317 10.987203 5.739965
vertex 17.329609 11.565884 5.587241
vertex 16.722070 11.567870 5.669983
endloop
endfacet
facet normal 0.252967 -0.145335 0.956496
outer loop
vertex 16.910164 10.981224 5.616478
vertex 17.525830 10.983321 5.453970
vertex 17.944854 11.570185 5.432320
endloop
endfacet
facet normal 0.243057 -0.126279 0.961757
outer loop
vertex 16.910164 10.981224 5.616478
vertex 17.944854 11.570185 5.432320
vertex 17.329609 11.565884 5.587241
endloop
endfacet
facet normal 0.424564 -0.408371 0.808071
outer loop
vertex 17.525830 10.983321 5.453970
vertex 18.125311 10.984008 5.139348
vertex 18.529437 11.570150 5.223234
endloop
endfacet
facet normal 0.329857 -0.201497 0.922276
outer loop
vertex 17.525830 10.983321 5.453970
vertex 18.529437 11.570150 5.223234
vertex 17.944854 11.570185 5.432320
endloop
endfacet
facet normal 0.497361 -0.503555 0.706445
outer loop
vertex 18.125311 10.984008 5.139348
vertex 18.733938 10.976983 4.705846
vertex 19.131430 11.584474 4.859018
endloop
endfacet
facet normal 0.473437 -0.435957 0.765375
outer loop
vertex 18.125311 10.984008 5.139348
vertex 19.131430 11.584474 4.859018
vertex 18.529437 11.570150 5.223234
endloop
endfacet
facet normal 0.584577 -0.546324 0.599833
outer loop
vertex 18.733938 10.976983 4.705846
vertex 19.336177 10.975400 4.117483
vertex 19.713159 11.574754 4.295977
endloop
endfacet
facet normal 0.582742 -0.535437 0.611326
outer loop
vertex 18.733938 10.976983 4.705846
vertex 19.713159 11.574754 4.295977
vertex 19.131430 11.584474 4.859018
endloop
endfacet
facet normal 0.676048 -0.446685 0.586030
outer loop
vertex 19.336177 10.975400 4.117483
vertex 19.965027 10.966270 3.385078
vertex 20.295412 11.570071 3.464173
endloop
endfacet
facet normal 0.674155 -0.565516 0.475085
outer loop
vertex 19.336177 10.975400 4.117483
vertex 20.295412 11.570071 3.464173
vertex 19.713159 11.574754 4.295977
endloop
endfacet
facet normal 0.768850 -0.529742 0.358110
outer loop
vertex 19.965027 10.966270 3.385078
vertex 20.560594 10.975573 2.120179
vertex 20.831304 11.553154 2.393372
endloop
endfacet
facet normal 0.781521 -0.479857 0.398700
outer loop
vertex 19.965027 10.966270 3.385078
vertex 20.831304 11.553154 2.393372
vertex 20.295412 11.570071 3.464173
endloop
endfacet
facet normal 0.746509 -0.607473 0.271480
outer loop
vertex 20.560594 10.975573 2.120179
vertex 21.175348 10.963660 0.403084
vertex 21.568728 11.544314 0.620668
endloop
endfacet
facet normal 0.785491 -0.523947 0.329368
outer loop
vertex 20.560594 10.975573 2.120179
vertex 21.568728 11.544314 0.620668
vertex 20.831304 11.553154 2.393372
endloop
endfacet
facet normal 0.452807 -0.288872 0.843516
outer loop
vertex 21.175348 10.963660 0.403084
vertex 21.697004 10.988649 0.131612
vertex 22.119635 11.560997 0.100747
endloop
endfacet
facet normal 0.560855 -0.595498 0.575173
outer loop
vertex 21.175348 10.963660 0.403084
vertex 22.119635 11.560997 0.100747
vertex 21.568728 11.544314 0.620668
endloop
endfacet
facet normal 0.002189 -0.003857 0.999990
outer loop
vertex 21.697004 10.988649 0.131612
vertex 22.308336 10.977872 0.130233
vertex 22.727101 11.572187 0.131609
endloop
endfacet
facet normal -0.052216 0.092181 0.994372
outer loop
vertex 21.697004 10.988649 0.131612
vertex 22.727101 11.572187 0.131609
vertex 22.119635 11.560997 0.100747
endloop
endfacet
facet normal -0.000094 0.000128 1.000000
outer loop
vertex 22.308336 10.977872 0.130233
vertex 22.917313 10.976691 0.130290
vertex 23.329057 11.570551 0.130253
endloop
endfacet
facet normal 0.002242 -0.003895 0.999990
outer loop
vertex 22.308336 10.977872 0.130233
vertex 23.329057 11.570551 0.130253
vertex 22.727101 11.572187 0.131609
endloop
endfacet
facet normal 0.000002 -0.000002 1.000000
outer loop
vertex 22.917313 10.976691 0.130290
vertex 23.512721 10.977773 0.130289
vertex 23.890445 11.572149 0.130289
endloop
endfacet
facet normal -0.000065 0.000108 1.000000
outer loop
vertex 22.917313 10.976691 0.130290
vertex 23.890445 11.572149 0.130289
vertex 23.329057 11.570551 0.130253
endloop
endfacet
facet normal 0.000000 0.000000 1.000000
outer loop
vertex 0.495600 11.569475 0.130289
vertex 1.087627 11.569422 0.130288
vertex 0.691372 12.173686 0.130288
endloop
endfacet
facet normal 0.000000 0.000000 1.000000
outer loop
vertex 0.495600 11.569475 0.130289
vertex 0.691372 12.173686 0.130288
vertex 0.116091 12.168827 0.130289
endloop
endfacet
facet normal -0.000024 -0.000027 1.000000
outer loop
vertex 1.087627 11.569422 0.130288
vertex 1.699695 11.568940 0.130303
vertex 1.291671 12.174156 0.130309
endloop
endfacet
facet normal -0.000035 -0.000023 1.000000
outer loop
vertex 1.087627 11.569422 0.130288
vertex 1.291671 12.174156 0.130309
vertex 0.691372 12.173686 0.130288
endloop
endfacet
facet normal -0.003173 0.003531 0.999989
outer loop
vertex 1.699695 11.568940 0.130303
vertex 2.303058 11.564823 0.132232
vertex 1.891810 12.173536 0.128777
endloop
endfacet
facet normal 0.002554 0.001711 0.999995
outer loop
vertex 1.699695 11.568940 0.130303
vertex 1.891810 12.173536 0.128777
vertex 1.291671 12.174156 0.130309
endloop
endfacet
facet normal -0.686806 0.120785 0.716735
outer loop
vertex 2.303058 11.564823 0.132232
vertex 2.826759 11.570384 0.633127
vertex 2.500285 12.173664 0.218620
endloop
endfacet
facet normal -0.145421 -0.092657 0.985022
outer loop
vertex 2.303058 11.564823 0.132232
vertex 2.500285 12.173664 0.218620
vertex 1.891810 12.173536 0.128777
endloop
endfacet
facet normal -0.945839 -0.150773 0.287500
outer loop
vertex 2.826759 11.570384 0.633127
vertex 3.388839 11.561041 2.477399
vertex 3.045265 12.171644 1.667301
endloop
endfacet
facet normal -0.904880 -0.256044 0.340050
outer loop
vertex 2.826759 11.570384 0.633127
vertex 3.045265 12.171644 1.667301
vertex 2.500285 12.173664 0.218620
endloop
endfacet
facet normal -0.846722 -0.152790 0.509625
outer loop
vertex 3.388839 11.561041 2.477399
vertex 4.022188 11.571073 3.532690
vertex 3.687431 12.169363 3.155876
endloop
endfacet
facet normal -0.918162 0.008888 0.396105
outer loop
vertex 3.388839 11.561041 2.477399
vertex 3.687431 12.169363 3.155876
vertex 3.045265 12.171644 1.667301
endloop
endfacet
facet normal -0.770358 -0.162054 0.616674
outer loop
vertex 4.022188 11.571073 3.532690
vertex 4.652470 11.571557 4.320175
vertex 4.300742 12.167771 4.037467
endloop
endfacet
facet normal -0.816922 -0.099261 0.568142
outer loop
vertex 4.022188 11.571073 3.532690
vertex 4.300742 12.167771 4.037467
vertex 3.687431 12.169363 3.155876
endloop
endfacet
facet normal -0.646769 -0.164617 0.744709
outer loop
vertex 4.652470 11.571557 4.320175
vertex 5.273811 11.572200 4.859943
vertex 4.901605 12.167540 4.668286
endloop
endfacet
facet normal -0.720504 -0.099651 0.686253
outer loop
vertex 4.652470 11.571557 4.320175
vertex 4.901605 12.167540 4.668286
vertex 4.300742 12.167771 4.037467
endloop
endfacet
facet normal -0.502098 -0.159802 0.849918
outer loop
vertex 5.273811 11.572200 4.859943
vertex 5.870015 11.570062 5.211754
vertex 5.485561 12.169401 5.097321
endloop
endfacet
facet normal -0.588271 -0.109869 0.801166
outer loop
vertex 5.273811 11.572200 4.859943
vertex 5.485561 12.169401 5.097321
vertex 4.901605 12.167540 4.668286
endloop
endfacet
facet normal -0.326447 -0.117407 0.937896
outer loop
vertex 5.870015 11.570062 5.211754
vertex 6.475814 11.565450 5.422033
vertex 6.089066 12.171931 5.363340
endloop
endfacet
facet normal -0.401642 -0.083513 0.911981
outer loop
vertex 5.870015 11.570062 5.211754
vertex 6.089066 12.171931 5.363340
vertex 5.485561 12.169401 5.097321
endloop
endfacet
facet normal -0.251513 -0.059345 0.966033
outer loop
vertex 6.475814 11.565450 5.422033
vertex 7.079543 11.561340 5.578965
vertex 6.685527 12.176601 5.514177
endloop
endfacet
facet normal -0.244238 -0.062096 0.967725
outer loop
vertex 6.475814 11.565450 5.422033
vertex 6.685527 12.176601 5.514177
vertex 6.089066 12.171931 5.363340
endloop
endfacet
facet normal -0.142306 -0.136484 0.980368
outer loop
vertex 7.079543 11.561340 5.578965
vertex 7.694347 11.562917 5.668427
vertex 7.291622 12.173348 5.694951
endloop
endfacet
facet normal -0.285258 -0.082125 0.954926
outer loop
vertex 7.079543 11.561340 5.578965
vertex 7.291622 12.173348 5.694951
vertex 6.685527 12.176601 5.514177
endloop
endfacet
facet normal 0.024764 0.015383 0.999575
outer loop
vertex 7.694347 11.562917 5.668427
vertex 8.311429 11.565633 5.653098
vertex 7.896159 12.183329 5.653879
endloop
endfacet
facet normal 0.067761 0.001353 0.997701
outer loop
vertex 7.694347 11.562917 5.668427
vertex 7.896159 12.183329 5.653879
vertex 7.291622 12.173348 5.694951
endloop
endfacet
facet normal 0.216613 0.464421 0.858715
outer loop
vertex 8.311429 11.565633 5.653098
vertex 8.898573 11.554992 5.510744
vertex 8.462341 12.169443 5.288470
endloop
endfacet
facet normal 0.514899 0.345167 0.784690
outer loop
vertex 8.311429 11.565633 5.653098
vertex 8.462341 12.169443 5.288470
vertex 7.896159 12.183329 5.653879
endloop
endfacet
facet normal 0.256385 0.625503 0.736894
outer loop
vertex 8.898573 11.554992 5.510744
vertex 9.541353 11.610235 5.240212
vertex 9.095126 12.204834 4.890748
endloop
endfacet
facet normal 0.419381 0.557044 0.716813
outer loop
vertex 8.898573 11.554992 5.510744
vertex 9.095126 12.204834 4.890748
vertex 8.462341 12.169443 5.288470
endloop
endfacet
facet normal 0.462445 0.699704 0.544572
outer loop
vertex 9.541353 11.610235 5.240212
vertex 10.101693 11.531350 4.865733
vertex 9.652729 12.117470 4.493901
endloop
endfacet
facet normal 0.490693 0.684856 0.538696
outer loop
vertex 9.541353 11.610235 5.240212
vertex 9.652729 12.117470 4.493901
vertex 9.095126 12.204834 4.890748
endloop
endfacet
facet normal 0.235959 0.660013 0.713237
outer loop
vertex 10.101693 11.531350 4.865733
vertex 10.755456 11.628200 4.559827
vertex 10.307648 12.246931 4.135415
endloop
endfacet
facet normal 0.260990 0.651705 0.712155
outer loop
vertex 10.101693 11.531350 4.865733
vertex 10.307648 12.246931 4.135415
vertex 9.652729 12.117470 4.493901
endloop
endfacet
facet normal 0.362598 0.806661 0.466713
outer loop
vertex 10.755456 11.628200 4.559827
vertex 11.295018 11.533136 4.304940
vertex 10.832993 12.112085 3.663245
endloop
endfacet
facet normal 0.566155 0.703940 0.428878
outer loop
vertex 10.755456 11.628200 4.559827
vertex 10.832993 12.112085 3.663245
vertex 10.307648 12.246931 4.135415
endloop
endfacet
facet normal 0.236302 0.687873 0.686289
outer loop
vertex 11.295018 11.533136 4.304940
vertex 11.889799 11.567923 4.065279
vertex 11.517933 12.171550 3.588298
endloop
endfacet
facet normal 0.008225 0.745387 0.666581
outer loop
vertex 11.295018 11.533136 4.304940
vertex 11.517933 12.171550 3.588298
vertex 10.832993 12.112085 3.663245
endloop
endfacet
facet normal 0.055494 0.692882 0.718913
outer loop
vertex 11.889799 11.567923 4.065279
vertex 12.774468 11.515775 4.047249
vertex 12.812120 12.039217 3.539854
endloop
endfacet
facet normal 0.094863 0.652516 0.751814
outer loop
vertex 11.889799 11.567923 4.065279
vertex 12.812120 12.039217 3.539854
vertex 11.517933 12.171550 3.588298
endloop
endfacet
facet normal -0.601650 -0.556486 -0.573010
outer loop
vertex 12.774468 11.515775 4.047249
vertex 12.407490 11.644246 4.307803
vertex 12.463531 12.197206 3.711948
endloop
endfacet
facet normal -0.556707 -0.557194 -0.616127
outer loop
vertex 12.774468 11.515775 4.047249
vertex 12.463531 12.197206 3.711948
vertex 12.812120 12.039217 3.539854
endloop
endfacet
facet normal -0.113503 0.503215 0.856675
outer loop
vertex 12.407490 11.644246 4.307803
vertex 13.702081 11.565126 4.525801
vertex 13.322483 12.164886 4.123206
endloop
endfacet
facet normal -0.278972 0.716839 0.638997
outer loop
vertex 12.407490 11.644246 4.307803
vertex 13.322483 12.164886 4.123206
vertex 12.463531 12.197206 3.711948
endloop
endfacet
facet normal -0.478957 0.162953 0.862581
outer loop
vertex 13.702081 11.565126 4.525801
vertex 14.300838 11.563327 4.858607
vertex 13.913512 12.173155 4.528335
endloop
endfacet
facet normal -0.556870 0.190272 0.808513
outer loop
vertex 13.702081 11.565126 4.525801
vertex 13.913512 12.173155 4.528335
vertex 13.322483 12.164886 4.123206
endloop
endfacet
facet normal -0.495370 0.107719 0.861978
outer loop
vertex 14.300838 11.563327 4.858607
vertex 14.909910 11.563598 5.208601
vertex 14.508078 12.174969 4.901270
endloop
endfacet
facet normal -0.527774 0.120173 0.840840
outer loop
vertex 14.300838 11.563327 4.858607
vertex 14.508078 12.174969 4.901270
vertex 13.913512 12.173155 4.528335
endloop
endfacet
facet normal -0.427405 -0.006565 0.904037
outer loop
vertex 14.909910 11.563598 5.208601
vertex 15.514782 11.568940 5.494607
vertex 15.099058 12.185291 5.302540
endloop
endfacet
facet normal -0.561692 0.046073 0.826062
outer loop
vertex 14.909910 11.563598 5.208601
vertex 15.099058 12.185291 5.302540
vertex 14.508078 12.174969 4.901270
endloop
endfacet
facet normal -0.229714 -0.179489 0.956564
outer loop
vertex 15.514782 11.568940 5.494607
vertex 16.123362 11.567176 5.640423
vertex 15.697310 12.185688 5.654166
endloop
endfacet
facet normal -0.505330 -0.072897 0.859842
outer loop
vertex 15.514782 11.568940 5.494607
vertex 15.697310 12.185688 5.654166
vertex 15.099058 12.185291 5.302540
endloop
endfacet
facet normal -0.049101 -0.072090 0.996189
outer loop
vertex 16.123362 11.567176 5.640423
vertex 16.722070 11.567870 5.669983
vertex 16.303157 12.186772 5.694123
endloop
endfacet
facet normal -0.065540 -0.067267 0.995580
outer loop
vertex 16.123362 11.567176 5.640423
vertex 16.303157 12.186772 5.694123
vertex 15.697310 12.185688 5.654166
endloop
endfacet
facet normal 0.132488 0.214681 0.967656
outer loop
vertex 16.722070 11.567870 5.669983
vertex 17.329609 11.565884 5.587241
vertex 16.907858 12.188079 5.506948
endloop
endfacet
facet normal 0.291539 0.160552 0.942989
outer loop
vertex 16.722070 11.567870 5.669983
vertex 16.907858 12.188079 5.506948
vertex 16.303157 12.186772 5.694123
endloop
endfacet
facet normal 0.232875 0.276088 0.932494
outer loop
vertex 17.329609 11.565884 5.587241
vertex 17.944854 11.570185 5.432320
vertex 17.528003 12.182642 5.355089
endloop
endfacet
facet normal 0.230842 0.276848 0.932774
outer loop
vertex 17.329609 11.565884 5.587241
vertex 17.528003 12.182642 5.355089
vertex 16.907858 12.188079 5.506948
endloop
endfacet
facet normal 0.310598 0.386684 0.868334
outer loop
vertex 17.944854 11.570185 5.432320
vertex 18.529437 11.570150 5.223234
vertex 18.123380 12.179638 5.097062
endloop
endfacet
facet normal 0.372331 0.361222 0.854920
outer loop
vertex 17.944854 11.570185 5.432320
vertex 18.123380 12.179638 5.097062
vertex 17.528003 12.182642 5.355089
endloop
endfacet
facet normal 0.436716 0.508876 0.741839
outer loop
vertex 18.529437 11.570150 5.223234
vertex 19.131430 11.584474 4.859018
vertex 18.752103 12.175895 4.676631
endloop
endfacet
facet normal 0.490343 0.477595 0.729018
outer loop
vertex 18.529437 11.570150 5.223234
vertex 18.752103 12.175895 4.676631
vertex 18.123380 12.179638 5.097062
endloop
endfacet
facet normal 0.580344 0.561428 0.589914
outer loop
vertex 19.131430 11.584474 4.859018
vertex 19.713159 11.574754 4.295977
vertex 19.372028 12.173715 4.061536
endloop
endfacet
facet normal 0.585841 0.557224 0.588466
outer loop
vertex 19.131430 11.584474 4.859018
vertex 19.372028 12.173715 4.061536
vertex 18.752103 12.175895 4.676631
endloop
endfacet
facet normal 0.695967 0.530280 0.484183
outer loop
vertex 19.713159 11.574754 4.295977
vertex 20.295412 11.570071 3.464173
vertex 20.014025 12.186666 3.193341
endloop
endfacet
facet normal 0.657587 0.568168 0.494736
outer loop
vertex 19.713159 11.574754 4.295977
vertex 20.014025 12.186666 3.193341
vertex 19.372028 12.173715 4.061536
endloop
endfacet
facet normal 0.727323 0.587519 0.354714
outer loop
vertex 20.295412 11.570071 3.464173
vertex 20.831304 11.553154 2.393372
vertex 20.649806 12.189174 1.712074
endloop
endfacet
facet normal 0.790160 0.509941 0.340011
outer loop
vertex 20.295412 11.570071 3.464173
vertex 20.649806 12.189174 1.712074
vertex 20.014025 12.186666 3.193341
endloop
endfacet
facet normal 0.778274 0.539638 0.321061
outer loop
vertex 20.831304 11.553154 2.393372
vertex 21.568728 11.544314 0.620668
vertex 21.232021 12.207885 0.321540
endloop
endfacet
facet normal 0.758482 0.564770 0.325176
outer loop
vertex 20.831304 11.553154 2.393372
vertex 21.232021 12.207885 0.321540
vertex 20.649806 12.189174 1.712074
endloop
endfacet
facet normal 0.620524 0.406582 0.670553
outer loop
vertex 21.568728 11.544314 0.620668
vertex 22.119635 11.560997 0.100747
vertex 21.698222 12.177154 0.117120
endloop
endfacet
facet normal 0.369364 0.531156 0.762524
outer loop
vertex 21.568728 11.544314 0.620668
vertex 21.698222 12.177154 0.117120
vertex 21.232021 12.207885 0.321540
endloop
endfacet
facet normal -0.050099 -0.033275 0.998190
outer loop
vertex 22.119635 11.560997 0.100747
vertex 22.727101 11.572187 0.131609
vertex 22.313321 12.179803 0.131097
endloop
endfacet
facet normal -0.022516 -0.041942 0.998866
outer loop
vertex 22.119635 11.560997 0.100747
vertex 22.313321 12.179803 0.131097
vertex 21.698222 12.177154 0.117120
endloop
endfacet
facet normal 0.002257 0.001541 0.999996
outer loop
vertex 22.727101 11.572187 0.131609
vertex 23.329057 11.570551 0.130253
vertex 22.911315 12.174867 0.130264
endloop
endfacet
facet normal 0.001406 0.001801 0.999997
outer loop
vertex 22.727101 11.572187 0.131609
vertex 22.911315 12.174867 0.130264
vertex 22.313321 12.179803 0.131097
endloop
endfacet
facet normal -0.000065 -0.000041 1.000000
outer loop
vertex 23.329057 11.570551 0.130253
vertex 23.890445 11.572149 0.130289
vertex 23.513998 12.171656 0.130289
endloop
endfacet
facet normal -0.000041 -0.000048 1.000000
outer loop
vertex 23.329057 11.570551 0.130253
vertex 23.513998 12.171656 0.130289
vertex 22.911315 12.174867 0.130264
endloop
endfacet
facet normal 0.000000 -0.000001 1.000000
outer loop
vertex 0.116091 12.168827 0.130289
vertex 0.691372 12.173686 0.130288
vertex 1.091592 12.767938 0.130289
endloop
endfacet
facet normal -0.000000 0.000000 1.000000
outer loop
vertex 0.116091 12.168827 0.130289
vertex 1.091592 12.767938 0.130289
vertex 0.494785 12.767452 0.130289
endloop
endfacet
facet normal -0.000035 0.000073 1.000000
outer loop
vertex 0.691372 12.173686 0.130288
vertex 1.291671 12.174156 0.130309
vertex 1.696825 12.766545 0.130280
endloop
endfacet
facet normal 0.000014 -0.000010 1.000000
outer loop
vertex 0.691372 12.173686 0.130288
vertex 1.696825 12.766545 0.130280
vertex 1.091592 12.767938 0.130289
endloop
endfacet
facet normal 0.002547 -0.005387 0.999982
outer loop
vertex 1.291671 12.174156 0.130309
vertex 1.891810 12.173536 0.128777
vertex 2.288776 12.767381 0.130965
endloop
endfacet
facet normal -0.001158 0.000841 0.999999
outer loop
vertex 1.291671 12.174156 0.130309
vertex 2.288776 12.767381 0.130965
vertex 1.696825 12.766545 0.130280
endloop
endfacet
facet normal -0.144877 0.128860 0.981023
outer loop
vertex 1.891810 12.173536 0.128777
vertex 2.500285 12.173664 0.218620
vertex 2.827771 12.778577 0.187526
endloop
endfacet
facet normal -0.105504 0.066871 0.992168
outer loop
vertex 1.891810 12.173536 0.128777
vertex 2.827771 12.778577 0.187526
vertex 2.288776 12.767381 0.130965
endloop
endfacet
facet normal -0.831188 0.459296 0.313325
outer loop
vertex 2.500285 12.173664 0.218620
vertex 3.045265 12.171644 1.667301
vertex 3.425235 12.771867 1.795432
endloop
endfacet
facet normal -0.829288 0.464897 0.310086
outer loop
vertex 2.500285 12.173664 0.218620
vertex 3.425235 12.771867 1.795432
vertex 2.827771 12.778577 0.187526
endloop
endfacet
facet normal -0.815303 0.459433 0.352423
outer loop
vertex 3.045265 12.171644 1.667301
vertex 3.687431 12.169363 3.155876
vertex 4.019690 12.780894 3.127316
endloop
endfacet
facet normal -0.820334 0.441791 0.363143
outer loop
vertex 3.045265 12.171644 1.667301
vertex 4.019690 12.780894 3.127316
vertex 3.425235 12.771867 1.795432
endloop
endfacet
facet normal -0.709974 0.501084 0.494825
outer loop
vertex 3.687431 12.169363 3.155876
vertex 4.300742 12.167771 4.037467
vertex 4.643051 12.773659 3.915059
endloop
endfacet
facet normal -0.712167 0.413435 0.567353
outer loop
vertex 3.687431 12.169363 3.155876
vertex 4.643051 12.773659 3.915059
vertex 4.019690 12.780894 3.127316
endloop
endfacet
facet normal -0.611904 0.534450 0.583041
outer loop
vertex 4.300742 12.167771 4.037467
vertex 4.901605 12.167540 4.668286
vertex 5.252341 12.772734 4.481628
endloop
endfacet
facet normal -0.600675 0.470024 0.646735
outer loop
vertex 4.300742 12.167771 4.037467
vertex 5.252341 12.772734 4.481628
vertex 4.643051 12.773659 3.915059
endloop
endfacet
facet normal -0.497533 0.545044 0.674824
outer loop
vertex 4.901605 12.167540 4.668286
vertex 5.485561 12.169401 5.097321
vertex 5.860707 12.770803 4.888166
endloop
endfacet
facet normal -0.479945 0.500399 0.720593
outer loop
vertex 4.901605 12.167540 4.668286
vertex 5.860707 12.770803 4.888166
vertex 5.252341 12.772734 4.481628
endloop
endfacet
facet normal -0.372280 0.392936 0.840838
outer loop
vertex 5.485561 12.169401 5.097321
vertex 6.089066 12.171931 5.363340
vertex 6.474686 12.767554 5.255730
endloop
endfacet
facet normal -0.434933 0.525587 0.731158
outer loop
vertex 5.485561 12.169401 5.097321
vertex 6.474686 12.767554 5.255730
vertex 5.860707 12.770803 4.888166
endloop
endfacet
facet normal -0.244799 0.092451 0.965156
outer loop
vertex 6.089066 12.171931 5.363340
vertex 6.685527 12.176601 5.514177
vertex 7.094391 12.763414 5.561670
endloop
endfacet
facet normal -0.401907 0.408283 0.819619
outer loop
vertex 6.089066 12.171931 5.363340
vertex 7.094391 12.763414 5.561670
vertex 6.474686 12.767554 5.255730
endloop
endfacet
facet normal -0.270540 0.306607 0.912579
outer loop
vertex 6.685527 12.176601 5.514177
vertex 7.291622 12.173348 5.694951
vertex 7.694568 12.762083 5.616605
endloop
endfacet
facet normal -0.091174 -0.017059 0.995689
outer loop
vertex 6.685527 12.176601 5.514177
vertex 7.694568 12.762083 5.616605
vertex 7.094391 12.763414 5.561670
endloop
endfacet
facet normal 0.057056 0.366178 0.928794
outer loop
vertex 7.291622 12.173348 5.694951
vertex 7.896159 12.183329 5.653879
vertex 8.321699 12.786018 5.390128
endloop
endfacet
facet normal 0.341315 -0.109369 0.933564
outer loop
vertex 7.291622 12.173348 5.694951
vertex 8.321699 12.786018 5.390128
vertex 7.694568 12.762083 5.616605
endloop
endfacet
facet normal 0.540209 -0.060775 0.839333
outer loop
vertex 7.896159 12.183329 5.653879
vertex 8.462341 12.169443 5.288470
vertex 8.892210 12.745856 5.053537
endloop
endfacet
facet normal 0.508962 0.017265 0.860616
outer loop
vertex 7.896159 12.183329 5.653879
vertex 8.892210 12.745856 5.053537
vertex 8.321699 12.786018 5.390128
endloop
endfacet
facet normal 0.532967 -0.125218 0.836820
outer loop
vertex 8.462341 12.169443 5.288470
vertex 9.095126 12.204834 4.890748
vertex 9.537249 12.800765 4.698334
endloop
endfacet
facet normal 0.482555 -0.002891 0.875861
outer loop
vertex 8.462341 12.169443 5.288470
vertex 9.537249 12.800765 4.698334
vertex 8.892210 12.745856 5.053537
endloop
endfacet
facet normal 0.572122 -0.062989 0.817746
outer loop
vertex 9.095126 12.204834 4.890748
vertex 9.652729 12.117470 4.493901
vertex 10.105547 12.719271 4.223449
endloop
endfacet
facet normal 0.610021 -0.205484 0.765279
outer loop
vertex 9.095126 12.204834 4.890748
vertex 10.105547 12.719271 4.223449
vertex 9.537249 12.800765 4.698334
endloop
endfacet
facet normal 0.465005 0.087179 0.881005
outer loop
vertex 9.652729 12.117470 4.493901
vertex 10.307648 12.246931 4.135415
vertex 10.840796 12.858954 3.793451
endloop
endfacet
facet normal 0.503479 0.009428 0.863956
outer loop
vertex 9.652729 12.117470 4.493901
vertex 10.840796 12.858954 3.793451
vertex 10.105547 12.719271 4.223449
endloop
endfacet
facet normal 0.682548 0.171559 0.710419
outer loop
vertex 10.307648 12.246931 4.135415
vertex 10.832993 12.112085 3.663245
vertex 11.380591 12.631678 3.011654
endloop
endfacet
facet normal 0.738538 -0.308353 0.599567
outer loop
vertex 10.307648 12.246931 4.135415
vertex 11.380591 12.631678 3.011654
vertex 10.840796 12.858954 3.793451
endloop
endfacet
facet normal -0.018661 0.859252 0.511212
outer loop
vertex 10.832993 12.112085 3.663245
vertex 11.517933 12.171550 3.588298
vertex 11.906581 12.998828 2.211987
endloop
endfacet
facet normal 0.827753 -0.446892 0.339283
outer loop
vertex 10.832993 12.112085 3.663245
vertex 11.906581 12.998828 2.211987
vertex 11.380591 12.631678 3.011654
endloop
endfacet
facet normal 0.107786 0.897815 0.426978
outer loop
vertex 11.517933 12.171550 3.588298
vertex 12.812120 12.039217 3.539854
vertex 12.830289 12.683626 2.180256
endloop
endfacet
facet normal 0.286266 0.783371 0.551708
outer loop
vertex 11.517933 12.171550 3.588298
vertex 12.830289 12.683626 2.180256
vertex 11.906581 12.998828 2.211987
endloop
endfacet
facet normal -0.556370 -0.535401 -0.635451
outer loop
vertex 12.812120 12.039217 3.539854
vertex 12.463531 12.197206 3.711948
vertex 12.545449 12.902660 3.045841
endloop
endfacet
facet normal -0.899254 -0.390502 -0.197103
outer loop
vertex 12.812120 12.039217 3.539854
vertex 12.545449 12.902660 3.045841
vertex 12.830289 12.683626 2.180256
endloop
endfacet
facet normal -0.311696 0.641017 0.701386
outer loop
vertex 12.463531 12.197206 3.711948
vertex 13.322483 12.164886 4.123206
vertex 13.695293 12.765357 3.740094
endloop
endfacet
facet normal -0.323923 0.669137 0.668827
outer loop
vertex 12.463531 12.197206 3.711948
vertex 13.695293 12.765357 3.740094
vertex 12.545449 12.902660 3.045841
endloop
endfacet
facet normal -0.441862 0.637042 0.631613
outer loop
vertex 13.322483 12.164886 4.123206
vertex 13.913512 12.173155 4.528335
vertex 14.303570 12.759947 4.209375
endloop
endfacet
facet normal -0.454009 0.662210 0.596116
outer loop
vertex 13.322483 12.164886 4.123206
vertex 14.303570 12.759947 4.209375
vertex 13.695293 12.765357 3.740094
endloop
endfacet
facet normal -0.436875 0.572621 0.693719
outer loop
vertex 13.913512 12.173155 4.528335
vertex 14.508078 12.174969 4.901270
vertex 14.912814 12.765262 4.668906
endloop
endfacet
facet normal -0.465689 0.641128 0.609991
outer loop
vertex 13.913512 12.173155 4.528335
vertex 14.912814 12.765262 4.668906
vertex 14.303570 12.759947 4.209375
endloop
endfacet
facet normal -0.443191 0.631245 0.636484
outer loop
vertex 14.508078 12.174969 4.901270
vertex 15.099058 12.185291 5.302540
vertex 15.524653 12.753438 5.035415
endloop
endfacet
facet normal -0.415766 0.565466 0.712310
outer loop
vertex 14.508078 12.174969 4.901270
vertex 15.524653 12.753438 5.035415
vertex 14.912814 12.765262 4.668906
endloop
endfacet
facet normal -0.396407 0.623651 0.673736
outer loop
vertex 15.099058 12.185291 5.302540
vertex 15.697310 12.185688 5.654166
vertex 16.116472 12.754717 5.374062
endloop
endfacet
facet normal -0.392475 0.615390 0.683564
outer loop
vertex 15.099058 12.185291 5.302540
vertex 16.116472 12.754717 5.374062
vertex 15.524653 12.753438 5.035415
endloop
endfacet
facet normal -0.065111 0.174325 0.982533
outer loop
vertex 15.697310 12.185688 5.654166
vertex 16.303157 12.186772 5.694123
vertex 16.727575 12.760725 5.620415
endloop
endfacet
facet normal -0.306228 0.592391 0.745183
outer loop
vertex 15.697310 12.185688 5.654166
vertex 16.727575 12.760725 5.620415
vertex 16.116472 12.754717 5.374062
endloop
endfacet
facet normal 0.281956 -0.307667 0.908758
outer loop
vertex 16.303157 12.186772 5.694123
vertex 16.907858 12.188079 5.506948
vertex 17.329106 12.760481 5.570040
endloop
endfacet
facet normal 0.083296 0.066099 0.994330
outer loop
vertex 16.303157 12.186772 5.694123
vertex 17.329106 12.760481 5.570040
vertex 16.727575 12.760725 5.620415
endloop
endfacet
facet normal 0.237646 -0.019231 0.971161
outer loop
vertex 16.907858 12.188079 5.506948
vertex 17.528003 12.182642 5.355089
vertex 17.950535 12.781195 5.263546
endloop
endfacet
facet normal 0.416631 -0.396767 0.817921
outer loop
vertex 16.907858 12.188079 5.506948
vertex 17.950535 12.781195 5.263546
vertex 17.329106 12.760481 5.570040
endloop
endfacet
facet normal 0.397300 0.053728 0.916115
outer loop
vertex 17.528003 12.182642 5.355089
vertex 18.123380 12.179638 5.097062
vertex 18.526601 12.763492 4.887952
endloop
endfacet
facet normal 0.524177 -0.245304 0.815515
outer loop
vertex 17.528003 12.182642 5.355089
vertex 18.526601 12.763492 4.887952
vertex 17.950535 12.781195 5.263546
endloop
endfacet
facet normal 0.553459 -0.086028 0.828422
outer loop
vertex 18.123380 12.179638 5.097062
vertex 18.752103 12.175895 4.676631
vertex 19.145385 12.797709 4.478456
endloop
endfacet
facet normal 0.553138 -0.085196 0.828722
outer loop
vertex 18.123380 12.179638 5.097062
vertex 19.145385 12.797709 4.478456
vertex 18.526601 12.763492 4.887952
endloop
endfacet
facet normal 0.685339 -0.228248 0.691529
outer loop
vertex 18.752103 12.175895 4.676631
vertex 19.372028 12.173715 4.061536
vertex 19.739709 12.771764 3.894538
endloop
endfacet
facet normal 0.681059 -0.206899 0.702390
outer loop
vertex 18.752103 12.175895 4.676631
vertex 19.739709 12.771764 3.894538
vertex 19.145385 12.797709 4.478456
endloop
endfacet
facet normal 0.777647 -0.262843 0.571120
outer loop
vertex 19.372028 12.173715 4.061536
vertex 20.014025 12.186666 3.193341
vertex 20.310509 12.759841 3.053432
endloop
endfacet
facet normal 0.778928 -0.329975 0.533281
outer loop
vertex 19.372028 12.173715 4.061536
vertex 20.310509 12.759841 3.053432
vertex 19.739709 12.771764 3.894538
endloop
endfacet
facet normal 0.849918 -0.380832 0.364152
outer loop
vertex 20.014025 12.186666 3.193341
vertex 20.649806 12.189174 1.712074
vertex 20.886876 12.758830 1.754509
endloop
endfacet
facet normal 0.856123 -0.350049 0.380157
outer loop
vertex 20.014025 12.186666 3.193341
vertex 20.886876 12.758830 1.754509
vertex 20.310509 12.759841 3.053432
endloop
endfacet
facet normal 0.872520 -0.329340 0.360892
outer loop
vertex 20.649806 12.189174 1.712074
vertex 21.232021 12.207885 0.321540
vertex 21.517765 12.755726 0.130649
endloop
endfacet
facet normal 0.860734 -0.383172 0.335138
outer loop
vertex 20.649806 12.189174 1.712074
vertex 21.517765 12.755726 0.130649
vertex 20.886876 12.758830 1.754509
endloop
endfacet
facet normal 0.365330 -0.305940 0.879167
outer loop
vertex 21.232021 12.207885 0.321540
vertex 21.698222 12.177154 0.117120
vertex 22.144653 12.768034 0.137230
endloop
endfacet
facet normal -0.016493 0.336655 0.941484
outer loop
vertex 21.232021 12.207885 0.321540
vertex 22.144653 12.768034 0.137230
vertex 21.517765 12.755726 0.130649
endloop
endfacet
facet normal -0.022790 0.018100 0.999576
outer loop
vertex 21.698222 12.177154 0.117120
vertex 22.313321 12.179803 0.131097
vertex 22.729476 12.764042 0.130005
endloop
endfacet
facet normal 0.012046 -0.043100 0.998998
outer loop
vertex 21.698222 12.177154 0.117120
vertex 22.729476 12.764042 0.130005
vertex 22.144653 12.768034 0.137230
endloop
endfacet
facet normal 0.001383 -0.001078 0.999998
outer loop
vertex 22.313321 12.179803 0.131097
vertex 22.911315 12.174867 0.130264
vertex 23.346496 12.765798 0.130300
endloop
endfacet
facet normal -0.000484 0.002212 0.999997
outer loop
vertex 22.313321 12.179803 0.131097
vertex 23.346496 12.765798 0.130300
vertex 22.729476 12.764042 0.130005
endloop
endfacet
facet normal -0.000041 0.000027 1.000000
outer loop
vertex 22.911315 12.174867 0.130264
vertex 23.513998 12.171656 0.130289
vertex 23.891130 12.768466 0.130288
endloop
endfacet
facet normal 0.000022 -0.000076 1.000000
outer loop
vertex 22.911315 12.174867 0.130264
vertex 23.891130 12.768466 0.130288
vertex 23.346496 12.765798 0.130300
endloop
endfacet
facet normal -0.000000 -0.000000 1.000000
outer loop
vertex 0.494785 12.767452 0.130289
vertex 1.091592 12.767938 0.130289
vertex 0.683074 13.369021 0.130289
endloop
endfacet
facet normal -0.000000 -0.000000 1.000000
outer loop
vertex 0.494785 12.767452 0.130289
vertex 0.683074 13.369021 0.130289
vertex 0.116288 13.365167 0.130289
endloop
endfacet
facet normal 0.000014 0.000004 1.000000
outer loop
vertex 1.091592 12.767938 0.130289
vertex 1.696825 12.766545 0.130280
vertex 1.304734 13.369341 0.130283
endloop
endfacet
facet normal 0.000009 0.000006 1.000000
outer loop
vertex 1.091592 12.767938 0.130289
vertex 1.304734 13.369341 0.130283
vertex 0.683074 13.369021 0.130289
endloop
endfacet
facet normal -0.001156 -0.000424 0.999999
outer loop
vertex 1.696825 12.766545 0.130280
vertex 2.288776 12.767381 0.130965
vertex 1.879430 13.370948 0.130748
endloop
endfacet
facet normal -0.000807 -0.000529 1.000000
outer loop
vertex 1.696825 12.766545 0.130280
vertex 1.879430 13.370948 0.130748
vertex 1.304734 13.369341 0.130283
endloop
endfacet
facet normal -0.105500 0.066585 0.992188
outer loop
vertex 2.288776 12.767381 0.130965
vertex 2.827771 12.778577 0.187526
vertex 2.479578 13.368415 0.110918
endloop
endfacet
facet normal 0.033110 0.022816 0.999191
outer loop
vertex 2.288776 12.767381 0.130965
vertex 2.479578 13.368415 0.110918
vertex 1.879430 13.370948 0.130748
endloop
endfacet
facet normal -0.937101 0.022958 0.348303
outer loop
vertex 2.827771 12.778577 0.187526
vertex 3.425235 12.771867 1.795432
vertex 3.102498 13.369227 0.887741
endloop
endfacet
facet normal -0.729299 -0.354518 0.585183
outer loop
vertex 2.827771 12.778577 0.187526
vertex 3.102498 13.369227 0.887741
vertex 2.479578 13.368415 0.110918
endloop
endfacet
facet normal -0.912387 -0.038807 0.407485
outer loop
vertex 3.425235 12.771867 1.795432
vertex 4.019690 12.780894 3.127316
vertex 3.698466 13.356545 2.462895
endloop
endfacet
facet normal -0.934703 0.032779 0.353914
outer loop
vertex 3.425235 12.771867 1.795432
vertex 3.698466 13.356545 2.462895
vertex 3.102498 13.369227 0.887741
endloop
endfacet
facet normal -0.781882 -0.082320 0.617967
outer loop
vertex 4.019690 12.780894 3.127316
vertex 4.643051 12.773659 3.915059
vertex 4.285165 13.370202 3.541710
endloop
endfacet
facet normal -0.877216 0.060245 0.476300
outer loop
vertex 4.019690 12.780894 3.127316
vertex 4.285165 13.370202 3.541710
vertex 3.698466 13.356545 2.462895
endloop
endfacet
facet normal -0.676789 -0.111805 0.727638
outer loop
vertex 4.643051 12.773659 3.915059
vertex 5.252341 12.772734 4.481628
vertex 4.895858 13.368168 4.241548
endloop
endfacet
facet normal -0.752902 -0.040580 0.656880
outer loop
vertex 4.643051 12.773659 3.915059
vertex 4.895858 13.368168 4.241548
vertex 4.285165 13.370202 3.541710
endloop
endfacet
facet normal -0.542175 -0.222456 0.810284
outer loop
vertex 5.252341 12.772734 4.481628
vertex 5.860707 12.770803 4.888166
vertex 5.484527 13.367305 4.800221
endloop
endfacet
facet normal -0.683593 -0.118913 0.720112
outer loop
vertex 5.252341 12.772734 4.481628
vertex 5.484527 13.367305 4.800221
vertex 4.895858 13.368168 4.241548
endloop
endfacet
facet normal -0.500952 -0.228478 0.834772
outer loop
vertex 5.860707 12.770803 4.888166
vertex 6.474686 12.767554 5.255730
vertex 6.099240 13.366178 5.194266
endloop
endfacet
facet normal -0.527728 -0.211521 0.822655
outer loop
vertex 5.860707 12.770803 4.888166
vertex 6.099240 13.366178 5.194266
vertex 5.484527 13.367305 4.800221
endloop
endfacet
facet normal -0.441784 -0.076802 0.893828
outer loop
vertex 6.474686 12.767554 5.255730
vertex 7.094391 12.763414 5.561670
vertex 6.705197 13.375988 5.421942
endloop
endfacet
facet normal -0.347341 -0.122387 0.929718
outer loop
vertex 6.474686 12.767554 5.255730
vertex 6.705197 13.375988 5.421942
vertex 6.099240 13.366178 5.194266
endloop
endfacet
facet normal -0.088017 0.237602 0.967367
outer loop
vertex 7.094391 12.763414 5.561670
vertex 7.694568 12.762083 5.616605
vertex 7.290800 13.371871 5.430093
endloop
endfacet
facet normal -0.012080 0.215070 0.976524
outer loop
vertex 7.094391 12.763414 5.561670
vertex 7.290800 13.371871 5.430093
vertex 6.705197 13.375988 5.421942
endloop
endfacet
facet normal 0.283572 0.471459 0.835053
outer loop
vertex 7.694568 12.762083 5.616605
vertex 8.321699 12.786018 5.390128
vertex 7.900672 13.389808 5.192211
endloop
endfacet
facet normal 0.310843 0.460188 0.831627
outer loop
vertex 7.694568 12.762083 5.616605
vertex 7.900672 13.389808 5.192211
vertex 7.290800 13.371871 5.430093
endloop
endfacet
facet normal 0.450100 0.559238 0.696178
outer loop
vertex 8.321699 12.786018 5.390128
vertex 8.892210 12.745856 5.053537
vertex 8.458820 13.348694 4.849478
endloop
endfacet
facet normal 0.465615 0.551541 0.692102
outer loop
vertex 8.321699 12.786018 5.390128
vertex 8.458820 13.348694 4.849478
vertex 7.900672 13.389808 5.192211
endloop
endfacet
facet normal 0.362840 0.559269 0.745363
outer loop
vertex 8.892210 12.745856 5.053537
vertex 9.537249 12.800765 4.698334
vertex 9.115605 13.391158 4.460599
endloop
endfacet
facet normal 0.402776 0.539777 0.739197
outer loop
vertex 8.892210 12.745856 5.053537
vertex 9.115605 13.391158 4.460599
vertex 8.458820 13.348694 4.849478
endloop
endfacet
facet normal 0.536740 0.656834 0.529602
outer loop
vertex 9.537249 12.800765 4.698334
vertex 10.105547 12.719271 4.223449
vertex 9.676497 13.318788 3.914736
endloop
endfacet
facet normal 0.584127 0.625467 0.517287
outer loop
vertex 9.537249 12.800765 4.698334
vertex 9.676497 13.318788 3.914736
vertex 9.115605 13.391158 4.460599
endloop
endfacet
facet normal 0.323351 0.585772 0.743179
outer loop
vertex 10.105547 12.719271 4.223449
vertex 10.840796 12.858954 3.793451
vertex 10.478465 13.547049 3.408742
endloop
endfacet
facet normal 0.299387 0.597366 0.743990
outer loop
vertex 10.105547 12.719271 4.223449
vertex 10.478465 13.547049 3.408742
vertex 9.676497 13.318788 3.914736
endloop
endfacet
facet normal 0.644822 0.727742 0.233659
outer loop
vertex 10.840796 12.858954 3.793451
vertex 11.380591 12.631678 3.011654
vertex 10.872394 13.324025 2.257763
endloop
endfacet
facet normal 0.825754 0.534882 0.178975
outer loop
vertex 10.840796 12.858954 3.793451
vertex 10.872394 13.324025 2.257763
vertex 10.478465 13.547049 3.408742
endloop
endfacet
facet normal -0.245109 0.932084 0.266723
outer loop
vertex 11.380591 12.631678 3.011654
vertex 11.906581 12.998828 2.211987
vertex 11.526488 13.390117 0.495302
endloop
endfacet
facet normal 0.622484 0.738632 0.258718
outer loop
vertex 11.380591 12.631678 3.011654
vertex 11.526488 13.390117 0.495302
vertex 10.872394 13.324025 2.257763
endloop
endfacet
facet normal 0.324376 0.942543 0.079962
outer loop
vertex 11.906581 12.998828 2.211987
vertex 12.830289 12.683626 2.180256
vertex 12.468807 12.962903 0.354710
endloop
endfacet
facet normal 0.424049 0.898814 0.110981
outer loop
vertex 11.906581 12.998828 2.211987
vertex 12.468807 12.962903 0.354710
vertex 11.526488 13.390117 0.495302
endloop
endfacet
facet normal -0.951226 -0.128271 -0.280563
outer loop
vertex 12.830289 12.683626 2.180256
vertex 12.545449 12.902660 3.045841
vertex 12.660196 13.683732 2.299705
endloop
endfacet
facet normal -0.969128 -0.184376 0.163694
outer loop
vertex 12.830289 12.683626 2.180256
vertex 12.660196 13.683732 2.299705
vertex 12.468807 12.962903 0.354710
endloop
endfacet
facet normal -0.463769 0.310933 0.829602
outer loop
vertex 12.545449 12.902660 3.045841
vertex 13.695293 12.765357 3.740094
vertex 13.323591 13.348785 3.313636
endloop
endfacet
facet normal -0.548289 0.618380 0.563014
outer loop
vertex 12.545449 12.902660 3.045841
vertex 13.323591 13.348785 3.313636
vertex 12.660196 13.683732 2.299705
endloop
endfacet
facet normal -0.610213 -0.055127 0.790317
outer loop
vertex 13.695293 12.765357 3.740094
vertex 14.303570 12.759947 4.209375
vertex 13.906942 13.359721 3.944970
endloop
endfacet
facet normal -0.734423 0.027776 0.678123
outer loop
vertex 13.695293 12.765357 3.740094
vertex 13.906942 13.359721 3.944970
vertex 13.323591 13.348785 3.313636
endloop
endfacet
facet normal -0.593524 -0.160059 0.788740
outer loop
vertex 14.303570 12.759947 4.209375
vertex 14.912814 12.765262 4.668906
vertex 14.491937 13.368929 4.474700
endloop
endfacet
facet normal -0.665755 -0.115268 0.737214
outer loop
vertex 14.303570 12.759947 4.209375
vertex 14.491937 13.368929 4.474700
vertex 13.906942 13.359721 3.944970
endloop
endfacet
facet normal -0.510829 -0.139692 0.848257
outer loop
vertex 14.912814 12.765262 4.668906
vertex 15.524653 12.753438 5.035415
vertex 15.075026 13.409567 4.872697
endloop
endfacet
facet normal -0.553835 -0.121119 0.823770
outer loop
vertex 14.912814 12.765262 4.668906
vertex 15.075026 13.409567 4.872697
vertex 14.491937 13.368929 4.474700
endloop
endfacet
facet normal -0.492253 -0.129613 0.860748
outer loop
vertex 15.524653 12.753438 5.035415
vertex 16.116472 12.754717 5.374062
vertex 15.665258 13.390633 5.211775
endloop
endfacet
facet normal -0.497127 -0.127834 0.858209
outer loop
vertex 15.524653 12.753438 5.035415
vertex 15.665258 13.390633 5.211775
vertex 15.075026 13.409567 4.872697
endloop
endfacet
facet normal -0.373985 0.020309 0.927212
outer loop
vertex 16.116472 12.754717 5.374062
vertex 16.727575 12.760725 5.620415
vertex 16.300963 13.386856 5.434630
endloop
endfacet
facet normal -0.330785 0.006122 0.943686
outer loop
vertex 16.116472 12.754717 5.374062
vertex 16.300963 13.386856 5.434630
vertex 15.665258 13.390633 5.211775
endloop
endfacet
facet normal 0.079976 0.290268 0.953597
outer loop
vertex 16.727575 12.760725 5.620415
vertex 17.329106 12.760481 5.570040
vertex 16.867544 13.382830 5.419312
endloop
endfacet
facet normal 0.027909 0.301780 0.952969
outer loop
vertex 16.727575 12.760725 5.620415
vertex 16.867544 13.382830 5.419312
vertex 16.300963 13.386856 5.434630
endloop
endfacet
facet normal 0.399774 0.375954 0.835966
outer loop
vertex 17.329106 12.760481 5.570040
vertex 17.950535 12.781195 5.263546
vertex 17.529654 13.380454 5.195317
endloop
endfacet
facet normal 0.291604 0.423938 0.857463
outer loop
vertex 17.329106 12.760481 5.570040
vertex 17.529654 13.380454 5.195317
vertex 16.867544 13.382830 5.419312
endloop
endfacet
facet normal 0.498412 0.446004 0.743415
outer loop
vertex 17.950535 12.781195 5.263546
vertex 18.526601 12.763492 4.887952
vertex 18.108383 13.376550 4.800542
endloop
endfacet
facet normal 0.507814 0.440917 0.740079
outer loop
vertex 17.950535 12.781195 5.263546
vertex 18.108383 13.376550 4.800542
vertex 17.529654 13.380454 5.195317
endloop
endfacet
facet normal 0.432706 0.566638 0.701204
outer loop
vertex 18.526601 12.763492 4.887952
vertex 19.145385 12.797709 4.478456
vertex 18.756337 13.382151 4.246250
endloop
endfacet
facet normal 0.567112 0.482091 0.667812
outer loop
vertex 18.526601 12.763492 4.887952
vertex 18.756337 13.382151 4.246250
vertex 18.108383 13.376550 4.800542
endloop
endfacet
facet normal 0.561219 0.624224 0.543486
outer loop
vertex 19.145385 12.797709 4.478456
vertex 19.739709 12.771764 3.894538
vertex 19.386436 13.379607 3.561197
endloop
endfacet
facet normal 0.587317 0.604699 0.537957
outer loop
vertex 19.145385 12.797709 4.478456
vertex 19.386436 13.379607 3.561197
vertex 18.756337 13.382151 4.246250
endloop
endfacet
facet normal 0.641095 0.638364 0.426016
outer loop
vertex 19.739709 12.771764 3.894538
vertex 20.310509 12.759841 3.053432
vertex 20.049179 13.390280 2.502015
endloop
endfacet
facet normal 0.664128 0.617286 0.421773
outer loop
vertex 19.739709 12.771764 3.894538
vertex 20.049179 13.390280 2.502015
vertex 19.386436 13.379607 3.561197
endloop
endfacet
facet normal 0.685660 0.661527 0.303731
outer loop
vertex 20.310509 12.759841 3.053432
vertex 20.886876 12.758830 1.754509
vertex 20.628302 13.400712 0.940208
endloop
endfacet
facet normal 0.768429 0.571086 0.288751
outer loop
vertex 20.310509 12.759841 3.053432
vertex 20.628302 13.400712 0.940208
vertex 20.049179 13.390280 2.502015
endloop
endfacet
facet normal 0.836777 0.441205 0.324255
outer loop
vertex 20.886876 12.758830 1.754509
vertex 21.517765 12.755726 0.130649
vertex 21.170797 13.389150 0.164156
endloop
endfacet
facet normal 0.571221 0.723012 0.388537
outer loop
vertex 20.886876 12.758830 1.754509
vertex 21.170797 13.389150 0.164156
vertex 20.628302 13.400712 0.940208
endloop
endfacet
facet normal -0.010595 0.005007 0.999931
outer loop
vertex 21.517765 12.755726 0.130649
vertex 22.144653 12.768034 0.137230
vertex 21.725513 13.373216 0.129758
endloop
endfacet
facet normal 0.061331 -0.019195 0.997933
outer loop
vertex 21.517765 12.755726 0.130649
vertex 21.725513 13.373216 0.129758
vertex 21.170797 13.389150 0.164156
endloop
endfacet
facet normal 0.012405 0.007758 0.999893
outer loop
vertex 22.144653 12.768034 0.137230
vertex 22.729476 12.764042 0.130005
vertex 22.326484 13.368958 0.130311
endloop
endfacet
facet normal -0.000837 0.011766 0.999930
outer loop
vertex 22.144653 12.768034 0.137230
vertex 22.326484 13.368958 0.130311
vertex 21.725513 13.373216 0.129758
endloop
endfacet
facet normal -0.000476 -0.000325 1.000000
outer loop
vertex 22.729476 12.764042 0.130005
vertex 23.346496 12.765798 0.130300
vertex 22.914702 13.370235 0.130291
endloop
endfacet
facet normal 0.000036 -0.000482 1.000000
outer loop
vertex 22.729476 12.764042 0.130005
vertex 22.914702 13.370235 0.130291
vertex 22.326484 13.368958 0.130311
endloop
endfacet
facet normal 0.000021 0.000013 1.000000
outer loop
vertex 23.346496 12.765798 0.130300
vertex 23.891130 12.768466 0.130288
vertex 23.512528 13.369426 0.130288
endloop
endfacet
facet normal 0.000004 0.000018 1.000000
outer loop
vertex 23.346496 12.765798 0.130300
vertex 23.512528 13.369426 0.130288
vertex 22.914702 13.370235 0.130291
endloop
endfacet
facet normal -0.000000 0.000000 1.000000
outer loop
vertex 0.116288 13.365167 0.130289
vertex 0.683074 13.369021 0.130289
vertex 1.083445 13.966926 0.130289
endloop
endfacet
facet normal -0.000000 0.000000 1.000000
outer loop
vertex 0.116288 13.365167 0.130289
vertex 1.083445 13.966926 0.130289
vertex 0.493523 13.964579 0.130289
endloop
endfacet
facet normal 0.000009 -0.000014 1.000000
outer loop
vertex 0.683074 13.369021 0.130289
vertex 1.304734 13.369341 0.130283
vertex 1.669853 13.965803 0.130288
endloop
endfacet
facet normal 0.000001 -0.000000 1.000000
outer loop
vertex 0.683074 13.369021 0.130289
vertex 1.669853 13.965803 0.130288
vertex 1.083445 13.966926 0.130289
endloop
endfacet
facet normal -0.000812 0.001264 0.999999
outer loop
vertex 1.304734 13.369341 0.130283
vertex 1.879430 13.370948 0.130748
vertex 2.294982 13.959544 0.130341
endloop
endfacet
facet normal -0.000084 0.000043 1.000000
outer loop
vertex 1.304734 13.369341 0.130283
vertex 2.294982 13.959544 0.130341
vertex 1.669853 13.965803 0.130288
endloop
endfacet
facet normal 0.032703 -0.061217 0.997589
outer loop
vertex 1.879430 13.370948 0.130748
vertex 2.479578 13.368415 0.110918
vertex 2.886340 13.961778 0.133996
endloop
endfacet
facet normal -0.006199 0.005067 0.999968
outer loop
vertex 1.879430 13.370948 0.130748
vertex 2.886340 13.961778 0.133996
vertex 2.294982 13.959544 0.130341
endloop
endfacet
facet normal -0.598380 0.642143 0.479159
outer loop
vertex 2.479578 13.368415 0.110918
vertex 3.102498 13.369227 0.887741
vertex 3.353778 13.997118 0.360078
endloop
endfacet
facet normal -0.435980 0.265429 0.859923
outer loop
vertex 2.479578 13.368415 0.110918
vertex 3.353778 13.997118 0.360078
vertex 2.886340 13.961778 0.133996
endloop
endfacet
facet normal -0.766598 0.570540 0.294640
outer loop
vertex 3.102498 13.369227 0.887741
vertex 3.698466 13.356545 2.462895
vertex 4.031656 13.982579 2.117544
endloop
endfacet
facet normal -0.770255 0.561833 0.301746
outer loop
vertex 3.102498 13.369227 0.887741
vertex 4.031656 13.982579 2.117544
vertex 3.353778 13.997118 0.360078
endloop
endfacet
facet normal -0.756689 0.513207 0.405019
outer loop
vertex 3.698466 13.356545 2.462895
vertex 4.285165 13.370202 3.541710
vertex 4.629473 13.974271 3.419547
endloop
endfacet
facet normal -0.737839 0.581630 0.342491
outer loop
vertex 3.698466 13.356545 2.462895
vertex 4.629473 13.974271 3.419547
vertex 4.031656 13.982579 2.117544
endloop
endfacet
facet normal -0.646618 0.511689 0.565738
outer loop
vertex 4.285165 13.370202 3.541710
vertex 4.895858 13.368168 4.241548
vertex 5.261554 13.972011 4.113372
endloop
endfacet
facet normal -0.644958 0.486759 0.589148
outer loop
vertex 4.285165 13.370202 3.541710
vertex 5.261554 13.972011 4.113372
vertex 4.629473 13.974271 3.419547
endloop
endfacet
facet normal -0.577931 0.542349 0.609799
outer loop
vertex 4.895858 13.368168 4.241548
vertex 5.484527 13.367305 4.800221
vertex 5.859379 13.968982 4.620358
endloop
endfacet
facet normal -0.564602 0.483865 0.668655
outer loop
vertex 4.895858 13.368168 4.241548
vertex 5.859379 13.968982 4.620358
vertex 5.261554 13.972011 4.113372
endloop
endfacet
facet normal -0.451317 0.546272 0.705620
outer loop
vertex 5.484527 13.367305 4.800221
vertex 6.099240 13.366178 5.194266
vertex 6.472443 13.968161 4.966929
endloop
endfacet
facet normal -0.427671 0.492947 0.757694
outer loop
vertex 5.484527 13.367305 4.800221
vertex 6.472443 13.968161 4.966929
vertex 5.859379 13.968982 4.620358
endloop
endfacet
facet normal -0.321000 0.446751 0.835089
outer loop
vertex 6.099240 13.366178 5.194266
vertex 6.705197 13.375988 5.421942
vertex 7.094011 13.962771 5.257485
endloop
endfacet
facet normal -0.359008 0.516220 0.777579
outer loop
vertex 6.099240 13.366178 5.194266
vertex 7.094011 13.962771 5.257485
vertex 6.472443 13.968161 4.966929
endloop
endfacet
facet normal -0.011907 0.231994 0.972644
outer loop
vertex 6.705197 13.375988 5.421942
vertex 7.290800 13.371871 5.430093
vertex 7.690764 13.959856 5.294744
endloop
endfacet
facet normal -0.057867 0.304785 0.950661
outer loop
vertex 6.705197 13.375988 5.421942
vertex 7.690764 13.959856 5.294744
vertex 7.094011 13.962771 5.257485
endloop
endfacet
facet normal 0.362902 0.016983 0.931673
outer loop
vertex 7.290800 13.371871 5.430093
vertex 7.900672 13.389808 5.192211
vertex 8.334082 13.995904 5.012343
endloop
endfacet
facet normal 0.404152 -0.064891 0.912387
outer loop
vertex 7.290800 13.371871 5.430093
vertex 8.334082 13.995904 5.012343
vertex 7.690764 13.959856 5.294744
endloop
endfacet
facet normal 0.518692 -0.064943 0.852491
outer loop
vertex 7.900672 13.389808 5.192211
vertex 8.458820 13.348694 4.849478
vertex 8.894471 13.941898 4.629600
endloop
endfacet
facet normal 0.548083 -0.147600 0.823298
outer loop
vertex 7.900672 13.389808 5.192211
vertex 8.894471 13.941898 4.629600
vertex 8.334082 13.995904 5.012343
endloop
endfacet
facet normal 0.509235 0.005102 0.860612
outer loop
vertex 8.458820 13.348694 4.849478
vertex 9.115605 13.391158 4.460599
vertex 9.552276 14.027557 4.198443
endloop
endfacet
facet normal 0.554555 -0.101107 0.825982
outer loop
vertex 8.458820 13.348694 4.849478
vertex 9.552276 14.027557 4.198443
vertex 8.894471 13.941898 4.629600
endloop
endfacet
facet normal 0.673043 -0.184979 0.716098
outer loop
vertex 9.115605 13.391158 4.460599
vertex 9.676497 13.318788 3.914736
vertex 10.106981 13.930681 3.668196
endloop
endfacet
facet normal 0.667657 -0.158473 0.727407
outer loop
vertex 9.115605 13.391158 4.460599
vertex 10.106981 13.930681 3.668196
vertex 9.552276 14.027557 4.198443
endloop
endfacet
facet normal 0.125721 0.814333 0.566618
outer loop
vertex 9.676497 13.318788 3.914736
vertex 10.478465 13.547049 3.408742
vertex 10.711083 13.971364 2.747311
endloop
endfacet
facet normal 0.789392 -0.352998 0.502248
outer loop
vertex 9.676497 13.318788 3.914736
vertex 10.711083 13.971364 2.747311
vertex 10.106981 13.930681 3.668196
endloop
endfacet
facet normal 0.945734 0.127091 0.299056
outer loop
vertex 10.478465 13.547049 3.408742
vertex 10.872394 13.324025 2.257763
vertex 11.184429 13.799388 1.068968
endloop
endfacet
facet normal 0.956156 -0.089523 0.278840
outer loop
vertex 10.478465 13.547049 3.408742
vertex 11.184429 13.799388 1.068968
vertex 10.711083 13.971364 2.747311
endloop
endfacet
facet normal 0.896495 -0.305092 0.321271
outer loop
vertex 10.872394 13.324025 2.257763
vertex 11.526488 13.390117 0.495302
vertex 11.867905 13.936930 0.061865
endloop
endfacet
facet normal 0.482325 0.762373 0.431451
outer loop
vertex 10.872394 13.324025 2.257763
vertex 11.867905 13.936930 0.061865
vertex 11.184429 13.799388 1.068968
endloop
endfacet
facet normal 0.235190 0.206187 0.949828
outer loop
vertex 11.526488 13.390117 0.495302
vertex 12.468807 12.962903 0.354710
vertex 12.864686 13.698858 0.096924
endloop
endfacet
facet normal 0.108785 0.574896 0.810963
outer loop
vertex 11.526488 13.390117 0.495302
vertex 12.864686 13.698858 0.096924
vertex 11.867905 13.936930 0.061865
endloop
endfacet
facet normal -0.947983 0.317389 -0.024345
outer loop
vertex 12.468807 12.962903 0.354710
vertex 12.660196 13.683732 2.299705
vertex 12.847745 14.166192 1.286520
endloop
endfacet
facet normal -0.891306 0.417542 -0.176726
outer loop
vertex 12.468807 12.962903 0.354710
vertex 12.847745 14.166192 1.286520
vertex 12.864686 13.698858 0.096924
endloop
endfacet
facet normal -0.493303 0.676864 0.546358
outer loop
vertex 12.660196 13.683732 2.299705
vertex 13.323591 13.348785 3.313636
vertex 13.648954 14.005081 2.794341
endloop
endfacet
facet normal -0.434007 0.841942 0.320580
outer loop
vertex 12.660196 13.683732 2.299705
vertex 13.648954 14.005081 2.794341
vertex 12.847745 14.166192 1.286520
endloop
endfacet
facet normal -0.589432 0.606028 0.534135
outer loop
vertex 13.323591 13.348785 3.313636
vertex 13.906942 13.359721 3.944970
vertex 14.278184 13.963942 3.669098
endloop
endfacet
facet normal -0.595664 0.658850 0.459458
outer loop
vertex 13.323591 13.348785 3.313636
vertex 14.278184 13.963942 3.669098
vertex 13.648954 14.005081 2.794341
endloop
endfacet
facet normal -0.516256 0.648987 0.558834
outer loop
vertex 13.906942 13.359721 3.944970
vertex 14.491937 13.368929 4.474700
vertex 14.908529 13.964675 4.167699
endloop
endfacet
facet normal -0.499256 0.594530 0.630300
outer loop
vertex 13.906942 13.359721 3.944970
vertex 14.908529 13.964675 4.167699
vertex 14.278184 13.963942 3.669098
endloop
endfacet
facet normal -0.417021 0.734019 0.536013
outer loop
vertex 14.491937 13.368929 4.474700
vertex 15.075026 13.409567 4.872697
vertex 15.592416 13.907548 4.593293
endloop
endfacet
facet normal -0.377134 0.618820 0.689080
outer loop
vertex 14.491937 13.368929 4.474700
vertex 15.592416 13.907548 4.593293
vertex 14.908529 13.964675 4.167699
endloop
endfacet
facet normal -0.381301 0.606598 0.697602
outer loop
vertex 15.075026 13.409567 4.872697
vertex 15.665258 13.390633 5.211775
vertex 16.138542 13.937837 4.994648
endloop
endfacet
facet normal -0.426262 0.737099 0.524391
outer loop
vertex 15.075026 13.409567 4.872697
vertex 16.138542 13.937837 4.994648
vertex 15.592416 13.907548 4.593293
endloop
endfacet
facet normal -0.304950 0.373176 0.876211
outer loop
vertex 15.665258 13.390633 5.211775
vertex 16.300963 13.386856 5.434630
vertex 16.816225 14.072747 5.321838
endloop
endfacet
facet normal -0.435502 0.631300 0.641715
outer loop
vertex 15.665258 13.390633 5.211775
vertex 16.816225 14.072747 5.321838
vertex 16.138542 13.937837 4.994648
endloop
endfacet
facet normal 0.027938 0.272747 0.961680
outer loop
vertex 16.300963 13.386856 5.434630
vertex 16.867544 13.382830 5.419312
vertex 17.336520 13.898397 5.259464
endloop
endfacet
facet normal 0.138210 0.058753 0.988659
outer loop
vertex 16.300963 13.386856 5.434630
vertex 17.336520 13.898397 5.259464
vertex 16.816225 14.072747 5.321838
endloop
endfacet
facet normal 0.319296 0.095820 0.942798
outer loop
vertex 16.867544 13.382830 5.419312
vertex 17.529654 13.380454 5.195317
vertex 17.966761 14.019129 4.982372
endloop
endfacet
facet normal 0.416261 -0.098396 0.903906
outer loop
vertex 16.867544 13.382830 5.419312
vertex 17.966761 14.019129 4.982372
vertex 17.336520 13.898397 5.259464
endloop
endfacet
facet normal 0.555551 -0.159710 0.816000
outer loop
vertex 17.529654 13.380454 5.195317
vertex 18.108383 13.376550 4.800542
vertex 18.534402 13.951047 4.622941
endloop
endfacet
facet normal 0.526625 -0.078185 0.846495
outer loop
vertex 17.529654 13.380454 5.195317
vertex 18.534402 13.951047 4.622941
vertex 17.966761 14.019129 4.982372
endloop
endfacet
facet normal 0.629458 -0.257230 0.733223
outer loop
vertex 18.108383 13.376550 4.800542
vertex 18.756337 13.382151 4.246250
vertex 19.167268 13.999972 4.110218
endloop
endfacet
facet normal 0.623175 -0.231143 0.747145
outer loop
vertex 18.108383 13.376550 4.800542
vertex 19.167268 13.999972 4.110218
vertex 18.534402 13.951047 4.622941
endloop
endfacet
facet normal 0.718806 -0.212517 0.661933
outer loop
vertex 18.756337 13.382151 4.246250
vertex 19.386436 13.379607 3.561197
vertex 19.727155 13.965992 3.379466
endloop
endfacet
facet normal 0.732441 -0.359923 0.577916
outer loop
vertex 18.756337 13.382151 4.246250
vertex 19.727155 13.965992 3.379466
vertex 19.167268 13.999972 4.110218
endloop
endfacet
facet normal 0.847478 -0.030164 0.529973
outer loop
vertex 19.386436 13.379607 3.561197
vertex 20.049179 13.390280 2.502015
vertex 20.335851 13.967705 2.076464
endloop
endfacet
facet normal 0.842696 -0.367794 0.393181
outer loop
vertex 19.386436 13.379607 3.561197
vertex 20.335851 13.967705 2.076464
vertex 19.727155 13.965992 3.379466
endloop
endfacet
facet normal 0.934038 -0.089630 0.345746
outer loop
vertex 20.049179 13.390280 2.502015
vertex 20.628302 13.400712 0.940208
vertex 20.931582 13.950874 0.263514
endloop
endfacet
facet normal 0.923194 -0.233169 0.305524
outer loop
vertex 20.049179 13.390280 2.502015
vertex 20.931582 13.950874 0.263514
vertex 20.335851 13.967705 2.076464
endloop
endfacet
facet normal 0.740210 -0.421667 0.523722
outer loop
vertex 20.628302 13.400712 0.940208
vertex 21.170797 13.389150 0.164156
vertex 21.521288 13.965513 0.132836
endloop
endfacet
facet normal 0.127757 0.740762 0.659508
outer loop
vertex 20.628302 13.400712 0.940208
vertex 21.521288 13.965513 0.132836
vertex 20.931582 13.950874 0.263514
endloop
endfacet
facet normal 0.060582 -0.043695 0.997206
outer loop
vertex 21.170797 13.389150 0.164156
vertex 21.725513 13.373216 0.129758
vertex 22.134880 13.965971 0.130861
endloop
endfacet
facet normal 0.003174 0.052336 0.998624
outer loop
vertex 21.170797 13.389150 0.164156
vertex 22.134880 13.965971 0.130861
vertex 21.521288 13.965513 0.132836
endloop
endfacet
facet normal -0.000916 0.000684 0.999999
outer loop
vertex 21.725513 13.373216 0.129758
vertex 22.326484 13.368958 0.130311
vertex 22.731594 13.963759 0.130276
endloop
endfacet
facet normal 0.000972 -0.002533 0.999996
outer loop
vertex 21.725513 13.373216 0.129758
vertex 22.731594 13.963759 0.130276
vertex 22.134880 13.965971 0.130861
endloop
endfacet
facet normal 0.000035 -0.000022 1.000000
outer loop
vertex 22.326484 13.368958 0.130311
vertex 22.914702 13.370235 0.130291
vertex 23.343689 13.965078 0.130289
endloop
endfacet
facet normal -0.000022 0.000075 1.000000
outer loop
vertex 22.326484 13.368958 0.130311
vertex 23.343689 13.965078 0.130289
vertex 22.731594 13.963759 0.130276
endloop
endfacet
facet normal 0.000004 -0.000003 1.000000
outer loop
vertex 22.914702 13.370235 0.130291
vertex 23.512528 13.369426 0.130288
vertex 23.893014 13.963923 0.130289
endloop
endfacet
facet normal 0.000001 0.000003 1.000000
outer loop
vertex 22.914702 13.370235 0.130291
vertex 23.893014 13.963923 0.130289
vertex 23.343689 13.965078 0.130289
endloop
endfacet
facet normal -0.000000 -0.000000 1.000000
outer loop
vertex 0.493523 13.964579 0.130289
vertex 1.083445 13.966926 0.130289
vertex 0.699564 14.563870 0.130289
endloop
endfacet
facet normal -0.000000 -0.000000 1.000000
outer loop
vertex 0.493523 13.964579 0.130289
vertex 0.699564 14.563870 0.130289
vertex 0.116485 14.562241 0.130289
endloop
endfacet
facet normal 0.000001 0.000000 1.000000
outer loop
vertex 1.083445 13.966926 0.130289
vertex 1.669853 13.965803 0.130288
vertex 1.309494 14.566462 0.130288
endloop
endfacet
facet normal 0.000001 0.000000 1.000000
outer loop
vertex 1.083445 13.966926 0.130289
vertex 1.309494 14.566462 0.130288
vertex 0.699564 14.563870 0.130289
endloop
endfacet
facet normal -0.000085 -0.000022 1.000000
outer loop
vertex 1.669853 13.965803 0.130288
vertex 2.294982 13.959544 0.130341
vertex 1.896141 14.570036 0.130321
endloop
endfacet
facet normal -0.000055 -0.000033 1.000000
outer loop
vertex 1.669853 13.965803 0.130288
vertex 1.896141 14.570036 0.130321
vertex 1.309494 14.566462 0.130288
endloop
endfacet
facet normal -0.006197 0.004717 0.999970
outer loop
vertex 2.294982 13.959544 0.130341
vertex 2.886340 13.961778 0.133996
vertex 2.473066 14.568827 0.128571
endloop
endfacet
facet normal 0.003037 0.002018 0.999993
outer loop
vertex 2.294982 13.959544 0.130341
vertex 2.473066 14.568827 0.128571
vertex 1.896141 14.570036 0.130321
endloop
endfacet
facet normal -0.438683 0.071934 0.895758
outer loop
vertex 2.886340 13.961778 0.133996
vertex 3.353778 13.997118 0.360078
vertex 3.099457 14.575534 0.189079
endloop
endfacet
facet normal -0.095404 -0.056069 0.993858
outer loop
vertex 2.886340 13.961778 0.133996
vertex 3.099457 14.575534 0.189079
vertex 2.473066 14.568827 0.128571
endloop
endfacet
facet normal -0.920606 -0.165424 0.353722
outer loop
vertex 3.353778 13.997118 0.360078
vertex 4.031656 13.982579 2.117544
vertex 3.767547 14.535441 1.688722
endloop
endfacet
facet normal -0.881301 -0.273586 0.385305
outer loop
vertex 3.353778 13.997118 0.360078
vertex 3.767547 14.535441 1.688722
vertex 3.099457 14.575534 0.189079
endloop
endfacet
facet normal -0.901937 -0.125184 0.413327
outer loop
vertex 4.031656 13.982579 2.117544
vertex 4.629473 13.974271 3.419547
vertex 4.316697 14.555920 2.913190
endloop
endfacet
facet normal -0.905545 -0.116082 0.408061
outer loop
vertex 4.031656 13.982579 2.117544
vertex 4.316697 14.555920 2.913190
vertex 3.767547 14.535441 1.688722
endloop
endfacet
facet normal -0.738641 -0.042276 0.672772
outer loop
vertex 4.629473 13.974271 3.419547
vertex 5.261554 13.972011 4.113372
vertex 4.886214 14.570932 3.738918
endloop
endfacet
facet normal -0.822560 0.050766 0.566408
outer loop
vertex 4.629473 13.974271 3.419547
vertex 4.886214 14.570932 3.738918
vertex 4.316697 14.555920 2.913190
endloop
endfacet
facet normal -0.645245 -0.073660 0.760416
outer loop
vertex 5.261554 13.972011 4.113372
vertex 5.859379 13.968982 4.620358
vertex 5.477326 14.569704 4.354361
endloop
endfacet
facet normal -0.721109 -0.018914 0.692563
outer loop
vertex 5.261554 13.972011 4.113372
vertex 5.477326 14.569704 4.354361
vertex 4.886214 14.570932 3.738918
endloop
endfacet
facet normal -0.491213 -0.062699 0.868780
outer loop
vertex 5.859379 13.968982 4.620358
vertex 6.472443 13.968161 4.966929
vertex 6.100733 14.567002 4.799979
endloop
endfacet
facet normal -0.581522 -0.009640 0.813474
outer loop
vertex 5.859379 13.968982 4.620358
vertex 6.100733 14.567002 4.799979
vertex 5.477326 14.569704 4.354361
endloop
endfacet
facet normal -0.422749 -0.077536 0.902924
outer loop
vertex 6.472443 13.968161 4.966929
vertex 7.094011 13.962771 5.257485
vertex 6.699704 14.575262 5.125465
endloop
endfacet
facet normal -0.476304 -0.050929 0.877805
outer loop
vertex 6.472443 13.968161 4.966929
vertex 6.699704 14.575262 5.125465
vertex 6.100733 14.567002 4.799979
endloop
endfacet
facet normal -0.058197 0.291219 0.954885
outer loop
vertex 7.094011 13.962771 5.257485
vertex 7.690764 13.959856 5.294744
vertex 7.283788 14.567860 5.084512
endloop
endfacet
facet normal 0.070854 0.253556 0.964722
outer loop
vertex 7.094011 13.962771 5.257485
vertex 7.283788 14.567860 5.084512
vertex 6.699704 14.575262 5.125465
endloop
endfacet
facet normal 0.323759 0.502491 0.801675
outer loop
vertex 7.690764 13.959856 5.294744
vertex 8.334082 13.995904 5.012343
vertex 7.910959 14.605056 4.801405
endloop
endfacet
facet normal 0.331807 0.498929 0.800609
outer loop
vertex 7.690764 13.959856 5.294744
vertex 7.910959 14.605056 4.801405
vertex 7.283788 14.567860 5.084512
endloop
endfacet
facet normal 0.481985 0.621038 0.618063
outer loop
vertex 8.334082 13.995904 5.012343
vertex 8.894471 13.941898 4.629600
vertex 8.453123 14.529546 4.383300
endloop
endfacet
facet normal 0.544443 0.585998 0.600157
outer loop
vertex 8.334082 13.995904 5.012343
vertex 8.453123 14.529546 4.383300
vertex 7.910959 14.605056 4.801405
endloop
endfacet
facet normal 0.363103 0.636525 0.680436
outer loop
vertex 8.894471 13.941898 4.629600
vertex 9.552276 14.027557 4.198443
vertex 9.136541 14.630649 3.856120
endloop
endfacet
facet normal 0.428967 0.603780 0.671891
outer loop
vertex 8.894471 13.941898 4.629600
vertex 9.136541 14.630649 3.856120
vertex 8.453123 14.529546 4.383300
endloop
endfacet
facet normal 0.523507 0.746154 0.411333
outer loop
vertex 9.552276 14.027557 4.198443
vertex 10.106981 13.930681 3.668196
vertex 9.693575 14.499013 3.163392
endloop
endfacet
facet normal 0.640347 0.662255 0.389068
outer loop
vertex 9.552276 14.027557 4.198443
vertex 9.693575 14.499013 3.163392
vertex 9.136541 14.630649 3.856120
endloop
endfacet
facet normal 0.613401 0.661401 0.431611
outer loop
vertex 10.106981 13.930681 3.668196
vertex 10.711083 13.971364 2.747311
vertex 10.425705 14.683298 2.061919
endloop
endfacet
facet normal 0.485140 0.750899 0.448096
outer loop
vertex 10.106981 13.930681 3.668196
vertex 10.425705 14.683298 2.061919
vertex 9.693575 14.499013 3.163392
endloop
endfacet
facet normal 0.870552 0.449853 0.199428
outer loop
vertex 10.711083 13.971364 2.747311
vertex 11.184429 13.799388 1.068968
vertex 10.963948 14.532816 0.377020
endloop
endfacet
facet normal 0.818211 0.533722 0.213710
outer loop
vertex 10.711083 13.971364 2.747311
vertex 10.963948 14.532816 0.377020
vertex 10.425705 14.683298 2.061919
endloop
endfacet
facet normal 0.734404 0.394503 0.552285
outer loop
vertex 11.184429 13.799388 1.068968
vertex 11.867905 13.936930 0.061865
vertex 11.504888 14.569314 0.092870
endloop
endfacet
facet normal 0.293905 0.701192 0.649576
outer loop
vertex 11.184429 13.799388 1.068968
vertex 11.504888 14.569314 0.092870
vertex 10.963948 14.532816 0.377020
endloop
endfacet
facet normal -0.056424 -0.089808 0.994359
outer loop
vertex 11.867905 13.936930 0.061865
vertex 12.864686 13.698858 0.096924
vertex 12.105784 14.564178 0.132015
endloop
endfacet
facet normal -0.065499 -0.086339 0.994110
outer loop
vertex 11.867905 13.936930 0.061865
vertex 12.105784 14.564178 0.132015
vertex 11.504888 14.569314 0.092870
endloop
endfacet
facet normal -0.778299 0.580563 -0.239159
outer loop
vertex 12.864686 13.698858 0.096924
vertex 12.847745 14.166192 1.286520
vertex 13.184072 14.207107 0.291327
endloop
endfacet
facet normal -0.215682 -0.227663 0.949553
outer loop
vertex 12.864686 13.698858 0.096924
vertex 13.184072 14.207107 0.291327
vertex 12.105784 14.564178 0.132015
endloop
endfacet
facet normal -0.883973 -0.028569 0.466664
outer loop
vertex 12.847745 14.166192 1.286520
vertex 13.648954 14.005081 2.794341
vertex 13.212321 14.683221 2.008768
endloop
endfacet
facet normal -0.655856 0.730159 -0.191629
outer loop
vertex 12.847745 14.166192 1.286520
vertex 13.212321 14.683221 2.008768
vertex 13.184072 14.207107 0.291327
endloop
endfacet
facet normal -0.811529 0.010111 0.584225
outer loop
vertex 13.648954 14.005081 2.794341
vertex 14.278184 13.963942 3.669098
vertex 13.918647 14.548810 3.159553
endloop
endfacet
facet normal -0.846981 0.065770 0.527539
outer loop
vertex 13.648954 14.005081 2.794341
vertex 13.918647 14.548810 3.159553
vertex 13.212321 14.683221 2.008768
endloop
endfacet
facet normal -0.620345 -0.009599 0.784270
outer loop
vertex 14.278184 13.963942 3.669098
vertex 14.908529 13.964675 4.167699
vertex 14.503030 14.563063 3.854280
endloop
endfacet
facet normal -0.763152 0.088550 0.640123
outer loop
vertex 14.278184 13.963942 3.669098
vertex 14.503030 14.563063 3.854280
vertex 13.918647 14.548810 3.159553
endloop
endfacet
facet normal -0.531324 -0.152798 0.833275
outer loop
vertex 14.908529 13.964675 4.167699
vertex 15.592416 13.907548 4.593293
vertex 15.077154 14.685273 4.407356
endloop
endfacet
facet normal -0.682352 -0.081919 0.726420
outer loop
vertex 14.908529 13.964675 4.167699
vertex 15.077154 14.685273 4.407356
vertex 14.503030 14.563063 3.854280
endloop
endfacet
facet normal -0.517807 -0.433857 0.737323
outer loop
vertex 15.592416 13.907548 4.593293
vertex 16.138542 13.937837 4.994648
vertex 15.513709 14.468318 4.867988
endloop
endfacet
facet normal -0.754959 -0.370883 0.540816
outer loop
vertex 15.592416 13.907548 4.593293
vertex 15.513709 14.468318 4.867988
vertex 15.077154 14.685273 4.407356
endloop
endfacet
facet normal -0.430532 -0.025440 0.902217
outer loop
vertex 16.138542 13.937837 4.994648
vertex 16.816225 14.072747 5.321838
vertex 16.307126 14.663017 5.095544
endloop
endfacet
facet normal -0.258109 -0.074019 0.963276
outer loop
vertex 16.138542 13.937837 4.994648
vertex 16.307126 14.663017 5.095544
vertex 15.513709 14.468318 4.867988
endloop
endfacet
facet normal 0.257283 0.464669 0.847283
outer loop
vertex 16.816225 14.072747 5.321838
vertex 17.336520 13.898397 5.259464
vertex 16.782078 14.459921 5.119872
endloop
endfacet
facet normal 0.155387 0.467619 0.870165
outer loop
vertex 16.816225 14.072747 5.321838
vertex 16.782078 14.459921 5.119872
vertex 16.307126 14.663017 5.095544
endloop
endfacet
facet normal 0.278535 0.469257 0.837983
outer loop
vertex 17.336520 13.898397 5.259464
vertex 17.966761 14.019129 4.982372
vertex 17.529906 14.595930 4.804579
endloop
endfacet
facet normal 0.267824 0.473096 0.839316
outer loop
vertex 17.336520 13.898397 5.259464
vertex 17.529906 14.595930 4.804579
vertex 16.782078 14.459921 5.119872
endloop
endfacet
facet normal 0.472766 0.616204 0.629908
outer loop
vertex 17.966761 14.019129 4.982372
vertex 18.534402 13.951047 4.622941
vertex 18.098770 14.566954 4.347388
endloop
endfacet
facet normal 0.524937 0.587429 0.615929
outer loop
vertex 17.966761 14.019129 4.982372
vertex 18.098770 14.566954 4.347388
vertex 17.529906 14.595930 4.804579
endloop
endfacet
facet normal 0.446605 0.651362 0.613410
outer loop
vertex 18.534402 13.951047 4.622941
vertex 19.167268 13.999972 4.110218
vertex 18.776095 14.602815 3.754878
endloop
endfacet
facet normal 0.496597 0.622065 0.605332
outer loop
vertex 18.534402 13.951047 4.622941
vertex 18.776095 14.602815 3.754878
vertex 18.098770 14.566954 4.347388
endloop
endfacet
facet normal 0.623972 0.640059 0.448311
outer loop
vertex 19.167268 13.999972 4.110218
vertex 19.727155 13.965992 3.379466
vertex 19.387050 14.581293 2.974362
endloop
endfacet
facet normal 0.601925 0.657610 0.453028
outer loop
vertex 19.167268 13.999972 4.110218
vertex 19.387050 14.581293 2.974362
vertex 18.776095 14.602815 3.754878
endloop
endfacet
facet normal 0.699839 0.634663 0.327763
outer loop
vertex 19.727155 13.965992 3.379466
vertex 20.335851 13.967705 2.076464
vertex 19.966961 14.560840 1.715601
endloop
endfacet
facet normal 0.722221 0.611723 0.322788
outer loop
vertex 19.727155 13.965992 3.379466
vertex 19.966961 14.560840 1.715601
vertex 19.387050 14.581293 2.974362
endloop
endfacet
facet normal 0.860879 0.425539 0.278932
outer loop
vertex 20.335851 13.967705 2.076464
vertex 20.931582 13.950874 0.263514
vertex 20.612216 14.600984 0.257379
endloop
endfacet
facet normal 0.700152 0.634565 0.327282
outer loop
vertex 20.335851 13.967705 2.076464
vertex 20.612216 14.600984 0.257379
vertex 19.966961 14.560840 1.715601
endloop
endfacet
facet normal 0.210665 0.144387 0.966836
outer loop
vertex 20.931582 13.950874 0.263514
vertex 21.521288 13.965513 0.132836
vertex 21.124278 14.564335 0.129913
endloop
endfacet
facet normal 0.248293 0.131031 0.959782
outer loop
vertex 20.931582 13.950874 0.263514
vertex 21.124278 14.564335 0.129913
vertex 20.612216 14.600984 0.257379
endloop
endfacet
facet normal 0.003216 0.003147 0.999990
outer loop
vertex 21.521288 13.965513 0.132836
vertex 22.134880 13.965971 0.130861
vertex 21.720812 14.564915 0.130308
endloop
endfacet
facet normal -0.000666 0.004439 0.999990
outer loop
vertex 21.521288 13.965513 0.132836
vertex 21.720812 14.564915 0.130308
vertex 21.124278 14.564335 0.129913
endloop
endfacet
facet normal 0.000984 0.000629 0.999999
outer loop
vertex 22.134880 13.965971 0.130861
vertex 22.731594 13.963759 0.130276
vertex 22.328200 14.568197 0.130292
endloop
endfacet
facet normal 0.000020 0.000938 1.000000
outer loop
vertex 22.134880 13.965971 0.130861
vertex 22.328200 14.568197 0.130292
vertex 21.720812 14.564915 0.130308
endloop
endfacet
facet normal -0.000022 -0.000015 1.000000
outer loop
vertex 22.731594 13.963759 0.130276
vertex 23.343689 13.965078 0.130289
vertex 22.916416 14.569198 0.130289
endloop
endfacet
facet normal 0.000007 -0.000023 1.000000
outer loop
vertex 22.731594 13.963759 0.130276
vertex 22.916416 14.569198 0.130289
vertex 22.328200 14.568197 0.130292
endloop
endfacet
facet normal 0.000001 0.000000 1.000000
outer loop
vertex 23.343689 13.965078 0.130289
vertex 23.893014 13.963923 0.130289
vertex 23.517033 14.564201 0.130289
endloop
endfacet
facet normal -0.000000 0.000001 1.000000
outer loop
vertex 23.343689 13.965078 0.130289
vertex 23.517033 14.564201 0.130289
vertex 22.916416 14.569198 0.130289
endloop
endfacet
facet normal -0.000000 0.000000 1.000000
outer loop
vertex 0.116485 14.562241 0.130289
vertex 0.699564 14.563870 0.130289
vertex 1.084872 15.163380 0.130289
endloop
endfacet
facet normal 0.000000 -0.000000 1.000000
outer loop
vertex 0.116485 14.562241 0.130289
vertex 1.084872 15.163380 0.130289
vertex 0.492944 15.160768 0.130289
endloop
endfacet
facet normal 0.000001 -0.000001 1.000000
outer loop
vertex 0.699564 14.563870 0.130289
vertex 1.309494 14.566462 0.130288
vertex 1.660129 15.166338 0.130289
endloop
endfacet
facet normal -0.000000 0.000000 1.000000
outer loop
vertex 0.699564 14.563870 0.130289
vertex 1.660129 15.166338 0.130289
vertex 1.084872 15.163380 0.130289
endloop
endfacet
facet normal -0.000056 0.000109 1.000000
outer loop
vertex 1.309494 14.566462 0.130288
vertex 1.896141 14.570036 0.130321
vertex 2.289000 15.160315 0.130278
endloop
endfacet
facet normal 0.000016 -0.000010 1.000000
outer loop
vertex 1.309494 14.566462 0.130288
vertex 2.289000 15.160315 0.130278
vertex 1.660129 15.166338 0.130289
endloop
endfacet
facet normal 0.003020 -0.005966 0.999978
outer loop
vertex 1.896141 14.570036 0.130321
vertex 2.473066 14.568827 0.128571
vertex 2.884687 15.156696 0.130835
endloop
endfacet
facet normal -0.000930 0.000691 0.999999
outer loop
vertex 1.896141 14.570036 0.130321
vertex 2.884687 15.156696 0.130835
vertex 2.289000 15.160315 0.130278
endloop
endfacet
facet normal -0.096600 0.161623 0.982113
outer loop
vertex 2.473066 14.568827 0.128571
vertex 3.099457 14.575534 0.189079
vertex 3.503904 15.150730 0.134201
endloop
endfacet
facet normal -0.005437 -0.000045 0.999985
outer loop
vertex 2.473066 14.568827 0.128571
vertex 3.503904 15.150730 0.134201
vertex 2.884687 15.156696 0.130835
endloop
endfacet
facet normal -0.681561 0.657493 0.321213
outer loop
vertex 3.099457 14.575534 0.189079
vertex 3.767547 14.535441 1.688722
vertex 3.888017 15.225840 0.531158
endloop
endfacet
facet normal -0.661889 0.517173 0.542619
outer loop
vertex 3.099457 14.575534 0.189079
vertex 3.888017 15.225840 0.531158
vertex 3.503904 15.150730 0.134201
endloop
endfacet
facet normal -0.732397 0.601844 0.318400
outer loop
vertex 3.767547 14.535441 1.688722
vertex 4.316697 14.555920 2.913190
vertex 4.598077 15.189293 2.363221
endloop
endfacet
facet normal -0.727193 0.620185 0.294212
outer loop
vertex 3.767547 14.535441 1.688722
vertex 4.598077 15.189293 2.363221
vertex 3.888017 15.225840 0.531158
endloop
endfacet
facet normal -0.669210 0.590690 0.450825
outer loop
vertex 4.316697 14.555920 2.913190
vertex 4.886214 14.570932 3.738918
vertex 5.252461 15.177301 3.488090
endloop
endfacet
facet normal -0.663916 0.636207 0.393011
outer loop
vertex 4.316697 14.555920 2.913190
vertex 5.252461 15.177301 3.488090
vertex 4.598077 15.189293 2.363221
endloop
endfacet
facet normal -0.587513 0.578882 0.565442
outer loop
vertex 4.886214 14.570932 3.738918
vertex 5.477326 14.569704 4.354361
vertex 5.860433 15.169871 4.137989
endloop
endfacet
facet normal -0.588445 0.585903 0.557180
outer loop
vertex 4.886214 14.570932 3.738918
vertex 5.860433 15.169871 4.137989
vertex 5.252461 15.177301 3.488090
endloop
endfacet
facet normal -0.475661 0.571244 0.668899
outer loop
vertex 5.477326 14.569704 4.354361
vertex 6.100733 14.567002 4.799979
vertex 6.474754 15.165583 4.554758
endloop
endfacet
facet normal -0.466914 0.548203 0.693877
outer loop
vertex 5.477326 14.569704 4.354361
vertex 6.474754 15.165583 4.554758
vertex 5.860433 15.169871 4.137989
endloop
endfacet
facet normal -0.395072 0.580121 0.712305
outer loop
vertex 6.100733 14.567002 4.799979
vertex 6.699704 14.575262 5.125465
vertex 7.092505 15.172330 4.857060
endloop
endfacet
facet normal -0.374144 0.542046 0.752464
outer loop
vertex 6.100733 14.567002 4.799979
vertex 7.092505 15.172330 4.857060
vertex 6.474754 15.165583 4.554758
endloop
endfacet
facet normal 0.068564 0.430176 0.900137
outer loop
vertex 6.699704 14.575262 5.125465
vertex 7.283788 14.567860 5.084512
vertex 7.685005 15.149076 4.776188
endloop
endfacet
facet normal 0.140386 0.327652 0.934311
outer loop
vertex 6.699704 14.575262 5.125465
vertex 7.685005 15.149076 4.776188
vertex 7.092505 15.172330 4.857060
endloop
endfacet
facet normal 0.401849 0.126807 0.906883
outer loop
vertex 7.283788 14.567860 5.084512
vertex 7.910959 14.605056 4.801405
vertex 8.348089 15.247368 4.517896
endloop
endfacet
facet normal 0.315519 0.265478 0.911026
outer loop
vertex 7.283788 14.567860 5.084512
vertex 8.348089 15.247368 4.517896
vertex 7.685005 15.149076 4.776188
endloop
endfacet
facet normal 0.606217 -0.044185 0.794071
outer loop
vertex 7.910959 14.605056 4.801405
vertex 8.453123 14.529546 4.383300
vertex 8.902927 15.098280 4.071553
endloop
endfacet
facet normal 0.613674 -0.070532 0.786403
outer loop
vertex 7.910959 14.605056 4.801405
vertex 8.902927 15.098280 4.071553
vertex 8.348089 15.247368 4.517896
endloop
endfacet
facet normal 0.595108 0.120422 0.794572
outer loop
vertex 8.453123 14.529546 4.383300
vertex 9.136541 14.630649 3.856120
vertex 9.535959 15.238853 3.464792
endloop
endfacet
facet normal 0.701257 -0.175924 0.690861
outer loop
vertex 8.453123 14.529546 4.383300
vertex 9.535959 15.238853 3.464792
vertex 8.902927 15.098280 4.071553
endloop
endfacet
facet normal 0.784684 0.111978 0.609698
outer loop
vertex 9.136541 14.630649 3.856120
vertex 9.693575 14.499013 3.163392
vertex 10.079419 15.128332 2.551228
endloop
endfacet
facet normal 0.828737 -0.210646 0.518481
outer loop
vertex 9.136541 14.630649 3.856120
vertex 10.079419 15.128332 2.551228
vertex 9.535959 15.238853 3.464792
endloop
endfacet
facet normal 0.517776 0.718517 0.464371
outer loop
vertex 9.693575 14.499013 3.163392
vertex 10.425705 14.683298 2.061919
vertex 10.825635 15.185834 0.838424
endloop
endfacet
facet normal 0.904458 -0.177012 0.388102
outer loop
vertex 9.693575 14.499013 3.163392
vertex 10.825635 15.185834 0.838424
vertex 10.079419 15.128332 2.551228
endloop
endfacet
facet normal 0.952255 -0.010402 0.305128
outer loop
vertex 10.425705 14.683298 2.061919
vertex 10.963948 14.532816 0.377020
vertex 11.089299 15.035032 0.002941
endloop
endfacet
facet normal 0.952534 -0.018194 0.303887
outer loop
vertex 10.425705 14.683298 2.061919
vertex 11.089299 15.035032 0.002941
vertex 10.825635 15.185834 0.838424
endloop
endfacet
facet normal 0.450675 -0.375933 0.809670
outer loop
vertex 10.963948 14.532816 0.377020
vertex 11.504888 14.569314 0.092870
vertex 11.910588 15.157251 0.140032
endloop
endfacet
facet normal -0.218042 0.617403 0.755825
outer loop
vertex 10.963948 14.532816 0.377020
vertex 11.910588 15.157251 0.140032
vertex 11.089299 15.035032 0.002941
endloop
endfacet
facet normal -0.064540 0.046560 0.996828
outer loop
vertex 11.504888 14.569314 0.092870
vertex 12.105784 14.564178 0.132015
vertex 12.502827 15.147207 0.130489
endloop
endfacet
facet normal 0.014522 -0.089905 0.995845
outer loop
vertex 11.504888 14.569314 0.092870
vertex 12.502827 15.147207 0.130489
vertex 11.910588 15.157251 0.140032
endloop
endfacet
facet normal -0.093400 0.156632 0.983231
outer loop
vertex 12.105784 14.564178 0.132015
vertex 13.184072 14.207107 0.291327
vertex 13.097812 15.212228 0.123013
endloop
endfacet
facet normal 0.013265 -0.006418 0.999891
outer loop
vertex 12.105784 14.564178 0.132015
vertex 13.097812 15.212228 0.123013
vertex 12.502827 15.147207 0.130489
endloop
endfacet
facet normal -0.770138 0.617843 -0.158613
outer loop
vertex 13.184072 14.207107 0.291327
vertex 13.212321 14.683221 2.008768
vertex 13.773735 15.063131 0.762705
endloop
endfacet
facet normal -0.678427 0.064329 0.731846
outer loop
vertex 13.184072 14.207107 0.291327
vertex 13.773735 15.063131 0.762705
vertex 13.097812 15.212228 0.123013
endloop
endfacet
facet normal -0.812217 0.248898 0.527591
outer loop
vertex 13.212321 14.683221 2.008768
vertex 13.918647 14.548810 3.159553
vertex 13.863010 15.553305 2.600017
endloop
endfacet
facet normal -0.746120 0.651449 -0.137545
outer loop
vertex 13.212321 14.683221 2.008768
vertex 13.863010 15.553305 2.600017
vertex 13.773735 15.063131 0.762705
endloop
endfacet
facet normal -0.567854 0.680086 0.463708
outer loop
vertex 13.918647 14.548810 3.159553
vertex 14.503030 14.563063 3.854280
vertex 14.894042 15.158433 3.459927
endloop
endfacet
facet normal -0.490052 0.403318 0.772776
outer loop
vertex 13.918647 14.548810 3.159553
vertex 14.894042 15.158433 3.459927
vertex 13.863010 15.553305 2.600017
endloop
endfacet
facet normal -0.532827 0.752652 0.386796
outer loop
vertex 14.503030 14.563063 3.854280
vertex 15.077154 14.685273 4.407356
vertex 15.508899 15.174184 4.050749
endloop
endfacet
facet normal -0.515681 0.682097 0.518476
outer loop
vertex 14.503030 14.563063 3.854280
vertex 15.508899 15.174184 4.050749
vertex 14.894042 15.158433 3.459927
endloop
endfacet
facet normal -0.296823 0.724222 0.622413
outer loop
vertex 15.077154 14.685273 4.407356
vertex 15.513709 14.468318 4.867988
vertex 16.014189 14.980578 4.510611
endloop
endfacet
facet normal -0.295992 0.719570 0.628178
outer loop
vertex 15.077154 14.685273 4.407356
vertex 16.014189 14.980578 4.510611
vertex 15.508899 15.174184 4.050749
endloop
endfacet
facet normal -0.343299 0.413160 0.843472
outer loop
vertex 15.513709 14.468318 4.867988
vertex 16.307126 14.663017 5.095544
vertex 16.726881 15.538762 4.837418
endloop
endfacet
facet normal -0.651745 0.742994 0.152278
outer loop
vertex 15.513709 14.468318 4.867988
vertex 16.726881 15.538762 4.837418
vertex 16.014189 14.980578 4.510611
endloop
endfacet
facet normal 0.082832 0.307269 0.948011
outer loop
vertex 16.307126 14.663017 5.095544
vertex 16.782078 14.459921 5.119872
vertex 17.375440 15.086255 4.865021
endloop
endfacet
facet normal 0.118114 0.228237 0.966415
outer loop
vertex 16.307126 14.663017 5.095544
vertex 17.375440 15.086255 4.865021
vertex 16.726881 15.538762 4.837418
endloop
endfacet
facet normal 0.383105 0.033456 0.923099
outer loop
vertex 16.782078 14.459921 5.119872
vertex 17.529906 14.595930 4.804579
vertex 17.973521 15.290657 4.595290
endloop
endfacet
facet normal 0.418710 -0.027326 0.907709
outer loop
vertex 16.782078 14.459921 5.119872
vertex 17.973521 15.290657 4.595290
vertex 17.375440 15.086255 4.865021
endloop
endfacet
facet normal 0.609952 -0.184592 0.770639
outer loop
vertex 17.529906 14.595930 4.804579
vertex 18.098770 14.566954 4.347388
vertex 18.539603 15.145851 4.137137
endloop
endfacet
facet normal 0.599586 -0.145803 0.786917
outer loop
vertex 17.529906 14.595930 4.804579
vertex 18.539603 15.145851 4.137137
vertex 17.973521 15.290657 4.595290
endloop
endfacet
facet normal 0.658920 -0.068263 0.749110
outer loop
vertex 18.098770 14.566954 4.347388
vertex 18.776095 14.602815 3.754878
vertex 19.161883 15.189941 3.469040
endloop
endfacet
facet normal 0.706563 -0.306375 0.637889
outer loop
vertex 18.098770 14.566954 4.347388
vertex 19.161883 15.189941 3.469040
vertex 18.539603 15.145851 4.137137
endloop
endfacet
facet normal 0.766989 0.243528 0.593651
outer loop
vertex 18.776095 14.602815 3.754878
vertex 19.387050 14.581293 2.974362
vertex 19.706608 15.161034 2.323675
endloop
endfacet
facet normal 0.841226 -0.353631 0.409004
outer loop
vertex 18.776095 14.602815 3.754878
vertex 19.706608 15.161034 2.323675
vertex 19.161883 15.189941 3.469040
endloop
endfacet
facet normal 0.855683 0.341684 0.388662
outer loop
vertex 19.387050 14.581293 2.974362
vertex 19.966961 14.560840 1.715601
vertex 20.308545 15.159412 0.437341
endloop
endfacet
facet normal 0.936943 -0.180707 0.299138
outer loop
vertex 19.387050 14.581293 2.974362
vertex 20.308545 15.159412 0.437341
vertex 19.706608 15.161034 2.323675
endloop
endfacet
facet normal 0.866363 -0.330678 0.374257
outer loop
vertex 19.966961 14.560840 1.715601
vertex 20.612216 14.600984 0.257379
vertex 20.893787 15.154942 0.095028
endloop
endfacet
facet normal 0.279821 0.838564 0.467451
outer loop
vertex 19.966961 14.560840 1.715601
vertex 20.893787 15.154942 0.095028
vertex 20.308545 15.159412 0.437341
endloop
endfacet
facet normal 0.228289 -0.153924 0.961349
outer loop
vertex 20.612216 14.600984 0.257379
vertex 21.124278 14.564335 0.129913
vertex 21.514079 15.165136 0.133544
endloop
endfacet
facet normal -0.063992 0.310484 0.948422
outer loop
vertex 20.612216 14.600984 0.257379
vertex 21.514079 15.165136 0.133544
vertex 20.893787 15.154942 0.095028
endloop
endfacet
facet normal -0.000663 0.000566 1.000000
outer loop
vertex 21.124278 14.564335 0.129913
vertex 21.720812 14.564915 0.130308
vertex 22.105988 15.162919 0.130224
endloop
endfacet
facet normal 0.005571 -0.009657 0.999938
outer loop
vertex 21.124278 14.564335 0.129913
vertex 22.105988 15.162919 0.130224
vertex 21.514079 15.165136 0.133544
endloop
endfacet
facet normal 0.000025 -0.000012 1.000000
outer loop
vertex 21.720812 14.564915 0.130308
vertex 22.328200 14.568197 0.130292
vertex 22.727493 15.161837 0.130290
endloop
endfacet
facet normal -0.000104 0.000207 1.000000
outer loop
vertex 21.720812 14.564915 0.130308
vertex 22.727493 15.161837 0.130290
vertex 22.105988 15.162919 0.130224
endloop
endfacet
facet normal 0.000007 -0.000004 1.000000
outer loop
vertex 22.328200 14.568197 0.130292
vertex 22.916416 14.569198 0.130289
vertex 23.295951 15.163288 0.130289
endloop
endfacet
facet normal 0.000002 0.000004 1.000000
outer loop
vertex 22.328200 14.568197 0.130292
vertex 23.295951 15.163288 0.130289
vertex 22.727493 15.161837 0.130290
endloop
endfacet
facet normal -0.000000 0.000000 1.000000
outer loop
vertex 22.916416 14.569198 0.130289
vertex 23.517033 14.564201 0.130289
vertex 23.896721 15.160255 0.130289
endloop
endfacet
facet normal 0.000000 -0.000000 1.000000
outer loop
vertex 22.916416 14.569198 0.130289
vertex 23.896721 15.160255 0.130289
vertex 23.295951 15.163288 0.130289
endloop
endfacet
facet normal 0.000000 0.000000 1.000000
outer loop
vertex 0.492944 15.160768 0.130289
vertex 1.084872 15.163380 0.130289
vertex 0.712450 15.759119 0.130289
endloop
endfacet
facet normal 0.000000 -0.000000 1.000000
outer loop
vertex 0.492944 15.160768 0.130289
vertex 0.712450 15.759119 0.130289
vertex 0.112088 15.758697 0.130289
endloop
endfacet
facet normal -0.000000 -0.000000 1.000000
outer loop
vertex 1.084872 15.163380 0.130289
vertex 1.660129 15.166338 0.130289
vertex 1.294857 15.761552 0.130289
endloop
endfacet
facet normal -0.000000 -0.000000 1.000000
outer loop
vertex 1.084872 15.163380 0.130289
vertex 1.294857 15.761552 0.130289
vertex 0.712450 15.759119 0.130289
endloop
endfacet
facet normal 0.000017 0.000010 1.000000
outer loop
vertex 1.660129 15.166338 0.130289
vertex 2.289000 15.160315 0.130278
vertex 1.878860 15.766832 0.130279
endloop
endfacet
facet normal 0.000016 0.000010 1.000000
outer loop
vertex 1.660129 15.166338 0.130289
vertex 1.878860 15.766832 0.130279
vertex 1.294857 15.761552 0.130289
endloop
endfacet
facet normal -0.000937 -0.000396 0.999999
outer loop
vertex 2.289000 15.160315 0.130278
vertex 2.884687 15.156696 0.130835
vertex 2.507669 15.765850 0.130723
endloop
endfacet
facet normal -0.000707 -0.000479 1.000000
outer loop
vertex 2.289000 15.160315 0.130278
vertex 2.507669 15.765850 0.130723
vertex 1.878860 15.766832 0.130279
endloop
endfacet
facet normal -0.005214 0.022948 0.999723
outer loop
vertex 2.884687 15.156696 0.130835
vertex 3.503904 15.150730 0.134201
vertex 3.099523 15.770791 0.117860
endloop
endfacet
facet normal 0.021614 0.013561 0.999674
outer loop
vertex 2.884687 15.156696 0.130835
vertex 3.099523 15.770791 0.117860
vertex 2.507669 15.765850 0.130723
endloop
endfacet
facet normal -0.714113 -0.041251 0.698814
outer loop
vertex 3.503904 15.150730 0.134201
vertex 3.888017 15.225840 0.531158
vertex 3.685735 15.775320 0.356884
endloop
endfacet
facet normal -0.367250 -0.215661 0.904775
outer loop
vertex 3.503904 15.150730 0.134201
vertex 3.685735 15.775320 0.356884
vertex 3.099523 15.770791 0.117860
endloop
endfacet
facet normal -0.913402 -0.208075 0.349860
outer loop
vertex 3.888017 15.225840 0.531158
vertex 4.598077 15.189293 2.363221
vertex 4.407401 15.708045 2.173932
endloop
endfacet
facet normal -0.908842 -0.222708 0.352713
outer loop
vertex 3.888017 15.225840 0.531158
vertex 4.407401 15.708045 2.173932
vertex 3.685735 15.775320 0.356884
endloop
endfacet
facet normal -0.860181 -0.103885 0.499297
outer loop
vertex 4.598077 15.189293 2.363221
vertex 5.252461 15.177301 3.488090
vertex 4.922352 15.751965 3.038950
endloop
endfacet
facet normal -0.849670 -0.125418 0.512183
outer loop
vertex 4.598077 15.189293 2.363221
vertex 4.922352 15.751965 3.038950
vertex 4.407401 15.708045 2.173932
endloop
endfacet
facet normal -0.727389 0.081309 0.681391
outer loop
vertex 5.252461 15.177301 3.488090
vertex 5.860433 15.169871 4.137989
vertex 5.475838 15.780884 3.654522
endloop
endfacet
facet normal -0.742607 0.091904 0.663391
outer loop
vertex 5.252461 15.177301 3.488090
vertex 5.475838 15.780884 3.654522
vertex 4.922352 15.751965 3.038950
endloop
endfacet
facet normal -0.554153 0.152143 0.818393
outer loop
vertex 5.860433 15.169871 4.137989
vertex 6.474754 15.165583 4.554758
vertex 6.105104 15.770643 4.191976
endloop
endfacet
facet normal -0.635610 0.191657 0.747842
outer loop
vertex 5.860433 15.169871 4.137989
vertex 6.105104 15.770643 4.191976
vertex 5.475838 15.780884 3.654522
endloop
endfacet
facet normal -0.431768 0.208008 0.877673
outer loop
vertex 6.474754 15.165583 4.554758
vertex 7.092505 15.172330 4.857060
vertex 6.690949 15.786337 4.513996
endloop
endfacet
facet normal -0.474312 0.221147 0.852128
outer loop
vertex 6.474754 15.165583 4.554758
vertex 6.690949 15.786337 4.513996
vertex 6.105104 15.770643 4.191976
endloop
endfacet
facet normal 0.131806 0.591225 0.795663
outer loop
vertex 7.092505 15.172330 4.857060
vertex 7.685005 15.149076 4.776188
vertex 7.278316 15.743003 4.402235
endloop
endfacet
facet normal 0.193848 0.572066 0.796971
outer loop
vertex 7.092505 15.172330 4.857060
vertex 7.278316 15.743003 4.402235
vertex 6.690949 15.786337 4.513996
endloop
endfacet
facet normal 0.191686 0.646755 0.738217
outer loop
vertex 7.685005 15.149076 4.776188
vertex 8.348089 15.247368 4.517896
vertex 7.929318 15.873495 4.078083
endloop
endfacet
facet normal 0.241277 0.629988 0.738174
outer loop
vertex 7.685005 15.149076 4.776188
vertex 7.929318 15.873495 4.078083
vertex 7.278316 15.743003 4.402235
endloop
endfacet
facet normal 0.501981 0.785675 0.361567
outer loop
vertex 8.348089 15.247368 4.517896
vertex 8.902927 15.098280 4.071553
vertex 8.430095 15.662224 3.502574
endloop
endfacet
facet normal 0.661953 0.673626 0.328705
outer loop
vertex 8.348089 15.247368 4.517896
vertex 8.430095 15.662224 3.502574
vertex 7.929318 15.873495 4.078083
endloop
endfacet
facet normal 0.389945 0.720283 0.573703
outer loop
vertex 8.902927 15.098280 4.071553
vertex 9.535959 15.238853 3.464792
vertex 9.210506 15.889785 2.868758
endloop
endfacet
facet normal 0.239615 0.781755 0.575712
outer loop
vertex 8.902927 15.098280 4.071553
vertex 9.210506 15.889785 2.868758
vertex 8.430095 15.662224 3.502574
endloop
endfacet
facet normal 0.574743 0.779996 0.247540
outer loop
vertex 9.535959 15.238853 3.464792
vertex 10.079419 15.128332 2.551228
vertex 9.702867 15.716560 1.572011
endloop
endfacet
facet normal 0.778935 0.588302 0.217166
outer loop
vertex 9.535959 15.238853 3.464792
vertex 9.702867 15.716560 1.572011
vertex 9.210506 15.889785 2.868758
endloop
endfacet
facet normal 0.575967 0.769200 0.276755
outer loop
vertex 10.079419 15.128332 2.551228
vertex 10.825635 15.185834 0.838424
vertex 10.385256 15.740806 0.212453
endloop
endfacet
facet normal 0.527573 0.802350 0.279108
outer loop
vertex 10.079419 15.128332 2.551228
vertex 10.385256 15.740806 0.212453
vertex 9.702867 15.716560 1.572011
endloop
endfacet
facet normal 0.924841 0.296398 0.238364
outer loop
vertex 10.825635 15.185834 0.838424
vertex 11.089299 15.035032 0.002941
vertex 10.816015 15.820097 0.087063
endloop
endfacet
facet normal 0.046902 0.763595 0.643989
outer loop
vertex 10.825635 15.185834 0.838424
vertex 10.816015 15.820097 0.087063
vertex 10.385256 15.740806 0.212453
endloop
endfacet
facet normal -0.150874 -0.090360 0.984415
outer loop
vertex 11.089299 15.035032 0.002941
vertex 11.910588 15.157251 0.140032
vertex 11.511126 15.761788 0.134301
endloop
endfacet
facet normal -0.078309 -0.133126 0.988001
outer loop
vertex 11.089299 15.035032 0.002941
vertex 11.511126 15.761788 0.134301
vertex 10.816015 15.820097 0.087063
endloop
endfacet
facet normal 0.016302 0.011287 0.999803
outer loop
vertex 11.910588 15.157251 0.140032
vertex 12.502827 15.147207 0.130489
vertex 12.112151 15.762754 0.129910
endloop
endfacet
facet normal 0.007281 0.014291 0.999871
outer loop
vertex 11.910588 15.157251 0.140032
vertex 12.112151 15.762754 0.129910
vertex 11.511126 15.761788 0.134301
endloop
endfacet
facet normal 0.013012 -0.004098 0.999907
outer loop
vertex 12.502827 15.147207 0.130489
vertex 13.097812 15.212228 0.123013
vertex 12.707142 15.769156 0.130379
endloop
endfacet
facet normal -0.000793 0.000437 1.000000
outer loop
vertex 12.502827 15.147207 0.130489
vertex 12.707142 15.769156 0.130379
vertex 12.112151 15.762754 0.129910
endloop
endfacet
facet normal -0.085504 0.946566 0.310969
outer loop
vertex 13.097812 15.212228 0.123013
vertex 13.773735 15.063131 0.762705
vertex 13.797381 15.289262 0.080879
endloop
endfacet
facet normal 0.057147 0.026887 0.998004
outer loop
vertex 13.097812 15.212228 0.123013
vertex 13.797381 15.289262 0.080879
vertex 12.707142 15.769156 0.130379
endloop
endfacet
facet normal -0.916738 0.394836 -0.060793
outer loop
vertex 13.773735 15.063131 0.762705
vertex 13.863010 15.553305 2.600017
vertex 14.004675 15.726185 1.586582
endloop
endfacet
facet normal -0.962206 0.266692 0.055081
outer loop
vertex 13.773735 15.063131 0.762705
vertex 14.004675 15.726185 1.586582
vertex 13.797381 15.289262 0.080879
endloop
endfacet
facet normal -0.610972 0.111508 0.783760
outer loop
vertex 13.863010 15.553305 2.600017
vertex 14.894042 15.158433 3.459927
vertex 14.295490 16.010157 2.872155
endloop
endfacet
facet normal -0.730402 0.682866 0.014388
outer loop
vertex 13.863010 15.553305 2.600017
vertex 14.295490 16.010157 2.872155
vertex 14.004675 15.726185 1.586582
endloop
endfacet
facet normal -0.685646 0.164263 0.709159
outer loop
vertex 14.894042 15.158433 3.459927
vertex 15.508899 15.174184 4.050749
vertex 15.110712 15.758790 3.530352
endloop
endfacet
facet normal -0.599967 0.123814 0.790386
outer loop
vertex 14.894042 15.158433 3.459927
vertex 15.110712 15.758790 3.530352
vertex 14.295490 16.010157 2.872155
endloop
endfacet
facet normal -0.361746 0.647967 0.670282
outer loop
vertex 15.508899 15.174184 4.050749
vertex 16.014189 14.980578 4.510611
vertex 16.125287 15.551817 4.018348
endloop
endfacet
facet normal -0.279486 0.525156 0.803803
outer loop
vertex 15.508899 15.174184 4.050749
vertex 16.125287 15.551817 4.018348
vertex 15.110712 15.758790 3.530352
endloop
endfacet
facet normal -0.517389 0.169503 0.838795
outer loop
vertex 16.014189 14.980578 4.510611
vertex 16.726881 15.538762 4.837418
vertex 16.167283 15.863132 4.426697
endloop
endfacet
facet normal -0.985356 0.168358 -0.027015
outer loop
vertex 16.014189 14.980578 4.510611
vertex 16.167283 15.863132 4.426697
vertex 16.125287 15.551817 4.018348
endloop
endfacet
facet normal 0.572225 0.820096 -0.000786
outer loop
vertex 16.726881 15.538762 4.837418
vertex 17.375440 15.086255 4.865021
vertex 16.769806 15.508443 4.454245
endloop
endfacet
facet normal 0.507651 0.861489 -0.011295
outer loop
vertex 16.726881 15.538762 4.837418
vertex 16.769806 15.508443 4.454245
vertex 16.167283 15.863132 4.426697
endloop
endfacet
facet normal 0.115537 0.651443 0.749849
outer loop
vertex 17.375440 15.086255 4.865021
vertex 17.973521 15.290657 4.595290
vertex 17.525397 15.826092 4.199169
endloop
endfacet
facet normal -0.032962 0.672283 0.739560
outer loop
vertex 17.375440 15.086255 4.865021
vertex 17.525397 15.826092 4.199169
vertex 16.769806 15.508443 4.454245
endloop
endfacet
facet normal 0.524730 0.744321 0.413091
outer loop
vertex 17.973521 15.290657 4.595290
vertex 18.539603 15.145851 4.137137
vertex 18.108943 15.729085 3.633294
endloop
endfacet
facet normal 0.524396 0.744530 0.413139
outer loop
vertex 17.973521 15.290657 4.595290
vertex 18.108943 15.729085 3.633294
vertex 17.525397 15.826092 4.199169
endloop
endfacet
facet normal 0.565195 0.600128 0.566039
outer loop
vertex 18.539603 15.145851 4.137137
vertex 19.161883 15.189941 3.469040
vertex 18.822207 15.851308 3.107013
endloop
endfacet
facet normal 0.310800 0.742308 0.593618
outer loop
vertex 18.539603 15.145851 4.137137
vertex 18.822207 15.851308 3.107013
vertex 18.108943 15.729085 3.633294
endloop
endfacet
facet normal 0.735585 0.588817 0.334976
outer loop
vertex 19.161883 15.189941 3.469040
vertex 19.706608 15.161034 2.323675
vertex 19.285554 15.735003 2.239366
endloop
endfacet
facet normal 0.755592 0.567319 0.327459
outer loop
vertex 19.161883 15.189941 3.469040
vertex 19.285554 15.735003 2.239366
vertex 18.822207 15.851308 3.107013
endloop
endfacet
facet normal 0.860217 0.429977 0.274129
outer loop
vertex 19.706608 15.161034 2.323675
vertex 20.308545 15.159412 0.437341
vertex 19.998313 15.795933 0.412456
endloop
endfacet
facet normal 0.744265 0.591530 0.310099
outer loop
vertex 19.706608 15.161034 2.323675
vertex 19.998313 15.795933 0.412456
vertex 19.285554 15.735003 2.239366
endloop
endfacet
facet normal 0.490341 0.249467 0.835064
outer loop
vertex 20.308545 15.159412 0.437341
vertex 20.893787 15.154942 0.095028
vertex 20.526001 15.763895 0.129069
endloop
endfacet
facet normal 0.468933 0.261534 0.843624
outer loop
vertex 20.308545 15.159412 0.437341
vertex 20.526001 15.763895 0.129069
vertex 19.998313 15.795933 0.412456
endloop
endfacet
facet normal -0.061377 -0.034206 0.997528
outer loop
vertex 20.893787 15.154942 0.095028
vertex 21.514079 15.165136 0.133544
vertex 21.130433 15.766199 0.130549
endloop
endfacet
facet normal -0.002226 -0.057154 0.998363
outer loop
vertex 20.893787 15.154942 0.095028
vertex 21.130433 15.766199 0.130549
vertex 20.526001 15.763895 0.129069
endloop
endfacet
facet normal 0.005620 0.003493 0.999978
outer loop
vertex 21.514079 15.165136 0.133544
vertex 22.105988 15.162919 0.130224
vertex 21.719685 15.761222 0.130306
endloop
endfacet
facet normal 0.000457 0.005274 0.999986
outer loop
vertex 21.514079 15.165136 0.133544
vertex 21.719685 15.761222 0.130306
vertex 21.130433 15.766199 0.130549
endloop
endfacet
facet normal -0.000105 -0.000069 1.000000
outer loop
vertex 22.105988 15.162919 0.130224
vertex 22.727493 15.161837 0.130290
vertex 22.320122 15.763688 0.130288
endloop
endfacet
facet normal 0.000030 -0.000117 1.000000
outer loop
vertex 22.105988 15.162919 0.130224
vertex 22.320122 15.763688 0.130288
vertex 21.719685 15.761222 0.130306
endloop
endfacet
facet normal 0.000002 0.000001 1.000000
outer loop
vertex 22.727493 15.161837 0.130290
vertex 23.295951 15.163288 0.130289
vertex 22.919026 15.762255 0.130289
endloop
endfacet
facet normal -0.000001 0.000002 1.000000
outer loop
vertex 22.727493 15.161837 0.130290
vertex 22.919026 15.762255 0.130289
vertex 22.320122 15.763688 0.130288
endloop
endfacet
facet normal 0.000000 0.000000 1.000000
outer loop
vertex 23.295951 15.163288 0.130289
vertex 23.896721 15.160255 0.130289
vertex 23.515974 15.759704 0.130289
endloop
endfacet
facet normal -0.000000 0.000000 1.000000
outer loop
vertex 23.295951 15.163288 0.130289
vertex 23.515974 15.759704 0.130289
vertex 22.919026 15.762255 0.130289
endloop
endfacet
facet normal 0.000000 -0.000000 1.000000
outer loop
vertex 0.112088 15.758697 0.130289
vertex 0.712450 15.759119 0.130289
vertex 1.081171 16.359382 0.130289
endloop
endfacet
facet normal 0.000004 -0.000007 1.000000
outer loop
vertex 0.112088 15.758697 0.130289
vertex 1.081171 16.359382 0.130289
vertex 0.480713 16.358686 0.130291
endloop
endfacet
facet normal -0.000000 -0.000000 1.000000
outer loop
vertex 0.712450 15.759119 0.130289
vertex 1.294857 15.761552 0.130289
vertex 1.671474 16.363174 0.130289
endloop
endfacet
facet normal -0.000000 -0.000000 1.000000
outer loop
vertex 0.712450 15.759119 0.130289
vertex 1.671474 16.363174 0.130289
vertex 1.081171 16.359382 0.130289
endloop
endfacet
facet normal 0.000017 -0.000027 1.000000
outer loop
vertex 1.294857 15.761552 0.130289
vertex 1.878860 15.766832 0.130279
vertex 2.287027 16.359704 0.130288
endloop
endfacet
facet normal 0.000001 -0.000001 1.000000
outer loop
vertex 1.294857 15.761552 0.130289
vertex 2.287027 16.359704 0.130288
vertex 1.671474 16.363174 0.130289
endloop
endfacet
facet normal -0.000704 0.001135 0.999999
outer loop
vertex 1.878860 15.766832 0.130279
vertex 2.507669 15.765850 0.130723
vertex 2.878302 16.360471 0.130309
endloop
endfacet
facet normal -0.000035 0.000008 1.000000
outer loop
vertex 1.878860 15.766832 0.130279
vertex 2.878302 16.360471 0.130309
vertex 2.287027 16.359704 0.130288
endloop
endfacet
facet normal 0.021989 -0.032534 0.999229
outer loop
vertex 2.507669 15.765850 0.130723
vertex 3.099523 15.770791 0.117860
vertex 3.479405 16.360543 0.128702
endloop
endfacet
facet normal 0.002674 -0.000971 0.999996
outer loop
vertex 2.507669 15.765850 0.130723
vertex 3.479405 16.360543 0.128702
vertex 2.878302 16.360471 0.130309
endloop
endfacet
facet normal -0.340999 0.445370 0.827868
outer loop
vertex 3.099523 15.770791 0.117860
vertex 3.685735 15.775320 0.356884
vertex 4.102567 16.352720 0.217952
endloop
endfacet
facet normal -0.140513 0.072357 0.987431
outer loop
vertex 3.099523 15.770791 0.117860
vertex 4.102567 16.352720 0.217952
vertex 3.479405 16.360543 0.128702
endloop
endfacet
facet normal -0.645072 0.709989 0.282486
outer loop
vertex 3.685735 15.775320 0.356884
vertex 4.407401 15.708045 2.173932
vertex 4.635484 16.373852 1.021361
endloop
endfacet
facet normal -0.677707 0.593653 0.433922
outer loop
vertex 3.685735 15.775320 0.356884
vertex 4.635484 16.373852 1.021361
vertex 4.102567 16.352720 0.217952
endloop
endfacet
facet normal -0.575145 0.759539 0.303823
outer loop
vertex 4.407401 15.708045 2.173932
vertex 4.922352 15.751965 3.038950
vertex 5.206261 16.394395 1.970361
endloop
endfacet
facet normal -0.567345 0.756698 0.324850
outer loop
vertex 4.407401 15.708045 2.173932
vertex 5.206261 16.394395 1.970361
vertex 4.635484 16.373852 1.021361
endloop
endfacet
facet normal -0.516110 0.741207 0.429235
outer loop
vertex 4.922352 15.751965 3.038950
vertex 5.475838 15.780884 3.654522
vertex 5.857017 16.383723 3.071862
endloop
endfacet
facet normal -0.537418 0.778159 0.325041
outer loop
vertex 4.922352 15.751965 3.038950
vertex 5.857017 16.383723 3.071862
vertex 5.206261 16.394395 1.970361
endloop
endfacet
facet normal -0.460779 0.694392 0.552724
outer loop
vertex 5.475838 15.780884 3.654522
vertex 6.105104 15.770643 4.191976
vertex 6.477066 16.374422 3.743530
endloop
endfacet
facet normal -0.483373 0.746925 0.456568
outer loop
vertex 5.475838 15.780884 3.654522
vertex 6.477066 16.374422 3.743530
vertex 5.857017 16.383723 3.071862
endloop
endfacet
facet normal -0.333493 0.750826 0.570125
outer loop
vertex 6.105104 15.770643 4.191976
vertex 6.690949 15.786337 4.513996
vertex 7.089468 16.390635 3.951279
endloop
endfacet
facet normal -0.253640 0.672594 0.695187
outer loop
vertex 6.105104 15.770643 4.191976
vertex 7.089468 16.390635 3.951279
vertex 6.477066 16.374422 3.743530
endloop
endfacet
facet normal 0.194692 0.557413 0.807085
outer loop
vertex 6.690949 15.786337 4.513996
vertex 7.278316 15.743003 4.402235
vertex 7.688323 16.356375 3.879704
endloop
endfacet
facet normal 0.127618 0.629528 0.766426
outer loop
vertex 6.690949 15.786337 4.513996
vertex 7.688323 16.356375 3.879704
vertex 7.089468 16.390635 3.951279
endloop
endfacet
facet normal 0.258099 0.597767 0.758986
outer loop
vertex 7.278316 15.743003 4.402235
vertex 7.929318 15.873495 4.078083
vertex 8.370624 16.485698 3.445851
endloop
endfacet
facet normal 0.438598 0.394642 0.807397
outer loop
vertex 7.278316 15.743003 4.402235
vertex 8.370624 16.485698 3.445851
vertex 7.688323 16.356375 3.879704
endloop
endfacet
facet normal 0.769475 0.110215 0.629095
outer loop
vertex 7.929318 15.873495 4.078083
vertex 8.430095 15.662224 3.502574
vertex 8.908401 16.205459 2.822364
endloop
endfacet
facet normal 0.773783 0.089789 0.627055
outer loop
vertex 7.929318 15.873495 4.078083
vertex 8.908401 16.205459 2.822364
vertex 8.370624 16.485698 3.445851
endloop
endfacet
facet normal 0.132099 0.870006 0.475015
outer loop
vertex 8.430095 15.662224 3.502574
vertex 9.210506 15.889785 2.868758
vertex 9.495243 16.468990 1.728740
endloop
endfacet
facet normal 0.875344 -0.261463 0.406707
outer loop
vertex 8.430095 15.662224 3.502574
vertex 9.495243 16.468990 1.728740
vertex 8.908401 16.205459 2.822364
endloop
endfacet
facet normal 0.926434 0.186885 0.326792
outer loop
vertex 9.210506 15.889785 2.868758
vertex 9.702867 15.716560 1.572011
vertex 10.042504 16.276609 0.288886
endloop
endfacet
facet normal 0.926158 0.188090 0.326884
outer loop
vertex 9.210506 15.889785 2.868758
vertex 10.042504 16.276609 0.288886
vertex 9.495243 16.468990 1.728740
endloop
endfacet
facet normal 0.838102 -0.354844 0.414332
outer loop
vertex 9.702867 15.716560 1.572011
vertex 10.385256 15.740806 0.212453
vertex 10.700393 16.364672 0.109295
endloop
endfacet
facet normal -0.014551 0.917812 0.396748
outer loop
vertex 9.702867 15.716560 1.572011
vertex 10.700393 16.364672 0.109295
vertex 10.042504 16.276609 0.288886
endloop
endfacet
facet normal 0.323368 -0.402234 0.856528
outer loop
vertex 10.385256 15.740806 0.212453
vertex 10.816015 15.820097 0.087063
vertex 11.330259 16.337799 0.136036
endloop
endfacet
facet normal -0.034068 0.179769 0.983119
outer loop
vertex 10.385256 15.740806 0.212453
vertex 11.330259 16.337799 0.136036
vertex 10.700393 16.364672 0.109295
endloop
endfacet
facet normal -0.063503 0.050433 0.996706
outer loop
vertex 10.816015 15.820097 0.087063
vertex 11.511126 15.761788 0.134301
vertex 11.913933 16.363542 0.129516
endloop
endfacet
facet normal 0.015947 -0.109854 0.993820
outer loop
vertex 10.816015 15.820097 0.087063
vertex 11.913933 16.363542 0.129516
vertex 11.330259 16.337799 0.136036
endloop
endfacet
facet normal 0.007314 -0.005740 0.999957
outer loop
vertex 11.511126 15.761788 0.134301
vertex 12.112151 15.762754 0.129910
vertex 12.518087 16.355429 0.130343
endloop
endfacet
facet normal -0.001251 0.008788 0.999961
outer loop
vertex 11.511126 15.761788 0.134301
vertex 12.518087 16.355429 0.130343
vertex 11.913933 16.363542 0.129516
endloop
endfacet
facet normal -0.000792 0.000298 1.000000
outer loop
vertex 12.112151 15.762754 0.129910
vertex 12.707142 15.769156 0.130379
vertex 13.105528 16.357493 0.130520
endloop
endfacet
facet normal -0.000298 -0.000526 1.000000
outer loop
vertex 12.112151 15.762754 0.129910
vertex 13.105528 16.357493 0.130520
vertex 12.518087 16.355429 0.130343
endloop
endfacet
facet normal 0.027813 -0.039839 0.998819
outer loop
vertex 12.707142 15.769156 0.130379
vertex 13.797381 15.289262 0.080879
vertex 13.703708 16.353951 0.125954
endloop
endfacet
facet normal 0.007600 -0.005385 0.999957
outer loop
vertex 12.707142 15.769156 0.130379
vertex 13.703708 16.353951 0.125954
vertex 13.105528 16.357493 0.130520
endloop
endfacet
facet normal -0.765028 0.638996 -0.080100
outer loop
vertex 13.797381 15.289262 0.080879
vertex 14.004675 15.726185 1.586582
vertex 14.535321 16.187768 0.200694
endloop
endfacet
facet normal -0.099467 -0.050823 0.993742
outer loop
vertex 13.797381 15.289262 0.080879
vertex 14.535321 16.187768 0.200694
vertex 13.703708 16.353951 0.125954
endloop
endfacet
facet normal -0.622486 0.781980 -0.031917
outer loop
vertex 14.004675 15.726185 1.586582
vertex 14.295490 16.010157 2.872155
vertex 14.737247 16.317097 1.776602
endloop
endfacet
facet normal -0.630425 0.776062 0.017090
outer loop
vertex 14.004675 15.726185 1.586582
vertex 14.737247 16.317097 1.776602
vertex 14.535321 16.187768 0.200694
endloop
endfacet
facet normal -0.470297 0.454910 0.756226
outer loop
vertex 14.295490 16.010157 2.872155
vertex 15.110712 15.758790 3.530352
vertex 15.234260 16.941446 2.895756
endloop
endfacet
facet normal -0.700714 0.708473 -0.084055
outer loop
vertex 14.295490 16.010157 2.872155
vertex 15.234260 16.941446 2.895756
vertex 14.737247 16.317097 1.776602
endloop
endfacet
facet normal -0.193008 0.692596 0.695024
outer loop
vertex 15.110712 15.758790 3.530352
vertex 16.125287 15.551817 4.018348
vertex 16.382932 16.274286 3.369950
endloop
endfacet
facet normal -0.083402 0.477921 0.874435
outer loop
vertex 15.110712 15.758790 3.530352
vertex 16.382932 16.274286 3.369950
vertex 15.234260 16.941446 2.895756
endloop
endfacet
facet normal -0.944874 0.299887 -0.131453
outer loop
vertex 16.125287 15.551817 4.018348
vertex 16.167283 15.863132 4.426697
vertex 16.541863 16.852928 3.992290
endloop
endfacet
facet normal -0.951862 0.303965 -0.039539
outer loop
vertex 16.125287 15.551817 4.018348
vertex 16.541863 16.852928 3.992290
vertex 16.382932 16.274286 3.369950
endloop
endfacet
facet normal 0.215679 0.434309 0.874562
outer loop
vertex 16.167283 15.863132 4.426697
vertex 16.769806 15.508443 4.454245
vertex 17.387757 16.231211 3.942922
endloop
endfacet
facet normal 0.272619 0.298285 0.914716
outer loop
vertex 16.167283 15.863132 4.426697
vertex 17.387757 16.231211 3.942922
vertex 16.541863 16.852928 3.992290
endloop
endfacet
facet normal 0.089633 0.485233 0.869778
outer loop
vertex 16.769806 15.508443 4.454245
vertex 17.525397 15.826092 4.199169
vertex 17.939560 16.533875 3.761629
endloop
endfacet
facet normal -0.087008 0.623854 0.776682
outer loop
vertex 16.769806 15.508443 4.454245
vertex 17.939560 16.533875 3.761629
vertex 17.387757 16.231211 3.942922
endloop
endfacet
facet normal 0.699956 0.181916 0.690629
outer loop
vertex 17.525397 15.826092 4.199169
vertex 18.108943 15.729085 3.633294
vertex 18.528923 16.347868 3.044651
endloop
endfacet
facet normal 0.765009 -0.050767 0.642015
outer loop
vertex 17.525397 15.826092 4.199169
vertex 18.528923 16.347868 3.044651
vertex 17.939560 16.533875 3.761629
endloop
endfacet
facet normal 0.213255 0.847615 0.485871
outer loop
vertex 18.108943 15.729085 3.633294
vertex 18.822207 15.851308 3.107013
vertex 19.144526 16.435100 1.947102
endloop
endfacet
facet normal 0.868610 -0.136391 0.476354
outer loop
vertex 18.108943 15.729085 3.633294
vertex 19.144526 16.435100 1.947102
vertex 18.528923 16.347868 3.044651
endloop
endfacet
facet normal 0.858487 0.296020 0.418775
outer loop
vertex 18.822207 15.851308 3.107013
vertex 19.285554 15.735003 2.239366
vertex 19.713570 16.286842 0.971856
endloop
endfacet
facet normal 0.821933 0.383298 0.421318
outer loop
vertex 18.822207 15.851308 3.107013
vertex 19.713570 16.286842 0.971856
vertex 19.144526 16.435100 1.947102
endloop
endfacet
facet normal 0.886316 -0.319577 0.335133
outer loop
vertex 19.285554 15.735003 2.239366
vertex 19.998313 15.795933 0.412456
vertex 20.289135 16.349424 0.171127
endloop
endfacet
facet normal 0.599565 0.639684 0.480964
outer loop
vertex 19.285554 15.735003 2.239366
vertex 20.289135 16.349424 0.171127
vertex 19.713570 16.286842 0.971856
endloop
endfacet
facet normal 0.438088 -0.295093 0.849116
outer loop
vertex 19.998313 15.795933 0.412456
vertex 20.526001 15.763895 0.129069
vertex 20.929428 16.374104 0.132993
endloop
endfacet
facet normal 0.040297 0.381482 0.923498
outer loop
vertex 19.998313 15.795933 0.412456
vertex 20.929428 16.374104 0.132993
vertex 20.289135 16.349424 0.171127
endloop
endfacet
facet normal -0.002456 0.002144 0.999995
outer loop
vertex 20.526001 15.763895 0.129069
vertex 21.130433 15.766199 0.130549
vertex 21.499311 16.363560 0.130174
endloop
endfacet
facet normal 0.004769 -0.009583 0.999943
outer loop
vertex 20.526001 15.763895 0.129069
vertex 21.499311 16.363560 0.130174
vertex 20.929428 16.374104 0.132993
endloop
endfacet
facet normal 0.000411 -0.000235 1.000000
outer loop
vertex 21.130433 15.766199 0.130549
vertex 21.719685 15.761222 0.130306
vertex 22.096880 16.362231 0.130292
endloop
endfacet
facet normal -0.000196 0.000749 1.000000
outer loop
vertex 21.130433 15.766199 0.130549
vertex 22.096880 16.362231 0.130292
vertex 21.499311 16.363560 0.130174
endloop
endfacet
facet normal 0.000030 -0.000021 1.000000
outer loop
vertex 21.719685 15.761222 0.130306
vertex 22.320122 15.763688 0.130288
vertex 22.730189 16.363797 0.130288
endloop
endfacet
facet normal 0.000006 0.000019 1.000000
outer loop
vertex 21.719685 15.761222 0.130306
vertex 22.730189 16.363797 0.130288
vertex 22.096880 16.362231 0.130292
endloop
endfacet
facet normal -0.000001 -0.000026 1.000000
outer loop
vertex 22.320122 15.763688 0.130288
vertex 22.919026 15.762255 0.130289
vertex 23.317909 16.358565 0.130304
endloop
endfacet
facet normal -0.000027 0.000018 1.000000
outer loop
vertex 22.320122 15.763688 0.130288
vertex 23.317909 16.358565 0.130304
vertex 22.730189 16.363797 0.130288
endloop
endfacet
facet normal -0.000000 -0.000007 1.000000
outer loop
vertex 22.919026 15.762255 0.130289
vertex 23.515974 15.759704 0.130289
vertex 23.895293 16.357544 0.130293
endloop
endfacet
facet normal 0.000020 -0.000040 1.000000
outer loop
vertex 22.919026 15.762255 0.130289
vertex 23.895293 16.357544 0.130293
vertex 23.317909 16.358565 0.130304
endloop
endfacet
facet normal 0.000004 0.000421 1.000000
outer loop
vertex 0.480713 16.358686 0.130291
vertex 1.081171 16.359382 0.130289
vertex 0.647666 16.964435 0.130036
endloop
endfacet
facet normal 0.002752 -0.000337 0.999996
outer loop
vertex 0.480713 16.358686 0.130291
vertex 0.647666 16.964435 0.130036
vertex 0.088082 16.955580 0.131573
endloop
endfacet
facet normal -0.000002 0.000234 1.000000
outer loop
vertex 1.081171 16.359382 0.130289
vertex 1.671474 16.363174 0.130289
vertex 1.291793 16.960100 0.130149
endloop
endfacet
facet normal -0.000173 0.000294 1.000000
outer loop
vertex 1.081171 16.359382 0.130289
vertex 1.291793 16.960100 0.130149
vertex 0.647666 16.964435 0.130036
endloop
endfacet
facet normal 0.000001 -0.000006 1.000000
outer loop
vertex 1.671474 16.363174 0.130289
vertex 2.287027 16.359704 0.130288
vertex 1.907182 16.958118 0.130293
endloop
endfacet
facet normal -0.000234 0.000087 1.000000
outer loop
vertex 1.671474 16.363174 0.130289
vertex 1.907182 16.958118 0.130293
vertex 1.291793 16.960100 0.130149
endloop
endfacet
facet normal -0.000035 0.000011 1.000000
outer loop
vertex 2.287027 16.359704 0.130288
vertex 2.878302 16.360471 0.130309
vertex 2.484377 16.960307 0.130289
endloop
endfacet
facet normal 0.000007 -0.000003 1.000000
outer loop
vertex 2.287027 16.359704 0.130288
vertex 2.484377 16.960307 0.130289
vertex 1.907182 16.958118 0.130293
endloop
endfacet
facet normal 0.002674 -0.000798 0.999996
outer loop
vertex 2.878302 16.360471 0.130309
vertex 3.479405 16.360543 0.128702
vertex 3.072858 16.968628 0.130274
endloop
endfacet
facet normal 0.000024 0.000050 1.000000
outer loop
vertex 2.878302 16.360471 0.130309
vertex 3.072858 16.968628 0.130274
vertex 2.484377 16.960307 0.130289
endloop
endfacet
facet normal -0.141042 0.046928 0.988891
outer loop
vertex 3.479405 16.360543 0.128702
vertex 4.102567 16.352720 0.217952
vertex 3.695726 16.963898 0.130922
endloop
endfacet
facet normal -0.001066 -0.003298 0.999994
outer loop
vertex 3.479405 16.360543 0.128702
vertex 3.695726 16.963898 0.130922
vertex 3.072858 16.968628 0.130274
endloop
endfacet
facet normal -0.793612 0.319107 0.518026
outer loop
vertex 4.102567 16.352720 0.217952
vertex 4.635484 16.373852 1.021361
vertex 4.288979 16.966344 0.125537
endloop
endfacet
facet normal 0.008375 0.146432 0.989185
outer loop
vertex 4.102567 16.352720 0.217952
vertex 4.288979 16.966344 0.125537
vertex 3.695726 16.963898 0.130922
endloop
endfacet
facet normal -0.693427 0.596508 0.404149
outer loop
vertex 4.635484 16.373852 1.021361
vertex 5.206261 16.394395 1.970361
vertex 4.932070 16.930713 0.708329
endloop
endfacet
facet normal -0.512346 0.611708 0.602756
outer loop
vertex 4.635484 16.373852 1.021361
vertex 4.932070 16.930713 0.708329
vertex 4.288979 16.966344 0.125537
endloop
endfacet
facet normal -0.853771 0.124260 0.505604
outer loop
vertex 5.206261 16.394395 1.970361
vertex 5.857017 16.383723 3.071862
vertex 5.517015 16.928602 2.363816
endloop
endfacet
facet normal -0.902298 0.289790 0.319185
outer loop
vertex 5.206261 16.394395 1.970361
vertex 5.517015 16.928602 2.363816
vertex 4.932070 16.930713 0.708329
endloop
endfacet
facet normal -0.662297 0.424653 0.617278
outer loop
vertex 5.857017 16.383723 3.071862
vertex 6.477066 16.374422 3.743530
vertex 6.081334 16.911123 2.949717
endloop
endfacet
facet normal -0.646593 0.422164 0.635370
outer loop
vertex 5.857017 16.383723 3.071862
vertex 6.081334 16.911123 2.949717
vertex 5.517015 16.928602 2.363816
endloop
endfacet
facet normal -0.234639 0.736731 0.634170
outer loop
vertex 6.477066 16.374422 3.743530
vertex 7.089468 16.390635 3.951279
vertex 6.704315 16.996022 3.105482
endloop
endfacet
facet normal -0.256852 0.736380 0.625916
outer loop
vertex 6.477066 16.374422 3.743530
vertex 6.704315 16.996022 3.105482
vertex 6.081334 16.911123 2.949717
endloop
endfacet
facet normal 0.112610 0.831317 0.544271
outer loop
vertex 7.089468 16.390635 3.951279
vertex 7.688323 16.356375 3.879704
vertex 7.285267 16.874233 3.172124
endloop
endfacet
facet normal 0.111883 0.831472 0.544185
outer loop
vertex 7.089468 16.390635 3.951279
vertex 7.285267 16.874233 3.172124
vertex 6.704315 16.996022 3.105482
endloop
endfacet
facet normal 0.206767 0.799774 0.563568
outer loop
vertex 7.688323 16.356375 3.879704
vertex 8.370624 16.485698 3.445851
vertex 7.995538 17.202733 2.565903
endloop
endfacet
facet normal 0.090287 0.827484 0.554182
outer loop
vertex 7.688323 16.356375 3.879704
vertex 7.995538 17.202733 2.565903
vertex 7.285267 16.874233 3.172124
endloop
endfacet
facet normal 0.589107 0.793754 0.151354
outer loop
vertex 8.370624 16.485698 3.445851
vertex 8.908401 16.205459 2.822364
vertex 8.438836 16.815634 1.450045
endloop
endfacet
facet normal 0.809672 0.573944 0.122554
outer loop
vertex 8.370624 16.485698 3.445851
vertex 8.438836 16.815634 1.450045
vertex 7.995538 17.202733 2.565903
endloop
endfacet
facet normal 0.196175 0.924102 0.327950
outer loop
vertex 8.908401 16.205459 2.822364
vertex 9.495243 16.468990 1.728740
vertex 9.138112 17.040920 0.330777
endloop
endfacet
facet normal 0.230528 0.915978 0.328393
outer loop
vertex 8.908401 16.205459 2.822364
vertex 9.138112 17.040920 0.330777
vertex 8.438836 16.815634 1.450045
endloop
endfacet
facet normal 0.793166 0.565559 0.225902
outer loop
vertex 9.495243 16.468990 1.728740
vertex 10.042504 16.276609 0.288886
vertex 9.664862 16.896799 0.062146
endloop
endfacet
facet normal 0.378284 0.886620 0.266093
outer loop
vertex 9.495243 16.468990 1.728740
vertex 9.664862 16.896799 0.062146
vertex 9.138112 17.040920 0.330777
endloop
endfacet
facet normal 0.248501 0.106850 0.962720
outer loop
vertex 10.042504 16.276609 0.288886
vertex 10.700393 16.364672 0.109295
vertex 10.334976 16.965483 0.136935
endloop
endfacet
facet normal -0.133902 0.267338 0.954254
outer loop
vertex 10.042504 16.276609 0.288886
vertex 10.334976 16.965483 0.136935
vertex 9.664862 16.896799 0.062146
endloop
endfacet
facet normal -0.043198 -0.018525 0.998895
outer loop
vertex 10.700393 16.364672 0.109295
vertex 11.330259 16.337799 0.136036
vertex 10.922069 16.962396 0.129967
endloop
endfacet
facet normal 0.011654 -0.038878 0.999176
outer loop
vertex 10.700393 16.364672 0.109295
vertex 10.922069 16.962396 0.129967
vertex 10.334976 16.965483 0.136935
endloop
endfacet
facet normal 0.010920 0.005669 0.999924
outer loop
vertex 11.330259 16.337799 0.136036
vertex 11.913933 16.363542 0.129516
vertex 11.529976 16.956923 0.130345
endloop
endfacet
facet normal -0.000537 0.009365 0.999956
outer loop
vertex 11.330259 16.337799 0.136036
vertex 11.529976 16.956923 0.130345
vertex 10.922069 16.962396 0.129967
endloop
endfacet
facet normal -0.001380 -0.000813 0.999999
outer loop
vertex 11.913933 16.363542 0.129516
vertex 12.518087 16.355429 0.130343
vertex 12.128100 16.957953 0.130295
endloop
endfacet
facet normal 0.000086 -0.001341 0.999999
outer loop
vertex 11.913933 16.363542 0.129516
vertex 12.128100 16.957953 0.130295
vertex 11.529976 16.956923 0.130345
endloop
endfacet
facet normal -0.000301 0.000191 1.000000
outer loop
vertex 12.518087 16.355429 0.130343
vertex 13.105528 16.357493 0.130520
vertex 12.722045 16.956049 0.130290
endloop
endfacet
facet normal 0.000008 0.000086 1.000000
outer loop
vertex 12.518087 16.355429 0.130343
vertex 12.722045 16.956049 0.130290
vertex 12.128100 16.957953 0.130295
endloop
endfacet
facet normal 0.007618 -0.002349 0.999968
outer loop
vertex 13.105528 16.357493 0.130520
vertex 13.703708 16.353951 0.125954
vertex 13.326105 16.955974 0.130245
endloop
endfacet
facet normal 0.000074 0.000431 1.000000
outer loop
vertex 13.105528 16.357493 0.130520
vertex 13.326105 16.955974 0.130245
vertex 12.722045 16.956049 0.130290
endloop
endfacet
facet normal -0.084387 0.025702 0.996102
outer loop
vertex 13.703708 16.353951 0.125954
vertex 14.535321 16.187768 0.200694
vertex 13.921968 16.950836 0.129043
endloop
endfacet
facet normal 0.001966 -0.005894 0.999981
outer loop
vertex 13.703708 16.353951 0.125954
vertex 13.921968 16.950836 0.129043
vertex 13.326105 16.955974 0.130245
endloop
endfacet
facet normal -0.824373 0.562918 0.059433
outer loop
vertex 14.535321 16.187768 0.200694
vertex 14.737247 16.317097 1.776602
vertex 14.900131 16.715932 0.258346
endloop
endfacet
facet normal -0.134614 -0.015170 0.990782
outer loop
vertex 14.535321 16.187768 0.200694
vertex 14.900131 16.715932 0.258346
vertex 13.921968 16.950836 0.129043
endloop
endfacet
facet normal -0.920313 0.313696 0.233705
outer loop
vertex 14.737247 16.317097 1.776602
vertex 15.234260 16.941446 2.895756
vertex 14.955469 17.160966 1.503242
endloop
endfacet
facet normal -0.970503 0.237447 -0.041743
outer loop
vertex 14.737247 16.317097 1.776602
vertex 14.955469 17.160966 1.503242
vertex 14.900131 16.715932 0.258346
endloop
endfacet
facet normal 0.565255 0.777700 -0.275081
outer loop
vertex 15.234260 16.941446 2.895756
vertex 16.382932 16.274286 3.369950
vertex 15.612017 16.521309 2.484198
endloop
endfacet
facet normal 0.724967 0.687804 -0.036716
outer loop
vertex 15.234260 16.941446 2.895756
vertex 15.612017 16.521309 2.484198
vertex 14.955469 17.160966 1.503242
endloop
endfacet
facet normal -0.889813 -0.197856 0.411201
outer loop
vertex 16.382932 16.274286 3.369950
vertex 16.541863 16.852928 3.992290
vertex 16.122694 17.137097 3.221966
endloop
endfacet
facet normal -0.765295 -0.122442 0.631927
outer loop
vertex 16.382932 16.274286 3.369950
vertex 16.122694 17.137097 3.221966
vertex 15.612017 16.521309 2.484198
endloop
endfacet
facet normal 0.593377 0.803387 0.049732
outer loop
vertex 16.541863 16.852928 3.992290
vertex 17.387757 16.231211 3.942922
vertex 16.803067 16.718928 3.040413
endloop
endfacet
facet normal 0.528388 0.848619 0.025531
outer loop
vertex 16.541863 16.852928 3.992290
vertex 16.803067 16.718928 3.040413
vertex 16.122694 17.137097 3.221966
endloop
endfacet
facet normal -0.217311 0.761767 0.610317
outer loop
vertex 17.387757 16.231211 3.942922
vertex 17.939560 16.533875 3.761629
vertex 17.545159 17.058674 2.966170
endloop
endfacet
facet normal -0.285684 0.753424 0.592231
outer loop
vertex 17.387757 16.231211 3.942922
vertex 17.545159 17.058674 2.966170
vertex 16.803067 16.718928 3.040413
endloop
endfacet
facet normal 0.579183 0.766618 0.277209
outer loop
vertex 17.939560 16.533875 3.761629
vertex 18.528923 16.347868 3.044651
vertex 18.091282 16.930169 2.348687
endloop
endfacet
facet normal 0.510594 0.812058 0.282589
outer loop
vertex 17.939560 16.533875 3.761629
vertex 18.091282 16.930169 2.348687
vertex 17.545159 17.058674 2.966170
endloop
endfacet
facet normal 0.418117 0.856514 0.302592
outer loop
vertex 18.528923 16.347868 3.044651
vertex 19.144526 16.435100 1.947102
vertex 18.793748 17.020252 0.775477
endloop
endfacet
facet normal 0.560802 0.773722 0.294712
outer loop
vertex 18.528923 16.347868 3.044651
vertex 18.793748 17.020252 0.775477
vertex 18.091282 16.930169 2.348687
endloop
endfacet
facet normal 0.672307 0.681676 0.288653
outer loop
vertex 19.144526 16.435100 1.947102
vertex 19.713570 16.286842 0.971856
vertex 19.356262 16.983639 0.158531
endloop
endfacet
facet normal 0.398050 0.862776 0.311728
outer loop
vertex 19.144526 16.435100 1.947102
vertex 19.356262 16.983639 0.158531
vertex 18.793748 17.020252 0.775477
endloop
endfacet
facet normal 0.714363 0.435755 0.547543
outer loop
vertex 19.713570 16.286842 0.971856
vertex 20.289135 16.349424 0.171127
vertex 19.947044 16.992076 0.105998
endloop
endfacet
facet normal 0.045780 0.768465 0.638252
outer loop
vertex 19.713570 16.286842 0.971856
vertex 19.947044 16.992076 0.105998
vertex 19.356262 16.983639 0.158531
endloop
endfacet
facet normal 0.057788 0.041966 0.997446
outer loop
vertex 20.289135 16.349424 0.171127
vertex 20.929428 16.374104 0.132993
vertex 20.545936 16.975698 0.129900
endloop
endfacet
facet normal -0.037537 0.080959 0.996010
outer loop
vertex 20.289135 16.349424 0.171127
vertex 20.545936 16.975698 0.129900
vertex 19.947044 16.992076 0.105998
endloop
endfacet
facet normal 0.004998 0.002796 0.999984
outer loop
vertex 20.929428 16.374104 0.132993
vertex 21.499311 16.363560 0.130174
vertex 21.137829 16.966394 0.130295
endloop
endfacet
facet normal -0.000593 0.004763 0.999988
outer loop
vertex 20.929428 16.374104 0.132993
vertex 21.137829 16.966394 0.130295
vertex 20.545936 16.975698 0.129900
endloop
endfacet
facet normal -0.000197 0.000153 1.000000
outer loop
vertex 21.499311 16.363560 0.130174
vertex 22.096880 16.362231 0.130292
vertex 21.751614 16.961753 0.130133
endloop
endfacet
facet normal 0.000265 -0.000042 1.000000
outer loop
vertex 21.499311 16.363560 0.130174
vertex 21.751614 16.961753 0.130133
vertex 21.137829 16.966394 0.130295
endloop
endfacet
facet normal 0.000006 0.000159 1.000000
outer loop
vertex 22.096880 16.362231 0.130292
vertex 22.730189 16.363797 0.130288
vertex 22.375984 16.960426 0.130195
endloop
endfacet
facet normal -0.000100 0.000209 1.000000
outer loop
vertex 22.096880 16.362231 0.130292
vertex 22.375984 16.960426 0.130195
vertex 21.751614 16.961753 0.130133
endloop
endfacet
facet normal -0.000011 0.001850 0.999998
outer loop
vertex 22.730189 16.363797 0.130288
vertex 23.317909 16.358565 0.130304
vertex 22.973964 16.965691 0.129178
endloop
endfacet
facet normal 0.001692 0.001160 0.999998
outer loop
vertex 22.730189 16.363797 0.130288
vertex 22.973964 16.965691 0.129178
vertex 22.375984 16.960426 0.130195
endloop
endfacet
facet normal 0.000013 -0.004335 0.999991
outer loop
vertex 23.317909 16.358565 0.130304
vertex 23.895293 16.357544 0.130293
vertex 23.510610 16.955585 0.132890
endloop
endfacet
facet normal -0.006957 -0.002085 0.999974
outer loop
vertex 23.317909 16.358565 0.130304
vertex 23.510610 16.955585 0.132890
vertex 22.973964 16.965691 0.129178
endloop
endfacet
facet normal 0.005114 -0.151624 0.988425
outer loop
vertex 0.088082 16.955580 0.131573
vertex 0.647666 16.964435 0.130036
vertex 1.035257 17.564537 0.220086
endloop
endfacet
facet normal 0.366888 -0.665185 0.650325
outer loop
vertex 0.088082 16.955580 0.131573
vertex 1.035257 17.564537 0.220086
vertex 0.446428 17.556125 0.543675
endloop
endfacet
facet normal -0.000822 -0.096308 0.995351
outer loop
vertex 0.647666 16.964435 0.130036
vertex 1.291793 16.960100 0.130149
vertex 1.637627 17.562569 0.188728
endloop
endfacet
facet normal 0.050551 -0.180060 0.982356
outer loop
vertex 0.647666 16.964435 0.130036
vertex 1.637627 17.562569 0.188728
vertex 1.035257 17.564537 0.220086
endloop
endfacet
facet normal -0.000230 0.001141 0.999999
outer loop
vertex 1.291793 16.960100 0.130149
vertex 1.907182 16.958118 0.130293
vertex 2.233624 17.563202 0.129677
endloop
endfacet
facet normal 0.097615 -0.151670 0.983599
outer loop
vertex 1.291793 16.960100 0.130149
vertex 2.233624 17.563202 0.129677
vertex 1.637627 17.562569 0.188728
endloop
endfacet
facet normal 0.000007 -0.000015 1.000000
outer loop
vertex 1.907182 16.958118 0.130293
vertex 2.484377 16.960307 0.130289
vertex 2.867204 17.559170 0.130295
endloop
endfacet
facet normal -0.000966 0.001538 0.999998
outer loop
vertex 1.907182 16.958118 0.130293
vertex 2.867204 17.559170 0.130295
vertex 2.233624 17.563202 0.129677
endloop
endfacet
facet normal 0.000026 -0.000040 1.000000
outer loop
vertex 2.484377 16.960307 0.130289
vertex 3.072858 16.968628 0.130274
vertex 3.480477 17.565222 0.130288
endloop
endfacet
facet normal 0.000013 -0.000019 1.000000
outer loop
vertex 2.484377 16.960307 0.130289
vertex 3.480477 17.565222 0.130288
vertex 2.867204 17.559170 0.130295
endloop
endfacet
facet normal -0.001029 0.001584 0.999998
outer loop
vertex 3.072858 16.968628 0.130274
vertex 3.695726 16.963898 0.130922
vertex 4.079634 17.560012 0.130373
endloop
endfacet
facet normal -0.000142 0.000074 1.000000
outer loop
vertex 3.072858 16.968628 0.130274
vertex 4.079634 17.560012 0.130373
vertex 3.480477 17.565222 0.130288
endloop
endfacet
facet normal 0.009099 -0.005325 0.999944
outer loop
vertex 3.695726 16.963898 0.130922
vertex 4.288979 16.966344 0.125537
vertex 4.682011 17.563452 0.125141
endloop
endfacet
facet normal 0.008712 -0.004689 0.999951
outer loop
vertex 3.695726 16.963898 0.130922
vertex 4.682011 17.563452 0.125141
vertex 4.079634 17.560012 0.130373
endloop
endfacet
facet normal -0.523584 0.590776 0.613876
outer loop
vertex 4.288979 16.966344 0.125537
vertex 4.932070 16.930713 0.708329
vertex 5.291176 17.552711 0.416023
endloop
endfacet
facet normal -0.410880 0.271031 0.870471
outer loop
vertex 4.288979 16.966344 0.125537
vertex 5.291176 17.552711 0.416023
vertex 4.682011 17.563452 0.125141
endloop
endfacet
facet normal -0.719727 0.645679 0.255130
outer loop
vertex 4.932070 16.930713 0.708329
vertex 5.517015 16.928602 2.363816
vertex 5.867561 17.692099 1.420468
endloop
endfacet
facet normal -0.735792 0.585071 0.341032
outer loop
vertex 4.932070 16.930713 0.708329
vertex 5.867561 17.692099 1.420468
vertex 5.291176 17.552711 0.416023
endloop
endfacet
facet normal -0.245992 0.932415 0.264747
outer loop
vertex 5.517015 16.928602 2.363816
vertex 6.081334 16.911123 2.949717
vertex 6.488853 17.505211 1.236043
endloop
endfacet
facet normal 0.389180 0.639957 0.662567
outer loop
vertex 5.517015 16.928602 2.363816
vertex 6.488853 17.505211 1.236043
vertex 5.867561 17.692099 1.420468
endloop
endfacet
facet normal -0.217201 0.899874 0.378220
outer loop
vertex 6.081334 16.911123 2.949717
vertex 6.704315 16.996022 3.105482
vertex 7.064488 17.673654 1.700076
endloop
endfacet
facet normal -0.423568 0.882327 0.205154
outer loop
vertex 6.081334 16.911123 2.949717
vertex 7.064488 17.673654 1.700076
vertex 6.488853 17.505211 1.236043
endloop
endfacet
facet normal 0.110061 0.826828 0.551581
outer loop
vertex 6.704315 16.996022 3.105482
vertex 7.285267 16.874233 3.172124
vertex 7.677736 17.575780 2.042182
endloop
endfacet
facet normal -0.086690 0.905882 0.414564
outer loop
vertex 6.704315 16.996022 3.105482
vertex 7.677736 17.575780 2.042182
vertex 7.064488 17.673654 1.700076
endloop
endfacet
facet normal -0.232798 0.942906 0.238190
outer loop
vertex 7.285267 16.874233 3.172124
vertex 7.995538 17.202733 2.565903
vertex 8.469967 17.700844 1.057756
endloop
endfacet
facet normal 0.607578 0.562795 0.560456
outer loop
vertex 7.285267 16.874233 3.172124
vertex 8.469967 17.700844 1.057756
vertex 7.677736 17.575780 2.042182
endloop
endfacet
facet normal 0.935405 0.154678 0.317951
outer loop
vertex 7.995538 17.202733 2.565903
vertex 8.438836 16.815634 1.450045
vertex 8.824478 17.268525 0.095171
endloop
endfacet
facet normal 0.945525 0.065161 0.318962
outer loop
vertex 7.995538 17.202733 2.565903
vertex 8.824478 17.268525 0.095171
vertex 8.469967 17.700844 1.057756
endloop
endfacet
facet normal 0.832102 -0.315051 0.456452
outer loop
vertex 8.438836 16.815634 1.450045
vertex 9.138112 17.040920 0.330777
vertex 9.523650 17.787377 0.143168
endloop
endfacet
facet normal -0.597417 0.796154 0.096084
outer loop
vertex 8.438836 16.815634 1.450045
vertex 9.523650 17.787377 0.143168
vertex 8.824478 17.268525 0.095171
endloop
endfacet
facet normal 0.353072 -0.336640 0.872934
outer loop
vertex 9.138112 17.040920 0.330777
vertex 9.664862 16.896799 0.062146
vertex 10.116494 17.556536 0.133898
endloop
endfacet
facet normal 0.092220 0.197651 0.975925
outer loop
vertex 9.138112 17.040920 0.330777
vertex 10.116494 17.556536 0.133898
vertex 9.523650 17.787377 0.143168
endloop
endfacet
facet normal -0.119115 0.084974 0.989238
outer loop
vertex 9.664862 16.896799 0.062146
vertex 10.334976 16.965483 0.136935
vertex 10.699605 17.559550 0.129811
endloop
endfacet
facet normal 0.007549 -0.113225 0.993541
outer loop
vertex 9.664862 16.896799 0.062146
vertex 10.699605 17.559550 0.129811
vertex 10.116494 17.556536 0.133898
endloop
endfacet
facet normal 0.011824 -0.008192 0.999897
outer loop
vertex 10.334976 16.965483 0.136935
vertex 10.922069 16.962396 0.129967
vertex 11.302069 17.556842 0.130344
endloop
endfacet
facet normal -0.000827 0.012499 0.999922
outer loop
vertex 10.334976 16.965483 0.136935
vertex 11.302069 17.556842 0.130344
vertex 10.699605 17.559550 0.129811
endloop
endfacet
facet normal -0.000617 0.000485 1.000000
outer loop
vertex 10.922069 16.962396 0.129967
vertex 11.529976 16.956923 0.130345
vertex 11.904441 17.554211 0.130286
endloop
endfacet
facet normal 0.000092 -0.000692 1.000000
outer loop
vertex 10.922069 16.962396 0.129967
vertex 11.904441 17.554211 0.130286
vertex 11.302069 17.556842 0.130344
endloop
endfacet
facet normal 0.000084 -0.000042 1.000000
outer loop
vertex 11.529976 16.956923 0.130345
vertex 12.128100 16.957953 0.130295
vertex 12.498065 17.550559 0.130289
endloop
endfacet
facet normal -0.000003 0.000100 1.000000
outer loop
vertex 11.529976 16.956923 0.130345
vertex 12.498065 17.550559 0.130289
vertex 11.904441 17.554211 0.130286
endloop
endfacet
facet normal 0.000008 -0.000003 1.000000
outer loop
vertex 12.128100 16.957953 0.130295
vertex 12.722045 16.956049 0.130290
vertex 13.110426 17.548802 0.130289
endloop
endfacet
facet normal 0.000000 0.000010 1.000000
outer loop
vertex 12.128100 16.957953 0.130295
vertex 13.110426 17.548802 0.130289
vertex 12.498065 17.550559 0.130289
endloop
endfacet
facet normal 0.000074 -0.000120 1.000000
outer loop
vertex 12.722045 16.956049 0.130290
vertex 13.326105 16.955974 0.130245
vertex 13.703059 17.550977 0.130289
endloop
endfacet
facet normal -0.000001 0.000003 1.000000
outer loop
vertex 12.722045 16.956049 0.130290
vertex 13.703059 17.550977 0.130289
vertex 13.110426 17.548802 0.130289
endloop
endfacet
facet normal 0.001989 -0.003270 0.999993
outer loop
vertex 13.326105 16.955974 0.130245
vertex 13.921968 16.950836 0.129043
vertex 14.296232 17.551388 0.130263
endloop
endfacet
facet normal 0.000044 -0.000101 1.000000
outer loop
vertex 13.326105 16.955974 0.130245
vertex 14.296232 17.551388 0.130263
vertex 13.703059 17.550977 0.130289
endloop
endfacet
facet normal -0.092781 0.155042 0.983541
outer loop
vertex 13.921968 16.950836 0.129043
vertex 14.900131 16.715932 0.258346
vertex 14.919721 17.536608 0.130826
endloop
endfacet
facet normal -0.000937 -0.001447 0.999999
outer loop
vertex 13.921968 16.950836 0.129043
vertex 14.919721 17.536608 0.130826
vertex 14.296232 17.551388 0.130263
endloop
endfacet
facet normal -0.893645 0.433704 -0.115319
outer loop
vertex 14.900131 16.715932 0.258346
vertex 14.955469 17.160966 1.503242
vertex 15.554294 18.033865 0.145645
endloop
endfacet
facet normal -0.144514 0.155298 0.977240
outer loop
vertex 14.900131 16.715932 0.258346
vertex 15.554294 18.033865 0.145645
vertex 14.919721 17.536608 0.130826
endloop
endfacet
facet normal 0.238620 0.878767 0.413315
outer loop
vertex 14.955469 17.160966 1.503242
vertex 15.612017 16.521309 2.484198
vertex 16.205858 17.058483 0.999245
endloop
endfacet
facet normal 0.304673 0.734347 0.606555
outer loop
vertex 14.955469 17.160966 1.503242
vertex 16.205858 17.058483 0.999245
vertex 15.554294 18.033865 0.145645
endloop
endfacet
facet normal -0.817370 0.568889 0.090946
outer loop
vertex 15.612017 16.521309 2.484198
vertex 16.122694 17.137097 3.221966
vertex 16.549991 17.934066 2.077032
endloop
endfacet
facet normal -0.843049 0.516399 -0.150335
outer loop
vertex 15.612017 16.521309 2.484198
vertex 16.549991 17.934066 2.077032
vertex 16.205858 17.058483 0.999245
endloop
endfacet
facet normal 0.540776 0.645910 0.538852
outer loop
vertex 16.122694 17.137097 3.221966
vertex 16.803067 16.718928 3.040413
vertex 17.353567 17.422831 1.644194
endloop
endfacet
facet normal 0.635418 0.502092 0.586640
outer loop
vertex 16.122694 17.137097 3.221966
vertex 17.353567 17.422831 1.644194
vertex 16.549991 17.934066 2.077032
endloop
endfacet
facet normal -0.376111 0.882933 0.281017
outer loop
vertex 16.803067 16.718928 3.040413
vertex 17.545159 17.058674 2.966170
vertex 17.870880 17.735825 1.274558
endloop
endfacet
facet normal -0.304493 0.893394 0.330349
outer loop
vertex 16.803067 16.718928 3.040413
vertex 17.870880 17.735825 1.274558
vertex 17.353567 17.422831 1.644194
endloop
endfacet
facet normal 0.735161 0.357887 0.575721
outer loop
vertex 17.545159 17.058674 2.966170
vertex 18.091282 16.930169 2.348687
vertex 18.541047 17.580598 1.370037
endloop
endfacet
facet normal 0.154077 0.906703 0.392620
outer loop
vertex 17.545159 17.058674 2.966170
vertex 18.541047 17.580598 1.370037
vertex 17.870880 17.735825 1.274558
endloop
endfacet
facet normal 0.893814 -0.228193 0.386037
outer loop
vertex 18.091282 16.930169 2.348687
vertex 18.793748 17.020252 0.775477
vertex 19.092938 17.543991 0.392338
endloop
endfacet
facet normal 0.865589 0.129336 0.483764
outer loop
vertex 18.091282 16.930169 2.348687
vertex 19.092938 17.543991 0.392338
vertex 18.541047 17.580598 1.370037
endloop
endfacet
facet normal 0.669425 -0.388170 0.633399
outer loop
vertex 18.793748 17.020252 0.775477
vertex 19.356262 16.983639 0.158531
vertex 19.721717 17.564154 0.128051
endloop
endfacet
facet normal 0.339966 0.420985 0.840949
outer loop
vertex 18.793748 17.020252 0.775477
vertex 19.721717 17.564154 0.128051
vertex 19.092938 17.543991 0.392338
endloop
endfacet
facet normal 0.089558 -0.102453 0.990698
outer loop
vertex 19.356262 16.983639 0.158531
vertex 19.947044 16.992076 0.105998
vertex 20.313950 17.559202 0.131479
endloop
endfacet
facet normal -0.005314 0.055769 0.998430
outer loop
vertex 19.356262 16.983639 0.158531
vertex 20.313950 17.559202 0.131479
vertex 19.721717 17.564154 0.128051
endloop
endfacet
facet normal -0.039236 0.023131 0.998962
outer loop
vertex 19.947044 16.992076 0.105998
vertex 20.545936 16.975698 0.129900
vertex 20.912108 17.581201 0.130261
endloop
endfacet
facet normal 0.003774 -0.047322 0.998873
outer loop
vertex 19.947044 16.992076 0.105998
vertex 20.912108 17.581201 0.130261
vertex 20.313950 17.559202 0.131479
endloop
endfacet
facet normal -0.000659 0.000556 1.000000
outer loop
vertex 20.545936 16.975698 0.129900
vertex 21.137829 16.966394 0.130295
vertex 21.518763 17.558543 0.130217
endloop
endfacet
facet normal 0.000049 -0.000627 1.000000
outer loop
vertex 20.545936 16.975698 0.129900
vertex 21.518763 17.558543 0.130217
vertex 20.912108 17.581201 0.130261
endloop
endfacet
facet normal 0.000267 0.000260 1.000000
outer loop
vertex 21.137829 16.966394 0.130295
vertex 21.751614 16.961753 0.130133
vertex 22.163862 17.565756 0.129865
endloop
endfacet
facet normal 0.000548 -0.000221 1.000000
outer loop
vertex 21.137829 16.966394 0.130295
vertex 22.163862 17.565756 0.129865
vertex 21.518763 17.558543 0.130217
endloop
endfacet
facet normal -0.000305 -0.096360 0.995347
outer loop
vertex 21.751614 16.961753 0.130133
vertex 22.375984 16.960426 0.130195
vertex 22.726658 17.565437 0.188874
endloop
endfacet
facet normal -0.103972 0.071402 0.992014
outer loop
vertex 21.751614 16.961753 0.130133
vertex 22.726658 17.565437 0.188874
vertex 22.163862 17.565756 0.129865
endloop
endfacet
facet normal 0.003020 -0.151969 0.988381
outer loop
vertex 22.375984 16.960426 0.130195
vertex 22.973964 16.965691 0.129178
vertex 23.312830 17.555099 0.218767
endloop
endfacet
facet normal -0.051988 -0.066509 0.996431
outer loop
vertex 22.375984 16.960426 0.130195
vertex 23.312830 17.555099 0.218767
vertex 22.726658 17.565437 0.188874
endloop
endfacet
facet normal -0.016225 -0.556354 0.830787
outer loop
vertex 22.973964 16.965691 0.129178
vertex 23.510610 16.955585 0.132890
vertex 23.920144 17.557582 0.544028
endloop
endfacet
facet normal -0.468143 0.136444 0.873055
outer loop
vertex 22.973964 16.965691 0.129178
vertex 23.920144 17.557582 0.544028
vertex 23.312830 17.555099 0.218767
endloop
endfacet
facet normal 0.450831 0.330990 0.828973
outer loop
vertex 0.446428 17.556125 0.543675
vertex 1.035257 17.564537 0.220086
vertex 0.702730 18.153320 0.165841
endloop
endfacet
facet normal -0.004834 0.536133 0.844120
outer loop
vertex 0.446428 17.556125 0.543675
vertex 0.702730 18.153320 0.165841
vertex 0.114118 18.151913 0.163364
endloop
endfacet
facet normal 0.052081 0.080431 0.995399
outer loop
vertex 1.035257 17.564537 0.220086
vertex 1.637627 17.562569 0.188728
vertex 1.273235 18.155296 0.159900
endloop
endfacet
facet normal 0.010027 0.097352 0.995200
outer loop
vertex 1.035257 17.564537 0.220086
vertex 1.273235 18.155296 0.159900
vertex 0.702730 18.153320 0.165841
endloop
endfacet
facet normal 0.098543 0.023915 0.994845
outer loop
vertex 1.637627 17.562569 0.188728
vertex 2.233624 17.563202 0.129677
vertex 1.870987 18.157078 0.151321
endloop
endfacet
facet normal 0.014156 0.057254 0.998259
outer loop
vertex 1.637627 17.562569 0.188728
vertex 1.870987 18.157078 0.151321
vertex 1.273235 18.155296 0.159900
endloop
endfacet
facet normal -0.000978 -0.000395 0.999999
outer loop
vertex 2.233624 17.563202 0.129677
vertex 2.867204 17.559170 0.130295
vertex 2.481651 18.161117 0.130156
endloop
endfacet
facet normal 0.034735 -0.015209 0.999281
outer loop
vertex 2.233624 17.563202 0.129677
vertex 2.481651 18.161117 0.130156
vertex 1.870987 18.157078 0.151321
endloop
endfacet
facet normal 0.000012 0.000004 1.000000
outer loop
vertex 2.867204 17.559170 0.130295
vertex 3.480477 17.565222 0.130288
vertex 3.100653 18.155322 0.130290
endloop
endfacet
facet normal -0.000215 0.000094 1.000000
outer loop
vertex 2.867204 17.559170 0.130295
vertex 3.100653 18.155322 0.130290
vertex 2.481651 18.161117 0.130156
endloop
endfacet
facet normal -0.000142 0.000050 1.000000
outer loop
vertex 3.480477 17.565222 0.130288
vertex 4.079634 17.560012 0.130373
vertex 3.700947 18.158572 0.130289
endloop
endfacet
facet normal 0.000001 -0.000003 1.000000
outer loop
vertex 3.480477 17.565222 0.130288
vertex 3.700947 18.158572 0.130289
vertex 3.100653 18.155322 0.130290
endloop
endfacet
facet normal 0.008703 -0.002974 0.999958
outer loop
vertex 4.079634 17.560012 0.130373
vertex 4.682011 17.563452 0.125141
vertex 4.298326 18.157360 0.130246
endloop
endfacet
facet normal 0.000072 0.000186 1.000000
outer loop
vertex 4.079634 17.560012 0.130373
vertex 4.298326 18.157360 0.130246
vertex 3.700947 18.158572 0.130289
endloop
endfacet
facet normal -0.424283 0.144792 0.893879
outer loop
vertex 4.682011 17.563452 0.125141
vertex 5.291176 17.552711 0.416023
vertex 4.898388 18.157807 0.131570
endloop
endfacet
facet normal -0.002199 -0.010016 0.999947
outer loop
vertex 4.682011 17.563452 0.125141
vertex 4.898388 18.157807 0.131570
vertex 4.298326 18.157360 0.130246
endloop
endfacet
facet normal -0.810360 0.422041 0.406445
outer loop
vertex 5.291176 17.552711 0.416023
vertex 5.867561 17.692099 1.420468
vertex 5.531189 18.263777 0.156203
endloop
endfacet
facet normal -0.098010 0.370568 0.923620
outer loop
vertex 5.291176 17.552711 0.416023
vertex 5.531189 18.263777 0.156203
vertex 4.898388 18.157807 0.131570
endloop
endfacet
facet normal 0.338457 0.917041 0.210908
outer loop
vertex 5.867561 17.692099 1.420468
vertex 6.488853 17.505211 1.236043
vertex 6.033800 17.941785 0.068042
endloop
endfacet
facet normal 0.553284 0.804363 0.216511
outer loop
vertex 5.867561 17.692099 1.420468
vertex 6.033800 17.941785 0.068042
vertex 5.531189 18.263777 0.156203
endloop
endfacet
facet normal -0.547655 0.726071 0.415806
outer loop
vertex 6.488853 17.505211 1.236043
vertex 7.064488 17.673654 1.700076
vertex 6.706876 18.186709 0.333182
endloop
endfacet
facet normal -0.458331 0.759087 0.462297
outer loop
vertex 6.488853 17.505211 1.236043
vertex 6.706876 18.186709 0.333182
vertex 6.033800 17.941785 0.068042
endloop
endfacet
facet normal -0.036633 0.941497 0.335024
outer loop
vertex 7.064488 17.673654 1.700076
vertex 7.677736 17.575780 2.042182
vertex 7.304364 18.143747 0.405234
endloop
endfacet
facet normal 0.025807 0.938114 0.345363
outer loop
vertex 7.064488 17.673654 1.700076
vertex 7.304364 18.143747 0.405234
vertex 6.706876 18.186709 0.333182
endloop
endfacet
facet normal 0.384372 0.825069 0.414148
outer loop
vertex 7.677736 17.575780 2.042182
vertex 8.469967 17.700844 1.057756
vertex 8.077630 18.335234 0.158047
endloop
endfacet
facet normal -0.118436 0.929423 0.349493
outer loop
vertex 7.677736 17.575780 2.042182
vertex 8.077630 18.335234 0.158047
vertex 7.304364 18.143747 0.405234
endloop
endfacet
facet normal 0.700592 0.710927 -0.061272
outer loop
vertex 8.469967 17.700844 1.057756
vertex 8.824478 17.268525 0.095171
vertex 8.222387 17.863042 0.108851
endloop
endfacet
facet normal 0.932711 0.305842 -0.191077
outer loop
vertex 8.469967 17.700844 1.057756
vertex 8.222387 17.863042 0.108851
vertex 8.077630 18.335234 0.158047
endloop
endfacet
facet normal -0.055063 -0.018152 0.998318
outer loop
vertex 8.824478 17.268525 0.095171
vertex 9.523650 17.787377 0.143168
vertex 9.140874 18.153527 0.128713
endloop
endfacet
facet normal -0.010859 -0.033994 0.999363
outer loop
vertex 8.824478 17.268525 0.095171
vertex 9.140874 18.153527 0.128713
vertex 8.222387 17.863042 0.108851
endloop
endfacet
facet normal 0.027500 0.030505 0.999156
outer loop
vertex 9.523650 17.787377 0.143168
vertex 10.116494 17.556536 0.133898
vertex 9.693746 18.068750 0.129896
endloop
endfacet
facet normal 0.004658 0.044307 0.999007
outer loop
vertex 9.523650 17.787377 0.143168
vertex 9.693746 18.068750 0.129896
vertex 9.140874 18.153527 0.128713
endloop
endfacet
facet normal 0.006990 0.003620 0.999969
outer loop
vertex 10.116494 17.556536 0.133898
vertex 10.699605 17.559550 0.129811
vertex 10.325207 18.153299 0.130279
endloop
endfacet
facet normal -0.001489 0.006585 0.999977
outer loop
vertex 10.116494 17.556536 0.133898
vertex 10.325207 18.153299 0.130279
vertex 9.693746 18.068750 0.129896
endloop
endfacet
facet normal -0.000886 -0.000475 0.999999
outer loop
vertex 10.699605 17.559550 0.129811
vertex 11.302069 17.556842 0.130344
vertex 10.922696 18.151463 0.130290
endloop
endfacet
facet normal -0.000021 -0.000801 1.000000
outer loop
vertex 10.699605 17.559550 0.129811
vertex 10.922696 18.151463 0.130290
vertex 10.325207 18.153299 0.130279
endloop
endfacet
facet normal 0.000096 0.000058 1.000000
outer loop
vertex 11.302069 17.556842 0.130344
vertex 11.904441 17.554211 0.130286
vertex 11.520375 18.150417 0.130289
endloop
endfacet
facet normal 0.000003 0.000092 1.000000
outer loop
vertex 11.302069 17.556842 0.130344
vertex 11.520375 18.150417 0.130289
vertex 10.922696 18.151463 0.130290
endloop
endfacet
facet normal -0.000004 -0.000002 1.000000
outer loop
vertex 11.904441 17.554211 0.130286
vertex 12.498065 17.550559 0.130289
vertex 12.122001 18.149203 0.130289
endloop
endfacet
facet normal -0.000000 -0.000004 1.000000
outer loop
vertex 11.904441 17.554211 0.130286
vertex 12.122001 18.149203 0.130289
vertex 11.520375 18.150417 0.130289
endloop
endfacet
facet normal 0.000000 0.000000 1.000000
outer loop
vertex 12.498065 17.550559 0.130289
vertex 13.110426 17.548802 0.130289
vertex 12.718919 18.148270 0.130289
endloop
endfacet
facet normal 0.000000 0.000000 1.000000
outer loop
vertex 12.498065 17.550559 0.130289
vertex 12.718919 18.148270 0.130289
vertex 12.122001 18.149203 0.130289
endloop
endfacet
facet normal -0.000001 0.000000 1.000000
outer loop
vertex 13.110426 17.548802 0.130289
vertex 13.703059 17.550977 0.130289
vertex 13.319475 18.148503 0.130289
endloop
endfacet
facet normal -0.000000 -0.000000 1.000000
outer loop
vertex 13.110426 17.548802 0.130289
vertex 13.319475 18.148503 0.130289
vertex 12.718919 18.148270 0.130289
endloop
endfacet
facet normal 0.000044 -0.000013 1.000000
outer loop
vertex 13.703059 17.550977 0.130289
vertex 14.296232 17.551388 0.130263
vertex 13.917564 18.150337 0.130287
endloop
endfacet
facet normal 0.000003 0.000002 1.000000
outer loop
vertex 13.703059 17.550977 0.130289
vertex 13.917564 18.150337 0.130287
vertex 13.319475 18.148503 0.130289
endloop
endfacet
facet normal -0.000898 0.000180 1.000000
outer loop
vertex 14.296232 17.551388 0.130263
vertex 14.919721 17.536608 0.130826
vertex 14.516188 18.146466 0.130354
endloop
endfacet
facet normal -0.000112 -0.000111 1.000000
outer loop
vertex 14.296232 17.551388 0.130263
vertex 14.516188 18.146466 0.130354
vertex 13.917564 18.150337 0.130287
endloop
endfacet
facet normal -0.038889 0.019854 0.999046
outer loop
vertex 14.919721 17.536608 0.130826
vertex 15.554294 18.033865 0.145645
vertex 15.127699 18.041652 0.128884
endloop
endfacet
facet normal 0.002859 0.002666 0.999992
outer loop
vertex 14.919721 17.536608 0.130826
vertex 15.127699 18.041652 0.128884
vertex 14.516188 18.146466 0.130354
endloop
endfacet
facet normal 0.048554 0.675960 0.735337
outer loop
vertex 15.554294 18.033865 0.145645
vertex 16.205858 17.058483 0.999245
vertex 16.327341 17.993551 0.131659
endloop
endfacet
facet normal 0.035676 0.860447 -0.508289
outer loop
vertex 15.554294 18.033865 0.145645
vertex 16.327341 17.993551 0.131659
vertex 15.127699 18.041652 0.128884
endloop
endfacet
facet normal -0.910440 -0.126814 0.393722
outer loop
vertex 16.205858 17.058483 0.999245
vertex 16.549991 17.934066 2.077032
vertex 15.819914 17.965966 0.399083
endloop
endfacet
facet normal -0.341150 -0.615156 -0.710774
outer loop
vertex 16.205858 17.058483 0.999245
vertex 15.819914 17.965966 0.399083
vertex 16.327341 17.993551 0.131659
endloop
endfacet
facet normal 0.590186 0.790950 0.161489
outer loop
vertex 16.549991 17.934066 2.077032
vertex 17.353567 17.422831 1.644194
vertex 16.884410 18.041958 0.326406
endloop
endfacet
facet normal -0.067831 0.996519 0.048459
outer loop
vertex 16.549991 17.934066 2.077032
vertex 16.884410 18.041958 0.326406
vertex 15.819914 17.965966 0.399083
endloop
endfacet
facet normal -0.250413 0.882922 0.397167
outer loop
vertex 17.353567 17.422831 1.644194
vertex 17.870880 17.735825 1.274558
vertex 17.544268 18.160569 0.124403
endloop
endfacet
facet normal -0.029176 0.900662 0.433539
outer loop
vertex 17.353567 17.422831 1.644194
vertex 17.544268 18.160569 0.124403
vertex 16.884410 18.041958 0.326406
endloop
endfacet
facet normal 0.159972 0.916374 0.366971
outer loop
vertex 17.870880 17.735825 1.274558
vertex 18.541047 17.580598 1.370037
vertex 18.127919 18.151542 0.124410
endloop
endfacet
facet normal 0.014524 0.939312 0.342757
outer loop
vertex 17.870880 17.735825 1.274558
vertex 18.127919 18.151542 0.124410
vertex 17.544268 18.160569 0.124403
endloop
endfacet
facet normal 0.725268 0.568647 0.388107
outer loop
vertex 18.541047 17.580598 1.370037
vertex 19.092938 17.543991 0.392338
vertex 18.739620 18.175861 0.126788
endloop
endfacet
facet normal -0.037585 0.903634 0.426654
outer loop
vertex 18.541047 17.580598 1.370037
vertex 18.739620 18.175861 0.126788
vertex 18.127919 18.151542 0.124410
endloop
endfacet
facet normal 0.369660 0.239558 0.897755
outer loop
vertex 19.092938 17.543991 0.392338
vertex 19.721717 17.564154 0.128051
vertex 19.328389 18.165997 0.129412
endloop
endfacet
facet normal 0.002405 0.388577 0.921413
outer loop
vertex 19.092938 17.543991 0.392338
vertex 19.328389 18.165997 0.129412
vertex 18.739620 18.175861 0.126788
endloop
endfacet
facet normal -0.005804 -0.001724 0.999982
outer loop
vertex 19.721717 17.564154 0.128051
vertex 20.313950 17.559202 0.131479
vertex 19.926088 18.158639 0.130262
endloop
endfacet
facet normal -0.001462 -0.003217 0.999994
outer loop
vertex 19.721717 17.564154 0.128051
vertex 19.926088 18.158639 0.130262
vertex 19.328389 18.165997 0.129412
endloop
endfacet
facet normal 0.001991 0.001233 0.999997
outer loop
vertex 20.313950 17.559202 0.131479
vertex 20.912108 17.581201 0.130261
vertex 20.537931 18.159625 0.130293
endloop
endfacet
facet normal -0.000054 0.001996 0.999998
outer loop
vertex 20.313950 17.559202 0.131479
vertex 20.537931 18.159625 0.130293
vertex 19.926088 18.158639 0.130262
endloop
endfacet
facet normal 0.000062 -0.000277 1.000000
outer loop
vertex 20.912108 17.581201 0.130261
vertex 21.518763 17.558543 0.130217
vertex 21.152876 18.156102 0.130405
endloop
endfacet
facet normal -0.000184 -0.000173 1.000000
outer loop
vertex 20.912108 17.581201 0.130261
vertex 21.152876 18.156102 0.130405
vertex 20.537931 18.159625 0.130293
endloop
endfacet
facet normal 0.000940 -0.035244 0.999378
outer loop
vertex 21.518763 17.558543 0.130217
vertex 22.163862 17.565756 0.129865
vertex 21.752133 18.157944 0.151136
endloop
endfacet
facet normal -0.034500 -0.021439 0.999175
outer loop
vertex 21.518763 17.558543 0.130217
vertex 21.752133 18.157944 0.151136
vertex 21.152876 18.156102 0.130405
endloop
endfacet
facet normal -0.104263 -0.023122 0.994281
outer loop
vertex 22.163862 17.565756 0.129865
vertex 22.726658 17.565437 0.188874
vertex 22.319080 18.163300 0.160038
endloop
endfacet
facet normal -0.015243 -0.046475 0.998803
outer loop
vertex 22.163862 17.565756 0.129865
vertex 22.319080 18.163300 0.160038
vertex 21.752133 18.157944 0.151136
endloop
endfacet
facet normal -0.049824 0.058020 0.997071
outer loop
vertex 22.726658 17.565437 0.188874
vertex 23.312830 17.555099 0.218767
vertex 22.930591 18.154500 0.164787
endloop
endfacet
facet normal -0.007135 0.043322 0.999036
outer loop
vertex 22.726658 17.565437 0.188874
vertex 22.930591 18.154500 0.164787
vertex 22.319080 18.163300 0.160038
endloop
endfacet
facet normal -0.459314 0.238006 0.855794
outer loop
vertex 23.312830 17.555099 0.218767
vertex 23.920144 17.557582 0.544028
vertex 23.521737 18.153132 0.164570
endloop
endfacet
facet normal 0.000573 0.090057 0.995936
outer loop
vertex 23.312830 17.555099 0.218767
vertex 23.521737 18.153132 0.164570
vertex 22.930591 18.154500 0.164787
endloop
endfacet
endsolid foldforge
