solid foldforge
facet normal -0.250107 -0.835500 0.489272
outer loop
vertex 0.000000 0.000000 0.292936
vertex 0.752292 0.000000 0.677494
vertex 0.586821 0.835325 2.019342
endloop
endfacet
facet normal -0.610051 -0.611884 0.503423
outer loop
vertex 0.000000 0.000000 0.292936
vertex 0.586821 0.835325 2.019342
vertex 0.000000 0.835325 1.308229
endloop
endfacet
facet normal -0.158347 -0.884842 0.438156
outer loop
vertex 0.752292 0.000000 0.677494
vertex 1.546878 0.000000 0.964652
vertex 1.325206 0.835325 2.571454
endloop
endfacet
facet normal -0.347223 -0.814737 0.464370
outer loop
vertex 0.752292 0.000000 0.677494
vertex 1.325206 0.835325 2.571454
vertex 0.586821 0.835325 2.019342
endloop
endfacet
facet normal -0.018211 -0.908433 0.417634
outer loop
vertex 1.546878 0.000000 0.964652
vertex 2.390959 0.000000 1.001459
vertex 2.215573 0.835325 2.810801
endloop
endfacet
facet normal -0.119600 -0.887553 0.444910
outer loop
vertex 1.546878 0.000000 0.964652
vertex 2.215573 0.835325 2.810801
vertex 1.325206 0.835325 2.571454
endloop
endfacet
facet normal 0.102837 -0.904104 0.414755
outer loop
vertex 2.390959 0.000000 1.001459
vertex 3.211011 0.000000 0.798131
vertex 3.121803 0.835325 2.641133
endloop
endfacet
facet normal 0.079415 -0.902094 0.424170
outer loop
vertex 2.390959 0.000000 1.001459
vertex 3.121803 0.835325 2.641133
vertex 2.215573 0.835325 2.810801
endloop
endfacet
facet normal 0.141531 -0.892314 0.428654
outer loop
vertex 3.211011 0.000000 0.798131
vertex 4.013294 0.000000 0.533237
vertex 3.972464 0.835325 2.285583
endloop
endfacet
facet normal 0.172844 -0.893932 0.413533
outer loop
vertex 3.211011 0.000000 0.798131
vertex 3.972464 0.835325 2.285583
vertex 3.121803 0.835325 2.641133
endloop
endfacet
facet normal 0.201875 -0.871057 0.447780
outer loop
vertex 4.013294 0.000000 0.533237
vertex 4.783520 0.000000 0.185992
vertex 4.767235 0.835325 1.818273
endloop
endfacet
facet normal 0.247876 -0.872258 0.421572
outer loop
vertex 4.013294 0.000000 0.533237
vertex 4.767235 0.835325 1.818273
vertex 3.972464 0.835325 2.285583
endloop
endfacet
facet normal 0.119723 -0.790336 0.600863
outer loop
vertex 4.783520 0.000000 0.185992
vertex 5.612116 0.000000 0.020894
vertex 5.412215 0.835325 1.159456
endloop
endfacet
facet normal 0.424710 -0.804202 0.415790
outer loop
vertex 4.783520 0.000000 0.185992
vertex 5.412215 0.835325 1.159456
vertex 4.767235 0.835325 1.818273
endloop
endfacet
facet normal 0.574359 -0.608662 0.547396
outer loop
vertex 5.612116 0.000000 0.020894
vertex 6.048298 0.835325 0.492043
vertex 5.412215 0.835325 1.159456
endloop
endfacet
facet normal -0.012529 -0.816062 0.577829
outer loop
vertex 17.440165 0.000000 -0.001910
vertex 18.284850 0.000000 0.016405
vertex 18.405147 0.835325 1.198733
endloop
endfacet
facet normal -0.718940 -0.146177 0.679527
outer loop
vertex 17.440165 0.000000 -0.001910
vertex 18.405147 0.835325 1.198733
vertex 17.771836 0.835325 0.528689
endloop
endfacet
facet normal -0.107591 -0.889720 0.443647
outer loop
vertex 18.284850 0.000000 0.016405
vertex 19.105933 0.000000 0.215530
vertex 19.033709 0.835325 1.873232
endloop
endfacet
facet normal -0.554780 -0.651868 0.516997
outer loop
vertex 18.284850 0.000000 0.016405
vertex 19.033709 0.835325 1.873232
vertex 18.405147 0.835325 1.198733
endloop
endfacet
facet normal -0.147988 -0.897726 0.414954
outer loop
vertex 19.105933 0.000000 0.215530
vertex 19.901722 0.000000 0.499339
vertex 19.856006 0.835325 2.290206
endloop
endfacet
facet normal -0.218796 -0.875188 0.431479
outer loop
vertex 19.105933 0.000000 0.215530
vertex 19.856006 0.835325 2.290206
vertex 19.033709 0.835325 1.873232
endloop
endfacet
facet normal -0.138591 -0.899728 0.413862
outer loop
vertex 19.901722 0.000000 0.499339
vertex 20.702878 0.000000 0.767623
vertex 20.727269 0.835325 2.591771
endloop
endfacet
facet normal -0.143748 -0.898252 0.415307
outer loop
vertex 19.901722 0.000000 0.499339
vertex 20.727269 0.835325 2.591771
vertex 19.856006 0.835325 2.290206
endloop
endfacet
facet normal -0.054902 -0.907844 0.415699
outer loop
vertex 20.702878 0.000000 0.767623
vertex 21.540487 0.000000 0.878247
vertex 21.640869 0.835325 2.715766
endloop
endfacet
facet normal -0.056502 -0.907466 0.416308
outer loop
vertex 20.702878 0.000000 0.767623
vertex 21.640869 0.835325 2.715766
vertex 20.727269 0.835325 2.591771
endloop
endfacet
facet normal -0.001128 -0.898451 0.439073
outer loop
vertex 21.540487 0.000000 0.878247
vertex 22.385367 0.000000 0.880417
vertex 22.554246 0.835325 2.590132
endloop
endfacet
facet normal 0.056481 -0.910056 0.410620
outer loop
vertex 21.540487 0.000000 0.878247
vertex 22.554246 0.835325 2.590132
vertex 21.640869 0.835325 2.715766
endloop
endfacet
facet normal 0.083397 -0.857759 0.507242
outer loop
vertex 22.385367 0.000000 0.880417
vertex 23.219058 0.000000 0.743348
vertex 23.355210 0.835325 2.133518
endloop
endfacet
facet normal 0.232747 -0.882691 0.408271
outer loop
vertex 22.385367 0.000000 0.880417
vertex 23.355210 0.835325 2.133518
vertex 22.554246 0.835325 2.590132
endloop
endfacet
facet normal 0.249098 -0.757282 0.603717
outer loop
vertex 23.219058 0.000000 0.743348
vertex 24.000071 0.000000 0.421097
vertex 23.995968 0.835325 1.470593
endloop
endfacet
facet normal 0.443997 -0.786572 0.429151
outer loop
vertex 23.219058 0.000000 0.743348
vertex 23.995968 0.835325 1.470593
vertex 23.355210 0.835325 2.133518
endloop
endfacet
facet normal -0.739762 0.282998 0.610463
outer loop
vertex 0.000000 0.835325 1.308229
vertex 0.586821 0.835325 2.019342
vertex 0.507679 1.670649 1.536198
endloop
endfacet
facet normal -0.808215 0.365105 0.462046
outer loop
vertex 0.000000 0.835325 1.308229
vertex 0.507679 1.670649 1.536198
vertex 0.000000 1.670649 0.648162
endloop
endfacet
facet normal -0.598776 -0.014054 0.800793
outer loop
vertex 0.586821 0.835325 2.019342
vertex 1.325206 0.835325 2.571454
vertex 1.066715 1.670649 2.392833
endloop
endfacet
facet normal -0.814921 0.230387 0.531814
outer loop
vertex 0.586821 0.835325 2.019342
vertex 1.066715 1.670649 2.392833
vertex 0.507679 1.670649 1.536198
endloop
endfacet
facet normal -0.225296 -0.496832 0.838093
outer loop
vertex 1.325206 0.835325 2.571454
vertex 2.215573 0.835325 2.810801
vertex 1.726497 1.670649 3.174519
endloop
endfacet
facet normal -0.760495 -0.098076 0.641895
outer loop
vertex 1.325206 0.835325 2.571454
vertex 1.726497 1.670649 3.174519
vertex 1.066715 1.670649 2.392833
endloop
endfacet
facet normal 0.121558 -0.750787 0.649264
outer loop
vertex 2.215573 0.835325 2.810801
vertex 3.121803 0.835325 2.641133
vertex 2.601401 1.670649 3.704506
endloop
endfacet
facet normal -0.429287 -0.559913 0.708668
outer loop
vertex 2.215573 0.835325 2.810801
vertex 2.601401 1.670649 3.704506
vertex 1.726497 1.670649 3.174519
endloop
endfacet
facet normal 0.229141 -0.804329 0.548224
outer loop
vertex 3.121803 0.835325 2.641133
vertex 3.972464 0.835325 2.285583
vertex 3.623213 1.670649 3.657110
endloop
endfacet
facet normal 0.029048 -0.779097 0.626230
outer loop
vertex 3.121803 0.835325 2.641133
vertex 3.623213 1.670649 3.657110
vertex 2.601401 1.670649 3.704506
endloop
endfacet
facet normal 0.300411 -0.805428 0.510920
outer loop
vertex 3.972464 0.835325 2.285583
vertex 4.767235 0.835325 1.818273
vertex 4.563681 1.670649 3.254785
endloop
endfacet
facet normal 0.234657 -0.802527 0.548531
outer loop
vertex 3.972464 0.835325 2.285583
vertex 4.563681 1.670649 3.254785
vertex 3.623213 1.670649 3.657110
endloop
endfacet
facet normal 0.451462 -0.775136 0.441980
outer loop
vertex 4.767235 0.835325 1.818273
vertex 5.412215 0.835325 1.159456
vertex 5.388024 1.670649 2.649142
endloop
endfacet
facet normal 0.371389 -0.778808 0.505499
outer loop
vertex 4.767235 0.835325 1.818273
vertex 5.388024 1.670649 2.649142
vertex 4.563681 1.670649 3.254785
endloop
endfacet
facet normal 0.465693 -0.765600 0.443832
outer loop
vertex 5.412215 0.835325 1.159456
vertex 6.048298 0.835325 0.492043
vertex 6.081974 1.670649 1.897625
endloop
endfacet
facet normal 0.472988 -0.765197 0.436756
outer loop
vertex 5.412215 0.835325 1.159456
vertex 6.081974 1.670649 1.897625
vertex 5.388024 1.670649 2.649142
endloop
endfacet
facet normal 0.544025 -0.726966 0.418995
outer loop
vertex 6.048298 0.835325 0.492043
vertex 6.706135 1.670649 1.087212
vertex 6.081974 1.670649 1.897625
endloop
endfacet
facet normal -0.289103 -0.827009 0.482157
outer loop
vertex 16.981110 0.835325 0.054567
vertex 17.771836 0.835325 0.528689
vertex 17.678063 1.670649 1.905233
endloop
endfacet
facet normal -0.675385 -0.542719 0.499311
outer loop
vertex 16.981110 0.835325 0.054567
vertex 17.678063 1.670649 1.905233
vertex 17.069965 1.670649 1.082699
endloop
endfacet
facet normal -0.456888 -0.777668 0.431840
outer loop
vertex 17.771836 0.835325 0.528689
vertex 18.405147 0.835325 1.198733
vertex 18.366341 1.670649 2.661948
endloop
endfacet
facet normal -0.475487 -0.766074 0.432484
outer loop
vertex 17.771836 0.835325 0.528689
vertex 18.366341 1.670649 2.661948
vertex 17.678063 1.670649 1.905233
endloop
endfacet
facet normal -0.519511 -0.704079 0.484129
outer loop
vertex 18.405147 0.835325 1.198733
vertex 19.033709 0.835325 1.873232
vertex 19.195217 1.670649 3.261373
endloop
endfacet
facet normal -0.333216 -0.822594 0.460767
outer loop
vertex 18.405147 0.835325 1.198733
vertex 19.195217 1.670649 3.261373
vertex 18.366341 1.670649 2.661948
endloop
endfacet
facet normal -0.293674 -0.760492 0.579143
outer loop
vertex 19.033709 0.835325 1.873232
vertex 19.856006 0.835325 2.290206
vertex 20.176653 1.670649 3.549694
endloop
endfacet
facet normal -0.153510 -0.838680 0.522543
outer loop
vertex 19.033709 0.835325 1.873232
vertex 20.176653 1.670649 3.549694
vertex 19.195217 1.670649 3.261373
endloop
endfacet
facet normal -0.243026 -0.669285 0.702137
outer loop
vertex 19.856006 0.835325 2.290206
vertex 20.727269 0.835325 2.591771
vertex 21.199561 1.670649 3.551483
endloop
endfacet
facet normal -0.000967 -0.833258 0.552884
outer loop
vertex 19.856006 0.835325 2.290206
vertex 21.199561 1.670649 3.551483
vertex 20.176653 1.670649 3.549694
endloop
endfacet
facet normal -0.123424 -0.397212 0.909390
outer loop
vertex 20.727269 0.835325 2.591771
vertex 21.640869 0.835325 2.715766
vertex 22.139672 1.670649 3.148325
endloop
endfacet
facet normal 0.242790 -0.787733 0.566154
outer loop
vertex 20.727269 0.835325 2.591771
vertex 22.139672 1.670649 3.148325
vertex 21.199561 1.670649 3.551483
endloop
endfacet
facet normal 0.134831 0.144743 0.980240
outer loop
vertex 21.640869 0.835325 2.715766
vertex 22.554246 0.835325 2.590132
vertex 22.862365 1.670649 2.424405
endloop
endfacet
facet normal 0.555743 -0.619149 0.554801
outer loop
vertex 21.640869 0.835325 2.715766
vertex 22.862365 1.670649 2.424405
vertex 22.139672 1.670649 3.148325
endloop
endfacet
facet normal 0.444652 0.440357 0.779981
outer loop
vertex 22.554246 0.835325 2.590132
vertex 23.355210 0.835325 2.133518
vertex 23.466128 1.670649 1.598683
endloop
endfacet
facet normal 0.794370 -0.177776 0.580838
outer loop
vertex 22.554246 0.835325 2.590132
vertex 23.466128 1.670649 1.598683
vertex 22.862365 1.670649 2.424405
endloop
endfacet
facet normal 0.616351 0.514981 0.595741
outer loop
vertex 23.355210 0.835325 2.133518
vertex 23.995968 0.835325 1.470593
vertex 24.010991 1.670649 0.732964
endloop
endfacet
facet normal 0.825034 0.222914 0.519257
outer loop
vertex 23.355210 0.835325 2.133518
vertex 24.010991 1.670649 0.732964
vertex 23.466128 1.670649 1.598683
endloop
endfacet
facet normal -0.695814 0.598004 0.397788
outer loop
vertex 0.000000 1.670649 0.648162
vertex 0.507679 1.670649 1.536198
vertex 0.776154 2.505974 0.750053
endloop
endfacet
facet normal -0.604469 0.484519 0.632344
outer loop
vertex 0.000000 1.670649 0.648162
vertex 0.776154 2.505974 0.750053
vertex 0.000000 2.505974 0.008113
endloop
endfacet
facet normal -0.686181 0.573264 0.447799
outer loop
vertex 0.507679 1.670649 1.536198
vertex 1.066715 1.670649 2.392833
vertex 1.303051 2.505974 1.685611
endloop
endfacet
facet normal -0.699776 0.595813 0.394107
outer loop
vertex 0.507679 1.670649 1.536198
vertex 1.303051 2.505974 1.685611
vertex 0.776154 2.505974 0.750053
endloop
endfacet
facet normal -0.660771 0.502322 0.557723
outer loop
vertex 1.066715 1.670649 2.392833
vertex 1.726497 1.670649 3.174519
vertex 1.872911 2.505974 2.595637
endloop
endfacet
facet normal -0.697876 0.567441 0.437012
outer loop
vertex 1.066715 1.670649 2.392833
vertex 1.872911 2.505974 2.595637
vertex 1.303051 2.505974 1.685611
endloop
endfacet
facet normal -0.498275 0.274094 0.822554
outer loop
vertex 1.726497 1.670649 3.174519
vertex 2.601401 1.670649 3.704506
vertex 2.573538 2.505974 3.409278
endloop
endfacet
facet normal -0.654068 0.504956 0.563219
outer loop
vertex 1.726497 1.670649 3.174519
vertex 2.573538 2.505974 3.409278
vertex 1.872911 2.505974 2.595637
endloop
endfacet
facet normal 0.042172 -0.414275 0.909174
outer loop
vertex 2.601401 1.670649 3.704506
vertex 3.623213 1.670649 3.657110
vertex 3.437859 2.505974 4.046332
endloop
endfacet
facet normal -0.573557 0.255897 0.778170
outer loop
vertex 2.601401 1.670649 3.704506
vertex 3.437859 2.505974 4.046332
vertex 2.573538 2.505974 3.409278
endloop
endfacet
facet normal 0.292992 -0.667140 0.684894
outer loop
vertex 3.623213 1.670649 3.657110
vertex 4.563681 1.670649 3.254785
vertex 4.510650 2.505974 4.091142
endloop
endfacet
facet normal -0.037699 -0.428915 0.902558
outer loop
vertex 3.623213 1.670649 3.657110
vertex 4.510650 2.505974 4.091142
vertex 3.437859 2.505974 4.046332
endloop
endfacet
facet normal 0.434379 -0.679526 0.591235
outer loop
vertex 4.563681 1.670649 3.254785
vertex 5.388024 1.670649 2.649142
vertex 5.447089 2.505974 3.565814
endloop
endfacet
facet normal 0.374229 -0.644159 0.667093
outer loop
vertex 4.563681 1.670649 3.254785
vertex 5.447089 2.505974 3.565814
vertex 4.510650 2.505974 4.091142
endloop
endfacet
facet normal 0.531399 -0.690532 0.490693
outer loop
vertex 5.388024 1.670649 2.649142
vertex 6.081974 1.670649 1.897625
vertex 6.267103 2.505974 2.872657
endloop
endfacet
facet normal 0.483737 -0.662201 0.572266
outer loop
vertex 5.388024 1.670649 2.649142
vertex 6.267103 2.505974 2.872657
vertex 5.447089 2.505974 3.565814
endloop
endfacet
facet normal 0.570742 -0.693564 0.439571
outer loop
vertex 6.081974 1.670649 1.897625
vertex 6.706135 1.670649 1.087212
vertex 6.970749 2.505974 2.061626
endloop
endfacet
facet normal 0.552472 -0.681928 0.479321
outer loop
vertex 6.081974 1.670649 1.897625
vertex 6.970749 2.505974 2.061626
vertex 6.267103 2.505974 2.872657
endloop
endfacet
facet normal 0.590687 -0.684854 0.426689
outer loop
vertex 6.706135 1.670649 1.087212
vertex 7.599484 2.505974 1.191235
vertex 6.970749 2.505974 2.061626
endloop
endfacet
facet normal -0.571451 -0.697430 0.432475
outer loop
vertex 16.452674 1.670649 0.267041
vertex 17.069965 1.670649 1.082699
vertex 16.858320 2.505974 2.150128
endloop
endfacet
facet normal -0.602778 -0.673125 0.428441
outer loop
vertex 16.452674 1.670649 0.267041
vertex 16.858320 2.505974 2.150128
vertex 16.236264 2.505974 1.274951
endloop
endfacet
facet normal -0.596981 -0.669945 0.441347
outer loop
vertex 17.069965 1.670649 1.082699
vertex 17.678063 1.670649 1.905233
vertex 17.536885 2.505974 2.982257
endloop
endfacet
facet normal -0.546926 -0.708492 0.445994
outer loop
vertex 17.069965 1.670649 1.082699
vertex 17.536885 2.505974 2.982257
vertex 16.858320 2.505974 2.150128
endloop
endfacet
facet normal -0.585013 -0.612066 0.532104
outer loop
vertex 17.678063 1.670649 1.905233
vertex 18.366341 1.670649 2.661948
vertex 18.383917 2.505974 3.642126
endloop
endfacet
facet normal -0.409104 -0.746231 0.525141
outer loop
vertex 17.678063 1.670649 1.905233
vertex 18.383917 2.505974 3.642126
vertex 17.536885 2.505974 2.982257
endloop
endfacet
facet normal -0.494034 -0.537814 0.683144
outer loop
vertex 18.366341 1.670649 2.661948
vertex 19.195217 1.670649 3.261373
vertex 19.376977 2.505974 4.050438
endloop
endfacet
facet normal -0.258717 -0.732897 0.629227
outer loop
vertex 18.366341 1.670649 2.661948
vertex 19.376977 2.505974 4.050438
vertex 18.383917 2.505974 3.642126
endloop
endfacet
facet normal -0.267020 -0.320233 0.908928
outer loop
vertex 19.195217 1.670649 3.261373
vertex 20.176653 1.670649 3.549694
vertex 20.443025 2.505974 3.922249
endloop
endfacet
facet normal 0.085959 -0.693970 0.714854
outer loop
vertex 19.195217 1.670649 3.261373
vertex 20.443025 2.505974 3.922249
vertex 19.376977 2.505974 4.050438
endloop
endfacet
facet normal -0.001688 0.260907 0.965362
outer loop
vertex 20.176653 1.670649 3.549694
vertex 21.199561 1.670649 3.551483
vertex 21.335957 2.505974 3.325959
endloop
endfacet
facet normal 0.487015 -0.480567 0.729296
outer loop
vertex 20.176653 1.670649 3.549694
vertex 21.335957 2.505974 3.325959
vertex 20.443025 2.505974 3.922249
endloop
endfacet
facet normal 0.327374 0.556828 0.763393
outer loop
vertex 21.199561 1.670649 3.551483
vertex 22.139672 1.670649 3.148325
vertex 22.089131 2.505974 2.560703
endloop
endfacet
facet normal 0.710819 0.072813 0.699596
outer loop
vertex 21.199561 1.670649 3.551483
vertex 22.089131 2.505974 2.560703
vertex 21.335957 2.505974 3.325959
endloop
endfacet
facet normal 0.561524 0.608646 0.560572
outer loop
vertex 22.139672 1.670649 3.148325
vertex 22.862365 1.670649 2.424405
vertex 22.701419 2.505974 1.678664
endloop
endfacet
facet normal 0.748881 0.411010 0.519853
outer loop
vertex 22.139672 1.670649 3.148325
vertex 22.701419 2.505974 1.678664
vertex 22.089131 2.505974 2.560703
endloop
endfacet
facet normal 0.625893 0.631518 0.457649
outer loop
vertex 22.862365 1.670649 2.424405
vertex 23.466128 1.670649 1.598683
vertex 23.242811 2.505974 0.751419
endloop
endfacet
facet normal 0.735095 0.524807 0.429201
outer loop
vertex 22.862365 1.670649 2.424405
vertex 23.242811 2.505974 0.751419
vertex 22.701419 2.505974 1.678664
endloop
endfacet
facet normal 0.779363 0.389860 0.490512
outer loop
vertex 23.466128 1.670649 1.598683
vertex 24.010991 1.670649 0.732964
vertex 24.036592 2.505974 0.028369
endloop
endfacet
facet normal 0.493145 0.680962 0.541386
outer loop
vertex 23.466128 1.670649 1.598683
vertex 24.036592 2.505974 0.028369
vertex 23.242811 2.505974 0.751419
endloop
endfacet
facet normal -0.586288 0.529244 0.613325
outer loop
vertex 0.000000 2.505974 0.008113
vertex 0.776154 2.505974 0.750053
vertex 1.059909 3.341299 0.300489
endloop
endfacet
facet normal -0.717632 0.567148 0.404163
outer loop
vertex 0.776154 2.505974 0.750053
vertex 1.303051 2.505974 1.685611
vertex 1.691495 3.341299 1.203152
endloop
endfacet
facet normal -0.706647 0.506145 0.494436
outer loop
vertex 0.776154 2.505974 0.750053
vertex 1.691495 3.341299 1.203152
vertex 1.059909 3.341299 0.300489
endloop
endfacet
facet normal -0.701584 0.561040 0.439333
outer loop
vertex 1.303051 2.505974 1.685611
vertex 1.872911 2.505974 2.595637
vertex 2.259890 3.341299 2.146883
endloop
endfacet
facet normal -0.702984 0.571445 0.423396
outer loop
vertex 1.303051 2.505974 1.685611
vertex 2.259890 3.341299 2.146883
vertex 1.691495 3.341299 1.203152
endloop
endfacet
facet normal -0.659613 0.492234 0.567993
outer loop
vertex 1.872911 2.505974 2.595637
vertex 2.573538 2.505974 3.409278
vertex 2.888762 3.341299 3.051439
endloop
endfacet
facet normal -0.676742 0.566269 0.470489
outer loop
vertex 1.872911 2.505974 2.595637
vertex 2.888762 3.341299 3.051439
vertex 2.259890 3.341299 2.146883
endloop
endfacet
facet normal -0.574528 0.249633 0.779488
outer loop
vertex 2.573538 2.505974 3.409278
vertex 3.437859 2.505974 4.046332
vertex 3.596483 3.341299 3.895733
endloop
endfacet
facet normal -0.667407 0.491515 0.559447
outer loop
vertex 2.573538 2.505974 3.409278
vertex 3.596483 3.341299 3.895733
vertex 2.888762 3.341299 3.051439
endloop
endfacet
facet normal -0.036956 -0.464575 0.884762
outer loop
vertex 3.437859 2.505974 4.046332
vertex 4.510650 2.505974 4.091142
vertex 4.497811 3.341299 4.529222
endloop
endfacet
facet normal -0.556963 0.248634 0.792447
outer loop
vertex 3.437859 2.505974 4.046332
vertex 4.497811 3.341299 4.529222
vertex 3.596483 3.341299 3.895733
endloop
endfacet
facet normal 0.381001 -0.627354 0.679165
outer loop
vertex 4.510650 2.505974 4.091142
vertex 5.447089 2.505974 3.565814
vertex 5.568406 3.341299 4.269358
endloop
endfacet
facet normal 0.210468 -0.451504 0.867091
outer loop
vertex 4.510650 2.505974 4.091142
vertex 5.568406 3.341299 4.269358
vertex 4.497811 3.341299 4.529222
endloop
endfacet
facet normal 0.485489 -0.659117 0.574339
outer loop
vertex 5.447089 2.505974 3.565814
vertex 6.267103 2.505974 2.872657
vertex 6.480254 3.341299 3.651107
endloop
endfacet
facet normal 0.442796 -0.614352 0.653072
outer loop
vertex 5.447089 2.505974 3.565814
vertex 6.480254 3.341299 3.651107
vertex 5.568406 3.341299 4.269358
endloop
endfacet
facet normal 0.555408 -0.677735 0.481869
outer loop
vertex 6.267103 2.505974 2.872657
vertex 6.970749 2.505974 2.061626
vertex 7.273923 3.341299 2.887045
endloop
endfacet
facet normal 0.528870 -0.646912 0.549364
outer loop
vertex 6.267103 2.505974 2.872657
vertex 7.273923 3.341299 2.887045
vertex 6.480254 3.341299 3.651107
endloop
endfacet
facet normal 0.616274 -0.649638 0.445172
outer loop
vertex 6.970749 2.505974 2.061626
vertex 7.599484 2.505974 1.191235
vertex 7.906561 3.341299 1.985119
endloop
endfacet
facet normal 0.619310 -0.654025 0.434403
outer loop
vertex 6.970749 2.505974 2.061626
vertex 7.906561 3.341299 1.985119
vertex 7.273923 3.341299 2.887045
endloop
endfacet
facet normal 0.656936 -0.632087 0.410977
outer loop
vertex 7.599484 2.505974 1.191235
vertex 8.490851 3.341299 1.051146
vertex 7.906561 3.341299 1.985119
endloop
endfacet
facet normal -0.557466 -0.701328 0.444265
outer loop
vertex 15.567082 2.505974 0.435258
vertex 16.236264 2.505974 1.274951
vertex 15.840813 3.341299 2.097403
endloop
endfacet
facet normal -0.711896 -0.573440 0.405426
outer loop
vertex 15.567082 2.505974 0.435258
vertex 15.840813 3.341299 2.097403
vertex 15.295617 3.341299 1.140082
endloop
endfacet
facet normal -0.602292 -0.673779 0.428096
outer loop
vertex 16.236264 2.505974 1.274951
vertex 16.858320 2.505974 2.150128
vertex 16.508971 3.341299 2.973340
endloop
endfacet
facet normal -0.569699 -0.697566 0.434562
outer loop
vertex 16.236264 2.505974 1.274951
vertex 16.508971 3.341299 2.973340
vertex 15.840813 3.341299 2.097403
endloop
endfacet
facet normal -0.636060 -0.571313 0.518680
outer loop
vertex 16.858320 2.505974 2.150128
vertex 17.536885 2.505974 2.982257
vertex 17.354871 3.341299 3.679141
endloop
endfacet
facet normal -0.447470 -0.715655 0.536291
outer loop
vertex 16.858320 2.505974 2.150128
vertex 17.354871 3.341299 3.679141
vertex 16.508971 3.341299 2.973340
endloop
endfacet
facet normal -0.522738 -0.525830 0.671005
outer loop
vertex 17.536885 2.505974 2.982257
vertex 18.383917 2.505974 3.642126
vertex 18.305615 3.341299 4.235725
endloop
endfacet
facet normal -0.388742 -0.638693 0.664041
outer loop
vertex 17.536885 2.505974 2.982257
vertex 18.305615 3.341299 4.235725
vertex 17.354871 3.341299 3.679141
endloop
endfacet
facet normal -0.349614 -0.393398 0.850299
outer loop
vertex 18.383917 2.505974 3.642126
vertex 19.376977 2.505974 4.050438
vertex 19.387925 3.341299 4.441410
endloop
endfacet
facet normal -0.151828 -0.581960 0.798918
outer loop
vertex 18.383917 2.505974 3.642126
vertex 19.387925 3.341299 4.441410
vertex 18.305615 3.341299 4.235725
endloop
endfacet
facet normal 0.118458 0.124538 0.985118
outer loop
vertex 19.376977 2.505974 4.050438
vertex 20.443025 2.505974 3.922249
vertex 20.306418 3.341299 3.833074
endloop
endfacet
facet normal 0.513143 -0.369353 0.774766
outer loop
vertex 19.376977 2.505974 4.050438
vertex 20.306418 3.341299 3.833074
vertex 19.387925 3.341299 4.441410
endloop
endfacet
facet normal 0.500653 0.432744 0.749719
outer loop
vertex 20.443025 2.505974 3.922249
vertex 21.335957 2.505974 3.325959
vertex 21.059150 3.341299 3.028651
endloop
endfacet
facet normal 0.717033 0.188889 0.670958
outer loop
vertex 20.443025 2.505974 3.922249
vertex 21.059150 3.341299 3.028651
vertex 20.306418 3.341299 3.833074
endloop
endfacet
facet normal 0.600828 0.537887 0.591341
outer loop
vertex 21.335957 2.505974 3.325959
vertex 22.089131 2.505974 2.560703
vertex 21.736150 3.341299 2.159530
endloop
endfacet
facet normal 0.711176 0.432835 0.553969
outer loop
vertex 21.335957 2.505974 3.325959
vertex 21.736150 3.341299 2.159530
vertex 21.059150 3.341299 3.028651
endloop
endfacet
facet normal 0.677955 0.564709 0.470618
outer loop
vertex 22.089131 2.505974 2.560703
vertex 22.701419 2.505974 1.678664
vertex 22.320246 3.341299 1.225435
endloop
endfacet
facet normal 0.722902 0.522568 0.452035
outer loop
vertex 22.089131 2.505974 2.560703
vertex 22.320246 3.341299 1.225435
vertex 21.736150 3.341299 2.159530
endloop
endfacet
facet normal 0.775530 0.439905 0.452810
outer loop
vertex 22.701419 2.505974 1.678664
vertex 23.242811 2.505974 0.751419
vertex 22.998917 3.341299 0.357618
endloop
endfacet
facet normal 0.647237 0.569981 0.506168
outer loop
vertex 22.701419 2.505974 1.678664
vertex 22.998917 3.341299 0.357618
vertex 22.320246 3.341299 1.225435
endloop
endfacet
facet normal 0.672083 -0.062559 0.737829
outer loop
vertex 23.242811 2.505974 0.751419
vertex 24.036592 2.505974 0.028369
vertex 24.063619 3.341299 0.074577
endloop
endfacet
facet normal 0.226947 0.468723 0.853694
outer loop
vertex 23.242811 2.505974 0.751419
vertex 24.063619 3.341299 0.074577
vertex 22.998917 3.341299 0.357618
endloop
endfacet
facet normal -0.778970 0.310063 0.545039
outer loop
vertex 1.059909 3.341299 0.300489
vertex 1.691495 3.341299 1.203152
vertex 1.888201 4.176623 1.009083
endloop
endfacet
facet normal -0.847634 0.144533 0.510517
outer loop
vertex 1.691495 3.341299 1.203152
vertex 2.259890 3.341299 2.146883
vertex 2.342085 4.176623 2.046865
endloop
endfacet
facet normal -0.875404 0.295094 0.382866
outer loop
vertex 1.691495 3.341299 1.203152
vertex 2.342085 4.176623 2.046865
vertex 1.888201 4.176623 1.009083
endloop
endfacet
facet normal -0.818306 0.081962 0.568909
outer loop
vertex 2.259890 3.341299 2.146883
vertex 2.888762 3.341299 3.051439
vertex 2.941989 4.176623 3.007655
endloop
endfacet
facet normal -0.839228 0.145321 0.524002
outer loop
vertex 2.259890 3.341299 2.146883
vertex 2.941989 4.176623 3.007655
vertex 2.342085 4.176623 2.046865
endloop
endfacet
facet normal -0.765327 0.052109 0.641528
outer loop
vertex 2.888762 3.341299 3.051439
vertex 3.596483 3.341299 3.895733
vertex 3.650040 4.176623 3.891775
endloop
endfacet
facet normal -0.777900 0.082222 0.622985
outer loop
vertex 2.888762 3.341299 3.051439
vertex 3.650040 4.176623 3.891775
vertex 2.941989 4.176623 3.007655
endloop
endfacet
facet normal -0.567641 -0.159693 0.807640
outer loop
vertex 3.596483 3.341299 3.895733
vertex 4.497811 3.341299 4.529222
vertex 4.469078 4.176623 4.674193
endloop
endfacet
facet normal -0.689972 0.047660 0.722265
outer loop
vertex 3.596483 3.341299 3.895733
vertex 4.469078 4.176623 4.674193
vertex 3.650040 4.176623 3.891775
endloop
endfacet
facet normal 0.201884 -0.517178 0.831727
outer loop
vertex 4.497811 3.341299 4.529222
vertex 5.568406 3.341299 4.269358
vertex 5.596640 4.176623 4.781920
endloop
endfacet
facet normal -0.093666 -0.173370 0.980392
outer loop
vertex 4.497811 3.341299 4.529222
vertex 5.596640 4.176623 4.781920
vertex 4.469078 4.176623 4.674193
endloop
endfacet
facet normal 0.472957 -0.538262 0.697557
outer loop
vertex 5.568406 3.341299 4.269358
vertex 6.480254 3.341299 3.651107
vertex 6.583389 4.176623 4.225747
endloop
endfacet
facet normal 0.430029 -0.482686 0.762948
outer loop
vertex 5.568406 3.341299 4.269358
vertex 6.583389 4.176623 4.225747
vertex 5.596640 4.176623 4.781920
endloop
endfacet
facet normal 0.572119 -0.565245 0.594288
outer loop
vertex 6.480254 3.341299 3.651107
vertex 7.273923 3.341299 2.887045
vertex 7.457243 4.176623 3.505065
endloop
endfacet
facet normal 0.543346 -0.520309 0.658827
outer loop
vertex 6.480254 3.341299 3.651107
vertex 7.457243 4.176623 3.505065
vertex 6.583389 4.176623 4.225747
endloop
endfacet
facet normal 0.652478 -0.603997 0.457668
outer loop
vertex 7.273923 3.341299 2.887045
vertex 7.906561 3.341299 1.985119
vertex 8.208373 4.176623 2.657241
endloop
endfacet
facet normal 0.626173 -0.547861 0.554758
outer loop
vertex 7.273923 3.341299 2.887045
vertex 8.208373 4.176623 2.657241
vertex 7.457243 4.176623 3.505065
endloop
endfacet
facet normal 0.700154 -0.563852 0.438013
outer loop
vertex 7.906561 3.341299 1.985119
vertex 8.490851 3.341299 1.051146
vertex 8.773065 4.176623 1.675342
endloop
endfacet
facet normal 0.705380 -0.581269 0.405666
outer loop
vertex 7.906561 3.341299 1.985119
vertex 8.773065 4.176623 1.675342
vertex 8.208373 4.176623 2.657241
endloop
endfacet
facet normal 0.699342 -0.564206 0.438854
outer loop
vertex 8.490851 3.341299 1.051146
vertex 9.375134 4.176623 0.715907
vertex 8.773065 4.176623 1.675342
endloop
endfacet
facet normal -0.610696 -0.618783 0.494123
outer loop
vertex 14.602654 3.341299 0.283634
vertex 15.295617 3.341299 1.140082
vertex 15.058713 4.176623 1.893353
endloop
endfacet
facet normal -0.791164 -0.421697 0.442979
outer loop
vertex 14.602654 3.341299 0.283634
vertex 15.058713 4.176623 1.893353
vertex 14.505342 4.176623 0.905029
endloop
endfacet
facet normal -0.740282 -0.523682 0.421592
outer loop
vertex 15.295617 3.341299 1.140082
vertex 15.840813 3.341299 2.097403
vertex 15.674945 4.176623 2.843753
endloop
endfacet
facet normal -0.678161 -0.588853 0.439715
outer loop
vertex 15.295617 3.341299 1.140082
vertex 15.674945 4.176623 2.843753
vertex 15.058713 4.176623 1.893353
endloop
endfacet
facet normal -0.708404 -0.454060 0.540365
outer loop
vertex 15.840813 3.341299 2.097403
vertex 16.508971 3.341299 2.973340
vertex 16.481413 4.176623 3.639122
endloop
endfacet
facet normal -0.554865 -0.612860 0.562608
outer loop
vertex 15.840813 3.341299 2.097403
vertex 16.481413 4.176623 3.639122
vertex 15.674945 4.176623 2.843753
endloop
endfacet
facet normal -0.562275 -0.479297 0.673885
outer loop
vertex 16.508971 3.341299 2.973340
vertex 17.354871 3.341299 3.679141
vertex 17.395898 4.176623 4.307492
endloop
endfacet
facet normal -0.491809 -0.552556 0.672908
outer loop
vertex 16.508971 3.341299 2.973340
vertex 17.395898 4.176623 4.307492
vertex 16.481413 4.176623 3.639122
endloop
endfacet
facet normal -0.456165 -0.429817 0.779211
outer loop
vertex 17.354871 3.341299 3.679141
vertex 18.305615 3.341299 4.235725
vertex 18.430137 4.176623 4.769392
endloop
endfacet
facet normal -0.339277 -0.554783 0.759676
outer loop
vertex 17.354871 3.341299 3.679141
vertex 18.430137 4.176623 4.769392
vertex 17.395898 4.176623 4.307492
endloop
endfacet
facet normal -0.186701 0.001122 0.982416
outer loop
vertex 18.305615 3.341299 4.235725
vertex 19.387925 3.341299 4.441410
vertex 19.521397 4.176623 4.465821
endloop
endfacet
facet normal 0.224148 -0.548191 0.805757
outer loop
vertex 18.305615 3.341299 4.235725
vertex 19.521397 4.176623 4.465821
vertex 18.430137 4.176623 4.769392
endloop
endfacet
facet normal 0.545490 0.155287 0.823606
outer loop
vertex 19.387925 3.341299 4.441410
vertex 20.306418 3.341299 3.833074
vertex 20.322426 4.176623 3.664975
endloop
endfacet
facet normal 0.700796 -0.132461 0.700956
outer loop
vertex 19.387925 3.341299 4.441410
vertex 20.322426 4.176623 3.664975
vertex 19.521397 4.176623 4.465821
endloop
endfacet
facet normal 0.707049 0.249694 0.661615
outer loop
vertex 20.306418 3.341299 3.833074
vertex 21.059150 3.341299 3.028651
vertex 21.010592 4.176623 2.765292
endloop
endfacet
facet normal 0.789773 0.106431 0.604095
outer loop
vertex 20.306418 3.341299 3.833074
vertex 21.010592 4.176623 2.765292
vertex 20.322426 4.176623 3.664975
endloop
endfacet
facet normal 0.736699 0.357731 0.573850
outer loop
vertex 21.059150 3.341299 3.028651
vertex 21.736150 3.341299 2.159530
vertex 21.608194 4.176623 1.803068
endloop
endfacet
facet normal 0.830396 0.210870 0.515729
outer loop
vertex 21.059150 3.341299 3.028651
vertex 21.608194 4.176623 1.803068
vertex 21.010592 4.176623 2.765292
endloop
endfacet
facet normal 0.751225 0.463680 0.469746
outer loop
vertex 21.736150 3.341299 2.159530
vertex 22.320246 3.341299 1.225435
vertex 22.085721 4.176623 0.775951
endloop
endfacet
facet normal 0.863946 0.303746 0.401666
outer loop
vertex 21.736150 3.341299 2.159530
vertex 22.085721 4.176623 0.775951
vertex 21.608194 4.176623 1.803068
endloop
endfacet
facet normal 0.757534 0.274177 0.592426
outer loop
vertex 22.320246 3.341299 1.225435
vertex 22.998917 3.341299 0.357618
vertex 22.945826 4.176623 0.038914
endloop
endfacet
facet normal 0.560106 0.508969 0.653630
outer loop
vertex 22.320246 3.341299 1.225435
vertex 22.945826 4.176623 0.038914
vertex 22.085721 4.176623 0.775951
endloop
endfacet
facet normal -0.902867 0.170008 0.394877
outer loop
vertex 1.888201 4.176623 1.009083
vertex 2.342085 4.176623 2.046865
vertex 2.429958 5.011948 1.888146
endloop
endfacet
facet normal -0.899920 0.154552 0.407748
outer loop
vertex 1.888201 4.176623 1.009083
vertex 2.429958 5.011948 1.888146
vertex 1.962149 5.011948 0.855668
endloop
endfacet
facet normal -0.834723 0.177764 0.521189
outer loop
vertex 2.342085 4.176623 2.046865
vertex 2.941989 4.176623 3.007655
vertex 3.023746 5.011948 2.853688
endloop
endfacet
facet normal -0.836972 0.185847 0.514721
outer loop
vertex 2.342085 4.176623 2.046865
vertex 3.023746 5.011948 2.853688
vertex 2.429958 5.011948 1.888146
endloop
endfacet
facet normal -0.773068 0.138070 0.619115
outer loop
vertex 2.941989 4.176623 3.007655
vertex 3.650040 4.176623 3.891775
vertex 3.697743 5.011948 3.765053
endloop
endfacet
facet normal -0.790132 0.185040 0.584339
outer loop
vertex 2.941989 4.176623 3.007655
vertex 3.697743 5.011948 3.765053
vertex 3.023746 5.011948 2.853688
endloop
endfacet
facet normal -0.689522 0.059789 0.721793
outer loop
vertex 3.650040 4.176623 3.891775
vertex 4.469078 4.176623 4.674193
vertex 4.464102 5.011948 4.600247
endloop
endfacet
facet normal -0.729229 0.143153 0.669128
outer loop
vertex 3.650040 4.176623 3.891775
vertex 4.464102 5.011948 4.600247
vertex 3.697743 5.011948 3.765053
endloop
endfacet
facet normal -0.087988 -0.379592 0.920960
outer loop
vertex 4.469078 4.176623 4.674193
vertex 5.596640 4.176623 4.781920
vertex 5.474240 5.011948 5.114522
endloop
endfacet
facet normal -0.452388 0.075966 0.888580
outer loop
vertex 4.469078 4.176623 4.674193
vertex 5.474240 5.011948 5.114522
vertex 4.464102 5.011948 4.600247
endloop
endfacet
facet normal 0.454498 -0.378441 0.806359
outer loop
vertex 5.596640 4.176623 4.781920
vertex 6.583389 4.176623 4.225747
vertex 6.511814 5.011948 4.658125
endloop
endfacet
facet normal 0.385073 -0.292144 0.875426
outer loop
vertex 5.596640 4.176623 4.781920
vertex 6.511814 5.011948 4.658125
vertex 5.474240 5.011948 5.114522
endloop
endfacet
facet normal 0.561207 -0.471157 0.680484
outer loop
vertex 6.583389 4.176623 4.225747
vertex 7.457243 4.176623 3.505065
vertex 7.478378 5.011948 4.066001
endloop
endfacet
facet normal 0.485580 -0.368679 0.792646
outer loop
vertex 6.583389 4.176623 4.225747
vertex 7.478378 5.011948 4.066001
vertex 6.511814 5.011948 4.658125
endloop
endfacet
facet normal 0.642892 -0.512133 0.569570
outer loop
vertex 7.457243 4.176623 3.505065
vertex 8.208373 4.176623 2.657241
vertex 8.309026 5.011948 3.294717
endloop
endfacet
facet normal 0.606325 -0.453838 0.652993
outer loop
vertex 7.457243 4.176623 3.505065
vertex 8.309026 5.011948 3.294717
vertex 7.478378 5.011948 4.066001
endloop
endfacet
facet normal 0.715456 -0.564644 0.411460
outer loop
vertex 8.208373 4.176623 2.657241
vertex 8.773065 4.176623 1.675342
vertex 9.012267 5.011948 2.405724
endloop
endfacet
facet normal 0.681961 -0.493867 0.539467
outer loop
vertex 8.208373 4.176623 2.657241
vertex 9.012267 5.011948 2.405724
vertex 8.309026 5.011948 3.294717
endloop
endfacet
facet normal 0.555993 -0.754415 0.348899
outer loop
vertex 8.773065 4.176623 1.675342
vertex 9.375134 4.176623 0.715907
vertex 9.894656 5.011948 1.694214
endloop
endfacet
facet normal 0.475819 -0.652215 0.590095
outer loop
vertex 8.773065 4.176623 1.675342
vertex 9.894656 5.011948 1.694214
vertex 9.012267 5.011948 2.405724
endloop
endfacet
facet normal 0.582651 -0.744393 0.326185
outer loop
vertex 9.375134 4.176623 0.715907
vertex 10.448367 5.011948 0.705143
vertex 9.894656 5.011948 1.694214
endloop
endfacet
facet normal -0.066515 -0.677672 0.732349
outer loop
vertex 12.550208 4.176623 0.028662
vertex 13.678262 4.176623 0.131117
vertex 13.236720 5.011948 0.863974
endloop
endfacet
facet normal -0.751924 -0.040053 0.658032
outer loop
vertex 12.550208 4.176623 0.028662
vertex 13.236720 5.011948 0.863974
vertex 12.490231 5.011948 0.010972
endloop
endfacet
facet normal -0.506816 -0.670649 0.541634
outer loop
vertex 13.678262 4.176623 0.131117
vertex 14.505342 4.176623 0.905029
vertex 14.117988 5.011948 1.576871
endloop
endfacet
facet normal -0.441497 -0.712191 0.545770
outer loop
vertex 13.678262 4.176623 0.131117
vertex 14.117988 5.011948 1.576871
vertex 13.236720 5.011948 0.863974
endloop
endfacet
facet normal -0.745607 -0.519411 0.417471
outer loop
vertex 14.505342 4.176623 0.905029
vertex 15.058713 4.176623 1.893353
vertex 14.804587 5.011948 2.478779
endloop
endfacet
facet normal -0.604418 -0.650354 0.460128
outer loop
vertex 14.505342 4.176623 0.905029
vertex 14.804587 5.011948 2.478779
vertex 14.117988 5.011948 1.576871
endloop
endfacet
facet normal -0.776277 -0.379539 0.503332
outer loop
vertex 15.058713 4.176623 1.893353
vertex 15.674945 4.176623 2.843753
vertex 15.571246 5.011948 3.313699
endloop
endfacet
facet normal -0.603966 -0.572415 0.554587
outer loop
vertex 15.058713 4.176623 1.893353
vertex 15.571246 5.011948 3.313699
vertex 14.804587 5.011948 2.478779
endloop
endfacet
facet normal -0.677058 -0.265147 0.686505
outer loop
vertex 15.674945 4.176623 2.843753
vertex 16.481413 4.176623 3.639122
vertex 16.493101 5.011948 3.973275
endloop
endfacet
facet normal -0.514186 -0.468139 0.718651
outer loop
vertex 15.674945 4.176623 2.843753
vertex 16.493101 5.011948 3.973275
vertex 15.571246 5.011948 3.313699
endloop
endfacet
facet normal -0.575384 -0.221717 0.787258
outer loop
vertex 16.481413 4.176623 3.639122
vertex 17.395898 4.176623 4.307492
vertex 17.449394 5.011948 4.581846
endloop
endfacet
facet normal -0.509849 -0.313354 0.801164
outer loop
vertex 16.481413 4.176623 3.639122
vertex 17.449394 5.011948 4.581846
vertex 16.493101 5.011948 3.973275
endloop
endfacet
facet normal -0.400829 -0.183944 0.897497
outer loop
vertex 17.395898 4.176623 4.307492
vertex 18.430137 4.176623 4.769392
vertex 18.511781 5.011948 4.977056
endloop
endfacet
facet normal -0.335263 -0.274531 0.901239
outer loop
vertex 17.395898 4.176623 4.307492
vertex 18.511781 5.011948 4.977056
vertex 17.449394 5.011948 4.581846
endloop
endfacet
facet normal 0.262597 0.199916 0.943969
outer loop
vertex 18.430137 4.176623 4.769392
vertex 19.521397 4.176623 4.465821
vertex 19.431150 5.011948 4.314020
endloop
endfacet
facet normal 0.566281 -0.250552 0.785207
outer loop
vertex 18.430137 4.176623 4.769392
vertex 19.431150 5.011948 4.314020
vertex 18.511781 5.011948 4.977056
endloop
endfacet
facet normal 0.681513 0.266211 0.681669
outer loop
vertex 19.521397 4.176623 4.465821
vertex 20.322426 4.176623 3.664975
vertex 20.189556 5.011948 3.471597
endloop
endfacet
facet normal 0.728498 0.197891 0.655843
outer loop
vertex 19.521397 4.176623 4.465821
vertex 20.189556 5.011948 3.471597
vertex 19.431150 5.011948 4.314020
endloop
endfacet
facet normal 0.763807 0.274351 0.584234
outer loop
vertex 20.322426 4.176623 3.664975
vertex 21.010592 4.176623 2.765292
vertex 20.866009 5.011948 2.562053
endloop
endfacet
facet normal 0.775485 0.256870 0.576750
outer loop
vertex 20.322426 4.176623 3.664975
vertex 20.866009 5.011948 2.562053
vertex 20.189556 5.011948 3.471597
endloop
endfacet
facet normal 0.805581 0.317370 0.500316
outer loop
vertex 21.010592 4.176623 2.765292
vertex 21.608194 4.176623 1.803068
vertex 21.421413 5.011948 1.573933
endloop
endfacet
facet normal 0.841574 0.260756 0.473033
outer loop
vertex 21.010592 4.176623 2.765292
vertex 21.421413 5.011948 1.573933
vertex 20.866009 5.011948 2.562053
endloop
endfacet
facet normal 0.892629 0.176034 0.415001
outer loop
vertex 21.608194 4.176623 1.803068
vertex 22.085721 4.176623 0.775951
vertex 22.002476 5.011948 0.600679
endloop
endfacet
facet normal 0.814733 0.315604 0.486420
outer loop
vertex 21.608194 4.176623 1.803068
vertex 22.002476 5.011948 0.600679
vertex 21.421413 5.011948 1.573933
endloop
endfacet
facet normal -0.910779 0.013701 0.412668
outer loop
vertex 1.962149 5.011948 0.855668
vertex 2.429958 5.011948 1.888146
vertex 2.453826 5.847273 1.913091
endloop
endfacet
facet normal -0.913857 0.024874 0.405273
outer loop
vertex 1.962149 5.011948 0.855668
vertex 2.453826 5.847273 1.913091
vertex 1.986843 5.847273 0.860083
endloop
endfacet
facet normal -0.851791 0.007046 0.523834
outer loop
vertex 2.429958 5.011948 1.888146
vertex 3.023746 5.011948 2.853688
vertex 3.056077 5.847273 2.895025
endloop
endfacet
facet normal -0.852406 0.008744 0.522808
outer loop
vertex 2.429958 5.011948 1.888146
vertex 3.056077 5.847273 2.895025
vertex 2.453826 5.847273 1.913091
endloop
endfacet
facet normal -0.803551 0.034024 0.594263
outer loop
vertex 3.023746 5.011948 2.853688
vertex 3.697743 5.011948 3.765053
vertex 3.762549 5.847273 3.804858
endloop
endfacet
facet normal -0.789847 0.000221 0.613304
outer loop
vertex 3.023746 5.011948 2.853688
vertex 3.762549 5.847273 3.804858
vertex 3.056077 5.847273 2.895025
endloop
endfacet
facet normal -0.735171 0.066814 0.674581
outer loop
vertex 3.697743 5.011948 3.765053
vertex 4.464102 5.011948 4.600247
vertex 4.566845 5.847273 4.629483
endloop
endfacet
facet normal -0.715699 0.022262 0.698054
outer loop
vertex 3.697743 5.011948 3.765053
vertex 4.566845 5.847273 4.629483
vertex 3.762549 5.847273 3.804858
endloop
endfacet
facet normal -0.447375 -0.166381 0.878734
outer loop
vertex 4.464102 5.011948 4.600247
vertex 5.474240 5.011948 5.114522
vertex 5.509961 5.847273 5.290870
endloop
endfacet
facet normal -0.573660 0.041928 0.818020
outer loop
vertex 4.464102 5.011948 4.600247
vertex 5.509961 5.847273 5.290870
vertex 4.566845 5.847273 4.629483
endloop
endfacet
facet normal 0.367183 -0.410318 0.834755
outer loop
vertex 5.474240 5.011948 5.114522
vertex 6.511814 5.011948 4.658125
vertex 6.628896 5.847273 5.017223
endloop
endfacet
facet normal 0.232241 -0.210410 0.949627
outer loop
vertex 5.474240 5.011948 5.114522
vertex 6.628896 5.847273 5.017223
vertex 5.509961 5.847273 5.290870
endloop
endfacet
facet normal 0.489491 -0.349213 0.799030
outer loop
vertex 6.511814 5.011948 4.658125
vertex 7.478378 5.011948 4.066001
vertex 7.580696 5.847273 4.368396
endloop
endfacet
facet normal 0.516668 -0.398244 0.757929
outer loop
vertex 6.511814 5.011948 4.658125
vertex 7.580696 5.847273 4.368396
vertex 6.628896 5.847273 5.017223
endloop
endfacet
facet normal 0.580194 -0.522433 0.624851
outer loop
vertex 7.478378 5.011948 4.066001
vertex 8.309026 5.011948 3.294717
vertex 8.559296 5.847273 3.760744
endloop
endfacet
facet normal 0.494390 -0.348787 0.796195
outer loop
vertex 7.478378 5.011948 4.066001
vertex 8.559296 5.847273 3.760744
vertex 7.580696 5.847273 4.368396
endloop
endfacet
facet normal 0.604709 -0.636790 0.478357
outer loop
vertex 8.309026 5.011948 3.294717
vertex 9.012267 5.011948 2.405724
vertex 9.422967 5.847273 2.998529
endloop
endfacet
facet normal 0.563246 -0.524814 0.638219
outer loop
vertex 8.309026 5.011948 3.294717
vertex 9.422967 5.847273 2.998529
vertex 8.559296 5.847273 3.760744
endloop
endfacet
facet normal 0.553466 -0.471747 0.686389
outer loop
vertex 9.012267 5.011948 2.405724
vertex 9.894656 5.011948 1.694214
vertex 10.123296 5.847273 2.083960
endloop
endfacet
facet normal 0.613394 -0.634921 0.469705
outer loop
vertex 9.012267 5.011948 2.405724
vertex 10.123296 5.847273 2.083960
vertex 9.422967 5.847273 2.998529
endloop
endfacet
facet normal 0.767830 -0.475040 0.429853
outer loop
vertex 9.894656 5.011948 1.694214
vertex 10.448367 5.011948 0.705143
vertex 10.738473 5.847273 1.110072
endloop
endfacet
facet normal 0.762021 -0.433163 0.481347
outer loop
vertex 9.894656 5.011948 1.694214
vertex 10.738473 5.847273 1.110072
vertex 10.123296 5.847273 2.083960
endloop
endfacet
facet normal 0.678600 -0.497585 0.540288
outer loop
vertex 10.448367 5.011948 0.705143
vertex 11.455966 5.847273 0.208905
vertex 10.738473 5.847273 1.110072
endloop
endfacet
facet normal -0.669480 -0.456659 0.585883
outer loop
vertex 12.490231 5.011948 0.010972
vertex 13.236720 5.011948 0.863974
vertex 13.120722 5.847273 1.382509
endloop
endfacet
facet normal -0.889040 -0.071468 0.452216
outer loop
vertex 12.490231 5.011948 0.010972
vertex 13.120722 5.847273 1.382509
vertex 12.598474 5.847273 0.355788
endloop
endfacet
facet normal -0.447603 -0.702489 0.553318
outer loop
vertex 13.236720 5.011948 0.863974
vertex 14.117988 5.011948 1.576871
vertex 13.755211 5.847273 2.343926
endloop
endfacet
facet normal -0.758877 -0.416272 0.500822
outer loop
vertex 13.236720 5.011948 0.863974
vertex 13.755211 5.847273 2.343926
vertex 13.120722 5.847273 1.382509
endloop
endfacet
facet normal -0.655699 -0.566473 0.499167
outer loop
vertex 14.117988 5.011948 1.576871
vertex 14.804587 5.011948 2.478779
vertex 14.586956 5.847273 3.140858
endloop
endfacet
facet normal -0.498207 -0.693844 0.519971
outer loop
vertex 14.117988 5.011948 1.576871
vertex 14.586956 5.847273 3.140858
vertex 13.755211 5.847273 2.343926
endloop
endfacet
facet normal -0.707651 -0.277483 0.649795
outer loop
vertex 14.804587 5.011948 2.478779
vertex 15.571246 5.011948 3.313699
vertex 15.595698 5.847273 3.697039
endloop
endfacet
facet normal -0.373380 -0.634027 0.677198
outer loop
vertex 14.804587 5.011948 2.478779
vertex 15.595698 5.847273 3.697039
vertex 14.586956 5.847273 3.140858
endloop
endfacet
facet normal -0.539709 -0.373779 0.754323
outer loop
vertex 15.571246 5.011948 3.313699
vertex 16.493101 5.011948 3.973275
vertex 16.509225 5.847273 4.398728
endloop
endfacet
facet normal -0.575648 -0.327073 0.749435
outer loop
vertex 15.571246 5.011948 3.313699
vertex 16.509225 5.847273 4.398728
vertex 15.595698 5.847273 3.697039
endloop
endfacet
facet normal -0.451067 -0.542353 0.708796
outer loop
vertex 16.493101 5.011948 3.973275
vertex 17.449394 5.011948 4.581846
vertex 17.366424 5.847273 5.168214
endloop
endfacet
facet normal -0.627288 -0.343804 0.698791
outer loop
vertex 16.493101 5.011948 3.973275
vertex 17.366424 5.847273 5.168214
vertex 16.509225 5.847273 4.398728
endloop
endfacet
facet normal -0.339080 -0.232801 0.911498
outer loop
vertex 17.449394 5.011948 4.581846
vertex 18.511781 5.011948 4.977056
vertex 18.518074 5.847273 5.192743
endloop
endfacet
facet normal -0.017413 -0.575612 0.817538
outer loop
vertex 17.449394 5.011948 4.581846
vertex 18.518074 5.847273 5.192743
vertex 17.366424 5.847273 5.168214
endloop
endfacet
facet normal 0.583547 -0.068939 0.809148
outer loop
vertex 18.511781 5.011948 4.977056
vertex 19.431150 5.011948 4.314020
vertex 19.376487 5.847273 4.424611
endloop
endfacet
facet normal 0.654203 -0.193702 0.731094
outer loop
vertex 18.511781 5.011948 4.977056
vertex 19.376487 5.847273 4.424611
vertex 18.518074 5.847273 5.192743
endloop
endfacet
facet normal 0.741348 -0.070458 0.667412
outer loop
vertex 19.431150 5.011948 4.314020
vertex 20.189556 5.011948 3.471597
vertex 20.166061 5.847273 3.585879
endloop
endfacet
facet normal 0.727447 -0.043061 0.684811
outer loop
vertex 19.431150 5.011948 4.314020
vertex 20.166061 5.847273 3.585879
vertex 19.376487 5.847273 4.424611
endloop
endfacet
facet normal 0.799431 -0.086076 0.594559
outer loop
vertex 20.189556 5.011948 3.471597
vertex 20.866009 5.011948 2.562053
vertex 20.871669 5.847273 2.675375
endloop
endfacet
facet normal 0.788935 -0.061456 0.611396
outer loop
vertex 20.189556 5.011948 3.471597
vertex 20.871669 5.847273 2.675375
vertex 20.166061 5.847273 3.585879
endloop
endfacet
facet normal 0.871239 -0.033609 0.489707
outer loop
vertex 20.866009 5.011948 2.562053
vertex 21.421413 5.011948 1.573933
vertex 21.407646 5.847273 1.655754
endloop
endfacet
facet normal 0.883049 -0.068956 0.464187
outer loop
vertex 20.866009 5.011948 2.562053
vertex 21.407646 5.847273 1.655754
vertex 20.871669 5.847273 2.675375
endloop
endfacet
facet normal 0.857622 -0.048095 0.512027
outer loop
vertex 21.421413 5.011948 1.573933
vertex 22.002476 5.011948 0.600679
vertex 22.006787 5.847273 0.671920
endloop
endfacet
facet normal 0.853509 -0.036846 0.519774
outer loop
vertex 21.421413 5.011948 1.573933
vertex 22.006787 5.847273 0.671920
vertex 21.407646 5.847273 1.655754
endloop
endfacet
facet normal -0.892110 0.218215 0.395629
outer loop
vertex 1.986843 5.847273 0.860083
vertex 2.453826 5.847273 1.913091
vertex 2.541517 6.682597 1.650091
endloop
endfacet
facet normal -0.875955 0.147187 0.459389
outer loop
vertex 1.986843 5.847273 0.860083
vertex 2.541517 6.682597 1.650091
vertex 2.023683 6.682597 0.662694
endloop
endfacet
facet normal -0.831243 0.221607 0.509828
outer loop
vertex 2.453826 5.847273 1.913091
vertex 3.056077 5.847273 2.895025
vertex 3.105211 6.682597 2.612044
endloop
endfacet
facet normal -0.837068 0.242311 0.490513
outer loop
vertex 2.453826 5.847273 1.913091
vertex 3.105211 6.682597 2.612044
vertex 2.541517 6.682597 1.650091
endloop
endfacet
facet normal -0.775810 0.187687 0.602405
outer loop
vertex 3.056077 5.847273 2.895025
vertex 3.762549 5.847273 3.804858
vertex 3.746586 6.682597 3.524044
endloop
endfacet
facet normal -0.794847 0.236119 0.558986
outer loop
vertex 3.056077 5.847273 2.895025
vertex 3.746586 6.682597 3.524044
vertex 3.105211 6.682597 2.612044
endloop
endfacet
facet normal -0.700175 0.208290 0.682913
outer loop
vertex 3.762549 5.847273 3.804858
vertex 4.566845 5.847273 4.629483
vertex 4.520223 6.682597 4.326907
endloop
endfacet
facet normal -0.703347 0.214398 0.677743
outer loop
vertex 3.762549 5.847273 3.804858
vertex 4.520223 6.682597 4.326907
vertex 3.746586 6.682597 3.524044
endloop
endfacet
facet normal -0.553174 0.267916 0.788809
outer loop
vertex 4.566845 5.847273 4.629483
vertex 5.509961 5.847273 5.290870
vertex 5.439530 6.682597 4.957763
endloop
endfacet
facet normal -0.546656 0.258041 0.796607
outer loop
vertex 4.566845 5.847273 4.629483
vertex 5.439530 6.682597 4.957763
vertex 4.520223 6.682597 4.326907
endloop
endfacet
facet normal 0.225273 -0.317433 0.921134
outer loop
vertex 5.509961 5.847273 5.290870
vertex 6.628896 5.847273 5.017223
vertex 6.486984 6.682597 5.339791
endloop
endfacet
facet normal -0.323833 0.326766 0.887894
outer loop
vertex 5.509961 5.847273 5.290870
vertex 6.486984 6.682597 5.339791
vertex 5.439530 6.682597 4.957763
endloop
endfacet
facet normal 0.520291 -0.383085 0.763245
outer loop
vertex 6.628896 5.847273 5.017223
vertex 7.580696 5.847273 4.368396
vertex 7.488751 6.682597 4.850336
endloop
endfacet
facet normal 0.423563 -0.262806 0.866907
outer loop
vertex 6.628896 5.847273 5.017223
vertex 7.488751 6.682597 4.850336
vertex 6.486984 6.682597 5.339791
endloop
endfacet
facet normal 0.476349 -0.429637 0.767140
outer loop
vertex 7.580696 5.847273 4.368396
vertex 8.559296 5.847273 3.760744
vertex 8.454699 6.682597 4.293516
endloop
endfacet
facet normal 0.456298 -0.406468 0.791565
outer loop
vertex 7.580696 5.847273 4.368396
vertex 8.454699 6.682597 4.293516
vertex 7.488751 6.682597 4.850336
endloop
endfacet
facet normal 0.570971 -0.505389 0.646973
outer loop
vertex 8.559296 5.847273 3.760744
vertex 9.422967 5.847273 2.998529
vertex 9.387319 6.682597 3.682513
endloop
endfacet
facet normal 0.496938 -0.421557 0.758513
outer loop
vertex 8.559296 5.847273 3.760744
vertex 9.387319 6.682597 3.682513
vertex 8.454699 6.682597 4.293516
endloop
endfacet
facet normal 0.661870 -0.552320 0.506825
outer loop
vertex 9.422967 5.847273 2.998529
vertex 10.123296 5.847273 2.083960
vertex 10.189348 6.682597 2.908010
endloop
endfacet
facet normal 0.606254 -0.488185 0.627800
outer loop
vertex 9.422967 5.847273 2.998529
vertex 10.189348 6.682597 2.908010
vertex 9.387319 6.682597 3.682513
endloop
endfacet
facet normal 0.671604 -0.607432 0.424233
outer loop
vertex 10.123296 5.847273 2.083960
vertex 10.738473 5.847273 1.110072
vertex 10.900627 6.682597 2.049414
endloop
endfacet
facet normal 0.633767 -0.568054 0.525027
outer loop
vertex 10.123296 5.847273 2.083960
vertex 10.900627 6.682597 2.049414
vertex 10.189348 6.682597 2.908010
endloop
endfacet
facet normal 0.646496 -0.563114 0.514728
outer loop
vertex 10.738473 5.847273 1.110072
vertex 11.455966 5.847273 0.208905
vertex 11.477715 6.682597 1.095436
endloop
endfacet
facet normal 0.685113 -0.599046 0.414444
outer loop
vertex 10.738473 5.847273 1.110072
vertex 11.477715 6.682597 1.095436
vertex 10.900627 6.682597 2.049414
endloop
endfacet
facet normal -0.084757 -0.747115 0.659269
outer loop
vertex 11.455966 5.847273 0.208905
vertex 12.598474 5.847273 0.355788
vertex 12.573873 6.682597 1.299256
endloop
endfacet
facet normal -0.126790 -0.720386 0.681886
outer loop
vertex 11.455966 5.847273 0.208905
vertex 12.573873 6.682597 1.299256
vertex 11.477715 6.682597 1.095436
endloop
endfacet
facet normal -0.826653 -0.373951 0.420482
outer loop
vertex 12.598474 5.847273 0.355788
vertex 13.120722 5.847273 1.382509
vertex 13.177365 6.682597 2.236753
endloop
endfacet
facet normal -0.709469 -0.536725 0.456705
outer loop
vertex 12.598474 5.847273 0.355788
vertex 13.177365 6.682597 2.236753
vertex 12.573873 6.682597 1.299256
endloop
endfacet
facet normal -0.784577 -0.341087 0.517783
outer loop
vertex 13.120722 5.847273 1.382509
vertex 13.755211 5.847273 2.343926
vertex 13.888204 6.682597 3.095713
endloop
endfacet
facet normal -0.660689 -0.514341 0.546758
outer loop
vertex 13.120722 5.847273 1.382509
vertex 13.888204 6.682597 3.095713
vertex 13.177365 6.682597 2.236753
endloop
endfacet
facet normal -0.654584 -0.323706 0.683179
outer loop
vertex 13.755211 5.847273 2.343926
vertex 14.586956 5.847273 3.140858
vertex 14.798568 6.682597 3.739408
endloop
endfacet
facet normal -0.485623 -0.540804 0.686805
outer loop
vertex 13.755211 5.847273 2.343926
vertex 14.798568 6.682597 3.739408
vertex 13.888204 6.682597 3.095713
endloop
endfacet
facet normal -0.411084 -0.524517 0.745581
outer loop
vertex 14.586956 5.847273 3.140858
vertex 15.595698 5.847273 3.697039
vertex 15.726840 6.682597 4.356997
endloop
endfacet
facet normal -0.503943 -0.415091 0.757457
outer loop
vertex 14.586956 5.847273 3.140858
vertex 15.726840 6.682597 4.356997
vertex 14.798568 6.682597 3.739408
endloop
endfacet
facet normal -0.535787 -0.475784 0.697540
outer loop
vertex 15.595698 5.847273 3.697039
vertex 16.509225 5.847273 4.398728
vertex 16.605936 6.682597 5.042777
endloop
endfacet
facet normal -0.544283 -0.465785 0.697711
outer loop
vertex 15.595698 5.847273 3.697039
vertex 16.605936 6.682597 5.042777
vertex 15.726840 6.682597 4.356997
endloop
endfacet
facet normal -0.666988 -0.055250 0.743017
outer loop
vertex 16.509225 5.847273 4.398728
vertex 17.366424 5.847273 5.168214
vertex 17.635140 6.682597 5.471547
endloop
endfacet
facet normal -0.319899 -0.555008 0.767874
outer loop
vertex 16.509225 5.847273 4.398728
vertex 17.635140 6.682597 5.471547
vertex 16.605936 6.682597 5.042777
endloop
endfacet
facet normal -0.020545 0.262928 0.964597
outer loop
vertex 17.366424 5.847273 5.168214
vertex 18.518074 5.847273 5.192743
vertex 18.629609 6.682597 4.967427
endloop
endfacet
facet normal 0.409307 -0.424875 0.807434
outer loop
vertex 17.366424 5.847273 5.168214
vertex 18.629609 6.682597 4.967427
vertex 17.635140 6.682597 5.471547
endloop
endfacet
facet normal 0.662383 0.115325 0.740235
outer loop
vertex 18.518074 5.847273 5.192743
vertex 19.376487 5.847273 4.424611
vertex 19.458171 6.682597 4.221378
endloop
endfacet
facet normal 0.665042 0.110427 0.738596
outer loop
vertex 18.518074 5.847273 5.192743
vertex 19.458171 6.682597 4.221378
vertex 18.629609 6.682597 4.967427
endloop
endfacet
facet normal 0.722060 0.128773 0.679740
outer loop
vertex 19.376487 5.847273 4.424611
vertex 20.166061 5.847273 3.585879
vertex 20.201301 6.682597 3.390197
endloop
endfacet
facet normal 0.742538 0.088909 0.663877
outer loop
vertex 19.376487 5.847273 4.424611
vertex 20.201301 6.682597 3.390197
vertex 19.458171 6.682597 4.221378
endloop
endfacet
facet normal 0.779675 0.164395 0.604220
outer loop
vertex 20.166061 5.847273 3.585879
vertex 20.871669 5.847273 2.675375
vertex 20.846340 6.682597 2.480786
endloop
endfacet
facet normal 0.811517 0.100604 0.575603
outer loop
vertex 20.166061 5.847273 3.585879
vertex 20.846340 6.682597 2.480786
vertex 20.201301 6.682597 3.390197
endloop
endfacet
facet normal 0.871377 0.175758 0.458051
outer loop
vertex 20.871669 5.847273 2.675375
vertex 21.407646 5.847273 1.655754
vertex 21.332824 6.682597 1.477572
endloop
endfacet
facet normal 0.892401 0.127869 0.432748
outer loop
vertex 20.871669 5.847273 2.675375
vertex 21.332824 6.682597 1.477572
vertex 20.846340 6.682597 2.480786
endloop
endfacet
facet normal 0.848801 0.111100 0.516907
outer loop
vertex 21.407646 5.847273 1.655754
vertex 22.006787 5.847273 0.671920
vertex 21.965784 6.682597 0.559712
endloop
endfacet
facet normal 0.808038 0.191240 0.557227
outer loop
vertex 21.407646 5.847273 1.655754
vertex 21.965784 6.682597 0.559712
vertex 21.332824 6.682597 1.477572
endloop
endfacet
facet normal -0.880443 0.107768 0.461743
outer loop
vertex 2.023683 6.682597 0.662694
vertex 2.541517 6.682597 1.650091
vertex 2.503465 7.517922 1.382575
endloop
endfacet
facet normal -0.867715 0.074911 0.491386
outer loop
vertex 2.023683 6.682597 0.662694
vertex 2.503465 7.517922 1.382575
vertex 1.986610 7.517922 0.469886
endloop
endfacet
facet normal -0.857861 0.106632 0.502697
outer loop
vertex 2.541517 6.682597 1.650091
vertex 3.105211 6.682597 2.612044
vertex 3.022640 7.517922 2.293946
endloop
endfacet
facet normal -0.862821 0.118106 0.491519
outer loop
vertex 2.541517 6.682597 1.650091
vertex 3.022640 7.517922 2.293946
vertex 2.503465 7.517922 1.382575
endloop
endfacet
facet normal -0.807487 0.159637 0.567874
outer loop
vertex 3.105211 6.682597 2.612044
vertex 3.746586 6.682597 3.524044
vertex 3.641963 7.517922 3.140455
endloop
endfacet
facet normal -0.798703 0.143573 0.584346
outer loop
vertex 3.105211 6.682597 2.612044
vertex 3.641963 7.517922 3.140455
vertex 3.022640 7.517922 2.293946
endloop
endfacet
facet normal -0.660008 0.399894 0.635982
outer loop
vertex 3.746586 6.682597 3.524044
vertex 4.520223 6.682597 4.326907
vertex 4.484741 7.517922 3.764847
endloop
endfacet
facet normal -0.571061 0.282431 0.770793
outer loop
vertex 3.746586 6.682597 3.524044
vertex 4.484741 7.517922 3.764847
vertex 3.641963 7.517922 3.140455
endloop
endfacet
facet normal -0.494793 0.485071 0.721031
outer loop
vertex 4.520223 6.682597 4.326907
vertex 5.439530 6.682597 4.957763
vertex 5.360727 7.517922 4.341725
endloop
endfacet
facet normal -0.484230 0.474189 0.735301
outer loop
vertex 4.520223 6.682597 4.326907
vertex 5.360727 7.517922 4.341725
vertex 4.484741 7.517922 3.764847
endloop
endfacet
facet normal -0.324909 0.317543 0.890843
outer loop
vertex 5.439530 6.682597 4.957763
vertex 6.486984 6.682597 5.339791
vertex 6.219191 7.517922 4.944369
endloop
endfacet
facet normal -0.503568 0.481514 0.717331
outer loop
vertex 5.439530 6.682597 4.957763
vertex 6.219191 7.517922 4.944369
vertex 5.360727 7.517922 4.341725
endloop
endfacet
facet normal 0.406506 -0.377537 0.831997
outer loop
vertex 6.486984 6.682597 5.339791
vertex 7.488751 6.682597 4.850336
vertex 7.171247 7.517922 5.384514
endloop
endfacet
facet normal -0.402471 0.283078 0.870565
outer loop
vertex 6.486984 6.682597 5.339791
vertex 7.171247 7.517922 5.384514
vertex 6.219191 7.517922 4.944369
endloop
endfacet
facet normal 0.419867 -0.541474 0.728367
outer loop
vertex 7.488751 6.682597 4.850336
vertex 8.454699 6.682597 4.293516
vertex 8.173847 7.517922 5.076400
endloop
endfacet
facet normal 0.262784 -0.446938 0.855097
outer loop
vertex 7.488751 6.682597 4.850336
vertex 8.173847 7.517922 5.076400
vertex 7.171247 7.517922 5.384514
endloop
endfacet
facet normal 0.481699 -0.476832 0.735253
outer loop
vertex 8.454699 6.682597 4.293516
vertex 9.387319 6.682597 3.682513
vertex 9.024090 7.517922 4.462213
endloop
endfacet
facet normal 0.510289 -0.490496 0.706412
outer loop
vertex 8.454699 6.682597 4.293516
vertex 9.024090 7.517922 4.462213
vertex 8.173847 7.517922 5.076400
endloop
endfacet
facet normal 0.613649 -0.468645 0.635458
outer loop
vertex 9.387319 6.682597 3.682513
vertex 10.189348 6.682597 2.908010
vertex 9.865850 7.517922 3.836450
endloop
endfacet
facet normal 0.535814 -0.439776 0.720763
outer loop
vertex 9.387319 6.682597 3.682513
vertex 9.865850 7.517922 3.836450
vertex 9.024090 7.517922 4.462213
endloop
endfacet
facet normal 0.676727 -0.477233 0.560615
outer loop
vertex 10.189348 6.682597 2.908010
vertex 10.900627 6.682597 2.049414
vertex 10.616319 7.517922 3.103691
endloop
endfacet
facet normal 0.618627 -0.464628 0.633578
outer loop
vertex 10.189348 6.682597 2.908010
vertex 10.616319 7.517922 3.103691
vertex 9.865850 7.517922 3.836450
endloop
endfacet
facet normal 0.630439 -0.676094 0.381370
outer loop
vertex 10.900627 6.682597 2.049414
vertex 11.477715 6.682597 1.095436
vertex 11.500247 7.517922 2.539057
endloop
endfacet
facet normal 0.404044 -0.660802 0.632526
outer loop
vertex 10.900627 6.682597 2.049414
vertex 11.500247 7.517922 2.539057
vertex 10.616319 7.517922 3.103691
endloop
endfacet
facet normal -0.104029 -0.822292 0.559476
outer loop
vertex 11.477715 6.682597 1.095436
vertex 12.573873 6.682597 1.299256
vertex 12.548989 7.517922 2.522351
endloop
endfacet
facet normal 0.007976 -0.865571 0.500722
outer loop
vertex 11.477715 6.682597 1.095436
vertex 12.548989 7.517922 2.522351
vertex 11.500247 7.517922 2.539057
endloop
endfacet
facet normal -0.817389 -0.234550 0.526176
outer loop
vertex 12.573873 6.682597 1.299256
vertex 13.177365 6.682597 2.236753
vertex 13.458177 7.517922 3.045339
endloop
endfacet
facet normal -0.306366 -0.788971 0.532602
outer loop
vertex 12.573873 6.682597 1.299256
vertex 13.458177 7.517922 3.045339
vertex 12.548989 7.517922 2.522351
endloop
endfacet
facet normal -0.762379 -0.143966 0.630913
outer loop
vertex 13.177365 6.682597 2.236753
vertex 13.888204 6.682597 3.095713
vertex 14.254097 7.517922 3.728458
endloop
endfacet
facet normal -0.578873 -0.458269 0.674459
outer loop
vertex 13.177365 6.682597 2.236753
vertex 14.254097 7.517922 3.728458
vertex 13.458177 7.517922 3.045339
endloop
endfacet
facet normal -0.518424 -0.440069 0.733195
outer loop
vertex 13.888204 6.682597 3.095713
vertex 14.798568 6.682597 3.739408
vertex 15.046269 7.517922 4.415919
endloop
endfacet
facet normal -0.630327 -0.274090 0.726336
outer loop
vertex 13.888204 6.682597 3.095713
vertex 15.046269 7.517922 4.415919
vertex 14.254097 7.517922 3.728458
endloop
endfacet
facet normal -0.483249 -0.488757 0.726352
outer loop
vertex 14.798568 6.682597 3.739408
vertex 15.726840 6.682597 4.356997
vertex 15.895605 7.517922 5.031361
endloop
endfacet
facet normal -0.528607 -0.434057 0.729500
outer loop
vertex 14.798568 6.682597 3.739408
vertex 15.895605 7.517922 5.031361
vertex 15.046269 7.517922 4.415919
endloop
endfacet
facet normal -0.612811 -0.085818 0.785556
outer loop
vertex 15.726840 6.682597 4.356997
vertex 16.605936 6.682597 5.042777
vertex 16.892468 7.517922 5.357555
endloop
endfacet
facet normal -0.254245 -0.575898 0.776982
outer loop
vertex 15.726840 6.682597 4.356997
vertex 16.892468 7.517922 5.357555
vertex 15.895605 7.517922 5.031361
endloop
endfacet
facet normal -0.320127 0.554116 0.768423
outer loop
vertex 16.605936 6.682597 5.042777
vertex 17.635140 6.682597 5.471547
vertex 17.865112 7.517922 4.964995
endloop
endfacet
facet normal 0.337697 -0.431136 0.836709
outer loop
vertex 16.605936 6.682597 5.042777
vertex 17.865112 7.517922 4.964995
vertex 16.892468 7.517922 5.357555
endloop
endfacet
facet normal 0.393420 0.492850 0.776092
outer loop
vertex 17.635140 6.682597 5.471547
vertex 18.629609 6.682597 4.967427
vertex 18.737290 7.517922 4.382376
endloop
endfacet
facet normal 0.524067 0.331468 0.784527
outer loop
vertex 17.635140 6.682597 5.471547
vertex 18.737290 7.517922 4.382376
vertex 17.865112 7.517922 4.964995
endloop
endfacet
facet normal 0.631473 0.330757 0.701314
outer loop
vertex 18.629609 6.682597 4.967427
vertex 19.458171 6.682597 4.221378
vertex 19.561826 7.517922 3.734086
endloop
endfacet
facet normal 0.559182 0.426035 0.711203
outer loop
vertex 18.629609 6.682597 4.967427
vertex 19.561826 7.517922 3.734086
vertex 18.737290 7.517922 4.382376
endloop
endfacet
facet normal 0.720549 0.256503 0.644217
outer loop
vertex 19.458171 6.682597 4.221378
vertex 20.201301 6.682597 3.390197
vertex 20.279966 7.517922 2.969616
endloop
endfacet
facet normal 0.696367 0.295199 0.654164
outer loop
vertex 19.458171 6.682597 4.221378
vertex 20.279966 7.517922 2.969616
vertex 19.561826 7.517922 3.734086
endloop
endfacet
facet normal 0.794157 0.228078 0.563289
outer loop
vertex 20.201301 6.682597 3.390197
vertex 20.846340 6.682597 2.480786
vertex 20.873232 7.517922 2.104645
endloop
endfacet
facet normal 0.807526 0.202820 0.553865
outer loop
vertex 20.201301 6.682597 3.390197
vertex 20.873232 7.517922 2.104645
vertex 20.279966 7.517922 2.969616
endloop
endfacet
facet normal 0.888567 0.157428 0.430889
outer loop
vertex 20.846340 6.682597 2.480786
vertex 21.332824 6.682597 1.477572
vertex 21.336960 7.517922 1.163850
endloop
endfacet
facet normal 0.884239 0.167794 0.435851
outer loop
vertex 20.846340 6.682597 2.480786
vertex 21.336960 7.517922 1.163850
vertex 20.873232 7.517922 2.104645
endloop
endfacet
facet normal 0.818967 0.101658 0.564764
outer loop
vertex 21.332824 6.682597 1.477572
vertex 21.965784 6.682597 0.559712
vertex 22.003793 7.517922 0.354236
endloop
endfacet
facet normal 0.751426 0.228721 0.618907
outer loop
vertex 21.332824 6.682597 1.477572
vertex 22.003793 7.517922 0.354236
vertex 21.336960 7.517922 1.163850
endloop
endfacet
facet normal -0.816389 0.346078 0.462320
outer loop
vertex 1.986610 7.517922 0.469886
vertex 2.503465 7.517922 1.382575
vertex 2.703255 8.353247 1.110078
endloop
endfacet
facet normal -0.740960 0.130882 0.658671
outer loop
vertex 1.986610 7.517922 0.469886
vertex 2.703255 8.353247 1.110078
vertex 2.015202 8.353247 0.336064
endloop
endfacet
facet normal -0.787479 0.422653 0.448599
outer loop
vertex 2.503465 7.517922 1.382575
vertex 3.022640 7.517922 2.293946
vertex 3.284746 8.353247 1.967039
endloop
endfacet
facet normal -0.773240 0.356101 0.524682
outer loop
vertex 2.503465 7.517922 1.382575
vertex 3.284746 8.353247 1.967039
vertex 2.703255 8.353247 1.110078
endloop
endfacet
facet normal -0.631187 0.623181 0.461789
outer loop
vertex 3.022640 7.517922 2.293946
vertex 3.641963 7.517922 3.140455
vertex 4.087179 8.353247 2.621726
endloop
endfacet
facet normal -0.565067 0.448352 0.692589
outer loop
vertex 3.022640 7.517922 2.293946
vertex 4.087179 8.353247 2.621726
vertex 3.284746 8.353247 1.967039
endloop
endfacet
facet normal -0.504755 0.530148 0.681297
outer loop
vertex 3.641963 7.517922 3.140455
vertex 4.484741 7.517922 3.764847
vertex 4.814389 8.353247 3.359072
endloop
endfacet
facet normal -0.551760 0.632008 0.544175
outer loop
vertex 3.641963 7.517922 3.140455
vertex 4.814389 8.353247 3.359072
vertex 4.087179 8.353247 2.621726
endloop
endfacet
facet normal -0.516754 0.342386 0.784689
outer loop
vertex 4.484741 7.517922 3.764847
vertex 5.360727 7.517922 4.341725
vertex 5.541636 8.353247 4.096382
endloop
endfacet
facet normal -0.604522 0.528216 0.596272
outer loop
vertex 4.484741 7.517922 3.764847
vertex 5.541636 8.353247 4.096382
vertex 4.814389 8.353247 3.359072
endloop
endfacet
facet normal -0.562842 0.200950 0.801766
outer loop
vertex 5.360727 7.517922 4.341725
vertex 6.219191 7.517922 4.944369
vertex 6.305550 8.353247 4.795632
endloop
endfacet
facet normal -0.634700 0.341116 0.693394
outer loop
vertex 5.360727 7.517922 4.341725
vertex 6.305550 8.353247 4.795632
vertex 5.541636 8.353247 4.096382
endloop
endfacet
facet normal -0.419278 -0.041247 0.906920
outer loop
vertex 6.219191 7.517922 4.944369
vertex 7.171247 7.517922 5.384514
vertex 7.140510 8.353247 5.408294
endloop
endfacet
facet normal -0.579568 0.200559 0.789859
outer loop
vertex 6.219191 7.517922 4.944369
vertex 7.140510 8.353247 5.408294
vertex 6.305550 8.353247 4.795632
endloop
endfacet
facet normal 0.278058 -0.322528 0.904798
outer loop
vertex 7.171247 7.517922 5.384514
vertex 8.173847 7.517922 5.076400
vertex 8.175553 8.353247 5.373640
endloop
endfacet
facet normal 0.033450 -0.027211 0.999070
outer loop
vertex 7.171247 7.517922 5.384514
vertex 8.175553 8.353247 5.373640
vertex 7.140510 8.353247 5.408294
endloop
endfacet
facet normal 0.558010 -0.303162 0.772475
outer loop
vertex 8.173847 7.517922 5.076400
vertex 9.024090 7.517922 4.462213
vertex 9.028766 8.353247 4.786663
endloop
endfacet
facet normal 0.543725 -0.282344 0.790345
outer loop
vertex 8.173847 7.517922 5.076400
vertex 9.028766 8.353247 4.786663
vertex 8.175553 8.353247 5.373640
endloop
endfacet
facet normal 0.568028 -0.305781 0.764096
outer loop
vertex 9.024090 7.517922 4.462213
vertex 9.865850 7.517922 3.836450
vertex 9.862925 8.353247 4.172910
endloop
endfacet
facet normal 0.565071 -0.301462 0.767995
outer loop
vertex 9.024090 7.517922 4.462213
vertex 9.862925 8.353247 4.172910
vertex 9.028766 8.353247 4.786663
endloop
endfacet
facet normal 0.637949 -0.407592 0.653368
outer loop
vertex 9.865850 7.517922 3.836450
vertex 10.616319 7.517922 3.103691
vertex 10.691391 8.353247 3.551493
endloop
endfacet
facet normal 0.571475 -0.304878 0.761883
outer loop
vertex 9.865850 7.517922 3.836450
vertex 10.691391 8.353247 3.551493
vertex 9.862925 8.353247 4.172910
endloop
endfacet
facet normal 0.474739 -0.471464 0.743199
outer loop
vertex 10.616319 7.517922 3.103691
vertex 11.500247 7.517922 2.539057
vertex 11.579305 8.353247 3.018462
endloop
endfacet
facet normal 0.459274 -0.451405 0.765050
outer loop
vertex 10.616319 7.517922 3.103691
vertex 11.579305 8.353247 3.018462
vertex 10.691391 8.353247 3.551493
endloop
endfacet
facet normal 0.012905 -0.586044 0.810177
outer loop
vertex 11.500247 7.517922 2.539057
vertex 12.548989 7.517922 2.522351
vertex 12.609368 8.353247 3.125624
endloop
endfacet
facet normal -0.090244 -0.489294 0.867437
outer loop
vertex 11.500247 7.517922 2.539057
vertex 12.609368 8.353247 3.125624
vertex 11.579305 8.353247 3.018462
endloop
endfacet
facet normal -0.435130 -0.488306 0.756452
outer loop
vertex 12.548989 7.517922 2.522351
vertex 13.458177 7.517922 3.045339
vertex 13.519471 8.353247 3.619816
endloop
endfacet
facet normal -0.409158 -0.514607 0.753505
outer loop
vertex 12.548989 7.517922 2.522351
vertex 13.519471 8.353247 3.619816
vertex 12.609368 8.353247 3.125624
endloop
endfacet
facet normal -0.613271 -0.336653 0.714537
outer loop
vertex 13.458177 7.517922 3.045339
vertex 14.254097 7.517922 3.728458
vertex 14.365265 8.353247 4.217434
endloop
endfacet
facet normal -0.512120 -0.460882 0.724791
outer loop
vertex 13.458177 7.517922 3.045339
vertex 14.365265 8.353247 4.217434
vertex 13.519471 8.353247 3.619816
endloop
endfacet
facet normal -0.624846 -0.301890 0.720021
outer loop
vertex 14.254097 7.517922 3.728458
vertex 15.046269 7.517922 4.415919
vertex 15.167979 8.353247 4.871776
endloop
endfacet
facet normal -0.592644 -0.346709 0.727026
outer loop
vertex 14.254097 7.517922 3.728458
vertex 15.167979 8.353247 4.871776
vertex 14.365265 8.353247 4.217434
endloop
endfacet
facet normal -0.565341 -0.267740 0.780195
outer loop
vertex 15.046269 7.517922 4.415919
vertex 15.895605 7.517922 5.031361
vertex 16.043388 8.353247 5.425107
endloop
endfacet
facet normal -0.498878 -0.358031 0.789262
outer loop
vertex 15.046269 7.517922 4.415919
vertex 16.043388 8.353247 5.425107
vertex 15.167979 8.353247 4.871776
endloop
endfacet
facet normal -0.307390 0.151807 0.939397
outer loop
vertex 15.895605 7.517922 5.031361
vertex 16.892468 7.517922 5.357555
vertex 17.068833 8.353247 5.280276
endloop
endfacet
facet normal 0.125509 -0.441084 0.888646
outer loop
vertex 15.895605 7.517922 5.031361
vertex 17.068833 8.353247 5.280276
vertex 16.043388 8.353247 5.425107
endloop
endfacet
facet normal 0.355570 0.312128 0.880992
outer loop
vertex 16.892468 7.517922 5.357555
vertex 17.865112 7.517922 4.964995
vertex 17.895681 8.353247 4.656709
endloop
endfacet
facet normal 0.601267 -0.053189 0.797276
outer loop
vertex 16.892468 7.517922 5.357555
vertex 17.895681 8.353247 4.656709
vertex 17.068833 8.353247 5.280276
endloop
endfacet
facet normal 0.504037 0.420253 0.754542
outer loop
vertex 17.865112 7.517922 4.964995
vertex 18.737290 7.517922 4.382376
vertex 18.666129 8.353247 3.964665
endloop
endfacet
facet normal 0.648271 0.242633 0.721716
outer loop
vertex 17.865112 7.517922 4.964995
vertex 18.666129 8.353247 3.964665
vertex 17.895681 8.353247 4.656709
endloop
endfacet
facet normal 0.535849 0.498383 0.681528
outer loop
vertex 18.737290 7.517922 4.382376
vertex 19.561826 7.517922 3.734086
vertex 19.409163 8.353247 3.243267
endloop
endfacet
facet normal 0.642668 0.385758 0.661943
outer loop
vertex 18.737290 7.517922 4.382376
vertex 19.409163 8.353247 3.243267
vertex 18.666129 8.353247 3.964665
endloop
endfacet
facet normal 0.643499 0.469561 0.604501
outer loop
vertex 19.561826 7.517922 3.734086
vertex 20.279966 7.517922 2.969616
vertex 20.120457 8.353247 2.490556
endloop
endfacet
facet normal 0.640495 0.472690 0.605253
outer loop
vertex 19.561826 7.517922 3.734086
vertex 20.120457 8.353247 2.490556
vertex 19.409163 8.353247 3.243267
endloop
endfacet
facet normal 0.768188 0.363705 0.526884
outer loop
vertex 20.279966 7.517922 2.969616
vertex 20.873232 7.517922 2.104645
vertex 20.767604 8.353247 1.682029
endloop
endfacet
facet normal 0.696205 0.452524 0.557244
outer loop
vertex 20.279966 7.517922 2.969616
vertex 20.767604 8.353247 1.682029
vertex 20.120457 8.353247 2.490556
endloop
endfacet
facet normal 0.852395 0.311275 0.420155
outer loop
vertex 20.873232 7.517922 2.104645
vertex 21.336960 7.517922 1.163850
vertex 21.232618 8.353247 0.756678
endloop
endfacet
facet normal 0.845921 0.322038 0.425099
outer loop
vertex 20.873232 7.517922 2.104645
vertex 21.232618 8.353247 0.756678
vertex 20.767604 8.353247 1.682029
endloop
endfacet
facet normal 0.745764 0.257954 0.614244
outer loop
vertex 21.336960 7.517922 1.163850
vertex 22.003793 7.517922 0.354236
vertex 21.976687 8.353247 0.036348
endloop
endfacet
facet normal 0.637330 0.400509 0.658333
outer loop
vertex 21.336960 7.517922 1.163850
vertex 21.976687 8.353247 0.036348
vertex 21.232618 8.353247 0.756678
endloop
endfacet
facet normal -0.518972 0.719608 0.461337
outer loop
vertex 2.015202 8.353247 0.336064
vertex 2.703255 8.353247 1.110078
vertex 3.096297 9.188571 0.249256
endloop
endfacet
facet normal -0.590896 0.700056 0.400952
outer loop
vertex 2.703255 8.353247 1.110078
vertex 3.284746 8.353247 1.967039
vertex 3.689880 9.188571 1.105634
endloop
endfacet
facet normal -0.588825 0.697648 0.408133
outer loop
vertex 2.703255 8.353247 1.110078
vertex 3.689880 9.188571 1.105634
vertex 3.096297 9.188571 0.249256
endloop
endfacet
facet normal -0.538829 0.522968 0.660430
outer loop
vertex 3.284746 8.353247 1.967039
vertex 4.087179 8.353247 2.621726
vertex 4.171925 9.188571 2.029408
endloop
endfacet
facet normal -0.656665 0.671844 0.342662
outer loop
vertex 3.284746 8.353247 1.967039
vertex 4.171925 9.188571 2.029408
vertex 3.689880 9.188571 1.105634
endloop
endfacet
facet normal -0.679676 0.297817 0.670332
outer loop
vertex 4.087179 8.353247 2.621726
vertex 4.814389 8.353247 3.359072
vertex 4.734210 9.188571 2.906655
endloop
endfacet
facet normal -0.762511 0.423920 0.488743
outer loop
vertex 4.087179 8.353247 2.621726
vertex 4.734210 9.188571 2.906655
vertex 4.171925 9.188571 2.029408
endloop
endfacet
facet normal -0.689985 0.246471 0.680568
outer loop
vertex 4.814389 8.353247 3.359072
vertex 5.541636 8.353247 4.096382
vertex 5.430838 9.188571 3.681534
endloop
endfacet
facet normal -0.714094 0.279158 0.641982
outer loop
vertex 4.814389 8.353247 3.359072
vertex 5.430838 9.188571 3.681534
vertex 4.734210 9.188571 2.906655
endloop
endfacet
facet normal -0.657738 0.225941 0.718562
outer loop
vertex 5.541636 8.353247 4.096382
vertex 6.305550 8.353247 4.795632
vertex 6.173657 9.188571 4.412249
endloop
endfacet
facet normal -0.678540 0.252564 0.689779
outer loop
vertex 5.541636 8.353247 4.096382
vertex 6.173657 9.188571 4.412249
vertex 5.430838 9.188571 3.681534
endloop
endfacet
facet normal -0.589531 0.083320 0.803437
outer loop
vertex 6.305550 8.353247 4.795632
vertex 7.140510 8.353247 5.408294
vertex 6.908245 9.188571 5.151240
endloop
endfacet
facet normal -0.693855 0.207001 0.689721
outer loop
vertex 6.305550 8.353247 4.795632
vertex 6.908245 9.188571 5.151240
vertex 6.173657 9.188571 4.412249
endloop
endfacet
facet normal 0.030367 -0.420049 0.906993
outer loop
vertex 7.140510 8.353247 5.408294
vertex 8.175553 8.353247 5.373640
vertex 7.742913 9.188571 5.774983
endloop
endfacet
facet normal -0.596703 0.079802 0.798484
outer loop
vertex 7.140510 8.353247 5.408294
vertex 7.742913 9.188571 5.774983
vertex 6.908245 9.188571 5.151240
endloop
endfacet
facet normal 0.450921 -0.605855 0.655446
outer loop
vertex 8.175553 8.353247 5.373640
vertex 9.028766 8.353247 4.786663
vertex 8.783803 9.188571 5.727312
endloop
endfacet
facet normal 0.041623 -0.415099 0.908823
outer loop
vertex 8.175553 8.353247 5.373640
vertex 8.783803 9.188571 5.727312
vertex 7.742913 9.188571 5.774983
endloop
endfacet
facet normal 0.461439 -0.627504 0.627147
outer loop
vertex 9.028766 8.353247 4.786663
vertex 9.862925 8.353247 4.172910
vertex 9.657645 9.188571 5.159750
endloop
endfacet
facet normal 0.428526 -0.617300 0.659777
outer loop
vertex 9.028766 8.353247 4.786663
vertex 9.657645 9.188571 5.159750
vertex 8.783803 9.188571 5.727312
endloop
endfacet
facet normal 0.473685 -0.613852 0.631512
outer loop
vertex 9.862925 8.353247 4.172910
vertex 10.691391 8.353247 3.551493
vertex 10.481060 9.188571 4.521225
endloop
endfacet
facet normal 0.482495 -0.616490 0.622204
outer loop
vertex 9.862925 8.353247 4.172910
vertex 10.481060 9.188571 4.521225
vertex 9.657645 9.188571 5.159750
endloop
endfacet
facet normal 0.398695 -0.632425 0.664139
outer loop
vertex 10.691391 8.353247 3.551493
vertex 11.579305 8.353247 3.018462
vertex 11.352533 9.188571 3.950033
endloop
endfacet
facet normal 0.421211 -0.639991 0.642646
outer loop
vertex 10.691391 8.353247 3.551493
vertex 11.352533 9.188571 3.950033
vertex 10.481060 9.188571 4.521225
endloop
endfacet
facet normal -0.078783 -0.648322 0.757279
outer loop
vertex 11.579305 8.353247 3.018462
vertex 12.609368 8.353247 3.125624
vertex 12.386056 9.188571 3.817530
endloop
endfacet
facet normal 0.086758 -0.731124 0.676706
outer loop
vertex 11.579305 8.353247 3.018462
vertex 12.386056 9.188571 3.817530
vertex 11.352533 9.188571 3.950033
endloop
endfacet
facet normal -0.365399 -0.643168 0.672918
outer loop
vertex 12.609368 8.353247 3.125624
vertex 13.519471 8.353247 3.619816
vertex 13.307871 9.188571 4.303311
endloop
endfacet
facet normal -0.353924 -0.650911 0.671604
outer loop
vertex 12.609368 8.353247 3.125624
vertex 13.307871 9.188571 4.303311
vertex 12.386056 9.188571 3.817530
endloop
endfacet
facet normal -0.488112 -0.533408 0.690813
outer loop
vertex 13.519471 8.353247 3.619816
vertex 14.365265 8.353247 4.217434
vertex 14.238176 9.188571 4.772627
endloop
endfacet
facet normal -0.344092 -0.645267 0.682079
outer loop
vertex 13.519471 8.353247 3.619816
vertex 14.238176 9.188571 4.772627
vertex 13.307871 9.188571 4.303311
endloop
endfacet
facet normal -0.581093 -0.392642 0.712855
outer loop
vertex 14.365265 8.353247 4.217434
vertex 15.167979 8.353247 4.871776
vertex 15.134256 9.188571 5.304385
endloop
endfacet
facet normal -0.428038 -0.544530 0.721298
outer loop
vertex 14.365265 8.353247 4.217434
vertex 15.134256 9.188571 5.304385
vertex 14.238176 9.188571 4.772627
endloop
endfacet
facet normal -0.530138 -0.124537 0.838716
outer loop
vertex 15.167979 8.353247 4.871776
vertex 16.043388 8.353247 5.425107
vertex 16.131905 9.188571 5.605090
endloop
endfacet
facet normal -0.257344 -0.452562 0.853792
outer loop
vertex 15.167979 8.353247 4.871776
vertex 16.131905 9.188571 5.605090
vertex 15.134256 9.188571 5.304385
endloop
endfacet
facet normal 0.138209 0.152683 0.978563
outer loop
vertex 16.043388 8.353247 5.425107
vertex 17.068833 8.353247 5.280276
vertex 17.069199 9.188571 5.149891
endloop
endfacet
facet normal 0.424785 -0.233474 0.874670
outer loop
vertex 16.043388 8.353247 5.425107
vertex 17.069199 9.188571 5.149891
vertex 16.131905 9.188571 5.605090
endloop
endfacet
facet normal 0.591602 0.186089 0.784461
outer loop
vertex 17.068833 8.353247 5.280276
vertex 17.895681 8.353247 4.656709
vertex 17.867281 9.188571 4.479972
endloop
endfacet
facet normal 0.638403 0.118432 0.760536
outer loop
vertex 17.068833 8.353247 5.280276
vertex 17.867281 9.188571 4.479972
vertex 17.069199 9.188571 5.149891
endloop
endfacet
facet normal 0.652128 0.218263 0.726010
outer loop
vertex 17.895681 8.353247 4.656709
vertex 18.666129 8.353247 3.964665
vertex 18.617688 9.188571 3.757051
endloop
endfacet
facet normal 0.683297 0.173299 0.709276
outer loop
vertex 17.895681 8.353247 4.656709
vertex 18.617688 9.188571 3.757051
vertex 17.867281 9.188571 4.479972
endloop
endfacet
facet normal 0.667748 0.284745 0.687774
outer loop
vertex 18.666129 8.353247 3.964665
vertex 19.409163 8.353247 3.243267
vertex 19.318236 9.188571 2.985715
endloop
endfacet
facet normal 0.724452 0.205545 0.657967
outer loop
vertex 18.666129 8.353247 3.964665
vertex 19.318236 9.188571 2.985715
vertex 18.617688 9.188571 3.757051
endloop
endfacet
facet normal 0.669974 0.387694 0.633110
outer loop
vertex 19.409163 8.353247 3.243267
vertex 20.120457 8.353247 2.490556
vertex 19.951270 9.188571 2.158072
endloop
endfacet
facet normal 0.766104 0.264061 0.585966
outer loop
vertex 19.409163 8.353247 3.243267
vertex 19.951270 9.188571 2.158072
vertex 19.318236 9.188571 2.985715
endloop
endfacet
facet normal 0.635968 0.580028 0.509030
outer loop
vertex 20.120457 8.353247 2.490556
vertex 20.767604 8.353247 1.682029
vertex 20.383569 9.188571 1.209998
endloop
endfacet
facet normal 0.858948 0.329864 0.391660
outer loop
vertex 20.120457 8.353247 2.490556
vertex 20.383569 9.188571 1.209998
vertex 19.951270 9.188571 2.158072
endloop
endfacet
facet normal 0.792369 0.462168 0.398187
outer loop
vertex 20.767604 8.353247 1.682029
vertex 21.232618 8.353247 0.756678
vertex 20.955338 9.188571 0.338903
endloop
endfacet
facet normal 0.686670 0.570385 0.450716
outer loop
vertex 20.767604 8.353247 1.682029
vertex 20.955338 9.188571 0.338903
vertex 20.383569 9.188571 1.209998
endloop
endfacet
facet normal -0.886170 -0.029444 0.462423
outer loop
vertex 3.689880 9.188571 1.105634
vertex 4.171925 9.188571 2.029408
vertex 4.174917 10.023896 2.088329
endloop
endfacet
facet normal -0.866671 -0.076680 0.492951
outer loop
vertex 3.689880 9.188571 1.105634
vertex 4.174917 10.023896 2.088329
vertex 3.664304 10.023896 1.190605
endloop
endfacet
facet normal -0.841068 0.044509 0.539095
outer loop
vertex 4.171925 9.188571 2.029408
vertex 4.734210 9.188571 2.906655
vertex 4.787060 10.023896 2.920143
endloop
endfacet
facet normal -0.804804 -0.038894 0.592265
outer loop
vertex 4.171925 9.188571 2.029408
vertex 4.787060 10.023896 2.920143
vertex 4.174917 10.023896 2.088329
endloop
endfacet
facet normal -0.742527 -0.055141 0.667543
outer loop
vertex 4.734210 9.188571 2.906655
vertex 5.430838 9.188571 3.681534
vertex 5.418815 10.023896 3.737161
endloop
endfacet
facet normal -0.790449 0.040142 0.611211
outer loop
vertex 4.734210 9.188571 2.906655
vertex 5.418815 10.023896 3.737161
vertex 4.787060 10.023896 2.920143
endloop
endfacet
facet normal -0.692906 -0.154031 0.704384
outer loop
vertex 5.430838 9.188571 3.681534
vertex 6.173657 9.188571 4.412249
vertex 6.095145 10.023896 4.517681
endloop
endfacet
facet normal -0.754628 -0.054406 0.653894
outer loop
vertex 5.430838 9.188571 3.681534
vertex 6.095145 10.023896 4.517681
vertex 5.418815 10.023896 3.737161
endloop
endfacet
facet normal -0.703476 -0.126977 0.699284
outer loop
vertex 6.173657 9.188571 4.412249
vertex 6.908245 9.188571 5.151240
vertex 6.839430 10.023896 5.233692
endloop
endfacet
facet normal -0.684988 -0.154253 0.712037
outer loop
vertex 6.173657 9.188571 4.412249
vertex 6.839430 10.023896 5.233692
vertex 6.095145 10.023896 4.517681
endloop
endfacet
facet normal -0.597508 -0.060710 0.799561
outer loop
vertex 6.908245 9.188571 5.151240
vertex 7.742913 9.188571 5.774983
vertex 7.699273 10.023896 5.805797
endloop
endfacet
facet normal -0.549476 -0.126782 0.825834
outer loop
vertex 6.908245 9.188571 5.151240
vertex 7.699273 10.023896 5.805797
vertex 6.839430 10.023896 5.233692
endloop
endfacet
facet normal 0.045592 -0.083157 0.995493
outer loop
vertex 7.742913 9.188571 5.774983
vertex 8.783803 9.188571 5.727312
vertex 8.732033 10.023896 5.799461
endloop
endfacet
facet normal 0.006131 -0.036543 0.999313
outer loop
vertex 7.742913 9.188571 5.774983
vertex 8.732033 10.023896 5.799461
vertex 7.699273 10.023896 5.805797
endloop
endfacet
facet normal 0.532564 -0.209863 0.819959
outer loop
vertex 8.783803 9.188571 5.727312
vertex 9.657645 9.188571 5.159750
vertex 9.669405 10.023896 5.365908
endloop
endfacet
facet normal 0.419217 -0.052305 0.906378
outer loop
vertex 8.783803 9.188571 5.727312
vertex 9.669405 10.023896 5.365908
vertex 8.732033 10.023896 5.799461
endloop
endfacet
facet normal 0.579420 -0.325533 0.747195
outer loop
vertex 9.657645 9.188571 5.159750
vertex 10.481060 9.188571 4.521225
vertex 10.552237 10.023896 4.829959
endloop
endfacet
facet normal 0.507002 -0.213252 0.835148
outer loop
vertex 9.657645 9.188571 5.159750
vertex 10.552237 10.023896 4.829959
vertex 9.669405 10.023896 5.365908
endloop
endfacet
facet normal 0.489983 -0.448390 0.747572
outer loop
vertex 10.481060 9.188571 4.521225
vertex 11.352533 9.188571 3.950033
vertex 11.476756 10.023896 4.369636
endloop
endfacet
facet normal 0.418175 -0.346046 0.839870
outer loop
vertex 10.481060 9.188571 4.521225
vertex 11.476756 10.023896 4.369636
vertex 10.552237 10.023896 4.829959
endloop
endfacet
facet normal 0.110662 -0.492656 0.863159
outer loop
vertex 11.352533 9.188571 3.950033
vertex 12.386056 9.188571 3.817530
vertex 12.505549 10.023896 4.278980
endloop
endfacet
facet normal 0.078088 -0.456752 0.886160
outer loop
vertex 11.352533 9.188571 3.950033
vertex 12.505549 10.023896 4.278980
vertex 11.476756 10.023896 4.369636
endloop
endfacet
facet normal -0.399096 -0.516901 0.757321
outer loop
vertex 12.386056 9.188571 3.817530
vertex 13.307871 9.188571 4.303311
vertex 13.338490 10.023896 4.889588
endloop
endfacet
facet normal -0.556110 -0.339513 0.758599
outer loop
vertex 12.386056 9.188571 3.817530
vertex 13.338490 10.023896 4.889588
vertex 12.505549 10.023896 4.278980
endloop
endfacet
facet normal -0.382604 -0.527650 0.758419
outer loop
vertex 13.307871 9.188571 4.303311
vertex 14.238176 9.188571 4.772627
vertex 14.256391 10.023896 5.362971
endloop
endfacet
facet normal -0.391827 -0.518880 0.759760
outer loop
vertex 13.307871 9.188571 4.303311
vertex 14.256391 10.023896 5.362971
vertex 13.338490 10.023896 4.889588
endloop
endfacet
facet normal -0.469886 -0.390168 0.791818
outer loop
vertex 14.238176 9.188571 4.772627
vertex 15.134256 9.188571 5.304385
vertex 15.209531 10.023896 5.760661
endloop
endfacet
facet normal -0.323767 -0.541337 0.775970
outer loop
vertex 14.238176 9.188571 4.772627
vertex 15.209531 10.023896 5.760661
vertex 14.256391 10.023896 5.362971
endloop
endfacet
facet normal -0.284531 -0.167119 0.943988
outer loop
vertex 15.134256 9.188571 5.304385
vertex 16.131905 9.188571 5.605090
vertex 16.241996 10.023896 5.786154
endloop
endfacet
facet normal -0.021685 -0.477755 0.878225
outer loop
vertex 15.134256 9.188571 5.304385
vertex 16.241996 10.023896 5.786154
vertex 15.209531 10.023896 5.760661
endloop
endfacet
facet normal 0.433023 -0.132217 0.891633
outer loop
vertex 16.131905 9.188571 5.605090
vertex 17.069199 9.188571 5.149891
vertex 17.123200 10.023896 5.247533
endloop
endfacet
facet normal 0.505514 -0.245892 0.827039
outer loop
vertex 16.131905 9.188571 5.605090
vertex 17.123200 10.023896 5.247533
vertex 16.241996 10.023896 5.786154
endloop
endfacet
facet normal 0.640287 -0.090544 0.762781
outer loop
vertex 17.069199 9.188571 5.149891
vertex 17.867281 9.188571 4.479972
vertex 17.892239 10.023896 4.558176
endloop
endfacet
facet normal 0.661891 -0.129101 0.738399
outer loop
vertex 17.069199 9.188571 5.149891
vertex 17.892239 10.023896 4.558176
vertex 17.123200 10.023896 5.247533
endloop
endfacet
facet normal 0.693364 -0.035236 0.719726
outer loop
vertex 17.867281 9.188571 4.479972
vertex 18.617688 9.188571 3.757051
vertex 18.604682 10.023896 3.810475
endloop
endfacet
facet normal 0.721295 -0.085896 0.687282
outer loop
vertex 17.867281 9.188571 4.479972
vertex 18.604682 10.023896 3.810475
vertex 17.892239 10.023896 4.558176
endloop
endfacet
facet normal 0.740232 0.008473 0.672298
outer loop
vertex 18.617688 9.188571 3.757051
vertex 19.318236 9.188571 2.985715
vertex 19.273979 10.023896 3.023916
endloop
endfacet
facet normal 0.761261 -0.029576 0.647771
outer loop
vertex 18.617688 9.188571 3.757051
vertex 19.273979 10.023896 3.023916
vertex 18.604682 10.023896 3.810475
endloop
endfacet
facet normal 0.794297 0.000060 0.607529
outer loop
vertex 19.318236 9.188571 2.985715
vertex 19.951270 9.188571 2.158072
vertex 19.910829 10.023896 2.210863
endloop
endfacet
facet normal 0.787176 0.013508 0.616580
outer loop
vertex 19.318236 9.188571 2.985715
vertex 19.910829 10.023896 2.210863
vertex 19.273979 10.023896 3.023916
endloop
endfacet
facet normal 0.903824 -0.115138 0.412122
outer loop
vertex 19.951270 9.188571 2.158072
vertex 20.383569 9.188571 1.209998
vertex 20.438444 10.023896 1.323025
endloop
endfacet
facet normal 0.859621 0.009333 0.510847
outer loop
vertex 19.951270 9.188571 2.158072
vertex 20.438444 10.023896 1.323025
vertex 19.910829 10.023896 2.210863
endloop
endfacet
facet normal 0.785948 -0.133323 0.603747
outer loop
vertex 20.383569 9.188571 1.209998
vertex 21.067598 10.023896 0.504002
vertex 20.438444 10.023896 1.323025
endloop
endfacet
facet normal -0.629522 -0.599584 0.494168
outer loop
vertex 3.026595 10.023896 0.378225
vertex 3.664304 10.023896 1.190605
vertex 3.245846 10.859221 1.671047
endloop
endfacet
facet normal -0.800161 -0.432741 0.415305
outer loop
vertex 3.026595 10.023896 0.378225
vertex 3.245846 10.859221 1.671047
vertex 2.779583 10.859221 0.772707
endloop
endfacet
facet normal -0.747980 -0.509436 0.425441
outer loop
vertex 3.664304 10.023896 1.190605
vertex 4.174917 10.023896 2.088329
vertex 3.836246 10.859221 2.493144
endloop
endfacet
facet normal -0.652166 -0.596085 0.468361
outer loop
vertex 3.664304 10.023896 1.190605
vertex 3.836246 10.859221 2.493144
vertex 3.245846 10.859221 1.671047
endloop
endfacet
facet normal -0.715655 -0.458768 0.526660
outer loop
vertex 4.174917 10.023896 2.088329
vertex 4.787060 10.023896 2.920143
vertex 4.499789 10.859221 3.257426
endloop
endfacet
facet normal -0.640666 -0.529306 0.556221
outer loop
vertex 4.174917 10.023896 2.088329
vertex 4.499789 10.859221 3.257426
vertex 3.836246 10.859221 2.493144
endloop
endfacet
facet normal -0.747054 -0.328972 0.577657
outer loop
vertex 4.787060 10.023896 2.920143
vertex 5.418815 10.023896 3.737161
vertex 5.225533 10.859221 3.962911
endloop
endfacet
facet normal -0.616070 -0.467765 0.633761
outer loop
vertex 4.787060 10.023896 2.920143
vertex 5.225533 10.859221 3.962911
vertex 4.499789 10.859221 3.257426
endloop
endfacet
facet normal -0.747540 -0.146976 0.647752
outer loop
vertex 5.418815 10.023896 3.737161
vertex 6.095145 10.023896 4.517681
vertex 6.007267 10.859221 4.605802
endloop
endfacet
facet normal -0.598450 -0.335136 0.727696
outer loop
vertex 5.418815 10.023896 3.737161
vertex 6.007267 10.859221 4.605802
vertex 5.225533 10.859221 3.962911
endloop
endfacet
facet normal -0.691357 0.074544 0.718657
outer loop
vertex 6.095145 10.023896 4.517681
vertex 6.839430 10.023896 5.233692
vertex 6.853690 10.859221 5.160764
endloop
endfacet
facet normal -0.542565 -0.144376 0.827514
outer loop
vertex 6.095145 10.023896 4.517681
vertex 6.853690 10.859221 5.160764
vertex 6.007267 10.859221 4.605802
endloop
endfacet
facet normal -0.522095 0.334205 0.784681
outer loop
vertex 6.839430 10.023896 5.233692
vertex 7.699273 10.023896 5.805797
vertex 7.800836 10.859221 5.517597
endloop
endfacet
facet normal -0.351206 0.087382 0.932212
outer loop
vertex 6.839430 10.023896 5.233692
vertex 7.800836 10.859221 5.517597
vertex 6.853690 10.859221 5.160764
endloop
endfacet
facet normal 0.005208 0.528561 0.848879
outer loop
vertex 7.699273 10.023896 5.805797
vertex 8.732033 10.023896 5.799461
vertex 8.784449 10.859221 5.279018
endloop
endfacet
facet normal 0.225362 0.293161 0.929123
outer loop
vertex 7.699273 10.023896 5.805797
vertex 8.784449 10.859221 5.279018
vertex 7.800836 10.859221 5.517597
endloop
endfacet
facet normal 0.353568 0.539094 0.764439
outer loop
vertex 8.732033 10.023896 5.799461
vertex 9.669405 10.023896 5.365908
vertex 9.664501 10.859221 4.779093
endloop
endfacet
facet normal 0.439879 0.454850 0.774350
outer loop
vertex 8.732033 10.023896 5.799461
vertex 9.664501 10.859221 4.779093
vertex 8.784449 10.859221 5.279018
endloop
endfacet
facet normal 0.446969 0.508074 0.736261
outer loop
vertex 9.669405 10.023896 5.365908
vertex 10.552237 10.023896 4.829959
vertex 10.535555 10.859221 4.263651
endloop
endfacet
facet normal 0.435229 0.519244 0.735501
outer loop
vertex 9.669405 10.023896 5.365908
vertex 10.535555 10.859221 4.263651
vertex 9.664501 10.859221 4.779093
endloop
endfacet
facet normal 0.404359 0.420656 0.812122
outer loop
vertex 10.552237 10.023896 4.829959
vertex 11.476756 10.023896 4.369636
vertex 11.491058 10.859221 3.929841
endloop
endfacet
facet normal 0.276954 0.542982 0.792759
outer loop
vertex 10.552237 10.023896 4.829959
vertex 11.491058 10.859221 3.929841
vertex 10.535555 10.859221 4.263651
endloop
endfacet
facet normal 0.076821 0.483838 0.871780
outer loop
vertex 11.476756 10.023896 4.369636
vertex 12.505549 10.023896 4.278980
vertex 12.496786 10.859221 3.816147
endloop
endfacet
facet normal 0.099611 0.462219 0.881153
outer loop
vertex 11.476756 10.023896 4.369636
vertex 12.496786 10.859221 3.816147
vertex 11.491058 10.859221 3.929841
endloop
endfacet
facet normal -0.508590 0.509913 0.693776
outer loop
vertex 12.505549 10.023896 4.278980
vertex 13.338490 10.023896 4.889588
vertex 13.381738 10.859221 4.307344
endloop
endfacet
facet normal -0.437626 0.432262 0.788437
outer loop
vertex 12.505549 10.023896 4.278980
vertex 13.381738 10.859221 4.307344
vertex 12.496786 10.859221 3.816147
endloop
endfacet
facet normal -0.395248 0.506377 0.766395
outer loop
vertex 13.338490 10.023896 4.889588
vertex 14.256391 10.023896 5.362971
vertex 14.258890 10.859221 4.812339
endloop
endfacet
facet normal -0.422169 0.532978 0.733286
outer loop
vertex 13.338490 10.023896 4.889588
vertex 14.258890 10.859221 4.812339
vertex 13.381738 10.859221 4.307344
endloop
endfacet
facet normal -0.339020 0.474200 0.812527
outer loop
vertex 14.256391 10.023896 5.362971
vertex 15.209531 10.023896 5.760661
vertex 15.168572 10.859221 5.256067
endloop
endfacet
facet normal -0.376963 0.510552 0.772810
outer loop
vertex 14.256391 10.023896 5.362971
vertex 15.168572 10.859221 5.256067
vertex 14.258890 10.859221 4.812339
endloop
endfacet
facet normal -0.023296 0.330573 0.943493
outer loop
vertex 15.209531 10.023896 5.760661
vertex 16.241996 10.023896 5.786154
vertex 16.152996 10.859221 5.491282
endloop
endfacet
facet normal -0.201367 0.499211 0.842757
outer loop
vertex 15.209531 10.023896 5.760661
vertex 16.152996 10.859221 5.491282
vertex 15.168572 10.859221 5.256067
endloop
endfacet
facet normal 0.518775 0.102576 0.848735
outer loop
vertex 16.241996 10.023896 5.786154
vertex 17.123200 10.023896 5.247533
vertex 17.107948 10.859221 5.155900
endloop
endfacet
facet normal 0.310937 0.345659 0.885347
outer loop
vertex 16.241996 10.023896 5.786154
vertex 17.107948 10.859221 5.155900
vertex 16.152996 10.859221 5.491282
endloop
endfacet
facet normal 0.666078 -0.064708 0.743070
outer loop
vertex 17.123200 10.023896 5.247533
vertex 17.892239 10.023896 4.558176
vertex 17.943613 10.859221 4.584867
endloop
endfacet
facet normal 0.561338 0.100363 0.821478
outer loop
vertex 17.123200 10.023896 5.247533
vertex 17.943613 10.859221 4.584867
vertex 17.107948 10.859221 5.155900
endloop
endfacet
facet normal 0.700233 -0.253968 0.667213
outer loop
vertex 17.892239 10.023896 4.558176
vertex 18.604682 10.023896 3.810475
vertex 18.751156 10.859221 3.974710
endloop
endfacet
facet normal 0.601665 -0.062448 0.796304
outer loop
vertex 17.892239 10.023896 4.558176
vertex 18.751156 10.859221 3.974710
vertex 17.943613 10.859221 4.584867
endloop
endfacet
facet normal 0.693386 -0.413640 0.590015
outer loop
vertex 18.604682 10.023896 3.810475
vertex 19.273979 10.023896 3.023916
vertex 19.521684 10.859221 3.318432
endloop
endfacet
facet normal 0.627027 -0.254692 0.736185
outer loop
vertex 18.604682 10.023896 3.810475
vertex 19.521684 10.859221 3.318432
vertex 18.751156 10.859221 3.974710
endloop
endfacet
facet normal 0.685730 -0.491199 0.537120
outer loop
vertex 19.273979 10.023896 3.023916
vertex 19.910829 10.023896 2.210863
vertex 20.217428 10.859221 2.583343
endloop
endfacet
facet normal 0.660383 -0.416201 0.625037
outer loop
vertex 19.273979 10.023896 3.023916
vertex 20.217428 10.859221 2.583343
vertex 19.521684 10.859221 3.318432
endloop
endfacet
facet normal 0.720263 -0.545905 0.428030
outer loop
vertex 19.910829 10.023896 2.210863
vertex 20.438444 10.023896 1.323025
vertex 20.810144 10.859221 1.762914
endloop
endfacet
facet normal 0.707654 -0.487707 0.511242
outer loop
vertex 19.910829 10.023896 2.210863
vertex 20.810144 10.859221 1.762914
vertex 20.217428 10.859221 2.583343
endloop
endfacet
facet normal 0.723541 -0.409350 0.555807
outer loop
vertex 20.438444 10.023896 1.323025
vertex 21.067598 10.023896 0.504002
vertex 21.266935 10.859221 0.859721
endloop
endfacet
facet normal 0.753405 -0.535904 0.381036
outer loop
vertex 20.438444 10.023896 1.323025
vertex 21.266935 10.859221 0.859721
vertex 20.810144 10.859221 1.762914
endloop
endfacet
facet normal -0.641952 -0.229370 0.731633
outer loop
vertex 2.018790 10.859221 0.105168
vertex 2.779583 10.859221 0.772707
vertex 2.718472 11.694545 0.980964
endloop
endfacet
facet normal -0.716617 -0.120088 0.687051
outer loop
vertex 2.018790 10.859221 0.105168
vertex 2.718472 11.694545 0.980964
vertex 2.012010 11.694545 0.244100
endloop
endfacet
facet normal -0.876089 -0.160324 0.454714
outer loop
vertex 2.779583 10.859221 0.772707
vertex 3.245846 10.859221 1.671047
vertex 3.201556 11.694545 1.880235
endloop
endfacet
facet normal -0.866633 -0.179470 0.465552
outer loop
vertex 2.779583 10.859221 0.772707
vertex 3.201556 11.694545 1.880235
vertex 2.718472 11.694545 0.980964
endloop
endfacet
facet normal -0.794907 -0.205492 0.570873
outer loop
vertex 3.245846 10.859221 1.671047
vertex 3.836246 10.859221 2.493144
vertex 3.782800 11.694545 2.719409
endloop
endfacet
facet normal -0.808178 -0.183033 0.559774
outer loop
vertex 3.245846 10.859221 1.671047
vertex 3.782800 11.694545 2.719409
vertex 3.201556 11.694545 1.880235
endloop
endfacet
facet normal -0.734207 -0.233710 0.637432
outer loop
vertex 3.836246 10.859221 2.493144
vertex 4.499789 10.859221 3.257426
vertex 4.442856 11.694545 3.498115
endloop
endfacet
facet normal -0.744391 -0.218539 0.630969
outer loop
vertex 3.836246 10.859221 2.493144
vertex 4.442856 11.694545 3.498115
vertex 3.782800 11.694545 2.719409
endloop
endfacet
facet normal -0.680061 -0.219295 0.699590
outer loop
vertex 4.499789 10.859221 3.257426
vertex 5.225533 10.859221 3.962911
vertex 5.191700 11.694545 4.191866
endloop
endfacet
facet normal -0.658106 -0.249540 0.710370
outer loop
vertex 4.499789 10.859221 3.257426
vertex 5.191700 11.694545 4.191866
vertex 4.442856 11.694545 3.498115
endloop
endfacet
facet normal -0.629235 -0.136530 0.765129
outer loop
vertex 5.225533 10.859221 3.962911
vertex 6.007267 10.859221 4.605802
vertex 6.030361 11.694545 4.773850
endloop
endfacet
facet normal -0.553321 -0.240959 0.797355
outer loop
vertex 5.225533 10.859221 3.962911
vertex 6.030361 11.694545 4.773850
vertex 5.191700 11.694545 4.191866
endloop
endfacet
facet normal -0.548033 -0.031748 0.835854
outer loop
vertex 6.007267 10.859221 4.605802
vertex 6.853690 10.859221 5.160764
vertex 6.935389 11.694545 5.246059
endloop
endfacet
facet normal -0.456369 -0.163346 0.874669
outer loop
vertex 6.007267 10.859221 4.605802
vertex 6.935389 11.694545 5.246059
vertex 6.030361 11.694545 4.773850
endloop
endfacet
facet normal -0.337553 0.288608 0.895971
outer loop
vertex 6.853690 10.859221 5.160764
vertex 7.800836 10.859221 5.517597
vertex 7.954417 11.694545 5.306385
endloop
endfacet
facet normal -0.058824 -0.095710 0.993670
outer loop
vertex 6.853690 10.859221 5.160764
vertex 7.954417 11.694545 5.306385
vertex 6.935389 11.694545 5.246059
endloop
endfacet
facet normal 0.206245 0.484195 0.850305
outer loop
vertex 7.800836 10.859221 5.517597
vertex 8.784449 10.859221 5.279018
vertex 8.835549 11.694545 4.790959
endloop
endfacet
facet normal 0.500993 0.124444 0.856458
outer loop
vertex 7.800836 10.859221 5.517597
vertex 8.835549 11.694545 4.790959
vertex 7.954417 11.694545 5.306385
endloop
endfacet
facet normal 0.415379 0.541090 0.731219
outer loop
vertex 8.784449 10.859221 5.279018
vertex 9.664501 10.859221 4.779093
vertex 9.646631 11.694545 4.171118
endloop
endfacet
facet normal 0.558408 0.392767 0.730695
outer loop
vertex 8.784449 10.859221 5.279018
vertex 9.646631 11.694545 4.171118
vertex 8.835549 11.694545 4.790959
endloop
endfacet
facet normal 0.422292 0.558919 0.713638
outer loop
vertex 9.664501 10.859221 4.779093
vertex 10.535555 10.859221 4.263651
vertex 10.509121 11.694545 3.625070
endloop
endfacet
facet normal 0.453324 0.530847 0.716030
outer loop
vertex 9.664501 10.859221 4.779093
vertex 10.509121 11.694545 3.625070
vertex 9.646631 11.694545 4.171118
endloop
endfacet
facet normal 0.261069 0.611067 0.747288
outer loop
vertex 10.535555 10.859221 4.263651
vertex 11.491058 10.859221 3.929841
vertex 11.461333 11.694545 3.257170
endloop
endfacet
facet normal 0.291852 0.586703 0.755382
outer loop
vertex 10.535555 10.859221 4.263651
vertex 11.461333 11.694545 3.257170
vertex 10.509121 11.694545 3.625070
endloop
endfacet
facet normal 0.088209 0.619163 0.780293
outer loop
vertex 11.491058 10.859221 3.929841
vertex 12.496786 10.859221 3.816147
vertex 12.477074 11.694545 3.155545
endloop
endfacet
facet normal 0.077555 0.626984 0.775162
outer loop
vertex 11.491058 10.859221 3.929841
vertex 12.477074 11.694545 3.155545
vertex 11.461333 11.694545 3.257170
endloop
endfacet
facet normal -0.378936 0.624763 0.682699
outer loop
vertex 12.496786 10.859221 3.816147
vertex 13.381738 10.859221 4.307344
vertex 13.413993 11.694545 3.560811
endloop
endfacet
facet normal -0.322721 0.582414 0.746087
outer loop
vertex 12.496786 10.859221 3.816147
vertex 13.413993 11.694545 3.560811
vertex 12.477074 11.694545 3.155545
endloop
endfacet
facet normal -0.403130 0.589221 0.700218
outer loop
vertex 13.381738 10.859221 4.307344
vertex 14.258890 10.859221 4.812339
vertex 14.270540 11.694545 4.116135
endloop
endfacet
facet normal -0.430842 0.610540 0.664542
outer loop
vertex 13.381738 10.859221 4.307344
vertex 14.270540 11.694545 4.116135
vertex 13.413993 11.694545 3.560811
endloop
endfacet
facet normal -0.374778 0.518856 0.768329
outer loop
vertex 14.258890 10.859221 4.812339
vertex 15.168572 10.859221 5.256067
vertex 15.126952 11.694545 4.671666
endloop
endfacet
facet normal -0.444402 0.577192 0.685095
outer loop
vertex 14.258890 10.859221 4.812339
vertex 15.126952 11.694545 4.671666
vertex 14.270540 11.694545 4.116135
endloop
endfacet
facet normal -0.219679 0.326264 0.919398
outer loop
vertex 15.168572 10.859221 5.256067
vertex 16.152996 10.859221 5.491282
vertex 16.021503 11.694545 5.163435
endloop
endfacet
facet normal -0.415078 0.507556 0.755048
outer loop
vertex 15.168572 10.859221 5.256067
vertex 16.021503 11.694545 5.163435
vertex 15.126952 11.694545 4.671666
endloop
endfacet
facet normal 0.331317 0.016487 0.943376
outer loop
vertex 16.152996 10.859221 5.491282
vertex 17.107948 10.859221 5.155900
vertex 17.042315 11.694545 5.164352
endloop
endfacet
facet normal -0.000836 0.365233 0.930916
outer loop
vertex 16.152996 10.859221 5.491282
vertex 17.042315 11.694545 5.164352
vertex 16.021503 11.694545 5.163435
endloop
endfacet
facet normal 0.558503 -0.141593 0.817329
outer loop
vertex 17.107948 10.859221 5.155900
vertex 17.943613 10.859221 4.584867
vertex 17.960417 11.694545 4.718095
endloop
endfacet
facet normal 0.437020 0.025240 0.899098
outer loop
vertex 17.107948 10.859221 5.155900
vertex 17.960417 11.694545 4.718095
vertex 17.042315 11.694545 5.164352
endloop
endfacet
facet normal 0.586385 -0.232059 0.776081
outer loop
vertex 17.943613 10.859221 4.584867
vertex 18.751156 10.859221 3.974710
vertex 18.822146 11.694545 4.170845
endloop
endfacet
facet normal 0.530512 -0.143907 0.835373
outer loop
vertex 17.943613 10.859221 4.584867
vertex 18.822146 11.694545 4.170845
vertex 17.960417 11.694545 4.718095
endloop
endfacet
facet normal 0.628972 -0.243022 0.738468
outer loop
vertex 18.751156 10.859221 3.974710
vertex 19.521684 10.859221 3.318432
vertex 19.608240 11.694545 3.519606
endloop
endfacet
facet normal 0.621040 -0.228796 0.749641
outer loop
vertex 18.751156 10.859221 3.974710
vertex 19.608240 11.694545 3.519606
vertex 18.822146 11.694545 4.170845
endloop
endfacet
facet normal 0.705120 -0.239605 0.667379
outer loop
vertex 19.521684 10.859221 3.318432
vertex 20.217428 10.859221 2.583343
vertex 20.313574 11.694545 2.781662
endloop
endfacet
facet normal 0.702728 -0.234578 0.671674
outer loop
vertex 19.521684 10.859221 3.318432
vertex 20.313574 11.694545 2.781662
vertex 19.608240 11.694545 3.519606
endloop
endfacet
facet normal 0.793403 -0.204853 0.573191
outer loop
vertex 20.217428 10.859221 2.583343
vertex 20.810144 10.859221 1.762914
vertex 20.895664 11.694545 1.943075
endloop
endfacet
facet normal 0.800599 -0.224086 0.555722
outer loop
vertex 20.217428 10.859221 2.583343
vertex 20.895664 11.694545 1.943075
vertex 20.313574 11.694545 2.781662
endloop
endfacet
facet normal 0.878300 -0.176842 0.444202
outer loop
vertex 20.810144 10.859221 1.762914
vertex 21.266935 10.859221 0.859721
vertex 21.349632 11.694545 1.028760
endloop
endfacet
facet normal 0.880314 -0.184396 0.437087
outer loop
vertex 20.810144 10.859221 1.762914
vertex 21.349632 11.694545 1.028760
vertex 20.895664 11.694545 1.943075
endloop
endfacet
facet normal 0.728304 -0.204456 0.654041
outer loop
vertex 21.266935 10.859221 0.859721
vertex 22.031694 11.694545 0.269254
vertex 21.349632 11.694545 1.028760
endloop
endfacet
facet normal -0.703326 0.225037 0.674308
outer loop
vertex 2.012010 11.694545 0.244100
vertex 2.718472 11.694545 0.980964
vertex 2.832132 12.529870 0.820742
endloop
endfacet
facet normal -0.863307 0.199055 0.463765
outer loop
vertex 2.718472 11.694545 0.980964
vertex 3.201556 11.694545 1.880235
vertex 3.321305 12.529870 1.744614
endloop
endfacet
facet normal -0.864897 0.205522 0.457946
outer loop
vertex 2.718472 11.694545 0.980964
vertex 3.321305 12.529870 1.744614
vertex 2.832132 12.529870 0.820742
endloop
endfacet
facet normal -0.809534 0.173943 0.560713
outer loop
vertex 3.201556 11.694545 1.880235
vertex 3.782800 11.694545 2.719409
vertex 3.893213 12.529870 2.619687
endloop
endfacet
facet normal -0.819406 0.204412 0.535527
outer loop
vertex 3.201556 11.694545 1.880235
vertex 3.893213 12.529870 2.619687
vertex 3.321305 12.529870 1.744614
endloop
endfacet
facet normal -0.756504 0.128521 0.641236
outer loop
vertex 3.782800 11.694545 2.719409
vertex 4.442856 11.694545 3.498115
vertex 4.537793 12.529870 3.442697
endloop
endfacet
facet normal -0.775140 0.174933 0.607088
outer loop
vertex 3.782800 11.694545 2.719409
vertex 4.537793 12.529870 3.442697
vertex 3.893213 12.529870 2.619687
endloop
endfacet
facet normal -0.676787 0.090993 0.730534
outer loop
vertex 4.442856 11.694545 3.498115
vertex 5.191700 11.694545 4.191866
vertex 5.284766 12.529870 4.174039
endloop
endfacet
facet normal -0.694024 0.125906 0.708857
outer loop
vertex 4.442856 11.694545 3.498115
vertex 5.284766 12.529870 4.174039
vertex 4.537793 12.529870 3.442697
endloop
endfacet
facet normal -0.570114 0.004032 0.821556
outer loop
vertex 5.191700 11.694545 4.191866
vertex 6.030361 11.694545 4.773850
vertex 6.105308 12.529870 4.821760
endloop
endfacet
facet normal -0.617333 0.085468 0.782046
outer loop
vertex 5.191700 11.694545 4.191866
vertex 6.105308 12.529870 4.821760
vertex 5.284766 12.529870 4.174039
endloop
endfacet
facet normal -0.462152 -0.043113 0.885752
outer loop
vertex 6.030361 11.694545 4.773850
vertex 6.935389 11.694545 5.246059
vertex 7.018720 12.529870 5.330197
endloop
endfacet
facet normal -0.486353 -0.006477 0.873738
outer loop
vertex 6.030361 11.694545 4.773850
vertex 7.018720 12.529870 5.330197
vertex 6.105308 12.529870 4.821760
endloop
endfacet
facet normal -0.056507 0.292749 0.954518
outer loop
vertex 6.935389 11.694545 5.246059
vertex 7.954417 11.694545 5.306385
vertex 8.027094 12.529870 5.054495
endloop
endfacet
facet normal 0.261745 -0.122538 0.957326
outer loop
vertex 6.935389 11.694545 5.246059
vertex 8.027094 12.529870 5.054495
vertex 7.018720 12.529870 5.330197
endloop
endfacet
facet normal 0.466181 0.384122 0.796948
outer loop
vertex 7.954417 11.694545 5.306385
vertex 8.835549 11.694545 4.790959
vertex 8.833656 12.529870 4.389447
endloop
endfacet
facet normal 0.626404 0.174584 0.759696
outer loop
vertex 7.954417 11.694545 5.306385
vertex 8.833656 12.529870 4.389447
vertex 8.027094 12.529870 5.054495
endloop
endfacet
facet normal 0.558114 0.393896 0.730311
outer loop
vertex 8.835549 11.694545 4.790959
vertex 9.646631 11.694545 4.171118
vertex 9.640766 12.529870 3.725065
endloop
endfacet
facet normal 0.595552 0.349108 0.723493
outer loop
vertex 8.835549 11.694545 4.790959
vertex 9.640766 12.529870 3.725065
vertex 8.833656 12.529870 4.389447
endloop
endfacet
facet normal 0.464779 0.495019 0.734123
outer loop
vertex 9.646631 11.694545 4.171118
vertex 10.509121 11.694545 3.625070
vertex 10.469001 12.529870 3.087212
endloop
endfacet
facet normal 0.561074 0.392971 0.728539
outer loop
vertex 9.646631 11.694545 4.171118
vertex 10.469001 12.529870 3.087212
vertex 9.640766 12.529870 3.725065
endloop
endfacet
facet normal 0.262821 0.684248 0.680243
outer loop
vertex 10.509121 11.694545 3.625070
vertex 11.461333 11.694545 3.257170
vertex 11.315199 12.529870 2.473388
endloop
endfacet
facet normal 0.514621 0.481519 0.709440
outer loop
vertex 10.509121 11.694545 3.625070
vertex 11.315199 12.529870 2.473388
vertex 10.469001 12.529870 3.087212
endloop
endfacet
facet normal 0.073500 0.674474 0.734631
outer loop
vertex 11.461333 11.694545 3.257170
vertex 12.477074 11.694545 3.155545
vertex 12.358042 12.529870 2.400531
endloop
endfacet
facet normal 0.050574 0.688065 0.723884
outer loop
vertex 11.461333 11.694545 3.257170
vertex 12.358042 12.529870 2.400531
vertex 11.315199 12.529870 2.473388
endloop
endfacet
facet normal -0.315494 0.607017 0.729379
outer loop
vertex 12.477074 11.694545 3.155545
vertex 13.413993 11.694545 3.560811
vertex 13.314451 12.529870 2.822565
endloop
endfacet
facet normal -0.319965 0.609794 0.725102
outer loop
vertex 12.477074 11.694545 3.155545
vertex 13.314451 12.529870 2.822565
vertex 12.358042 12.529870 2.400531
endloop
endfacet
facet normal -0.467190 0.512310 0.720605
outer loop
vertex 13.413993 11.694545 3.560811
vertex 14.270540 11.694545 4.116135
vertex 14.153369 12.529870 3.446300
endloop
endfacet
facet normal -0.502973 0.537936 0.676493
outer loop
vertex 13.413993 11.694545 3.560811
vertex 14.153369 12.529870 3.446300
vertex 13.314451 12.529870 2.822565
endloop
endfacet
facet normal -0.483634 0.458493 0.745575
outer loop
vertex 14.270540 11.694545 4.116135
vertex 15.126952 11.694545 4.671666
vertex 14.991990 12.529870 4.070435
endloop
endfacet
facet normal -0.521022 0.488295 0.700074
outer loop
vertex 14.270540 11.694545 4.116135
vertex 14.991990 12.529870 4.070435
vertex 14.153369 12.529870 3.446300
endloop
endfacet
facet normal -0.450581 0.353816 0.819629
outer loop
vertex 15.126952 11.694545 4.671666
vertex 16.021503 11.694545 5.163435
vertex 15.828848 12.529870 4.696933
endloop
endfacet
facet normal -0.540417 0.432259 0.721874
outer loop
vertex 15.126952 11.694545 4.671666
vertex 15.828848 12.529870 4.696933
vertex 14.991990 12.529870 4.070435
endloop
endfacet
facet normal -0.000897 0.061867 0.998084
outer loop
vertex 16.021503 11.694545 5.163435
vertex 17.042315 11.694545 5.164352
vertex 16.788151 12.529870 5.112345
endloop
endfacet
facet normal -0.366266 0.387884 0.845810
outer loop
vertex 16.021503 11.694545 5.163435
vertex 16.788151 12.529870 5.112345
vertex 15.828848 12.529870 4.696933
endloop
endfacet
facet normal 0.430345 0.175872 0.885366
outer loop
vertex 17.042315 11.694545 5.164352
vertex 17.960417 11.694545 4.718095
vertex 17.732102 12.529870 4.663139
endloop
endfacet
facet normal 0.422385 0.183779 0.887590
outer loop
vertex 17.042315 11.694545 5.164352
vertex 17.732102 12.529870 4.663139
vertex 16.788151 12.529870 5.112345
endloop
endfacet
facet normal 0.521534 0.231464 0.821235
outer loop
vertex 17.960417 11.694545 4.718095
vertex 18.822146 11.694545 4.170845
vertex 18.598153 12.529870 4.077659
endloop
endfacet
facet normal 0.548371 0.203249 0.811159
outer loop
vertex 17.960417 11.694545 4.718095
vertex 18.598153 12.529870 4.077659
vertex 17.732102 12.529870 4.663139
endloop
endfacet
facet normal 0.623644 0.210678 0.752784
outer loop
vertex 18.822146 11.694545 4.170845
vertex 19.608240 11.694545 3.519606
vertex 19.424823 12.529870 3.437780
endloop
endfacet
facet normal 0.593494 0.244681 0.766744
outer loop
vertex 18.822146 11.694545 4.170845
vertex 19.424823 12.529870 3.437780
vertex 18.598153 12.529870 4.077659
endloop
endfacet
facet normal 0.706889 0.209291 0.675651
outer loop
vertex 19.608240 11.694545 3.519606
vertex 20.313574 11.694545 2.781662
vertex 20.154579 12.529870 2.689256
endloop
endfacet
facet normal 0.698472 0.220072 0.680959
outer loop
vertex 19.608240 11.694545 3.519606
vertex 20.154579 12.529870 2.689256
vertex 19.424823 12.529870 3.437780
endloop
endfacet
facet normal 0.805451 0.196638 0.559090
outer loop
vertex 20.313574 11.694545 2.781662
vertex 20.895664 11.694545 1.943075
vertex 20.763574 12.529870 1.839577
endloop
endfacet
facet normal 0.793949 0.214070 0.569051
outer loop
vertex 20.313574 11.694545 2.781662
vertex 20.763574 12.529870 1.839577
vertex 20.154579 12.529870 2.689256
endloop
endfacet
facet normal 0.878873 0.192777 0.436371
outer loop
vertex 20.895664 11.694545 1.943075
vertex 21.349632 11.694545 1.028760
vertex 21.228673 12.529870 0.903354
endloop
endfacet
facet normal 0.878731 0.193042 0.436539
outer loop
vertex 20.895664 11.694545 1.943075
vertex 21.228673 12.529870 0.903354
vertex 20.763574 12.529870 1.839577
endloop
endfacet
facet normal 0.732928 0.172039 0.658194
outer loop
vertex 21.349632 11.694545 1.028760
vertex 22.031694 11.694545 0.269254
vertex 21.947665 12.529870 0.144486
endloop
endfacet
facet normal 0.710658 0.203990 0.673315
outer loop
vertex 21.349632 11.694545 1.028760
vertex 21.947665 12.529870 0.144486
vertex 21.228673 12.529870 0.903354
endloop
endfacet
facet normal -0.864365 0.208364 0.457664
outer loop
vertex 2.832132 12.529870 0.820742
vertex 3.321305 12.529870 1.744614
vertex 3.529719 13.365195 1.757930
endloop
endfacet
facet normal -0.842618 0.112930 0.526538
outer loop
vertex 2.832132 12.529870 0.820742
vertex 3.529719 13.365195 1.757930
vertex 2.950853 13.365195 0.831573
endloop
endfacet
facet normal -0.828765 0.140609 0.541644
outer loop
vertex 3.321305 12.529870 1.744614
vertex 3.893213 12.529870 2.619687
vertex 4.086095 13.365195 2.697965
endloop
endfacet
facet normal -0.842768 0.202320 0.498807
outer loop
vertex 3.321305 12.529870 1.744614
vertex 4.086095 13.365195 2.697965
vertex 3.529719 13.365195 1.757930
endloop
endfacet
facet normal -0.771522 0.199076 0.604254
outer loop
vertex 3.893213 12.529870 2.619687
vertex 4.537793 12.529870 3.442697
vertex 4.810439 13.365195 3.515612
endloop
endfacet
facet normal -0.743979 0.110027 0.659082
outer loop
vertex 3.893213 12.529870 2.619687
vertex 4.810439 13.365195 3.515612
vertex 4.086095 13.365195 2.697965
endloop
endfacet
facet normal -0.690704 0.158891 0.705466
outer loop
vertex 4.537793 12.529870 3.442697
vertex 5.284766 12.529870 4.174039
vertex 5.588019 13.365195 4.282808
endloop
endfacet
facet normal -0.692732 0.164818 0.702109
outer loop
vertex 4.537793 12.529870 3.442697
vertex 5.588019 13.365195 4.282808
vertex 4.810439 13.365195 3.515612
endloop
endfacet
facet normal -0.615599 0.113456 0.779850
outer loop
vertex 5.284766 12.529870 4.174039
vertex 6.105308 12.529870 4.821760
vertex 6.440984 13.365195 4.965210
endloop
endfacet
facet normal -0.619879 0.124149 0.774814
outer loop
vertex 5.284766 12.529870 4.174039
vertex 6.440984 13.365195 4.965210
vertex 5.588019 13.365195 4.282808
endloop
endfacet
facet normal -0.397189 0.577131 0.713554
outer loop
vertex 6.105308 12.529870 4.821760
vertex 7.018720 12.529870 5.330197
vertex 7.533060 13.365195 4.940876
endloop
endfacet
facet normal 0.021922 -0.177763 0.983829
outer loop
vertex 6.105308 12.529870 4.821760
vertex 7.533060 13.365195 4.940876
vertex 6.440984 13.365195 4.965210
endloop
endfacet
facet normal 0.206678 0.621183 0.755920
outer loop
vertex 7.018720 12.529870 5.330197
vertex 8.027094 12.529870 5.054495
vertex 8.393472 13.365195 4.267888
endloop
endfacet
facet normal 0.616048 -0.012239 0.787614
outer loop
vertex 7.018720 12.529870 5.330197
vertex 8.393472 13.365195 4.267888
vertex 7.533060 13.365195 4.940876
endloop
endfacet
facet normal 0.586512 0.387344 0.711315
outer loop
vertex 8.027094 12.529870 5.054495
vertex 8.833656 12.529870 4.389447
vertex 9.250630 13.365195 3.590760
endloop
endfacet
facet normal 0.561646 0.423167 0.710973
outer loop
vertex 8.027094 12.529870 5.054495
vertex 9.250630 13.365195 3.590760
vertex 8.393472 13.365195 4.267888
endloop
endfacet
facet normal 0.583276 0.397120 0.708580
outer loop
vertex 8.833656 12.529870 4.389447
vertex 9.640766 12.529870 3.725065
vertex 10.087730 13.365195 2.888988
endloop
endfacet
facet normal 0.594000 0.380957 0.708545
outer loop
vertex 8.833656 12.529870 4.389447
vertex 10.087730 13.365195 2.888988
vertex 9.250630 13.365195 3.590760
endloop
endfacet
facet normal 0.503751 0.564250 0.654107
outer loop
vertex 9.640766 12.529870 3.725065
vertex 10.469001 12.529870 3.087212
vertex 10.830614 13.365195 2.088148
endloop
endfacet
facet normal 0.704426 0.277113 0.653447
outer loop
vertex 9.640766 12.529870 3.725065
vertex 10.830614 13.365195 2.088148
vertex 10.087730 13.365195 2.888988
endloop
endfacet
facet normal 0.364413 0.784110 0.502369
outer loop
vertex 10.469001 12.529870 3.087212
vertex 11.315199 12.529870 2.473388
vertex 11.363465 13.365195 1.134580
endloop
endfacet
facet normal 0.855081 0.201313 0.477817
outer loop
vertex 10.469001 12.529870 3.087212
vertex 11.363465 13.365195 1.134580
vertex 10.830614 13.365195 2.088148
endloop
endfacet
facet normal 0.031190 0.894268 0.446444
outer loop
vertex 11.315199 12.529870 2.473388
vertex 12.358042 12.529870 2.400531
vertex 12.376525 13.365195 0.726008
endloop
endfacet
facet normal 0.210890 0.825892 0.522903
outer loop
vertex 11.315199 12.529870 2.473388
vertex 12.376525 13.365195 0.726008
vertex 11.363465 13.365195 1.134580
endloop
endfacet
facet normal -0.265150 0.754082 0.600880
outer loop
vertex 12.358042 12.529870 2.400531
vertex 13.314451 12.529870 2.822565
vertex 12.988860 13.365195 1.630589
endloop
endfacet
facet normal -0.545529 0.752349 0.369283
outer loop
vertex 12.358042 12.529870 2.400531
vertex 12.988860 13.365195 1.630589
vertex 12.376525 13.365195 0.726008
endloop
endfacet
facet normal -0.527722 0.466605 0.709781
outer loop
vertex 13.314451 12.529870 2.822565
vertex 14.153369 12.529870 3.446300
vertex 13.634718 13.365195 2.511548
endloop
endfacet
facet normal -0.712777 0.467847 0.522560
outer loop
vertex 13.314451 12.529870 2.822565
vertex 13.634718 13.365195 2.511548
vertex 12.988860 13.365195 1.630589
endloop
endfacet
facet normal -0.563006 0.332796 0.756486
outer loop
vertex 14.153369 12.529870 3.446300
vertex 14.991990 12.529870 4.070435
vertex 14.416392 13.365195 3.274573
endloop
endfacet
facet normal -0.655740 0.344579 0.671766
outer loop
vertex 14.153369 12.529870 3.446300
vertex 14.416392 13.365195 3.274573
vertex 13.634718 13.365195 2.511548
endloop
endfacet
facet normal -0.573627 0.289547 0.766234
outer loop
vertex 14.991990 12.529870 4.070435
vertex 15.828848 12.529870 4.696933
vertex 15.266623 13.365195 3.960379
endloop
endfacet
facet normal -0.599850 0.295195 0.743667
outer loop
vertex 14.991990 12.529870 4.070435
vertex 15.266623 13.365195 3.960379
vertex 14.416392 13.365195 3.274573
endloop
endfacet
facet normal -0.380773 0.286051 0.879310
outer loop
vertex 15.828848 12.529870 4.696933
vertex 16.788151 12.529870 5.112345
vertex 16.170822 13.365195 4.573278
endloop
endfacet
facet normal -0.529214 0.332230 0.780740
outer loop
vertex 15.828848 12.529870 4.696933
vertex 16.170822 13.365195 4.573278
vertex 15.266623 13.365195 3.960379
endloop
endfacet
facet normal 0.420967 0.200633 0.884609
outer loop
vertex 16.788151 12.529870 5.112345
vertex 17.732102 12.529870 4.663139
vertex 17.255750 13.365195 4.700370
endloop
endfacet
facet normal -0.101732 0.485253 0.868436
outer loop
vertex 16.788151 12.529870 5.112345
vertex 17.255750 13.365195 4.700370
vertex 16.170822 13.365195 4.573278
endloop
endfacet
facet normal 0.543396 0.242133 0.803799
outer loop
vertex 17.732102 12.529870 4.663139
vertex 18.598153 12.529870 4.077659
vertex 18.175810 13.365195 4.111548
endloop
endfacet
facet normal 0.520427 0.260534 0.813190
outer loop
vertex 17.732102 12.529870 4.663139
vertex 18.175810 13.365195 4.111548
vertex 17.255750 13.365195 4.700370
endloop
endfacet
facet normal 0.579880 0.320161 0.749157
outer loop
vertex 18.598153 12.529870 4.077659
vertex 19.424823 12.529870 3.437780
vertex 19.007730 13.365195 3.403643
endloop
endfacet
facet normal 0.621279 0.284500 0.730118
outer loop
vertex 18.598153 12.529870 4.077659
vertex 19.007730 13.365195 3.403643
vertex 18.175810 13.365195 4.111548
endloop
endfacet
facet normal 0.676860 0.326202 0.659889
outer loop
vertex 19.424823 12.529870 3.437780
vertex 20.154579 12.529870 2.689256
vertex 19.794402 13.365195 2.645771
endloop
endfacet
facet normal 0.649443 0.351828 0.674122
outer loop
vertex 19.424823 12.529870 3.437780
vertex 19.794402 13.365195 2.645771
vertex 19.007730 13.365195 3.403643
endloop
endfacet
facet normal 0.787042 0.249712 0.564101
outer loop
vertex 20.154579 12.529870 2.689256
vertex 20.763574 12.529870 1.839577
vertex 20.511384 13.365195 1.821661
endloop
endfacet
facet normal 0.709963 0.338278 0.617673
outer loop
vertex 20.154579 12.529870 2.689256
vertex 20.511384 13.365195 1.821661
vertex 19.794402 13.365195 2.645771
endloop
endfacet
facet normal 0.889570 0.115626 0.441923
outer loop
vertex 20.763574 12.529870 1.839577
vertex 21.228673 12.529870 0.903354
vertex 21.115888 13.365195 0.911828
endloop
endfacet
facet normal 0.805457 0.254651 0.535156
outer loop
vertex 20.763574 12.529870 1.839577
vertex 21.115888 13.365195 0.911828
vertex 20.511384 13.365195 1.821661
endloop
endfacet
facet normal -0.836411 0.165053 0.522660
outer loop
vertex 2.950853 13.365195 0.831573
vertex 3.529719 13.365195 1.757930
vertex 3.628967 14.200519 1.652967
endloop
endfacet
facet normal -0.835090 0.160528 0.526171
outer loop
vertex 2.950853 13.365195 0.831573
vertex 3.628967 14.200519 1.652967
vertex 3.041071 14.200519 0.719912
endloop
endfacet
facet normal -0.855837 0.104681 0.506542
outer loop
vertex 3.529719 13.365195 1.757930
vertex 4.086095 13.365195 2.697965
vertex 4.146236 14.200519 2.626952
endloop
endfacet
facet normal -0.871551 0.161715 0.462868
outer loop
vertex 3.529719 13.365195 1.757930
vertex 4.146236 14.200519 2.626952
vertex 3.628967 14.200519 1.652967
endloop
endfacet
facet normal -0.737084 0.174159 0.652974
outer loop
vertex 4.086095 13.365195 2.697965
vertex 4.810439 13.365195 3.515612
vertex 4.918236 14.200519 3.414499
endloop
endfacet
facet normal -0.709767 0.110250 0.695755
outer loop
vertex 4.086095 13.365195 2.697965
vertex 4.918236 14.200519 3.414499
vertex 4.146236 14.200519 2.626952
endloop
endfacet
facet normal -0.671787 0.291728 0.680880
outer loop
vertex 4.810439 13.365195 3.515612
vertex 5.588019 13.365195 4.282808
vertex 5.774771 14.200519 4.109165
endloop
endfacet
facet normal -0.620438 0.172668 0.765011
outer loop
vertex 4.810439 13.365195 3.515612
vertex 5.774771 14.200519 4.109165
vertex 4.918236 14.200519 3.414499
endloop
endfacet
facet normal -0.558959 0.446572 0.698668
outer loop
vertex 5.588019 13.365195 4.282808
vertex 6.440984 13.365195 4.965210
vertex 6.729126 14.200519 4.661814
endloop
endfacet
facet normal -0.481045 0.280229 0.830703
outer loop
vertex 5.588019 13.365195 4.282808
vertex 6.729126 14.200519 4.661814
vertex 5.774771 14.200519 4.109165
endloop
endfacet
facet normal 0.018317 0.569152 0.822028
outer loop
vertex 6.440984 13.365195 4.965210
vertex 7.533060 13.365195 4.940876
vertex 7.788932 14.200519 4.356816
endloop
endfacet
facet normal 0.268073 0.245857 0.931499
outer loop
vertex 6.440984 13.365195 4.965210
vertex 7.788932 14.200519 4.356816
vertex 6.729126 14.200519 4.661814
endloop
endfacet
facet normal 0.578439 0.344242 0.739531
outer loop
vertex 7.533060 13.365195 4.940876
vertex 8.393472 13.365195 4.267888
vertex 8.655207 14.200519 3.674334
endloop
endfacet
facet normal 0.582332 0.338440 0.739154
outer loop
vertex 7.533060 13.365195 4.940876
vertex 8.655207 14.200519 3.674334
vertex 7.788932 14.200519 4.356816
endloop
endfacet
facet normal 0.575377 0.372077 0.728354
outer loop
vertex 8.393472 13.365195 4.267888
vertex 9.250630 13.365195 3.590760
vertex 9.500812 14.200519 2.966402
endloop
endfacet
facet normal 0.607072 0.325038 0.725131
outer loop
vertex 8.393472 13.365195 4.267888
vertex 9.500812 14.200519 2.966402
vertex 8.655207 14.200519 3.674334
endloop
endfacet
facet normal 0.559938 0.490266 0.667914
outer loop
vertex 9.250630 13.365195 3.590760
vertex 10.087730 13.365195 2.888988
vertex 10.240117 14.200519 2.148086
endloop
endfacet
facet normal 0.714756 0.268586 0.645744
outer loop
vertex 9.250630 13.365195 3.590760
vertex 10.240117 14.200519 2.148086
vertex 9.500812 14.200519 2.966402
endloop
endfacet
facet normal 0.610709 0.553262 0.566512
outer loop
vertex 10.087730 13.365195 2.888988
vertex 10.830614 13.365195 2.088148
vertex 10.862679 14.200519 1.237794
endloop
endfacet
facet normal 0.779051 0.330455 0.532804
outer loop
vertex 10.087730 13.365195 2.888988
vertex 10.862679 14.200519 1.237794
vertex 10.240117 14.200519 2.148086
endloop
endfacet
facet normal 0.810007 0.372848 0.452630
outer loop
vertex 10.830614 13.365195 2.088148
vertex 11.363465 13.365195 1.134580
vertex 11.444723 14.200519 0.301077
endloop
endfacet
facet normal 0.758290 0.450545 0.471176
outer loop
vertex 10.830614 13.365195 2.088148
vertex 11.444723 14.200519 0.301077
vertex 10.862679 14.200519 1.237794
endloop
endfacet
facet normal 0.318421 0.524646 0.789528
outer loop
vertex 11.363465 13.365195 1.134580
vertex 12.376525 13.365195 0.726008
vertex 12.530648 14.200519 0.108771
endloop
endfacet
facet normal 0.125444 0.694614 0.708361
outer loop
vertex 11.363465 13.365195 1.134580
vertex 12.530648 14.200519 0.108771
vertex 11.444723 14.200519 0.301077
endloop
endfacet
facet normal -0.737721 0.454296 0.499383
outer loop
vertex 12.376525 13.365195 0.726008
vertex 12.988860 13.365195 1.630589
vertex 13.108814 14.200519 1.047887
endloop
endfacet
facet normal -0.747877 0.478209 0.460430
outer loop
vertex 12.376525 13.365195 0.726008
vertex 13.108814 14.200519 1.047887
vertex 12.530648 14.200519 0.108771
endloop
endfacet
facet normal -0.737658 0.404222 0.540801
outer loop
vertex 12.988860 13.365195 1.630589
vertex 13.634718 13.365195 2.511548
vertex 13.701316 14.200519 1.978024
endloop
endfacet
facet normal -0.755611 0.444270 0.481328
outer loop
vertex 12.988860 13.365195 1.630589
vertex 13.701316 14.200519 1.978024
vertex 13.108814 14.200519 1.047887
endloop
endfacet
facet normal -0.663079 0.314482 0.679284
outer loop
vertex 13.634718 13.365195 2.511548
vertex 14.416392 13.365195 3.274573
vertex 14.377122 14.200519 2.849517
endloop
endfacet
facet normal -0.719448 0.413692 0.557901
outer loop
vertex 13.634718 13.365195 2.511548
vertex 14.377122 14.200519 2.849517
vertex 13.701316 14.200519 1.978024
endloop
endfacet
facet normal -0.592195 0.332101 0.734176
outer loop
vertex 14.416392 13.365195 3.274573
vertex 15.266623 13.365195 3.960379
vertex 15.227867 14.200519 3.551263
endloop
endfacet
facet normal -0.598202 0.340905 0.725216
outer loop
vertex 14.416392 13.365195 3.274573
vertex 15.227867 14.200519 3.551263
vertex 14.377122 14.200519 2.849517
endloop
endfacet
facet normal -0.531006 0.323023 0.783383
outer loop
vertex 15.266623 13.365195 3.960379
vertex 16.170822 13.365195 4.573278
vertex 16.122520 14.200519 4.196096
endloop
endfacet
facet normal -0.548346 0.347167 0.760784
outer loop
vertex 15.266623 13.365195 3.960379
vertex 16.122520 14.200519 4.196096
vertex 15.227867 14.200519 3.551263
endloop
endfacet
facet normal -0.111154 0.295433 0.948875
outer loop
vertex 16.170822 13.365195 4.573278
vertex 17.255750 13.365195 4.700370
vertex 17.199442 14.200519 4.433694
endloop
endfacet
facet normal -0.198033 0.393846 0.897590
outer loop
vertex 16.170822 13.365195 4.573278
vertex 17.199442 14.200519 4.433694
vertex 16.122520 14.200519 4.196096
endloop
endfacet
facet normal 0.523375 0.239347 0.817797
outer loop
vertex 17.255750 13.365195 4.700370
vertex 18.175810 13.365195 4.111548
vertex 18.153845 14.200519 3.881129
endloop
endfacet
facet normal 0.478571 0.296150 0.826598
outer loop
vertex 17.255750 13.365195 4.700370
vertex 18.153845 14.200519 3.881129
vertex 17.199442 14.200519 4.433694
endloop
endfacet
facet normal 0.635034 0.199485 0.746283
outer loop
vertex 18.175810 13.365195 4.111548
vertex 19.007730 13.365195 3.403643
vertex 19.006354 14.200519 3.181527
endloop
endfacet
facet normal 0.618244 0.224070 0.753370
outer loop
vertex 18.175810 13.365195 4.111548
vertex 19.006354 14.200519 3.181527
vertex 18.153845 14.200519 3.881129
endloop
endfacet
facet normal 0.673469 0.240320 0.699061
outer loop
vertex 19.007730 13.365195 3.403643
vertex 19.794402 13.365195 2.645771
vertex 19.768041 14.200519 2.384002
endloop
endfacet
facet normal 0.711122 0.181765 0.679167
outer loop
vertex 19.007730 13.365195 3.403643
vertex 19.768041 14.200519 2.384002
vertex 19.006354 14.200519 3.181527
endloop
endfacet
facet normal 0.678542 0.437132 0.590336
outer loop
vertex 19.794402 13.365195 2.645771
vertex 20.511384 13.365195 1.821661
vertex 20.316436 14.200519 1.427196
endloop
endfacet
facet normal 0.853394 0.180210 0.489124
outer loop
vertex 19.794402 13.365195 2.645771
vertex 20.316436 14.200519 1.427196
vertex 19.768041 14.200519 2.384002
endloop
endfacet
facet normal 0.724173 0.494033 0.481150
outer loop
vertex 20.511384 13.365195 1.821661
vertex 21.115888 13.365195 0.911828
vertex 20.846244 14.200519 0.459975
endloop
endfacet
facet normal 0.805259 0.396227 0.441091
outer loop
vertex 20.511384 13.365195 1.821661
vertex 20.846244 14.200519 0.459975
vertex 20.316436 14.200519 1.427196
endloop
endfacet
facet normal -0.796387 0.337608 0.501785
outer loop
vertex 3.041071 14.200519 0.719912
vertex 3.628967 14.200519 1.652967
vertex 3.753697 15.035844 1.288908
endloop
endfacet
facet normal -0.814728 0.386002 0.432690
outer loop
vertex 3.628967 14.200519 1.652967
vertex 4.146236 14.200519 2.626952
vertex 4.318774 15.035844 2.206637
endloop
endfacet
facet normal -0.802293 0.335097 0.493999
outer loop
vertex 3.628967 14.200519 1.652967
vertex 4.318774 15.035844 2.206637
vertex 3.753697 15.035844 1.288908
endloop
endfacet
facet normal -0.663240 0.370705 0.650146
outer loop
vertex 4.146236 14.200519 2.626952
vertex 4.918236 14.200519 3.414499
vertex 5.010918 15.035844 3.032756
endloop
endfacet
facet normal -0.690643 0.433810 0.578638
outer loop
vertex 4.146236 14.200519 2.626952
vertex 5.010918 15.035844 3.032756
vertex 4.318774 15.035844 2.206637
endloop
endfacet
facet normal -0.591030 0.345841 0.728751
outer loop
vertex 4.918236 14.200519 3.414499
vertex 5.774771 14.200519 4.109165
vertex 5.817589 15.035844 3.747473
endloop
endfacet
facet normal -0.612371 0.383803 0.691157
outer loop
vertex 4.918236 14.200519 3.414499
vertex 5.817589 15.035844 3.747473
vertex 5.010918 15.035844 3.032756
endloop
endfacet
facet normal -0.464481 0.375357 0.802100
outer loop
vertex 5.774771 14.200519 4.109165
vertex 6.729126 14.200519 4.661814
vertex 6.752155 15.035844 4.284244
endloop
endfacet
facet normal -0.462268 0.372191 0.804849
outer loop
vertex 5.774771 14.200519 4.109165
vertex 6.752155 15.035844 4.284244
vertex 5.817589 15.035844 3.747473
endloop
endfacet
facet normal 0.245823 0.458194 0.854184
outer loop
vertex 6.729126 14.200519 4.661814
vertex 7.788932 14.200519 4.356816
vertex 7.764911 15.035844 3.915651
endloop
endfacet
facet normal 0.315847 0.383554 0.867829
outer loop
vertex 6.729126 14.200519 4.661814
vertex 7.764911 15.035844 3.915651
vertex 6.752155 15.035844 4.284244
endloop
endfacet
facet normal 0.575080 0.369402 0.729949
outer loop
vertex 7.788932 14.200519 4.356816
vertex 8.655207 14.200519 3.674334
vertex 8.629337 15.035844 3.271985
endloop
endfacet
facet normal 0.546500 0.403333 0.733935
outer loop
vertex 7.788932 14.200519 4.356816
vertex 8.629337 15.035844 3.271985
vertex 7.764911 15.035844 3.915651
endloop
endfacet
facet normal 0.579874 0.428941 0.692644
outer loop
vertex 8.655207 14.200519 3.674334
vertex 9.500812 14.200519 2.966402
vertex 9.407973 15.035844 2.526825
endloop
endfacet
facet normal 0.648569 0.346515 0.677706
outer loop
vertex 8.655207 14.200519 3.674334
vertex 9.407973 15.035844 2.526825
vertex 8.629337 15.035844 3.271985
endloop
endfacet
facet normal 0.657442 0.463654 0.593965
outer loop
vertex 9.500812 14.200519 2.966402
vertex 10.240117 14.200519 2.148086
vertex 10.074204 15.035844 1.679669
endloop
endfacet
facet normal 0.726607 0.381461 0.571428
outer loop
vertex 9.500812 14.200519 2.966402
vertex 10.074204 15.035844 1.679669
vertex 9.407973 15.035844 2.526825
endloop
endfacet
facet normal 0.699623 0.530645 0.478482
outer loop
vertex 10.240117 14.200519 2.148086
vertex 10.862679 14.200519 1.237794
vertex 10.578367 15.035844 0.727117
endloop
endfacet
facet normal 0.809625 0.401103 0.428515
outer loop
vertex 10.240117 14.200519 2.148086
vertex 10.578367 15.035844 0.727117
vertex 10.074204 15.035844 1.679669
endloop
endfacet
facet normal 0.840985 0.140269 0.522560
outer loop
vertex 10.862679 14.200519 1.237794
vertex 11.444723 14.200519 0.301077
vertex 11.441610 15.035844 0.081865
endloop
endfacet
facet normal 0.491987 0.569844 0.658199
outer loop
vertex 10.862679 14.200519 1.237794
vertex 11.441610 15.035844 0.081865
vertex 10.578367 15.035844 0.727117
endloop
endfacet
facet normal -0.751753 0.469753 0.462817
outer loop
vertex 12.530648 14.200519 0.108771
vertex 13.108814 14.200519 1.047887
vertex 13.398722 15.035844 0.670940
endloop
endfacet
facet normal -0.775637 0.392769 0.494085
outer loop
vertex 13.108814 14.200519 1.047887
vertex 13.701316 14.200519 1.978024
vertex 13.899581 15.035844 1.625234
endloop
endfacet
facet normal -0.786547 0.459266 0.412818
outer loop
vertex 13.108814 14.200519 1.047887
vertex 13.899581 15.035844 1.625234
vertex 13.398722 15.035844 0.670940
endloop
endfacet
facet normal -0.732376 0.375612 0.567927
outer loop
vertex 13.701316 14.200519 1.978024
vertex 14.377122 14.200519 2.849517
vertex 14.532567 15.035844 2.497510
endloop
endfacet
facet normal -0.740771 0.402854 0.537556
outer loop
vertex 13.701316 14.200519 1.978024
vertex 14.532567 15.035844 2.497510
vertex 13.899581 15.035844 1.625234
endloop
endfacet
facet normal -0.604105 0.314146 0.732373
outer loop
vertex 14.377122 14.200519 2.849517
vertex 15.227867 14.200519 3.551263
vertex 15.300949 15.035844 3.253239
endloop
endfacet
facet normal -0.643965 0.395746 0.654747
outer loop
vertex 14.377122 14.200519 2.849517
vertex 15.300949 15.035844 3.253239
vertex 14.532567 15.035844 2.497510
endloop
endfacet
facet normal -0.552397 0.327843 0.766405
outer loop
vertex 15.227867 14.200519 3.551263
vertex 16.122520 14.200519 4.196096
vertex 16.178393 15.035844 3.879043
endloop
endfacet
facet normal -0.549540 0.322979 0.770513
outer loop
vertex 15.227867 14.200519 3.551263
vertex 16.178393 15.035844 3.879043
vertex 15.300949 15.035844 3.253239
endloop
endfacet
facet normal -0.199421 0.378454 0.903883
outer loop
vertex 16.122520 14.200519 4.196096
vertex 17.199442 14.200519 4.433694
vertex 17.234935 15.035844 4.091777
endloop
endfacet
facet normal -0.184189 0.359529 0.914775
outer loop
vertex 16.122520 14.200519 4.196096
vertex 17.234935 15.035844 4.091777
vertex 16.178393 15.035844 3.879043
endloop
endfacet
facet normal 0.483273 0.263991 0.834719
outer loop
vertex 17.199442 14.200519 4.433694
vertex 18.153845 14.200519 3.881129
vertex 18.191451 15.035844 3.595174
endloop
endfacet
facet normal 0.435759 0.325039 0.839323
outer loop
vertex 17.199442 14.200519 4.433694
vertex 18.191451 15.035844 3.595174
vertex 17.234935 15.035844 4.091777
endloop
endfacet
facet normal 0.603548 0.307939 0.735461
outer loop
vertex 18.153845 14.200519 3.881129
vertex 19.006354 14.200519 3.181527
vertex 18.976235 15.035844 2.856492
endloop
endfacet
facet normal 0.669609 0.213386 0.711400
outer loop
vertex 18.153845 14.200519 3.881129
vertex 18.976235 15.035844 2.856492
vertex 18.191451 15.035844 3.595174
endloop
endfacet
facet normal 0.655253 0.423091 0.625809
outer loop
vertex 19.006354 14.200519 3.181527
vertex 19.768041 14.200519 2.384002
vertex 19.609977 15.035844 1.984764
endloop
endfacet
facet normal 0.783201 0.249794 0.569384
outer loop
vertex 19.006354 14.200519 3.181527
vertex 19.609977 15.035844 1.984764
vertex 18.976235 15.035844 2.856492
endloop
endfacet
facet normal 0.823839 0.313577 0.472185
outer loop
vertex 19.768041 14.200519 2.384002
vertex 20.316436 14.200519 1.427196
vertex 20.196970 15.035844 1.080897
endloop
endfacet
facet normal 0.773508 0.386454 0.502334
outer loop
vertex 19.768041 14.200519 2.384002
vertex 20.196970 15.035844 1.080897
vertex 19.609977 15.035844 1.984764
endloop
endfacet
facet normal -0.824321 0.250750 0.507562
outer loop
vertex 3.753697 15.035844 1.288908
vertex 4.318774 15.035844 2.206637
vertex 4.288818 15.871169 1.745312
endloop
endfacet
facet normal -0.825574 0.253388 0.504204
outer loop
vertex 3.753697 15.035844 1.288908
vertex 4.288818 15.871169 1.745312
vertex 3.744947 15.871169 0.854788
endloop
endfacet
facet normal -0.738991 0.265617 0.619145
outer loop
vertex 4.318774 15.035844 2.206637
vertex 5.010918 15.035844 3.032756
vertex 4.925289 15.871169 2.572194
endloop
endfacet
facet normal -0.757232 0.294741 0.582861
outer loop
vertex 4.318774 15.035844 2.206637
vertex 4.925289 15.871169 2.572194
vertex 4.288818 15.871169 1.745312
endloop
endfacet
facet normal -0.616198 0.369610 0.695477
outer loop
vertex 5.010918 15.035844 3.032756
vertex 5.817589 15.035844 3.747473
vertex 5.735002 15.871169 3.230369
endloop
endfacet
facet normal -0.592867 0.341368 0.729368
outer loop
vertex 5.010918 15.035844 3.032756
vertex 5.735002 15.871169 3.230369
vertex 4.925289 15.871169 2.572194
endloop
endfacet
facet normal -0.452592 0.417385 0.788004
outer loop
vertex 5.817589 15.035844 3.747473
vertex 6.752155 15.035844 4.284244
vertex 6.627858 15.871169 3.770404
endloop
endfacet
facet normal -0.466840 0.431650 0.771841
outer loop
vertex 5.817589 15.035844 3.747473
vertex 6.627858 15.871169 3.770404
vertex 5.735002 15.871169 3.230369
endloop
endfacet
facet normal 0.288228 0.538287 0.791942
outer loop
vertex 6.752155 15.035844 4.284244
vertex 7.764911 15.035844 3.915651
vertex 7.605580 15.871169 3.405866
endloop
endfacet
facet normal 0.295802 0.532045 0.793366
outer loop
vertex 6.752155 15.035844 4.284244
vertex 7.605580 15.871169 3.405866
vertex 6.627858 15.871169 3.770404
endloop
endfacet
facet normal 0.518255 0.496984 0.696002
outer loop
vertex 7.764911 15.035844 3.915651
vertex 8.629337 15.035844 3.271985
vertex 8.457569 15.871169 2.803418
endloop
endfacet
facet normal 0.493233 0.519775 0.697536
outer loop
vertex 7.764911 15.035844 3.915651
vertex 8.457569 15.871169 2.803418
vertex 7.605580 15.871169 3.405866
endloop
endfacet
facet normal 0.591005 0.518978 0.617556
outer loop
vertex 8.629337 15.035844 3.271985
vertex 9.407973 15.035844 2.526825
vertex 9.176095 15.871169 2.046748
endloop
endfacet
facet normal 0.639294 0.471987 0.607068
outer loop
vertex 8.629337 15.035844 3.271985
vertex 9.176095 15.871169 2.046748
vertex 8.457569 15.871169 2.803418
endloop
endfacet
facet normal 0.636605 0.586588 0.500648
outer loop
vertex 9.407973 15.035844 2.526825
vertex 10.074204 15.035844 1.679669
vertex 9.717396 15.871169 1.154659
endloop
endfacet
facet normal 0.753682 0.472043 0.457318
outer loop
vertex 9.407973 15.035844 2.526825
vertex 9.717396 15.871169 1.154659
vertex 9.176095 15.871169 2.046748
endloop
endfacet
facet normal 0.819326 0.375039 0.433649
outer loop
vertex 10.074204 15.035844 1.679669
vertex 10.578367 15.035844 0.727117
vertex 10.391352 15.871169 0.358034
endloop
endfacet
facet normal 0.616019 0.590688 0.521161
outer loop
vertex 10.074204 15.035844 1.679669
vertex 10.391352 15.871169 0.358034
vertex 9.717396 15.871169 1.154659
endloop
endfacet
facet normal -0.807360 0.410626 0.423741
outer loop
vertex 13.398722 15.035844 0.670940
vertex 13.899581 15.035844 1.625234
vertex 14.048660 15.871169 1.099806
endloop
endfacet
facet normal -0.770649 0.315290 0.553798
outer loop
vertex 13.398722 15.035844 0.670940
vertex 14.048660 15.871169 1.099806
vertex 13.439730 15.871169 0.252438
endloop
endfacet
facet normal -0.725614 0.442968 0.526558
outer loop
vertex 13.899581 15.035844 1.625234
vertex 14.532567 15.035844 2.497510
vertex 14.648059 15.871169 1.953943
endloop
endfacet
facet normal -0.729962 0.452491 0.512258
outer loop
vertex 13.899581 15.035844 1.625234
vertex 14.648059 15.871169 1.953943
vertex 14.048660 15.871169 1.099806
endloop
endfacet
facet normal -0.627984 0.444923 0.638498
outer loop
vertex 14.532567 15.035844 2.497510
vertex 15.300949 15.035844 3.253239
vertex 15.353489 15.871169 2.722837
endloop
endfacet
facet normal -0.647882 0.476372 0.594407
outer loop
vertex 14.532567 15.035844 2.497510
vertex 15.353489 15.871169 2.722837
vertex 14.648059 15.871169 1.953943
endloop
endfacet
facet normal -0.511618 0.472935 0.717342
outer loop
vertex 15.300949 15.035844 3.253239
vertex 16.178393 15.035844 3.879043
vertex 16.194840 15.871169 3.340054
endloop
endfacet
facet normal -0.518466 0.481365 0.706739
outer loop
vertex 15.300949 15.035844 3.253239
vertex 16.194840 15.871169 3.340054
vertex 15.353489 15.871169 2.722837
endloop
endfacet
facet normal -0.169050 0.516250 0.839588
outer loop
vertex 16.178393 15.035844 3.879043
vertex 17.234935 15.035844 4.091777
vertex 17.211861 15.871169 3.573502
endloop
endfacet
facet normal -0.189008 0.535029 0.823420
outer loop
vertex 16.178393 15.035844 3.879043
vertex 17.211861 15.871169 3.573502
vertex 16.194840 15.871169 3.340054
endloop
endfacet
facet normal 0.406354 0.471464 0.782686
outer loop
vertex 17.234935 15.035844 4.091777
vertex 18.191451 15.035844 3.595174
vertex 18.148785 15.871169 3.114153
endloop
endfacet
facet normal 0.382570 0.494715 0.780319
outer loop
vertex 17.234935 15.035844 4.091777
vertex 18.148785 15.871169 3.114153
vertex 17.211861 15.871169 3.573502
endloop
endfacet
facet normal 0.649811 0.318026 0.690366
outer loop
vertex 18.191451 15.035844 3.595174
vertex 18.976235 15.035844 2.856492
vertex 18.973225 15.871169 2.474522
endloop
endfacet
facet normal 0.551261 0.437319 0.710537
outer loop
vertex 18.191451 15.035844 3.595174
vertex 18.973225 15.871169 2.474522
vertex 18.148785 15.871169 3.114153
endloop
endfacet
facet normal 0.787916 0.225997 0.572812
outer loop
vertex 18.976235 15.035844 2.856492
vertex 19.609977 15.035844 1.984764
vertex 19.613392 15.871169 1.650498
endloop
endfacet
facet normal 0.759778 0.272644 0.590256
outer loop
vertex 18.976235 15.035844 2.856492
vertex 19.613392 15.871169 1.650498
vertex 18.973225 15.871169 2.474522
endloop
endfacet
facet normal 0.825983 0.173242 0.536413
outer loop
vertex 19.609977 15.035844 1.984764
vertex 20.196970 15.035844 1.080897
vertex 20.208498 15.871169 0.793365
endloop
endfacet
facet normal 0.801415 0.219383 0.556421
outer loop
vertex 19.609977 15.035844 1.984764
vertex 20.208498 15.871169 0.793365
vertex 19.613392 15.871169 1.650498
endloop
endfacet
facet normal -0.712619 0.550235 0.435219
outer loop
vertex 3.744947 15.871169 0.854788
vertex 4.288818 15.871169 1.745312
vertex 4.540184 16.706494 1.100817
endloop
endfacet
facet normal -0.647931 0.575721 0.498729
outer loop
vertex 4.288818 15.871169 1.745312
vertex 4.925289 15.871169 2.572194
vertex 5.138022 16.706494 1.884290
endloop
endfacet
facet normal -0.649055 0.577439 0.495269
outer loop
vertex 4.288818 15.871169 1.745312
vertex 5.138022 16.706494 1.884290
vertex 4.540184 16.706494 1.100817
endloop
endfacet
facet normal -0.551889 0.484189 0.678955
outer loop
vertex 4.925289 15.871169 2.572194
vertex 5.735002 15.871169 3.230369
vertex 5.756151 16.706494 2.651857
endloop
endfacet
facet normal -0.633599 0.581553 0.510243
outer loop
vertex 4.925289 15.871169 2.572194
vertex 5.756151 16.706494 2.651857
vertex 5.138022 16.706494 1.884290
endloop
endfacet
facet normal -0.408389 0.614265 0.675202
outer loop
vertex 5.735002 15.871169 3.230369
vertex 6.627858 15.871169 3.770404
vertex 6.665007 16.706494 3.032936
endloop
endfacet
facet normal -0.324435 0.544090 0.773762
outer loop
vertex 5.735002 15.871169 3.230369
vertex 6.665007 16.706494 3.032936
vertex 5.756151 16.706494 2.651857
endloop
endfacet
facet normal 0.269284 0.637064 0.722243
outer loop
vertex 6.627858 15.871169 3.770404
vertex 7.605580 15.871169 3.405866
vertex 7.584035 16.706494 2.677089
endloop
endfacet
facet normal 0.280960 0.628121 0.725621
outer loop
vertex 6.627858 15.871169 3.770404
vertex 7.584035 16.706494 2.677089
vertex 6.665007 16.706494 3.032936
endloop
endfacet
facet normal 0.440573 0.646287 0.623064
outer loop
vertex 7.605580 15.871169 3.405866
vertex 8.457569 15.871169 2.803418
vertex 8.326831 16.706494 2.029405
endloop
endfacet
facet normal 0.544842 0.559203 0.624852
outer loop
vertex 7.605580 15.871169 3.405866
vertex 8.326831 16.706494 2.029405
vertex 7.584035 16.706494 2.677089
endloop
endfacet
facet normal 0.553617 0.645863 0.525709
outer loop
vertex 8.457569 15.871169 2.803418
vertex 9.176095 15.871169 2.046748
vertex 8.946074 16.706494 1.262737
endloop
endfacet
facet normal 0.636118 0.575644 0.513797
outer loop
vertex 8.457569 15.871169 2.803418
vertex 8.946074 16.706494 1.262737
vertex 8.326831 16.706494 2.029405
endloop
endfacet
facet normal 0.740798 0.499167 0.449500
outer loop
vertex 9.176095 15.871169 2.046748
vertex 9.717396 15.871169 1.154659
vertex 9.557800 16.706494 0.490058
endloop
endfacet
facet normal 0.612681 0.623973 0.485057
outer loop
vertex 9.176095 15.871169 2.046748
vertex 9.557800 16.706494 0.490058
vertex 8.946074 16.706494 1.262737
endloop
endfacet
facet normal 0.741293 0.239115 0.627144
outer loop
vertex 9.717396 15.871169 1.154659
vertex 10.391352 15.871169 0.358034
vertex 10.417636 16.706494 0.008476
endloop
endfacet
facet normal 0.383906 0.618698 0.685441
outer loop
vertex 9.717396 15.871169 1.154659
vertex 10.417636 16.706494 0.008476
vertex 9.557800 16.706494 0.490058
endloop
endfacet
facet normal -0.655393 0.590460 0.470974
outer loop
vertex 13.439730 15.871169 0.252438
vertex 14.048660 15.871169 1.099806
vertex 14.284500 16.706494 0.380747
endloop
endfacet
facet normal -0.656866 0.596692 0.460962
outer loop
vertex 14.048660 15.871169 1.099806
vertex 14.648059 15.871169 1.953943
vertex 14.862841 16.706494 1.178721
endloop
endfacet
facet normal -0.652813 0.591591 0.473134
outer loop
vertex 14.048660 15.871169 1.099806
vertex 14.862841 16.706494 1.178721
vertex 14.284500 16.706494 0.380747
endloop
endfacet
facet normal -0.591939 0.595543 0.543081
outer loop
vertex 14.648059 15.871169 1.953943
vertex 15.353489 15.871169 2.722837
vertex 15.481243 16.706494 1.946067
endloop
endfacet
facet normal -0.613189 0.616277 0.494168
outer loop
vertex 14.648059 15.871169 1.953943
vertex 15.481243 16.706494 1.946067
vertex 14.862841 16.706494 1.178721
endloop
endfacet
facet normal -0.472050 0.602593 0.643468
outer loop
vertex 15.353489 15.871169 2.722837
vertex 16.194840 15.871169 3.340054
vertex 16.231714 16.706494 2.584842
endloop
endfacet
facet normal -0.504342 0.628129 0.592531
outer loop
vertex 15.353489 15.871169 2.722837
vertex 16.231714 16.706494 2.584842
vertex 15.481243 16.706494 1.946067
endloop
endfacet
facet normal -0.166022 0.670300 0.723280
outer loop
vertex 16.194840 15.871169 3.340054
vertex 17.211861 15.871169 3.573502
vertex 17.194479 16.706494 2.795374
endloop
endfacet
facet normal -0.159368 0.665931 0.728792
outer loop
vertex 16.194840 15.871169 3.340054
vertex 17.194479 16.706494 2.795374
vertex 16.231714 16.706494 2.584842
endloop
endfacet
facet normal 0.353463 0.596064 0.720952
outer loop
vertex 17.211861 15.871169 3.573502
vertex 18.148785 15.871169 3.114153
vertex 18.113929 16.706494 2.440618
endloop
endfacet
facet normal 0.270694 0.659174 0.701580
outer loop
vertex 17.211861 15.871169 3.573502
vertex 18.113929 16.706494 2.440618
vertex 17.194479 16.706494 2.795374
endloop
endfacet
facet normal 0.448503 0.681658 0.578089
outer loop
vertex 18.148785 15.871169 3.114153
vertex 18.973225 15.871169 2.474522
vertex 18.734329 16.706494 1.674886
endloop
endfacet
facet normal 0.683671 0.475157 0.553914
outer loop
vertex 18.148785 15.871169 3.114153
vertex 18.734329 16.706494 1.674886
vertex 18.113929 16.706494 2.440618
endloop
endfacet
facet normal 0.620555 0.618462 0.482096
outer loop
vertex 18.973225 15.871169 2.474522
vertex 19.613392 15.871169 1.650498
vertex 19.356010 16.706494 0.910195
endloop
endfacet
facet normal 0.598304 0.636739 0.486411
outer loop
vertex 18.973225 15.871169 2.474522
vertex 19.356010 16.706494 0.910195
vertex 18.734329 16.706494 1.674886
endloop
endfacet
facet normal 0.753627 0.397823 0.523243
outer loop
vertex 19.613392 15.871169 1.650498
vertex 20.208498 15.871169 0.793365
vertex 20.119279 16.706494 0.286768
endloop
endfacet
facet normal 0.474587 0.661178 0.581043
outer loop
vertex 19.613392 15.871169 1.650498
vertex 20.119279 16.706494 0.286768
vertex 19.356010 16.706494 0.910195
endloop
endfacet
facet normal -0.707207 0.456777 0.539642
outer loop
vertex 4.540184 16.706494 1.100817
vertex 5.138022 16.706494 1.884290
vertex 5.120520 17.541818 1.154297
endloop
endfacet
facet normal -0.669244 0.425974 0.608817
outer loop
vertex 4.540184 16.706494 1.100817
vertex 5.120520 17.541818 1.154297
vertex 4.497915 17.541818 0.469897
endloop
endfacet
facet normal -0.614247 0.614827 0.494659
outer loop
vertex 5.138022 16.706494 1.884290
vertex 5.756151 16.706494 2.651857
vertex 5.847328 17.541818 1.726826
endloop
endfacet
facet normal -0.513242 0.558634 0.651545
outer loop
vertex 5.138022 16.706494 1.884290
vertex 5.847328 17.541818 1.726826
vertex 5.120520 17.541818 1.154297
endloop
endfacet
facet normal -0.260259 0.739589 0.620704
outer loop
vertex 5.756151 16.706494 2.651857
vertex 6.665007 16.706494 3.032936
vertex 6.711579 17.541818 2.057147
endloop
endfacet
facet normal -0.243362 0.731674 0.636732
outer loop
vertex 5.756151 16.706494 2.651857
vertex 6.711579 17.541818 2.057147
vertex 5.847328 17.541818 1.726826
endloop
endfacet
facet normal 0.244881 0.734881 0.632443
outer loop
vertex 6.665007 16.706494 3.032936
vertex 7.584035 16.706494 2.677089
vertex 7.569978 17.541818 1.711908
endloop
endfacet
facet normal 0.255676 0.728355 0.635711
outer loop
vertex 6.665007 16.706494 3.032936
vertex 7.569978 17.541818 1.711908
vertex 6.711579 17.541818 2.057147
endloop
endfacet
facet normal 0.436104 0.748109 0.500146
outer loop
vertex 7.584035 16.706494 2.677089
vertex 8.326831 16.706494 2.029405
vertex 8.115249 17.541818 0.964432
endloop
endfacet
facet normal 0.663541 0.570454 0.484041
outer loop
vertex 7.584035 16.706494 2.677089
vertex 8.115249 17.541818 0.964432
vertex 7.569978 17.541818 1.711908
endloop
endfacet
facet normal 0.591580 0.649398 0.477823
outer loop
vertex 8.326831 16.706494 2.029405
vertex 8.946074 16.706494 1.262737
vertex 8.785346 17.541818 0.326458
endloop
endfacet
facet normal 0.464288 0.739337 0.487666
outer loop
vertex 8.326831 16.706494 2.029405
vertex 8.785346 17.541818 0.326458
vertex 8.115249 17.541818 0.964432
endloop
endfacet
facet normal 0.762688 0.231761 0.603816
outer loop
vertex 8.946074 16.706494 1.262737
vertex 9.557800 16.706494 0.490058
vertex 9.663692 17.541818 0.035685
endloop
endfacet
facet normal 0.208840 0.747273 0.630848
outer loop
vertex 8.946074 16.706494 1.262737
vertex 9.663692 17.541818 0.035685
vertex 8.785346 17.541818 0.326458
endloop
endfacet
facet normal -0.624913 0.635887 0.452913
outer loop
vertex 14.284500 16.706494 0.380747
vertex 14.862841 16.706494 1.178721
vertex 15.146914 17.541818 0.397883
endloop
endfacet
facet normal -0.561861 0.692302 0.452802
outer loop
vertex 14.862841 16.706494 1.178721
vertex 15.481243 16.706494 1.946067
vertex 15.794984 17.541818 1.058221
endloop
endfacet
facet normal -0.531161 0.667924 0.521293
outer loop
vertex 14.862841 16.706494 1.178721
vertex 15.794984 17.541818 1.058221
vertex 15.146914 17.541818 0.397883
endloop
endfacet
facet normal -0.484485 0.664292 0.569201
outer loop
vertex 15.481243 16.706494 1.946067
vertex 16.231714 16.706494 2.584842
vertex 16.402914 17.541818 1.755689
endloop
endfacet
facet normal -0.537994 0.700478 0.468928
outer loop
vertex 15.481243 16.706494 1.946067
vertex 16.402914 17.541818 1.755689
vertex 15.794984 17.541818 1.058221
endloop
endfacet
facet normal -0.116700 0.837602 0.533670
outer loop
vertex 16.231714 16.706494 2.584842
vertex 17.194479 16.706494 2.795374
vertex 17.293822 17.541818 1.506045
endloop
endfacet
facet normal 0.200506 0.669169 0.715549
outer loop
vertex 16.231714 16.706494 2.584842
vertex 17.293822 17.541818 1.506045
vertex 16.402914 17.541818 1.755689
endloop
endfacet
facet normal 0.251066 0.716621 0.650708
outer loop
vertex 17.194479 16.706494 2.795374
vertex 18.113929 16.706494 2.440618
vertex 18.218687 17.541818 1.480260
endloop
endfacet
facet normal 0.015180 0.838627 0.544495
outer loop
vertex 17.194479 16.706494 2.795374
vertex 18.218687 17.541818 1.480260
vertex 17.293822 17.541818 1.506045
endloop
endfacet
facet normal 0.624053 0.595748 0.505611
outer loop
vertex 18.113929 16.706494 2.440618
vertex 18.734329 16.706494 1.674886
vertex 18.723035 17.541818 0.704585
endloop
endfacet
facet normal 0.743336 0.462443 0.483320
outer loop
vertex 18.113929 16.706494 2.440618
vertex 18.723035 17.541818 0.704585
vertex 18.218687 17.541818 1.480260
endloop
endfacet
facet normal 0.662852 0.519833 0.538888
outer loop
vertex 18.734329 16.706494 1.674886
vertex 19.356010 16.706494 0.910195
vertex 19.389674 17.541818 0.062998
endloop
endfacet
facet normal 0.529319 0.646015 0.549988
outer loop
vertex 18.734329 16.706494 1.674886
vertex 19.389674 17.541818 0.062998
vertex 18.723035 17.541818 0.704585
endloop
endfacet
facet normal -0.581066 0.618824 0.528601
outer loop
vertex 4.497915 17.541818 0.469897
vertex 5.120520 17.541818 1.154297
vertex 5.021088 18.377143 0.067098
endloop
endfacet
facet normal -0.334061 0.841759 0.424081
outer loop
vertex 5.120520 17.541818 1.154297
vertex 5.847328 17.541818 1.726826
vertex 5.858265 18.377143 0.077404
endloop
endfacet
facet normal -0.007506 0.792616 0.609675
outer loop
vertex 5.120520 17.541818 1.154297
vertex 5.858265 18.377143 0.077404
vertex 5.021088 18.377143 0.067098
endloop
endfacet
facet normal -0.179136 0.865008 0.468692
outer loop
vertex 5.847328 17.541818 1.726826
vertex 6.711579 17.541818 2.057147
vertex 6.596874 18.377143 0.471649
endloop
endfacet
facet normal -0.233813 0.868015 0.438043
outer loop
vertex 5.847328 17.541818 1.726826
vertex 6.596874 18.377143 0.471649
vertex 5.858265 18.377143 0.077404
endloop
endfacet
facet normal 0.201393 0.841842 0.500742
outer loop
vertex 6.711579 17.541818 2.057147
vertex 7.569978 17.541818 1.711908
vertex 7.427288 18.377143 0.364958
endloop
endfacet
facet normal 0.059349 0.884927 0.461933
outer loop
vertex 6.711579 17.541818 2.057147
vertex 7.427288 18.377143 0.364958
vertex 6.596874 18.377143 0.471649
endloop
endfacet
facet normal 0.700063 0.499113 0.510684
outer loop
vertex 7.569978 17.541818 1.711908
vertex 8.115249 17.541818 0.964432
vertex 8.197115 18.377143 0.035809
endloop
endfacet
facet normal 0.213148 0.840266 0.498519
outer loop
vertex 7.569978 17.541818 1.711908
vertex 8.197115 18.377143 0.035809
vertex 7.427288 18.377143 0.364958
endloop
endfacet
facet normal 0.687386 0.078859 0.721998
outer loop
vertex 8.115249 17.541818 0.964432
vertex 8.785346 17.541818 0.326458
vertex 9.033542 18.377143 -0.001077
endloop
endfacet
facet normal 0.029543 0.741847 0.669918
outer loop
vertex 8.115249 17.541818 0.964432
vertex 9.033542 18.377143 -0.001077
vertex 8.197115 18.377143 0.035809
endloop
endfacet
facet normal -0.551206 0.635239 0.540965
outer loop
vertex 15.146914 17.541818 0.397883
vertex 15.794984 17.541818 1.058221
vertex 15.731355 18.377143 0.012491
endloop
endfacet
facet normal -0.467779 0.784182 0.407728
outer loop
vertex 15.794984 17.541818 1.058221
vertex 16.402914 17.541818 1.755689
vertex 16.522538 18.377143 0.286355
endloop
endfacet
facet normal -0.213779 0.756880 0.617601
outer loop
vertex 15.794984 17.541818 1.058221
vertex 16.522538 18.377143 0.286355
vertex 15.731355 18.377143 0.012491
endloop
endfacet
facet normal 0.137958 0.859405 0.492331
outer loop
vertex 16.402914 17.541818 1.755689
vertex 17.293822 17.541818 1.506045
vertex 17.322663 18.377143 0.039835
endloop
endfacet
facet normal 0.153368 0.853634 0.497782
outer loop
vertex 16.402914 17.541818 1.755689
vertex 17.322663 18.377143 0.039835
vertex 16.522538 18.377143 0.286355
endloop
endfacet
facet normal 0.014369 0.856823 0.515411
outer loop
vertex 17.293822 17.541818 1.506045
vertex 18.218687 17.541818 1.480260
vertex 18.158195 18.377143 0.093297
endloop
endfacet
facet normal -0.031628 0.868716 0.494300
outer loop
vertex 17.293822 17.541818 1.506045
vertex 18.158195 18.377143 0.093297
vertex 17.322663 18.377143 0.039835
endloop
endfacet
facet normal 0.825265 0.176087 0.536591
outer loop
vertex 18.218687 17.541818 1.480260
vertex 18.723035 17.541818 0.704585
vertex 18.991942 18.377143 0.016894
endloop
endfacet
facet normal 0.047088 0.856590 0.513844
outer loop
vertex 18.218687 17.541818 1.480260
vertex 18.991942 18.377143 0.016894
vertex 18.158195 18.377143 0.093297
endloop
endfacet
facet normal -0.250107 -0.835500 -0.489272
outer loop
vertex 0.586821 0.835325 -2.019342
vertex 0.752292 0.000000 -0.677494
vertex 0.000000 0.000000 -0.292936
endloop
endfacet
facet normal -0.610051 -0.611884 -0.503423
outer loop
vertex 0.000000 0.835325 -1.308229
vertex 0.586821 0.835325 -2.019342
vertex 0.000000 0.000000 -0.292936
endloop
endfacet
facet normal -0.158347 -0.884842 -0.438156
outer loop
vertex 1.325206 0.835325 -2.571454
vertex 1.546878 0.000000 -0.964652
vertex 0.752292 0.000000 -0.677494
endloop
endfacet
facet normal -0.347223 -0.814737 -0.464370
outer loop
vertex 0.586821 0.835325 -2.019342
vertex 1.325206 0.835325 -2.571454
vertex 0.752292 0.000000 -0.677494
endloop
endfacet
facet normal -0.018211 -0.908433 -0.417634
outer loop
vertex 2.215573 0.835325 -2.810801
vertex 2.390959 0.000000 -1.001459
vertex 1.546878 0.000000 -0.964652
endloop
endfacet
facet normal -0.119600 -0.887553 -0.444910
outer loop
vertex 1.325206 0.835325 -2.571454
vertex 2.215573 0.835325 -2.810801
vertex 1.546878 0.000000 -0.964652
endloop
endfacet
facet normal 0.102837 -0.904104 -0.414755
outer loop
vertex 3.121803 0.835325 -2.641133
vertex 3.211011 0.000000 -0.798131
vertex 2.390959 0.000000 -1.001459
endloop
endfacet
facet normal 0.079415 -0.902094 -0.424170
outer loop
vertex 2.215573 0.835325 -2.810801
vertex 3.121803 0.835325 -2.641133
vertex 2.390959 0.000000 -1.001459
endloop
endfacet
facet normal 0.141531 -0.892314 -0.428654
outer loop
vertex 3.972464 0.835325 -2.285583
vertex 4.013294 0.000000 -0.533237
vertex 3.211011 0.000000 -0.798131
endloop
endfacet
facet normal 0.172844 -0.893932 -0.413533
outer loop
vertex 3.121803 0.835325 -2.641133
vertex 3.972464 0.835325 -2.285583
vertex 3.211011 0.000000 -0.798131
endloop
endfacet
facet normal 0.201875 -0.871057 -0.447780
outer loop
vertex 4.767235 0.835325 -1.818273
vertex 4.783520 0.000000 -0.185992
vertex 4.013294 0.000000 -0.533237
endloop
endfacet
facet normal 0.247876 -0.872258 -0.421572
outer loop
vertex 3.972464 0.835325 -2.285583
vertex 4.767235 0.835325 -1.818273
vertex 4.013294 0.000000 -0.533237
endloop
endfacet
facet normal 0.119723 -0.790336 -0.600863
outer loop
vertex 5.412215 0.835325 -1.159456
vertex 5.612116 0.000000 -0.020894
vertex 4.783520 0.000000 -0.185992
endloop
endfacet
facet normal 0.424710 -0.804202 -0.415790
outer loop
vertex 4.767235 0.835325 -1.818273
vertex 5.412215 0.835325 -1.159456
vertex 4.783520 0.000000 -0.185992
endloop
endfacet
facet normal 0.574359 -0.608662 -0.547396
outer loop
vertex 5.412215 0.835325 -1.159456
vertex 6.048298 0.835325 -0.492043
vertex 5.612116 0.000000 -0.020894
endloop
endfacet
facet normal -0.012529 -0.816062 -0.577829
outer loop
vertex 18.405147 0.835325 -1.198733
vertex 18.284850 0.000000 -0.016405
vertex 17.440165 0.000000 0.001910
endloop
endfacet
facet normal -0.718940 -0.146177 -0.679527
outer loop
vertex 17.771836 0.835325 -0.528689
vertex 18.405147 0.835325 -1.198733
vertex 17.440165 0.000000 0.001910
endloop
endfacet
facet normal -0.107591 -0.889720 -0.443647
outer loop
vertex 19.033709 0.835325 -1.873232
vertex 19.105933 0.000000 -0.215530
vertex 18.284850 0.000000 -0.016405
endloop
endfacet
facet normal -0.554780 -0.651868 -0.516997
outer loop
vertex 18.405147 0.835325 -1.198733
vertex 19.033709 0.835325 -1.873232
vertex 18.284850 0.000000 -0.016405
endloop
endfacet
facet normal -0.147988 -0.897726 -0.414954
outer loop
vertex 19.856006 0.835325 -2.290206
vertex 19.901722 0.000000 -0.499339
vertex 19.105933 0.000000 -0.215530
endloop
endfacet
facet normal -0.218796 -0.875188 -0.431479
outer loop
vertex 19.033709 0.835325 -1.873232
vertex 19.856006 0.835325 -2.290206
vertex 19.105933 0.000000 -0.215530
endloop
endfacet
facet normal -0.138591 -0.899728 -0.413862
outer loop
vertex 20.727269 0.835325 -2.591771
vertex 20.702878 0.000000 -0.767623
vertex 19.901722 0.000000 -0.499339
endloop
endfacet
facet normal -0.143748 -0.898252 -0.415307
outer loop
vertex 19.856006 0.835325 -2.290206
vertex 20.727269 0.835325 -2.591771
vertex 19.901722 0.000000 -0.499339
endloop
endfacet
facet normal -0.054902 -0.907844 -0.415699
outer loop
vertex 21.640869 0.835325 -2.715766
vertex 21.540487 0.000000 -0.878247
vertex 20.702878 0.000000 -0.767623
endloop
endfacet
facet normal -0.056502 -0.907466 -0.416308
outer loop
vertex 20.727269 0.835325 -2.591771
vertex 21.640869 0.835325 -2.715766
vertex 20.702878 0.000000 -0.767623
endloop
endfacet
facet normal -0.001128 -0.898451 -0.439073
outer loop
vertex 22.554246 0.835325 -2.590132
vertex 22.385367 0.000000 -0.880417
vertex 21.540487 0.000000 -0.878247
endloop
endfacet
facet normal 0.056481 -0.910056 -0.410620
outer loop
vertex 21.640869 0.835325 -2.715766
vertex 22.554246 0.835325 -2.590132
vertex 21.540487 0.000000 -0.878247
endloop
endfacet
facet normal 0.083397 -0.857759 -0.507242
outer loop
vertex 23.355210 0.835325 -2.133518
vertex 23.219058 0.000000 -0.743348
vertex 22.385367 0.000000 -0.880417
endloop
endfacet
facet normal 0.232747 -0.882691 -0.408271
outer loop
vertex 22.554246 0.835325 -2.590132
vertex 23.355210 0.835325 -2.133518
vertex 22.385367 0.000000 -0.880417
endloop
endfacet
facet normal 0.249098 -0.757282 -0.603717
outer loop
vertex 23.995968 0.835325 -1.470593
vertex 24.000071 0.000000 -0.421097
vertex 23.219058 0.000000 -0.743348
endloop
endfacet
facet normal 0.443997 -0.786572 -0.429151
outer loop
vertex 23.355210 0.835325 -2.133518
vertex 23.995968 0.835325 -1.470593
vertex 23.219058 0.000000 -0.743348
endloop
endfacet
facet normal -0.739762 0.282998 -0.610463
outer loop
vertex 0.507679 1.670649 -1.536198
vertex 0.586821 0.835325 -2.019342
vertex 0.000000 0.835325 -1.308229
endloop
endfacet
facet normal -0.808215 0.365105 -0.462046
outer loop
vertex 0.000000 1.670649 -0.648162
vertex 0.507679 1.670649 -1.536198
vertex 0.000000 0.835325 -1.308229
endloop
endfacet
facet normal -0.598776 -0.014054 -0.800793
outer loop
vertex 1.066715 1.670649 -2.392833
vertex 1.325206 0.835325 -2.571454
vertex 0.586821 0.835325 -2.019342
endloop
endfacet
facet normal -0.814921 0.230387 -0.531814
outer loop
vertex 0.507679 1.670649 -1.536198
vertex 1.066715 1.670649 -2.392833
vertex 0.586821 0.835325 -2.019342
endloop
endfacet
facet normal -0.225296 -0.496832 -0.838093
outer loop
vertex 1.726497 1.670649 -3.174519
vertex 2.215573 0.835325 -2.810801
vertex 1.325206 0.835325 -2.571454
endloop
endfacet
facet normal -0.760495 -0.098076 -0.641895
outer loop
vertex 1.066715 1.670649 -2.392833
vertex 1.726497 1.670649 -3.174519
vertex 1.325206 0.835325 -2.571454
endloop
endfacet
facet normal 0.121558 -0.750787 -0.649264
outer loop
vertex 2.601401 1.670649 -3.704506
vertex 3.121803 0.835325 -2.641133
vertex 2.215573 0.835325 -2.810801
endloop
endfacet
facet normal -0.429287 -0.559913 -0.708668
outer loop
vertex 1.726497 1.670649 -3.174519
vertex 2.601401 1.670649 -3.704506
vertex 2.215573 0.835325 -2.810801
endloop
endfacet
facet normal 0.229141 -0.804329 -0.548224
outer loop
vertex 3.623213 1.670649 -3.657110
vertex 3.972464 0.835325 -2.285583
vertex 3.121803 0.835325 -2.641133
endloop
endfacet
facet normal 0.029048 -0.779097 -0.626230
outer loop
vertex 2.601401 1.670649 -3.704506
vertex 3.623213 1.670649 -3.657110
vertex 3.121803 0.835325 -2.641133
endloop
endfacet
facet normal 0.300411 -0.805428 -0.510920
outer loop
vertex 4.563681 1.670649 -3.254785
vertex 4.767235 0.835325 -1.818273
vertex 3.972464 0.835325 -2.285583
endloop
endfacet
facet normal 0.234657 -0.802527 -0.548531
outer loop
vertex 3.623213 1.670649 -3.657110
vertex 4.563681 1.670649 -3.254785
vertex 3.972464 0.835325 -2.285583
endloop
endfacet
facet normal 0.451462 -0.775136 -0.441980
outer loop
vertex 5.388024 1.670649 -2.649142
vertex 5.412215 0.835325 -1.159456
vertex 4.767235 0.835325 -1.818273
endloop
endfacet
facet normal 0.371389 -0.778808 -0.505499
outer loop
vertex 4.563681 1.670649 -3.254785
vertex 5.388024 1.670649 -2.649142
vertex 4.767235 0.835325 -1.818273
endloop
endfacet
facet normal 0.465693 -0.765600 -0.443832
outer loop
vertex 6.081974 1.670649 -1.897625
vertex 6.048298 0.835325 -0.492043
vertex 5.412215 0.835325 -1.159456
endloop
endfacet
facet normal 0.472988 -0.765197 -0.436756
outer loop
vertex 5.388024 1.670649 -2.649142
vertex 6.081974 1.670649 -1.897625
vertex 5.412215 0.835325 -1.159456
endloop
endfacet
facet normal 0.544025 -0.726966 -0.418995
outer loop
vertex 6.081974 1.670649 -1.897625
vertex 6.706135 1.670649 -1.087212
vertex 6.048298 0.835325 -0.492043
endloop
endfacet
facet normal -0.289103 -0.827009 -0.482157
outer loop
vertex 17.678063 1.670649 -1.905233
vertex 17.771836 0.835325 -0.528689
vertex 16.981110 0.835325 -0.054567
endloop
endfacet
facet normal -0.675385 -0.542719 -0.499311
outer loop
vertex 17.069965 1.670649 -1.082699
vertex 17.678063 1.670649 -1.905233
vertex 16.981110 0.835325 -0.054567
endloop
endfacet
facet normal -0.456888 -0.777668 -0.431840
outer loop
vertex 18.366341 1.670649 -2.661948
vertex 18.405147 0.835325 -1.198733
vertex 17.771836 0.835325 -0.528689
endloop
endfacet
facet normal -0.475487 -0.766074 -0.432484
outer loop
vertex 17.678063 1.670649 -1.905233
vertex 18.366341 1.670649 -2.661948
vertex 17.771836 0.835325 -0.528689
endloop
endfacet
facet normal -0.519511 -0.704079 -0.484129
outer loop
vertex 19.195217 1.670649 -3.261373
vertex 19.033709 0.835325 -1.873232
vertex 18.405147 0.835325 -1.198733
endloop
endfacet
facet normal -0.333216 -0.822594 -0.460767
outer loop
vertex 18.366341 1.670649 -2.661948
vertex 19.195217 1.670649 -3.261373
vertex 18.405147 0.835325 -1.198733
endloop
endfacet
facet normal -0.293674 -0.760492 -0.579143
outer loop
vertex 20.176653 1.670649 -3.549694
vertex 19.856006 0.835325 -2.290206
vertex 19.033709 0.835325 -1.873232
endloop
endfacet
facet normal -0.153510 -0.838680 -0.522543
outer loop
vertex 19.195217 1.670649 -3.261373
vertex 20.176653 1.670649 -3.549694
vertex 19.033709 0.835325 -1.873232
endloop
endfacet
facet normal -0.243026 -0.669285 -0.702137
outer loop
vertex 21.199561 1.670649 -3.551483
vertex 20.727269 0.835325 -2.591771
vertex 19.856006 0.835325 -2.290206
endloop
endfacet
facet normal -0.000967 -0.833258 -0.552884
outer loop
vertex 20.176653 1.670649 -3.549694
vertex 21.199561 1.670649 -3.551483
vertex 19.856006 0.835325 -2.290206
endloop
endfacet
facet normal -0.123424 -0.397212 -0.909390
outer loop
vertex 22.139672 1.670649 -3.148325
vertex 21.640869 0.835325 -2.715766
vertex 20.727269 0.835325 -2.591771
endloop
endfacet
facet normal 0.242790 -0.787733 -0.566154
outer loop
vertex 21.199561 1.670649 -3.551483
vertex 22.139672 1.670649 -3.148325
vertex 20.727269 0.835325 -2.591771
endloop
endfacet
facet normal 0.134831 0.144743 -0.980240
outer loop
vertex 22.862365 1.670649 -2.424405
vertex 22.554246 0.835325 -2.590132
vertex 21.640869 0.835325 -2.715766
endloop
endfacet
facet normal 0.555743 -0.619149 -0.554801
outer loop
vertex 22.139672 1.670649 -3.148325
vertex 22.862365 1.670649 -2.424405
vertex 21.640869 0.835325 -2.715766
endloop
endfacet
facet normal 0.444652 0.440357 -0.779981
outer loop
vertex 23.466128 1.670649 -1.598683
vertex 23.355210 0.835325 -2.133518
vertex 22.554246 0.835325 -2.590132
endloop
endfacet
facet normal 0.794370 -0.177776 -0.580838
outer loop
vertex 22.862365 1.670649 -2.424405
vertex 23.466128 1.670649 -1.598683
vertex 22.554246 0.835325 -2.590132
endloop
endfacet
facet normal 0.616351 0.514981 -0.595741
outer loop
vertex 24.010991 1.670649 -0.732964
vertex 23.995968 0.835325 -1.470593
vertex 23.355210 0.835325 -2.133518
endloop
endfacet
facet normal 0.825034 0.222914 -0.519257
outer loop
vertex 23.466128 1.670649 -1.598683
vertex 24.010991 1.670649 -0.732964
vertex 23.355210 0.835325 -2.133518
endloop
endfacet
facet normal -0.695814 0.598004 -0.397788
outer loop
vertex 0.776154 2.505974 -0.750053
vertex 0.507679 1.670649 -1.536198
vertex 0.000000 1.670649 -0.648162
endloop
endfacet
facet normal -0.604469 0.484519 -0.632344
outer loop
vertex 0.000000 2.505974 -0.008113
vertex 0.776154 2.505974 -0.750053
vertex 0.000000 1.670649 -0.648162
endloop
endfacet
facet normal -0.686181 0.573264 -0.447799
outer loop
vertex 1.303051 2.505974 -1.685611
vertex 1.066715 1.670649 -2.392833
vertex 0.507679 1.670649 -1.536198
endloop
endfacet
facet normal -0.699776 0.595813 -0.394107
outer loop
vertex 0.776154 2.505974 -0.750053
vertex 1.303051 2.505974 -1.685611
vertex 0.507679 1.670649 -1.536198
endloop
endfacet
facet normal -0.660771 0.502322 -0.557723
outer loop
vertex 1.872911 2.505974 -2.595637
vertex 1.726497 1.670649 -3.174519
vertex 1.066715 1.670649 -2.392833
endloop
endfacet
facet normal -0.697876 0.567441 -0.437012
outer loop
vertex 1.303051 2.505974 -1.685611
vertex 1.872911 2.505974 -2.595637
vertex 1.066715 1.670649 -2.392833
endloop
endfacet
facet normal -0.498275 0.274094 -0.822554
outer loop
vertex 2.573538 2.505974 -3.409278
vertex 2.601401 1.670649 -3.704506
vertex 1.726497 1.670649 -3.174519
endloop
endfacet
facet normal -0.654068 0.504956 -0.563219
outer loop
vertex 1.872911 2.505974 -2.595637
vertex 2.573538 2.505974 -3.409278
vertex 1.726497 1.670649 -3.174519
endloop
endfacet
facet normal 0.042172 -0.414275 -0.909174
outer loop
vertex 3.437859 2.505974 -4.046332
vertex 3.623213 1.670649 -3.657110
vertex 2.601401 1.670649 -3.704506
endloop
endfacet
facet normal -0.573557 0.255897 -0.778170
outer loop
vertex 2.573538 2.505974 -3.409278
vertex 3.437859 2.505974 -4.046332
vertex 2.601401 1.670649 -3.704506
endloop
endfacet
facet normal 0.292992 -0.667140 -0.684894
outer loop
vertex 4.510650 2.505974 -4.091142
vertex 4.563681 1.670649 -3.254785
vertex 3.623213 1.670649 -3.657110
endloop
endfacet
facet normal -0.037699 -0.428915 -0.902558
outer loop
vertex 3.437859 2.505974 -4.046332
vertex 4.510650 2.505974 -4.091142
vertex 3.623213 1.670649 -3.657110
endloop
endfacet
facet normal 0.434379 -0.679526 -0.591235
outer loop
vertex 5.447089 2.505974 -3.565814
vertex 5.388024 1.670649 -2.649142
vertex 4.563681 1.670649 -3.254785
endloop
endfacet
facet normal 0.374229 -0.644159 -0.667093
outer loop
vertex 4.510650 2.505974 -4.091142
vertex 5.447089 2.505974 -3.565814
vertex 4.563681 1.670649 -3.254785
endloop
endfacet
facet normal 0.531399 -0.690532 -0.490693
outer loop
vertex 6.267103 2.505974 -2.872657
vertex 6.081974 1.670649 -1.897625
vertex 5.388024 1.670649 -2.649142
endloop
endfacet
facet normal 0.483737 -0.662201 -0.572266
outer loop
vertex 5.447089 2.505974 -3.565814
vertex 6.267103 2.505974 -2.872657
vertex 5.388024 1.670649 -2.649142
endloop
endfacet
facet normal 0.570742 -0.693564 -0.439571
outer loop
vertex 6.970749 2.505974 -2.061626
vertex 6.706135 1.670649 -1.087212
vertex 6.081974 1.670649 -1.897625
endloop
endfacet
facet normal 0.552472 -0.681928 -0.479321
outer loop
vertex 6.267103 2.505974 -2.872657
vertex 6.970749 2.505974 -2.061626
vertex 6.081974 1.670649 -1.897625
endloop
endfacet
facet normal 0.590687 -0.684854 -0.426689
outer loop
vertex 6.970749 2.505974 -2.061626
vertex 7.599484 2.505974 -1.191235
vertex 6.706135 1.670649 -1.087212
endloop
endfacet
facet normal -0.571451 -0.697430 -0.432475
outer loop
vertex 16.858320 2.505974 -2.150128
vertex 17.069965 1.670649 -1.082699
vertex 16.452674 1.670649 -0.267041
endloop
endfacet
facet normal -0.602778 -0.673125 -0.428441
outer loop
vertex 16.236264 2.505974 -1.274951
vertex 16.858320 2.505974 -2.150128
vertex 16.452674 1.670649 -0.267041
endloop
endfacet
facet normal -0.596981 -0.669945 -0.441347
outer loop
vertex 17.536885 2.505974 -2.982257
vertex 17.678063 1.670649 -1.905233
vertex 17.069965 1.670649 -1.082699
endloop
endfacet
facet normal -0.546926 -0.708492 -0.445994
outer loop
vertex 16.858320 2.505974 -2.150128
vertex 17.536885 2.505974 -2.982257
vertex 17.069965 1.670649 -1.082699
endloop
endfacet
facet normal -0.585013 -0.612066 -0.532104
outer loop
vertex 18.383917 2.505974 -3.642126
vertex 18.366341 1.670649 -2.661948
vertex 17.678063 1.670649 -1.905233
endloop
endfacet
facet normal -0.409104 -0.746231 -0.525141
outer loop
vertex 17.536885 2.505974 -2.982257
vertex 18.383917 2.505974 -3.642126
vertex 17.678063 1.670649 -1.905233
endloop
endfacet
facet normal -0.494034 -0.537814 -0.683144
outer loop
vertex 19.376977 2.505974 -4.050438
vertex 19.195217 1.670649 -3.261373
vertex 18.366341 1.670649 -2.661948
endloop
endfacet
facet normal -0.258717 -0.732897 -0.629227
outer loop
vertex 18.383917 2.505974 -3.642126
vertex 19.376977 2.505974 -4.050438
vertex 18.366341 1.670649 -2.661948
endloop
endfacet
facet normal -0.267020 -0.320233 -0.908928
outer loop
vertex 20.443025 2.505974 -3.922249
vertex 20.176653 1.670649 -3.549694
vertex 19.195217 1.670649 -3.261373
endloop
endfacet
facet normal 0.085959 -0.693970 -0.714854
outer loop
vertex 19.376977 2.505974 -4.050438
vertex 20.443025 2.505974 -3.922249
vertex 19.195217 1.670649 -3.261373
endloop
endfacet
facet normal -0.001688 0.260907 -0.965362
outer loop
vertex 21.335957 2.505974 -3.325959
vertex 21.199561 1.670649 -3.551483
vertex 20.176653 1.670649 -3.549694
endloop
endfacet
facet normal 0.487015 -0.480567 -0.729296
outer loop
vertex 20.443025 2.505974 -3.922249
vertex 21.335957 2.505974 -3.325959
vertex 20.176653 1.670649 -3.549694
endloop
endfacet
facet normal 0.327374 0.556828 -0.763393
outer loop
vertex 22.089131 2.505974 -2.560703
vertex 22.139672 1.670649 -3.148325
vertex 21.199561 1.670649 -3.551483
endloop
endfacet
facet normal 0.710819 0.072813 -0.699596
outer loop
vertex 21.335957 2.505974 -3.325959
vertex 22.089131 2.505974 -2.560703
vertex 21.199561 1.670649 -3.551483
endloop
endfacet
facet normal 0.561524 0.608646 -0.560572
outer loop
vertex 22.701419 2.505974 -1.678664
vertex 22.862365 1.670649 -2.424405
vertex 22.139672 1.670649 -3.148325
endloop
endfacet
facet normal 0.748881 0.411010 -0.519853
outer loop
vertex 22.089131 2.505974 -2.560703
vertex 22.701419 2.505974 -1.678664
vertex 22.139672 1.670649 -3.148325
endloop
endfacet
facet normal 0.625893 0.631518 -0.457649
outer loop
vertex 23.242811 2.505974 -0.751419
vertex 23.466128 1.670649 -1.598683
vertex 22.862365 1.670649 -2.424405
endloop
endfacet
facet normal 0.735095 0.524807 -0.429201
outer loop
vertex 22.701419 2.505974 -1.678664
vertex 23.242811 2.505974 -0.751419
vertex 22.862365 1.670649 -2.424405
endloop
endfacet
facet normal 0.779363 0.389860 -0.490512
outer loop
vertex 24.036592 2.505974 -0.028369
vertex 24.010991 1.670649 -0.732964
vertex 23.466128 1.670649 -1.598683
endloop
endfacet
facet normal 0.493145 0.680962 -0.541386
outer loop
vertex 23.242811 2.505974 -0.751419
vertex 24.036592 2.505974 -0.028369
vertex 23.466128 1.670649 -1.598683
endloop
endfacet
facet normal -0.586288 0.529244 -0.613325
outer loop
vertex 1.059909 3.341299 -0.300489
vertex 0.776154 2.505974 -0.750053
vertex 0.000000 2.505974 -0.008113
endloop
endfacet
facet normal -0.717632 0.567148 -0.404163
outer loop
vertex 1.691495 3.341299 -1.203152
vertex 1.303051 2.505974 -1.685611
vertex 0.776154 2.505974 -0.750053
endloop
endfacet
facet normal -0.706647 0.506145 -0.494436
outer loop
vertex 1.059909 3.341299 -0.300489
vertex 1.691495 3.341299 -1.203152
vertex 0.776154 2.505974 -0.750053
endloop
endfacet
facet normal -0.701584 0.561040 -0.439333
outer loop
vertex 2.259890 3.341299 -2.146883
vertex 1.872911 2.505974 -2.595637
vertex 1.303051 2.505974 -1.685611
endloop
endfacet
facet normal -0.702984 0.571445 -0.423396
outer loop
vertex 1.691495 3.341299 -1.203152
vertex 2.259890 3.341299 -2.146883
vertex 1.303051 2.505974 -1.685611
endloop
endfacet
facet normal -0.659613 0.492234 -0.567993
outer loop
vertex 2.888762 3.341299 -3.051439
vertex 2.573538 2.505974 -3.409278
vertex 1.872911 2.505974 -2.595637
endloop
endfacet
facet normal -0.676742 0.566269 -0.470489
outer loop
vertex 2.259890 3.341299 -2.146883
vertex 2.888762 3.341299 -3.051439
vertex 1.872911 2.505974 -2.595637
endloop
endfacet
facet normal -0.574528 0.249633 -0.779488
outer loop
vertex 3.596483 3.341299 -3.895733
vertex 3.437859 2.505974 -4.046332
vertex 2.573538 2.505974 -3.409278
endloop
endfacet
facet normal -0.667407 0.491515 -0.559447
outer loop
vertex 2.888762 3.341299 -3.051439
vertex 3.596483 3.341299 -3.895733
vertex 2.573538 2.505974 -3.409278
endloop
endfacet
facet normal -0.036956 -0.464575 -0.884762
outer loop
vertex 4.497811 3.341299 -4.529222
vertex 4.510650 2.505974 -4.091142
vertex 3.437859 2.505974 -4.046332
endloop
endfacet
facet normal -0.556963 0.248634 -0.792447
outer loop
vertex 3.596483 3.341299 -3.895733
vertex 4.497811 3.341299 -4.529222
vertex 3.437859 2.505974 -4.046332
endloop
endfacet
facet normal 0.381001 -0.627354 -0.679165
outer loop
vertex 5.568406 3.341299 -4.269358
vertex 5.447089 2.505974 -3.565814
vertex 4.510650 2.505974 -4.091142
endloop
endfacet
facet normal 0.210468 -0.451504 -0.867091
outer loop
vertex 4.497811 3.341299 -4.529222
vertex 5.568406 3.341299 -4.269358
vertex 4.510650 2.505974 -4.091142
endloop
endfacet
facet normal 0.485489 -0.659117 -0.574339
outer loop
vertex 6.480254 3.341299 -3.651107
vertex 6.267103 2.505974 -2.872657
vertex 5.447089 2.505974 -3.565814
endloop
endfacet
facet normal 0.442796 -0.614352 -0.653072
outer loop
vertex 5.568406 3.341299 -4.269358
vertex 6.480254 3.341299 -3.651107
vertex 5.447089 2.505974 -3.565814
endloop
endfacet
facet normal 0.555408 -0.677735 -0.481869
outer loop
vertex 7.273923 3.341299 -2.887045
vertex 6.970749 2.505974 -2.061626
vertex 6.267103 2.505974 -2.872657
endloop
endfacet
facet normal 0.528870 -0.646912 -0.549364
outer loop
vertex 6.480254 3.341299 -3.651107
vertex 7.273923 3.341299 -2.887045
vertex 6.267103 2.505974 -2.872657
endloop
endfacet
facet normal 0.616274 -0.649638 -0.445172
outer loop
vertex 7.906561 3.341299 -1.985119
vertex 7.599484 2.505974 -1.191235
vertex 6.970749 2.505974 -2.061626
endloop
endfacet
facet normal 0.619310 -0.654025 -0.434403
outer loop
vertex 7.273923 3.341299 -2.887045
vertex 7.906561 3.341299 -1.985119
vertex 6.970749 2.505974 -2.061626
endloop
endfacet
facet normal 0.656936 -0.632087 -0.410977
outer loop
vertex 7.906561 3.341299 -1.985119
vertex 8.490851 3.341299 -1.051146
vertex 7.599484 2.505974 -1.191235
endloop
endfacet
facet normal -0.557466 -0.701328 -0.444265
outer loop
vertex 15.840813 3.341299 -2.097403
vertex 16.236264 2.505974 -1.274951
vertex 15.567082 2.505974 -0.435258
endloop
endfacet
facet normal -0.711896 -0.573440 -0.405426
outer loop
vertex 15.295617 3.341299 -1.140082
vertex 15.840813 3.341299 -2.097403
vertex 15.567082 2.505974 -0.435258
endloop
endfacet
facet normal -0.602292 -0.673779 -0.428096
outer loop
vertex 16.508971 3.341299 -2.973340
vertex 16.858320 2.505974 -2.150128
vertex 16.236264 2.505974 -1.274951
endloop
endfacet
facet normal -0.569699 -0.697566 -0.434562
outer loop
vertex 15.840813 3.341299 -2.097403
vertex 16.508971 3.341299 -2.973340
vertex 16.236264 2.505974 -1.274951
endloop
endfacet
facet normal -0.636060 -0.571313 -0.518680
outer loop
vertex 17.354871 3.341299 -3.679141
vertex 17.536885 2.505974 -2.982257
vertex 16.858320 2.505974 -2.150128
endloop
endfacet
facet normal -0.447470 -0.715655 -0.536291
outer loop
vertex 16.508971 3.341299 -2.973340
vertex 17.354871 3.341299 -3.679141
vertex 16.858320 2.505974 -2.150128
endloop
endfacet
facet normal -0.522738 -0.525830 -0.671005
outer loop
vertex 18.305615 3.341299 -4.235725
vertex 18.383917 2.505974 -3.642126
vertex 17.536885 2.505974 -2.982257
endloop
endfacet
facet normal -0.388742 -0.638693 -0.664041
outer loop
vertex 17.354871 3.341299 -3.679141
vertex 18.305615 3.341299 -4.235725
vertex 17.536885 2.505974 -2.982257
endloop
endfacet
facet normal -0.349614 -0.393398 -0.850299
outer loop
vertex 19.387925 3.341299 -4.441410
vertex 19.376977 2.505974 -4.050438
vertex 18.383917 2.505974 -3.642126
endloop
endfacet
facet normal -0.151828 -0.581960 -0.798918
outer loop
vertex 18.305615 3.341299 -4.235725
vertex 19.387925 3.341299 -4.441410
vertex 18.383917 2.505974 -3.642126
endloop
endfacet
facet normal 0.118458 0.124538 -0.985118
outer loop
vertex 20.306418 3.341299 -3.833074
vertex 20.443025 2.505974 -3.922249
vertex 19.376977 2.505974 -4.050438
endloop
endfacet
facet normal 0.513143 -0.369353 -0.774766
outer loop
vertex 19.387925 3.341299 -4.441410
vertex 20.306418 3.341299 -3.833074
vertex 19.376977 2.505974 -4.050438
endloop
endfacet
facet normal 0.500653 0.432744 -0.749719
outer loop
vertex 21.059150 3.341299 -3.028651
vertex 21.335957 2.505974 -3.325959
vertex 20.443025 2.505974 -3.922249
endloop
endfacet
facet normal 0.717033 0.188889 -0.670958
outer loop
vertex 20.306418 3.341299 -3.833074
vertex 21.059150 3.341299 -3.028651
vertex 20.443025 2.505974 -3.922249
endloop
endfacet
facet normal 0.600828 0.537887 -0.591341
outer loop
vertex 21.736150 3.341299 -2.159530
vertex 22.089131 2.505974 -2.560703
vertex 21.335957 2.505974 -3.325959
endloop
endfacet
facet normal 0.711176 0.432835 -0.553969
outer loop
vertex 21.059150 3.341299 -3.028651
vertex 21.736150 3.341299 -2.159530
vertex 21.335957 2.505974 -3.325959
endloop
endfacet
facet normal 0.677955 0.564709 -0.470618
outer loop
vertex 22.320246 3.341299 -1.225435
vertex 22.701419 2.505974 -1.678664
vertex 22.089131 2.505974 -2.560703
endloop
endfacet
facet normal 0.722902 0.522568 -0.452035
outer loop
vertex 21.736150 3.341299 -2.159530
vertex 22.320246 3.341299 -1.225435
vertex 22.089131 2.505974 -2.560703
endloop
endfacet
facet normal 0.775530 0.439905 -0.452810
outer loop
vertex 22.998917 3.341299 -0.357618
vertex 23.242811 2.505974 -0.751419
vertex 22.701419 2.505974 -1.678664
endloop
endfacet
facet normal 0.647237 0.569981 -0.506168
outer loop
vertex 22.320246 3.341299 -1.225435
vertex 22.998917 3.341299 -0.357618
vertex 22.701419 2.505974 -1.678664
endloop
endfacet
facet normal 0.672083 -0.062559 -0.737829
outer loop
vertex 24.063619 3.341299 -0.074577
vertex 24.036592 2.505974 -0.028369
vertex 23.242811 2.505974 -0.751419
endloop
endfacet
facet normal 0.226947 0.468723 -0.853694
outer loop
vertex 22.998917 3.341299 -0.357618
vertex 24.063619 3.341299 -0.074577
vertex 23.242811 2.505974 -0.751419
endloop
endfacet
facet normal -0.778970 0.310063 -0.545039
outer loop
vertex 1.888201 4.176623 -1.009083
vertex 1.691495 3.341299 -1.203152
vertex 1.059909 3.341299 -0.300489
endloop
endfacet
facet normal -0.847634 0.144533 -0.510517
outer loop
vertex 2.342085 4.176623 -2.046865
vertex 2.259890 3.341299 -2.146883
vertex 1.691495 3.341299 -1.203152
endloop
endfacet
facet normal -0.875404 0.295094 -0.382866
outer loop
vertex 1.888201 4.176623 -1.009083
vertex 2.342085 4.176623 -2.046865
vertex 1.691495 3.341299 -1.203152
endloop
endfacet
facet normal -0.818306 0.081962 -0.568909
outer loop
vertex 2.941989 4.176623 -3.007655
vertex 2.888762 3.341299 -3.051439
vertex 2.259890 3.341299 -2.146883
endloop
endfacet
facet normal -0.839228 0.145321 -0.524002
outer loop
vertex 2.342085 4.176623 -2.046865
vertex 2.941989 4.176623 -3.007655
vertex 2.259890 3.341299 -2.146883
endloop
endfacet
facet normal -0.765327 0.052109 -0.641528
outer loop
vertex 3.650040 4.176623 -3.891775
vertex 3.596483 3.341299 -3.895733
vertex 2.888762 3.341299 -3.051439
endloop
endfacet
facet normal -0.777900 0.082222 -0.622985
outer loop
vertex 2.941989 4.176623 -3.007655
vertex 3.650040 4.176623 -3.891775
vertex 2.888762 3.341299 -3.051439
endloop
endfacet
facet normal -0.567641 -0.159693 -0.807640
outer loop
vertex 4.469078 4.176623 -4.674193
vertex 4.497811 3.341299 -4.529222
vertex 3.596483 3.341299 -3.895733
endloop
endfacet
facet normal -0.689972 0.047660 -0.722265
outer loop
vertex 3.650040 4.176623 -3.891775
vertex 4.469078 4.176623 -4.674193
vertex 3.596483 3.341299 -3.895733
endloop
endfacet
facet normal 0.201884 -0.517178 -0.831727
outer loop
vertex 5.596640 4.176623 -4.781920
vertex 5.568406 3.341299 -4.269358
vertex 4.497811 3.341299 -4.529222
endloop
endfacet
facet normal -0.093666 -0.173370 -0.980392
outer loop
vertex 4.469078 4.176623 -4.674193
vertex 5.596640 4.176623 -4.781920
vertex 4.497811 3.341299 -4.529222
endloop
endfacet
facet normal 0.472957 -0.538262 -0.697557
outer loop
vertex 6.583389 4.176623 -4.225747
vertex 6.480254 3.341299 -3.651107
vertex 5.568406 3.341299 -4.269358
endloop
endfacet
facet normal 0.430029 -0.482686 -0.762948
outer loop
vertex 5.596640 4.176623 -4.781920
vertex 6.583389 4.176623 -4.225747
vertex 5.568406 3.341299 -4.269358
endloop
endfacet
facet normal 0.572119 -0.565245 -0.594288
outer loop
vertex 7.457243 4.176623 -3.505065
vertex 7.273923 3.341299 -2.887045
vertex 6.480254 3.341299 -3.651107
endloop
endfacet
facet normal 0.543346 -0.520309 -0.658827
outer loop
vertex 6.583389 4.176623 -4.225747
vertex 7.457243 4.176623 -3.505065
vertex 6.480254 3.341299 -3.651107
endloop
endfacet
facet normal 0.652478 -0.603997 -0.457668
outer loop
vertex 8.208373 4.176623 -2.657241
vertex 7.906561 3.341299 -1.985119
vertex 7.273923 3.341299 -2.887045
endloop
endfacet
facet normal 0.626173 -0.547861 -0.554758
outer loop
vertex 7.457243 4.176623 -3.505065
vertex 8.208373 4.176623 -2.657241
vertex 7.273923 3.341299 -2.887045
endloop
endfacet
facet normal 0.700154 -0.563852 -0.438013
outer loop
vertex 8.773065 4.176623 -1.675342
vertex 8.490851 3.341299 -1.051146
vertex 7.906561 3.341299 -1.985119
endloop
endfacet
facet normal 0.705380 -0.581269 -0.405666
outer loop
vertex 8.208373 4.176623 -2.657241
vertex 8.773065 4.176623 -1.675342
vertex 7.906561 3.341299 -1.985119
endloop
endfacet
facet normal 0.699342 -0.564206 -0.438854
outer loop
vertex 8.773065 4.176623 -1.675342
vertex 9.375134 4.176623 -0.715907
vertex 8.490851 3.341299 -1.051146
endloop
endfacet
facet normal -0.610696 -0.618783 -0.494123
outer loop
vertex 15.058713 4.176623 -1.893353
vertex 15.295617 3.341299 -1.140082
vertex 14.602654 3.341299 -0.283634
endloop
endfacet
facet normal -0.791164 -0.421697 -0.442979
outer loop
vertex 14.505342 4.176623 -0.905029
vertex 15.058713 4.176623 -1.893353
vertex 14.602654 3.341299 -0.283634
endloop
endfacet
facet normal -0.740282 -0.523682 -0.421592
outer loop
vertex 15.674945 4.176623 -2.843753
vertex 15.840813 3.341299 -2.097403
vertex 15.295617 3.341299 -1.140082
endloop
endfacet
facet normal -0.678161 -0.588853 -0.439715
outer loop
vertex 15.058713 4.176623 -1.893353
vertex 15.674945 4.176623 -2.843753
vertex 15.295617 3.341299 -1.140082
endloop
endfacet
facet normal -0.708404 -0.454060 -0.540365
outer loop
vertex 16.481413 4.176623 -3.639122
vertex 16.508971 3.341299 -2.973340
vertex 15.840813 3.341299 -2.097403
endloop
endfacet
facet normal -0.554865 -0.612860 -0.562608
outer loop
vertex 15.674945 4.176623 -2.843753
vertex 16.481413 4.176623 -3.639122
vertex 15.840813 3.341299 -2.097403
endloop
endfacet
facet normal -0.562275 -0.479297 -0.673885
outer loop
vertex 17.395898 4.176623 -4.307492
vertex 17.354871 3.341299 -3.679141
vertex 16.508971 3.341299 -2.973340
endloop
endfacet
facet normal -0.491809 -0.552556 -0.672908
outer loop
vertex 16.481413 4.176623 -3.639122
vertex 17.395898 4.176623 -4.307492
vertex 16.508971 3.341299 -2.973340
endloop
endfacet
facet normal -0.456165 -0.429817 -0.779211
outer loop
vertex 18.430137 4.176623 -4.769392
vertex 18.305615 3.341299 -4.235725
vertex 17.354871 3.341299 -3.679141
endloop
endfacet
facet normal -0.339277 -0.554783 -0.759676
outer loop
vertex 17.395898 4.176623 -4.307492
vertex 18.430137 4.176623 -4.769392
vertex 17.354871 3.341299 -3.679141
endloop
endfacet
facet normal -0.186701 0.001122 -0.982416
outer loop
vertex 19.521397 4.176623 -4.465821
vertex 19.387925 3.341299 -4.441410
vertex 18.305615 3.341299 -4.235725
endloop
endfacet
facet normal 0.224148 -0.548191 -0.805757
outer loop
vertex 18.430137 4.176623 -4.769392
vertex 19.521397 4.176623 -4.465821
vertex 18.305615 3.341299 -4.235725
endloop
endfacet
facet normal 0.545490 0.155287 -0.823606
outer loop
vertex 20.322426 4.176623 -3.664975
vertex 20.306418 3.341299 -3.833074
vertex 19.387925 3.341299 -4.441410
endloop
endfacet
facet normal 0.700796 -0.132461 -0.700956
outer loop
vertex 19.521397 4.176623 -4.465821
vertex 20.322426 4.176623 -3.664975
vertex 19.387925 3.341299 -4.441410
endloop
endfacet
facet normal 0.707049 0.249694 -0.661615
outer loop
vertex 21.010592 4.176623 -2.765292
vertex 21.059150 3.341299 -3.028651
vertex 20.306418 3.341299 -3.833074
endloop
endfacet
facet normal 0.789773 0.106431 -0.604095
outer loop
vertex 20.322426 4.176623 -3.664975
vertex 21.010592 4.176623 -2.765292
vertex 20.306418 3.341299 -3.833074
endloop
endfacet
facet normal 0.736699 0.357731 -0.573850
outer loop
vertex 21.608194 4.176623 -1.803068
vertex 21.736150 3.341299 -2.159530
vertex 21.059150 3.341299 -3.028651
endloop
endfacet
facet normal 0.830396 0.210870 -0.515729
outer loop
vertex 21.010592 4.176623 -2.765292
vertex 21.608194 4.176623 -1.803068
vertex 21.059150 3.341299 -3.028651
endloop
endfacet
facet normal 0.751225 0.463680 -0.469746
outer loop
vertex 22.085721 4.176623 -0.775951
vertex 22.320246 3.341299 -1.225435
vertex 21.736150 3.341299 -2.159530
endloop
endfacet
facet normal 0.863946 0.303746 -0.401666
outer loop
vertex 21.608194 4.176623 -1.803068
vertex 22.085721 4.176623 -0.775951
vertex 21.736150 3.341299 -2.159530
endloop
endfacet
facet normal 0.757534 0.274177 -0.592426
outer loop
vertex 22.945826 4.176623 -0.038914
vertex 22.998917 3.341299 -0.357618
vertex 22.320246 3.341299 -1.225435
endloop
endfacet
facet normal 0.560106 0.508969 -0.653630
outer loop
vertex 22.085721 4.176623 -0.775951
vertex 22.945826 4.176623 -0.038914
vertex 22.320246 3.341299 -1.225435
endloop
endfacet
facet normal -0.902867 0.170008 -0.394877
outer loop
vertex 2.429958 5.011948 -1.888146
vertex 2.342085 4.176623 -2.046865
vertex 1.888201 4.176623 -1.009083
endloop
endfacet
facet normal -0.899920 0.154552 -0.407748
outer loop
vertex 1.962149 5.011948 -0.855668
vertex 2.429958 5.011948 -1.888146
vertex 1.888201 4.176623 -1.009083
endloop
endfacet
facet normal -0.834723 0.177764 -0.521189
outer loop
vertex 3.023746 5.011948 -2.853688
vertex 2.941989 4.176623 -3.007655
vertex 2.342085 4.176623 -2.046865
endloop
endfacet
facet normal -0.836972 0.185847 -0.514721
outer loop
vertex 2.429958 5.011948 -1.888146
vertex 3.023746 5.011948 -2.853688
vertex 2.342085 4.176623 -2.046865
endloop
endfacet
facet normal -0.773068 0.138070 -0.619115
outer loop
vertex 3.697743 5.011948 -3.765053
vertex 3.650040 4.176623 -3.891775
vertex 2.941989 4.176623 -3.007655
endloop
endfacet
facet normal -0.790132 0.185040 -0.584339
outer loop
vertex 3.023746 5.011948 -2.853688
vertex 3.697743 5.011948 -3.765053
vertex 2.941989 4.176623 -3.007655
endloop
endfacet
facet normal -0.689522 0.059789 -0.721793
outer loop
vertex 4.464102 5.011948 -4.600247
vertex 4.469078 4.176623 -4.674193
vertex 3.650040 4.176623 -3.891775
endloop
endfacet
facet normal -0.729229 0.143153 -0.669128
outer loop
vertex 3.697743 5.011948 -3.765053
vertex 4.464102 5.011948 -4.600247
vertex 3.650040 4.176623 -3.891775
endloop
endfacet
facet normal -0.087988 -0.379592 -0.920960
outer loop
vertex 5.474240 5.011948 -5.114522
vertex 5.596640 4.176623 -4.781920
vertex 4.469078 4.176623 -4.674193
endloop
endfacet
facet normal -0.452388 0.075966 -0.888580
outer loop
vertex 4.464102 5.011948 -4.600247
vertex 5.474240 5.011948 -5.114522
vertex 4.469078 4.176623 -4.674193
endloop
endfacet
facet normal 0.454498 -0.378441 -0.806359
outer loop
vertex 6.511814 5.011948 -4.658125
vertex 6.583389 4.176623 -4.225747
vertex 5.596640 4.176623 -4.781920
endloop
endfacet
facet normal 0.385073 -0.292144 -0.875426
outer loop
vertex 5.474240 5.011948 -5.114522
vertex 6.511814 5.011948 -4.658125
vertex 5.596640 4.176623 -4.781920
endloop
endfacet
facet normal 0.561207 -0.471157 -0.680484
outer loop
vertex 7.478378 5.011948 -4.066001
vertex 7.457243 4.176623 -3.505065
vertex 6.583389 4.176623 -4.225747
endloop
endfacet
facet normal 0.485580 -0.368679 -0.792646
outer loop
vertex 6.511814 5.011948 -4.658125
vertex 7.478378 5.011948 -4.066001
vertex 6.583389 4.176623 -4.225747
endloop
endfacet
facet normal 0.642892 -0.512133 -0.569570
outer loop
vertex 8.309026 5.011948 -3.294717
vertex 8.208373 4.176623 -2.657241
vertex 7.457243 4.176623 -3.505065
endloop
endfacet
facet normal 0.606325 -0.453838 -0.652993
outer loop
vertex 7.478378 5.011948 -4.066001
vertex 8.309026 5.011948 -3.294717
vertex 7.457243 4.176623 -3.505065
endloop
endfacet
facet normal 0.715456 -0.564644 -0.411460
outer loop
vertex 9.012267 5.011948 -2.405724
vertex 8.773065 4.176623 -1.675342
vertex 8.208373 4.176623 -2.657241
endloop
endfacet
facet normal 0.681961 -0.493867 -0.539467
outer loop
vertex 8.309026 5.011948 -3.294717
vertex 9.012267 5.011948 -2.405724
vertex 8.208373 4.176623 -2.657241
endloop
endfacet
facet normal 0.555993 -0.754415 -0.348899
outer loop
vertex 9.894656 5.011948 -1.694214
vertex 9.375134 4.176623 -0.715907
vertex 8.773065 4.176623 -1.675342
endloop
endfacet
facet normal 0.475819 -0.652215 -0.590095
outer loop
vertex 9.012267 5.011948 -2.405724
vertex 9.894656 5.011948 -1.694214
vertex 8.773065 4.176623 -1.675342
endloop
endfacet
facet normal 0.582651 -0.744393 -0.326185
outer loop
vertex 9.894656 5.011948 -1.694214
vertex 10.448367 5.011948 -0.705143
vertex 9.375134 4.176623 -0.715907
endloop
endfacet
facet normal -0.066515 -0.677672 -0.732349
outer loop
vertex 13.236720 5.011948 -0.863974
vertex 13.678262 4.176623 -0.131117
vertex 12.550208 4.176623 -0.028662
endloop
endfacet
facet normal -0.751924 -0.040053 -0.658032
outer loop
vertex 12.490231 5.011948 -0.010972
vertex 13.236720 5.011948 -0.863974
vertex 12.550208 4.176623 -0.028662
endloop
endfacet
facet normal -0.506816 -0.670649 -0.541634
outer loop
vertex 14.117988 5.011948 -1.576871
vertex 14.505342 4.176623 -0.905029
vertex 13.678262 4.176623 -0.131117
endloop
endfacet
facet normal -0.441497 -0.712191 -0.545770
outer loop
vertex 13.236720 5.011948 -0.863974
vertex 14.117988 5.011948 -1.576871
vertex 13.678262 4.176623 -0.131117
endloop
endfacet
facet normal -0.745607 -0.519411 -0.417471
outer loop
vertex 14.804587 5.011948 -2.478779
vertex 15.058713 4.176623 -1.893353
vertex 14.505342 4.176623 -0.905029
endloop
endfacet
facet normal -0.604418 -0.650354 -0.460128
outer loop
vertex 14.117988 5.011948 -1.576871
vertex 14.804587 5.011948 -2.478779
vertex 14.505342 4.176623 -0.905029
endloop
endfacet
facet normal -0.776277 -0.379539 -0.503332
outer loop
vertex 15.571246 5.011948 -3.313699
vertex 15.674945 4.176623 -2.843753
vertex 15.058713 4.176623 -1.893353
endloop
endfacet
facet normal -0.603966 -0.572415 -0.554587
outer loop
vertex 14.804587 5.011948 -2.478779
vertex 15.571246 5.011948 -3.313699
vertex 15.058713 4.176623 -1.893353
endloop
endfacet
facet normal -0.677058 -0.265147 -0.686505
outer loop
vertex 16.493101 5.011948 -3.973275
vertex 16.481413 4.176623 -3.639122
vertex 15.674945 4.176623 -2.843753
endloop
endfacet
facet normal -0.514186 -0.468139 -0.718651
outer loop
vertex 15.571246 5.011948 -3.313699
vertex 16.493101 5.011948 -3.973275
vertex 15.674945 4.176623 -2.843753
endloop
endfacet
facet normal -0.575384 -0.221717 -0.787258
outer loop
vertex 17.449394 5.011948 -4.581846
vertex 17.395898 4.176623 -4.307492
vertex 16.481413 4.176623 -3.639122
endloop
endfacet
facet normal -0.509849 -0.313354 -0.801164
outer loop
vertex 16.493101 5.011948 -3.973275
vertex 17.449394 5.011948 -4.581846
vertex 16.481413 4.176623 -3.639122
endloop
endfacet
facet normal -0.400829 -0.183944 -0.897497
outer loop
vertex 18.511781 5.011948 -4.977056
vertex 18.430137 4.176623 -4.769392
vertex 17.395898 4.176623 -4.307492
endloop
endfacet
facet normal -0.335263 -0.274531 -0.901239
outer loop
vertex 17.449394 5.011948 -4.581846
vertex 18.511781 5.011948 -4.977056
vertex 17.395898 4.176623 -4.307492
endloop
endfacet
facet normal 0.262597 0.199916 -0.943969
outer loop
vertex 19.431150 5.011948 -4.314020
vertex 19.521397 4.176623 -4.465821
vertex 18.430137 4.176623 -4.769392
endloop
endfacet
facet normal 0.566281 -0.250552 -0.785207
outer loop
vertex 18.511781 5.011948 -4.977056
vertex 19.431150 5.011948 -4.314020
vertex 18.430137 4.176623 -4.769392
endloop
endfacet
facet normal 0.681513 0.266211 -0.681669
outer loop
vertex 20.189556 5.011948 -3.471597
vertex 20.322426 4.176623 -3.664975
vertex 19.521397 4.176623 -4.465821
endloop
endfacet
facet normal 0.728498 0.197891 -0.655843
outer loop
vertex 19.431150 5.011948 -4.314020
vertex 20.189556 5.011948 -3.471597
vertex 19.521397 4.176623 -4.465821
endloop
endfacet
facet normal 0.763807 0.274351 -0.584234
outer loop
vertex 20.866009 5.011948 -2.562053
vertex 21.010592 4.176623 -2.765292
vertex 20.322426 4.176623 -3.664975
endloop
endfacet
facet normal 0.775485 0.256870 -0.576750
outer loop
vertex 20.189556 5.011948 -3.471597
vertex 20.866009 5.011948 -2.562053
vertex 20.322426 4.176623 -3.664975
endloop
endfacet
facet normal 0.805581 0.317370 -0.500316
outer loop
vertex 21.421413 5.011948 -1.573933
vertex 21.608194 4.176623 -1.803068
vertex 21.010592 4.176623 -2.765292
endloop
endfacet
facet normal 0.841574 0.260756 -0.473033
outer loop
vertex 20.866009 5.011948 -2.562053
vertex 21.421413 5.011948 -1.573933
vertex 21.010592 4.176623 -2.765292
endloop
endfacet
facet normal 0.892629 0.176034 -0.415001
outer loop
vertex 22.002476 5.011948 -0.600679
vertex 22.085721 4.176623 -0.775951
vertex 21.608194 4.176623 -1.803068
endloop
endfacet
facet normal 0.814733 0.315604 -0.486420
outer loop
vertex 21.421413 5.011948 -1.573933
vertex 22.002476 5.011948 -0.600679
vertex 21.608194 4.176623 -1.803068
endloop
endfacet
facet normal -0.910779 0.013701 -0.412668
outer loop
vertex 2.453826 5.847273 -1.913091
vertex 2.429958 5.011948 -1.888146
vertex 1.962149 5.011948 -0.855668
endloop
endfacet
facet normal -0.913857 0.024874 -0.405273
outer loop
vertex 1.986843 5.847273 -0.860083
vertex 2.453826 5.847273 -1.913091
vertex 1.962149 5.011948 -0.855668
endloop
endfacet
facet normal -0.851791 0.007046 -0.523834
outer loop
vertex 3.056077 5.847273 -2.895025
vertex 3.023746 5.011948 -2.853688
vertex 2.429958 5.011948 -1.888146
endloop
endfacet
facet normal -0.852406 0.008744 -0.522808
outer loop
vertex 2.453826 5.847273 -1.913091
vertex 3.056077 5.847273 -2.895025
vertex 2.429958 5.011948 -1.888146
endloop
endfacet
facet normal -0.803551 0.034024 -0.594263
outer loop
vertex 3.762549 5.847273 -3.804858
vertex 3.697743 5.011948 -3.765053
vertex 3.023746 5.011948 -2.853688
endloop
endfacet
facet normal -0.789847 0.000221 -0.613304
outer loop
vertex 3.056077 5.847273 -2.895025
vertex 3.762549 5.847273 -3.804858
vertex 3.023746 5.011948 -2.853688
endloop
endfacet
facet normal -0.735171 0.066814 -0.674581
outer loop
vertex 4.566845 5.847273 -4.629483
vertex 4.464102 5.011948 -4.600247
vertex 3.697743 5.011948 -3.765053
endloop
endfacet
facet normal -0.715699 0.022262 -0.698054
outer loop
vertex 3.762549 5.847273 -3.804858
vertex 4.566845 5.847273 -4.629483
vertex 3.697743 5.011948 -3.765053
endloop
endfacet
facet normal -0.447375 -0.166381 -0.878734
outer loop
vertex 5.509961 5.847273 -5.290870
vertex 5.474240 5.011948 -5.114522
vertex 4.464102 5.011948 -4.600247
endloop
endfacet
facet normal -0.573660 0.041928 -0.818020
outer loop
vertex 4.566845 5.847273 -4.629483
vertex 5.509961 5.847273 -5.290870
vertex 4.464102 5.011948 -4.600247
endloop
endfacet
facet normal 0.367183 -0.410318 -0.834755
outer loop
vertex 6.628896 5.847273 -5.017223
vertex 6.511814 5.011948 -4.658125
vertex 5.474240 5.011948 -5.114522
endloop
endfacet
facet normal 0.232241 -0.210410 -0.949627
outer loop
vertex 5.509961 5.847273 -5.290870
vertex 6.628896 5.847273 -5.017223
vertex 5.474240 5.011948 -5.114522
endloop
endfacet
facet normal 0.489491 -0.349213 -0.799030
outer loop
vertex 7.580696 5.847273 -4.368396
vertex 7.478378 5.011948 -4.066001
vertex 6.511814 5.011948 -4.658125
endloop
endfacet
facet normal 0.516668 -0.398244 -0.757929
outer loop
vertex 6.628896 5.847273 -5.017223
vertex 7.580696 5.847273 -4.368396
vertex 6.511814 5.011948 -4.658125
endloop
endfacet
facet normal 0.580194 -0.522433 -0.624851
outer loop
vertex 8.559296 5.847273 -3.760744
vertex 8.309026 5.011948 -3.294717
vertex 7.478378 5.011948 -4.066001
endloop
endfacet
facet normal 0.494390 -0.348787 -0.796195
outer loop
vertex 7.580696 5.847273 -4.368396
vertex 8.559296 5.847273 -3.760744
vertex 7.478378 5.011948 -4.066001
endloop
endfacet
facet normal 0.604709 -0.636790 -0.478357
outer loop
vertex 9.422967 5.847273 -2.998529
vertex 9.012267 5.011948 -2.405724
vertex 8.309026 5.011948 -3.294717
endloop
endfacet
facet normal 0.563246 -0.524814 -0.638219
outer loop
vertex 8.559296 5.847273 -3.760744
vertex 9.422967 5.847273 -2.998529
vertex 8.309026 5.011948 -3.294717
endloop
endfacet
facet normal 0.553466 -0.471747 -0.686389
outer loop
vertex 10.123296 5.847273 -2.083960
vertex 9.894656 5.011948 -1.694214
vertex 9.012267 5.011948 -2.405724
endloop
endfacet
facet normal 0.613394 -0.634921 -0.469705
outer loop
vertex 9.422967 5.847273 -2.998529
vertex 10.123296 5.847273 -2.083960
vertex 9.012267 5.011948 -2.405724
endloop
endfacet
facet normal 0.767830 -0.475040 -0.429853
outer loop
vertex 10.738473 5.847273 -1.110072
vertex 10.448367 5.011948 -0.705143
vertex 9.894656 5.011948 -1.694214
endloop
endfacet
facet normal 0.762021 -0.433163 -0.481347
outer loop
vertex 10.123296 5.847273 -2.083960
vertex 10.738473 5.847273 -1.110072
vertex 9.894656 5.011948 -1.694214
endloop
endfacet
facet normal 0.678600 -0.497585 -0.540288
outer loop
vertex 10.738473 5.847273 -1.110072
vertex 11.455966 5.847273 -0.208905
vertex 10.448367 5.011948 -0.705143
endloop
endfacet
facet normal -0.669480 -0.456659 -0.585883
outer loop
vertex 13.120722 5.847273 -1.382509
vertex 13.236720 5.011948 -0.863974
vertex 12.490231 5.011948 -0.010972
endloop
endfacet
facet normal -0.889040 -0.071468 -0.452216
outer loop
vertex 12.598474 5.847273 -0.355788
vertex 13.120722 5.847273 -1.382509
vertex 12.490231 5.011948 -0.010972
endloop
endfacet
facet normal -0.447603 -0.702489 -0.553318
outer loop
vertex 13.755211 5.847273 -2.343926
vertex 14.117988 5.011948 -1.576871
vertex 13.236720 5.011948 -0.863974
endloop
endfacet
facet normal -0.758877 -0.416272 -0.500822
outer loop
vertex 13.120722 5.847273 -1.382509
vertex 13.755211 5.847273 -2.343926
vertex 13.236720 5.011948 -0.863974
endloop
endfacet
facet normal -0.655699 -0.566473 -0.499167
outer loop
vertex 14.586956 5.847273 -3.140858
vertex 14.804587 5.011948 -2.478779
vertex 14.117988 5.011948 -1.576871
endloop
endfacet
facet normal -0.498207 -0.693844 -0.519971
outer loop
vertex 13.755211 5.847273 -2.343926
vertex 14.586956 5.847273 -3.140858
vertex 14.117988 5.011948 -1.576871
endloop
endfacet
facet normal -0.707651 -0.277483 -0.649795
outer loop
vertex 15.595698 5.847273 -3.697039
vertex 15.571246 5.011948 -3.313699
vertex 14.804587 5.011948 -2.478779
endloop
endfacet
facet normal -0.373380 -0.634027 -0.677198
outer loop
vertex 14.586956 5.847273 -3.140858
vertex 15.595698 5.847273 -3.697039
vertex 14.804587 5.011948 -2.478779
endloop
endfacet
facet normal -0.539709 -0.373779 -0.754323
outer loop
vertex 16.509225 5.847273 -4.398728
vertex 16.493101 5.011948 -3.973275
vertex 15.571246 5.011948 -3.313699
endloop
endfacet
facet normal -0.575648 -0.327073 -0.749435
outer loop
vertex 15.595698 5.847273 -3.697039
vertex 16.509225 5.847273 -4.398728
vertex 15.571246 5.011948 -3.313699
endloop
endfacet
facet normal -0.451067 -0.542353 -0.708796
outer loop
vertex 17.366424 5.847273 -5.168214
vertex 17.449394 5.011948 -4.581846
vertex 16.493101 5.011948 -3.973275
endloop
endfacet
facet normal -0.627288 -0.343804 -0.698791
outer loop
vertex 16.509225 5.847273 -4.398728
vertex 17.366424 5.847273 -5.168214
vertex 16.493101 5.011948 -3.973275
endloop
endfacet
facet normal -0.339080 -0.232801 -0.911498
outer loop
vertex 18.518074 5.847273 -5.192743
vertex 18.511781 5.011948 -4.977056
vertex 17.449394 5.011948 -4.581846
endloop
endfacet
facet normal -0.017413 -0.575612 -0.817538
outer loop
vertex 17.366424 5.847273 -5.168214
vertex 18.518074 5.847273 -5.192743
vertex 17.449394 5.011948 -4.581846
endloop
endfacet
facet normal 0.583547 -0.068939 -0.809148
outer loop
vertex 19.376487 5.847273 -4.424611
vertex 19.431150 5.011948 -4.314020
vertex 18.511781 5.011948 -4.977056
endloop
endfacet
facet normal 0.654203 -0.193702 -0.731094
outer loop
vertex 18.518074 5.847273 -5.192743
vertex 19.376487 5.847273 -4.424611
vertex 18.511781 5.011948 -4.977056
endloop
endfacet
facet normal 0.741348 -0.070458 -0.667412
outer loop
vertex 20.166061 5.847273 -3.585879
vertex 20.189556 5.011948 -3.471597
vertex 19.431150 5.011948 -4.314020
endloop
endfacet
facet normal 0.727447 -0.043061 -0.684811
outer loop
vertex 19.376487 5.847273 -4.424611
vertex 20.166061 5.847273 -3.585879
vertex 19.431150 5.011948 -4.314020
endloop
endfacet
facet normal 0.799431 -0.086076 -0.594559
outer loop
vertex 20.871669 5.847273 -2.675375
vertex 20.866009 5.011948 -2.562053
vertex 20.189556 5.011948 -3.471597
endloop
endfacet
facet normal 0.788935 -0.061456 -0.611396
outer loop
vertex 20.166061 5.847273 -3.585879
vertex 20.871669 5.847273 -2.675375
vertex 20.189556 5.011948 -3.471597
endloop
endfacet
facet normal 0.871239 -0.033609 -0.489707
outer loop
vertex 21.407646 5.847273 -1.655754
vertex 21.421413 5.011948 -1.573933
vertex 20.866009 5.011948 -2.562053
endloop
endfacet
facet normal 0.883049 -0.068956 -0.464187
outer loop
vertex 20.871669 5.847273 -2.675375
vertex 21.407646 5.847273 -1.655754
vertex 20.866009 5.011948 -2.562053
endloop
endfacet
facet normal 0.857622 -0.048095 -0.512027
outer loop
vertex 22.006787 5.847273 -0.671920
vertex 22.002476 5.011948 -0.600679
vertex 21.421413 5.011948 -1.573933
endloop
endfacet
facet normal 0.853509 -0.036846 -0.519774
outer loop
vertex 21.407646 5.847273 -1.655754
vertex 22.006787 5.847273 -0.671920
vertex 21.421413 5.011948 -1.573933
endloop
endfacet
facet normal -0.892110 0.218215 -0.395629
outer loop
vertex 2.541517 6.682597 -1.650091
vertex 2.453826 5.847273 -1.913091
vertex 1.986843 5.847273 -0.860083
endloop
endfacet
facet normal -0.875955 0.147187 -0.459389
outer loop
vertex 2.023683 6.682597 -0.662694
vertex 2.541517 6.682597 -1.650091
vertex 1.986843 5.847273 -0.860083
endloop
endfacet
facet normal -0.831243 0.221607 -0.509828
outer loop
vertex 3.105211 6.682597 -2.612044
vertex 3.056077 5.847273 -2.895025
vertex 2.453826 5.847273 -1.913091
endloop
endfacet
facet normal -0.837068 0.242311 -0.490513
outer loop
vertex 2.541517 6.682597 -1.650091
vertex 3.105211 6.682597 -2.612044
vertex 2.453826 5.847273 -1.913091
endloop
endfacet
facet normal -0.775810 0.187687 -0.602405
outer loop
vertex 3.746586 6.682597 -3.524044
vertex 3.762549 5.847273 -3.804858
vertex 3.056077 5.847273 -2.895025
endloop
endfacet
facet normal -0.794847 0.236119 -0.558986
outer loop
vertex 3.105211 6.682597 -2.612044
vertex 3.746586 6.682597 -3.524044
vertex 3.056077 5.847273 -2.895025
endloop
endfacet
facet normal -0.700175 0.208290 -0.682913
outer loop
vertex 4.520223 6.682597 -4.326907
vertex 4.566845 5.847273 -4.629483
vertex 3.762549 5.847273 -3.804858
endloop
endfacet
facet normal -0.703347 0.214398 -0.677743
outer loop
vertex 3.746586 6.682597 -3.524044
vertex 4.520223 6.682597 -4.326907
vertex 3.762549 5.847273 -3.804858
endloop
endfacet
facet normal -0.553174 0.267916 -0.788809
outer loop
vertex 5.439530 6.682597 -4.957763
vertex 5.509961 5.847273 -5.290870
vertex 4.566845 5.847273 -4.629483
endloop
endfacet
facet normal -0.546656 0.258041 -0.796607
outer loop
vertex 4.520223 6.682597 -4.326907
vertex 5.439530 6.682597 -4.957763
vertex 4.566845 5.847273 -4.629483
endloop
endfacet
facet normal 0.225273 -0.317433 -0.921134
outer loop
vertex 6.486984 6.682597 -5.339791
vertex 6.628896 5.847273 -5.017223
vertex 5.509961 5.847273 -5.290870
endloop
endfacet
facet normal -0.323833 0.326766 -0.887894
outer loop
vertex 5.439530 6.682597 -4.957763
vertex 6.486984 6.682597 -5.339791
vertex 5.509961 5.847273 -5.290870
endloop
endfacet
facet normal 0.520291 -0.383085 -0.763245
outer loop
vertex 7.488751 6.682597 -4.850336
vertex 7.580696 5.847273 -4.368396
vertex 6.628896 5.847273 -5.017223
endloop
endfacet
facet normal 0.423563 -0.262806 -0.866907
outer loop
vertex 6.486984 6.682597 -5.339791
vertex 7.488751 6.682597 -4.850336
vertex 6.628896 5.847273 -5.017223
endloop
endfacet
facet normal 0.476349 -0.429637 -0.767140
outer loop
vertex 8.454699 6.682597 -4.293516
vertex 8.559296 5.847273 -3.760744
vertex 7.580696 5.847273 -4.368396
endloop
endfacet
facet normal 0.456298 -0.406468 -0.791565
outer loop
vertex 7.488751 6.682597 -4.850336
vertex 8.454699 6.682597 -4.293516
vertex 7.580696 5.847273 -4.368396
endloop
endfacet
facet normal 0.570971 -0.505389 -0.646973
outer loop
vertex 9.387319 6.682597 -3.682513
vertex 9.422967 5.847273 -2.998529
vertex 8.559296 5.847273 -3.760744
endloop
endfacet
facet normal 0.496938 -0.421557 -0.758513
outer loop
vertex 8.454699 6.682597 -4.293516
vertex 9.387319 6.682597 -3.682513
vertex 8.559296 5.847273 -3.760744
endloop
endfacet
facet normal 0.661870 -0.552320 -0.506825
outer loop
vertex 10.189348 6.682597 -2.908010
vertex 10.123296 5.847273 -2.083960
vertex 9.422967 5.847273 -2.998529
endloop
endfacet
facet normal 0.606254 -0.488185 -0.627800
outer loop
vertex 9.387319 6.682597 -3.682513
vertex 10.189348 6.682597 -2.908010
vertex 9.422967 5.847273 -2.998529
endloop
endfacet
facet normal 0.671604 -0.607432 -0.424233
outer loop
vertex 10.900627 6.682597 -2.049414
vertex 10.738473 5.847273 -1.110072
vertex 10.123296 5.847273 -2.083960
endloop
endfacet
facet normal 0.633767 -0.568054 -0.525027
outer loop
vertex 10.189348 6.682597 -2.908010
vertex 10.900627 6.682597 -2.049414
vertex 10.123296 5.847273 -2.083960
endloop
endfacet
facet normal 0.646496 -0.563114 -0.514728
outer loop
vertex 11.477715 6.682597 -1.095436
vertex 11.455966 5.847273 -0.208905
vertex 10.738473 5.847273 -1.110072
endloop
endfacet
facet normal 0.685113 -0.599046 -0.414444
outer loop
vertex 10.900627 6.682597 -2.049414
vertex 11.477715 6.682597 -1.095436
vertex 10.738473 5.847273 -1.110072
endloop
endfacet
facet normal -0.084757 -0.747115 -0.659269
outer loop
vertex 12.573873 6.682597 -1.299256
vertex 12.598474 5.847273 -0.355788
vertex 11.455966 5.847273 -0.208905
endloop
endfacet
facet normal -0.126790 -0.720386 -0.681886
outer loop
vertex 11.477715 6.682597 -1.095436
vertex 12.573873 6.682597 -1.299256
vertex 11.455966 5.847273 -0.208905
endloop
endfacet
facet normal -0.826653 -0.373951 -0.420482
outer loop
vertex 13.177365 6.682597 -2.236753
vertex 13.120722 5.847273 -1.382509
vertex 12.598474 5.847273 -0.355788
endloop
endfacet
facet normal -0.709469 -0.536725 -0.456705
outer loop
vertex 12.573873 6.682597 -1.299256
vertex 13.177365 6.682597 -2.236753
vertex 12.598474 5.847273 -0.355788
endloop
endfacet
facet normal -0.784577 -0.341087 -0.517783
outer loop
vertex 13.888204 6.682597 -3.095713
vertex 13.755211 5.847273 -2.343926
vertex 13.120722 5.847273 -1.382509
endloop
endfacet
facet normal -0.660689 -0.514341 -0.546758
outer loop
vertex 13.177365 6.682597 -2.236753
vertex 13.888204 6.682597 -3.095713
vertex 13.120722 5.847273 -1.382509
endloop
endfacet
facet normal -0.654584 -0.323706 -0.683179
outer loop
vertex 14.798568 6.682597 -3.739408
vertex 14.586956 5.847273 -3.140858
vertex 13.755211 5.847273 -2.343926
endloop
endfacet
facet normal -0.485623 -0.540804 -0.686805
outer loop
vertex 13.888204 6.682597 -3.095713
vertex 14.798568 6.682597 -3.739408
vertex 13.755211 5.847273 -2.343926
endloop
endfacet
facet normal -0.411084 -0.524517 -0.745581
outer loop
vertex 15.726840 6.682597 -4.356997
vertex 15.595698 5.847273 -3.697039
vertex 14.586956 5.847273 -3.140858
endloop
endfacet
facet normal -0.503943 -0.415091 -0.757457
outer loop
vertex 14.798568 6.682597 -3.739408
vertex 15.726840 6.682597 -4.356997
vertex 14.586956 5.847273 -3.140858
endloop
endfacet
facet normal -0.535787 -0.475784 -0.697540
outer loop
vertex 16.605936 6.682597 -5.042777
vertex 16.509225 5.847273 -4.398728
vertex 15.595698 5.847273 -3.697039
endloop
endfacet
facet normal -0.544283 -0.465785 -0.697711
outer loop
vertex 15.726840 6.682597 -4.356997
vertex 16.605936 6.682597 -5.042777
vertex 15.595698 5.847273 -3.697039
endloop
endfacet
facet normal -0.666988 -0.055250 -0.743017
outer loop
vertex 17.635140 6.682597 -5.471547
vertex 17.366424 5.847273 -5.168214
vertex 16.509225 5.847273 -4.398728
endloop
endfacet
facet normal -0.319899 -0.555008 -0.767874
outer loop
vertex 16.605936 6.682597 -5.042777
vertex 17.635140 6.682597 -5.471547
vertex 16.509225 5.847273 -4.398728
endloop
endfacet
facet normal -0.020545 0.262928 -0.964597
outer loop
vertex 18.629609 6.682597 -4.967427
vertex 18.518074 5.847273 -5.192743
vertex 17.366424 5.847273 -5.168214
endloop
endfacet
facet normal 0.409307 -0.424875 -0.807434
outer loop
vertex 17.635140 6.682597 -5.471547
vertex 18.629609 6.682597 -4.967427
vertex 17.366424 5.847273 -5.168214
endloop
endfacet
facet normal 0.662383 0.115325 -0.740235
outer loop
vertex 19.458171 6.682597 -4.221378
vertex 19.376487 5.847273 -4.424611
vertex 18.518074 5.847273 -5.192743
endloop
endfacet
facet normal 0.665042 0.110427 -0.738596
outer loop
vertex 18.629609 6.682597 -4.967427
vertex 19.458171 6.682597 -4.221378
vertex 18.518074 5.847273 -5.192743
endloop
endfacet
facet normal 0.722060 0.128773 -0.679740
outer loop
vertex 20.201301 6.682597 -3.390197
vertex 20.166061 5.847273 -3.585879
vertex 19.376487 5.847273 -4.424611
endloop
endfacet
facet normal 0.742538 0.088909 -0.663877
outer loop
vertex 19.458171 6.682597 -4.221378
vertex 20.201301 6.682597 -3.390197
vertex 19.376487 5.847273 -4.424611
endloop
endfacet
facet normal 0.779675 0.164395 -0.604220
outer loop
vertex 20.846340 6.682597 -2.480786
vertex 20.871669 5.847273 -2.675375
vertex 20.166061 5.847273 -3.585879
endloop
endfacet
facet normal 0.811517 0.100604 -0.575603
outer loop
vertex 20.201301 6.682597 -3.390197
vertex 20.846340 6.682597 -2.480786
vertex 20.166061 5.847273 -3.585879
endloop
endfacet
facet normal 0.871377 0.175758 -0.458051
outer loop
vertex 21.332824 6.682597 -1.477572
vertex 21.407646 5.847273 -1.655754
vertex 20.871669 5.847273 -2.675375
endloop
endfacet
facet normal 0.892401 0.127869 -0.432748
outer loop
vertex 20.846340 6.682597 -2.480786
vertex 21.332824 6.682597 -1.477572
vertex 20.871669 5.847273 -2.675375
endloop
endfacet
facet normal 0.848801 0.111100 -0.516907
outer loop
vertex 21.965784 6.682597 -0.559712
vertex 22.006787 5.847273 -0.671920
vertex 21.407646 5.847273 -1.655754
endloop
endfacet
facet normal 0.808038 0.191240 -0.557227
outer loop
vertex 21.332824 6.682597 -1.477572
vertex 21.965784 6.682597 -0.559712
vertex 21.407646 5.847273 -1.655754
endloop
endfacet
facet normal -0.880443 0.107768 -0.461743
outer loop
vertex 2.503465 7.517922 -1.382575
vertex 2.541517 6.682597 -1.650091
vertex 2.023683 6.682597 -0.662694
endloop
endfacet
facet normal -0.867715 0.074911 -0.491386
outer loop
vertex 1.986610 7.517922 -0.469886
vertex 2.503465 7.517922 -1.382575
vertex 2.023683 6.682597 -0.662694
endloop
endfacet
facet normal -0.857861 0.106632 -0.502697
outer loop
vertex 3.022640 7.517922 -2.293946
vertex 3.105211 6.682597 -2.612044
vertex 2.541517 6.682597 -1.650091
endloop
endfacet
facet normal -0.862821 0.118106 -0.491519
outer loop
vertex 2.503465 7.517922 -1.382575
vertex 3.022640 7.517922 -2.293946
vertex 2.541517 6.682597 -1.650091
endloop
endfacet
facet normal -0.807487 0.159637 -0.567874
outer loop
vertex 3.641963 7.517922 -3.140455
vertex 3.746586 6.682597 -3.524044
vertex 3.105211 6.682597 -2.612044
endloop
endfacet
facet normal -0.798703 0.143573 -0.584346
outer loop
vertex 3.022640 7.517922 -2.293946
vertex 3.641963 7.517922 -3.140455
vertex 3.105211 6.682597 -2.612044
endloop
endfacet
facet normal -0.660008 0.399894 -0.635982
outer loop
vertex 4.484741 7.517922 -3.764847
vertex 4.520223 6.682597 -4.326907
vertex 3.746586 6.682597 -3.524044
endloop
endfacet
facet normal -0.571061 0.282431 -0.770793
outer loop
vertex 3.641963 7.517922 -3.140455
vertex 4.484741 7.517922 -3.764847
vertex 3.746586 6.682597 -3.524044
endloop
endfacet
facet normal -0.494793 0.485071 -0.721031
outer loop
vertex 5.360727 7.517922 -4.341725
vertex 5.439530 6.682597 -4.957763
vertex 4.520223 6.682597 -4.326907
endloop
endfacet
facet normal -0.484230 0.474189 -0.735301
outer loop
vertex 4.484741 7.517922 -3.764847
vertex 5.360727 7.517922 -4.341725
vertex 4.520223 6.682597 -4.326907
endloop
endfacet
facet normal -0.324909 0.317543 -0.890843
outer loop
vertex 6.219191 7.517922 -4.944369
vertex 6.486984 6.682597 -5.339791
vertex 5.439530 6.682597 -4.957763
endloop
endfacet
facet normal -0.503568 0.481514 -0.717331
outer loop
vertex 5.360727 7.517922 -4.341725
vertex 6.219191 7.517922 -4.944369
vertex 5.439530 6.682597 -4.957763
endloop
endfacet
facet normal 0.406506 -0.377537 -0.831997
outer loop
vertex 7.171247 7.517922 -5.384514
vertex 7.488751 6.682597 -4.850336
vertex 6.486984 6.682597 -5.339791
endloop
endfacet
facet normal -0.402471 0.283078 -0.870565
outer loop
vertex 6.219191 7.517922 -4.944369
vertex 7.171247 7.517922 -5.384514
vertex 6.486984 6.682597 -5.339791
endloop
endfacet
facet normal 0.419867 -0.541474 -0.728367
outer loop
vertex 8.173847 7.517922 -5.076400
vertex 8.454699 6.682597 -4.293516
vertex 7.488751 6.682597 -4.850336
endloop
endfacet
facet normal 0.262784 -0.446938 -0.855097
outer loop
vertex 7.171247 7.517922 -5.384514
vertex 8.173847 7.517922 -5.076400
vertex 7.488751 6.682597 -4.850336
endloop
endfacet
facet normal 0.481699 -0.476832 -0.735253
outer loop
vertex 9.024090 7.517922 -4.462213
vertex 9.387319 6.682597 -3.682513
vertex 8.454699 6.682597 -4.293516
endloop
endfacet
facet normal 0.510289 -0.490496 -0.706412
outer loop
vertex 8.173847 7.517922 -5.076400
vertex 9.024090 7.517922 -4.462213
vertex 8.454699 6.682597 -4.293516
endloop
endfacet
facet normal 0.613649 -0.468645 -0.635458
outer loop
vertex 9.865850 7.517922 -3.836450
vertex 10.189348 6.682597 -2.908010
vertex 9.387319 6.682597 -3.682513
endloop
endfacet
facet normal 0.535814 -0.439776 -0.720763
outer loop
vertex 9.024090 7.517922 -4.462213
vertex 9.865850 7.517922 -3.836450
vertex 9.387319 6.682597 -3.682513
endloop
endfacet
facet normal 0.676727 -0.477233 -0.560615
outer loop
vertex 10.616319 7.517922 -3.103691
vertex 10.900627 6.682597 -2.049414
vertex 10.189348 6.682597 -2.908010
endloop
endfacet
facet normal 0.618627 -0.464628 -0.633578
outer loop
vertex 9.865850 7.517922 -3.836450
vertex 10.616319 7.517922 -3.103691
vertex 10.189348 6.682597 -2.908010
endloop
endfacet
facet normal 0.630439 -0.676094 -0.381370
outer loop
vertex 11.500247 7.517922 -2.539057
vertex 11.477715 6.682597 -1.095436
vertex 10.900627 6.682597 -2.049414
endloop
endfacet
facet normal 0.404044 -0.660802 -0.632526
outer loop
vertex 10.616319 7.517922 -3.103691
vertex 11.500247 7.517922 -2.539057
vertex 10.900627 6.682597 -2.049414
endloop
endfacet
facet normal -0.104029 -0.822292 -0.559476
outer loop
vertex 12.548989 7.517922 -2.522351
vertex 12.573873 6.682597 -1.299256
vertex 11.477715 6.682597 -1.095436
endloop
endfacet
facet normal 0.007976 -0.865571 -0.500722
outer loop
vertex 11.500247 7.517922 -2.539057
vertex 12.548989 7.517922 -2.522351
vertex 11.477715 6.682597 -1.095436
endloop
endfacet
facet normal -0.817389 -0.234550 -0.526176
outer loop
vertex 13.458177 7.517922 -3.045339
vertex 13.177365 6.682597 -2.236753
vertex 12.573873 6.682597 -1.299256
endloop
endfacet
facet normal -0.306366 -0.788971 -0.532602
outer loop
vertex 12.548989 7.517922 -2.522351
vertex 13.458177 7.517922 -3.045339
vertex 12.573873 6.682597 -1.299256
endloop
endfacet
facet normal -0.762379 -0.143966 -0.630913
outer loop
vertex 14.254097 7.517922 -3.728458
vertex 13.888204 6.682597 -3.095713
vertex 13.177365 6.682597 -2.236753
endloop
endfacet
facet normal -0.578873 -0.458269 -0.674459
outer loop
vertex 13.458177 7.517922 -3.045339
vertex 14.254097 7.517922 -3.728458
vertex 13.177365 6.682597 -2.236753
endloop
endfacet
facet normal -0.518424 -0.440069 -0.733195
outer loop
vertex 15.046269 7.517922 -4.415919
vertex 14.798568 6.682597 -3.739408
vertex 13.888204 6.682597 -3.095713
endloop
endfacet
facet normal -0.630327 -0.274090 -0.726336
outer loop
vertex 14.254097 7.517922 -3.728458
vertex 15.046269 7.517922 -4.415919
vertex 13.888204 6.682597 -3.095713
endloop
endfacet
facet normal -0.483249 -0.488757 -0.726352
outer loop
vertex 15.895605 7.517922 -5.031361
vertex 15.726840 6.682597 -4.356997
vertex 14.798568 6.682597 -3.739408
endloop
endfacet
facet normal -0.528607 -0.434057 -0.729500
outer loop
vertex 15.046269 7.517922 -4.415919
vertex 15.895605 7.517922 -5.031361
vertex 14.798568 6.682597 -3.739408
endloop
endfacet
facet normal -0.612811 -0.085818 -0.785556
outer loop
vertex 16.892468 7.517922 -5.357555
vertex 16.605936 6.682597 -5.042777
vertex 15.726840 6.682597 -4.356997
endloop
endfacet
facet normal -0.254245 -0.575898 -0.776982
outer loop
vertex 15.895605 7.517922 -5.031361
vertex 16.892468 7.517922 -5.357555
vertex 15.726840 6.682597 -4.356997
endloop
endfacet
facet normal -0.320127 0.554116 -0.768423
outer loop
vertex 17.865112 7.517922 -4.964995
vertex 17.635140 6.682597 -5.471547
vertex 16.605936 6.682597 -5.042777
endloop
endfacet
facet normal 0.337697 -0.431136 -0.836709
outer loop
vertex 16.892468 7.517922 -5.357555
vertex 17.865112 7.517922 -4.964995
vertex 16.605936 6.682597 -5.042777
endloop
endfacet
facet normal 0.393420 0.492850 -0.776092
outer loop
vertex 18.737290 7.517922 -4.382376
vertex 18.629609 6.682597 -4.967427
vertex 17.635140 6.682597 -5.471547
endloop
endfacet
facet normal 0.524067 0.331468 -0.784527
outer loop
vertex 17.865112 7.517922 -4.964995
vertex 18.737290 7.517922 -4.382376
vertex 17.635140 6.682597 -5.471547
endloop
endfacet
facet normal 0.631473 0.330757 -0.701314
outer loop
vertex 19.561826 7.517922 -3.734086
vertex 19.458171 6.682597 -4.221378
vertex 18.629609 6.682597 -4.967427
endloop
endfacet
facet normal 0.559182 0.426035 -0.711203
outer loop
vertex 18.737290 7.517922 -4.382376
vertex 19.561826 7.517922 -3.734086
vertex 18.629609 6.682597 -4.967427
endloop
endfacet
facet normal 0.720549 0.256503 -0.644217
outer loop
vertex 20.279966 7.517922 -2.969616
vertex 20.201301 6.682597 -3.390197
vertex 19.458171 6.682597 -4.221378
endloop
endfacet
facet normal 0.696367 0.295199 -0.654164
outer loop
vertex 19.561826 7.517922 -3.734086
vertex 20.279966 7.517922 -2.969616
vertex 19.458171 6.682597 -4.221378
endloop
endfacet
facet normal 0.794157 0.228078 -0.563289
outer loop
vertex 20.873232 7.517922 -2.104645
vertex 20.846340 6.682597 -2.480786
vertex 20.201301 6.682597 -3.390197
endloop
endfacet
facet normal 0.807526 0.202820 -0.553865
outer loop
vertex 20.279966 7.517922 -2.969616
vertex 20.873232 7.517922 -2.104645
vertex 20.201301 6.682597 -3.390197
endloop
endfacet
facet normal 0.888567 0.157428 -0.430889
outer loop
vertex 21.336960 7.517922 -1.163850
vertex 21.332824 6.682597 -1.477572
vertex 20.846340 6.682597 -2.480786
endloop
endfacet
facet normal 0.884239 0.167794 -0.435851
outer loop
vertex 20.873232 7.517922 -2.104645
vertex 21.336960 7.517922 -1.163850
vertex 20.846340 6.682597 -2.480786
endloop
endfacet
facet normal 0.818967 0.101658 -0.564764
outer loop
vertex 22.003793 7.517922 -0.354236
vertex 21.965784 6.682597 -0.559712
vertex 21.332824 6.682597 -1.477572
endloop
endfacet
facet normal 0.751426 0.228721 -0.618907
outer loop
vertex 21.336960 7.517922 -1.163850
vertex 22.003793 7.517922 -0.354236
vertex 21.332824 6.682597 -1.477572
endloop
endfacet
facet normal -0.816389 0.346078 -0.462320
outer loop
vertex 2.703255 8.353247 -1.110078
vertex 2.503465 7.517922 -1.382575
vertex 1.986610 7.517922 -0.469886
endloop
endfacet
facet normal -0.740960 0.130882 -0.658671
outer loop
vertex 2.015202 8.353247 -0.336064
vertex 2.703255 8.353247 -1.110078
vertex 1.986610 7.517922 -0.469886
endloop
endfacet
facet normal -0.787479 0.422653 -0.448599
outer loop
vertex 3.284746 8.353247 -1.967039
vertex 3.022640 7.517922 -2.293946
vertex 2.503465 7.517922 -1.382575
endloop
endfacet
facet normal -0.773240 0.356101 -0.524682
outer loop
vertex 2.703255 8.353247 -1.110078
vertex 3.284746 8.353247 -1.967039
vertex 2.503465 7.517922 -1.382575
endloop
endfacet
facet normal -0.631187 0.623181 -0.461789
outer loop
vertex 4.087179 8.353247 -2.621726
vertex 3.641963 7.517922 -3.140455
vertex 3.022640 7.517922 -2.293946
endloop
endfacet
facet normal -0.565067 0.448352 -0.692589
outer loop
vertex 3.284746 8.353247 -1.967039
vertex 4.087179 8.353247 -2.621726
vertex 3.022640 7.517922 -2.293946
endloop
endfacet
facet normal -0.504755 0.530148 -0.681297
outer loop
vertex 4.814389 8.353247 -3.359072
vertex 4.484741 7.517922 -3.764847
vertex 3.641963 7.517922 -3.140455
endloop
endfacet
facet normal -0.551760 0.632008 -0.544175
outer loop
vertex 4.087179 8.353247 -2.621726
vertex 4.814389 8.353247 -3.359072
vertex 3.641963 7.517922 -3.140455
endloop
endfacet
facet normal -0.516754 0.342386 -0.784689
outer loop
vertex 5.541636 8.353247 -4.096382
vertex 5.360727 7.517922 -4.341725
vertex 4.484741 7.517922 -3.764847
endloop
endfacet
facet normal -0.604522 0.528216 -0.596272
outer loop
vertex 4.814389 8.353247 -3.359072
vertex 5.541636 8.353247 -4.096382
vertex 4.484741 7.517922 -3.764847
endloop
endfacet
facet normal -0.562842 0.200950 -0.801766
outer loop
vertex 6.305550 8.353247 -4.795632
vertex 6.219191 7.517922 -4.944369
vertex 5.360727 7.517922 -4.341725
endloop
endfacet
facet normal -0.634700 0.341116 -0.693394
outer loop
vertex 5.541636 8.353247 -4.096382
vertex 6.305550 8.353247 -4.795632
vertex 5.360727 7.517922 -4.341725
endloop
endfacet
facet normal -0.419278 -0.041247 -0.906920
outer loop
vertex 7.140510 8.353247 -5.408294
vertex 7.171247 7.517922 -5.384514
vertex 6.219191 7.517922 -4.944369
endloop
endfacet
facet normal -0.579568 0.200559 -0.789859
outer loop
vertex 6.305550 8.353247 -4.795632
vertex 7.140510 8.353247 -5.408294
vertex 6.219191 7.517922 -4.944369
endloop
endfacet
facet normal 0.278058 -0.322528 -0.904798
outer loop
vertex 8.175553 8.353247 -5.373640
vertex 8.173847 7.517922 -5.076400
vertex 7.171247 7.517922 -5.384514
endloop
endfacet
facet normal 0.033450 -0.027211 -0.999070
outer loop
vertex 7.140510 8.353247 -5.408294
vertex 8.175553 8.353247 -5.373640
vertex 7.171247 7.517922 -5.384514
endloop
endfacet
facet normal 0.558010 -0.303162 -0.772475
outer loop
vertex 9.028766 8.353247 -4.786663
vertex 9.024090 7.517922 -4.462213
vertex 8.173847 7.517922 -5.076400
endloop
endfacet
facet normal 0.543725 -0.282344 -0.790345
outer loop
vertex 8.175553 8.353247 -5.373640
vertex 9.028766 8.353247 -4.786663
vertex 8.173847 7.517922 -5.076400
endloop
endfacet
facet normal 0.568028 -0.305781 -0.764096
outer loop
vertex 9.862925 8.353247 -4.172910
vertex 9.865850 7.517922 -3.836450
vertex 9.024090 7.517922 -4.462213
endloop
endfacet
facet normal 0.565071 -0.301462 -0.767995
outer loop
vertex 9.028766 8.353247 -4.786663
vertex 9.862925 8.353247 -4.172910
vertex 9.024090 7.517922 -4.462213
endloop
endfacet
facet normal 0.637949 -0.407592 -0.653368
outer loop
vertex 10.691391 8.353247 -3.551493
vertex 10.616319 7.517922 -3.103691
vertex 9.865850 7.517922 -3.836450
endloop
endfacet
facet normal 0.571475 -0.304878 -0.761883
outer loop
vertex 9.862925 8.353247 -4.172910
vertex 10.691391 8.353247 -3.551493
vertex 9.865850 7.517922 -3.836450
endloop
endfacet
facet normal 0.474739 -0.471464 -0.743199
outer loop
vertex 11.579305 8.353247 -3.018462
vertex 11.500247 7.517922 -2.539057
vertex 10.616319 7.517922 -3.103691
endloop
endfacet
facet normal 0.459274 -0.451405 -0.765050
outer loop
vertex 10.691391 8.353247 -3.551493
vertex 11.579305 8.353247 -3.018462
vertex 10.616319 7.517922 -3.103691
endloop
endfacet
facet normal 0.012905 -0.586044 -0.810177
outer loop
vertex 12.609368 8.353247 -3.125624
vertex 12.548989 7.517922 -2.522351
vertex 11.500247 7.517922 -2.539057
endloop
endfacet
facet normal -0.090244 -0.489294 -0.867437
outer loop
vertex 11.579305 8.353247 -3.018462
vertex 12.609368 8.353247 -3.125624
vertex 11.500247 7.517922 -2.539057
endloop
endfacet
facet normal -0.435130 -0.488306 -0.756452
outer loop
vertex 13.519471 8.353247 -3.619816
vertex 13.458177 7.517922 -3.045339
vertex 12.548989 7.517922 -2.522351
endloop
endfacet
facet normal -0.409158 -0.514607 -0.753505
outer loop
vertex 12.609368 8.353247 -3.125624
vertex 13.519471 8.353247 -3.619816
vertex 12.548989 7.517922 -2.522351
endloop
endfacet
facet normal -0.613271 -0.336653 -0.714537
outer loop
vertex 14.365265 8.353247 -4.217434
vertex 14.254097 7.517922 -3.728458
vertex 13.458177 7.517922 -3.045339
endloop
endfacet
facet normal -0.512120 -0.460882 -0.724791
outer loop
vertex 13.519471 8.353247 -3.619816
vertex 14.365265 8.353247 -4.217434
vertex 13.458177 7.517922 -3.045339
endloop
endfacet
facet normal -0.624846 -0.301890 -0.720021
outer loop
vertex 15.167979 8.353247 -4.871776
vertex 15.046269 7.517922 -4.415919
vertex 14.254097 7.517922 -3.728458
endloop
endfacet
facet normal -0.592644 -0.346709 -0.727026
outer loop
vertex 14.365265 8.353247 -4.217434
vertex 15.167979 8.353247 -4.871776
vertex 14.254097 7.517922 -3.728458
endloop
endfacet
facet normal -0.565341 -0.267740 -0.780195
outer loop
vertex 16.043388 8.353247 -5.425107
vertex 15.895605 7.517922 -5.031361
vertex 15.046269 7.517922 -4.415919
endloop
endfacet
facet normal -0.498878 -0.358031 -0.789262
outer loop
vertex 15.167979 8.353247 -4.871776
vertex 16.043388 8.353247 -5.425107
vertex 15.046269 7.517922 -4.415919
endloop
endfacet
facet normal -0.307390 0.151807 -0.939397
outer loop
vertex 17.068833 8.353247 -5.280276
vertex 16.892468 7.517922 -5.357555
vertex 15.895605 7.517922 -5.031361
endloop
endfacet
facet normal 0.125509 -0.441084 -0.888646
outer loop
vertex 16.043388 8.353247 -5.425107
vertex 17.068833 8.353247 -5.280276
vertex 15.895605 7.517922 -5.031361
endloop
endfacet
facet normal 0.355570 0.312128 -0.880992
outer loop
vertex 17.895681 8.353247 -4.656709
vertex 17.865112 7.517922 -4.964995
vertex 16.892468 7.517922 -5.357555
endloop
endfacet
facet normal 0.601267 -0.053189 -0.797276
outer loop
vertex 17.068833 8.353247 -5.280276
vertex 17.895681 8.353247 -4.656709
vertex 16.892468 7.517922 -5.357555
endloop
endfacet
facet normal 0.504037 0.420253 -0.754542
outer loop
vertex 18.666129 8.353247 -3.964665
vertex 18.737290 7.517922 -4.382376
vertex 17.865112 7.517922 -4.964995
endloop
endfacet
facet normal 0.648271 0.242633 -0.721716
outer loop
vertex 17.895681 8.353247 -4.656709
vertex 18.666129 8.353247 -3.964665
vertex 17.865112 7.517922 -4.964995
endloop
endfacet
facet normal 0.535849 0.498383 -0.681528
outer loop
vertex 19.409163 8.353247 -3.243267
vertex 19.561826 7.517922 -3.734086
vertex 18.737290 7.517922 -4.382376
endloop
endfacet
facet normal 0.642668 0.385758 -0.661943
outer loop
vertex 18.666129 8.353247 -3.964665
vertex 19.409163 8.353247 -3.243267
vertex 18.737290 7.517922 -4.382376
endloop
endfacet
facet normal 0.643499 0.469561 -0.604501
outer loop
vertex 20.120457 8.353247 -2.490556
vertex 20.279966 7.517922 -2.969616
vertex 19.561826 7.517922 -3.734086
endloop
endfacet
facet normal 0.640495 0.472690 -0.605253
outer loop
vertex 19.409163 8.353247 -3.243267
vertex 20.120457 8.353247 -2.490556
vertex 19.561826 7.517922 -3.734086
endloop
endfacet
facet normal 0.768188 0.363705 -0.526884
outer loop
vertex 20.767604 8.353247 -1.682029
vertex 20.873232 7.517922 -2.104645
vertex 20.279966 7.517922 -2.969616
endloop
endfacet
facet normal 0.696205 0.452524 -0.557244
outer loop
vertex 20.120457 8.353247 -2.490556
vertex 20.767604 8.353247 -1.682029
vertex 20.279966 7.517922 -2.969616
endloop
endfacet
facet normal 0.852395 0.311275 -0.420155
outer loop
vertex 21.232618 8.353247 -0.756678
vertex 21.336960 7.517922 -1.163850
vertex 20.873232 7.517922 -2.104645
endloop
endfacet
facet normal 0.845921 0.322038 -0.425099
outer loop
vertex 20.767604 8.353247 -1.682029
vertex 21.232618 8.353247 -0.756678
vertex 20.873232 7.517922 -2.104645
endloop
endfacet
facet normal 0.745764 0.257954 -0.614244
outer loop
vertex 21.976687 8.353247 -0.036348
vertex 22.003793 7.517922 -0.354236
vertex 21.336960 7.517922 -1.163850
endloop
endfacet
facet normal 0.637330 0.400509 -0.658333
outer loop
vertex 21.232618 8.353247 -0.756678
vertex 21.976687 8.353247 -0.036348
vertex 21.336960 7.517922 -1.163850
endloop
endfacet
facet normal -0.518972 0.719608 -0.461337
outer loop
vertex 3.096297 9.188571 -0.249256
vertex 2.703255 8.353247 -1.110078
vertex 2.015202 8.353247 -0.336064
endloop
endfacet
facet normal -0.590896 0.700056 -0.400952
outer loop
vertex 3.689880 9.188571 -1.105634
vertex 3.284746 8.353247 -1.967039
vertex 2.703255 8.353247 -1.110078
endloop
endfacet
facet normal -0.588825 0.697648 -0.408133
outer loop
vertex 3.096297 9.188571 -0.249256
vertex 3.689880 9.188571 -1.105634
vertex 2.703255 8.353247 -1.110078
endloop
endfacet
facet normal -0.538829 0.522968 -0.660430
outer loop
vertex 4.171925 9.188571 -2.029408
vertex 4.087179 8.353247 -2.621726
vertex 3.284746 8.353247 -1.967039
endloop
endfacet
facet normal -0.656665 0.671844 -0.342662
outer loop
vertex 3.689880 9.188571 -1.105634
vertex 4.171925 9.188571 -2.029408
vertex 3.284746 8.353247 -1.967039
endloop
endfacet
facet normal -0.679676 0.297817 -0.670332
outer loop
vertex 4.734210 9.188571 -2.906655
vertex 4.814389 8.353247 -3.359072
vertex 4.087179 8.353247 -2.621726
endloop
endfacet
facet normal -0.762511 0.423920 -0.488743
outer loop
vertex 4.171925 9.188571 -2.029408
vertex 4.734210 9.188571 -2.906655
vertex 4.087179 8.353247 -2.621726
endloop
endfacet
facet normal -0.689985 0.246471 -0.680568
outer loop
vertex 5.430838 9.188571 -3.681534
vertex 5.541636 8.353247 -4.096382
vertex 4.814389 8.353247 -3.359072
endloop
endfacet
facet normal -0.714094 0.279158 -0.641982
outer loop
vertex 4.734210 9.188571 -2.906655
vertex 5.430838 9.188571 -3.681534
vertex 4.814389 8.353247 -3.359072
endloop
endfacet
facet normal -0.657738 0.225941 -0.718562
outer loop
vertex 6.173657 9.188571 -4.412249
vertex 6.305550 8.353247 -4.795632
vertex 5.541636 8.353247 -4.096382
endloop
endfacet
facet normal -0.678540 0.252564 -0.689779
outer loop
vertex 5.430838 9.188571 -3.681534
vertex 6.173657 9.188571 -4.412249
vertex 5.541636 8.353247 -4.096382
endloop
endfacet
facet normal -0.589531 0.083320 -0.803437
outer loop
vertex 6.908245 9.188571 -5.151240
vertex 7.140510 8.353247 -5.408294
vertex 6.305550 8.353247 -4.795632
endloop
endfacet
facet normal -0.693855 0.207001 -0.689721
outer loop
vertex 6.173657 9.188571 -4.412249
vertex 6.908245 9.188571 -5.151240
vertex 6.305550 8.353247 -4.795632
endloop
endfacet
facet normal 0.030367 -0.420049 -0.906993
outer loop
vertex 7.742913 9.188571 -5.774983
vertex 8.175553 8.353247 -5.373640
vertex 7.140510 8.353247 -5.408294
endloop
endfacet
facet normal -0.596703 0.079802 -0.798484
outer loop
vertex 6.908245 9.188571 -5.151240
vertex 7.742913 9.188571 -5.774983
vertex 7.140510 8.353247 -5.408294
endloop
endfacet
facet normal 0.450921 -0.605855 -0.655446
outer loop
vertex 8.783803 9.188571 -5.727312
vertex 9.028766 8.353247 -4.786663
vertex 8.175553 8.353247 -5.373640
endloop
endfacet
facet normal 0.041623 -0.415099 -0.908823
outer loop
vertex 7.742913 9.188571 -5.774983
vertex 8.783803 9.188571 -5.727312
vertex 8.175553 8.353247 -5.373640
endloop
endfacet
facet normal 0.461439 -0.627504 -0.627147
outer loop
vertex 9.657645 9.188571 -5.159750
vertex 9.862925 8.353247 -4.172910
vertex 9.028766 8.353247 -4.786663
endloop
endfacet
facet normal 0.428526 -0.617300 -0.659777
outer loop
vertex 8.783803 9.188571 -5.727312
vertex 9.657645 9.188571 -5.159750
vertex 9.028766 8.353247 -4.786663
endloop
endfacet
facet normal 0.473685 -0.613852 -0.631512
outer loop
vertex 10.481060 9.188571 -4.521225
vertex 10.691391 8.353247 -3.551493
vertex 9.862925 8.353247 -4.172910
endloop
endfacet
facet normal 0.482495 -0.616490 -0.622204
outer loop
vertex 9.657645 9.188571 -5.159750
vertex 10.481060 9.188571 -4.521225
vertex 9.862925 8.353247 -4.172910
endloop
endfacet
facet normal 0.398695 -0.632425 -0.664139
outer loop
vertex 11.352533 9.188571 -3.950033
vertex 11.579305 8.353247 -3.018462
vertex 10.691391 8.353247 -3.551493
endloop
endfacet
facet normal 0.421211 -0.639991 -0.642646
outer loop
vertex 10.481060 9.188571 -4.521225
vertex 11.352533 9.188571 -3.950033
vertex 10.691391 8.353247 -3.551493
endloop
endfacet
facet normal -0.078783 -0.648322 -0.757279
outer loop
vertex 12.386056 9.188571 -3.817530
vertex 12.609368 8.353247 -3.125624
vertex 11.579305 8.353247 -3.018462
endloop
endfacet
facet normal 0.086758 -0.731124 -0.676706
outer loop
vertex 11.352533 9.188571 -3.950033
vertex 12.386056 9.188571 -3.817530
vertex 11.579305 8.353247 -3.018462
endloop
endfacet
facet normal -0.365399 -0.643168 -0.672918
outer loop
vertex 13.307871 9.188571 -4.303311
vertex 13.519471 8.353247 -3.619816
vertex 12.609368 8.353247 -3.125624
endloop
endfacet
facet normal -0.353924 -0.650911 -0.671604
outer loop
vertex 12.386056 9.188571 -3.817530
vertex 13.307871 9.188571 -4.303311
vertex 12.609368 8.353247 -3.125624
endloop
endfacet
facet normal -0.488112 -0.533408 -0.690813
outer loop
vertex 14.238176 9.188571 -4.772627
vertex 14.365265 8.353247 -4.217434
vertex 13.519471 8.353247 -3.619816
endloop
endfacet
facet normal -0.344092 -0.645267 -0.682079
outer loop
vertex 13.307871 9.188571 -4.303311
vertex 14.238176 9.188571 -4.772627
vertex 13.519471 8.353247 -3.619816
endloop
endfacet
facet normal -0.581093 -0.392642 -0.712855
outer loop
vertex 15.134256 9.188571 -5.304385
vertex 15.167979 8.353247 -4.871776
vertex 14.365265 8.353247 -4.217434
endloop
endfacet
facet normal -0.428038 -0.544530 -0.721298
outer loop
vertex 14.238176 9.188571 -4.772627
vertex 15.134256 9.188571 -5.304385
vertex 14.365265 8.353247 -4.217434
endloop
endfacet
facet normal -0.530138 -0.124537 -0.838716
outer loop
vertex 16.131905 9.188571 -5.605090
vertex 16.043388 8.353247 -5.425107
vertex 15.167979 8.353247 -4.871776
endloop
endfacet
facet normal -0.257344 -0.452562 -0.853792
outer loop
vertex 15.134256 9.188571 -5.304385
vertex 16.131905 9.188571 -5.605090
vertex 15.167979 8.353247 -4.871776
endloop
endfacet
facet normal 0.138209 0.152683 -0.978563
outer loop
vertex 17.069199 9.188571 -5.149891
vertex 17.068833 8.353247 -5.280276
vertex 16.043388 8.353247 -5.425107
endloop
endfacet
facet normal 0.424785 -0.233474 -0.874670
outer loop
vertex 16.131905 9.188571 -5.605090
vertex 17.069199 9.188571 -5.149891
vertex 16.043388 8.353247 -5.425107
endloop
endfacet
facet normal 0.591602 0.186089 -0.784461
outer loop
vertex 17.867281 9.188571 -4.479972
vertex 17.895681 8.353247 -4.656709
vertex 17.068833 8.353247 -5.280276
endloop
endfacet
facet normal 0.638403 0.118432 -0.760536
outer loop
vertex 17.069199 9.188571 -5.149891
vertex 17.867281 9.188571 -4.479972
vertex 17.068833 8.353247 -5.280276
endloop
endfacet
facet normal 0.652128 0.218263 -0.726010
outer loop
vertex 18.617688 9.188571 -3.757051
vertex 18.666129 8.353247 -3.964665
vertex 17.895681 8.353247 -4.656709
endloop
endfacet
facet normal 0.683297 0.173299 -0.709276
outer loop
vertex 17.867281 9.188571 -4.479972
vertex 18.617688 9.188571 -3.757051
vertex 17.895681 8.353247 -4.656709
endloop
endfacet
facet normal 0.667748 0.284745 -0.687774
outer loop
vertex 19.318236 9.188571 -2.985715
vertex 19.409163 8.353247 -3.243267
vertex 18.666129 8.353247 -3.964665
endloop
endfacet
facet normal 0.724452 0.205545 -0.657967
outer loop
vertex 18.617688 9.188571 -3.757051
vertex 19.318236 9.188571 -2.985715
vertex 18.666129 8.353247 -3.964665
endloop
endfacet
facet normal 0.669974 0.387694 -0.633110
outer loop
vertex 19.951270 9.188571 -2.158072
vertex 20.120457 8.353247 -2.490556
vertex 19.409163 8.353247 -3.243267
endloop
endfacet
facet normal 0.766104 0.264061 -0.585966
outer loop
vertex 19.318236 9.188571 -2.985715
vertex 19.951270 9.188571 -2.158072
vertex 19.409163 8.353247 -3.243267
endloop
endfacet
facet normal 0.635968 0.580028 -0.509030
outer loop
vertex 20.383569 9.188571 -1.209998
vertex 20.767604 8.353247 -1.682029
vertex 20.120457 8.353247 -2.490556
endloop
endfacet
facet normal 0.858948 0.329864 -0.391660
outer loop
vertex 19.951270 9.188571 -2.158072
vertex 20.383569 9.188571 -1.209998
vertex 20.120457 8.353247 -2.490556
endloop
endfacet
facet normal 0.792369 0.462168 -0.398187
outer loop
vertex 20.955338 9.188571 -0.338903
vertex 21.232618 8.353247 -0.756678
vertex 20.767604 8.353247 -1.682029
endloop
endfacet
facet normal 0.686670 0.570385 -0.450716
outer loop
vertex 20.383569 9.188571 -1.209998
vertex 20.955338 9.188571 -0.338903
vertex 20.767604 8.353247 -1.682029
endloop
endfacet
facet normal -0.886170 -0.029444 -0.462423
outer loop
vertex 4.174917 10.023896 -2.088329
vertex 4.171925 9.188571 -2.029408
vertex 3.689880 9.188571 -1.105634
endloop
endfacet
facet normal -0.866671 -0.076680 -0.492951
outer loop
vertex 3.664304 10.023896 -1.190605
vertex 4.174917 10.023896 -2.088329
vertex 3.689880 9.188571 -1.105634
endloop
endfacet
facet normal -0.841068 0.044509 -0.539095
outer loop
vertex 4.787060 10.023896 -2.920143
vertex 4.734210 9.188571 -2.906655
vertex 4.171925 9.188571 -2.029408
endloop
endfacet
facet normal -0.804804 -0.038894 -0.592265
outer loop
vertex 4.174917 10.023896 -2.088329
vertex 4.787060 10.023896 -2.920143
vertex 4.171925 9.188571 -2.029408
endloop
endfacet
facet normal -0.742527 -0.055141 -0.667543
outer loop
vertex 5.418815 10.023896 -3.737161
vertex 5.430838 9.188571 -3.681534
vertex 4.734210 9.188571 -2.906655
endloop
endfacet
facet normal -0.790449 0.040142 -0.611211
outer loop
vertex 4.787060 10.023896 -2.920143
vertex 5.418815 10.023896 -3.737161
vertex 4.734210 9.188571 -2.906655
endloop
endfacet
facet normal -0.692906 -0.154031 -0.704384
outer loop
vertex 6.095145 10.023896 -4.517681
vertex 6.173657 9.188571 -4.412249
vertex 5.430838 9.188571 -3.681534
endloop
endfacet
facet normal -0.754628 -0.054406 -0.653894
outer loop
vertex 5.418815 10.023896 -3.737161
vertex 6.095145 10.023896 -4.517681
vertex 5.430838 9.188571 -3.681534
endloop
endfacet
facet normal -0.703476 -0.126977 -0.699284
outer loop
vertex 6.839430 10.023896 -5.233692
vertex 6.908245 9.188571 -5.151240
vertex 6.173657 9.188571 -4.412249
endloop
endfacet
facet normal -0.684988 -0.154253 -0.712037
outer loop
vertex 6.095145 10.023896 -4.517681
vertex 6.839430 10.023896 -5.233692
vertex 6.173657 9.188571 -4.412249
endloop
endfacet
facet normal -0.597508 -0.060710 -0.799561
outer loop
vertex 7.699273 10.023896 -5.805797
vertex 7.742913 9.188571 -5.774983
vertex 6.908245 9.188571 -5.151240
endloop
endfacet
facet normal -0.549476 -0.126782 -0.825834
outer loop
vertex 6.839430 10.023896 -5.233692
vertex 7.699273 10.023896 -5.805797
vertex 6.908245 9.188571 -5.151240
endloop
endfacet
facet normal 0.045592 -0.083157 -0.995493
outer loop
vertex 8.732033 10.023896 -5.799461
vertex 8.783803 9.188571 -5.727312
vertex 7.742913 9.188571 -5.774983
endloop
endfacet
facet normal 0.006131 -0.036543 -0.999313
outer loop
vertex 7.699273 10.023896 -5.805797
vertex 8.732033 10.023896 -5.799461
vertex 7.742913 9.188571 -5.774983
endloop
endfacet
facet normal 0.532564 -0.209863 -0.819959
outer loop
vertex 9.669405 10.023896 -5.365908
vertex 9.657645 9.188571 -5.159750
vertex 8.783803 9.188571 -5.727312
endloop
endfacet
facet normal 0.419217 -0.052305 -0.906378
outer loop
vertex 8.732033 10.023896 -5.799461
vertex 9.669405 10.023896 -5.365908
vertex 8.783803 9.188571 -5.727312
endloop
endfacet
facet normal 0.579420 -0.325533 -0.747195
outer loop
vertex 10.552237 10.023896 -4.829959
vertex 10.481060 9.188571 -4.521225
vertex 9.657645 9.188571 -5.159750
endloop
endfacet
facet normal 0.507002 -0.213252 -0.835148
outer loop
vertex 9.669405 10.023896 -5.365908
vertex 10.552237 10.023896 -4.829959
vertex 9.657645 9.188571 -5.159750
endloop
endfacet
facet normal 0.489983 -0.448390 -0.747572
outer loop
vertex 11.476756 10.023896 -4.369636
vertex 11.352533 9.188571 -3.950033
vertex 10.481060 9.188571 -4.521225
endloop
endfacet
facet normal 0.418175 -0.346046 -0.839870
outer loop
vertex 10.552237 10.023896 -4.829959
vertex 11.476756 10.023896 -4.369636
vertex 10.481060 9.188571 -4.521225
endloop
endfacet
facet normal 0.110662 -0.492656 -0.863159
outer loop
vertex 12.505549 10.023896 -4.278980
vertex 12.386056 9.188571 -3.817530
vertex 11.352533 9.188571 -3.950033
endloop
endfacet
facet normal 0.078088 -0.456752 -0.886160
outer loop
vertex 11.476756 10.023896 -4.369636
vertex 12.505549 10.023896 -4.278980
vertex 11.352533 9.188571 -3.950033
endloop
endfacet
facet normal -0.399096 -0.516901 -0.757321
outer loop
vertex 13.338490 10.023896 -4.889588
vertex 13.307871 9.188571 -4.303311
vertex 12.386056 9.188571 -3.817530
endloop
endfacet
facet normal -0.556110 -0.339513 -0.758599
outer loop
vertex 12.505549 10.023896 -4.278980
vertex 13.338490 10.023896 -4.889588
vertex 12.386056 9.188571 -3.817530
endloop
endfacet
facet normal -0.382604 -0.527650 -0.758419
outer loop
vertex 14.256391 10.023896 -5.362971
vertex 14.238176 9.188571 -4.772627
vertex 13.307871 9.188571 -4.303311
endloop
endfacet
facet normal -0.391827 -0.518880 -0.759760
outer loop
vertex 13.338490 10.023896 -4.889588
vertex 14.256391 10.023896 -5.362971
vertex 13.307871 9.188571 -4.303311
endloop
endfacet
facet normal -0.469886 -0.390168 -0.791818
outer loop
vertex 15.209531 10.023896 -5.760661
vertex 15.134256 9.188571 -5.304385
vertex 14.238176 9.188571 -4.772627
endloop
endfacet
facet normal -0.323767 -0.541337 -0.775970
outer loop
vertex 14.256391 10.023896 -5.362971
vertex 15.209531 10.023896 -5.760661
vertex 14.238176 9.188571 -4.772627
endloop
endfacet
facet normal -0.284531 -0.167119 -0.943988
outer loop
vertex 16.241996 10.023896 -5.786154
vertex 16.131905 9.188571 -5.605090
vertex 15.134256 9.188571 -5.304385
endloop
endfacet
facet normal -0.021685 -0.477755 -0.878225
outer loop
vertex 15.209531 10.023896 -5.760661
vertex 16.241996 10.023896 -5.786154
vertex 15.134256 9.188571 -5.304385
endloop
endfacet
facet normal 0.433023 -0.132217 -0.891633
outer loop
vertex 17.123200 10.023896 -5.247533
vertex 17.069199 9.188571 -5.149891
vertex 16.131905 9.188571 -5.605090
endloop
endfacet
facet normal 0.505514 -0.245892 -0.827039
outer loop
vertex 16.241996 10.023896 -5.786154
vertex 17.123200 10.023896 -5.247533
vertex 16.131905 9.188571 -5.605090
endloop
endfacet
facet normal 0.640287 -0.090544 -0.762781
outer loop
vertex 17.892239 10.023896 -4.558176
vertex 17.867281 9.188571 -4.479972
vertex 17.069199 9.188571 -5.149891
endloop
endfacet
facet normal 0.661891 -0.129101 -0.738399
outer loop
vertex 17.123200 10.023896 -5.247533
vertex 17.892239 10.023896 -4.558176
vertex 17.069199 9.188571 -5.149891
endloop
endfacet
facet normal 0.693364 -0.035236 -0.719726
outer loop
vertex 18.604682 10.023896 -3.810475
vertex 18.617688 9.188571 -3.757051
vertex 17.867281 9.188571 -4.479972
endloop
endfacet
facet normal 0.721295 -0.085896 -0.687282
outer loop
vertex 17.892239 10.023896 -4.558176
vertex 18.604682 10.023896 -3.810475
vertex 17.867281 9.188571 -4.479972
endloop
endfacet
facet normal 0.740232 0.008473 -0.672298
outer loop
vertex 19.273979 10.023896 -3.023916
vertex 19.318236 9.188571 -2.985715
vertex 18.617688 9.188571 -3.757051
endloop
endfacet
facet normal 0.761261 -0.029576 -0.647771
outer loop
vertex 18.604682 10.023896 -3.810475
vertex 19.273979 10.023896 -3.023916
vertex 18.617688 9.188571 -3.757051
endloop
endfacet
facet normal 0.794297 0.000060 -0.607529
outer loop
vertex 19.910829 10.023896 -2.210863
vertex 19.951270 9.188571 -2.158072
vertex 19.318236 9.188571 -2.985715
endloop
endfacet
facet normal 0.787176 0.013508 -0.616580
outer loop
vertex 19.273979 10.023896 -3.023916
vertex 19.910829 10.023896 -2.210863
vertex 19.318236 9.188571 -2.985715
endloop
endfacet
facet normal 0.903824 -0.115138 -0.412122
outer loop
vertex 20.438444 10.023896 -1.323025
vertex 20.383569 9.188571 -1.209998
vertex 19.951270 9.188571 -2.158072
endloop
endfacet
facet normal 0.859621 0.009333 -0.510847
outer loop
vertex 19.910829 10.023896 -2.210863
vertex 20.438444 10.023896 -1.323025
vertex 19.951270 9.188571 -2.158072
endloop
endfacet
facet normal 0.785948 -0.133323 -0.603747
outer loop
vertex 20.438444 10.023896 -1.323025
vertex 21.067598 10.023896 -0.504002
vertex 20.383569 9.188571 -1.209998
endloop
endfacet
facet normal -0.629522 -0.599584 -0.494168
outer loop
vertex 3.245846 10.859221 -1.671047
vertex 3.664304 10.023896 -1.190605
vertex 3.026595 10.023896 -0.378225
endloop
endfacet
facet normal -0.800161 -0.432741 -0.415305
outer loop
vertex 2.779583 10.859221 -0.772707
vertex 3.245846 10.859221 -1.671047
vertex 3.026595 10.023896 -0.378225
endloop
endfacet
facet normal -0.747980 -0.509436 -0.425441
outer loop
vertex 3.836246 10.859221 -2.493144
vertex 4.174917 10.023896 -2.088329
vertex 3.664304 10.023896 -1.190605
endloop
endfacet
facet normal -0.652166 -0.596085 -0.468361
outer loop
vertex 3.245846 10.859221 -1.671047
vertex 3.836246 10.859221 -2.493144
vertex 3.664304 10.023896 -1.190605
endloop
endfacet
facet normal -0.715655 -0.458768 -0.526660
outer loop
vertex 4.499789 10.859221 -3.257426
vertex 4.787060 10.023896 -2.920143
vertex 4.174917 10.023896 -2.088329
endloop
endfacet
facet normal -0.640666 -0.529306 -0.556221
outer loop
vertex 3.836246 10.859221 -2.493144
vertex 4.499789 10.859221 -3.257426
vertex 4.174917 10.023896 -2.088329
endloop
endfacet
facet normal -0.747054 -0.328972 -0.577657
outer loop
vertex 5.225533 10.859221 -3.962911
vertex 5.418815 10.023896 -3.737161
vertex 4.787060 10.023896 -2.920143
endloop
endfacet
facet normal -0.616070 -0.467765 -0.633761
outer loop
vertex 4.499789 10.859221 -3.257426
vertex 5.225533 10.859221 -3.962911
vertex 4.787060 10.023896 -2.920143
endloop
endfacet
facet normal -0.747540 -0.146976 -0.647752
outer loop
vertex 6.007267 10.859221 -4.605802
vertex 6.095145 10.023896 -4.517681
vertex 5.418815 10.023896 -3.737161
endloop
endfacet
facet normal -0.598450 -0.335136 -0.727696
outer loop
vertex 5.225533 10.859221 -3.962911
vertex 6.007267 10.859221 -4.605802
vertex 5.418815 10.023896 -3.737161
endloop
endfacet
facet normal -0.691357 0.074544 -0.718657
outer loop
vertex 6.853690 10.859221 -5.160764
vertex 6.839430 10.023896 -5.233692
vertex 6.095145 10.023896 -4.517681
endloop
endfacet
facet normal -0.542565 -0.144376 -0.827514
outer loop
vertex 6.007267 10.859221 -4.605802
vertex 6.853690 10.859221 -5.160764
vertex 6.095145 10.023896 -4.517681
endloop
endfacet
facet normal -0.522095 0.334205 -0.784681
outer loop
vertex 7.800836 10.859221 -5.517597
vertex 7.699273 10.023896 -5.805797
vertex 6.839430 10.023896 -5.233692
endloop
endfacet
facet normal -0.351206 0.087382 -0.932212
outer loop
vertex 6.853690 10.859221 -5.160764
vertex 7.800836 10.859221 -5.517597
vertex 6.839430 10.023896 -5.233692
endloop
endfacet
facet normal 0.005208 0.528561 -0.848879
outer loop
vertex 8.784449 10.859221 -5.279018
vertex 8.732033 10.023896 -5.799461
vertex 7.699273 10.023896 -5.805797
endloop
endfacet
facet normal 0.225362 0.293161 -0.929123
outer loop
vertex 7.800836 10.859221 -5.517597
vertex 8.784449 10.859221 -5.279018
vertex 7.699273 10.023896 -5.805797
endloop
endfacet
facet normal 0.353568 0.539094 -0.764439
outer loop
vertex 9.664501 10.859221 -4.779093
vertex 9.669405 10.023896 -5.365908
vertex 8.732033 10.023896 -5.799461
endloop
endfacet
facet normal 0.439879 0.454850 -0.774350
outer loop
vertex 8.784449 10.859221 -5.279018
vertex 9.664501 10.859221 -4.779093
vertex 8.732033 10.023896 -5.799461
endloop
endfacet
facet normal 0.446969 0.508074 -0.736261
outer loop
vertex 10.535555 10.859221 -4.263651
vertex 10.552237 10.023896 -4.829959
vertex 9.669405 10.023896 -5.365908
endloop
endfacet
facet normal 0.435229 0.519244 -0.735501
outer loop
vertex 9.664501 10.859221 -4.779093
vertex 10.535555 10.859221 -4.263651
vertex 9.669405 10.023896 -5.365908
endloop
endfacet
facet normal 0.404359 0.420656 -0.812122
outer loop
vertex 11.491058 10.859221 -3.929841
vertex 11.476756 10.023896 -4.369636
vertex 10.552237 10.023896 -4.829959
endloop
endfacet
facet normal 0.276954 0.542982 -0.792759
outer loop
vertex 10.535555 10.859221 -4.263651
vertex 11.491058 10.859221 -3.929841
vertex 10.552237 10.023896 -4.829959
endloop
endfacet
facet normal 0.076821 0.483838 -0.871780
outer loop
vertex 12.496786 10.859221 -3.816147
vertex 12.505549 10.023896 -4.278980
vertex 11.476756 10.023896 -4.369636
endloop
endfacet
facet normal 0.099611 0.462219 -0.881153
outer loop
vertex 11.491058 10.859221 -3.929841
vertex 12.496786 10.859221 -3.816147
vertex 11.476756 10.023896 -4.369636
endloop
endfacet
facet normal -0.508590 0.509913 -0.693776
outer loop
vertex 13.381738 10.859221 -4.307344
vertex 13.338490 10.023896 -4.889588
vertex 12.505549 10.023896 -4.278980
endloop
endfacet
facet normal -0.437626 0.432262 -0.788437
outer loop
vertex 12.496786 10.859221 -3.816147
vertex 13.381738 10.859221 -4.307344
vertex 12.505549 10.023896 -4.278980
endloop
endfacet
facet normal -0.395248 0.506377 -0.766395
outer loop
vertex 14.258890 10.859221 -4.812339
vertex 14.256391 10.023896 -5.362971
vertex 13.338490 10.023896 -4.889588
endloop
endfacet
facet normal -0.422169 0.532978 -0.733286
outer loop
vertex 13.381738 10.859221 -4.307344
vertex 14.258890 10.859221 -4.812339
vertex 13.338490 10.023896 -4.889588
endloop
endfacet
facet normal -0.339020 0.474200 -0.812527
outer loop
vertex 15.168572 10.859221 -5.256067
vertex 15.209531 10.023896 -5.760661
vertex 14.256391 10.023896 -5.362971
endloop
endfacet
facet normal -0.376963 0.510552 -0.772810
outer loop
vertex 14.258890 10.859221 -4.812339
vertex 15.168572 10.859221 -5.256067
vertex 14.256391 10.023896 -5.362971
endloop
endfacet
facet normal -0.023296 0.330573 -0.943493
outer loop
vertex 16.152996 10.859221 -5.491282
vertex 16.241996 10.023896 -5.786154
vertex 15.209531 10.023896 -5.760661
endloop
endfacet
facet normal -0.201367 0.499211 -0.842757
outer loop
vertex 15.168572 10.859221 -5.256067
vertex 16.152996 10.859221 -5.491282
vertex 15.209531 10.023896 -5.760661
endloop
endfacet
facet normal 0.518775 0.102576 -0.848735
outer loop
vertex 17.107948 10.859221 -5.155900
vertex 17.123200 10.023896 -5.247533
vertex 16.241996 10.023896 -5.786154
endloop
endfacet
facet normal 0.310937 0.345659 -0.885347
outer loop
vertex 16.152996 10.859221 -5.491282
vertex 17.107948 10.859221 -5.155900
vertex 16.241996 10.023896 -5.786154
endloop
endfacet
facet normal 0.666078 -0.064708 -0.743070
outer loop
vertex 17.943613 10.859221 -4.584867
vertex 17.892239 10.023896 -4.558176
vertex 17.123200 10.023896 -5.247533
endloop
endfacet
facet normal 0.561338 0.100363 -0.821478
outer loop
vertex 17.107948 10.859221 -5.155900
vertex 17.943613 10.859221 -4.584867
vertex 17.123200 10.023896 -5.247533
endloop
endfacet
facet normal 0.700233 -0.253968 -0.667213
outer loop
vertex 18.751156 10.859221 -3.974710
vertex 18.604682 10.023896 -3.810475
vertex 17.892239 10.023896 -4.558176
endloop
endfacet
facet normal 0.601665 -0.062448 -0.796304
outer loop
vertex 17.943613 10.859221 -4.584867
vertex 18.751156 10.859221 -3.974710
vertex 17.892239 10.023896 -4.558176
endloop
endfacet
facet normal 0.693386 -0.413640 -0.590015
outer loop
vertex 19.521684 10.859221 -3.318432
vertex 19.273979 10.023896 -3.023916
vertex 18.604682 10.023896 -3.810475
endloop
endfacet
facet normal 0.627027 -0.254692 -0.736185
outer loop
vertex 18.751156 10.859221 -3.974710
vertex 19.521684 10.859221 -3.318432
vertex 18.604682 10.023896 -3.810475
endloop
endfacet
facet normal 0.685730 -0.491199 -0.537120
outer loop
vertex 20.217428 10.859221 -2.583343
vertex 19.910829 10.023896 -2.210863
vertex 19.273979 10.023896 -3.023916
endloop
endfacet
facet normal 0.660383 -0.416201 -0.625037
outer loop
vertex 19.521684 10.859221 -3.318432
vertex 20.217428 10.859221 -2.583343
vertex 19.273979 10.023896 -3.023916
endloop
endfacet
facet normal 0.720263 -0.545905 -0.428030
outer loop
vertex 20.810144 10.859221 -1.762914
vertex 20.438444 10.023896 -1.323025
vertex 19.910829 10.023896 -2.210863
endloop
endfacet
facet normal 0.707654 -0.487707 -0.511242
outer loop
vertex 20.217428 10.859221 -2.583343
vertex 20.810144 10.859221 -1.762914
vertex 19.910829 10.023896 -2.210863
endloop
endfacet
facet normal 0.723541 -0.409350 -0.555807
outer loop
vertex 21.266935 10.859221 -0.859721
vertex 21.067598 10.023896 -0.504002
vertex 20.438444 10.023896 -1.323025
endloop
endfacet
facet normal 0.753405 -0.535904 -0.381036
outer loop
vertex 20.810144 10.859221 -1.762914
vertex 21.266935 10.859221 -0.859721
vertex 20.438444 10.023896 -1.323025
endloop
endfacet
facet normal -0.641952 -0.229370 -0.731633
outer loop
vertex 2.718472 11.694545 -0.980964
vertex 2.779583 10.859221 -0.772707
vertex 2.018790 10.859221 -0.105168
endloop
endfacet
facet normal -0.716617 -0.120088 -0.687051
outer loop
vertex 2.012010 11.694545 -0.244100
vertex 2.718472 11.694545 -0.980964
vertex 2.018790 10.859221 -0.105168
endloop
endfacet
facet normal -0.876089 -0.160324 -0.454714
outer loop
vertex 3.201556 11.694545 -1.880235
vertex 3.245846 10.859221 -1.671047
vertex 2.779583 10.859221 -0.772707
endloop
endfacet
facet normal -0.866633 -0.179470 -0.465552
outer loop
vertex 2.718472 11.694545 -0.980964
vertex 3.201556 11.694545 -1.880235
vertex 2.779583 10.859221 -0.772707
endloop
endfacet
facet normal -0.794907 -0.205492 -0.570873
outer loop
vertex 3.782800 11.694545 -2.719409
vertex 3.836246 10.859221 -2.493144
vertex 3.245846 10.859221 -1.671047
endloop
endfacet
facet normal -0.808178 -0.183033 -0.559774
outer loop
vertex 3.201556 11.694545 -1.880235
vertex 3.782800 11.694545 -2.719409
vertex 3.245846 10.859221 -1.671047
endloop
endfacet
facet normal -0.734207 -0.233710 -0.637432
outer loop
vertex 4.442856 11.694545 -3.498115
vertex 4.499789 10.859221 -3.257426
vertex 3.836246 10.859221 -2.493144
endloop
endfacet
facet normal -0.744391 -0.218539 -0.630969
outer loop
vertex 3.782800 11.694545 -2.719409
vertex 4.442856 11.694545 -3.498115
vertex 3.836246 10.859221 -2.493144
endloop
endfacet
facet normal -0.680061 -0.219295 -0.699590
outer loop
vertex 5.191700 11.694545 -4.191866
vertex 5.225533 10.859221 -3.962911
vertex 4.499789 10.859221 -3.257426
endloop
endfacet
facet normal -0.658106 -0.249540 -0.710370
outer loop
vertex 4.442856 11.694545 -3.498115
vertex 5.191700 11.694545 -4.191866
vertex 4.499789 10.859221 -3.257426
endloop
endfacet
facet normal -0.629235 -0.136530 -0.765129
outer loop
vertex 6.030361 11.694545 -4.773850
vertex 6.007267 10.859221 -4.605802
vertex 5.225533 10.859221 -3.962911
endloop
endfacet
facet normal -0.553321 -0.240959 -0.797355
outer loop
vertex 5.191700 11.694545 -4.191866
vertex 6.030361 11.694545 -4.773850
vertex 5.225533 10.859221 -3.962911
endloop
endfacet
facet normal -0.548033 -0.031748 -0.835854
outer loop
vertex 6.935389 11.694545 -5.246059
vertex 6.853690 10.859221 -5.160764
vertex 6.007267 10.859221 -4.605802
endloop
endfacet
facet normal -0.456369 -0.163346 -0.874669
outer loop
vertex 6.030361 11.694545 -4.773850
vertex 6.935389 11.694545 -5.246059
vertex 6.007267 10.859221 -4.605802
endloop
endfacet
facet normal -0.337553 0.288608 -0.895971
outer loop
vertex 7.954417 11.694545 -5.306385
vertex 7.800836 10.859221 -5.517597
vertex 6.853690 10.859221 -5.160764
endloop
endfacet
facet normal -0.058824 -0.095710 -0.993670
outer loop
vertex 6.935389 11.694545 -5.246059
vertex 7.954417 11.694545 -5.306385
vertex 6.853690 10.859221 -5.160764
endloop
endfacet
facet normal 0.206245 0.484195 -0.850305
outer loop
vertex 8.835549 11.694545 -4.790959
vertex 8.784449 10.859221 -5.279018
vertex 7.800836 10.859221 -5.517597
endloop
endfacet
facet normal 0.500993 0.124444 -0.856458
outer loop
vertex 7.954417 11.694545 -5.306385
vertex 8.835549 11.694545 -4.790959
vertex 7.800836 10.859221 -5.517597
endloop
endfacet
facet normal 0.415379 0.541090 -0.731219
outer loop
vertex 9.646631 11.694545 -4.171118
vertex 9.664501 10.859221 -4.779093
vertex 8.784449 10.859221 -5.279018
endloop
endfacet
facet normal 0.558408 0.392767 -0.730695
outer loop
vertex 8.835549 11.694545 -4.790959
vertex 9.646631 11.694545 -4.171118
vertex 8.784449 10.859221 -5.279018
endloop
endfacet
facet normal 0.422292 0.558919 -0.713638
outer loop
vertex 10.509121 11.694545 -3.625070
vertex 10.535555 10.859221 -4.263651
vertex 9.664501 10.859221 -4.779093
endloop
endfacet
facet normal 0.453324 0.530847 -0.716030
outer loop
vertex 9.646631 11.694545 -4.171118
vertex 10.509121 11.694545 -3.625070
vertex 9.664501 10.859221 -4.779093
endloop
endfacet
facet normal 0.261069 0.611067 -0.747288
outer loop
vertex 11.461333 11.694545 -3.257170
vertex 11.491058 10.859221 -3.929841
vertex 10.535555 10.859221 -4.263651
endloop
endfacet
facet normal 0.291852 0.586703 -0.755382
outer loop
vertex 10.509121 11.694545 -3.625070
vertex 11.461333 11.694545 -3.257170
vertex 10.535555 10.859221 -4.263651
endloop
endfacet
facet normal 0.088209 0.619163 -0.780293
outer loop
vertex 12.477074 11.694545 -3.155545
vertex 12.496786 10.859221 -3.816147
vertex 11.491058 10.859221 -3.929841
endloop
endfacet
facet normal 0.077555 0.626984 -0.775162
outer loop
vertex 11.461333 11.694545 -3.257170
vertex 12.477074 11.694545 -3.155545
vertex 11.491058 10.859221 -3.929841
endloop
endfacet
facet normal -0.378936 0.624763 -0.682699
outer loop
vertex 13.413993 11.694545 -3.560811
vertex 13.381738 10.859221 -4.307344
vertex 12.496786 10.859221 -3.816147
endloop
endfacet
facet normal -0.322721 0.582414 -0.746087
outer loop
vertex 12.477074 11.694545 -3.155545
vertex 13.413993 11.694545 -3.560811
vertex 12.496786 10.859221 -3.816147
endloop
endfacet
facet normal -0.403130 0.589221 -0.700218
outer loop
vertex 14.270540 11.694545 -4.116135
vertex 14.258890 10.859221 -4.812339
vertex 13.381738 10.859221 -4.307344
endloop
endfacet
facet normal -0.430842 0.610540 -0.664542
outer loop
vertex 13.413993 11.694545 -3.560811
vertex 14.270540 11.694545 -4.116135
vertex 13.381738 10.859221 -4.307344
endloop
endfacet
facet normal -0.374778 0.518856 -0.768329
outer loop
vertex 15.126952 11.694545 -4.671666
vertex 15.168572 10.859221 -5.256067
vertex 14.258890 10.859221 -4.812339
endloop
endfacet
facet normal -0.444402 0.577192 -0.685095
outer loop
vertex 14.270540 11.694545 -4.116135
vertex 15.126952 11.694545 -4.671666
vertex 14.258890 10.859221 -4.812339
endloop
endfacet
facet normal -0.219679 0.326264 -0.919398
outer loop
vertex 16.021503 11.694545 -5.163435
vertex 16.152996 10.859221 -5.491282
vertex 15.168572 10.859221 -5.256067
endloop
endfacet
facet normal -0.415078 0.507556 -0.755048
outer loop
vertex 15.126952 11.694545 -4.671666
vertex 16.021503 11.694545 -5.163435
vertex 15.168572 10.859221 -5.256067
endloop
endfacet
facet normal 0.331317 0.016487 -0.943376
outer loop
vertex 17.042315 11.694545 -5.164352
vertex 17.107948 10.859221 -5.155900
vertex 16.152996 10.859221 -5.491282
endloop
endfacet
facet normal -0.000836 0.365233 -0.930916
outer loop
vertex 16.021503 11.694545 -5.163435
vertex 17.042315 11.694545 -5.164352
vertex 16.152996 10.859221 -5.491282
endloop
endfacet
facet normal 0.558503 -0.141593 -0.817329
outer loop
vertex 17.960417 11.694545 -4.718095
vertex 17.943613 10.859221 -4.584867
vertex 17.107948 10.859221 -5.155900
endloop
endfacet
facet normal 0.437020 0.025240 -0.899098
outer loop
vertex 17.042315 11.694545 -5.164352
vertex 17.960417 11.694545 -4.718095
vertex 17.107948 10.859221 -5.155900
endloop
endfacet
facet normal 0.586385 -0.232059 -0.776081
outer loop
vertex 18.822146 11.694545 -4.170845
vertex 18.751156 10.859221 -3.974710
vertex 17.943613 10.859221 -4.584867
endloop
endfacet
facet normal 0.530512 -0.143907 -0.835373
outer loop
vertex 17.960417 11.694545 -4.718095
vertex 18.822146 11.694545 -4.170845
vertex 17.943613 10.859221 -4.584867
endloop
endfacet
facet normal 0.628972 -0.243022 -0.738468
outer loop
vertex 19.608240 11.694545 -3.519606
vertex 19.521684 10.859221 -3.318432
vertex 18.751156 10.859221 -3.974710
endloop
endfacet
facet normal 0.621040 -0.228796 -0.749641
outer loop
vertex 18.822146 11.694545 -4.170845
vertex 19.608240 11.694545 -3.519606
vertex 18.751156 10.859221 -3.974710
endloop
endfacet
facet normal 0.705120 -0.239605 -0.667379
outer loop
vertex 20.313574 11.694545 -2.781662
vertex 20.217428 10.859221 -2.583343
vertex 19.521684 10.859221 -3.318432
endloop
endfacet
facet normal 0.702728 -0.234578 -0.671674
outer loop
vertex 19.608240 11.694545 -3.519606
vertex 20.313574 11.694545 -2.781662
vertex 19.521684 10.859221 -3.318432
endloop
endfacet
facet normal 0.793403 -0.204853 -0.573191
outer loop
vertex 20.895664 11.694545 -1.943075
vertex 20.810144 10.859221 -1.762914
vertex 20.217428 10.859221 -2.583343
endloop
endfacet
facet normal 0.800599 -0.224086 -0.555722
outer loop
vertex 20.313574 11.694545 -2.781662
vertex 20.895664 11.694545 -1.943075
vertex 20.217428 10.859221 -2.583343
endloop
endfacet
facet normal 0.878300 -0.176842 -0.444202
outer loop
vertex 21.349632 11.694545 -1.028760
vertex 21.266935 10.859221 -0.859721
vertex 20.810144 10.859221 -1.762914
endloop
endfacet
facet normal 0.880314 -0.184396 -0.437087
outer loop
vertex 20.895664 11.694545 -1.943075
vertex 21.349632 11.694545 -1.028760
vertex 20.810144 10.859221 -1.762914
endloop
endfacet
facet normal 0.728304 -0.204456 -0.654041
outer loop
vertex 21.349632 11.694545 -1.028760
vertex 22.031694 11.694545 -0.269254
vertex 21.266935 10.859221 -0.859721
endloop
endfacet
facet normal -0.703326 0.225037 -0.674308
outer loop
vertex 2.832132 12.529870 -0.820742
vertex 2.718472 11.694545 -0.980964
vertex 2.012010 11.694545 -0.244100
endloop
endfacet
facet normal -0.863307 0.199055 -0.463765
outer loop
vertex 3.321305 12.529870 -1.744614
vertex 3.201556 11.694545 -1.880235
vertex 2.718472 11.694545 -0.980964
endloop
endfacet
facet normal -0.864897 0.205522 -0.457946
outer loop
vertex 2.832132 12.529870 -0.820742
vertex 3.321305 12.529870 -1.744614
vertex 2.718472 11.694545 -0.980964
endloop
endfacet
facet normal -0.809534 0.173943 -0.560713
outer loop
vertex 3.893213 12.529870 -2.619687
vertex 3.782800 11.694545 -2.719409
vertex 3.201556 11.694545 -1.880235
endloop
endfacet
facet normal -0.819406 0.204412 -0.535527
outer loop
vertex 3.321305 12.529870 -1.744614
vertex 3.893213 12.529870 -2.619687
vertex 3.201556 11.694545 -1.880235
endloop
endfacet
facet normal -0.756504 0.128521 -0.641236
outer loop
vertex 4.537793 12.529870 -3.442697
vertex 4.442856 11.694545 -3.498115
vertex 3.782800 11.694545 -2.719409
endloop
endfacet
facet normal -0.775140 0.174933 -0.607088
outer loop
vertex 3.893213 12.529870 -2.619687
vertex 4.537793 12.529870 -3.442697
vertex 3.782800 11.694545 -2.719409
endloop
endfacet
facet normal -0.676787 0.090993 -0.730534
outer loop
vertex 5.284766 12.529870 -4.174039
vertex 5.191700 11.694545 -4.191866
vertex 4.442856 11.694545 -3.498115
endloop
endfacet
facet normal -0.694024 0.125906 -0.708857
outer loop
vertex 4.537793 12.529870 -3.442697
vertex 5.284766 12.529870 -4.174039
vertex 4.442856 11.694545 -3.498115
endloop
endfacet
facet normal -0.570114 0.004032 -0.821556
outer loop
vertex 6.105308 12.529870 -4.821760
vertex 6.030361 11.694545 -4.773850
vertex 5.191700 11.694545 -4.191866
endloop
endfacet
facet normal -0.617333 0.085468 -0.782046
outer loop
vertex 5.284766 12.529870 -4.174039
vertex 6.105308 12.529870 -4.821760
vertex 5.191700 11.694545 -4.191866
endloop
endfacet
facet normal -0.462152 -0.043113 -0.885752
outer loop
vertex 7.018720 12.529870 -5.330197
vertex 6.935389 11.694545 -5.246059
vertex 6.030361 11.694545 -4.773850
endloop
endfacet
facet normal -0.486353 -0.006477 -0.873738
outer loop
vertex 6.105308 12.529870 -4.821760
vertex 7.018720 12.529870 -5.330197
vertex 6.030361 11.694545 -4.773850
endloop
endfacet
facet normal -0.056507 0.292749 -0.954518
outer loop
vertex 8.027094 12.529870 -5.054495
vertex 7.954417 11.694545 -5.306385
vertex 6.935389 11.694545 -5.246059
endloop
endfacet
facet normal 0.261745 -0.122538 -0.957326
outer loop
vertex 7.018720 12.529870 -5.330197
vertex 8.027094 12.529870 -5.054495
vertex 6.935389 11.694545 -5.246059
endloop
endfacet
facet normal 0.466181 0.384122 -0.796948
outer loop
vertex 8.833656 12.529870 -4.389447
vertex 8.835549 11.694545 -4.790959
vertex 7.954417 11.694545 -5.306385
endloop
endfacet
facet normal 0.626404 0.174584 -0.759696
outer loop
vertex 8.027094 12.529870 -5.054495
vertex 8.833656 12.529870 -4.389447
vertex 7.954417 11.694545 -5.306385
endloop
endfacet
facet normal 0.558114 0.393896 -0.730311
outer loop
vertex 9.640766 12.529870 -3.725065
vertex 9.646631 11.694545 -4.171118
vertex 8.835549 11.694545 -4.790959
endloop
endfacet
facet normal 0.595552 0.349108 -0.723493
outer loop
vertex 8.833656 12.529870 -4.389447
vertex 9.640766 12.529870 -3.725065
vertex 8.835549 11.694545 -4.790959
endloop
endfacet
facet normal 0.464779 0.495019 -0.734123
outer loop
vertex 10.469001 12.529870 -3.087212
vertex 10.509121 11.694545 -3.625070
vertex 9.646631 11.694545 -4.171118
endloop
endfacet
facet normal 0.561074 0.392971 -0.728539
outer loop
vertex 9.640766 12.529870 -3.725065
vertex 10.469001 12.529870 -3.087212
vertex 9.646631 11.694545 -4.171118
endloop
endfacet
facet normal 0.262821 0.684248 -0.680243
outer loop
vertex 11.315199 12.529870 -2.473388
vertex 11.461333 11.694545 -3.257170
vertex 10.509121 11.694545 -3.625070
endloop
endfacet
facet normal 0.514621 0.481519 -0.709440
outer loop
vertex 10.469001 12.529870 -3.087212
vertex 11.315199 12.529870 -2.473388
vertex 10.509121 11.694545 -3.625070
endloop
endfacet
facet normal 0.073500 0.674474 -0.734631
outer loop
vertex 12.358042 12.529870 -2.400531
vertex 12.477074 11.694545 -3.155545
vertex 11.461333 11.694545 -3.257170
endloop
endfacet
facet normal 0.050574 0.688065 -0.723884
outer loop
vertex 11.315199 12.529870 -2.473388
vertex 12.358042 12.529870 -2.400531
vertex 11.461333 11.694545 -3.257170
endloop
endfacet
facet normal -0.315494 0.607017 -0.729379
outer loop
vertex 13.314451 12.529870 -2.822565
vertex 13.413993 11.694545 -3.560811
vertex 12.477074 11.694545 -3.155545
endloop
endfacet
facet normal -0.319965 0.609794 -0.725102
outer loop
vertex 12.358042 12.529870 -2.400531
vertex 13.314451 12.529870 -2.822565
vertex 12.477074 11.694545 -3.155545
endloop
endfacet
facet normal -0.467190 0.512310 -0.720605
outer loop
vertex 14.153369 12.529870 -3.446300
vertex 14.270540 11.694545 -4.116135
vertex 13.413993 11.694545 -3.560811
endloop
endfacet
facet normal -0.502973 0.537936 -0.676493
outer loop
vertex 13.314451 12.529870 -2.822565
vertex 14.153369 12.529870 -3.446300
vertex 13.413993 11.694545 -3.560811
endloop
endfacet
facet normal -0.483634 0.458493 -0.745575
outer loop
vertex 14.991990 12.529870 -4.070435
vertex 15.126952 11.694545 -4.671666
vertex 14.270540 11.694545 -4.116135
endloop
endfacet
facet normal -0.521022 0.488295 -0.700074
outer loop
vertex 14.153369 12.529870 -3.446300
vertex 14.991990 12.529870 -4.070435
vertex 14.270540 11.694545 -4.116135
endloop
endfacet
facet normal -0.450581 0.353816 -0.819629
outer loop
vertex 15.828848 12.529870 -4.696933
vertex 16.021503 11.694545 -5.163435
vertex 15.126952 11.694545 -4.671666
endloop
endfacet
facet normal -0.540417 0.432259 -0.721874
outer loop
vertex 14.991990 12.529870 -4.070435
vertex 15.828848 12.529870 -4.696933
vertex 15.126952 11.694545 -4.671666
endloop
endfacet
facet normal -0.000897 0.061867 -0.998084
outer loop
vertex 16.788151 12.529870 -5.112345
vertex 17.042315 11.694545 -5.164352
vertex 16.021503 11.694545 -5.163435
endloop
endfacet
facet normal -0.366266 0.387884 -0.845810
outer loop
vertex 15.828848 12.529870 -4.696933
vertex 16.788151 12.529870 -5.112345
vertex 16.021503 11.694545 -5.163435
endloop
endfacet
facet normal 0.430345 0.175872 -0.885366
outer loop
vertex 17.732102 12.529870 -4.663139
vertex 17.960417 11.694545 -4.718095
vertex 17.042315 11.694545 -5.164352
endloop
endfacet
facet normal 0.422385 0.183779 -0.887590
outer loop
vertex 16.788151 12.529870 -5.112345
vertex 17.732102 12.529870 -4.663139
vertex 17.042315 11.694545 -5.164352
endloop
endfacet
facet normal 0.521534 0.231464 -0.821235
outer loop
vertex 18.598153 12.529870 -4.077659
vertex 18.822146 11.694545 -4.170845
vertex 17.960417 11.694545 -4.718095
endloop
endfacet
facet normal 0.548371 0.203249 -0.811159
outer loop
vertex 17.732102 12.529870 -4.663139
vertex 18.598153 12.529870 -4.077659
vertex 17.960417 11.694545 -4.718095
endloop
endfacet
facet normal 0.623644 0.210678 -0.752784
outer loop
vertex 19.424823 12.529870 -3.437780
vertex 19.608240 11.694545 -3.519606
vertex 18.822146 11.694545 -4.170845
endloop
endfacet
facet normal 0.593494 0.244681 -0.766744
outer loop
vertex 18.598153 12.529870 -4.077659
vertex 19.424823 12.529870 -3.437780
vertex 18.822146 11.694545 -4.170845
endloop
endfacet
facet normal 0.706889 0.209291 -0.675651
outer loop
vertex 20.154579 12.529870 -2.689256
vertex 20.313574 11.694545 -2.781662
vertex 19.608240 11.694545 -3.519606
endloop
endfacet
facet normal 0.698472 0.220072 -0.680959
outer loop
vertex 19.424823 12.529870 -3.437780
vertex 20.154579 12.529870 -2.689256
vertex 19.608240 11.694545 -3.519606
endloop
endfacet
facet normal 0.805451 0.196638 -0.559090
outer loop
vertex 20.763574 12.529870 -1.839577
vertex 20.895664 11.694545 -1.943075
vertex 20.313574 11.694545 -2.781662
endloop
endfacet
facet normal 0.793949 0.214070 -0.569051
outer loop
vertex 20.154579 12.529870 -2.689256
vertex 20.763574 12.529870 -1.839577
vertex 20.313574 11.694545 -2.781662
endloop
endfacet
facet normal 0.878873 0.192777 -0.436371
outer loop
vertex 21.228673 12.529870 -0.903354
vertex 21.349632 11.694545 -1.028760
vertex 20.895664 11.694545 -1.943075
endloop
endfacet
facet normal 0.878731 0.193042 -0.436539
outer loop
vertex 20.763574 12.529870 -1.839577
vertex 21.228673 12.529870 -0.903354
vertex 20.895664 11.694545 -1.943075
endloop
endfacet
facet normal 0.732928 0.172039 -0.658194
outer loop
vertex 21.947665 12.529870 -0.144486
vertex 22.031694 11.694545 -0.269254
vertex 21.349632 11.694545 -1.028760
endloop
endfacet
facet normal 0.710658 0.203990 -0.673315
outer loop
vertex 21.228673 12.529870 -0.903354
vertex 21.947665 12.529870 -0.144486
vertex 21.349632 11.694545 -1.028760
endloop
endfacet
facet normal -0.864365 0.208364 -0.457664
outer loop
vertex 3.529719 13.365195 -1.757930
vertex 3.321305 12.529870 -1.744614
vertex 2.832132 12.529870 -0.820742
endloop
endfacet
facet normal -0.842618 0.112930 -0.526538
outer loop
vertex 2.950853 13.365195 -0.831573
vertex 3.529719 13.365195 -1.757930
vertex 2.832132 12.529870 -0.820742
endloop
endfacet
facet normal -0.828765 0.140609 -0.541644
outer loop
vertex 4.086095 13.365195 -2.697965
vertex 3.893213 12.529870 -2.619687
vertex 3.321305 12.529870 -1.744614
endloop
endfacet
facet normal -0.842768 0.202320 -0.498807
outer loop
vertex 3.529719 13.365195 -1.757930
vertex 4.086095 13.365195 -2.697965
vertex 3.321305 12.529870 -1.744614
endloop
endfacet
facet normal -0.771522 0.199076 -0.604254
outer loop
vertex 4.810439 13.365195 -3.515612
vertex 4.537793 12.529870 -3.442697
vertex 3.893213 12.529870 -2.619687
endloop
endfacet
facet normal -0.743979 0.110027 -0.659082
outer loop
vertex 4.086095 13.365195 -2.697965
vertex 4.810439 13.365195 -3.515612
vertex 3.893213 12.529870 -2.619687
endloop
endfacet
facet normal -0.690704 0.158891 -0.705466
outer loop
vertex 5.588019 13.365195 -4.282808
vertex 5.284766 12.529870 -4.174039
vertex 4.537793 12.529870 -3.442697
endloop
endfacet
facet normal -0.692732 0.164818 -0.702109
outer loop
vertex 4.810439 13.365195 -3.515612
vertex 5.588019 13.365195 -4.282808
vertex 4.537793 12.529870 -3.442697
endloop
endfacet
facet normal -0.615599 0.113456 -0.779850
outer loop
vertex 6.440984 13.365195 -4.965210
vertex 6.105308 12.529870 -4.821760
vertex 5.284766 12.529870 -4.174039
endloop
endfacet
facet normal -0.619879 0.124149 -0.774814
outer loop
vertex 5.588019 13.365195 -4.282808
vertex 6.440984 13.365195 -4.965210
vertex 5.284766 12.529870 -4.174039
endloop
endfacet
facet normal -0.397189 0.577131 -0.713554
outer loop
vertex 7.533060 13.365195 -4.940876
vertex 7.018720 12.529870 -5.330197
vertex 6.105308 12.529870 -4.821760
endloop
endfacet
facet normal 0.021922 -0.177763 -0.983829
outer loop
vertex 6.440984 13.365195 -4.965210
vertex 7.533060 13.365195 -4.940876
vertex 6.105308 12.529870 -4.821760
endloop
endfacet
facet normal 0.206678 0.621183 -0.755920
outer loop
vertex 8.393472 13.365195 -4.267888
vertex 8.027094 12.529870 -5.054495
vertex 7.018720 12.529870 -5.330197
endloop
endfacet
facet normal 0.616048 -0.012239 -0.787614
outer loop
vertex 7.533060 13.365195 -4.940876
vertex 8.393472 13.365195 -4.267888
vertex 7.018720 12.529870 -5.330197
endloop
endfacet
facet normal 0.586512 0.387344 -0.711315
outer loop
vertex 9.250630 13.365195 -3.590760
vertex 8.833656 12.529870 -4.389447
vertex 8.027094 12.529870 -5.054495
endloop
endfacet
facet normal 0.561646 0.423167 -0.710973
outer loop
vertex 8.393472 13.365195 -4.267888
vertex 9.250630 13.365195 -3.590760
vertex 8.027094 12.529870 -5.054495
endloop
endfacet
facet normal 0.583276 0.397120 -0.708580
outer loop
vertex 10.087730 13.365195 -2.888988
vertex 9.640766 12.529870 -3.725065
vertex 8.833656 12.529870 -4.389447
endloop
endfacet
facet normal 0.594000 0.380957 -0.708545
outer loop
vertex 9.250630 13.365195 -3.590760
vertex 10.087730 13.365195 -2.888988
vertex 8.833656 12.529870 -4.389447
endloop
endfacet
facet normal 0.503751 0.564250 -0.654107
outer loop
vertex 10.830614 13.365195 -2.088148
vertex 10.469001 12.529870 -3.087212
vertex 9.640766 12.529870 -3.725065
endloop
endfacet
facet normal 0.704426 0.277113 -0.653447
outer loop
vertex 10.087730 13.365195 -2.888988
vertex 10.830614 13.365195 -2.088148
vertex 9.640766 12.529870 -3.725065
endloop
endfacet
facet normal 0.364413 0.784110 -0.502369
outer loop
vertex 11.363465 13.365195 -1.134580
vertex 11.315199 12.529870 -2.473388
vertex 10.469001 12.529870 -3.087212
endloop
endfacet
facet normal 0.855081 0.201313 -0.477817
outer loop
vertex 10.830614 13.365195 -2.088148
vertex 11.363465 13.365195 -1.134580
vertex 10.469001 12.529870 -3.087212
endloop
endfacet
facet normal 0.031190 0.894268 -0.446444
outer loop
vertex 12.376525 13.365195 -0.726008
vertex 12.358042 12.529870 -2.400531
vertex 11.315199 12.529870 -2.473388
endloop
endfacet
facet normal 0.210890 0.825892 -0.522903
outer loop
vertex 11.363465 13.365195 -1.134580
vertex 12.376525 13.365195 -0.726008
vertex 11.315199 12.529870 -2.473388
endloop
endfacet
facet normal -0.265150 0.754082 -0.600880
outer loop
vertex 12.988860 13.365195 -1.630589
vertex 13.314451 12.529870 -2.822565
vertex 12.358042 12.529870 -2.400531
endloop
endfacet
facet normal -0.545529 0.752349 -0.369283
outer loop
vertex 12.376525 13.365195 -0.726008
vertex 12.988860 13.365195 -1.630589
vertex 12.358042 12.529870 -2.400531
endloop
endfacet
facet normal -0.527722 0.466605 -0.709781
outer loop
vertex 13.634718 13.365195 -2.511548
vertex 14.153369 12.529870 -3.446300
vertex 13.314451 12.529870 -2.822565
endloop
endfacet
facet normal -0.712777 0.467847 -0.522560
outer loop
vertex 12.988860 13.365195 -1.630589
vertex 13.634718 13.365195 -2.511548
vertex 13.314451 12.529870 -2.822565
endloop
endfacet
facet normal -0.563006 0.332796 -0.756486
outer loop
vertex 14.416392 13.365195 -3.274573
vertex 14.991990 12.529870 -4.070435
vertex 14.153369 12.529870 -3.446300
endloop
endfacet
facet normal -0.655740 0.344579 -0.671766
outer loop
vertex 13.634718 13.365195 -2.511548
vertex 14.416392 13.365195 -3.274573
vertex 14.153369 12.529870 -3.446300
endloop
endfacet
facet normal -0.573627 0.289547 -0.766234
outer loop
vertex 15.266623 13.365195 -3.960379
vertex 15.828848 12.529870 -4.696933
vertex 14.991990 12.529870 -4.070435
endloop
endfacet
facet normal -0.599850 0.295195 -0.743667
outer loop
vertex 14.416392 13.365195 -3.274573
vertex 15.266623 13.365195 -3.960379
vertex 14.991990 12.529870 -4.070435
endloop
endfacet
facet normal -0.380773 0.286051 -0.879310
outer loop
vertex 16.170822 13.365195 -4.573278
vertex 16.788151 12.529870 -5.112345
vertex 15.828848 12.529870 -4.696933
endloop
endfacet
facet normal -0.529214 0.332230 -0.780740
outer loop
vertex 15.266623 13.365195 -3.960379
vertex 16.170822 13.365195 -4.573278
vertex 15.828848 12.529870 -4.696933
endloop
endfacet
facet normal 0.420967 0.200633 -0.884609
outer loop
vertex 17.255750 13.365195 -4.700370
vertex 17.732102 12.529870 -4.663139
vertex 16.788151 12.529870 -5.112345
endloop
endfacet
facet normal -0.101732 0.485253 -0.868436
outer loop
vertex 16.170822 13.365195 -4.573278
vertex 17.255750 13.365195 -4.700370
vertex 16.788151 12.529870 -5.112345
endloop
endfacet
facet normal 0.543396 0.242133 -0.803799
outer loop
vertex 18.175810 13.365195 -4.111548
vertex 18.598153 12.529870 -4.077659
vertex 17.732102 12.529870 -4.663139
endloop
endfacet
facet normal 0.520427 0.260534 -0.813190
outer loop
vertex 17.255750 13.365195 -4.700370
vertex 18.175810 13.365195 -4.111548
vertex 17.732102 12.529870 -4.663139
endloop
endfacet
facet normal 0.579880 0.320161 -0.749157
outer loop
vertex 19.007730 13.365195 -3.403643
vertex 19.424823 12.529870 -3.437780
vertex 18.598153 12.529870 -4.077659
endloop
endfacet
facet normal 0.621279 0.284500 -0.730118
outer loop
vertex 18.175810 13.365195 -4.111548
vertex 19.007730 13.365195 -3.403643
vertex 18.598153 12.529870 -4.077659
endloop
endfacet
facet normal 0.676860 0.326202 -0.659889
outer loop
vertex 19.794402 13.365195 -2.645771
vertex 20.154579 12.529870 -2.689256
vertex 19.424823 12.529870 -3.437780
endloop
endfacet
facet normal 0.649443 0.351828 -0.674122
outer loop
vertex 19.007730 13.365195 -3.403643
vertex 19.794402 13.365195 -2.645771
vertex 19.424823 12.529870 -3.437780
endloop
endfacet
facet normal 0.787042 0.249712 -0.564101
outer loop
vertex 20.511384 13.365195 -1.821661
vertex 20.763574 12.529870 -1.839577
vertex 20.154579 12.529870 -2.689256
endloop
endfacet
facet normal 0.709963 0.338278 -0.617673
outer loop
vertex 19.794402 13.365195 -2.645771
vertex 20.511384 13.365195 -1.821661
vertex 20.154579 12.529870 -2.689256
endloop
endfacet
facet normal 0.889570 0.115626 -0.441923
outer loop
vertex 21.115888 13.365195 -0.911828
vertex 21.228673 12.529870 -0.903354
vertex 20.763574 12.529870 -1.839577
endloop
endfacet
facet normal 0.805457 0.254651 -0.535156
outer loop
vertex 20.511384 13.365195 -1.821661
vertex 21.115888 13.365195 -0.911828
vertex 20.763574 12.529870 -1.839577
endloop
endfacet
facet normal -0.836411 0.165053 -0.522660
outer loop
vertex 3.628967 14.200519 -1.652967
vertex 3.529719 13.365195 -1.757930
vertex 2.950853 13.365195 -0.831573
endloop
endfacet
facet normal -0.835090 0.160528 -0.526171
outer loop
vertex 3.041071 14.200519 -0.719912
vertex 3.628967 14.200519 -1.652967
vertex 2.950853 13.365195 -0.831573
endloop
endfacet
facet normal -0.855837 0.104681 -0.506542
outer loop
vertex 4.146236 14.200519 -2.626952
vertex 4.086095 13.365195 -2.697965
vertex 3.529719 13.365195 -1.757930
endloop
endfacet
facet normal -0.871551 0.161715 -0.462868
outer loop
vertex 3.628967 14.200519 -1.652967
vertex 4.146236 14.200519 -2.626952
vertex 3.529719 13.365195 -1.757930
endloop
endfacet
facet normal -0.737084 0.174159 -0.652974
outer loop
vertex 4.918236 14.200519 -3.414499
vertex 4.810439 13.365195 -3.515612
vertex 4.086095 13.365195 -2.697965
endloop
endfacet
facet normal -0.709767 0.110250 -0.695755
outer loop
vertex 4.146236 14.200519 -2.626952
vertex 4.918236 14.200519 -3.414499
vertex 4.086095 13.365195 -2.697965
endloop
endfacet
facet normal -0.671787 0.291728 -0.680880
outer loop
vertex 5.774771 14.200519 -4.109165
vertex 5.588019 13.365195 -4.282808
vertex 4.810439 13.365195 -3.515612
endloop
endfacet
facet normal -0.620438 0.172668 -0.765011
outer loop
vertex 4.918236 14.200519 -3.414499
vertex 5.774771 14.200519 -4.109165
vertex 4.810439 13.365195 -3.515612
endloop
endfacet
facet normal -0.558959 0.446572 -0.698668
outer loop
vertex 6.729126 14.200519 -4.661814
vertex 6.440984 13.365195 -4.965210
vertex 5.588019 13.365195 -4.282808
endloop
endfacet
facet normal -0.481045 0.280229 -0.830703
outer loop
vertex 5.774771 14.200519 -4.109165
vertex 6.729126 14.200519 -4.661814
vertex 5.588019 13.365195 -4.282808
endloop
endfacet
facet normal 0.018317 0.569152 -0.822028
outer loop
vertex 7.788932 14.200519 -4.356816
vertex 7.533060 13.365195 -4.940876
vertex 6.440984 13.365195 -4.965210
endloop
endfacet
facet normal 0.268073 0.245857 -0.931499
outer loop
vertex 6.729126 14.200519 -4.661814
vertex 7.788932 14.200519 -4.356816
vertex 6.440984 13.365195 -4.965210
endloop
endfacet
facet normal 0.578439 0.344242 -0.739531
outer loop
vertex 8.655207 14.200519 -3.674334
vertex 8.393472 13.365195 -4.267888
vertex 7.533060 13.365195 -4.940876
endloop
endfacet
facet normal 0.582332 0.338440 -0.739154
outer loop
vertex 7.788932 14.200519 -4.356816
vertex 8.655207 14.200519 -3.674334
vertex 7.533060 13.365195 -4.940876
endloop
endfacet
facet normal 0.575377 0.372077 -0.728354
outer loop
vertex 9.500812 14.200519 -2.966402
vertex 9.250630 13.365195 -3.590760
vertex 8.393472 13.365195 -4.267888
endloop
endfacet
facet normal 0.607072 0.325038 -0.725131
outer loop
vertex 8.655207 14.200519 -3.674334
vertex 9.500812 14.200519 -2.966402
vertex 8.393472 13.365195 -4.267888
endloop
endfacet
facet normal 0.559938 0.490266 -0.667914
outer loop
vertex 10.240117 14.200519 -2.148086
vertex 10.087730 13.365195 -2.888988
vertex 9.250630 13.365195 -3.590760
endloop
endfacet
facet normal 0.714756 0.268586 -0.645744
outer loop
vertex 9.500812 14.200519 -2.966402
vertex 10.240117 14.200519 -2.148086
vertex 9.250630 13.365195 -3.590760
endloop
endfacet
facet normal 0.610709 0.553262 -0.566512
outer loop
vertex 10.862679 14.200519 -1.237794
vertex 10.830614 13.365195 -2.088148
vertex 10.087730 13.365195 -2.888988
endloop
endfacet
facet normal 0.779051 0.330455 -0.532804
outer loop
vertex 10.240117 14.200519 -2.148086
vertex 10.862679 14.200519 -1.237794
vertex 10.087730 13.365195 -2.888988
endloop
endfacet
facet normal 0.810007 0.372848 -0.452630
outer loop
vertex 11.444723 14.200519 -0.301077
vertex 11.363465 13.365195 -1.134580
vertex 10.830614 13.365195 -2.088148
endloop
endfacet
facet normal 0.758290 0.450545 -0.471176
outer loop
vertex 10.862679 14.200519 -1.237794
vertex 11.444723 14.200519 -0.301077
vertex 10.830614 13.365195 -2.088148
endloop
endfacet
facet normal 0.318421 0.524646 -0.789528
outer loop
vertex 12.530648 14.200519 -0.108771
vertex 12.376525 13.365195 -0.726008
vertex 11.363465 13.365195 -1.134580
endloop
endfacet
facet normal 0.125444 0.694614 -0.708361
outer loop
vertex 11.444723 14.200519 -0.301077
vertex 12.530648 14.200519 -0.108771
vertex 11.363465 13.365195 -1.134580
endloop
endfacet
facet normal -0.737721 0.454296 -0.499383
outer loop
vertex 13.108814 14.200519 -1.047887
vertex 12.988860 13.365195 -1.630589
vertex 12.376525 13.365195 -0.726008
endloop
endfacet
facet normal -0.747877 0.478209 -0.460430
outer loop
vertex 12.530648 14.200519 -0.108771
vertex 13.108814 14.200519 -1.047887
vertex 12.376525 13.365195 -0.726008
endloop
endfacet
facet normal -0.737658 0.404222 -0.540801
outer loop
vertex 13.701316 14.200519 -1.978024
vertex 13.634718 13.365195 -2.511548
vertex 12.988860 13.365195 -1.630589
endloop
endfacet
facet normal -0.755611 0.444270 -0.481328
outer loop
vertex 13.108814 14.200519 -1.047887
vertex 13.701316 14.200519 -1.978024
vertex 12.988860 13.365195 -1.630589
endloop
endfacet
facet normal -0.663079 0.314482 -0.679284
outer loop
vertex 14.377122 14.200519 -2.849517
vertex 14.416392 13.365195 -3.274573
vertex 13.634718 13.365195 -2.511548
endloop
endfacet
facet normal -0.719448 0.413692 -0.557901
outer loop
vertex 13.701316 14.200519 -1.978024
vertex 14.377122 14.200519 -2.849517
vertex 13.634718 13.365195 -2.511548
endloop
endfacet
facet normal -0.592195 0.332101 -0.734176
outer loop
vertex 15.227867 14.200519 -3.551263
vertex 15.266623 13.365195 -3.960379
vertex 14.416392 13.365195 -3.274573
endloop
endfacet
facet normal -0.598202 0.340905 -0.725216
outer loop
vertex 14.377122 14.200519 -2.849517
vertex 15.227867 14.200519 -3.551263
vertex 14.416392 13.365195 -3.274573
endloop
endfacet
facet normal -0.531006 0.323023 -0.783383
outer loop
vertex 16.122520 14.200519 -4.196096
vertex 16.170822 13.365195 -4.573278
vertex 15.266623 13.365195 -3.960379
endloop
endfacet
facet normal -0.548346 0.347167 -0.760784
outer loop
vertex 15.227867 14.200519 -3.551263
vertex 16.122520 14.200519 -4.196096
vertex 15.266623 13.365195 -3.960379
endloop
endfacet
facet normal -0.111154 0.295433 -0.948875
outer loop
vertex 17.199442 14.200519 -4.433694
vertex 17.255750 13.365195 -4.700370
vertex 16.170822 13.365195 -4.573278
endloop
endfacet
facet normal -0.198033 0.393846 -0.897590
outer loop
vertex 16.122520 14.200519 -4.196096
vertex 17.199442 14.200519 -4.433694
vertex 16.170822 13.365195 -4.573278
endloop
endfacet
facet normal 0.523375 0.239347 -0.817797
outer loop
vertex 18.153845 14.200519 -3.881129
vertex 18.175810 13.365195 -4.111548
vertex 17.255750 13.365195 -4.700370
endloop
endfacet
facet normal 0.478571 0.296150 -0.826598
outer loop
vertex 17.199442 14.200519 -4.433694
vertex 18.153845 14.200519 -3.881129
vertex 17.255750 13.365195 -4.700370
endloop
endfacet
facet normal 0.635034 0.199485 -0.746283
outer loop
vertex 19.006354 14.200519 -3.181527
vertex 19.007730 13.365195 -3.403643
vertex 18.175810 13.365195 -4.111548
endloop
endfacet
facet normal 0.618244 0.224070 -0.753370
outer loop
vertex 18.153845 14.200519 -3.881129
vertex 19.006354 14.200519 -3.181527
vertex 18.175810 13.365195 -4.111548
endloop
endfacet
facet normal 0.673469 0.240320 -0.699061
outer loop
vertex 19.768041 14.200519 -2.384002
vertex 19.794402 13.365195 -2.645771
vertex 19.007730 13.365195 -3.403643
endloop
endfacet
facet normal 0.711122 0.181765 -0.679167
outer loop
vertex 19.006354 14.200519 -3.181527
vertex 19.768041 14.200519 -2.384002
vertex 19.007730 13.365195 -3.403643
endloop
endfacet
facet normal 0.678542 0.437132 -0.590336
outer loop
vertex 20.316436 14.200519 -1.427196
vertex 20.511384 13.365195 -1.821661
vertex 19.794402 13.365195 -2.645771
endloop
endfacet
facet normal 0.853394 0.180210 -0.489124
outer loop
vertex 19.768041 14.200519 -2.384002
vertex 20.316436 14.200519 -1.427196
vertex 19.794402 13.365195 -2.645771
endloop
endfacet
facet normal 0.724173 0.494033 -0.481150
outer loop
vertex 20.846244 14.200519 -0.459975
vertex 21.115888 13.365195 -0.911828
vertex 20.511384 13.365195 -1.821661
endloop
endfacet
facet normal 0.805259 0.396227 -0.441091
outer loop
vertex 20.316436 14.200519 -1.427196
vertex 20.846244 14.200519 -0.459975
vertex 20.511384 13.365195 -1.821661
endloop
endfacet
facet normal -0.796387 0.337608 -0.501785
outer loop
vertex 3.753697 15.035844 -1.288908
vertex 3.628967 14.200519 -1.652967
vertex 3.041071 14.200519 -0.719912
endloop
endfacet
facet normal -0.814728 0.386002 -0.432690
outer loop
vertex 4.318774 15.035844 -2.206637
vertex 4.146236 14.200519 -2.626952
vertex 3.628967 14.200519 -1.652967
endloop
endfacet
facet normal -0.802293 0.335097 -0.493999
outer loop
vertex 3.753697 15.035844 -1.288908
vertex 4.318774 15.035844 -2.206637
vertex 3.628967 14.200519 -1.652967
endloop
endfacet
facet normal -0.663240 0.370705 -0.650146
outer loop
vertex 5.010918 15.035844 -3.032756
vertex 4.918236 14.200519 -3.414499
vertex 4.146236 14.200519 -2.626952
endloop
endfacet
facet normal -0.690643 0.433810 -0.578638
outer loop
vertex 4.318774 15.035844 -2.206637
vertex 5.010918 15.035844 -3.032756
vertex 4.146236 14.200519 -2.626952
endloop
endfacet
facet normal -0.591030 0.345841 -0.728751
outer loop
vertex 5.817589 15.035844 -3.747473
vertex 5.774771 14.200519 -4.109165
vertex 4.918236 14.200519 -3.414499
endloop
endfacet
facet normal -0.612371 0.383803 -0.691157
outer loop
vertex 5.010918 15.035844 -3.032756
vertex 5.817589 15.035844 -3.747473
vertex 4.918236 14.200519 -3.414499
endloop
endfacet
facet normal -0.464481 0.375357 -0.802100
outer loop
vertex 6.752155 15.035844 -4.284244
vertex 6.729126 14.200519 -4.661814
vertex 5.774771 14.200519 -4.109165
endloop
endfacet
facet normal -0.462268 0.372191 -0.804849
outer loop
vertex 5.817589 15.035844 -3.747473
vertex 6.752155 15.035844 -4.284244
vertex 5.774771 14.200519 -4.109165
endloop
endfacet
facet normal 0.245823 0.458194 -0.854184
outer loop
vertex 7.764911 15.035844 -3.915651
vertex 7.788932 14.200519 -4.356816
vertex 6.729126 14.200519 -4.661814
endloop
endfacet
facet normal 0.315847 0.383554 -0.867829
outer loop
vertex 6.752155 15.035844 -4.284244
vertex 7.764911 15.035844 -3.915651
vertex 6.729126 14.200519 -4.661814
endloop
endfacet
facet normal 0.575080 0.369402 -0.729949
outer loop
vertex 8.629337 15.035844 -3.271985
vertex 8.655207 14.200519 -3.674334
vertex 7.788932 14.200519 -4.356816
endloop
endfacet
facet normal 0.546500 0.403333 -0.733935
outer loop
vertex 7.764911 15.035844 -3.915651
vertex 8.629337 15.035844 -3.271985
vertex 7.788932 14.200519 -4.356816
endloop
endfacet
facet normal 0.579874 0.428941 -0.692644
outer loop
vertex 9.407973 15.035844 -2.526825
vertex 9.500812 14.200519 -2.966402
vertex 8.655207 14.200519 -3.674334
endloop
endfacet
facet normal 0.648569 0.346515 -0.677706
outer loop
vertex 8.629337 15.035844 -3.271985
vertex 9.407973 15.035844 -2.526825
vertex 8.655207 14.200519 -3.674334
endloop
endfacet
facet normal 0.657442 0.463654 -0.593965
outer loop
vertex 10.074204 15.035844 -1.679669
vertex 10.240117 14.200519 -2.148086
vertex 9.500812 14.200519 -2.966402
endloop
endfacet
facet normal 0.726607 0.381461 -0.571428
outer loop
vertex 9.407973 15.035844 -2.526825
vertex 10.074204 15.035844 -1.679669
vertex 9.500812 14.200519 -2.966402
endloop
endfacet
facet normal 0.699623 0.530645 -0.478482
outer loop
vertex 10.578367 15.035844 -0.727117
vertex 10.862679 14.200519 -1.237794
vertex 10.240117 14.200519 -2.148086
endloop
endfacet
facet normal 0.809625 0.401103 -0.428515
outer loop
vertex 10.074204 15.035844 -1.679669
vertex 10.578367 15.035844 -0.727117
vertex 10.240117 14.200519 -2.148086
endloop
endfacet
facet normal 0.840985 0.140269 -0.522560
outer loop
vertex 11.441610 15.035844 -0.081865
vertex 11.444723 14.200519 -0.301077
vertex 10.862679 14.200519 -1.237794
endloop
endfacet
facet normal 0.491987 0.569844 -0.658199
outer loop
vertex 10.578367 15.035844 -0.727117
vertex 11.441610 15.035844 -0.081865
vertex 10.862679 14.200519 -1.237794
endloop
endfacet
facet normal -0.751753 0.469753 -0.462817
outer loop
vertex 13.398722 15.035844 -0.670940
vertex 13.108814 14.200519 -1.047887
vertex 12.530648 14.200519 -0.108771
endloop
endfacet
facet normal -0.775637 0.392769 -0.494085
outer loop
vertex 13.899581 15.035844 -1.625234
vertex 13.701316 14.200519 -1.978024
vertex 13.108814 14.200519 -1.047887
endloop
endfacet
facet normal -0.786547 0.459266 -0.412818
outer loop
vertex 13.398722 15.035844 -0.670940
vertex 13.899581 15.035844 -1.625234
vertex 13.108814 14.200519 -1.047887
endloop
endfacet
facet normal -0.732376 0.375612 -0.567927
outer loop
vertex 14.532567 15.035844 -2.497510
vertex 14.377122 14.200519 -2.849517
vertex 13.701316 14.200519 -1.978024
endloop
endfacet
facet normal -0.740771 0.402854 -0.537556
outer loop
vertex 13.899581 15.035844 -1.625234
vertex 14.532567 15.035844 -2.497510
vertex 13.701316 14.200519 -1.978024
endloop
endfacet
facet normal -0.604105 0.314146 -0.732373
outer loop
vertex 15.300949 15.035844 -3.253239
vertex 15.227867 14.200519 -3.551263
vertex 14.377122 14.200519 -2.849517
endloop
endfacet
facet normal -0.643965 0.395746 -0.654747
outer loop
vertex 14.532567 15.035844 -2.497510
vertex 15.300949 15.035844 -3.253239
vertex 14.377122 14.200519 -2.849517
endloop
endfacet
facet normal -0.552397 0.327843 -0.766405
outer loop
vertex 16.178393 15.035844 -3.879043
vertex 16.122520 14.200519 -4.196096
vertex 15.227867 14.200519 -3.551263
endloop
endfacet
facet normal -0.549540 0.322979 -0.770513
outer loop
vertex 15.300949 15.035844 -3.253239
vertex 16.178393 15.035844 -3.879043
vertex 15.227867 14.200519 -3.551263
endloop
endfacet
facet normal -0.199421 0.378454 -0.903883
outer loop
vertex 17.234935 15.035844 -4.091777
vertex 17.199442 14.200519 -4.433694
vertex 16.122520 14.200519 -4.196096
endloop
endfacet
facet normal -0.184189 0.359529 -0.914775
outer loop
vertex 16.178393 15.035844 -3.879043
vertex 17.234935 15.035844 -4.091777
vertex 16.122520 14.200519 -4.196096
endloop
endfacet
facet normal 0.483273 0.263991 -0.834719
outer loop
vertex 18.191451 15.035844 -3.595174
vertex 18.153845 14.200519 -3.881129
vertex 17.199442 14.200519 -4.433694
endloop
endfacet
facet normal 0.435759 0.325039 -0.839323
outer loop
vertex 17.234935 15.035844 -4.091777
vertex 18.191451 15.035844 -3.595174
vertex 17.199442 14.200519 -4.433694
endloop
endfacet
facet normal 0.603548 0.307939 -0.735461
outer loop
vertex 18.976235 15.035844 -2.856492
vertex 19.006354 14.200519 -3.181527
vertex 18.153845 14.200519 -3.881129
endloop
endfacet
facet normal 0.669609 0.213386 -0.711400
outer loop
vertex 18.191451 15.035844 -3.595174
vertex 18.976235 15.035844 -2.856492
vertex 18.153845 14.200519 -3.881129
endloop
endfacet
facet normal 0.655253 0.423091 -0.625809
outer loop
vertex 19.609977 15.035844 -1.984764
vertex 19.768041 14.200519 -2.384002
vertex 19.006354 14.200519 -3.181527
endloop
endfacet
facet normal 0.783201 0.249794 -0.569384
outer loop
vertex 18.976235 15.035844 -2.856492
vertex 19.609977 15.035844 -1.984764
vertex 19.006354 14.200519 -3.181527
endloop
endfacet
facet normal 0.823839 0.313577 -0.472185
outer loop
vertex 20.196970 15.035844 -1.080897
vertex 20.316436 14.200519 -1.427196
vertex 19.768041 14.200519 -2.384002
endloop
endfacet
facet normal 0.773508 0.386454 -0.502334
outer loop
vertex 19.609977 15.035844 -1.984764
vertex 20.196970 15.035844 -1.080897
vertex 19.768041 14.200519 -2.384002
endloop
endfacet
facet normal -0.824321 0.250750 -0.507562
outer loop
vertex 4.288818 15.871169 -1.745312
vertex 4.318774 15.035844 -2.206637
vertex 3.753697 15.035844 -1.288908
endloop
endfacet
facet normal -0.825574 0.253388 -0.504204
outer loop
vertex 3.744947 15.871169 -0.854788
vertex 4.288818 15.871169 -1.745312
vertex 3.753697 15.035844 -1.288908
endloop
endfacet
facet normal -0.738991 0.265617 -0.619145
outer loop
vertex 4.925289 15.871169 -2.572194
vertex 5.010918 15.035844 -3.032756
vertex 4.318774 15.035844 -2.206637
endloop
endfacet
facet normal -0.757232 0.294741 -0.582861
outer loop
vertex 4.288818 15.871169 -1.745312
vertex 4.925289 15.871169 -2.572194
vertex 4.318774 15.035844 -2.206637
endloop
endfacet
facet normal -0.616198 0.369610 -0.695477
outer loop
vertex 5.735002 15.871169 -3.230369
vertex 5.817589 15.035844 -3.747473
vertex 5.010918 15.035844 -3.032756
endloop
endfacet
facet normal -0.592867 0.341368 -0.729368
outer loop
vertex 4.925289 15.871169 -2.572194
vertex 5.735002 15.871169 -3.230369
vertex 5.010918 15.035844 -3.032756
endloop
endfacet
facet normal -0.452592 0.417385 -0.788004
outer loop
vertex 6.627858 15.871169 -3.770404
vertex 6.752155 15.035844 -4.284244
vertex 5.817589 15.035844 -3.747473
endloop
endfacet
facet normal -0.466840 0.431650 -0.771841
outer loop
vertex 5.735002 15.871169 -3.230369
vertex 6.627858 15.871169 -3.770404
vertex 5.817589 15.035844 -3.747473
endloop
endfacet
facet normal 0.288228 0.538287 -0.791942
outer loop
vertex 7.605580 15.871169 -3.405866
vertex 7.764911 15.035844 -3.915651
vertex 6.752155 15.035844 -4.284244
endloop
endfacet
facet normal 0.295802 0.532045 -0.793366
outer loop
vertex 6.627858 15.871169 -3.770404
vertex 7.605580 15.871169 -3.405866
vertex 6.752155 15.035844 -4.284244
endloop
endfacet
facet normal 0.518255 0.496984 -0.696002
outer loop
vertex 8.457569 15.871169 -2.803418
vertex 8.629337 15.035844 -3.271985
vertex 7.764911 15.035844 -3.915651
endloop
endfacet
facet normal 0.493233 0.519775 -0.697536
outer loop
vertex 7.605580 15.871169 -3.405866
vertex 8.457569 15.871169 -2.803418
vertex 7.764911 15.035844 -3.915651
endloop
endfacet
facet normal 0.591005 0.518978 -0.617556
outer loop
vertex 9.176095 15.871169 -2.046748
vertex 9.407973 15.035844 -2.526825
vertex 8.629337 15.035844 -3.271985
endloop
endfacet
facet normal 0.639294 0.471987 -0.607068
outer loop
vertex 8.457569 15.871169 -2.803418
vertex 9.176095 15.871169 -2.046748
vertex 8.629337 15.035844 -3.271985
endloop
endfacet
facet normal 0.636605 0.586588 -0.500648
outer loop
vertex 9.717396 15.871169 -1.154659
vertex 10.074204 15.035844 -1.679669
vertex 9.407973 15.035844 -2.526825
endloop
endfacet
facet normal 0.753682 0.472043 -0.457318
outer loop
vertex 9.176095 15.871169 -2.046748
vertex 9.717396 15.871169 -1.154659
vertex 9.407973 15.035844 -2.526825
endloop
endfacet
facet normal 0.819326 0.375039 -0.433649
outer loop
vertex 10.391352 15.871169 -0.358034
vertex 10.578367 15.035844 -0.727117
vertex 10.074204 15.035844 -1.679669
endloop
endfacet
facet normal 0.616019 0.590688 -0.521161
outer loop
vertex 9.717396 15.871169 -1.154659
vertex 10.391352 15.871169 -0.358034
vertex 10.074204 15.035844 -1.679669
endloop
endfacet
facet normal -0.807360 0.410626 -0.423741
outer loop
vertex 14.048660 15.871169 -1.099806
vertex 13.899581 15.035844 -1.625234
vertex 13.398722 15.035844 -0.670940
endloop
endfacet
facet normal -0.770649 0.315290 -0.553798
outer loop
vertex 13.439730 15.871169 -0.252438
vertex 14.048660 15.871169 -1.099806
vertex 13.398722 15.035844 -0.670940
endloop
endfacet
facet normal -0.725614 0.442968 -0.526558
outer loop
vertex 14.648059 15.871169 -1.953943
vertex 14.532567 15.035844 -2.497510
vertex 13.899581 15.035844 -1.625234
endloop
endfacet
facet normal -0.729962 0.452491 -0.512258
outer loop
vertex 14.048660 15.871169 -1.099806
vertex 14.648059 15.871169 -1.953943
vertex 13.899581 15.035844 -1.625234
endloop
endfacet
facet normal -0.627984 0.444923 -0.638498
outer loop
vertex 15.353489 15.871169 -2.722837
vertex 15.300949 15.035844 -3.253239
vertex 14.532567 15.035844 -2.497510
endloop
endfacet
facet normal -0.647882 0.476372 -0.594407
outer loop
vertex 14.648059 15.871169 -1.953943
vertex 15.353489 15.871169 -2.722837
vertex 14.532567 15.035844 -2.497510
endloop
endfacet
facet normal -0.511618 0.472935 -0.717342
outer loop
vertex 16.194840 15.871169 -3.340054
vertex 16.178393 15.035844 -3.879043
vertex 15.300949 15.035844 -3.253239
endloop
endfacet
facet normal -0.518466 0.481365 -0.706739
outer loop
vertex 15.353489 15.871169 -2.722837
vertex 16.194840 15.871169 -3.340054
vertex 15.300949 15.035844 -3.253239
endloop
endfacet
facet normal -0.169050 0.516250 -0.839588
outer loop
vertex 17.211861 15.871169 -3.573502
vertex 17.234935 15.035844 -4.091777
vertex 16.178393 15.035844 -3.879043
endloop
endfacet
facet normal -0.189008 0.535029 -0.823420
outer loop
vertex 16.194840 15.871169 -3.340054
vertex 17.211861 15.871169 -3.573502
vertex 16.178393 15.035844 -3.879043
endloop
endfacet
facet normal 0.406354 0.471464 -0.782686
outer loop
vertex 18.148785 15.871169 -3.114153
vertex 18.191451 15.035844 -3.595174
vertex 17.234935 15.035844 -4.091777
endloop
endfacet
facet normal 0.382570 0.494715 -0.780319
outer loop
vertex 17.211861 15.871169 -3.573502
vertex 18.148785 15.871169 -3.114153
vertex 17.234935 15.035844 -4.091777
endloop
endfacet
facet normal 0.649811 0.318026 -0.690366
outer loop
vertex 18.973225 15.871169 -2.474522
vertex 18.976235 15.035844 -2.856492
vertex 18.191451 15.035844 -3.595174
endloop
endfacet
facet normal 0.551261 0.437319 -0.710537
outer loop
vertex 18.148785 15.871169 -3.114153
vertex 18.973225 15.871169 -2.474522
vertex 18.191451 15.035844 -3.595174
endloop
endfacet
facet normal 0.787916 0.225997 -0.572812
outer loop
vertex 19.613392 15.871169 -1.650498
vertex 19.609977 15.035844 -1.984764
vertex 18.976235 15.035844 -2.856492
endloop
endfacet
facet normal 0.759778 0.272644 -0.590256
outer loop
vertex 18.973225 15.871169 -2.474522
vertex 19.613392 15.871169 -1.650498
vertex 18.976235 15.035844 -2.856492
endloop
endfacet
facet normal 0.825983 0.173242 -0.536413
outer loop
vertex 20.208498 15.871169 -0.793365
vertex 20.196970 15.035844 -1.080897
vertex 19.609977 15.035844 -1.984764
endloop
endfacet
facet normal 0.801415 0.219383 -0.556421
outer loop
vertex 19.613392 15.871169 -1.650498
vertex 20.208498 15.871169 -0.793365
vertex 19.609977 15.035844 -1.984764
endloop
endfacet
facet normal -0.712619 0.550235 -0.435219
outer loop
vertex 4.540184 16.706494 -1.100817
vertex 4.288818 15.871169 -1.745312
vertex 3.744947 15.871169 -0.854788
endloop
endfacet
facet normal -0.647931 0.575721 -0.498729
outer loop
vertex 5.138022 16.706494 -1.884290
vertex 4.925289 15.871169 -2.572194
vertex 4.288818 15.871169 -1.745312
endloop
endfacet
facet normal -0.649055 0.577439 -0.495269
outer loop
vertex 4.540184 16.706494 -1.100817
vertex 5.138022 16.706494 -1.884290
vertex 4.288818 15.871169 -1.745312
endloop
endfacet
facet normal -0.551889 0.484189 -0.678955
outer loop
vertex 5.756151 16.706494 -2.651857
vertex 5.735002 15.871169 -3.230369
vertex 4.925289 15.871169 -2.572194
endloop
endfacet
facet normal -0.633599 0.581553 -0.510243
outer loop
vertex 5.138022 16.706494 -1.884290
vertex 5.756151 16.706494 -2.651857
vertex 4.925289 15.871169 -2.572194
endloop
endfacet
facet normal -0.408389 0.614265 -0.675202
outer loop
vertex 6.665007 16.706494 -3.032936
vertex 6.627858 15.871169 -3.770404
vertex 5.735002 15.871169 -3.230369
endloop
endfacet
facet normal -0.324435 0.544090 -0.773762
outer loop
vertex 5.756151 16.706494 -2.651857
vertex 6.665007 16.706494 -3.032936
vertex 5.735002 15.871169 -3.230369
endloop
endfacet
facet normal 0.269284 0.637064 -0.722243
outer loop
vertex 7.584035 16.706494 -2.677089
vertex 7.605580 15.871169 -3.405866
vertex 6.627858 15.871169 -3.770404
endloop
endfacet
facet normal 0.280960 0.628121 -0.725621
outer loop
vertex 6.665007 16.706494 -3.032936
vertex 7.584035 16.706494 -2.677089
vertex 6.627858 15.871169 -3.770404
endloop
endfacet
facet normal 0.440573 0.646287 -0.623064
outer loop
vertex 8.326831 16.706494 -2.029405
vertex 8.457569 15.871169 -2.803418
vertex 7.605580 15.871169 -3.405866
endloop
endfacet
facet normal 0.544842 0.559203 -0.624852
outer loop
vertex 7.584035 16.706494 -2.677089
vertex 8.326831 16.706494 -2.029405
vertex 7.605580 15.871169 -3.405866
endloop
endfacet
facet normal 0.553617 0.645863 -0.525709
outer loop
vertex 8.946074 16.706494 -1.262737
vertex 9.176095 15.871169 -2.046748
vertex 8.457569 15.871169 -2.803418
endloop
endfacet
facet normal 0.636118 0.575644 -0.513797
outer loop
vertex 8.326831 16.706494 -2.029405
vertex 8.946074 16.706494 -1.262737
vertex 8.457569 15.871169 -2.803418
endloop
endfacet
facet normal 0.740798 0.499167 -0.449500
outer loop
vertex 9.557800 16.706494 -0.490058
vertex 9.717396 15.871169 -1.154659
vertex 9.176095 15.871169 -2.046748
endloop
endfacet
facet normal 0.612681 0.623973 -0.485057
outer loop
vertex 8.946074 16.706494 -1.262737
vertex 9.557800 16.706494 -0.490058
vertex 9.176095 15.871169 -2.046748
endloop
endfacet
facet normal 0.741293 0.239115 -0.627144
outer loop
vertex 10.417636 16.706494 -0.008476
vertex 10.391352 15.871169 -0.358034
vertex 9.717396 15.871169 -1.154659
endloop
endfacet
facet normal 0.383906 0.618698 -0.685441
outer loop
vertex 9.557800 16.706494 -0.490058
vertex 10.417636 16.706494 -0.008476
vertex 9.717396 15.871169 -1.154659
endloop
endfacet
facet normal -0.655393 0.590460 -0.470974
outer loop
vertex 14.284500 16.706494 -0.380747
vertex 14.048660 15.871169 -1.099806
vertex 13.439730 15.871169 -0.252438
endloop
endfacet
facet normal -0.656866 0.596692 -0.460962
outer loop
vertex 14.862841 16.706494 -1.178721
vertex 14.648059 15.871169 -1.953943
vertex 14.048660 15.871169 -1.099806
endloop
endfacet
facet normal -0.652813 0.591591 -0.473134
outer loop
vertex 14.284500 16.706494 -0.380747
vertex 14.862841 16.706494 -1.178721
vertex 14.048660 15.871169 -1.099806
endloop
endfacet
facet normal -0.591939 0.595543 -0.543081
outer loop
vertex 15.481243 16.706494 -1.946067
vertex 15.353489 15.871169 -2.722837
vertex 14.648059 15.871169 -1.953943
endloop
endfacet
facet normal -0.613189 0.616277 -0.494168
outer loop
vertex 14.862841 16.706494 -1.178721
vertex 15.481243 16.706494 -1.946067
vertex 14.648059 15.871169 -1.953943
endloop
endfacet
facet normal -0.472050 0.602593 -0.643468
outer loop
vertex 16.231714 16.706494 -2.584842
vertex 16.194840 15.871169 -3.340054
vertex 15.353489 15.871169 -2.722837
endloop
endfacet
facet normal -0.504342 0.628129 -0.592531
outer loop
vertex 15.481243 16.706494 -1.946067
vertex 16.231714 16.706494 -2.584842
vertex 15.353489 15.871169 -2.722837
endloop
endfacet
facet normal -0.166022 0.670300 -0.723280
outer loop
vertex 17.194479 16.706494 -2.795374
vertex 17.211861 15.871169 -3.573502
vertex 16.194840 15.871169 -3.340054
endloop
endfacet
facet normal -0.159368 0.665931 -0.728792
outer loop
vertex 16.231714 16.706494 -2.584842
vertex 17.194479 16.706494 -2.795374
vertex 16.194840 15.871169 -3.340054
endloop
endfacet
facet normal 0.353463 0.596064 -0.720952
outer loop
vertex 18.113929 16.706494 -2.440618
vertex 18.148785 15.871169 -3.114153
vertex 17.211861 15.871169 -3.573502
endloop
endfacet
facet normal 0.270694 0.659174 -0.701580
outer loop
vertex 17.194479 16.706494 -2.795374
vertex 18.113929 16.706494 -2.440618
vertex 17.211861 15.871169 -3.573502
endloop
endfacet
facet normal 0.448503 0.681658 -0.578089
outer loop
vertex 18.734329 16.706494 -1.674886
vertex 18.973225 15.871169 -2.474522
vertex 18.148785 15.871169 -3.114153
endloop
endfacet
facet normal 0.683671 0.475157 -0.553914
outer loop
vertex 18.113929 16.706494 -2.440618
vertex 18.734329 16.706494 -1.674886
vertex 18.148785 15.871169 -3.114153
endloop
endfacet
facet normal 0.620555 0.618462 -0.482096
outer loop
vertex 19.356010 16.706494 -0.910195
vertex 19.613392 15.871169 -1.650498
vertex 18.973225 15.871169 -2.474522
endloop
endfacet
facet normal 0.598304 0.636739 -0.486411
outer loop
vertex 18.734329 16.706494 -1.674886
vertex 19.356010 16.706494 -0.910195
vertex 18.973225 15.871169 -2.474522
endloop
endfacet
facet normal 0.753627 0.397823 -0.523243
outer loop
vertex 20.119279 16.706494 -0.286768
vertex 20.208498 15.871169 -0.793365
vertex 19.613392 15.871169 -1.650498
endloop
endfacet
facet normal 0.474587 0.661178 -0.581043
outer loop
vertex 19.356010 16.706494 -0.910195
vertex 20.119279 16.706494 -0.286768
vertex 19.613392 15.871169 -1.650498
endloop
endfacet
facet normal -0.707207 0.456777 -0.539642
outer loop
vertex 5.120520 17.541818 -1.154297
vertex 5.138022 16.706494 -1.884290
vertex 4.540184 16.706494 -1.100817
endloop
endfacet
facet normal -0.669244 0.425974 -0.608817
outer loop
vertex 4.497915 17.541818 -0.469897
vertex 5.120520 17.541818 -1.154297
vertex 4.540184 16.706494 -1.100817
endloop
endfacet
facet normal -0.614247 0.614827 -0.494659
outer loop
vertex 5.847328 17.541818 -1.726826
vertex 5.756151 16.706494 -2.651857
vertex 5.138022 16.706494 -1.884290
endloop
endfacet
facet normal -0.513242 0.558634 -0.651545
outer loop
vertex 5.120520 17.541818 -1.154297
vertex 5.847328 17.541818 -1.726826
vertex 5.138022 16.706494 -1.884290
endloop
endfacet
facet normal -0.260259 0.739589 -0.620704
outer loop
vertex 6.711579 17.541818 -2.057147
vertex 6.665007 16.706494 -3.032936
vertex 5.756151 16.706494 -2.651857
endloop
endfacet
facet normal -0.243362 0.731674 -0.636732
outer loop
vertex 5.847328 17.541818 -1.726826
vertex 6.711579 17.541818 -2.057147
vertex 5.756151 16.706494 -2.651857
endloop
endfacet
facet normal 0.244881 0.734881 -0.632443
outer loop
vertex 7.569978 17.541818 -1.711908
vertex 7.584035 16.706494 -2.677089
vertex 6.665007 16.706494 -3.032936
endloop
endfacet
facet normal 0.255676 0.728355 -0.635711
outer loop
vertex 6.711579 17.541818 -2.057147
vertex 7.569978 17.541818 -1.711908
vertex 6.665007 16.706494 -3.032936
endloop
endfacet
facet normal 0.436104 0.748109 -0.500146
outer loop
vertex 8.115249 17.541818 -0.964432
vertex 8.326831 16.706494 -2.029405
vertex 7.584035 16.706494 -2.677089
endloop
endfacet
facet normal 0.663541 0.570454 -0.484041
outer loop
vertex 7.569978 17.541818 -1.711908
vertex 8.115249 17.541818 -0.964432
vertex 7.584035 16.706494 -2.677089
endloop
endfacet
facet normal 0.591580 0.649398 -0.477823
outer loop
vertex 8.785346 17.541818 -0.326458
vertex 8.946074 16.706494 -1.262737
vertex 8.326831 16.706494 -2.029405
endloop
endfacet
facet normal 0.464288 0.739337 -0.487666
outer loop
vertex 8.115249 17.541818 -0.964432
vertex 8.785346 17.541818 -0.326458
vertex 8.326831 16.706494 -2.029405
endloop
endfacet
facet normal 0.762688 0.231761 -0.603816
outer loop
vertex 9.663692 17.541818 -0.035685
vertex 9.557800 16.706494 -0.490058
vertex 8.946074 16.706494 -1.262737
endloop
endfacet
facet normal 0.208840 0.747273 -0.630848
outer loop
vertex 8.785346 17.541818 -0.326458
vertex 9.663692 17.541818 -0.035685
vertex 8.946074 16.706494 -1.262737
endloop
endfacet
facet normal -0.624913 0.635887 -0.452913
outer loop
vertex 15.146914 17.541818 -0.397883
vertex 14.862841 16.706494 -1.178721
vertex 14.284500 16.706494 -0.380747
endloop
endfacet
facet normal -0.561861 0.692302 -0.452802
outer loop
vertex 15.794984 17.541818 -1.058221
vertex 15.481243 16.706494 -1.946067
vertex 14.862841 16.706494 -1.178721
endloop
endfacet
facet normal -0.531161 0.667924 -0.521293
outer loop
vertex 15.146914 17.541818 -0.397883
vertex 15.794984 17.541818 -1.058221
vertex 14.862841 16.706494 -1.178721
endloop
endfacet
facet normal -0.484485 0.664292 -0.569201
outer loop
vertex 16.402914 17.541818 -1.755689
vertex 16.231714 16.706494 -2.584842
vertex 15.481243 16.706494 -1.946067
endloop
endfacet
facet normal -0.537994 0.700478 -0.468928
outer loop
vertex 15.794984 17.541818 -1.058221
vertex 16.402914 17.541818 -1.755689
vertex 15.481243 16.706494 -1.946067
endloop
endfacet
facet normal -0.116700 0.837602 -0.533670
outer loop
vertex 17.293822 17.541818 -1.506045
vertex 17.194479 16.706494 -2.795374
vertex 16.231714 16.706494 -2.584842
endloop
endfacet
facet normal 0.200506 0.669169 -0.715549
outer loop
vertex 16.402914 17.541818 -1.755689
vertex 17.293822 17.541818 -1.506045
vertex 16.231714 16.706494 -2.584842
endloop
endfacet
facet normal 0.251066 0.716621 -0.650708
outer loop
vertex 18.218687 17.541818 -1.480260
vertex 18.113929 16.706494 -2.440618
vertex 17.194479 16.706494 -2.795374
endloop
endfacet
facet normal 0.015180 0.838627 -0.544495
outer loop
vertex 17.293822 17.541818 -1.506045
vertex 18.218687 17.541818 -1.480260
vertex 17.194479 16.706494 -2.795374
endloop
endfacet
facet normal 0.624053 0.595748 -0.505611
outer loop
vertex 18.723035 17.541818 -0.704585
vertex 18.734329 16.706494 -1.674886
vertex 18.113929 16.706494 -2.440618
endloop
endfacet
facet normal 0.743336 0.462443 -0.483320
outer loop
vertex 18.218687 17.541818 -1.480260
vertex 18.723035 17.541818 -0.704585
vertex 18.113929 16.706494 -2.440618
endloop
endfacet
facet normal 0.662852 0.519833 -0.538888
outer loop
vertex 19.389674 17.541818 -0.062998
vertex 19.356010 16.706494 -0.910195
vertex 18.734329 16.706494 -1.674886
endloop
endfacet
facet normal 0.529319 0.646015 -0.549988
outer loop
vertex 18.723035 17.541818 -0.704585
vertex 19.389674 17.541818 -0.062998
vertex 18.734329 16.706494 -1.674886
endloop
endfacet
facet normal -0.581066 0.618824 -0.528601
outer loop
vertex 5.021088 18.377143 -0.067098
vertex 5.120520 17.541818 -1.154297
vertex 4.497915 17.541818 -0.469897
endloop
endfacet
facet normal -0.334061 0.841759 -0.424081
outer loop
vertex 5.858265 18.377143 -0.077404
vertex 5.847328 17.541818 -1.726826
vertex 5.120520 17.541818 -1.154297
endloop
endfacet
facet normal -0.007506 0.792616 -0.609675
outer loop
vertex 5.021088 18.377143 -0.067098
vertex 5.858265 18.377143 -0.077404
vertex 5.120520 17.541818 -1.154297
endloop
endfacet
facet normal -0.179136 0.865008 -0.468692
outer loop
vertex 6.596874 18.377143 -0.471649
vertex 6.711579 17.541818 -2.057147
vertex 5.847328 17.541818 -1.726826
endloop
endfacet
facet normal -0.233813 0.868015 -0.438043
outer loop
vertex 5.858265 18.377143 -0.077404
vertex 6.596874 18.377143 -0.471649
vertex 5.847328 17.541818 -1.726826
endloop
endfacet
facet normal 0.201393 0.841842 -0.500742
outer loop
vertex 7.427288 18.377143 -0.364958
vertex 7.569978 17.541818 -1.711908
vertex 6.711579 17.541818 -2.057147
endloop
endfacet
facet normal 0.059349 0.884927 -0.461933
outer loop
vertex 6.596874 18.377143 -0.471649
vertex 7.427288 18.377143 -0.364958
vertex 6.711579 17.541818 -2.057147
endloop
endfacet
facet normal 0.700063 0.499113 -0.510684
outer loop
vertex 8.197115 18.377143 -0.035809
vertex 8.115249 17.541818 -0.964432
vertex 7.569978 17.541818 -1.711908
endloop
endfacet
facet normal 0.213148 0.840266 -0.498519
outer loop
vertex 7.427288 18.377143 -0.364958
vertex 8.197115 18.377143 -0.035809
vertex 7.569978 17.541818 -1.711908
endloop
endfacet
facet normal 0.687386 0.078859 -0.721998
outer loop
vertex 9.033542 18.377143 0.001077
vertex 8.785346 17.541818 -0.326458
vertex 8.115249 17.541818 -0.964432
endloop
endfacet
facet normal 0.029543 0.741847 -0.669918
outer loop
vertex 8.197115 18.377143 -0.035809
vertex 9.033542 18.377143 0.001077
vertex 8.115249 17.541818 -0.964432
endloop
endfacet
facet normal -0.551206 0.635239 -0.540965
outer loop
vertex 15.731355 18.377143 -0.012491
vertex 15.794984 17.541818 -1.058221
vertex 15.146914 17.541818 -0.397883
endloop
endfacet
facet normal -0.467779 0.784182 -0.407728
outer loop
vertex 16.522538 18.377143 -0.286355
vertex 16.402914 17.541818 -1.755689
vertex 15.794984 17.541818 -1.058221
endloop
endfacet
facet normal -0.213779 0.756880 -0.617601
outer loop
vertex 15.731355 18.377143 -0.012491
vertex 16.522538 18.377143 -0.286355
vertex 15.794984 17.541818 -1.058221
endloop
endfacet
facet normal 0.137958 0.859405 -0.492331
outer loop
vertex 17.322663 18.377143 -0.039835
vertex 17.293822 17.541818 -1.506045
vertex 16.402914 17.541818 -1.755689
endloop
endfacet
facet normal 0.153368 0.853634 -0.497782
outer loop
vertex 16.522538 18.377143 -0.286355
vertex 17.322663 18.377143 -0.039835
vertex 16.402914 17.541818 -1.755689
endloop
endfacet
facet normal 0.014369 0.856823 -0.515411
outer loop
vertex 18.158195 18.377143 -0.093297
vertex 18.218687 17.541818 -1.480260
vertex 17.293822 17.541818 -1.506045
endloop
endfacet
facet normal -0.031628 0.868716 -0.494300
outer loop
vertex 17.322663 18.377143 -0.039835
vertex 18.158195 18.377143 -0.093297
vertex 17.293822 17.541818 -1.506045
endloop
endfacet
facet normal 0.825265 0.176087 -0.536591
outer loop
vertex 18.991942 18.377143 -0.016894
vertex 18.723035 17.541818 -0.704585
vertex 18.218687 17.541818 -1.480260
endloop
endfacet
facet normal 0.047088 0.856590 -0.513844
outer loop
vertex 18.158195 18.377143 -0.093297
vertex 18.991942 18.377143 -0.016894
vertex 18.218687 17.541818 -1.480260
endloop
endfacet
facet normal 0.000000 -1.000000 0.000000
outer loop
vertex 0.752292 0.000000 0.677494
vertex 0.000000 0.000000 0.292936
vertex 0.000000 0.000000 -0.292936
endloop
endfacet
facet normal 0.000000 -1.000000 -0.000000
outer loop
vertex 0.752292 0.000000 0.677494
vertex 0.000000 0.000000 -0.292936
vertex 0.752292 0.000000 -0.677494
endloop
endfacet
facet normal -1.000000 0.000000 0.000000
outer loop
vertex 0.000000 0.000000 0.292936
vertex 0.000000 0.835325 1.308229
vertex 0.000000 0.835325 -1.308229
endloop
endfacet
facet normal -1.000000 0.000000 0.000000
outer loop
vertex 0.000000 0.000000 0.292936
vertex 0.000000 0.835325 -1.308229
vertex 0.000000 0.000000 -0.292936
endloop
endfacet
facet normal 0.000000 -1.000000 0.000000
outer loop
vertex 1.546878 0.000000 0.964652
vertex 0.752292 0.000000 0.677494
vertex 0.752292 0.000000 -0.677494
endloop
endfacet
facet normal 0.000000 -1.000000 -0.000000
outer loop
vertex 1.546878 0.000000 0.964652
vertex 0.752292 0.000000 -0.677494
vertex 1.546878 0.000000 -0.964652
endloop
endfacet
facet normal 0.000000 -1.000000 0.000000
outer loop
vertex 2.390959 0.000000 1.001459
vertex 1.546878 0.000000 0.964652
vertex 1.546878 0.000000 -0.964652
endloop
endfacet
facet normal 0.000000 -1.000000 -0.000000
outer loop
vertex 2.390959 0.000000 1.001459
vertex 1.546878 0.000000 -0.964652
vertex 2.390959 0.000000 -1.001459
endloop
endfacet
facet normal -0.000000 -1.000000 0.000000
outer loop
vertex 3.211011 0.000000 0.798131
vertex 2.390959 0.000000 1.001459
vertex 2.390959 0.000000 -1.001459
endloop
endfacet
facet normal 0.000000 -1.000000 -0.000000
outer loop
vertex 3.211011 0.000000 0.798131
vertex 2.390959 0.000000 -1.001459
vertex 3.211011 0.000000 -0.798131
endloop
endfacet
facet normal -0.000000 -1.000000 0.000000
outer loop
vertex 4.013294 0.000000 0.533237
vertex 3.211011 0.000000 0.798131
vertex 3.211011 0.000000 -0.798131
endloop
endfacet
facet normal 0.000000 -1.000000 -0.000000
outer loop
vertex 4.013294 0.000000 0.533237
vertex 3.211011 0.000000 -0.798131
vertex 4.013294 0.000000 -0.533237
endloop
endfacet
facet normal -0.000000 -1.000000 0.000000
outer loop
vertex 4.783520 0.000000 0.185992
vertex 4.013294 0.000000 0.533237
vertex 4.013294 0.000000 -0.533237
endloop
endfacet
facet normal 0.000000 -1.000000 -0.000000
outer loop
vertex 4.783520 0.000000 0.185992
vertex 4.013294 0.000000 -0.533237
vertex 4.783520 0.000000 -0.185992
endloop
endfacet
facet normal -0.000000 -1.000000 0.000000
outer loop
vertex 5.612116 0.000000 0.020894
vertex 4.783520 0.000000 0.185992
vertex 4.783520 0.000000 -0.185992
endloop
endfacet
facet normal 0.000000 -1.000000 -0.000000
outer loop
vertex 5.612116 0.000000 0.020894
vertex 4.783520 0.000000 -0.185992
vertex 5.612116 0.000000 -0.020894
endloop
endfacet
facet normal 0.886428 -0.462867 0.000000
outer loop
vertex 6.048298 0.835325 0.492043
vertex 5.612116 0.000000 0.020894
vertex 5.612116 0.000000 -0.020894
endloop
endfacet
facet normal 0.886428 -0.462867 0.000000
outer loop
vertex 6.048298 0.835325 0.492043
vertex 5.612116 0.000000 -0.020894
vertex 6.048298 0.835325 -0.492043
endloop
endfacet
facet normal 0.000000 1.000000 0.000000
outer loop
vertex 18.284850 0.000000 0.016405
vertex 17.440165 0.000000 -0.001910
vertex 17.440165 0.000000 0.001910
endloop
endfacet
facet normal 0.000000 -1.000000 -0.000000
outer loop
vertex 18.284850 0.000000 0.016405
vertex 17.440165 0.000000 0.001910
vertex 18.284850 0.000000 -0.016405
endloop
endfacet
facet normal -0.929417 0.369031 0.000000
outer loop
vertex 17.440165 0.000000 -0.001910
vertex 17.771836 0.835325 0.528689
vertex 17.771836 0.835325 -0.528689
endloop
endfacet
facet normal 0.929417 -0.369031 0.000000
outer loop
vertex 17.440165 0.000000 -0.001910
vertex 17.771836 0.835325 -0.528689
vertex 17.440165 0.000000 0.001910
endloop
endfacet
facet normal 0.000000 -1.000000 0.000000
outer loop
vertex 19.105933 0.000000 0.215530
vertex 18.284850 0.000000 0.016405
vertex 18.284850 0.000000 -0.016405
endloop
endfacet
facet normal 0.000000 -1.000000 -0.000000
outer loop
vertex 19.105933 0.000000 0.215530
vertex 18.284850 0.000000 -0.016405
vertex 19.105933 0.000000 -0.215530
endloop
endfacet
facet normal 0.000000 -1.000000 0.000000
outer loop
vertex 19.901722 0.000000 0.499339
vertex 19.105933 0.000000 0.215530
vertex 19.105933 0.000000 -0.215530
endloop
endfacet
facet normal 0.000000 -1.000000 -0.000000
outer loop
vertex 19.901722 0.000000 0.499339
vertex 19.105933 0.000000 -0.215530
vertex 19.901722 0.000000 -0.499339
endloop
endfacet
facet normal 0.000000 -1.000000 0.000000
outer loop
vertex 20.702878 0.000000 0.767623
vertex 19.901722 0.000000 0.499339
vertex 19.901722 0.000000 -0.499339
endloop
endfacet
facet normal 0.000000 -1.000000 -0.000000
outer loop
vertex 20.702878 0.000000 0.767623
vertex 19.901722 0.000000 -0.499339
vertex 20.702878 0.000000 -0.767623
endloop
endfacet
facet normal 0.000000 -1.000000 0.000000
outer loop
vertex 21.540487 0.000000 0.878247
vertex 20.702878 0.000000 0.767623
vertex 20.702878 0.000000 -0.767623
endloop
endfacet
facet normal 0.000000 -1.000000 -0.000000
outer loop
vertex 21.540487 0.000000 0.878247
vertex 20.702878 0.000000 -0.767623
vertex 21.540487 0.000000 -0.878247
endloop
endfacet
facet normal 0.000000 -1.000000 0.000000
outer loop
vertex 22.385367 0.000000 0.880417
vertex 21.540487 0.000000 0.878247
vertex 21.540487 0.000000 -0.878247
endloop
endfacet
facet normal 0.000000 -1.000000 -0.000000
outer loop
vertex 22.385367 0.000000 0.880417
vertex 21.540487 0.000000 -0.878247
vertex 22.385367 0.000000 -0.880417
endloop
endfacet
facet normal -0.000000 -1.000000 0.000000
outer loop
vertex 23.219058 0.000000 0.743348
vertex 22.385367 0.000000 0.880417
vertex 22.385367 0.000000 -0.880417
endloop
endfacet
facet normal 0.000000 -1.000000 -0.000000
outer loop
vertex 23.219058 0.000000 0.743348
vertex 22.385367 0.000000 -0.880417
vertex 23.219058 0.000000 -0.743348
endloop
endfacet
facet normal -0.000000 -1.000000 0.000000
outer loop
vertex 24.000071 0.000000 0.421097
vertex 23.219058 0.000000 0.743348
vertex 23.219058 0.000000 -0.743348
endloop
endfacet
facet normal 0.000000 -1.000000 -0.000000
outer loop
vertex 24.000071 0.000000 0.421097
vertex 23.219058 0.000000 -0.743348
vertex 24.000071 0.000000 -0.421097
endloop
endfacet
facet normal 0.999988 0.004912 0.000000
outer loop
vertex 23.995968 0.835325 1.470593
vertex 24.000071 0.000000 0.421097
vertex 24.000071 0.000000 -0.421097
endloop
endfacet
facet normal 0.999988 0.004912 0.000000
outer loop
vertex 23.995968 0.835325 1.470593
vertex 24.000071 0.000000 -0.421097
vertex 23.995968 0.835325 -1.470593
endloop
endfacet
facet normal -1.000000 0.000000 0.000000
outer loop
vertex 0.000000 0.835325 1.308229
vertex 0.000000 1.670649 0.648162
vertex 0.000000 1.670649 -0.648162
endloop
endfacet
facet normal -1.000000 0.000000 0.000000
outer loop
vertex 0.000000 0.835325 1.308229
vertex 0.000000 1.670649 -0.648162
vertex 0.000000 0.835325 -1.308229
endloop
endfacet
facet normal 0.785628 -0.618700 0.000000
outer loop
vertex 6.706135 1.670649 1.087212
vertex 6.048298 0.835325 0.492043
vertex 6.048298 0.835325 -0.492043
endloop
endfacet
facet normal 0.785628 -0.618700 0.000000
outer loop
vertex 6.706135 1.670649 1.087212
vertex 6.048298 0.835325 -0.492043
vertex 6.706135 1.670649 -1.087212
endloop
endfacet
facet normal 0.000000 -1.000000 0.000000
outer loop
vertex 17.771836 0.835325 0.528689
vertex 16.981110 0.835325 0.054567
vertex 16.981110 0.835325 -0.054567
endloop
endfacet
facet normal 0.000000 -1.000000 -0.000000
outer loop
vertex 17.771836 0.835325 0.528689
vertex 16.981110 0.835325 -0.054567
vertex 17.771836 0.835325 -0.528689
endloop
endfacet
facet normal -0.994390 0.105775 0.000000
outer loop
vertex 16.981110 0.835325 0.054567
vertex 17.069965 1.670649 1.082699
vertex 17.069965 1.670649 -1.082699
endloop
endfacet
facet normal -0.994390 0.105775 0.000000
outer loop
vertex 16.981110 0.835325 0.054567
vertex 17.069965 1.670649 -1.082699
vertex 16.981110 0.835325 -0.054567
endloop
endfacet
facet normal 0.999838 -0.017981 0.000000
outer loop
vertex 24.010991 1.670649 0.732964
vertex 23.995968 0.835325 1.470593
vertex 23.995968 0.835325 -1.470593
endloop
endfacet
facet normal 0.999838 -0.017981 0.000000
outer loop
vertex 24.010991 1.670649 0.732964
vertex 23.995968 0.835325 -1.470593
vertex 24.010991 1.670649 -0.732964
endloop
endfacet
facet normal -1.000000 0.000000 0.000000
outer loop
vertex 0.000000 1.670649 0.648162
vertex 0.000000 2.505974 0.008113
vertex 0.000000 2.505974 -0.008113
endloop
endfacet
facet normal -1.000000 0.000000 0.000000
outer loop
vertex 0.000000 1.670649 0.648162
vertex 0.000000 2.505974 -0.008113
vertex 0.000000 1.670649 -0.648162
endloop
endfacet
facet normal 0.682987 -0.730430 0.000000
outer loop
vertex 7.599484 2.505974 1.191235
vertex 6.706135 1.670649 1.087212
vertex 6.706135 1.670649 -1.087212
endloop
endfacet
facet normal 0.682987 -0.730430 0.000000
outer loop
vertex 7.599484 2.505974 1.191235
vertex 6.706135 1.670649 -1.087212
vertex 7.599484 2.505974 -1.191235
endloop
endfacet
facet normal 0.000000 -1.000000 0.000000
outer loop
vertex 17.069965 1.670649 1.082699
vertex 16.452674 1.670649 0.267041
vertex 16.452674 1.670649 -0.267041
endloop
endfacet
facet normal 0.000000 -1.000000 -0.000000
outer loop
vertex 17.069965 1.670649 1.082699
vertex 16.452674 1.670649 -0.267041
vertex 17.069965 1.670649 -1.082699
endloop
endfacet
facet normal -0.968041 -0.250793 0.000000
outer loop
vertex 16.452674 1.670649 0.267041
vertex 16.236264 2.505974 1.274951
vertex 16.236264 2.505974 -1.274951
endloop
endfacet
facet normal -0.968041 -0.250793 -0.000000
outer loop
vertex 16.452674 1.670649 0.267041
vertex 16.236264 2.505974 -1.274951
vertex 16.452674 1.670649 -0.267041
endloop
endfacet
facet normal 0.999531 -0.030634 0.000000
outer loop
vertex 24.036592 2.505974 0.028369
vertex 24.010991 1.670649 0.732964
vertex 24.010991 1.670649 -0.732964
endloop
endfacet
facet normal 0.999531 -0.030634 0.000000
outer loop
vertex 24.036592 2.505974 0.028369
vertex 24.010991 1.670649 -0.732964
vertex 24.036592 2.505974 -0.028369
endloop
endfacet
facet normal -0.618984 0.785404 0.000000
outer loop
vertex 0.000000 2.505974 0.008113
vertex 1.059909 3.341299 0.300489
vertex 1.059909 3.341299 -0.300489
endloop
endfacet
facet normal -0.618984 0.785404 0.000000
outer loop
vertex 0.000000 2.505974 0.008113
vertex 1.059909 3.341299 -0.300489
vertex 0.000000 2.505974 -0.008113
endloop
endfacet
facet normal 0.683797 -0.729673 0.000000
outer loop
vertex 8.490851 3.341299 1.051146
vertex 7.599484 2.505974 1.191235
vertex 7.599484 2.505974 -1.191235
endloop
endfacet
facet normal 0.683797 -0.729673 0.000000
outer loop
vertex 8.490851 3.341299 1.051146
vertex 7.599484 2.505974 -1.191235
vertex 8.490851 3.341299 -1.051146
endloop
endfacet
facet normal 0.000000 -1.000000 0.000000
outer loop
vertex 16.236264 2.505974 1.274951
vertex 15.567082 2.505974 0.435258
vertex 15.567082 2.505974 -0.435258
endloop
endfacet
facet normal 0.000000 -1.000000 -0.000000
outer loop
vertex 16.236264 2.505974 1.274951
vertex 15.567082 2.505974 -0.435258
vertex 16.236264 2.505974 -1.274951
endloop
endfacet
facet normal -0.951039 -0.309070 0.000000
outer loop
vertex 15.567082 2.505974 0.435258
vertex 15.295617 3.341299 1.140082
vertex 15.295617 3.341299 -1.140082
endloop
endfacet
facet normal -0.951039 -0.309070 -0.000000
outer loop
vertex 15.567082 2.505974 0.435258
vertex 15.295617 3.341299 -1.140082
vertex 15.567082 2.505974 -0.435258
endloop
endfacet
facet normal 0.999477 -0.032338 0.000000
outer loop
vertex 24.063619 3.341299 0.074577
vertex 24.036592 2.505974 0.028369
vertex 24.036592 2.505974 -0.028369
endloop
endfacet
facet normal 0.999477 -0.032338 0.000000
outer loop
vertex 24.063619 3.341299 0.074577
vertex 24.036592 2.505974 -0.028369
vertex 24.063619 3.341299 -0.074577
endloop
endfacet
facet normal 0.000000 1.000000 0.000000
outer loop
vertex 22.998917 3.341299 0.357618
vertex 24.063619 3.341299 0.074577
vertex 24.063619 3.341299 -0.074577
endloop
endfacet
facet normal 0.000000 1.000000 0.000000
outer loop
vertex 22.998917 3.341299 0.357618
vertex 24.063619 3.341299 -0.074577
vertex 22.998917 3.341299 -0.357618
endloop
endfacet
facet normal -0.710090 0.704111 0.000000
outer loop
vertex 1.059909 3.341299 0.300489
vertex 1.888201 4.176623 1.009083
vertex 1.888201 4.176623 -1.009083
endloop
endfacet
facet normal -0.710090 0.704111 0.000000
outer loop
vertex 1.059909 3.341299 0.300489
vertex 1.888201 4.176623 -1.009083
vertex 1.059909 3.341299 -0.300489
endloop
endfacet
facet normal 0.686697 -0.726944 0.000000
outer loop
vertex 9.375134 4.176623 0.715907
vertex 8.490851 3.341299 1.051146
vertex 8.490851 3.341299 -1.051146
endloop
endfacet
facet normal 0.686697 -0.726944 0.000000
outer loop
vertex 9.375134 4.176623 0.715907
vertex 8.490851 3.341299 -1.051146
vertex 9.375134 4.176623 -0.715907
endloop
endfacet
facet normal 0.000000 -1.000000 0.000000
outer loop
vertex 15.295617 3.341299 1.140082
vertex 14.602654 3.341299 0.283634
vertex 14.602654 3.341299 -0.283634
endloop
endfacet
facet normal 0.000000 -1.000000 -0.000000
outer loop
vertex 15.295617 3.341299 1.140082
vertex 14.602654 3.341299 -0.283634
vertex 15.295617 3.341299 -1.140082
endloop
endfacet
facet normal -0.993283 -0.115713 0.000000
outer loop
vertex 14.602654 3.341299 0.283634
vertex 14.505342 4.176623 0.905029
vertex 14.505342 4.176623 -0.905029
endloop
endfacet
facet normal -0.993283 -0.115713 -0.000000
outer loop
vertex 14.602654 3.341299 0.283634
vertex 14.505342 4.176623 -0.905029
vertex 14.602654 3.341299 -0.283634
endloop
endfacet
facet normal 0.997986 0.063430 0.000000
outer loop
vertex 22.945826 4.176623 0.038914
vertex 22.998917 3.341299 0.357618
vertex 22.998917 3.341299 -0.357618
endloop
endfacet
facet normal 0.997986 0.063430 0.000000
outer loop
vertex 22.945826 4.176623 0.038914
vertex 22.998917 3.341299 -0.357618
vertex 22.945826 4.176623 -0.038914
endloop
endfacet
facet normal 0.000000 1.000000 0.000000
outer loop
vertex 22.085721 4.176623 0.775951
vertex 22.945826 4.176623 0.038914
vertex 22.945826 4.176623 -0.038914
endloop
endfacet
facet normal 0.000000 1.000000 0.000000
outer loop
vertex 22.085721 4.176623 0.775951
vertex 22.945826 4.176623 -0.038914
vertex 22.085721 4.176623 -0.775951
endloop
endfacet
facet normal -0.996105 0.088181 0.000000
outer loop
vertex 1.888201 4.176623 1.009083
vertex 1.962149 5.011948 0.855668
vertex 1.962149 5.011948 -0.855668
endloop
endfacet
facet normal -0.996105 0.088181 0.000000
outer loop
vertex 1.888201 4.176623 1.009083
vertex 1.962149 5.011948 -0.855668
vertex 1.888201 4.176623 -1.009083
endloop
endfacet
facet normal 0.614210 -0.789143 0.000000
outer loop
vertex 10.448367 5.011948 0.705143
vertex 9.375134 4.176623 0.715907
vertex 9.375134 4.176623 -0.715907
endloop
endfacet
facet normal 0.614210 -0.789143 0.000000
outer loop
vertex 10.448367 5.011948 0.705143
vertex 9.375134 4.176623 -0.715907
vertex 10.448367 5.011948 -0.705143
endloop
endfacet
facet normal 0.000000 -1.000000 0.000000
outer loop
vertex 13.678262 4.176623 0.131117
vertex 12.550208 4.176623 0.028662
vertex 12.550208 4.176623 -0.028662
endloop
endfacet
facet normal 0.000000 -1.000000 -0.000000
outer loop
vertex 13.678262 4.176623 0.131117
vertex 12.550208 4.176623 -0.028662
vertex 13.678262 4.176623 -0.131117
endloop
endfacet
facet normal -0.997432 -0.071616 0.000000
outer loop
vertex 12.550208 4.176623 0.028662
vertex 12.490231 5.011948 0.010972
vertex 12.490231 5.011948 -0.010972
endloop
endfacet
facet normal -0.997432 -0.071616 -0.000000
outer loop
vertex 12.550208 4.176623 0.028662
vertex 12.490231 5.011948 -0.010972
vertex 12.550208 4.176623 -0.028662
endloop
endfacet
facet normal 0.000000 -1.000000 0.000000
outer loop
vertex 14.505342 4.176623 0.905029
vertex 13.678262 4.176623 0.131117
vertex 13.678262 4.176623 -0.131117
endloop
endfacet
facet normal 0.000000 -1.000000 -0.000000
outer loop
vertex 14.505342 4.176623 0.905029
vertex 13.678262 4.176623 -0.131117
vertex 14.505342 4.176623 -0.905029
endloop
endfacet
facet normal 0.995071 0.099166 0.000000
outer loop
vertex 22.002476 5.011948 0.600679
vertex 22.085721 4.176623 0.775951
vertex 22.085721 4.176623 -0.775951
endloop
endfacet
facet normal 0.995071 0.099166 0.000000
outer loop
vertex 22.002476 5.011948 0.600679
vertex 22.085721 4.176623 -0.775951
vertex 22.002476 5.011948 -0.600679
endloop
endfacet
facet normal -0.999563 0.029550 0.000000
outer loop
vertex 1.962149 5.011948 0.855668
vertex 1.986843 5.847273 0.860083
vertex 1.986843 5.847273 -0.860083
endloop
endfacet
facet normal -0.999563 0.029550 0.000000
outer loop
vertex 1.962149 5.011948 0.855668
vertex 1.986843 5.847273 -0.860083
vertex 1.962149 5.011948 -0.855668
endloop
endfacet
facet normal 0.638225 -0.769850 0.000000
outer loop
vertex 11.455966 5.847273 0.208905
vertex 10.448367 5.011948 0.705143
vertex 10.448367 5.011948 -0.705143
endloop
endfacet
facet normal 0.638225 -0.769850 0.000000
outer loop
vertex 11.455966 5.847273 0.208905
vertex 10.448367 5.011948 -0.705143
vertex 11.455966 5.847273 -0.208905
endloop
endfacet
facet normal -0.991709 0.128507 0.000000
outer loop
vertex 12.490231 5.011948 0.010972
vertex 12.598474 5.847273 0.355788
vertex 12.598474 5.847273 -0.355788
endloop
endfacet
facet normal -0.991709 0.128507 0.000000
outer loop
vertex 12.490231 5.011948 0.010972
vertex 12.598474 5.847273 -0.355788
vertex 12.490231 5.011948 -0.010972
endloop
endfacet
facet normal 0.999987 -0.005161 0.000000
outer loop
vertex 22.006787 5.847273 0.671920
vertex 22.002476 5.011948 0.600679
vertex 22.002476 5.011948 -0.600679
endloop
endfacet
facet normal 0.999987 -0.005161 0.000000
outer loop
vertex 22.006787 5.847273 0.671920
vertex 22.002476 5.011948 -0.600679
vertex 22.006787 5.847273 -0.671920
endloop
endfacet
facet normal -0.999029 0.044060 0.000000
outer loop
vertex 1.986843 5.847273 0.860083
vertex 2.023683 6.682597 0.662694
vertex 2.023683 6.682597 -0.662694
endloop
endfacet
facet normal -0.999029 0.044060 0.000000
outer loop
vertex 1.986843 5.847273 0.860083
vertex 2.023683 6.682597 -0.662694
vertex 1.986843 5.847273 -0.860083
endloop
endfacet
facet normal 0.000000 -1.000000 0.000000
outer loop
vertex 12.598474 5.847273 0.355788
vertex 11.455966 5.847273 0.208905
vertex 11.455966 5.847273 -0.208905
endloop
endfacet
facet normal 0.000000 -1.000000 -0.000000
outer loop
vertex 12.598474 5.847273 0.355788
vertex 11.455966 5.847273 -0.208905
vertex 12.598474 5.847273 -0.355788
endloop
endfacet
facet normal 0.998797 0.049027 0.000000
outer loop
vertex 21.965784 6.682597 0.559712
vertex 22.006787 5.847273 0.671920
vertex 22.006787 5.847273 -0.671920
endloop
endfacet
facet normal 0.998797 0.049027 0.000000
outer loop
vertex 21.965784 6.682597 0.559712
vertex 22.006787 5.847273 -0.671920
vertex 21.965784 6.682597 -0.559712
endloop
endfacet
facet normal -0.999017 -0.044337 0.000000
outer loop
vertex 2.023683 6.682597 0.662694
vertex 1.986610 7.517922 0.469886
vertex 1.986610 7.517922 -0.469886
endloop
endfacet
facet normal -0.999017 -0.044337 -0.000000
outer loop
vertex 2.023683 6.682597 0.662694
vertex 1.986610 7.517922 -0.469886
vertex 2.023683 6.682597 -0.662694
endloop
endfacet
facet normal 0.998966 -0.045455 0.000000
outer loop
vertex 22.003793 7.517922 0.354236
vertex 21.965784 6.682597 0.559712
vertex 21.965784 6.682597 -0.559712
endloop
endfacet
facet normal 0.998966 -0.045455 0.000000
outer loop
vertex 22.003793 7.517922 0.354236
vertex 21.965784 6.682597 -0.559712
vertex 22.003793 7.517922 -0.354236
endloop
endfacet
facet normal -0.999415 0.034208 0.000000
outer loop
vertex 1.986610 7.517922 0.469886
vertex 2.015202 8.353247 0.336064
vertex 2.015202 8.353247 -0.336064
endloop
endfacet
facet normal -0.999415 0.034208 0.000000
outer loop
vertex 1.986610 7.517922 0.469886
vertex 2.015202 8.353247 -0.336064
vertex 1.986610 7.517922 -0.469886
endloop
endfacet
facet normal 0.999474 0.032432 0.000000
outer loop
vertex 21.976687 8.353247 0.036348
vertex 22.003793 7.517922 0.354236
vertex 22.003793 7.517922 -0.354236
endloop
endfacet
facet normal 0.999474 0.032432 0.000000
outer loop
vertex 21.976687 8.353247 0.036348
vertex 22.003793 7.517922 -0.354236
vertex 21.976687 8.353247 -0.036348
endloop
endfacet
facet normal 0.000000 1.000000 0.000000
outer loop
vertex 21.232618 8.353247 0.756678
vertex 21.976687 8.353247 0.036348
vertex 21.976687 8.353247 -0.036348
endloop
endfacet
facet normal 0.000000 1.000000 0.000000
outer loop
vertex 21.232618 8.353247 0.756678
vertex 21.976687 8.353247 -0.036348
vertex 21.232618 8.353247 -0.756678
endloop
endfacet
facet normal -0.611417 0.791309 0.000000
outer loop
vertex 2.015202 8.353247 0.336064
vertex 3.096297 9.188571 0.249256
vertex 3.096297 9.188571 -0.249256
endloop
endfacet
facet normal -0.611417 0.791309 0.000000
outer loop
vertex 2.015202 8.353247 0.336064
vertex 3.096297 9.188571 -0.249256
vertex 2.015202 8.353247 -0.336064
endloop
endfacet
facet normal -0.000000 1.000000 0.000000
outer loop
vertex 3.096297 9.188571 0.249256
vertex 3.689880 9.188571 1.105634
vertex 3.689880 9.188571 -1.105634
endloop
endfacet
facet normal 0.000000 1.000000 0.000000
outer loop
vertex 3.096297 9.188571 0.249256
vertex 3.689880 9.188571 -1.105634
vertex 3.096297 9.188571 -0.249256
endloop
endfacet
facet normal 0.949078 0.315040 0.000000
outer loop
vertex 20.955338 9.188571 0.338903
vertex 21.232618 8.353247 0.756678
vertex 21.232618 8.353247 -0.756678
endloop
endfacet
facet normal 0.949078 0.315040 0.000000
outer loop
vertex 20.955338 9.188571 0.338903
vertex 21.232618 8.353247 -0.756678
vertex 20.955338 9.188571 -0.338903
endloop
endfacet
facet normal 0.000000 1.000000 0.000000
outer loop
vertex 20.383569 9.188571 1.209998
vertex 20.955338 9.188571 0.338903
vertex 20.955338 9.188571 -0.338903
endloop
endfacet
facet normal 0.000000 1.000000 0.000000
outer loop
vertex 20.383569 9.188571 1.209998
vertex 20.955338 9.188571 -0.338903
vertex 20.383569 9.188571 -1.209998
endloop
endfacet
facet normal -0.999532 -0.030604 0.000000
outer loop
vertex 3.689880 9.188571 1.105634
vertex 3.664304 10.023896 1.190605
vertex 3.664304 10.023896 -1.190605
endloop
endfacet
facet normal -0.999532 -0.030604 -0.000000
outer loop
vertex 3.689880 9.188571 1.105634
vertex 3.664304 10.023896 -1.190605
vertex 3.689880 9.188571 -1.105634
endloop
endfacet
facet normal 0.773694 -0.633560 0.000000
outer loop
vertex 21.067598 10.023896 0.504002
vertex 20.383569 9.188571 1.209998
vertex 20.383569 9.188571 -1.209998
endloop
endfacet
facet normal 0.773694 -0.633560 0.000000
outer loop
vertex 21.067598 10.023896 0.504002
vertex 20.383569 9.188571 -1.209998
vertex 21.067598 10.023896 -0.504002
endloop
endfacet
facet normal 0.000000 -1.000000 0.000000
outer loop
vertex 3.664304 10.023896 1.190605
vertex 3.026595 10.023896 0.378225
vertex 3.026595 10.023896 -0.378225
endloop
endfacet
facet normal 0.000000 -1.000000 -0.000000
outer loop
vertex 3.664304 10.023896 1.190605
vertex 3.026595 10.023896 -0.378225
vertex 3.664304 10.023896 -1.190605
endloop
endfacet
facet normal -0.958952 -0.283569 0.000000
outer loop
vertex 3.026595 10.023896 0.378225
vertex 2.779583 10.859221 0.772707
vertex 2.779583 10.859221 -0.772707
endloop
endfacet
facet normal -0.958952 -0.283569 -0.000000
outer loop
vertex 3.026595 10.023896 0.378225
vertex 2.779583 10.859221 -0.772707
vertex 3.026595 10.023896 -0.378225
endloop
endfacet
facet normal 0.972688 -0.232117 0.000000
outer loop
vertex 21.266935 10.859221 0.859721
vertex 21.067598 10.023896 0.504002
vertex 21.067598 10.023896 -0.504002
endloop
endfacet
facet normal 0.972688 -0.232117 0.000000
outer loop
vertex 21.266935 10.859221 0.859721
vertex 21.067598 10.023896 -0.504002
vertex 21.266935 10.859221 -0.859721
endloop
endfacet
facet normal 0.000000 -1.000000 0.000000
outer loop
vertex 2.779583 10.859221 0.772707
vertex 2.018790 10.859221 0.105168
vertex 2.018790 10.859221 -0.105168
endloop
endfacet
facet normal 0.000000 -1.000000 -0.000000
outer loop
vertex 2.779583 10.859221 0.772707
vertex 2.018790 10.859221 -0.105168
vertex 2.779583 10.859221 -0.772707
endloop
endfacet
facet normal -0.999967 -0.008116 0.000000
outer loop
vertex 2.018790 10.859221 0.105168
vertex 2.012010 11.694545 0.244100
vertex 2.012010 11.694545 -0.244100
endloop
endfacet
facet normal -0.999967 -0.008116 -0.000000
outer loop
vertex 2.018790 10.859221 0.105168
vertex 2.012010 11.694545 -0.244100
vertex 2.018790 10.859221 -0.105168
endloop
endfacet
facet normal 0.737574 -0.675266 0.000000
outer loop
vertex 22.031694 11.694545 0.269254
vertex 21.266935 10.859221 0.859721
vertex 21.266935 10.859221 -0.859721
endloop
endfacet
facet normal 0.737574 -0.675266 0.000000
outer loop
vertex 22.031694 11.694545 0.269254
vertex 21.266935 10.859221 -0.859721
vertex 22.031694 11.694545 -0.269254
endloop
endfacet
facet normal -0.713570 0.700584 0.000000
outer loop
vertex 2.012010 11.694545 0.244100
vertex 2.832132 12.529870 0.820742
vertex 2.832132 12.529870 -0.820742
endloop
endfacet
facet normal -0.713570 0.700584 0.000000
outer loop
vertex 2.012010 11.694545 0.244100
vertex 2.832132 12.529870 -0.820742
vertex 2.012010 11.694545 -0.244100
endloop
endfacet
facet normal 0.994979 0.100089 0.000000
outer loop
vertex 21.947665 12.529870 0.144486
vertex 22.031694 11.694545 0.269254
vertex 22.031694 11.694545 -0.269254
endloop
endfacet
facet normal 0.994979 0.100089 0.000000
outer loop
vertex 21.947665 12.529870 0.144486
vertex 22.031694 11.694545 -0.269254
vertex 21.947665 12.529870 -0.144486
endloop
endfacet
facet normal 0.000000 1.000000 0.000000
outer loop
vertex 21.228673 12.529870 0.903354
vertex 21.947665 12.529870 0.144486
vertex 21.947665 12.529870 -0.144486
endloop
endfacet
facet normal 0.000000 1.000000 0.000000
outer loop
vertex 21.228673 12.529870 0.903354
vertex 21.947665 12.529870 -0.144486
vertex 21.228673 12.529870 -0.903354
endloop
endfacet
facet normal -0.990051 0.140711 0.000000
outer loop
vertex 2.832132 12.529870 0.820742
vertex 2.950853 13.365195 0.831573
vertex 2.950853 13.365195 -0.831573
endloop
endfacet
facet normal -0.990051 0.140711 0.000000
outer loop
vertex 2.832132 12.529870 0.820742
vertex 2.950853 13.365195 -0.831573
vertex 2.832132 12.529870 -0.820742
endloop
endfacet
facet normal 0.991008 0.133805 0.000000
outer loop
vertex 21.115888 13.365195 0.911828
vertex 21.228673 12.529870 0.903354
vertex 21.228673 12.529870 -0.903354
endloop
endfacet
facet normal 0.991008 0.133805 0.000000
outer loop
vertex 21.115888 13.365195 0.911828
vertex 21.228673 12.529870 -0.903354
vertex 21.115888 13.365195 -0.911828
endloop
endfacet
facet normal -0.994218 0.107378 0.000000
outer loop
vertex 2.950853 13.365195 0.831573
vertex 3.041071 14.200519 0.719912
vertex 3.041071 14.200519 -0.719912
endloop
endfacet
facet normal -0.994218 0.107378 0.000000
outer loop
vertex 2.950853 13.365195 0.831573
vertex 3.041071 14.200519 -0.719912
vertex 2.950853 13.365195 -0.831573
endloop
endfacet
facet normal 0.000000 1.000000 0.000000
outer loop
vertex 11.444723 14.200519 0.301077
vertex 12.530648 14.200519 0.108771
vertex 12.530648 14.200519 -0.108771
endloop
endfacet
facet normal 0.000000 1.000000 0.000000
outer loop
vertex 11.444723 14.200519 0.301077
vertex 12.530648 14.200519 -0.108771
vertex 11.444723 14.200519 -0.301077
endloop
endfacet
facet normal 0.951647 0.307194 0.000000
outer loop
vertex 20.846244 14.200519 0.459975
vertex 21.115888 13.365195 0.911828
vertex 21.115888 13.365195 -0.911828
endloop
endfacet
facet normal 0.951647 0.307194 0.000000
outer loop
vertex 20.846244 14.200519 0.459975
vertex 21.115888 13.365195 -0.911828
vertex 20.846244 14.200519 -0.459975
endloop
endfacet
facet normal 0.000000 1.000000 0.000000
outer loop
vertex 20.316436 14.200519 1.427196
vertex 20.846244 14.200519 0.459975
vertex 20.846244 14.200519 -0.459975
endloop
endfacet
facet normal 0.000000 1.000000 0.000000
outer loop
vertex 20.316436 14.200519 1.427196
vertex 20.846244 14.200519 -0.459975
vertex 20.316436 14.200519 -1.427196
endloop
endfacet
facet normal -0.760769 0.649023 0.000000
outer loop
vertex 3.041071 14.200519 0.719912
vertex 3.753697 15.035844 1.288908
vertex 3.753697 15.035844 -1.288908
endloop
endfacet
facet normal -0.760769 0.649023 0.000000
outer loop
vertex 3.041071 14.200519 0.719912
vertex 3.753697 15.035844 -1.288908
vertex 3.041071 14.200519 -0.719912
endloop
endfacet
facet normal 0.999993 0.003727 0.000000
outer loop
vertex 11.441610 15.035844 0.081865
vertex 11.444723 14.200519 0.301077
vertex 11.444723 14.200519 -0.301077
endloop
endfacet
facet normal 0.999993 0.003727 0.000000
outer loop
vertex 11.441610 15.035844 0.081865
vertex 11.444723 14.200519 -0.301077
vertex 11.441610 15.035844 -0.081865
endloop
endfacet
facet normal 0.000000 1.000000 0.000000
outer loop
vertex 10.578367 15.035844 0.727117
vertex 11.441610 15.035844 0.081865
vertex 11.441610 15.035844 -0.081865
endloop
endfacet
facet normal 0.000000 1.000000 0.000000
outer loop
vertex 10.578367 15.035844 0.727117
vertex 11.441610 15.035844 -0.081865
vertex 10.578367 15.035844 -0.727117
endloop
endfacet
facet normal -0.693384 0.720568 0.000000
outer loop
vertex 12.530648 14.200519 0.108771
vertex 13.398722 15.035844 0.670940
vertex 13.398722 15.035844 -0.670940
endloop
endfacet
facet normal -0.693384 0.720568 0.000000
outer loop
vertex 12.530648 14.200519 0.108771
vertex 13.398722 15.035844 -0.670940
vertex 12.530648 14.200519 -0.108771
endloop
endfacet
facet normal 0.989927 0.141577 0.000000
outer loop
vertex 20.196970 15.035844 1.080897
vertex 20.316436 14.200519 1.427196
vertex 20.316436 14.200519 -1.427196
endloop
endfacet
facet normal 0.989927 0.141577 0.000000
outer loop
vertex 20.196970 15.035844 1.080897
vertex 20.316436 14.200519 -1.427196
vertex 20.196970 15.035844 -1.080897
endloop
endfacet
facet normal -0.999945 -0.010475 0.000000
outer loop
vertex 3.753697 15.035844 1.288908
vertex 3.744947 15.871169 0.854788
vertex 3.744947 15.871169 -0.854788
endloop
endfacet
facet normal -0.999945 -0.010475 -0.000000
outer loop
vertex 3.753697 15.035844 1.288908
vertex 3.744947 15.871169 -0.854788
vertex 3.753697 15.035844 -1.288908
endloop
endfacet
facet normal 0.975842 0.218475 0.000000
outer loop
vertex 10.391352 15.871169 0.358034
vertex 10.578367 15.035844 0.727117
vertex 10.578367 15.035844 -0.727117
endloop
endfacet
facet normal 0.975842 0.218475 0.000000
outer loop
vertex 10.391352 15.871169 0.358034
vertex 10.578367 15.035844 -0.727117
vertex 10.391352 15.871169 -0.358034
endloop
endfacet
facet normal -0.998797 0.049034 0.000000
outer loop
vertex 13.398722 15.035844 0.670940
vertex 13.439730 15.871169 0.252438
vertex 13.439730 15.871169 -0.252438
endloop
endfacet
facet normal -0.998797 0.049034 0.000000
outer loop
vertex 13.398722 15.035844 0.670940
vertex 13.439730 15.871169 -0.252438
vertex 13.398722 15.035844 -0.670940
endloop
endfacet
facet normal 0.999905 -0.013800 0.000000
outer loop
vertex 20.208498 15.871169 0.793365
vertex 20.196970 15.035844 1.080897
vertex 20.196970 15.035844 -1.080897
endloop
endfacet
facet normal 0.999905 -0.013800 0.000000
outer loop
vertex 20.208498 15.871169 0.793365
vertex 20.196970 15.035844 -1.080897
vertex 20.208498 15.871169 -0.793365
endloop
endfacet
facet normal -0.724272 0.689514 0.000000
outer loop
vertex 3.744947 15.871169 0.854788
vertex 4.540184 16.706494 1.100817
vertex 4.540184 16.706494 -1.100817
endloop
endfacet
facet normal -0.724272 0.689514 0.000000
outer loop
vertex 3.744947 15.871169 0.854788
vertex 4.540184 16.706494 -1.100817
vertex 3.744947 15.871169 -0.854788
endloop
endfacet
facet normal 0.999505 -0.031451 0.000000
outer loop
vertex 10.417636 16.706494 0.008476
vertex 10.391352 15.871169 0.358034
vertex 10.391352 15.871169 -0.358034
endloop
endfacet
facet normal 0.999505 -0.031451 0.000000
outer loop
vertex 10.417636 16.706494 0.008476
vertex 10.391352 15.871169 -0.358034
vertex 10.417636 16.706494 -0.008476
endloop
endfacet
facet normal 0.000000 1.000000 0.000000
outer loop
vertex 9.557800 16.706494 0.490058
vertex 10.417636 16.706494 0.008476
vertex 10.417636 16.706494 -0.008476
endloop
endfacet
facet normal 0.000000 1.000000 0.000000
outer loop
vertex 9.557800 16.706494 0.490058
vertex 10.417636 16.706494 -0.008476
vertex 9.557800 16.706494 -0.490058
endloop
endfacet
facet normal -0.703121 0.711071 0.000000
outer loop
vertex 13.439730 15.871169 0.252438
vertex 14.284500 16.706494 0.380747
vertex 14.284500 16.706494 -0.380747
endloop
endfacet
facet normal -0.703121 0.711071 0.000000
outer loop
vertex 13.439730 15.871169 0.252438
vertex 14.284500 16.706494 -0.380747
vertex 13.439730 15.871169 -0.252438
endloop
endfacet
facet normal 0.994344 0.106204 0.000000
outer loop
vertex 20.119279 16.706494 0.286768
vertex 20.208498 15.871169 0.793365
vertex 20.208498 15.871169 -0.793365
endloop
endfacet
facet normal 0.994344 0.106204 0.000000
outer loop
vertex 20.119279 16.706494 0.286768
vertex 20.208498 15.871169 -0.793365
vertex 20.119279 16.706494 -0.286768
endloop
endfacet
facet normal 0.000000 1.000000 0.000000
outer loop
vertex 19.356010 16.706494 0.910195
vertex 20.119279 16.706494 0.286768
vertex 20.119279 16.706494 -0.286768
endloop
endfacet
facet normal 0.000000 1.000000 0.000000
outer loop
vertex 19.356010 16.706494 0.910195
vertex 20.119279 16.706494 -0.286768
vertex 19.356010 16.706494 -0.910195
endloop
endfacet
facet normal -0.998722 -0.050537 0.000000
outer loop
vertex 4.540184 16.706494 1.100817
vertex 4.497915 17.541818 0.469897
vertex 4.497915 17.541818 -0.469897
endloop
endfacet
facet normal -0.998722 -0.050537 -0.000000
outer loop
vertex 4.540184 16.706494 1.100817
vertex 4.497915 17.541818 -0.469897
vertex 4.540184 16.706494 -1.100817
endloop
endfacet
facet normal 0.992061 -0.125761 0.000000
outer loop
vertex 9.663692 17.541818 0.035685
vertex 9.557800 16.706494 0.490058
vertex 9.557800 16.706494 -0.490058
endloop
endfacet
facet normal 0.992061 -0.125761 0.000000
outer loop
vertex 9.663692 17.541818 0.035685
vertex 9.557800 16.706494 -0.490058
vertex 9.663692 17.541818 -0.035685
endloop
endfacet
facet normal 0.000000 1.000000 0.000000
outer loop
vertex 8.785346 17.541818 0.326458
vertex 9.663692 17.541818 0.035685
vertex 9.663692 17.541818 -0.035685
endloop
endfacet
facet normal 0.000000 1.000000 0.000000
outer loop
vertex 8.785346 17.541818 0.326458
vertex 9.663692 17.541818 -0.035685
vertex 8.785346 17.541818 -0.326458
endloop
endfacet
facet normal -0.695736 0.718298 0.000000
outer loop
vertex 14.284500 16.706494 0.380747
vertex 15.146914 17.541818 0.397883
vertex 15.146914 17.541818 -0.397883
endloop
endfacet
facet normal -0.695736 0.718298 0.000000
outer loop
vertex 14.284500 16.706494 0.380747
vertex 15.146914 17.541818 -0.397883
vertex 14.284500 16.706494 -0.380747
endloop
endfacet
facet normal 0.999189 -0.040268 0.000000
outer loop
vertex 19.389674 17.541818 0.062998
vertex 19.356010 16.706494 0.910195
vertex 19.356010 16.706494 -0.910195
endloop
endfacet
facet normal 0.999189 -0.040268 0.000000
outer loop
vertex 19.389674 17.541818 0.062998
vertex 19.356010 16.706494 -0.910195
vertex 19.389674 17.541818 -0.062998
endloop
endfacet
facet normal 0.000000 1.000000 0.000000
outer loop
vertex 18.723035 17.541818 0.704585
vertex 19.389674 17.541818 0.062998
vertex 19.389674 17.541818 -0.062998
endloop
endfacet
facet normal 0.000000 1.000000 0.000000
outer loop
vertex 18.723035 17.541818 0.704585
vertex 19.389674 17.541818 -0.062998
vertex 18.723035 17.541818 -0.704585
endloop
endfacet
facet normal -0.847499 0.530798 0.000000
outer loop
vertex 4.497915 17.541818 0.469897
vertex 5.021088 18.377143 0.067098
vertex 5.021088 18.377143 -0.067098
endloop
endfacet
facet normal -0.847499 0.530798 0.000000
outer loop
vertex 4.497915 17.541818 0.469897
vertex 5.021088 18.377143 -0.067098
vertex 4.497915 17.541818 -0.469897
endloop
endfacet
facet normal -0.000000 1.000000 0.000000
outer loop
vertex 5.021088 18.377143 0.067098
vertex 5.858265 18.377143 0.077404
vertex 5.858265 18.377143 -0.077404
endloop
endfacet
facet normal 0.000000 1.000000 0.000000
outer loop
vertex 5.021088 18.377143 0.067098
vertex 5.858265 18.377143 -0.077404
vertex 5.021088 18.377143 -0.067098
endloop
endfacet
facet normal -0.000000 1.000000 0.000000
outer loop
vertex 5.858265 18.377143 0.077404
vertex 6.596874 18.377143 0.471649
vertex 6.596874 18.377143 -0.471649
endloop
endfacet
facet normal 0.000000 1.000000 0.000000
outer loop
vertex 5.858265 18.377143 0.077404
vertex 6.596874 18.377143 -0.471649
vertex 5.858265 18.377143 -0.077404
endloop
endfacet
facet normal 0.000000 1.000000 0.000000
outer loop
vertex 6.596874 18.377143 0.471649
vertex 7.427288 18.377143 0.364958
vertex 7.427288 18.377143 -0.364958
endloop
endfacet
facet normal 0.000000 1.000000 0.000000
outer loop
vertex 6.596874 18.377143 0.471649
vertex 7.427288 18.377143 -0.364958
vertex 6.596874 18.377143 -0.471649
endloop
endfacet
facet normal 0.000000 1.000000 0.000000
outer loop
vertex 7.427288 18.377143 0.364958
vertex 8.197115 18.377143 0.035809
vertex 8.197115 18.377143 -0.035809
endloop
endfacet
facet normal 0.000000 1.000000 0.000000
outer loop
vertex 7.427288 18.377143 0.364958
vertex 8.197115 18.377143 -0.035809
vertex 7.427288 18.377143 -0.364958
endloop
endfacet
facet normal 0.958581 -0.284819 0.000000
outer loop
vertex 9.033542 18.377143 -0.001077
vertex 8.785346 17.541818 0.326458
vertex 8.785346 17.541818 -0.326458
endloop
endfacet
facet normal -0.958581 0.284819 0.000000
outer loop
vertex 9.033542 18.377143 -0.001077
vertex 8.785346 17.541818 -0.326458
vertex 9.033542 18.377143 0.001077
endloop
endfacet
facet normal 0.000000 -1.000000 0.000000
outer loop
vertex 8.197115 18.377143 0.035809
vertex 9.033542 18.377143 -0.001077
vertex 9.033542 18.377143 0.001077
endloop
endfacet
facet normal 0.000000 1.000000 0.000000
outer loop
vertex 8.197115 18.377143 0.035809
vertex 9.033542 18.377143 0.001077
vertex 8.197115 18.377143 -0.035809
endloop
endfacet
facet normal -0.819364 0.573274 0.000000
outer loop
vertex 15.146914 17.541818 0.397883
vertex 15.731355 18.377143 0.012491
vertex 15.731355 18.377143 -0.012491
endloop
endfacet
facet normal -0.819364 0.573274 0.000000
outer loop
vertex 15.146914 17.541818 0.397883
vertex 15.731355 18.377143 -0.012491
vertex 15.146914 17.541818 -0.397883
endloop
endfacet
facet normal -0.000000 1.000000 0.000000
outer loop
vertex 15.731355 18.377143 0.012491
vertex 16.522538 18.377143 0.286355
vertex 16.522538 18.377143 -0.286355
endloop
endfacet
facet normal 0.000000 1.000000 0.000000
outer loop
vertex 15.731355 18.377143 0.012491
vertex 16.522538 18.377143 -0.286355
vertex 15.731355 18.377143 -0.012491
endloop
endfacet
facet normal 0.000000 1.000000 0.000000
outer loop
vertex 16.522538 18.377143 0.286355
vertex 17.322663 18.377143 0.039835
vertex 17.322663 18.377143 -0.039835
endloop
endfacet
facet normal 0.000000 1.000000 0.000000
outer loop
vertex 16.522538 18.377143 0.286355
vertex 17.322663 18.377143 -0.039835
vertex 16.522538 18.377143 -0.286355
endloop
endfacet
facet normal -0.000000 1.000000 0.000000
outer loop
vertex 17.322663 18.377143 0.039835
vertex 18.158195 18.377143 0.093297
vertex 18.158195 18.377143 -0.093297
endloop
endfacet
facet normal 0.000000 1.000000 0.000000
outer loop
vertex 17.322663 18.377143 0.039835
vertex 18.158195 18.377143 -0.093297
vertex 17.322663 18.377143 -0.039835
endloop
endfacet
facet normal 0.951893 -0.306432 0.000000
outer loop
vertex 18.991942 18.377143 0.016894
vertex 18.723035 17.541818 0.704585
vertex 18.723035 17.541818 -0.704585
endloop
endfacet
facet normal 0.951893 -0.306432 0.000000
outer loop
vertex 18.991942 18.377143 0.016894
vertex 18.723035 17.541818 -0.704585
vertex 18.991942 18.377143 -0.016894
endloop
endfacet
facet normal 0.000000 1.000000 0.000000
outer loop
vertex 18.158195 18.377143 0.093297
vertex 18.991942 18.377143 0.016894
vertex 18.991942 18.377143 -0.016894
endloop
endfacet
facet normal 0.000000 1.000000 0.000000
outer loop
vertex 18.158195 18.377143 0.093297
vertex 18.991942 18.377143 -0.016894
vertex 18.158195 18.377143 -0.093297
endloop
endfacet
endsolid foldforge
