solid foldforge
facet normal -0.323097 -0.811364 0.487130
outer loop
vertex 14.694970 0.000000 0.018721
vertex 15.415341 0.000000 0.496519
vertex 15.530809 0.827586 1.951533
endloop
endfacet
facet normal -0.861947 -0.208637 0.462080
outer loop
vertex 14.694970 0.000000 0.018721
vertex 15.530809 0.827586 1.951533
vertex 15.098525 0.827586 1.145166
endloop
endfacet
facet normal -0.619158 -0.278054 0.734391
outer loop
vertex 15.415341 0.000000 0.496519
vertex 16.076226 0.000000 1.053705
vertex 16.387036 0.827586 1.629086
endloop
endfacet
facet normal 0.179118 -0.861216 0.475630
outer loop
vertex 15.415341 0.000000 0.496519
vertex 16.387036 0.827586 1.629086
vertex 15.530809 0.827586 1.951533
endloop
endfacet
facet normal 0.447661 -0.344022 0.825378
outer loop
vertex 16.076226 0.000000 1.053705
vertex 16.836081 0.000000 0.641581
vertex 16.962623 0.827586 0.917891
endloop
endfacet
facet normal 0.628036 -0.589252 0.508284
outer loop
vertex 16.076226 0.000000 1.053705
vertex 16.962623 0.827586 0.917891
vertex 16.387036 0.827586 1.629086
endloop
endfacet
facet normal 0.566394 0.058234 0.822074
outer loop
vertex 16.836081 0.000000 0.641581
vertex 17.547908 0.000000 0.151145
vertex 17.462334 0.827586 0.151480
endloop
endfacet
facet normal 0.800009 -0.296480 0.521618
outer loop
vertex 16.836081 0.000000 0.641581
vertex 17.462334 0.827586 0.151480
vertex 16.962623 0.827586 0.917891
endloop
endfacet
facet normal -0.876559 -0.104042 0.469914
outer loop
vertex 15.098525 0.827586 1.145166
vertex 15.530809 0.827586 1.951533
vertex 15.773858 1.655172 2.588140
endloop
endfacet
facet normal -0.684317 -0.446608 0.576413
outer loop
vertex 15.098525 0.827586 1.145166
vertex 15.773858 1.655172 2.588140
vertex 15.162478 1.655172 1.862311
endloop
endfacet
facet normal 0.336289 -0.299153 0.892982
outer loop
vertex 15.530809 0.827586 1.951533
vertex 16.387036 0.827586 1.629086
vertex 16.420643 1.655172 1.893675
endloop
endfacet
facet normal 0.588469 -0.594414 0.548066
outer loop
vertex 15.530809 0.827586 1.951533
vertex 16.420643 1.655172 1.893675
vertex 15.773858 1.655172 2.588140
endloop
endfacet
facet normal 0.772471 -0.111535 0.625179
outer loop
vertex 16.387036 0.827586 1.629086
vertex 16.962623 0.827586 0.917891
vertex 16.936871 1.655172 1.097356
endloop
endfacet
facet normal 0.821526 -0.203629 0.532569
outer loop
vertex 16.387036 0.827586 1.629086
vertex 16.936871 1.655172 1.097356
vertex 16.420643 1.655172 1.893675
endloop
endfacet
facet normal 0.837608 0.012335 0.546133
outer loop
vertex 16.962623 0.827586 0.917891
vertex 17.462334 0.827586 0.151480
vertex 17.380438 1.655172 0.258392
endloop
endfacet
facet normal 0.881644 -0.073649 0.466133
outer loop
vertex 16.962623 0.827586 0.917891
vertex 17.380438 1.655172 0.258392
vertex 16.936871 1.655172 1.097356
endloop
endfacet
facet normal -0.780606 -0.395850 0.483692
outer loop
vertex 14.662620 1.655172 1.055616
vertex 15.162478 1.655172 1.862311
vertex 15.065501 2.482759 2.383094
endloop
endfacet
facet normal -0.843858 -0.301331 0.443963
outer loop
vertex 14.662620 1.655172 1.055616
vertex 15.065501 2.482759 2.383094
vertex 14.618327 2.482759 1.533132
endloop
endfacet
facet normal -0.762210 -0.082718 0.642023
outer loop
vertex 15.162478 1.655172 1.862311
vertex 15.773858 1.655172 2.588140
vertex 15.904718 2.482759 2.850124
endloop
endfacet
facet normal -0.415718 -0.518795 0.747014
outer loop
vertex 15.162478 1.655172 1.862311
vertex 15.904718 2.482759 2.850124
vertex 15.065501 2.482759 2.383094
endloop
endfacet
facet normal 0.723444 -0.150520 0.673774
outer loop
vertex 15.773858 1.655172 2.588140
vertex 16.420643 1.655172 1.893675
vertex 16.442898 2.482759 2.054660
endloop
endfacet
facet normal 0.791475 -0.294664 0.535481
outer loop
vertex 15.773858 1.655172 2.588140
vertex 16.442898 2.482759 2.054660
vertex 15.904718 2.482759 2.850124
endloop
endfacet
facet normal 0.835943 -0.086764 0.541915
outer loop
vertex 16.420643 1.655172 1.893675
vertex 16.936871 1.655172 1.097356
vertex 16.936331 2.482759 1.230690
endloop
endfacet
facet normal 0.851510 -0.122091 0.509925
outer loop
vertex 16.420643 1.655172 1.893675
vertex 16.936331 2.482759 1.230690
vertex 16.442898 2.482759 2.054660
endloop
endfacet
facet normal 0.882023 -0.067591 0.466333
outer loop
vertex 16.936871 1.655172 1.097356
vertex 17.380438 1.655172 0.258392
vertex 17.380116 2.482759 0.378953
endloop
endfacet
facet normal 0.884431 -0.073667 0.460819
outer loop
vertex 16.936871 1.655172 1.097356
vertex 17.380116 2.482759 0.378953
vertex 16.936331 2.482759 1.230690
endloop
endfacet
facet normal -0.848253 -0.285142 0.446275
outer loop
vertex 14.618327 2.482759 1.533132
vertex 15.065501 2.482759 2.383094
vertex 15.018636 3.310345 2.822791
endloop
endfacet
facet normal -0.715500 -0.465581 0.520859
outer loop
vertex 14.618327 2.482759 1.533132
vertex 15.018636 3.310345 2.822791
vertex 14.450551 3.310345 2.042416
endloop
endfacet
facet normal -0.481368 -0.141751 0.864981
outer loop
vertex 15.065501 2.482759 2.383094
vertex 15.904718 2.482759 2.850124
vertex 15.963810 3.310345 3.018632
endloop
endfacet
facet normal -0.179140 -0.469492 0.864573
outer loop
vertex 15.065501 2.482759 2.383094
vertex 15.963810 3.310345 3.018632
vertex 15.018636 3.310345 2.822791
endloop
endfacet
facet normal 0.810535 -0.205708 0.548377
outer loop
vertex 15.904718 2.482759 2.850124
vertex 16.442898 2.482759 2.054660
vertex 16.529765 3.310345 2.236711
endloop
endfacet
facet normal 0.797642 -0.174506 0.577335
outer loop
vertex 15.904718 2.482759 2.850124
vertex 16.529765 3.310345 2.236711
vertex 15.963810 3.310345 3.018632
endloop
endfacet
facet normal 0.844621 -0.175448 0.505800
outer loop
vertex 16.442898 2.482759 2.054660
vertex 16.936331 2.482759 1.230690
vertex 17.007918 3.310345 1.398215
endloop
endfacet
facet normal 0.851790 -0.196259 0.485734
outer loop
vertex 16.442898 2.482759 2.054660
vertex 17.007918 3.310345 1.398215
vertex 16.529765 3.310345 2.236711
endloop
endfacet
facet normal 0.879421 -0.129089 0.458209
outer loop
vertex 16.936331 2.482759 1.230690
vertex 17.380116 2.482759 0.378953
vertex 17.424263 3.310345 0.527374
endloop
endfacet
facet normal 0.890106 -0.163139 0.425556
outer loop
vertex 16.936331 2.482759 1.230690
vertex 17.424263 3.310345 0.527374
vertex 17.007918 3.310345 1.398215
endloop
endfacet
facet normal -0.130604 -0.884784 0.447324
outer loop
vertex 12.541882 3.310345 0.110608
vertex 13.468446 3.310345 0.381134
vertex 12.680534 4.137931 1.788013
endloop
endfacet
facet normal -0.426114 -0.796830 0.428357
outer loop
vertex 12.541882 3.310345 0.110608
vertex 12.680534 4.137931 1.788013
vertex 12.005250 4.137931 1.116264
endloop
endfacet
facet normal -0.659356 -0.655959 0.367380
outer loop
vertex 13.468446 3.310345 0.381134
vertex 13.938259 3.310345 1.224331
vertex 13.588822 4.137931 2.074839
endloop
endfacet
facet normal -0.139803 -0.885699 0.442711
outer loop
vertex 13.468446 3.310345 0.381134
vertex 13.588822 4.137931 2.074839
vertex 12.680534 4.137931 1.788013
endloop
endfacet
facet normal -0.787144 -0.370727 0.492916
outer loop
vertex 13.938259 3.310345 1.224331
vertex 14.450551 3.310345 2.042416
vertex 14.396872 4.137931 2.579132
endloop
endfacet
facet normal -0.356959 -0.738533 0.571970
outer loop
vertex 13.938259 3.310345 1.224331
vertex 14.396872 4.137931 2.579132
vertex 13.588822 4.137931 2.074839
endloop
endfacet
facet normal -0.791228 -0.205425 0.575986
outer loop
vertex 14.450551 3.310345 2.042416
vertex 15.018636 3.310345 2.822791
vertex 15.096736 4.137931 3.225234
endloop
endfacet
facet normal -0.601692 -0.461712 0.651758
outer loop
vertex 14.450551 3.310345 2.042416
vertex 15.096736 4.137931 3.225234
vertex 14.396872 4.137931 2.579132
endloop
endfacet
facet normal -0.201267 -0.126283 0.971362
outer loop
vertex 15.018636 3.310345 2.822791
vertex 15.963810 3.310345 3.018632
vertex 16.045696 4.137931 3.143190
endloop
endfacet
facet normal 0.077269 -0.441899 0.893731
outer loop
vertex 15.018636 3.310345 2.822791
vertex 16.045696 4.137931 3.143190
vertex 15.096736 4.137931 3.225234
endloop
endfacet
facet normal 0.786619 -0.238878 0.569357
outer loop
vertex 15.963810 3.310345 3.018632
vertex 16.529765 3.310345 2.236711
vertex 16.654928 4.137931 2.411007
endloop
endfacet
facet normal 0.757530 -0.169823 0.630324
outer loop
vertex 15.963810 3.310345 3.018632
vertex 16.654928 4.137931 2.411007
vertex 16.045696 4.137931 3.143190
endloop
endfacet
facet normal 0.849351 -0.209796 0.484343
outer loop
vertex 16.529765 3.310345 2.236711
vertex 17.007918 3.310345 1.398215
vertex 17.111491 4.137931 1.575061
endloop
endfacet
facet normal 0.854610 -0.227552 0.466757
outer loop
vertex 16.529765 3.310345 2.236711
vertex 17.111491 4.137931 1.575061
vertex 16.654928 4.137931 2.411007
endloop
endfacet
facet normal 0.883828 -0.200736 0.422554
outer loop
vertex 17.007918 3.310345 1.398215
vertex 17.424263 3.310345 0.527374
vertex 17.522207 4.137931 0.715661
endloop
endfacet
facet normal 0.883866 -0.200880 0.422408
outer loop
vertex 17.007918 3.310345 1.398215
vertex 17.522207 4.137931 0.715661
vertex 17.111491 4.137931 1.575061
endloop
endfacet
facet normal -0.085826 -0.843083 0.530890
outer loop
vertex 1.902863 4.137931 0.064025
vertex 2.843155 4.137931 0.216036
vertex 2.346412 4.965517 1.449983
endloop
endfacet
facet normal -0.836137 -0.309862 0.452615
outer loop
vertex 1.902863 4.137931 0.064025
vertex 2.346412 4.965517 1.449983
vertex 1.867779 4.965517 0.565781
endloop
endfacet
facet normal 0.052119 -0.904031 0.424278
outer loop
vertex 2.843155 4.137931 0.216036
vertex 3.788548 4.137931 0.099901
vertex 3.228747 4.965517 1.932048
endloop
endfacet
facet normal -0.254541 -0.847439 0.465893
outer loop
vertex 2.843155 4.137931 0.216036
vertex 3.228747 4.965517 1.932048
vertex 2.346412 4.965517 1.449983
endloop
endfacet
facet normal 0.053400 -0.849126 0.525484
outer loop
vertex 3.788548 4.137931 0.099901
vertex 4.736168 4.137931 0.003604
vertex 4.086170 4.965517 1.406950
endloop
endfacet
facet normal 0.285119 -0.837828 0.465566
outer loop
vertex 3.788548 4.137931 0.099901
vertex 4.086170 4.965517 1.406950
vertex 3.228747 4.965517 1.932048
endloop
endfacet
facet normal 0.541243 -0.590318 0.598816
outer loop
vertex 4.736168 4.137931 0.003604
vertex 4.832073 4.965517 0.732761
vertex 4.086170 4.965517 1.406950
endloop
endfacet
facet normal -0.038138 -0.771711 0.634829
outer loop
vertex 9.498663 4.137931 0.001210
vertex 10.449449 4.137931 0.058330
vertex 9.359367 4.965517 0.998872
endloop
endfacet
facet normal -0.513735 -0.694208 0.504134
outer loop
vertex 9.498663 4.137931 0.001210
vertex 9.359367 4.965517 0.998872
vertex 8.655154 4.965517 0.281247
endloop
endfacet
facet normal -0.207782 -0.872752 0.441736
outer loop
vertex 10.449449 4.137931 0.058330
vertex 11.311360 4.137931 0.463751
vertex 10.186896 4.965517 1.569921
endloop
endfacet
facet normal -0.290057 -0.859760 0.420332
outer loop
vertex 10.449449 4.137931 0.058330
vertex 10.186896 4.965517 1.569921
vertex 9.359367 4.965517 0.998872
endloop
endfacet
facet normal -0.363603 -0.847518 0.386660
outer loop
vertex 11.311360 4.137931 0.463751
vertex 12.005250 4.137931 1.116264
vertex 11.069932 4.965517 2.050702
endloop
endfacet
facet normal -0.229916 -0.876823 0.422280
outer loop
vertex 11.311360 4.137931 0.463751
vertex 11.069932 4.965517 2.050702
vertex 10.186896 4.965517 1.569921
endloop
endfacet
facet normal -0.441805 -0.779458 0.444131
outer loop
vertex 12.005250 4.137931 1.116264
vertex 12.680534 4.137931 1.788013
vertex 11.958150 4.965517 2.521840
endloop
endfacet
facet normal -0.256712 -0.836584 0.483969
outer loop
vertex 12.005250 4.137931 1.116264
vertex 11.958150 4.965517 2.521840
vertex 11.069932 4.965517 2.050702
endloop
endfacet
facet normal -0.184932 -0.789207 0.585621
outer loop
vertex 12.680534 4.137931 1.788013
vertex 13.588822 4.137931 2.074839
vertex 12.862690 4.965517 2.960824
endloop
endfacet
facet normal -0.282441 -0.762581 0.581977
outer loop
vertex 12.680534 4.137931 1.788013
vertex 12.862690 4.965517 2.960824
vertex 11.958150 4.965517 2.521840
endloop
endfacet
facet normal -0.393609 -0.668801 0.630696
outer loop
vertex 13.588822 4.137931 2.074839
vertex 14.396872 4.137931 2.579132
vertex 13.855618 4.965517 3.118930
endloop
endfacet
facet normal -0.100907 -0.766963 0.633708
outer loop
vertex 13.588822 4.137931 2.074839
vertex 13.855618 4.965517 3.118930
vertex 12.862690 4.965517 2.960824
endloop
endfacet
facet normal -0.612099 -0.430959 0.663031
outer loop
vertex 14.396872 4.137931 2.579132
vertex 15.096736 4.137931 3.225234
vertex 14.792942 4.965517 3.482694
endloop
endfacet
facet normal -0.276390 -0.645291 0.712185
outer loop
vertex 14.396872 4.137931 2.579132
vertex 14.792942 4.965517 3.482694
vertex 13.855618 4.965517 3.118930
endloop
endfacet
facet normal 0.083479 -0.246399 0.965567
outer loop
vertex 15.096736 4.137931 3.225234
vertex 16.045696 4.137931 3.143190
vertex 15.792728 4.965517 3.376249
endloop
endfacet
facet normal 0.102197 -0.261104 0.959886
outer loop
vertex 15.096736 4.137931 3.225234
vertex 15.792728 4.965517 3.376249
vertex 14.792942 4.965517 3.482694
endloop
endfacet
facet normal 0.765261 -0.094438 0.636756
outer loop
vertex 16.045696 4.137931 3.143190
vertex 16.654928 4.137931 2.411007
vertex 16.526155 4.965517 2.688509
endloop
endfacet
facet normal 0.684017 0.003659 0.729457
outer loop
vertex 16.045696 4.137931 3.143190
vertex 16.526155 4.965517 2.688509
vertex 15.792728 4.965517 3.376249
endloop
endfacet
facet normal 0.871569 -0.117356 0.476019
outer loop
vertex 16.654928 4.137931 2.411007
vertex 17.111491 4.137931 1.575061
vertex 17.074926 4.965517 1.846041
endloop
endfacet
facet normal 0.836755 -0.052563 0.545049
outer loop
vertex 16.654928 4.137931 2.411007
vertex 17.074926 4.965517 1.846041
vertex 16.526155 4.965517 2.688509
endloop
endfacet
facet normal 0.897493 -0.102629 0.428921
outer loop
vertex 17.111491 4.137931 1.575061
vertex 17.522207 4.137931 0.715661
vertex 17.509848 4.965517 0.939539
endloop
endfacet
facet normal 0.896964 -0.101279 0.430346
outer loop
vertex 17.111491 4.137931 1.575061
vertex 17.509848 4.965517 0.939539
vertex 17.074926 4.965517 1.846041
endloop
endfacet
facet normal -0.877140 -0.071974 0.474811
outer loop
vertex 1.867779 4.965517 0.565781
vertex 2.346412 4.965517 1.449983
vertex 2.377637 5.793103 1.633117
endloop
endfacet
facet normal -0.899889 -0.007963 0.436045
outer loop
vertex 1.867779 4.965517 0.565781
vertex 2.377637 5.793103 1.633117
vertex 1.916211 5.793103 0.680848
endloop
endfacet
facet normal -0.398809 -0.555091 0.729949
outer loop
vertex 2.346412 4.965517 1.449983
vertex 3.228747 4.965517 1.932048
vertex 3.040062 5.793103 2.458298
endloop
endfacet
facet normal -0.775217 -0.108461 0.622315
outer loop
vertex 2.346412 4.965517 1.449983
vertex 3.040062 5.793103 2.458298
vertex 2.377637 5.793103 1.633117
endloop
endfacet
facet normal 0.319739 -0.790686 0.522095
outer loop
vertex 3.228747 4.965517 1.932048
vertex 4.086170 4.965517 1.406950
vertex 4.077764 5.793103 2.665433
endloop
endfacet
facet normal -0.162756 -0.555590 0.815371
outer loop
vertex 3.228747 4.965517 1.932048
vertex 4.077764 5.793103 2.665433
vertex 3.040062 5.793103 2.458298
endloop
endfacet
facet normal 0.390492 -0.812937 0.432029
outer loop
vertex 4.086170 4.965517 1.406950
vertex 4.832073 4.965517 0.732761
vertex 4.996871 5.793103 2.141055
endloop
endfacet
facet normal 0.299850 -0.796162 0.525563
outer loop
vertex 4.086170 4.965517 1.406950
vertex 4.996871 5.793103 2.141055
vertex 4.077764 5.793103 2.665433
endloop
endfacet
facet normal 0.338590 -0.780146 0.526051
outer loop
vertex 4.832073 4.965517 0.732761
vertex 5.677521 4.965517 0.188592
vertex 5.732577 5.793103 1.380485
endloop
endfacet
facet normal 0.432726 -0.798461 0.418579
outer loop
vertex 4.832073 4.965517 0.732761
vertex 5.732577 5.793103 1.380485
vertex 4.996871 5.793103 2.141055
endloop
endfacet
facet normal 0.486076 -0.728201 0.483171
outer loop
vertex 5.677521 4.965517 0.188592
vertex 6.478572 5.793103 0.630004
vertex 5.732577 5.793103 1.380485
endloop
endfacet
facet normal -0.192140 -0.572353 0.797179
outer loop
vertex 7.677708 4.965517 0.045658
vertex 8.655154 4.965517 0.281247
vertex 8.255682 5.793103 0.779149
endloop
endfacet
facet normal -0.584495 -0.269967 0.765169
outer loop
vertex 7.677708 4.965517 0.045658
vertex 8.255682 5.793103 0.779149
vertex 7.414778 5.793103 0.136802
endloop
endfacet
facet normal -0.509273 -0.700632 0.499756
outer loop
vertex 8.655154 4.965517 0.281247
vertex 9.359367 4.965517 0.998872
vertex 8.858575 5.793103 1.648776
endloop
endfacet
facet normal -0.660782 -0.594565 0.458104
outer loop
vertex 8.655154 4.965517 0.281247
vertex 8.858575 5.793103 1.648776
vertex 8.255682 5.793103 0.779149
endloop
endfacet
facet normal -0.315093 -0.831998 0.456613
outer loop
vertex 9.359367 4.965517 0.998872
vertex 10.186896 4.965517 1.569921
vertex 9.417771 5.793103 2.547124
endloop
endfacet
facet normal -0.622066 -0.680511 0.387219
outer loop
vertex 9.359367 4.965517 0.998872
vertex 9.417771 5.793103 2.547124
vertex 8.858575 5.793103 1.648776
endloop
endfacet
facet normal -0.272492 -0.821748 0.500477
outer loop
vertex 10.186896 4.965517 1.569921
vertex 11.069932 4.965517 2.050702
vertex 10.362274 5.793103 3.024246
endloop
endfacet
facet normal -0.253258 -0.827352 0.501347
outer loop
vertex 10.186896 4.965517 1.569921
vertex 10.362274 5.793103 3.024246
vertex 9.417771 5.793103 2.547124
endloop
endfacet
facet normal -0.317318 -0.735821 0.598228
outer loop
vertex 11.069932 4.965517 2.050702
vertex 11.958150 4.965517 2.521840
vertex 11.397696 5.793103 3.242491
endloop
endfacet
facet normal -0.124100 -0.798720 0.588766
outer loop
vertex 11.069932 4.965517 2.050702
vertex 11.397696 5.793103 3.242491
vertex 10.362274 5.793103 3.024246
endloop
endfacet
facet normal -0.326252 -0.664558 0.672252
outer loop
vertex 11.958150 4.965517 2.521840
vertex 12.862690 4.965517 2.960824
vertex 12.407699 5.793103 3.558126
endloop
endfacet
facet normal -0.207451 -0.718540 0.663825
outer loop
vertex 11.958150 4.965517 2.521840
vertex 12.407699 5.793103 3.558126
vertex 11.397696 5.793103 3.242491
endloop
endfacet
facet normal -0.112781 -0.696863 0.708281
outer loop
vertex 12.862690 4.965517 2.960824
vertex 13.855618 4.965517 3.118930
vertex 13.420722 5.793103 3.863926
endloop
endfacet
facet normal -0.220211 -0.647571 0.729492
outer loop
vertex 12.862690 4.965517 2.960824
vertex 13.420722 5.793103 3.863926
vertex 12.407699 5.793103 3.558126
endloop
endfacet
facet normal -0.288463 -0.603573 0.743296
outer loop
vertex 13.855618 4.965517 3.118930
vertex 14.792942 4.965517 3.482694
vertex 14.466117 5.793103 4.027876
endloop
endfacet
facet normal -0.111170 -0.696536 0.708857
outer loop
vertex 13.855618 4.965517 3.118930
vertex 14.466117 5.793103 4.027876
vertex 13.420722 5.793103 3.863926
endloop
endfacet
facet normal 0.086610 -0.575096 0.813488
outer loop
vertex 14.792942 4.965517 3.482694
vertex 15.792728 4.965517 3.376249
vertex 15.523611 5.793103 3.989964
endloop
endfacet
facet normal 0.030119 -0.541550 0.840129
outer loop
vertex 14.792942 4.965517 3.482694
vertex 15.523611 5.793103 3.989964
vertex 14.466117 5.793103 4.027876
endloop
endfacet
facet normal 0.637995 -0.360623 0.680377
outer loop
vertex 15.792728 4.965517 3.376249
vertex 16.526155 4.965517 2.688509
vertex 16.332975 5.793103 3.308304
endloop
endfacet
facet normal 0.606544 -0.336825 0.720176
outer loop
vertex 15.792728 4.965517 3.376249
vertex 16.332975 5.793103 3.308304
vertex 15.523611 5.793103 3.989964
endloop
endfacet
facet normal 0.781572 -0.360496 0.509105
outer loop
vertex 16.526155 4.965517 2.688509
vertex 17.074926 4.965517 1.846041
vertex 17.025381 5.793103 2.508114
endloop
endfacet
facet normal 0.721565 -0.299172 0.624371
outer loop
vertex 16.526155 4.965517 2.688509
vertex 17.025381 5.793103 2.508114
vertex 16.332975 5.793103 3.308304
endloop
endfacet
facet normal 0.825081 -0.403159 0.395858
outer loop
vertex 17.074926 4.965517 1.846041
vertex 17.509848 4.965517 0.939539
vertex 17.590797 5.793103 1.613667
endloop
endfacet
facet normal 0.790969 -0.352653 0.500004
outer loop
vertex 17.074926 4.965517 1.846041
vertex 17.590797 5.793103 1.613667
vertex 17.025381 5.793103 2.508114
endloop
endfacet
facet normal 0.651649 -0.516349 0.555641
outer loop
vertex 17.509848 4.965517 0.939539
vertex 18.277368 5.793103 0.808465
vertex 17.590797 5.793103 1.613667
endloop
endfacet
facet normal -0.861705 0.288309 0.417543
outer loop
vertex 1.916211 5.793103 0.680848
vertex 2.377637 5.793103 1.633117
vertex 2.538035 6.620690 1.392699
endloop
endfacet
facet normal -0.839038 0.192817 0.508760
outer loop
vertex 1.916211 5.793103 0.680848
vertex 2.538035 6.620690 1.392699
vertex 1.991555 6.620690 0.491454
endloop
endfacet
facet normal -0.757395 0.238074 0.608008
outer loop
vertex 2.377637 5.793103 1.633117
vertex 3.040062 5.793103 2.458298
vertex 3.139552 6.620690 2.258180
endloop
endfacet
facet normal -0.780957 0.309038 0.542772
outer loop
vertex 2.377637 5.793103 1.633117
vertex 3.139552 6.620690 2.258180
vertex 2.538035 6.620690 1.392699
endloop
endfacet
facet normal -0.182253 -0.364867 0.913048
outer loop
vertex 3.040062 5.793103 2.458298
vertex 4.077764 5.793103 2.665433
vertex 3.921449 6.620690 2.964946
endloop
endfacet
facet normal -0.648990 0.251634 0.717978
outer loop
vertex 3.040062 5.793103 2.458298
vertex 3.921449 6.620690 2.964946
vertex 3.139552 6.620690 2.258180
endloop
endfacet
facet normal 0.383134 -0.634226 0.671540
outer loop
vertex 4.077764 5.793103 2.665433
vertex 4.996871 5.793103 2.141055
vertex 4.975010 6.620690 2.935128
endloop
endfacet
facet normal 0.026649 -0.335735 0.941579
outer loop
vertex 4.077764 5.793103 2.665433
vertex 4.975010 6.620690 2.935128
vertex 3.921449 6.620690 2.964946
endloop
endfacet
facet normal 0.502551 -0.714933 0.486122
outer loop
vertex 4.996871 5.793103 2.141055
vertex 5.732577 5.793103 1.380485
vertex 5.898124 6.620690 2.426462
endloop
endfacet
facet normal 0.371796 -0.637583 0.674727
outer loop
vertex 4.996871 5.793103 2.141055
vertex 5.898124 6.620690 2.426462
vertex 4.975010 6.620690 2.935128
endloop
endfacet
facet normal 0.440089 -0.784189 0.437458
outer loop
vertex 5.732577 5.793103 1.380485
vertex 6.478572 5.793103 0.630004
vertex 6.764359 6.620690 1.826031
endloop
endfacet
facet normal 0.373310 -0.755369 0.538570
outer loop
vertex 5.732577 5.793103 1.380485
vertex 6.764359 6.620690 1.826031
vertex 5.898124 6.620690 2.426462
endloop
endfacet
facet normal 0.330198 -0.705767 0.626788
outer loop
vertex 6.478572 5.793103 0.630004
vertex 7.414778 5.793103 0.136802
vertex 7.467515 6.620690 1.040886
endloop
endfacet
facet normal 0.471909 -0.773748 0.422630
outer loop
vertex 6.478572 5.793103 0.630004
vertex 7.467515 6.620690 1.040886
vertex 6.764359 6.620690 1.826031
endloop
endfacet
facet normal -0.464398 -0.643997 0.607949
outer loop
vertex 7.414778 5.793103 0.136802
vertex 8.255682 5.793103 0.779149
vertex 8.298848 6.620690 1.688780
endloop
endfacet
facet normal -0.474756 -0.635228 0.609173
outer loop
vertex 7.414778 5.793103 0.136802
vertex 8.298848 6.620690 1.688780
vertex 7.467515 6.620690 1.040886
endloop
endfacet
facet normal -0.742228 -0.429320 0.514570
outer loop
vertex 8.255682 5.793103 0.779149
vertex 8.858575 5.793103 1.648776
vertex 8.970650 6.620690 2.500915
endloop
endfacet
facet normal -0.642982 -0.551071 0.531879
outer loop
vertex 8.255682 5.793103 0.779149
vertex 8.970650 6.620690 2.500915
vertex 8.298848 6.620690 1.688780
endloop
endfacet
facet normal -0.834034 -0.186703 0.519163
outer loop
vertex 8.858575 5.793103 1.648776
vertex 9.417771 5.793103 2.547124
vertex 9.685729 6.620690 3.275217
endloop
endfacet
facet normal -0.630204 -0.513923 0.582002
outer loop
vertex 8.858575 5.793103 1.648776
vertex 9.685729 6.620690 3.275217
vertex 8.970650 6.620690 2.500915
endloop
endfacet
facet normal -0.354317 -0.618464 0.701400
outer loop
vertex 9.417771 5.793103 2.547124
vertex 10.362274 5.793103 3.024246
vertex 10.565004 6.620690 3.856385
endloop
endfacet
facet normal -0.482041 -0.485547 0.729301
outer loop
vertex 9.417771 5.793103 2.547124
vertex 10.565004 6.620690 3.856385
vertex 9.685729 6.620690 3.275217
endloop
endfacet
facet normal -0.145411 -0.709179 0.689870
outer loop
vertex 10.362274 5.793103 3.024246
vertex 11.397696 5.793103 3.242491
vertex 11.582273 6.620690 4.132146
endloop
endfacet
facet normal -0.193857 -0.671574 0.715128
outer loop
vertex 10.362274 5.793103 3.024246
vertex 11.582273 6.620690 4.132146
vertex 10.565004 6.620690 3.856385
endloop
endfacet
facet normal -0.210730 -0.707736 0.674317
outer loop
vertex 11.397696 5.793103 3.242491
vertex 12.407699 5.793103 3.558126
vertex 12.577295 6.620690 4.479728
endloop
endfacet
facet normal -0.240129 -0.685417 0.687417
outer loop
vertex 11.397696 5.793103 3.242491
vertex 12.577295 6.620690 4.479728
vertex 11.582273 6.620690 4.132146
endloop
endfacet
facet normal -0.221582 -0.641947 0.734034
outer loop
vertex 12.407699 5.793103 3.558126
vertex 13.420722 5.793103 3.863926
vertex 13.617887 6.620690 4.647207
endloop
endfacet
facet normal -0.108667 -0.729608 0.675176
outer loop
vertex 12.407699 5.793103 3.558126
vertex 13.617887 6.620690 4.647207
vertex 12.577295 6.620690 4.479728
endloop
endfacet
facet normal -0.124275 -0.597184 0.792419
outer loop
vertex 13.420722 5.793103 3.863926
vertex 14.466117 5.793103 4.027876
vertex 14.671237 6.620690 4.683732
endloop
endfacet
facet normal -0.025280 -0.683995 0.729048
outer loop
vertex 13.420722 5.793103 3.863926
vertex 14.671237 6.620690 4.683732
vertex 13.617887 6.620690 4.647207
endloop
endfacet
facet normal 0.034165 -0.301109 0.952978
outer loop
vertex 14.466117 5.793103 4.027876
vertex 15.523611 5.793103 3.989964
vertex 15.630758 6.620690 4.247612
endloop
endfacet
facet normal 0.319334 -0.635934 0.702576
outer loop
vertex 14.466117 5.793103 4.027876
vertex 15.630758 6.620690 4.247612
vertex 14.671237 6.620690 4.683732
endloop
endfacet
facet normal 0.602277 -0.354799 0.715109
outer loop
vertex 15.523611 5.793103 3.989964
vertex 16.332975 5.793103 3.308304
vertex 16.466983 6.620690 3.606045
endloop
endfacet
facet normal 0.578763 -0.309784 0.754366
outer loop
vertex 15.523611 5.793103 3.989964
vertex 16.466983 6.620690 3.606045
vertex 15.630758 6.620690 4.247612
endloop
endfacet
facet normal 0.630403 -0.552299 0.545488
outer loop
vertex 16.332975 5.793103 3.308304
vertex 17.025381 5.793103 2.508114
vertex 17.327281 6.620690 2.997137
endloop
endfacet
facet normal 0.538744 -0.361082 0.761167
outer loop
vertex 16.332975 5.793103 3.308304
vertex 17.327281 6.620690 2.997137
vertex 16.466983 6.620690 3.606045
endloop
endfacet
facet normal 0.577238 -0.730512 0.364896
outer loop
vertex 17.025381 5.793103 2.508114
vertex 17.590797 5.793103 1.613667
vertex 18.166591 6.620690 2.359612
endloop
endfacet
facet normal 0.497578 -0.568596 0.655068
outer loop
vertex 17.025381 5.793103 2.508114
vertex 18.166591 6.620690 2.359612
vertex 17.327281 6.620690 2.997137
endloop
endfacet
facet normal 0.537998 -0.707193 0.458734
outer loop
vertex 17.590797 5.793103 1.613667
vertex 18.277368 5.793103 0.808465
vertex 18.775910 6.620690 1.499604
endloop
endfacet
facet normal 0.551948 -0.736497 0.391057
outer loop
vertex 17.590797 5.793103 1.613667
vertex 18.775910 6.620690 1.499604
vertex 18.166591 6.620690 2.359612
endloop
endfacet
facet normal 0.669880 -0.670265 0.319384
outer loop
vertex 18.277368 5.793103 0.808465
vertex 19.229508 6.620690 0.548222
vertex 18.775910 6.620690 1.499604
endloop
endfacet
facet normal -0.751546 0.476979 0.455708
outer loop
vertex 1.991555 6.620690 0.491454
vertex 2.538035 6.620690 1.392699
vertex 2.759716 7.448276 0.892077
endloop
endfacet
facet normal -0.751736 0.402398 0.522464
outer loop
vertex 2.538035 6.620690 1.392699
vertex 3.139552 6.620690 2.258180
vertex 3.252601 7.448276 1.783436
endloop
endfacet
facet normal -0.774148 0.466315 0.428072
outer loop
vertex 2.538035 6.620690 1.392699
vertex 3.252601 7.448276 1.783436
vertex 2.759716 7.448276 0.892077
endloop
endfacet
facet normal -0.634147 0.325077 0.701557
outer loop
vertex 3.139552 6.620690 2.258180
vertex 3.921449 6.620690 2.964946
vertex 3.904442 7.448276 2.566099
endloop
endfacet
facet normal -0.694866 0.426901 0.578720
outer loop
vertex 3.139552 6.620690 2.258180
vertex 3.904442 7.448276 2.566099
vertex 3.252601 7.448276 1.783436
endloop
endfacet
facet normal 0.026837 -0.316481 0.948219
outer loop
vertex 3.921449 6.620690 2.964946
vertex 4.975010 6.620690 2.935128
vertex 4.685777 7.448276 3.219532
endloop
endfacet
facet normal -0.604274 0.335810 0.722554
outer loop
vertex 3.921449 6.620690 2.964946
vertex 4.685777 7.448276 3.219532
vertex 3.904442 7.448276 2.566099
endloop
endfacet
facet normal 0.383628 -0.606743 0.696199
outer loop
vertex 4.975010 6.620690 2.935128
vertex 5.898124 6.620690 2.426462
vertex 5.703722 7.448276 3.254833
endloop
endfacet
facet normal -0.032655 -0.335014 0.941647
outer loop
vertex 4.975010 6.620690 2.935128
vertex 5.703722 7.448276 3.254833
vertex 4.685777 7.448276 3.219532
endloop
endfacet
facet normal 0.435155 -0.645380 0.627793
outer loop
vertex 5.898124 6.620690 2.426462
vertex 6.764359 6.620690 1.826031
vertex 6.607661 7.448276 2.785416
endloop
endfacet
facet normal 0.363383 -0.615058 0.699755
outer loop
vertex 5.898124 6.620690 2.426462
vertex 6.607661 7.448276 2.785416
vertex 5.703722 7.448276 3.254833
endloop
endfacet
facet normal 0.470478 -0.775317 0.421348
outer loop
vertex 6.764359 6.620690 1.826031
vertex 7.467515 6.620690 1.040886
vertex 7.569392 7.448276 2.449959
endloop
endfacet
facet normal 0.229161 -0.718228 0.656988
outer loop
vertex 6.764359 6.620690 1.826031
vertex 7.569392 7.448276 2.449959
vertex 6.607661 7.448276 2.785416
endloop
endfacet
facet normal -0.478346 -0.628060 0.613780
outer loop
vertex 7.467515 6.620690 1.040886
vertex 8.298848 6.620690 1.688780
vertex 8.548616 7.448276 2.730277
endloop
endfacet
facet normal -0.145665 -0.848444 0.508846
outer loop
vertex 7.467515 6.620690 1.040886
vertex 8.548616 7.448276 2.730277
vertex 7.569392 7.448276 2.449959
endloop
endfacet
facet normal -0.738797 -0.284062 0.611137
outer loop
vertex 8.298848 6.620690 1.688780
vertex 8.970650 6.620690 2.500915
vertex 9.355923 7.448276 3.351336
endloop
endfacet
facet normal -0.473012 -0.631033 0.614863
outer loop
vertex 8.298848 6.620690 1.688780
vertex 9.355923 7.448276 3.351336
vertex 8.548616 7.448276 2.730277
endloop
endfacet
facet normal -0.702116 -0.294266 0.648414
outer loop
vertex 8.970650 6.620690 2.500915
vertex 9.685729 6.620690 3.275217
vertex 10.075196 7.448276 4.072518
endloop
endfacet
facet normal -0.658298 -0.368209 0.656556
outer loop
vertex 8.970650 6.620690 2.500915
vertex 10.075196 7.448276 4.072518
vertex 9.355923 7.448276 3.351336
endloop
endfacet
facet normal -0.528532 -0.285008 0.799640
outer loop
vertex 9.685729 6.620690 3.275217
vertex 10.565004 6.620690 3.856385
vertex 11.020305 7.448276 4.452291
endloop
endfacet
facet normal -0.302803 -0.583485 0.753562
outer loop
vertex 9.685729 6.620690 3.275217
vertex 11.020305 7.448276 4.452291
vertex 10.075196 7.448276 4.072518
endloop
endfacet
facet normal -0.235260 -0.437571 0.867862
outer loop
vertex 10.565004 6.620690 3.856385
vertex 11.582273 6.620690 4.132146
vertex 12.015979 7.448276 4.666979
endloop
endfacet
facet normal -0.181702 -0.506815 0.842688
outer loop
vertex 10.565004 6.620690 3.856385
vertex 12.015979 7.448276 4.666979
vertex 11.020305 7.448276 4.452291
endloop
endfacet
facet normal -0.322679 -0.206388 0.923733
outer loop
vertex 11.582273 6.620690 4.132146
vertex 12.577295 6.620690 4.479728
vertex 13.022930 7.448276 4.820303
endloop
endfacet
facet normal -0.131339 -0.488607 0.862562
outer loop
vertex 11.582273 6.620690 4.132146
vertex 13.022930 7.448276 4.820303
vertex 12.015979 7.448276 4.666979
endloop
endfacet
facet normal -0.153721 0.253258 0.955108
outer loop
vertex 12.577295 6.620690 4.479728
vertex 13.617887 6.620690 4.647207
vertex 13.985378 7.448276 4.486909
endloop
endfacet
facet normal 0.284965 -0.491988 0.822643
outer loop
vertex 12.577295 6.620690 4.479728
vertex 13.985378 7.448276 4.486909
vertex 13.022930 7.448276 4.820303
endloop
endfacet
facet normal -0.031741 0.401337 0.915380
outer loop
vertex 13.617887 6.620690 4.647207
vertex 14.671237 6.620690 4.683732
vertex 14.992088 7.448276 4.332012
endloop
endfacet
facet normal 0.150921 0.122970 0.980868
outer loop
vertex 13.617887 6.620690 4.647207
vertex 14.992088 7.448276 4.332012
vertex 13.985378 7.448276 4.486909
endloop
endfacet
facet normal 0.406230 -0.190189 0.893759
outer loop
vertex 14.671237 6.620690 4.683732
vertex 15.630758 6.620690 4.247612
vertex 16.007535 7.448276 4.252468
endloop
endfacet
facet normal 0.072673 0.366106 0.927731
outer loop
vertex 14.671237 6.620690 4.683732
vertex 16.007535 7.448276 4.252468
vertex 14.992088 7.448276 4.332012
endloop
endfacet
facet normal 0.506205 -0.555364 0.659793
outer loop
vertex 15.630758 6.620690 4.247612
vertex 16.466983 6.620690 3.606045
vertex 16.969341 7.448276 3.917227
endloop
endfacet
facet normal 0.325231 -0.153543 0.933086
outer loop
vertex 15.630758 6.620690 4.247612
vertex 16.969341 7.448276 3.917227
vertex 16.007535 7.448276 4.252468
endloop
endfacet
facet normal 0.476595 -0.565195 0.673359
outer loop
vertex 16.466983 6.620690 3.606045
vertex 17.327281 6.620690 2.997137
vertex 17.813673 7.448276 3.347524
endloop
endfacet
facet normal 0.468701 -0.545702 0.694642
outer loop
vertex 16.466983 6.620690 3.606045
vertex 17.813673 7.448276 3.347524
vertex 16.969341 7.448276 3.917227
endloop
endfacet
facet normal 0.526818 -0.491358 0.693563
outer loop
vertex 17.327281 6.620690 2.997137
vertex 18.166591 6.620690 2.359612
vertex 18.556021 7.448276 2.650115
endloop
endfacet
facet normal 0.558034 -0.579457 0.593993
outer loop
vertex 17.327281 6.620690 2.997137
vertex 18.556021 7.448276 2.650115
vertex 17.813673 7.448276 3.347524
endloop
endfacet
facet normal 0.718425 -0.474107 0.509007
outer loop
vertex 18.166591 6.620690 2.359612
vertex 18.775910 6.620690 1.499604
vertex 19.111708 7.448276 1.796494
endloop
endfacet
facet normal 0.723107 -0.505502 0.470726
outer loop
vertex 18.166591 6.620690 2.359612
vertex 19.111708 7.448276 1.796494
vertex 18.556021 7.448276 2.650115
endloop
endfacet
facet normal 0.747729 -0.560186 0.356501
outer loop
vertex 18.775910 6.620690 1.499604
vertex 19.229508 6.620690 0.548222
vertex 19.662784 7.448276 0.939888
endloop
endfacet
facet normal 0.741442 -0.471960 0.476988
outer loop
vertex 18.775910 6.620690 1.499604
vertex 19.662784 7.448276 0.939888
vertex 19.111708 7.448276 1.796494
endloop
endfacet
facet normal 0.692592 -0.571124 0.440607
outer loop
vertex 19.229508 6.620690 0.548222
vertex 20.209505 7.448276 0.080496
vertex 19.662784 7.448276 0.939888
endloop
endfacet
facet normal -0.805353 0.391266 0.445328
outer loop
vertex 2.759716 7.448276 0.892077
vertex 3.252601 7.448276 1.783436
vertex 3.438367 8.275862 1.392265
endloop
endfacet
facet normal -0.790252 0.339852 0.509905
outer loop
vertex 2.759716 7.448276 0.892077
vertex 3.438367 8.275862 1.392265
vertex 2.888621 8.275862 0.540267
endloop
endfacet
facet normal -0.729971 0.312301 0.607956
outer loop
vertex 3.252601 7.448276 1.783436
vertex 3.904442 7.448276 2.566099
vertex 3.989641 8.275862 2.243275
endloop
endfacet
facet normal -0.766689 0.406847 0.496652
outer loop
vertex 3.252601 7.448276 1.783436
vertex 3.989641 8.275862 2.243275
vertex 3.438367 8.275862 1.392265
endloop
endfacet
facet normal -0.633192 0.160686 0.757132
outer loop
vertex 3.904442 7.448276 2.566099
vertex 4.685777 7.448276 3.219532
vertex 4.649261 8.275862 3.013355
endloop
endfacet
facet normal -0.720801 0.315044 0.617409
outer loop
vertex 3.904442 7.448276 2.566099
vertex 4.649261 8.275862 3.013355
vertex 3.989641 8.275862 2.243275
endloop
endfacet
facet normal -0.032495 -0.347716 0.937037
outer loop
vertex 4.685777 7.448276 3.219532
vertex 5.703722 7.448276 3.254833
vertex 5.506374 8.275862 3.555090
endloop
endfacet
facet normal -0.525170 0.183832 0.830904
outer loop
vertex 4.685777 7.448276 3.219532
vertex 5.506374 8.275862 3.555090
vertex 4.649261 8.275862 3.013355
endloop
endfacet
facet normal 0.363553 -0.614587 0.700080
outer loop
vertex 5.703722 7.448276 3.254833
vertex 6.607661 7.448276 2.785416
vertex 6.520335 8.275862 3.557286
endloop
endfacet
facet normal -0.002036 -0.341486 0.939885
outer loop
vertex 5.703722 7.448276 3.254833
vertex 6.520335 8.275862 3.557286
vertex 5.506374 8.275862 3.555090
endloop
endfacet
facet normal 0.249783 -0.651763 0.716110
outer loop
vertex 6.607661 7.448276 2.785416
vertex 7.569392 7.448276 2.449959
vertex 7.481343 8.275862 3.233893
endloop
endfacet
facet normal 0.242976 -0.647787 0.722035
outer loop
vertex 6.607661 7.448276 2.785416
vertex 7.481343 8.275862 3.233893
vertex 6.520335 8.275862 3.557286
endloop
endfacet
facet normal -0.247792 -0.435126 0.865601
outer loop
vertex 7.569392 7.448276 2.449959
vertex 8.548616 7.448276 2.730277
vertex 8.489917 8.275862 3.129490
endloop
endfacet
facet normal 0.075351 -0.681509 0.727921
outer loop
vertex 7.569392 7.448276 2.449959
vertex 8.489917 8.275862 3.129490
vertex 7.481343 8.275862 3.233893
endloop
endfacet
facet normal -0.608542 0.062755 0.791036
outer loop
vertex 8.548616 7.448276 2.730277
vertex 9.355923 7.448276 3.351336
vertex 9.473437 8.275862 3.376085
endloop
endfacet
facet normal -0.218808 -0.436492 0.872696
outer loop
vertex 8.548616 7.448276 2.730277
vertex 9.473437 8.275862 3.376085
vertex 8.489917 8.275862 3.129490
endloop
endfacet
facet normal -0.660021 0.362006 0.658274
outer loop
vertex 9.355923 7.448276 3.351336
vertex 10.075196 7.448276 4.072518
vertex 10.347351 8.275862 3.890279
endloop
endfacet
facet normal -0.506572 0.046185 0.860960
outer loop
vertex 9.355923 7.448276 3.351336
vertex 10.347351 8.275862 3.890279
vertex 9.473437 8.275862 3.376085
endloop
endfacet
facet normal -0.371529 0.084198 0.924595
outer loop
vertex 10.075196 7.448276 4.072518
vertex 11.020305 7.448276 4.452291
vertex 11.194784 8.275862 4.447037
endloop
endfacet
facet normal -0.515870 0.342551 0.785198
outer loop
vertex 10.075196 7.448276 4.072518
vertex 11.194784 8.275862 4.447037
vertex 10.347351 8.275862 3.890279
endloop
endfacet
facet normal -0.210774 0.005697 0.977518
outer loop
vertex 11.020305 7.448276 4.452291
vertex 12.015979 7.448276 4.666979
vertex 12.177460 8.275862 4.696974
endloop
endfacet
facet normal -0.246080 0.058023 0.967511
outer loop
vertex 11.020305 7.448276 4.452291
vertex 12.177460 8.275862 4.696974
vertex 11.194784 8.275862 4.447037
endloop
endfacet
facet normal -0.140257 0.363099 0.921133
outer loop
vertex 12.015979 7.448276 4.666979
vertex 13.022930 7.448276 4.820303
vertex 13.175375 8.275862 4.517291
endloop
endfacet
facet normal 0.176773 -0.070075 0.981754
outer loop
vertex 12.015979 7.448276 4.666979
vertex 13.175375 8.275862 4.517291
vertex 12.177460 8.275862 4.696974
endloop
endfacet
facet normal 0.283491 0.499876 0.818387
outer loop
vertex 13.022930 7.448276 4.820303
vertex 13.985378 7.448276 4.486909
vertex 14.027015 8.275862 3.966991
endloop
endfacet
facet normal 0.531397 0.203222 0.822386
outer loop
vertex 13.022930 7.448276 4.820303
vertex 14.027015 8.275862 3.966991
vertex 13.175375 8.275862 4.517291
endloop
endfacet
facet normal 0.117959 0.631144 0.766644
outer loop
vertex 13.985378 7.448276 4.486909
vertex 14.992088 7.448276 4.332012
vertex 14.990466 8.275862 3.650947
endloop
endfacet
facet normal 0.269476 0.502530 0.821490
outer loop
vertex 13.985378 7.448276 4.486909
vertex 14.990466 8.275862 3.650947
vertex 14.027015 8.275862 3.966991
endloop
endfacet
facet normal 0.067852 0.495106 0.866179
outer loop
vertex 14.992088 7.448276 4.332012
vertex 16.007535 7.448276 4.252468
vertex 15.996142 8.275862 3.780314
endloop
endfacet
facet normal -0.098853 0.632215 0.768461
outer loop
vertex 14.992088 7.448276 4.332012
vertex 15.996142 8.275862 3.780314
vertex 14.990466 8.275862 3.650947
endloop
endfacet
facet normal 0.320602 -0.226212 0.919806
outer loop
vertex 16.007535 7.448276 4.252468
vertex 16.969341 7.448276 3.917227
vertex 16.948641 8.275862 4.127973
endloop
endfacet
facet normal -0.302799 0.469131 0.829595
outer loop
vertex 16.007535 7.448276 4.252468
vertex 16.948641 8.275862 4.127973
vertex 15.996142 8.275862 3.780314
endloop
endfacet
facet normal 0.509528 -0.412468 0.755150
outer loop
vertex 16.969341 7.448276 3.917227
vertex 17.813673 7.448276 3.347524
vertex 17.889009 8.275862 3.748725
endloop
endfacet
facet normal 0.364761 -0.221196 0.904446
outer loop
vertex 16.969341 7.448276 3.917227
vertex 17.889009 8.275862 3.748725
vertex 16.948641 8.275862 4.127973
endloop
endfacet
facet normal 0.622325 -0.417019 0.662425
outer loop
vertex 17.813673 7.448276 3.347524
vertex 18.556021 7.448276 2.650115
vertex 18.652010 8.275862 3.080930
endloop
endfacet
facet normal 0.606183 -0.390946 0.692606
outer loop
vertex 17.813673 7.448276 3.347524
vertex 18.652010 8.275862 3.080930
vertex 17.889009 8.275862 3.748725
endloop
endfacet
facet normal 0.714931 -0.521799 0.465403
outer loop
vertex 18.556021 7.448276 2.650115
vertex 19.111708 7.448276 1.796494
vertex 19.355161 8.275862 2.350382
endloop
endfacet
facet normal 0.658361 -0.406230 0.633671
outer loop
vertex 18.556021 7.448276 2.650115
vertex 19.355161 8.275862 2.350382
vertex 18.652010 8.275862 3.080930
endloop
endfacet
facet normal 0.771281 -0.398657 0.496184
outer loop
vertex 19.111708 7.448276 1.796494
vertex 19.662784 7.448276 0.939888
vertex 19.776470 8.275862 1.428092
endloop
endfacet
facet normal 0.798453 -0.478996 0.364740
outer loop
vertex 19.111708 7.448276 1.796494
vertex 19.776470 8.275862 1.428092
vertex 19.355161 8.275862 2.350382
endloop
endfacet
facet normal 0.816915 -0.250127 0.519698
outer loop
vertex 19.662784 7.448276 0.939888
vertex 20.209505 7.448276 0.080496
vertex 20.193553 8.275862 0.503883
endloop
endfacet
facet normal 0.855437 -0.345246 0.386047
outer loop
vertex 19.662784 7.448276 0.939888
vertex 20.193553 8.275862 0.503883
vertex 19.776470 8.275862 1.428092
endloop
endfacet
facet normal -0.838128 -0.071282 0.540797
outer loop
vertex 2.888621 8.275862 0.540267
vertex 3.438367 8.275862 1.392265
vertex 3.540573 9.103448 1.659748
endloop
endfacet
facet normal -0.775743 -0.198969 0.598860
outer loop
vertex 2.888621 8.275862 0.540267
vertex 3.540573 9.103448 1.659748
vertex 2.898938 9.103448 0.828595
endloop
endfacet
facet normal -0.838289 0.048842 0.543034
outer loop
vertex 3.438367 8.275862 1.392265
vertex 3.989641 8.275862 2.243275
vertex 4.192867 9.103448 2.482562
endloop
endfacet
facet normal -0.779424 -0.103451 0.617896
outer loop
vertex 3.438367 8.275862 1.392265
vertex 4.192867 9.103448 2.482562
vertex 3.540573 9.103448 1.659748
endloop
endfacet
facet normal -0.747401 0.177604 0.640194
outer loop
vertex 3.989641 8.275862 2.243275
vertex 4.649261 8.275862 3.013355
vertex 4.983299 9.103448 3.173741
endloop
endfacet
facet normal -0.657232 -0.055927 0.751611
outer loop
vertex 3.989641 8.275862 2.243275
vertex 4.983299 9.103448 3.173741
vertex 4.192867 9.103448 2.482562
endloop
endfacet
facet normal -0.533668 -0.047662 0.844350
outer loop
vertex 4.649261 8.275862 3.013355
vertex 5.506374 8.275862 3.555090
vertex 5.824129 9.103448 3.802642
endloop
endfacet
facet normal -0.596719 0.086240 0.797803
outer loop
vertex 4.649261 8.275862 3.013355
vertex 5.824129 9.103448 3.802642
vertex 4.983299 9.103448 3.173741
endloop
endfacet
facet normal -0.002024 0.356194 0.934410
outer loop
vertex 5.506374 8.275862 3.555090
vertex 6.520335 8.275862 3.557286
vertex 6.712075 9.103448 3.242229
endloop
endfacet
facet normal 0.485273 -0.416316 0.768890
outer loop
vertex 5.506374 8.275862 3.555090
vertex 6.712075 9.103448 3.242229
vertex 5.824129 9.103448 3.802642
endloop
endfacet
facet normal 0.271663 0.523919 0.807284
outer loop
vertex 6.520335 8.275862 3.557286
vertex 7.481343 8.275862 3.233893
vertex 7.586753 9.103448 2.661326
endloop
endfacet
facet normal 0.543619 0.185665 0.818539
outer loop
vertex 6.520335 8.275862 3.557286
vertex 7.586753 9.103448 2.661326
vertex 6.712075 9.103448 3.242229
endloop
endfacet
facet normal 0.067835 0.752305 0.655313
outer loop
vertex 7.481343 8.275862 3.233893
vertex 8.489917 8.275862 3.129490
vertex 8.518123 9.103448 2.176494
endloop
endfacet
facet normal 0.403753 0.485185 0.775615
outer loop
vertex 7.481343 8.275862 3.233893
vertex 8.518123 9.103448 2.176494
vertex 7.586753 9.103448 2.661326
endloop
endfacet
facet normal -0.182274 0.662022 0.726982
outer loop
vertex 8.489917 8.275862 3.129490
vertex 9.473437 8.275862 3.376085
vertex 9.469215 9.103448 2.621391
endloop
endfacet
facet normal -0.291121 0.726585 0.622353
outer loop
vertex 8.489917 8.275862 3.129490
vertex 9.469215 9.103448 2.621391
vertex 8.518123 9.103448 2.176494
endloop
endfacet
facet normal -0.463792 0.404421 0.788252
outer loop
vertex 9.473437 8.275862 3.376085
vertex 10.347351 8.275862 3.890279
vertex 10.197670 9.103448 3.377608
endloop
endfacet
facet normal -0.609637 0.532422 0.587256
outer loop
vertex 9.473437 8.275862 3.376085
vertex 10.197670 9.103448 3.377608
vertex 9.469215 9.103448 2.621391
endloop
endfacet
facet normal -0.514709 0.348297 0.783431
outer loop
vertex 10.347351 8.275862 3.890279
vertex 11.194784 8.275862 4.447037
vertex 11.053331 9.103448 3.986176
endloop
endfacet
facet normal -0.538133 0.371385 0.756628
outer loop
vertex 10.347351 8.275862 3.890279
vertex 11.053331 9.103448 3.986176
vertex 10.197670 9.103448 3.377608
endloop
endfacet
facet normal -0.229142 0.368570 0.900916
outer loop
vertex 11.194784 8.275862 4.447037
vertex 12.177460 8.275862 4.696974
vertex 12.047084 9.103448 4.325243
endloop
endfacet
facet normal -0.292042 0.426728 0.855929
outer loop
vertex 11.194784 8.275862 4.447037
vertex 12.047084 9.103448 4.325243
vertex 11.053331 9.103448 3.986176
endloop
endfacet
facet normal 0.150876 0.524508 0.837931
outer loop
vertex 12.177460 8.275862 4.696974
vertex 13.175375 8.275862 4.517291
vertex 13.052178 9.103448 4.021441
endloop
endfacet
facet normal 0.261294 0.429458 0.864460
outer loop
vertex 12.177460 8.275862 4.696974
vertex 13.052178 9.103448 4.021441
vertex 12.047084 9.103448 4.325243
endloop
endfacet
facet normal 0.459638 0.531733 0.711332
outer loop
vertex 13.175375 8.275862 4.517291
vertex 14.027015 8.275862 3.966991
vertex 13.913881 9.103448 3.421459
endloop
endfacet
facet normal 0.494980 0.499620 0.710897
outer loop
vertex 13.175375 8.275862 4.517291
vertex 13.913881 9.103448 3.421459
vertex 13.052178 9.103448 4.021441
endloop
endfacet
facet normal 0.208993 0.741898 0.637110
outer loop
vertex 14.027015 8.275862 3.966991
vertex 14.990466 8.275862 3.650947
vertex 14.737528 9.103448 2.770217
endloop
endfacet
facet normal 0.531403 0.515671 0.672082
outer loop
vertex 14.027015 8.275862 3.966991
vertex 14.737528 9.103448 2.770217
vertex 13.913881 9.103448 3.421459
endloop
endfacet
facet normal -0.070788 0.831967 0.550290
outer loop
vertex 14.990466 8.275862 3.650947
vertex 15.996142 8.275862 3.780314
vertex 15.751538 9.103448 2.497647
endloop
endfacet
facet normal 0.174005 0.742081 0.647331
outer loop
vertex 14.990466 8.275862 3.650947
vertex 15.751538 9.103448 2.497647
vertex 14.737528 9.103448 2.770217
endloop
endfacet
facet normal -0.218220 0.771319 0.597869
outer loop
vertex 15.996142 8.275862 3.780314
vertex 16.948641 8.275862 4.127973
vertex 16.691148 9.103448 2.966309
endloop
endfacet
facet normal -0.278147 0.782087 0.557651
outer loop
vertex 15.996142 8.275862 3.780314
vertex 16.691148 9.103448 2.966309
vertex 15.751538 9.103448 2.497647
endloop
endfacet
facet normal 0.363487 0.235705 0.901288
outer loop
vertex 16.948641 8.275862 4.127973
vertex 17.889009 8.275862 3.748725
vertex 17.421242 9.103448 3.720944
endloop
endfacet
facet normal -0.574296 0.601225 0.555619
outer loop
vertex 16.948641 8.275862 4.127973
vertex 17.421242 9.103448 3.720944
vertex 16.691148 9.103448 2.966309
endloop
endfacet
facet normal 0.634112 -0.270144 0.724516
outer loop
vertex 17.889009 8.275862 3.748725
vertex 18.652010 8.275862 3.080930
vertex 18.458643 9.103448 3.558744
endloop
endfacet
facet normal 0.153367 0.119613 0.980903
outer loop
vertex 17.889009 8.275862 3.748725
vertex 18.458643 9.103448 3.558744
vertex 17.421242 9.103448 3.720944
endloop
endfacet
facet normal 0.703857 -0.213616 0.677461
outer loop
vertex 18.652010 8.275862 3.080930
vertex 19.355161 8.275862 2.350382
vertex 19.178774 9.103448 2.794595
endloop
endfacet
facet normal 0.709865 -0.220377 0.668974
outer loop
vertex 18.652010 8.275862 3.080930
vertex 19.178774 9.103448 2.794595
vertex 18.458643 9.103448 3.558744
endloop
endfacet
facet normal 0.893599 -0.186686 0.408203
outer loop
vertex 19.355161 8.275862 2.350382
vertex 19.776470 8.275862 1.428092
vertex 19.732631 9.103448 1.902546
endloop
endfacet
facet normal 0.845177 -0.101530 0.524755
outer loop
vertex 19.355161 8.275862 2.350382
vertex 19.732631 9.103448 1.902546
vertex 19.178774 9.103448 2.794595
endloop
endfacet
facet normal 0.881052 -0.256234 0.397607
outer loop
vertex 19.776470 8.275862 1.428092
vertex 20.193553 8.275862 0.503883
vertex 20.222228 9.103448 0.973672
endloop
endfacet
facet normal 0.863893 -0.215287 0.455347
outer loop
vertex 19.776470 8.275862 1.428092
vertex 20.222228 9.103448 0.973672
vertex 19.732631 9.103448 1.902546
endloop
endfacet
facet normal -0.087240 -0.822385 0.562203
outer loop
vertex 1.050005 9.103448 0.001083
vertex 2.087592 9.103448 0.162091
vertex 1.686990 9.931034 1.310512
endloop
endfacet
facet normal -0.700617 -0.397892 0.592299
outer loop
vertex 1.050005 9.103448 0.001083
vertex 1.686990 9.931034 1.310512
vertex 0.982310 9.931034 0.476961
endloop
endfacet
facet normal -0.341861 -0.842584 0.416152
outer loop
vertex 2.087592 9.103448 0.162091
vertex 2.898938 9.103448 0.828595
vertex 2.424898 9.931034 2.114796
endloop
endfacet
facet normal -0.450398 -0.791445 0.413227
outer loop
vertex 2.087592 9.103448 0.162091
vertex 2.424898 9.931034 2.114796
vertex 1.686990 9.931034 1.310512
endloop
endfacet
facet normal -0.546846 -0.723010 0.422155
outer loop
vertex 2.898938 9.103448 0.828595
vertex 3.540573 9.103448 1.659748
vertex 3.300631 9.931034 2.766312
endloop
endfacet
facet normal -0.317949 -0.846323 0.427371
outer loop
vertex 2.898938 9.103448 0.828595
vertex 3.300631 9.931034 2.766312
vertex 2.424898 9.931034 2.114796
endloop
endfacet
facet normal -0.748607 -0.295613 0.593465
outer loop
vertex 3.540573 9.103448 1.659748
vertex 4.192867 9.103448 2.482562
vertex 4.344319 9.931034 3.085838
endloop
endfacet
facet normal -0.173135 -0.806355 0.565522
outer loop
vertex 3.540573 9.103448 1.659748
vertex 4.344319 9.931034 3.085838
vertex 3.300631 9.931034 2.766312
endloop
endfacet
facet normal -0.656899 0.064320 0.751230
outer loop
vertex 4.192867 9.103448 2.482562
vertex 4.983299 9.103448 3.173741
vertex 5.374923 9.931034 3.445331
endloop
endfacet
facet normal -0.278915 -0.531832 0.799600
outer loop
vertex 4.192867 9.103448 2.482562
vertex 5.374923 9.931034 3.445331
vertex 4.344319 9.931034 3.085838
endloop
endfacet
facet normal -0.385360 0.765537 0.515219
outer loop
vertex 4.983299 9.103448 3.173741
vertex 5.824129 9.103448 3.802642
vertex 6.358927 9.931034 2.972978
endloop
endfacet
facet normal 0.386969 -0.447668 0.806132
outer loop
vertex 4.983299 9.103448 3.173741
vertex 6.358927 9.931034 2.972978
vertex 5.374923 9.931034 3.445331
endloop
endfacet
facet normal 0.432416 0.586172 0.685141
outer loop
vertex 5.824129 9.103448 3.802642
vertex 6.712075 9.103448 3.242229
vertex 7.171512 9.931034 2.244222
endloop
endfacet
facet normal 0.636838 0.300342 0.710093
outer loop
vertex 5.824129 9.103448 3.802642
vertex 7.171512 9.931034 2.244222
vertex 6.358927 9.931034 2.972978
endloop
endfacet
facet normal 0.430653 0.627742 0.648443
outer loop
vertex 6.712075 9.103448 3.242229
vertex 7.586753 9.103448 2.661326
vertex 8.027744 9.931034 1.567282
endloop
endfacet
facet normal 0.531412 0.515560 0.672160
outer loop
vertex 6.712075 9.103448 3.242229
vertex 8.027744 9.931034 1.567282
vertex 7.171512 9.931034 2.244222
endloop
endfacet
facet normal 0.461686 0.015675 0.886905
outer loop
vertex 7.586753 9.103448 2.661326
vertex 8.518123 9.103448 2.176494
vertex 9.076009 9.931034 1.871455
endloop
endfacet
facet normal -0.160598 0.817242 0.553466
outer loop
vertex 7.586753 9.103448 2.661326
vertex 9.076009 9.931034 1.871455
vertex 8.027744 9.931034 1.567282
endloop
endfacet
facet normal -0.418937 0.149661 0.895596
outer loop
vertex 8.518123 9.103448 2.176494
vertex 9.469215 9.103448 2.621391
vertex 9.836166 9.931034 2.654745
endloop
endfacet
facet normal -0.576731 0.595080 0.559698
outer loop
vertex 8.518123 9.103448 2.176494
vertex 9.836166 9.931034 2.654745
vertex 9.076009 9.931034 1.871455
endloop
endfacet
facet normal -0.698109 0.245797 0.672479
outer loop
vertex 9.469215 9.103448 2.621391
vertex 10.197670 9.103448 3.377608
vertex 10.570569 9.931034 3.462229
endloop
endfacet
facet normal -0.708415 0.288143 0.644300
outer loop
vertex 9.469215 9.103448 2.621391
vertex 10.570569 9.931034 3.462229
vertex 9.836166 9.931034 2.654745
endloop
endfacet
facet normal -0.563864 0.231339 0.792805
outer loop
vertex 10.197670 9.103448 3.377608
vertex 11.053331 9.103448 3.986176
vertex 11.487889 9.931034 4.053757
endloop
endfacet
facet normal -0.535277 0.156311 0.830088
outer loop
vertex 10.197670 9.103448 3.377608
vertex 11.487889 9.931034 4.053757
vertex 10.570569 9.931034 3.462229
endloop
endfacet
facet normal -0.257999 0.601388 0.756154
outer loop
vertex 11.053331 9.103448 3.986176
vertex 12.047084 9.103448 4.325243
vertex 12.558568 9.931034 3.841561
endloop
endfacet
facet normal 0.191259 -0.179234 0.965036
outer loop
vertex 11.053331 9.103448 3.986176
vertex 12.558568 9.931034 3.841561
vertex 11.487889 9.931034 4.053757
endloop
endfacet
facet normal 0.244229 0.536174 0.808004
outer loop
vertex 12.047084 9.103448 4.325243
vertex 13.052178 9.103448 4.021441
vertex 13.522784 9.931034 3.330026
endloop
endfacet
facet normal 0.457060 0.221039 0.861533
outer loop
vertex 12.047084 9.103448 4.325243
vertex 13.522784 9.931034 3.330026
vertex 12.558568 9.931034 3.841561
endloop
endfacet
facet normal 0.482504 0.535696 0.692979
outer loop
vertex 13.052178 9.103448 4.021441
vertex 13.913881 9.103448 3.421459
vertex 14.269614 9.931034 2.534020
endloop
endfacet
facet normal 0.720457 0.155040 0.675947
outer loop
vertex 13.052178 9.103448 4.021441
vertex 14.269614 9.931034 2.534020
vertex 13.522784 9.931034 3.330026
endloop
endfacet
facet normal 0.440103 0.704622 0.556612
outer loop
vertex 13.913881 9.103448 3.421459
vertex 14.737528 9.103448 2.770217
vertex 14.866785 9.931034 1.620364
endloop
endfacet
facet normal 0.816317 0.221250 0.533550
outer loop
vertex 13.913881 9.103448 3.421459
vertex 14.866785 9.931034 1.620364
vertex 14.269614 9.931034 2.534020
endloop
endfacet
facet normal 0.203560 0.620554 0.757282
outer loop
vertex 14.737528 9.103448 2.770217
vertex 15.751538 9.103448 2.497647
vertex 15.948455 9.931034 1.766550
endloop
endfacet
facet normal -0.077927 0.813302 0.576600
outer loop
vertex 14.737528 9.103448 2.770217
vertex 15.948455 9.931034 1.766550
vertex 14.866785 9.931034 1.620364
endloop
endfacet
facet normal -0.421775 0.327191 0.845608
outer loop
vertex 15.751538 9.103448 2.497647
vertex 16.691148 9.103448 2.966309
vertex 16.632713 9.931034 2.616945
endloop
endfacet
facet normal -0.626521 0.594420 0.504120
outer loop
vertex 15.751538 9.103448 2.497647
vertex 16.632713 9.931034 2.616945
vertex 15.948455 9.931034 1.766550
endloop
endfacet
facet normal -0.718412 0.028137 0.695049
outer loop
vertex 16.691148 9.103448 2.966309
vertex 17.421242 9.103448 3.720944
vertex 17.253883 9.931034 3.514458
endloop
endfacet
facet normal -0.808956 0.179233 0.559880
outer loop
vertex 16.691148 9.103448 2.966309
vertex 17.253883 9.931034 3.514458
vertex 16.632713 9.931034 2.616945
endloop
endfacet
facet normal 0.142556 -0.385196 0.911758
outer loop
vertex 17.421242 9.103448 3.720944
vertex 18.458643 9.103448 3.558744
vertex 18.259202 9.931034 3.939563
endloop
endfacet
facet normal -0.385099 0.149350 0.910710
outer loop
vertex 17.421242 9.103448 3.720944
vertex 18.259202 9.931034 3.939563
vertex 17.253883 9.931034 3.514458
endloop
endfacet
facet normal 0.687957 -0.326170 0.648327
outer loop
vertex 18.458643 9.103448 3.558744
vertex 19.178774 9.103448 2.794595
vertex 19.122077 9.931034 3.271112
endloop
endfacet
facet normal 0.598585 -0.211303 0.772688
outer loop
vertex 18.458643 9.103448 3.558744
vertex 19.122077 9.931034 3.271112
vertex 18.259202 9.931034 3.939563
endloop
endfacet
facet normal 0.802541 -0.328090 0.498283
outer loop
vertex 19.178774 9.103448 2.794595
vertex 19.732631 9.103448 1.902546
vertex 19.767681 9.931034 2.391011
endloop
endfacet
facet normal 0.775374 -0.274379 0.568780
outer loop
vertex 19.178774 9.103448 2.794595
vertex 19.767681 9.931034 2.391011
vertex 19.122077 9.931034 3.271112
endloop
endfacet
facet normal 0.835903 -0.327329 0.440593
outer loop
vertex 19.732631 9.103448 1.902546
vertex 20.222228 9.103448 0.973672
vertex 20.301159 9.931034 1.438760
endloop
endfacet
facet normal 0.829598 -0.309452 0.464764
outer loop
vertex 19.732631 9.103448 1.902546
vertex 20.301159 9.931034 1.438760
vertex 19.767681 9.931034 2.391011
endloop
endfacet
facet normal -0.233917 -0.843873 0.482867
outer loop
vertex 0.000000 9.931034 0.001097
vertex 0.982310 9.931034 0.476961
vertex 0.542505 10.758621 1.710219
endloop
endfacet
facet normal -0.756500 -0.461360 0.463524
outer loop
vertex 0.000000 9.931034 0.001097
vertex 0.542505 10.758621 1.710219
vertex 0.000000 10.758621 0.824818
endloop
endfacet
facet normal -0.457827 -0.800369 0.387045
outer loop
vertex 0.982310 9.931034 0.476961
vertex 1.686990 9.931034 1.310512
vertex 1.233434 10.758621 2.485374
endloop
endfacet
facet normal -0.436312 -0.811409 0.388904
outer loop
vertex 0.982310 9.931034 0.476961
vertex 1.233434 10.758621 2.485374
vertex 0.542505 10.758621 1.710219
endloop
endfacet
facet normal -0.494716 -0.741108 0.453888
outer loop
vertex 1.686990 9.931034 1.310512
vertex 2.424898 9.931034 2.114796
vertex 2.078608 10.758621 3.088638
endloop
endfacet
facet normal -0.326183 -0.827509 0.456983
outer loop
vertex 1.686990 9.931034 1.310512
vertex 2.078608 10.758621 3.088638
vertex 1.233434 10.758621 2.485374
endloop
endfacet
facet normal -0.403482 -0.736934 0.542338
outer loop
vertex 2.424898 9.931034 2.114796
vertex 3.300631 9.931034 2.766312
vertex 2.960089 10.758621 3.637490
endloop
endfacet
facet normal -0.335057 -0.773413 0.538116
outer loop
vertex 2.424898 9.931034 2.114796
vertex 2.960089 10.758621 3.637490
vertex 2.078608 10.758621 3.088638
endloop
endfacet
facet normal -0.210959 -0.693313 0.689067
outer loop
vertex 3.300631 9.931034 2.766312
vertex 4.344319 9.931034 3.085838
vertex 3.984328 10.758621 3.808313
endloop
endfacet
facet normal -0.110328 -0.741766 0.661522
outer loop
vertex 3.300631 9.931034 2.766312
vertex 3.984328 10.758621 3.808313
vertex 2.960089 10.758621 3.637490
endloop
endfacet
facet normal -0.285226 -0.500026 0.817692
outer loop
vertex 4.344319 9.931034 3.085838
vertex 5.374923 9.931034 3.445331
vertex 5.022519 10.758621 3.828483
endloop
endfacet
facet normal -0.014573 -0.661167 0.750097
outer loop
vertex 4.344319 9.931034 3.085838
vertex 5.022519 10.758621 3.828483
vertex 3.984328 10.758621 3.808313
endloop
endfacet
facet normal 0.429248 -0.127030 0.894209
outer loop
vertex 5.374923 9.931034 3.445331
vertex 6.358927 9.931034 2.972978
vertex 5.917735 10.758621 3.302330
endloop
endfacet
facet normal 0.498391 -0.180368 0.847982
outer loop
vertex 5.374923 9.931034 3.445331
vertex 5.917735 10.758621 3.302330
vertex 5.022519 10.758621 3.828483
endloop
endfacet
facet normal 0.664754 0.093243 0.741221
outer loop
vertex 6.358927 9.931034 2.972978
vertex 7.171512 9.931034 2.244222
vertex 6.671713 10.758621 2.588352
endloop
endfacet
facet normal 0.685523 0.077357 0.723929
outer loop
vertex 6.358927 9.931034 2.972978
vertex 6.671713 10.758621 2.588352
vertex 5.917735 10.758621 3.302330
endloop
endfacet
facet normal 0.590076 0.307820 0.746362
outer loop
vertex 7.171512 9.931034 2.244222
vertex 8.027744 9.931034 1.567282
vertex 7.325209 10.758621 1.781389
endloop
endfacet
facet normal 0.760903 0.203298 0.616196
outer loop
vertex 7.171512 9.931034 2.244222
vertex 7.325209 10.758621 1.781389
vertex 6.671713 10.758621 2.588352
endloop
endfacet
facet normal -0.278326 -0.049937 0.959188
outer loop
vertex 8.027744 9.931034 1.567282
vertex 9.076009 9.931034 1.871455
vertex 8.360931 10.758621 1.707048
endloop
endfacet
facet normal 0.070240 -0.193544 0.978574
outer loop
vertex 8.027744 9.931034 1.567282
vertex 8.360931 10.758621 1.707048
vertex 7.325209 10.758621 1.781389
endloop
endfacet
facet normal -0.688208 0.283375 0.667883
outer loop
vertex 9.076009 9.931034 1.871455
vertex 9.836166 9.931034 2.654745
vertex 9.390233 10.758621 1.844106
endloop
endfacet
facet normal -0.131541 0.082590 0.987864
outer loop
vertex 9.076009 9.931034 1.871455
vertex 9.390233 10.758621 1.844106
vertex 8.360931 10.758621 1.707048
endloop
endfacet
facet normal -0.725834 0.193333 0.660142
outer loop
vertex 9.836166 9.931034 2.654745
vertex 10.570569 9.931034 3.462229
vertex 10.049201 10.758621 2.646608
endloop
endfacet
facet normal -0.757063 0.200994 0.621657
outer loop
vertex 9.836166 9.931034 2.654745
vertex 10.049201 10.758621 2.646608
vertex 9.390233 10.758621 1.844106
endloop
endfacet
facet normal -0.533860 0.172021 0.827890
outer loop
vertex 10.570569 9.931034 3.462229
vertex 11.487889 9.931034 4.053757
vertex 10.754393 10.758621 3.408809
endloop
endfacet
facet normal -0.718804 0.202589 0.665040
outer loop
vertex 10.570569 9.931034 3.462229
vertex 10.754393 10.758621 3.408809
vertex 10.049201 10.758621 2.646608
endloop
endfacet
facet normal 0.177221 0.411090 0.894202
outer loop
vertex 11.487889 9.931034 4.053757
vertex 12.558568 9.931034 3.841561
vertex 11.771686 10.758621 3.617047
endloop
endfacet
facet normal -0.173041 0.505420 0.845345
outer loop
vertex 11.487889 9.931034 4.053757
vertex 11.771686 10.758621 3.617047
vertex 10.754393 10.758621 3.408809
endloop
endfacet
facet normal 0.421774 0.435946 0.795021
outer loop
vertex 12.558568 9.931034 3.841561
vertex 13.522784 9.931034 3.330026
vertex 12.755051 10.758621 3.283521
endloop
endfacet
facet normal 0.279970 0.490137 0.825459
outer loop
vertex 12.558568 9.931034 3.841561
vertex 12.755051 10.758621 3.283521
vertex 11.771686 10.758621 3.617047
endloop
endfacet
facet normal 0.727470 0.070313 0.682527
outer loop
vertex 13.522784 9.931034 3.330026
vertex 14.269614 9.931034 2.534020
vertex 13.753621 10.758621 2.998732
endloop
endfacet
facet normal 0.262075 0.294760 0.918930
outer loop
vertex 13.522784 9.931034 3.330026
vertex 13.753621 10.758621 2.998732
vertex 12.755051 10.758621 3.283521
endloop
endfacet
facet normal 0.810553 -0.249669 0.529783
outer loop
vertex 14.269614 9.931034 2.534020
vertex 14.866785 9.931034 1.620364
vertex 14.607239 10.758621 2.407476
endloop
endfacet
facet normal 0.566191 -0.105995 0.817430
outer loop
vertex 14.269614 9.931034 2.534020
vertex 14.607239 10.758621 2.407476
vertex 13.753621 10.758621 2.998732
endloop
endfacet
facet normal -0.122792 -0.399266 0.908575
outer loop
vertex 14.866785 9.931034 1.620364
vertex 15.948455 9.931034 1.766550
vertex 15.593376 10.758621 2.082237
endloop
endfacet
facet normal 0.243983 -0.627070 0.739767
outer loop
vertex 14.866785 9.931034 1.620364
vertex 15.593376 10.758621 2.082237
vertex 14.607239 10.758621 2.407476
endloop
endfacet
facet normal -0.767120 -0.174723 0.617251
outer loop
vertex 15.948455 9.931034 1.766550
vertex 16.632713 9.931034 2.616945
vertex 16.466375 10.758621 2.644483
endloop
endfacet
facet normal -0.473832 -0.483943 0.735719
outer loop
vertex 15.948455 9.931034 1.766550
vertex 16.466375 10.758621 2.644483
vertex 15.593376 10.758621 2.082237
endloop
endfacet
facet normal -0.822239 -0.008917 0.569073
outer loop
vertex 16.632713 9.931034 2.616945
vertex 17.253883 9.931034 3.514458
vertex 17.170805 10.758621 3.407389
endloop
endfacet
facet normal -0.724282 -0.167828 0.668767
outer loop
vertex 16.632713 9.931034 2.616945
vertex 17.170805 10.758621 3.407389
vertex 16.466375 10.758621 2.644483
endloop
endfacet
facet normal -0.389255 0.033045 0.920537
outer loop
vertex 17.253883 9.931034 3.514458
vertex 18.259202 9.931034 3.939563
vertex 18.111381 10.758621 3.847348
endloop
endfacet
facet normal -0.422519 0.074448 0.903291
outer loop
vertex 17.253883 9.931034 3.514458
vertex 18.111381 10.758621 3.847348
vertex 17.170805 10.758621 3.407389
endloop
endfacet
facet normal 0.609135 0.103329 0.786306
outer loop
vertex 18.259202 9.931034 3.939563
vertex 19.122077 9.931034 3.271112
vertex 18.977412 10.758621 3.274427
endloop
endfacet
facet normal 0.541896 0.188065 0.819134
outer loop
vertex 18.259202 9.931034 3.939563
vertex 18.977412 10.758621 3.274427
vertex 18.111381 10.758621 3.847348
endloop
endfacet
facet normal 0.806255 -0.012605 0.591434
outer loop
vertex 19.122077 9.931034 3.271112
vertex 19.767681 9.931034 2.391011
vertex 19.688008 10.758621 2.517261
endloop
endfacet
facet normal 0.723569 0.123762 0.679066
outer loop
vertex 19.122077 9.931034 3.271112
vertex 19.688008 10.758621 2.517261
vertex 18.977412 10.758621 3.274427
endloop
endfacet
facet normal 0.870206 -0.071219 0.487514
outer loop
vertex 19.767681 9.931034 2.391011
vertex 20.301159 9.931034 1.438760
vertex 20.252829 10.758621 1.645927
endloop
endfacet
facet normal 0.839121 -0.002196 0.543940
outer loop
vertex 19.767681 9.931034 2.391011
vertex 20.252829 10.758621 1.645927
vertex 19.688008 10.758621 2.517261
endloop
endfacet
facet normal -0.726517 -0.523462 0.445153
outer loop
vertex 0.000000 10.758621 0.824818
vertex 0.542505 10.758621 1.710219
vertex 0.531473 11.586207 2.665385
endloop
endfacet
facet normal -0.712640 -0.539540 0.448375
outer loop
vertex 0.000000 10.758621 0.824818
vertex 0.531473 11.586207 2.665385
vertex 0.000000 11.586207 1.820671
endloop
endfacet
facet normal -0.588588 -0.615081 0.524633
outer loop
vertex 0.542505 10.758621 1.710219
vertex 1.233434 10.758621 2.485374
vertex 1.194178 11.586207 3.411595
endloop
endfacet
facet normal -0.590606 -0.613245 0.524514
outer loop
vertex 0.542505 10.758621 1.710219
vertex 1.194178 11.586207 3.411595
vertex 0.531473 11.586207 2.665385
endloop
endfacet
facet normal -0.429942 -0.672551 0.602350
outer loop
vertex 1.233434 10.758621 2.485374
vertex 2.078608 10.758621 3.088638
vertex 2.020517 11.586207 3.971211
endloop
endfacet
facet normal -0.405869 -0.689995 0.599314
outer loop
vertex 1.233434 10.758621 2.485374
vertex 2.020517 11.586207 3.971211
vertex 1.194178 11.586207 3.411595
endloop
endfacet
facet normal -0.396197 -0.661922 0.636308
outer loop
vertex 2.078608 10.758621 3.088638
vertex 2.960089 10.758621 3.637490
vertex 2.892643 11.586207 4.456395
endloop
endfacet
facet normal -0.349646 -0.694797 0.628494
outer loop
vertex 2.078608 10.758621 3.088638
vertex 2.892643 11.586207 4.456395
vertex 2.020517 11.586207 3.971211
endloop
endfacet
facet normal -0.117695 -0.698675 0.705692
outer loop
vertex 2.960089 10.758621 3.637490
vertex 3.984328 10.758621 3.808313
vertex 3.878743 11.586207 4.610060
endloop
endfacet
facet normal -0.109406 -0.703637 0.702086
outer loop
vertex 2.960089 10.758621 3.637490
vertex 3.878743 11.586207 4.610060
vertex 2.892643 11.586207 4.456395
endloop
endfacet
facet normal -0.015693 -0.589323 0.807745
outer loop
vertex 3.984328 10.758621 3.808313
vertex 5.022519 10.758621 3.828483
vertex 4.860207 11.586207 4.429129
endloop
endfacet
facet normal 0.132783 -0.680853 0.720283
outer loop
vertex 3.984328 10.758621 3.808313
vertex 4.860207 11.586207 4.429129
vertex 3.878743 11.586207 4.610060
endloop
endfacet
facet normal 0.454381 -0.442554 0.773101
outer loop
vertex 5.022519 10.758621 3.828483
vertex 5.917735 10.758621 3.302330
vertex 5.706524 11.586207 3.900210
endloop
endfacet
facet normal 0.471831 -0.455405 0.754972
outer loop
vertex 5.022519 10.758621 3.828483
vertex 5.706524 11.586207 3.900210
vertex 4.860207 11.586207 4.429129
endloop
endfacet
facet normal 0.622472 -0.424764 0.657346
outer loop
vertex 5.917735 10.758621 3.302330
vertex 6.671713 10.758621 2.588352
vertex 6.495921 11.586207 3.289589
endloop
endfacet
facet normal 0.565057 -0.383526 0.730492
outer loop
vertex 5.917735 10.758621 3.302330
vertex 6.495921 11.586207 3.289589
vertex 5.706524 11.586207 3.900210
endloop
endfacet
facet normal 0.606896 -0.624602 0.491477
outer loop
vertex 6.671713 10.758621 2.588352
vertex 7.325209 10.758621 1.781389
vertex 7.359988 11.586207 2.790195
endloop
endfacet
facet normal 0.423890 -0.531413 0.733428
outer loop
vertex 6.671713 10.758621 2.588352
vertex 7.359988 11.586207 2.790195
vertex 6.495921 11.586207 3.289589
endloop
endfacet
facet normal 0.060169 -0.541923 0.838272
outer loop
vertex 7.325209 10.758621 1.781389
vertex 8.360931 10.758621 1.707048
vertex 8.201403 11.586207 2.253513
endloop
endfacet
facet normal 0.370808 -0.724241 0.581357
outer loop
vertex 7.325209 10.758621 1.781389
vertex 8.201403 11.586207 2.253513
vertex 7.359988 11.586207 2.790195
endloop
endfacet
facet normal -0.130641 0.142689 0.981108
outer loop
vertex 8.360931 10.758621 1.707048
vertex 9.390233 10.758621 1.844106
vertex 9.013625 11.586207 1.673597
endloop
endfacet
facet normal 0.534709 -0.391440 0.748907
outer loop
vertex 8.360931 10.758621 1.707048
vertex 9.013625 11.586207 1.673597
vertex 8.201403 11.586207 2.253513
endloop
endfacet
facet normal -0.763619 0.153969 0.627040
outer loop
vertex 9.390233 10.758621 1.844106
vertex 10.049201 10.758621 2.646608
vertex 9.856237 11.586207 2.208399
endloop
endfacet
facet normal -0.534568 -0.069736 0.842243
outer loop
vertex 9.390233 10.758621 1.844106
vertex 9.856237 11.586207 2.208399
vertex 9.013625 11.586207 1.673597
endloop
endfacet
facet normal -0.701335 0.295105 0.648878
outer loop
vertex 10.049201 10.758621 2.646608
vertex 10.754393 10.758621 3.408809
vertex 10.603761 11.586207 2.869620
endloop
endfacet
facet normal -0.643939 0.235326 0.727987
outer loop
vertex 10.049201 10.758621 2.646608
vertex 10.603761 11.586207 2.869620
vertex 9.856237 11.586207 2.208399
endloop
endfacet
facet normal -0.167647 0.548764 0.818995
outer loop
vertex 10.754393 10.758621 3.408809
vertex 11.771686 10.758621 3.617047
vertex 11.589554 11.586207 3.025245
endloop
endfacet
facet normal -0.132817 0.523963 0.841322
outer loop
vertex 10.754393 10.758621 3.408809
vertex 11.589554 11.586207 3.025245
vertex 10.603761 11.586207 2.869620
endloop
endfacet
facet normal 0.287082 0.448493 0.846427
outer loop
vertex 11.771686 10.758621 3.617047
vertex 12.755051 10.758621 3.283521
vertex 12.580202 11.586207 2.904314
endloop
endfacet
facet normal 0.097567 0.593017 0.799257
outer loop
vertex 11.771686 10.758621 3.617047
vertex 12.580202 11.586207 2.904314
vertex 11.589554 11.586207 3.025245
endloop
endfacet
facet normal 0.198589 0.689705 0.696325
outer loop
vertex 12.755051 10.758621 3.283521
vertex 13.753621 10.758621 2.998732
vertex 13.366316 11.586207 2.289472
endloop
endfacet
facet normal 0.552990 0.440802 0.707033
outer loop
vertex 12.755051 10.758621 3.283521
vertex 13.366316 11.586207 2.289472
vertex 12.580202 11.586207 2.904314
endloop
endfacet
facet normal 0.565011 0.123908 0.815726
outer loop
vertex 13.753621 10.758621 2.998732
vertex 14.607239 10.758621 2.407476
vertex 14.349603 11.586207 2.460218
endloop
endfacet
facet normal -0.135930 0.607256 0.782792
outer loop
vertex 13.753621 10.758621 2.998732
vertex 14.349603 11.586207 2.460218
vertex 13.366316 11.586207 2.289472
endloop
endfacet
facet normal 0.252014 -0.593811 0.764118
outer loop
vertex 14.607239 10.758621 2.407476
vertex 15.593376 10.758621 2.082237
vertex 15.276636 11.586207 2.829835
endloop
endfacet
facet normal -0.364845 -0.171896 0.915063
outer loop
vertex 14.607239 10.758621 2.407476
vertex 15.276636 11.586207 2.829835
vertex 14.349603 11.586207 2.460218
endloop
endfacet
facet normal -0.400666 -0.672636 0.622115
outer loop
vertex 15.593376 10.758621 2.082237
vertex 16.466375 10.758621 2.644483
vertex 16.140576 11.586207 3.329449
endloop
endfacet
facet normal -0.358691 -0.697586 0.620254
outer loop
vertex 15.593376 10.758621 2.082237
vertex 16.140576 11.586207 3.329449
vertex 15.276636 11.586207 2.829835
endloop
endfacet
facet normal -0.673328 -0.400119 0.621718
outer loop
vertex 16.466375 10.758621 2.644483
vertex 17.170805 10.758621 3.407389
vertex 17.028235 11.586207 3.785593
endloop
endfacet
facet normal -0.337019 -0.675494 0.655840
outer loop
vertex 16.466375 10.758621 2.644483
vertex 17.028235 11.586207 3.785593
vertex 16.140576 11.586207 3.329449
endloop
endfacet
facet normal -0.405834 0.287283 0.867622
outer loop
vertex 17.170805 10.758621 3.407389
vertex 18.111381 10.758621 3.847348
vertex 17.989179 11.586207 3.516161
endloop
endfacet
facet normal 0.251220 -0.366186 0.895989
outer loop
vertex 17.170805 10.758621 3.407389
vertex 17.989179 11.586207 3.516161
vertex 17.028235 11.586207 3.785593
endloop
endfacet
facet normal 0.540705 0.199007 0.817334
outer loop
vertex 18.111381 10.758621 3.847348
vertex 18.977412 10.758621 3.274427
vertex 18.905420 11.586207 3.120550
endloop
endfacet
facet normal 0.364699 0.391868 0.844650
outer loop
vertex 18.111381 10.758621 3.847348
vertex 18.905420 11.586207 3.120550
vertex 17.989179 11.586207 3.516161
endloop
endfacet
facet normal 0.726545 0.084853 0.681859
outer loop
vertex 18.977412 10.758621 3.274427
vertex 19.688008 10.758621 2.517261
vertex 19.649432 11.586207 2.455378
endloop
endfacet
facet normal 0.653986 0.192901 0.731499
outer loop
vertex 18.977412 10.758621 3.274427
vertex 19.649432 11.586207 2.455378
vertex 18.905420 11.586207 3.120550
endloop
endfacet
facet normal 0.836437 0.079949 0.542200
outer loop
vertex 19.688008 10.758621 2.517261
vertex 20.252829 10.758621 1.645927
vertex 20.191995 11.586207 1.617743
endloop
endfacet
facet normal 0.836654 0.079522 0.541929
outer loop
vertex 19.688008 10.758621 2.517261
vertex 20.191995 11.586207 1.617743
vertex 19.649432 11.586207 2.455378
endloop
endfacet
facet normal -0.846257 -0.018750 0.532444
outer loop
vertex 0.000000 11.586207 1.820671
vertex 0.531473 11.586207 2.665385
vertex 0.514135 12.413793 2.666971
endloop
endfacet
facet normal -0.862780 0.019367 0.505208
outer loop
vertex 0.000000 11.586207 1.820671
vertex 0.514135 12.413793 2.666971
vertex 0.000000 12.413793 1.788946
endloop
endfacet
facet normal -0.737334 -0.165974 0.654822
outer loop
vertex 0.531473 11.586207 2.665385
vertex 1.194178 11.586207 3.411595
vertex 1.090965 12.413793 3.505141
endloop
endfacet
facet normal -0.823633 -0.018342 0.566826
outer loop
vertex 0.531473 11.586207 2.665385
vertex 1.090965 12.413793 3.505141
vertex 0.514135 12.413793 2.666971
endloop
endfacet
facet normal -0.510121 -0.415193 0.753254
outer loop
vertex 1.194178 11.586207 3.411595
vertex 2.020517 11.586207 3.971211
vertex 1.773274 12.413793 4.259937
endloop
endfacet
facet normal -0.731540 -0.165982 0.661286
outer loop
vertex 1.194178 11.586207 3.411595
vertex 1.773274 12.413793 4.259937
vertex 1.090965 12.413793 3.505141
endloop
endfacet
facet normal -0.407064 -0.546725 0.731704
outer loop
vertex 2.020517 11.586207 3.971211
vertex 2.892643 11.586207 4.456395
vertex 2.568628 12.413793 4.894505
endloop
endfacet
facet normal -0.566803 -0.417182 0.710418
outer loop
vertex 2.020517 11.586207 3.971211
vertex 2.568628 12.413793 4.894505
vertex 1.773274 12.413793 4.259937
endloop
endfacet
facet normal -0.121613 -0.613319 0.780417
outer loop
vertex 2.892643 11.586207 4.456395
vertex 3.878743 11.586207 4.610060
vertex 3.536874 12.413793 5.207175
endloop
endfacet
facet normal -0.260696 -0.529438 0.807300
outer loop
vertex 2.892643 11.586207 4.456395
vertex 3.536874 12.413793 5.207175
vertex 2.568628 12.413793 4.894505
endloop
endfacet
facet normal 0.161175 -0.457850 0.874297
outer loop
vertex 3.878743 11.586207 4.610060
vertex 4.860207 11.586207 4.429129
vertex 4.514787 12.413793 4.926195
endloop
endfacet
facet normal 0.238945 -0.501317 0.831617
outer loop
vertex 3.878743 11.586207 4.610060
vertex 4.514787 12.413793 4.926195
vertex 3.536874 12.413793 5.207175
endloop
endfacet
facet normal 0.499918 -0.331992 0.799914
outer loop
vertex 4.860207 11.586207 4.429129
vertex 5.706524 11.586207 3.900210
vertex 5.404450 12.413793 4.432473
endloop
endfacet
facet normal 0.461800 -0.307055 0.832141
outer loop
vertex 4.860207 11.586207 4.429129
vertex 5.404450 12.413793 4.432473
vertex 4.514787 12.413793 4.926195
endloop
endfacet
facet normal 0.574985 -0.341842 0.743327
outer loop
vertex 5.706524 11.586207 3.900210
vertex 6.495921 11.586207 3.289589
vertex 6.247297 12.413793 3.862498
endloop
endfacet
facet normal 0.532236 -0.311917 0.787040
outer loop
vertex 5.706524 11.586207 3.900210
vertex 6.247297 12.413793 3.862498
vertex 5.404450 12.413793 4.432473
endloop
endfacet
facet normal 0.477117 -0.301450 0.825522
outer loop
vertex 6.495921 11.586207 3.289589
vertex 7.359988 11.586207 2.790195
vertex 7.068041 12.413793 3.261131
endloop
endfacet
facet normal 0.552334 -0.355914 0.753825
outer loop
vertex 6.495921 11.586207 3.289589
vertex 7.068041 12.413793 3.261131
vertex 6.247297 12.413793 3.862498
endloop
endfacet
facet normal 0.536337 -0.072616 0.840874
outer loop
vertex 7.359988 11.586207 2.790195
vertex 8.201403 11.586207 2.253513
vertex 7.815692 12.413793 2.571000
endloop
endfacet
facet normal 0.667679 -0.176072 0.723328
outer loop
vertex 7.359988 11.586207 2.790195
vertex 7.815692 12.413793 2.571000
vertex 7.068041 12.413793 3.261131
endloop
endfacet
facet normal 0.571248 0.183153 0.800082
outer loop
vertex 8.201403 11.586207 2.253513
vertex 9.013625 11.586207 1.673597
vertex 8.519941 12.413793 1.836632
endloop
endfacet
facet normal 0.719948 0.070678 0.690420
outer loop
vertex 8.201403 11.586207 2.253513
vertex 8.519941 12.413793 1.836632
vertex 7.815692 12.413793 2.571000
endloop
endfacet
facet normal -0.481928 0.437264 0.759306
outer loop
vertex 9.013625 11.586207 1.673597
vertex 9.856237 11.586207 2.208399
vertex 9.476945 12.413793 1.491079
endloop
endfacet
facet normal 0.339566 0.017300 0.940423
outer loop
vertex 9.013625 11.586207 1.673597
vertex 9.476945 12.413793 1.491079
vertex 8.519941 12.413793 1.836632
endloop
endfacet
facet normal -0.619553 0.354356 0.700418
outer loop
vertex 9.856237 11.586207 2.208399
vertex 10.603761 11.586207 2.869620
vertex 10.257077 12.413793 2.144269
endloop
endfacet
facet normal -0.602009 0.347299 0.719005
outer loop
vertex 9.856237 11.586207 2.208399
vertex 10.257077 12.413793 2.144269
vertex 9.476945 12.413793 1.491079
endloop
endfacet
facet normal -0.098071 0.777473 0.621222
outer loop
vertex 10.603761 11.586207 2.869620
vertex 11.589554 11.586207 3.025245
vertex 11.253093 12.413793 1.936386
endloop
endfacet
facet normal 0.148602 0.686286 0.711989
outer loop
vertex 10.603761 11.586207 2.869620
vertex 11.253093 12.413793 1.936386
vertex 10.257077 12.413793 2.144269
endloop
endfacet
facet normal 0.074076 0.791384 0.606815
outer loop
vertex 11.589554 11.586207 3.025245
vertex 12.580202 11.586207 2.904314
vertex 12.267931 12.413793 1.863130
endloop
endfacet
facet normal 0.043029 0.801767 0.596086
outer loop
vertex 11.589554 11.586207 3.025245
vertex 12.267931 12.413793 1.863130
vertex 11.253093 12.413793 1.936386
endloop
endfacet
facet normal 0.468395 0.649583 0.598872
outer loop
vertex 12.580202 11.586207 2.904314
vertex 13.366316 11.586207 2.289472
vertex 13.220593 12.413793 1.505782
endloop
endfacet
facet normal 0.213056 0.794980 0.567991
outer loop
vertex 12.580202 11.586207 2.904314
vertex 13.220593 12.413793 1.505782
vertex 12.267931 12.413793 1.863130
endloop
endfacet
facet normal -0.101917 0.803205 0.586919
outer loop
vertex 13.366316 11.586207 2.289472
vertex 14.349603 11.586207 2.460218
vertex 14.218027 12.413793 1.304810
endloop
endfacet
facet normal 0.142269 0.693686 0.706087
outer loop
vertex 13.366316 11.586207 2.289472
vertex 14.218027 12.413793 1.304810
vertex 13.220593 12.413793 1.505782
endloop
endfacet
facet normal -0.249968 0.737877 0.626940
outer loop
vertex 14.349603 11.586207 2.460218
vertex 15.276636 11.586207 2.829835
vertex 15.112232 12.413793 1.790259
endloop
endfacet
facet normal -0.312896 0.754920 0.576360
outer loop
vertex 14.349603 11.586207 2.460218
vertex 15.112232 12.413793 1.790259
vertex 14.218027 12.413793 1.304810
endloop
endfacet
facet normal -0.400477 0.600039 0.692511
outer loop
vertex 15.276636 11.586207 2.829835
vertex 16.140576 11.586207 3.329449
vertex 15.877828 12.413793 2.460426
endloop
endfacet
facet normal -0.510730 0.631453 0.583457
outer loop
vertex 15.276636 11.586207 2.829835
vertex 15.877828 12.413793 2.460426
vertex 15.112232 12.413793 1.790259
endloop
endfacet
facet normal -0.357580 0.622837 0.695853
outer loop
vertex 16.140576 11.586207 3.329449
vertex 17.028235 11.586207 3.785593
vertex 16.785537 12.413793 2.920130
endloop
endfacet
facet normal -0.353949 0.621509 0.698890
outer loop
vertex 16.140576 11.586207 3.329449
vertex 16.785537 12.413793 2.920130
vertex 15.877828 12.413793 2.460426
endloop
endfacet
facet normal 0.197159 0.683132 0.703177
outer loop
vertex 17.028235 11.586207 3.785593
vertex 17.989179 11.586207 3.516161
vertex 17.791516 12.413793 2.767588
endloop
endfacet
facet normal 0.101964 0.733106 0.672428
outer loop
vertex 17.028235 11.586207 3.785593
vertex 17.791516 12.413793 2.767588
vertex 16.785537 12.413793 2.920130
endloop
endfacet
facet normal 0.278445 0.711755 0.644883
outer loop
vertex 17.989179 11.586207 3.516161
vertex 18.905420 11.586207 3.120550
vertex 18.694307 12.413793 2.298300
endloop
endfacet
facet normal 0.340662 0.674143 0.655347
outer loop
vertex 17.989179 11.586207 3.516161
vertex 18.694307 12.413793 2.298300
vertex 17.791516 12.413793 2.767588
endloop
endfacet
facet normal 0.543529 0.578768 0.607950
outer loop
vertex 18.905420 11.586207 3.120550
vertex 19.649432 11.586207 2.455378
vertex 19.553503 12.413793 1.753280
endloop
endfacet
facet normal 0.383409 0.698333 0.604424
outer loop
vertex 18.905420 11.586207 3.120550
vertex 19.553503 12.413793 1.753280
vertex 18.694307 12.413793 2.298300
endloop
endfacet
facet normal 0.789812 0.338342 0.511588
outer loop
vertex 19.649432 11.586207 2.455378
vertex 20.191995 11.586207 1.617743
vertex 20.237560 12.413793 1.000069
endloop
endfacet
facet normal 0.618926 0.548610 0.562101
outer loop
vertex 19.649432 11.586207 2.455378
vertex 20.237560 12.413793 1.000069
vertex 19.553503 12.413793 1.753280
endloop
endfacet
facet normal -0.862832 0.015962 0.505238
outer loop
vertex 0.000000 12.413793 1.788946
vertex 0.514135 12.413793 2.666971
vertex 0.477709 13.241379 2.578618
endloop
endfacet
facet normal -0.878038 0.052972 0.475650
outer loop
vertex 0.000000 12.413793 1.788946
vertex 0.477709 13.241379 2.578618
vertex 0.000000 13.241379 1.696779
endloop
endfacet
facet normal -0.823236 -0.036071 0.566553
outer loop
vertex 0.514135 12.413793 2.666971
vertex 1.090965 12.413793 3.505141
vertex 1.004429 13.241379 3.432089
endloop
endfacet
facet normal -0.850840 0.018610 0.525096
outer loop
vertex 0.514135 12.413793 2.666971
vertex 1.004429 13.241379 3.432089
vertex 0.477709 13.241379 2.578618
endloop
endfacet
facet normal -0.740200 -0.066254 0.669114
outer loop
vertex 1.090965 12.413793 3.505141
vertex 1.773274 12.413793 4.259937
vertex 1.646963 13.241379 4.202152
endloop
endfacet
facet normal -0.767605 -0.023729 0.640484
outer loop
vertex 1.090965 12.413793 3.505141
vertex 1.646963 13.241379 4.202152
vertex 1.004429 13.241379 3.432089
endloop
endfacet
facet normal -0.610091 -0.207509 0.764675
outer loop
vertex 1.773274 12.413793 4.259937
vertex 2.568628 12.413793 4.894505
vertex 2.334516 13.241379 4.932302
endloop
endfacet
facet normal -0.726572 -0.063121 0.684184
outer loop
vertex 1.773274 12.413793 4.259937
vertex 2.334516 13.241379 4.932302
vertex 1.646963 13.241379 4.202152
endloop
endfacet
facet normal -0.272061 -0.464957 0.842495
outer loop
vertex 2.568628 12.413793 4.894505
vertex 3.536874 12.413793 5.207175
vertex 3.136444 13.241379 5.534596
endloop
endfacet
facet normal -0.588144 -0.202141 0.783087
outer loop
vertex 2.568628 12.413793 4.894505
vertex 3.136444 13.241379 5.534596
vertex 2.334516 13.241379 4.932302
endloop
endfacet
facet normal 0.232427 -0.540002 0.808934
outer loop
vertex 3.536874 12.413793 5.207175
vertex 4.514787 12.413793 4.926195
vertex 4.137998 13.241379 5.586910
endloop
endfacet
facet normal -0.048086 -0.387494 0.920617
outer loop
vertex 3.536874 12.413793 5.207175
vertex 4.137998 13.241379 5.586910
vertex 3.136444 13.241379 5.534596
endloop
endfacet
facet normal 0.460683 -0.314100 0.830128
outer loop
vertex 4.514787 12.413793 4.926195
vertex 5.404450 12.413793 4.432473
vertex 4.949763 13.241379 4.997941
endloop
endfacet
facet normal 0.549169 -0.354260 0.756910
outer loop
vertex 4.514787 12.413793 4.926195
vertex 4.949763 13.241379 4.997941
vertex 4.137998 13.241379 5.586910
endloop
endfacet
facet normal 0.534368 -0.300077 0.790193
outer loop
vertex 5.404450 12.413793 4.432473
vertex 6.247297 12.413793 3.862498
vertex 5.805772 13.241379 4.475356
endloop
endfacet
facet normal 0.499512 -0.284626 0.818215
outer loop
vertex 5.404450 12.413793 4.432473
vertex 5.805772 13.241379 4.475356
vertex 4.949763 13.241379 4.997941
endloop
endfacet
facet normal 0.564492 -0.296320 0.770418
outer loop
vertex 6.247297 12.413793 3.862498
vertex 7.068041 12.413793 3.261131
vertex 6.628360 13.241379 3.901598
endloop
endfacet
facet normal 0.547632 -0.289253 0.785132
outer loop
vertex 6.247297 12.413793 3.862498
vertex 6.628360 13.241379 3.901598
vertex 5.805772 13.241379 4.475356
endloop
endfacet
facet normal 0.612542 -0.429457 0.663595
outer loop
vertex 7.068041 12.413793 3.261131
vertex 7.815692 12.413793 2.571000
vertex 7.497177 13.241379 3.400596
endloop
endfacet
facet normal 0.463009 -0.375399 0.802931
outer loop
vertex 7.068041 12.413793 3.261131
vertex 7.497177 13.241379 3.400596
vertex 6.628360 13.241379 3.901598
endloop
endfacet
facet normal 0.606497 -0.542105 0.581622
outer loop
vertex 7.815692 12.413793 2.571000
vertex 8.519941 12.413793 1.836632
vertex 8.315663 13.241379 2.821004
endloop
endfacet
facet normal 0.496497 -0.511755 0.701140
outer loop
vertex 7.815692 12.413793 2.571000
vertex 8.315663 13.241379 2.821004
vertex 7.497177 13.241379 3.400596
endloop
endfacet
facet normal 0.245838 -0.689937 0.680845
outer loop
vertex 8.519941 12.413793 1.836632
vertex 9.476945 12.413793 1.491079
vertex 9.233831 13.241379 2.417500
endloop
endfacet
facet normal 0.285969 -0.703410 0.650719
outer loop
vertex 8.519941 12.413793 1.836632
vertex 9.233831 13.241379 2.417500
vertex 8.315663 13.241379 2.821004
endloop
endfacet
facet normal -0.614583 -0.288960 0.734023
outer loop
vertex 9.476945 12.413793 1.491079
vertex 10.257077 12.413793 2.144269
vertex 10.236138 13.241379 2.452529
endloop
endfacet
facet normal -0.023158 -0.748579 0.662641
outer loop
vertex 9.476945 12.413793 1.491079
vertex 10.236138 13.241379 2.452529
vertex 9.233831 13.241379 2.417500
endloop
endfacet
facet normal 0.204308 -0.005221 0.978893
outer loop
vertex 10.257077 12.413793 2.144269
vertex 11.253093 12.413793 1.936386
vertex 11.115128 13.241379 1.969596
endloop
endfacet
facet normal 0.459376 -0.299814 0.836113
outer loop
vertex 10.257077 12.413793 2.144269
vertex 11.115128 13.241379 1.969596
vertex 10.236138 13.241379 2.452529
endloop
endfacet
facet normal 0.070491 0.203543 0.976525
outer loop
vertex 11.253093 12.413793 1.936386
vertex 12.267931 12.413793 1.863130
vertex 12.082249 13.241379 1.704034
endloop
endfacet
facet normal 0.264784 0.005447 0.964292
outer loop
vertex 11.253093 12.413793 1.936386
vertex 12.082249 13.241379 1.704034
vertex 11.115128 13.241379 1.969596
endloop
endfacet
facet normal 0.345404 0.181062 0.920822
outer loop
vertex 12.267931 12.413793 1.863130
vertex 13.220593 12.413793 1.505782
vertex 13.041203 13.241379 1.410343
endloop
endfacet
facet normal 0.284125 0.242093 0.927720
outer loop
vertex 12.267931 12.413793 1.863130
vertex 13.041203 13.241379 1.410343
vertex 12.082249 13.241379 1.704034
endloop
endfacet
facet normal 0.196203 0.115290 0.973762
outer loop
vertex 13.220593 12.413793 1.505782
vertex 14.218027 12.413793 1.304810
vertex 14.030340 13.241379 1.244643
endloop
endfacet
facet normal 0.163400 0.147905 0.975410
outer loop
vertex 13.220593 12.413793 1.505782
vertex 14.030340 13.241379 1.244643
vertex 13.041203 13.241379 1.410343
endloop
endfacet
facet normal -0.442397 0.374457 0.814903
outer loop
vertex 14.218027 12.413793 1.304810
vertex 15.112232 12.413793 1.790259
vertex 15.026217 13.241379 1.363278
endloop
endfacet
facet normal -0.118168 0.045317 0.991959
outer loop
vertex 14.218027 12.413793 1.304810
vertex 15.026217 13.241379 1.363278
vertex 14.030340 13.241379 1.244643
endloop
endfacet
facet normal -0.501471 0.648335 0.572878
outer loop
vertex 15.112232 12.413793 1.790259
vertex 15.877828 12.413793 2.460426
vertex 15.994196 13.241379 1.625698
endloop
endfacet
facet normal -0.236735 0.425928 0.873236
outer loop
vertex 15.112232 12.413793 1.790259
vertex 15.994196 13.241379 1.625698
vertex 15.026217 13.241379 1.363278
endloop
endfacet
facet normal -0.381764 0.534813 0.753811
outer loop
vertex 15.877828 12.413793 2.460426
vertex 16.785537 12.413793 2.920130
vertex 16.731477 13.241379 2.305597
endloop
endfacet
facet normal -0.519905 0.641753 0.563783
outer loop
vertex 15.877828 12.413793 2.460426
vertex 16.731477 13.241379 2.305597
vertex 15.994196 13.241379 1.625698
endloop
endfacet
facet normal 0.112963 0.657476 0.744960
outer loop
vertex 16.785537 12.413793 2.920130
vertex 17.791516 12.413793 2.767588
vertex 17.701500 13.241379 2.050838
endloop
endfacet
facet normal 0.204699 0.592130 0.779410
outer loop
vertex 16.785537 12.413793 2.920130
vertex 17.701500 13.241379 2.050838
vertex 16.731477 13.241379 2.305597
endloop
endfacet
facet normal 0.313060 0.734364 0.602249
outer loop
vertex 17.791516 12.413793 2.767588
vertex 18.694307 12.413793 2.298300
vertex 18.469609 13.241379 1.405969
endloop
endfacet
facet normal 0.518535 0.591314 0.617631
outer loop
vertex 17.791516 12.413793 2.767588
vertex 18.469609 13.241379 1.405969
vertex 17.701500 13.241379 2.050838
endloop
endfacet
facet normal 0.370159 0.722819 0.583537
outer loop
vertex 18.694307 12.413793 2.298300
vertex 19.553503 12.413793 1.753280
vertex 19.320890 13.241379 0.875717
endloop
endfacet
facet normal 0.363036 0.726992 0.582827
outer loop
vertex 18.694307 12.413793 2.298300
vertex 19.320890 13.241379 0.875717
vertex 18.469609 13.241379 1.405969
endloop
endfacet
facet normal 0.683838 0.382961 0.621053
outer loop
vertex 19.553503 12.413793 1.753280
vertex 20.237560 12.413793 1.000069
vertex 20.243714 13.241379 0.482977
endloop
endfacet
facet normal 0.265289 0.735563 0.623353
outer loop
vertex 19.553503 12.413793 1.753280
vertex 20.243714 13.241379 0.482977
vertex 19.320890 13.241379 0.875717
endloop
endfacet
facet normal -0.879164 -0.015697 0.476260
outer loop
vertex 0.000000 13.241379 1.696779
vertex 0.477709 13.241379 2.578618
vertex 0.498902 14.068966 2.645017
endloop
endfacet
facet normal -0.867688 -0.044243 0.495136
outer loop
vertex 0.000000 13.241379 1.696779
vertex 0.498902 14.068966 2.645017
vertex 0.000000 14.068966 1.770728
endloop
endfacet
facet normal -0.850945 0.009877 0.525161
outer loop
vertex 0.477709 13.241379 2.578618
vertex 1.004429 13.241379 3.432089
vertex 1.048687 14.068966 3.488238
endloop
endfacet
facet normal -0.837465 -0.022363 0.546033
outer loop
vertex 0.477709 13.241379 2.578618
vertex 1.048687 14.068966 3.488238
vertex 0.498902 14.068966 2.645017
endloop
endfacet
facet normal -0.767821 0.000243 0.640664
outer loop
vertex 1.004429 13.241379 3.432089
vertex 1.646963 13.241379 4.202152
vertex 1.695273 14.068966 4.259737
endloop
endfacet
facet normal -0.766423 -0.002592 0.642331
outer loop
vertex 1.004429 13.241379 3.432089
vertex 1.695273 14.068966 4.259737
vertex 1.048687 14.068966 3.488238
endloop
endfacet
facet normal -0.724103 0.103655 0.681859
outer loop
vertex 1.646963 13.241379 4.202152
vertex 2.334516 13.241379 4.932302
vertex 2.448491 14.068966 4.927530
endloop
endfacet
facet normal -0.663342 -0.013338 0.748197
outer loop
vertex 1.646963 13.241379 4.202152
vertex 2.448491 14.068966 4.927530
vertex 1.695273 14.068966 4.259737
endloop
endfacet
facet normal -0.597326 0.103347 0.795312
outer loop
vertex 2.334516 13.241379 4.932302
vertex 3.136444 13.241379 5.534596
vertex 3.261546 14.068966 5.521015
endloop
endfacet
facet normal -0.587421 0.085539 0.804748
outer loop
vertex 2.334516 13.241379 4.932302
vertex 3.261546 14.068966 5.521015
vertex 2.448491 14.068966 4.927530
endloop
endfacet
facet normal -0.049479 -0.316551 0.947284
outer loop
vertex 3.136444 13.241379 5.534596
vertex 4.137998 13.241379 5.586910
vertex 4.206819 14.068966 5.867057
endloop
endfacet
facet normal -0.342988 0.067224 0.936931
outer loop
vertex 3.136444 13.241379 5.534596
vertex 4.206819 14.068966 5.867057
vertex 3.261546 14.068966 5.521015
endloop
endfacet
facet normal 0.554225 -0.330642 0.763879
outer loop
vertex 4.137998 13.241379 5.586910
vertex 4.949763 13.241379 4.997941
vertex 5.034746 14.068966 5.294500
endloop
endfacet
facet normal 0.540825 -0.309704 0.782043
outer loop
vertex 4.137998 13.241379 5.586910
vertex 5.034746 14.068966 5.294500
vertex 4.206819 14.068966 5.867057
endloop
endfacet
facet normal 0.508154 -0.221221 0.832370
outer loop
vertex 4.949763 13.241379 4.997941
vertex 5.805772 13.241379 4.475356
vertex 5.831655 14.068966 4.679505
endloop
endfacet
facet normal 0.577292 -0.327339 0.748053
outer loop
vertex 4.949763 13.241379 4.997941
vertex 5.831655 14.068966 4.679505
vertex 5.034746 14.068966 5.294500
endloop
endfacet
facet normal 0.518456 -0.422733 0.743303
outer loop
vertex 5.805772 13.241379 4.475356
vertex 6.628360 13.241379 3.901598
vertex 6.756767 14.068966 4.282701
endloop
endfacet
facet normal 0.383393 -0.232484 0.893846
outer loop
vertex 5.805772 13.241379 4.475356
vertex 6.756767 14.068966 4.282701
vertex 5.831655 14.068966 4.679505
endloop
endfacet
facet normal 0.461436 -0.383081 0.800203
outer loop
vertex 6.628360 13.241379 3.901598
vertex 7.497177 13.241379 3.400596
vertex 7.602153 14.068966 3.736252
endloop
endfacet
facet normal 0.491113 -0.426078 0.759780
outer loop
vertex 6.628360 13.241379 3.901598
vertex 7.602153 14.068966 3.736252
vertex 6.756767 14.068966 4.282701
endloop
endfacet
facet normal 0.470188 -0.581415 0.663988
outer loop
vertex 7.497177 13.241379 3.400596
vertex 8.315663 13.241379 2.821004
vertex 8.544887 14.068966 3.383353
endloop
endfacet
facet normal 0.322728 -0.390605 0.862134
outer loop
vertex 7.497177 13.241379 3.400596
vertex 8.544887 14.068966 3.383353
vertex 7.602153 14.068966 3.736252
endloop
endfacet
facet normal 0.253302 -0.776929 0.576385
outer loop
vertex 8.315663 13.241379 2.821004
vertex 9.233831 13.241379 2.417500
vertex 9.551456 14.068966 3.393446
endloop
endfacet
facet normal -0.008304 -0.560436 0.828156
outer loop
vertex 8.315663 13.241379 2.821004
vertex 9.551456 14.068966 3.393446
vertex 8.544887 14.068966 3.383353
endloop
endfacet
facet normal -0.026702 -0.644627 0.764030
outer loop
vertex 9.233831 13.241379 2.417500
vertex 10.236138 13.241379 2.452529
vertex 10.530890 14.068966 3.161080
endloop
endfacet
facet normal 0.145191 -0.777424 0.611990
outer loop
vertex 9.233831 13.241379 2.417500
vertex 10.530890 14.068966 3.161080
vertex 9.551456 14.068966 3.393446
endloop
endfacet
facet normal 0.337470 -0.713327 0.614231
outer loop
vertex 10.236138 13.241379 2.452529
vertex 11.115128 13.241379 1.969596
vertex 11.448613 14.068966 2.747477
endloop
endfacet
facet normal 0.301344 -0.679791 0.668637
outer loop
vertex 10.236138 13.241379 2.452529
vertex 11.448613 14.068966 2.747477
vertex 10.530890 14.068966 3.161080
endloop
endfacet
facet normal 0.208224 -0.617744 0.758311
outer loop
vertex 11.115128 13.241379 1.969596
vertex 12.082249 13.241379 1.704034
vertex 12.352307 14.068966 2.304056
endloop
endfacet
facet normal 0.308178 -0.714531 0.628070
outer loop
vertex 11.115128 13.241379 1.969596
vertex 12.352307 14.068966 2.304056
vertex 11.448613 14.068966 2.747477
endloop
endfacet
facet normal 0.278912 -0.304688 0.910699
outer loop
vertex 12.082249 13.241379 1.704034
vertex 13.041203 13.241379 1.410343
vertex 13.126767 14.068966 1.661020
endloop
endfacet
facet normal 0.507059 -0.608232 0.610692
outer loop
vertex 12.082249 13.241379 1.704034
vertex 13.126767 14.068966 1.661020
vertex 12.352307 14.068966 2.304056
endloop
endfacet
facet normal 0.164734 0.076430 0.983372
outer loop
vertex 13.041203 13.241379 1.410343
vertex 14.030340 13.241379 1.244643
vertex 14.012788 14.068966 1.183262
endloop
endfacet
facet normal 0.452599 -0.301038 0.839363
outer loop
vertex 13.041203 13.241379 1.410343
vertex 14.012788 14.068966 1.183262
vertex 13.126767 14.068966 1.661020
endloop
endfacet
facet normal -0.115423 0.218824 0.968914
outer loop
vertex 14.030340 13.241379 1.244643
vertex 15.026217 13.241379 1.363278
vertex 15.019378 14.068966 1.175558
endloop
endfacet
facet normal 0.007633 0.074125 0.997220
outer loop
vertex 14.030340 13.241379 1.244643
vertex 15.019378 14.068966 1.175558
vertex 14.012788 14.068966 1.183262
endloop
endfacet
facet normal -0.261458 0.038847 0.964433
outer loop
vertex 15.026217 13.241379 1.363278
vertex 15.994196 13.241379 1.625698
vertex 15.941962 14.068966 1.578202
endloop
endfacet
facet normal -0.391880 0.200435 0.897918
outer loop
vertex 15.026217 13.241379 1.363278
vertex 15.941962 14.068966 1.578202
vertex 15.019378 14.068966 1.175558
endloop
endfacet
facet normal -0.561782 0.559718 0.609194
outer loop
vertex 15.994196 13.241379 1.625698
vertex 16.731477 13.241379 2.305597
vertex 16.936419 14.068966 1.734216
endloop
endfacet
facet normal -0.154817 0.046863 0.986831
outer loop
vertex 15.994196 13.241379 1.625698
vertex 16.936419 14.068966 1.734216
vertex 15.941962 14.068966 1.578202
endloop
endfacet
facet normal 0.143802 0.824330 0.547541
outer loop
vertex 16.731477 13.241379 2.305597
vertex 17.701500 13.241379 2.050838
vertex 17.452889 14.068966 0.870189
endloop
endfacet
facet normal 0.849858 0.140276 0.508000
outer loop
vertex 16.731477 13.241379 2.305597
vertex 17.452889 14.068966 0.870189
vertex 16.936419 14.068966 1.734216
endloop
endfacet
facet normal 0.526638 0.573733 0.627283
outer loop
vertex 17.701500 13.241379 2.050838
vertex 18.469609 13.241379 1.405969
vertex 18.440157 14.068966 0.673758
endloop
endfacet
facet normal 0.110383 0.824635 0.554791
outer loop
vertex 17.701500 13.241379 2.050838
vertex 18.440157 14.068966 0.673758
vertex 17.452889 14.068966 0.870189
endloop
endfacet
facet normal 0.528232 -0.042473 0.848037
outer loop
vertex 18.469609 13.241379 1.405969
vertex 19.320890 13.241379 0.875717
vertex 19.431540 14.068966 0.848244
endloop
endfacet
facet normal -0.131085 0.654294 0.744793
outer loop
vertex 18.469609 13.241379 1.405969
vertex 19.431540 14.068966 0.848244
vertex 18.440157 14.068966 0.673758
endloop
endfacet
facet normal 0.378239 0.258950 0.888752
outer loop
vertex 19.320890 13.241379 0.875717
vertex 20.243714 13.241379 0.482977
vertex 20.237122 14.068966 0.244654
endloop
endfacet
facet normal 0.598761 -0.053527 0.799137
outer loop
vertex 19.320890 13.241379 0.875717
vertex 20.237122 14.068966 0.244654
vertex 19.431540 14.068966 0.848244
endloop
endfacet
facet normal -0.868290 0.023948 0.495479
outer loop
vertex 0.000000 14.068966 1.770728
vertex 0.498902 14.068966 2.645017
vertex 0.501677 14.896552 2.609881
endloop
endfacet
facet normal -0.863719 0.012727 0.503812
outer loop
vertex 0.000000 14.068966 1.770728
vertex 0.501677 14.896552 2.609881
vertex 0.000000 14.896552 1.749822
endloop
endfacet
facet normal -0.837601 0.013282 0.546121
outer loop
vertex 0.498902 14.068966 2.645017
vertex 1.048687 14.068966 3.488238
vertex 1.036644 14.896552 3.449639
endloop
endfacet
facet normal -0.843123 0.025631 0.537110
outer loop
vertex 0.498902 14.068966 2.645017
vertex 1.036644 14.896552 3.449639
vertex 0.501677 14.896552 2.609881
endloop
endfacet
facet normal -0.765673 -0.044290 0.641703
outer loop
vertex 1.048687 14.068966 3.488238
vertex 1.695273 14.068966 4.259737
vertex 1.635274 14.896552 4.245267
endloop
endfacet
facet normal -0.798971 0.016410 0.601146
outer loop
vertex 1.048687 14.068966 3.488238
vertex 1.635274 14.896552 4.245267
vertex 1.036644 14.896552 3.449639
endloop
endfacet
facet normal -0.663086 -0.030821 0.747908
outer loop
vertex 1.695273 14.068966 4.259737
vertex 2.448491 14.068966 4.927530
vertex 2.382596 14.896552 4.903213
endloop
endfacet
facet normal -0.660400 -0.034763 0.750109
outer loop
vertex 1.695273 14.068966 4.259737
vertex 2.382596 14.896552 4.903213
vertex 1.635274 14.896552 4.245267
endloop
endfacet
facet normal -0.582751 0.151778 0.798351
outer loop
vertex 2.448491 14.068966 4.927530
vertex 3.261546 14.068966 5.521015
vertex 3.264339 14.896552 5.365717
endloop
endfacet
facet normal -0.464483 -0.010964 0.885514
outer loop
vertex 2.448491 14.068966 4.927530
vertex 3.264339 14.896552 5.365717
vertex 2.382596 14.896552 4.903213
endloop
endfacet
facet normal -0.341909 -0.103811 0.933982
outer loop
vertex 3.261546 14.068966 5.521015
vertex 4.206819 14.068966 5.867057
vertex 4.093183 14.896552 5.917442
endloop
endfacet
facet normal -0.547322 0.156139 0.822229
outer loop
vertex 3.261546 14.068966 5.521015
vertex 4.093183 14.896552 5.917442
vertex 3.264339 14.896552 5.365717
endloop
endfacet
facet normal 0.555091 -0.218156 0.802672
outer loop
vertex 4.206819 14.068966 5.867057
vertex 5.034746 14.068966 5.294500
vertex 5.012429 14.896552 5.534861
endloop
endfacet
facet normal 0.384238 -0.003449 0.923228
outer loop
vertex 4.206819 14.068966 5.867057
vertex 5.012429 14.896552 5.534861
vertex 4.093183 14.896552 5.917442
endloop
endfacet
facet normal 0.561432 -0.394381 0.727501
outer loop
vertex 5.034746 14.068966 5.294500
vertex 5.831655 14.068966 4.679505
vertex 5.896973 14.896552 5.077735
endloop
endfacet
facet normal 0.445854 -0.238546 0.862734
outer loop
vertex 5.034746 14.068966 5.294500
vertex 5.896973 14.896552 5.077735
vertex 5.012429 14.896552 5.534861
endloop
endfacet
facet normal 0.359840 -0.408298 0.838933
outer loop
vertex 5.831655 14.068966 4.679505
vertex 6.756767 14.068966 4.282701
vertex 6.803313 14.896552 4.665511
endloop
endfacet
facet normal 0.374590 -0.425876 0.823597
outer loop
vertex 5.831655 14.068966 4.679505
vertex 6.803313 14.896552 4.665511
vertex 5.896973 14.896552 5.077735
endloop
endfacet
facet normal 0.445460 -0.571520 0.689152
outer loop
vertex 6.756767 14.068966 4.282701
vertex 7.602153 14.068966 3.736252
vertex 7.741628 14.896552 4.332422
endloop
endfacet
facet normal 0.304527 -0.413940 0.857856
outer loop
vertex 6.756767 14.068966 4.282701
vertex 7.741628 14.896552 4.332422
vertex 6.803313 14.896552 4.665511
endloop
endfacet
facet normal 0.272215 -0.630148 0.727195
outer loop
vertex 7.602153 14.068966 3.736252
vertex 8.544887 14.068966 3.383353
vertex 8.694741 14.896552 4.044398
endloop
endfacet
facet normal 0.232716 -0.593972 0.770091
outer loop
vertex 7.602153 14.068966 3.736252
vertex 8.694741 14.896552 4.044398
vertex 7.741628 14.896552 4.332422
endloop
endfacet
facet normal -0.008581 -0.517310 0.855755
outer loop
vertex 8.544887 14.068966 3.383353
vertex 9.551456 14.068966 3.393446
vertex 9.679151 14.896552 3.895008
endloop
endfacet
facet normal 0.116197 -0.632638 0.765681
outer loop
vertex 8.544887 14.068966 3.383353
vertex 9.679151 14.896552 3.895008
vertex 8.694741 14.896552 4.044398
endloop
endfacet
facet normal 0.188299 -0.578444 0.793692
outer loop
vertex 9.551456 14.068966 3.393446
vertex 10.530890 14.068966 3.161080
vertex 10.661600 14.896552 3.733216
endloop
endfacet
facet normal 0.137913 -0.528822 0.837453
outer loop
vertex 9.551456 14.068966 3.393446
vertex 10.661600 14.896552 3.733216
vertex 9.679151 14.896552 3.895008
endloop
endfacet
facet normal 0.296867 -0.691363 0.658701
outer loop
vertex 10.530890 14.068966 3.161080
vertex 11.448613 14.068966 2.747477
vertex 11.636608 14.896552 3.531372
endloop
endfacet
facet normal 0.165373 -0.578376 0.798832
outer loop
vertex 10.530890 14.068966 3.161080
vertex 11.636608 14.896552 3.531372
vertex 10.661600 14.896552 3.733216
endloop
endfacet
facet normal 0.336557 -0.645183 0.685907
outer loop
vertex 11.448613 14.068966 2.747477
vertex 12.352307 14.068966 2.304056
vertex 12.488376 14.896552 3.015742
endloop
endfacet
facet normal 0.379609 -0.680202 0.627075
outer loop
vertex 11.448613 14.068966 2.747477
vertex 12.488376 14.896552 3.015742
vertex 11.636608 14.896552 3.531372
endloop
endfacet
facet normal 0.501524 -0.619377 0.604025
outer loop
vertex 12.352307 14.068966 2.304056
vertex 13.126767 14.068966 1.661020
vertex 13.266063 14.896552 2.393983
endloop
endfacet
facet normal 0.493735 -0.612248 0.617558
outer loop
vertex 12.352307 14.068966 2.304056
vertex 13.266063 14.896552 2.393983
vertex 12.488376 14.896552 3.015742
endloop
endfacet
facet normal 0.375653 -0.611184 0.696663
outer loop
vertex 13.126767 14.068966 1.661020
vertex 14.012788 14.068966 1.183262
vertex 14.105879 14.896552 1.859108
endloop
endfacet
facet normal 0.411851 -0.642040 0.646655
outer loop
vertex 13.126767 14.068966 1.661020
vertex 14.105879 14.896552 1.859108
vertex 13.266063 14.896552 2.393983
endloop
endfacet
facet normal 0.006998 -0.404829 0.914366
outer loop
vertex 14.012788 14.068966 1.183262
vertex 15.019378 14.068966 1.175558
vertex 15.049625 14.896552 1.541734
endloop
endfacet
facet normal 0.247701 -0.629377 0.736565
outer loop
vertex 14.012788 14.068966 1.183262
vertex 15.049625 14.896552 1.541734
vertex 14.105879 14.896552 1.859108
endloop
endfacet
facet normal -0.385897 0.263164 0.884210
outer loop
vertex 15.019378 14.068966 1.175558
vertex 15.941962 14.068966 1.578202
vertex 16.030475 14.896552 1.370521
endloop
endfacet
facet normal 0.157268 -0.404391 0.900963
outer loop
vertex 15.019378 14.068966 1.175558
vertex 16.030475 14.896552 1.370521
vertex 15.049625 14.896552 1.541734
endloop
endfacet
facet normal -0.146812 -0.320488 0.935806
outer loop
vertex 15.941962 14.068966 1.578202
vertex 16.936419 14.068966 1.734216
vertex 16.804420 14.896552 1.996933
endloop
endfacet
facet normal -0.608535 0.253762 0.751857
outer loop
vertex 15.941962 14.068966 1.578202
vertex 16.804420 14.896552 1.996933
vertex 16.030475 14.896552 1.370521
endloop
endfacet
facet normal 0.823043 -0.283839 0.491971
outer loop
vertex 16.936419 14.068966 1.734216
vertex 17.452889 14.068966 0.870189
vertex 17.494069 14.896552 1.278765
endloop
endfacet
facet normal 0.717352 -0.104263 0.688865
outer loop
vertex 16.936419 14.068966 1.734216
vertex 17.494069 14.896552 1.278765
vertex 16.804420 14.896552 1.996933
endloop
endfacet
facet normal 0.190016 -0.227623 0.955030
outer loop
vertex 17.452889 14.068966 0.870189
vertex 18.440157 14.068966 0.673758
vertex 18.405492 14.896552 0.877903
endloop
endfacet
facet normal 0.364089 -0.426806 0.827814
outer loop
vertex 17.452889 14.068966 0.870189
vertex 18.405492 14.896552 0.877903
vertex 17.494069 14.896552 1.278765
endloop
endfacet
facet normal -0.154532 0.453001 0.878015
outer loop
vertex 18.440157 14.068966 0.673758
vertex 19.431540 14.068966 0.848244
vertex 19.275570 14.896552 0.393810
endloop
endfacet
facet normal 0.477188 -0.191577 0.857666
outer loop
vertex 18.440157 14.068966 0.673758
vertex 19.275570 14.896552 0.393810
vertex 18.405492 14.896552 0.877903
endloop
endfacet
facet normal 0.573386 0.292556 0.765271
outer loop
vertex 19.431540 14.068966 0.848244
vertex 20.237122 14.068966 0.244654
vertex 20.177820 14.896552 -0.027292
endloop
endfacet
facet normal 0.366277 0.499959 0.784782
outer loop
vertex 19.431540 14.068966 0.848244
vertex 20.177820 14.896552 -0.027292
vertex 19.275570 14.896552 0.393810
endloop
endfacet
facet normal -0.863771 -0.006420 0.503843
outer loop
vertex 0.000000 14.896552 1.749822
vertex 0.501677 14.896552 2.609881
vertex 0.485849 15.724138 2.593291
endloop
endfacet
facet normal -0.875131 0.021055 0.483428
outer loop
vertex 0.000000 14.896552 1.749822
vertex 0.485849 15.724138 2.593291
vertex 0.000000 15.724138 1.713778
endloop
endfacet
facet normal -0.843361 -0.009623 0.537261
outer loop
vertex 0.501677 14.896552 2.609881
vertex 1.036644 14.896552 3.449639
vertex 1.022726 15.724138 3.442617
endloop
endfacet
facet normal -0.845269 -0.005456 0.534313
outer loop
vertex 0.501677 14.896552 2.609881
vertex 1.022726 15.724138 3.442617
vertex 0.485849 15.724138 2.593291
endloop
endfacet
facet normal -0.796803 0.075407 0.599515
outer loop
vertex 1.036644 14.896552 3.449639
vertex 1.635274 14.896552 4.245267
vertex 1.680906 15.724138 4.201821
endloop
endfacet
facet normal -0.755570 -0.007148 0.655029
outer loop
vertex 1.036644 14.896552 3.449639
vertex 1.680906 15.724138 4.201821
vertex 1.022726 15.724138 3.442617
endloop
endfacet
facet normal -0.646015 0.210347 0.733770
outer loop
vertex 1.635274 14.896552 4.245267
vertex 2.382596 14.896552 4.903213
vertex 2.506269 15.724138 4.774855
endloop
endfacet
facet normal -0.568726 0.074362 0.819159
outer loop
vertex 1.635274 14.896552 4.245267
vertex 2.506269 15.724138 4.774855
vertex 1.680906 15.724138 4.201821
endloop
endfacet
facet normal -0.452291 0.227862 0.862271
outer loop
vertex 2.382596 14.896552 4.903213
vertex 3.264339 14.896552 5.365717
vertex 3.406326 15.724138 5.221498
endloop
endfacet
facet normal -0.435429 0.201163 0.877459
outer loop
vertex 2.382596 14.896552 4.903213
vertex 3.406326 15.724138 5.221498
vertex 2.506269 15.724138 4.774855
endloop
endfacet
facet normal -0.549897 0.123197 0.826097
outer loop
vertex 3.264339 14.896552 5.365717
vertex 4.093183 14.896552 5.917442
vertex 4.185731 15.724138 5.855628
endloop
endfacet
facet normal -0.613200 0.236545 0.753679
outer loop
vertex 3.264339 14.896552 5.365717
vertex 4.185731 15.724138 5.855628
vertex 3.406326 15.724138 5.221498
endloop
endfacet
facet normal 0.384114 -0.025696 0.922928
outer loop
vertex 4.093183 14.896552 5.917442
vertex 5.012429 14.896552 5.534861
vertex 5.128978 15.724138 5.509396
endloop
endfacet
facet normal 0.344411 0.031568 0.938288
outer loop
vertex 4.093183 14.896552 5.917442
vertex 5.128978 15.724138 5.509396
vertex 4.185731 15.724138 5.855628
endloop
endfacet
facet normal 0.436568 -0.309488 0.844764
outer loop
vertex 5.012429 14.896552 5.534861
vertex 5.896973 14.896552 5.077735
vertex 6.105587 15.724138 5.273120
endloop
endfacet
facet normal 0.235150 -0.003209 0.971954
outer loop
vertex 5.012429 14.896552 5.534861
vertex 6.105587 15.724138 5.273120
vertex 5.128978 15.724138 5.509396
endloop
endfacet
facet normal 0.365314 -0.470548 0.803200
outer loop
vertex 5.896973 14.896552 5.077735
vertex 6.803313 14.896552 4.665511
vertex 7.079219 15.724138 5.024858
endloop
endfacet
facet normal 0.237236 -0.279457 0.930389
outer loop
vertex 5.896973 14.896552 5.077735
vertex 7.079219 15.724138 5.024858
vertex 6.105587 15.724138 5.273120
endloop
endfacet
facet normal 0.267866 -0.599043 0.754583
outer loop
vertex 6.803313 14.896552 4.665511
vertex 7.741628 14.896552 4.332422
vertex 8.072313 15.724138 4.872032
endloop
endfacet
facet normal 0.137127 -0.432633 0.891081
outer loop
vertex 6.803313 14.896552 4.665511
vertex 8.072313 15.724138 4.872032
vertex 7.079219 15.724138 5.024858
endloop
endfacet
facet normal 0.211698 -0.681490 0.700539
outer loop
vertex 7.741628 14.896552 4.332422
vertex 8.694741 14.896552 4.044398
vertex 9.067942 15.724138 4.736703
endloop
endfacet
facet normal 0.110343 -0.573410 0.811804
outer loop
vertex 7.741628 14.896552 4.332422
vertex 9.067942 15.724138 4.736703
vertex 8.072313 15.724138 4.872032
endloop
endfacet
facet normal 0.113655 -0.652833 0.748927
outer loop
vertex 8.694741 14.896552 4.044398
vertex 9.679151 14.896552 3.895008
vertex 10.056903 15.724138 4.559080
endloop
endfacet
facet normal 0.131196 -0.670226 0.730469
outer loop
vertex 8.694741 14.896552 4.044398
vertex 10.056903 15.724138 4.559080
vertex 9.067942 15.724138 4.736703
endloop
endfacet
facet normal 0.137316 -0.534680 0.833823
outer loop
vertex 9.679151 14.896552 3.895008
vertex 10.661600 14.896552 3.733216
vertex 10.998510 15.724138 4.208414
endloop
endfacet
facet normal 0.257957 -0.673553 0.692665
outer loop
vertex 9.679151 14.896552 3.895008
vertex 10.998510 15.724138 4.208414
vertex 10.056903 15.724138 4.559080
endloop
endfacet
facet normal 0.201278 -0.119035 0.972275
outer loop
vertex 10.661600 14.896552 3.733216
vertex 11.636608 14.896552 3.531372
vertex 11.797658 15.724138 3.599353
endloop
endfacet
facet normal 0.495781 -0.575355 0.650513
outer loop
vertex 10.661600 14.896552 3.733216
vertex 11.797658 15.724138 3.599353
vertex 10.998510 15.724138 4.208414
endloop
endfacet
facet normal 0.514461 0.114491 0.849836
outer loop
vertex 11.636608 14.896552 3.531372
vertex 12.488376 14.896552 3.015742
vertex 12.510272 15.724138 2.890993
endloop
endfacet
facet normal 0.691895 -0.191820 0.696051
outer loop
vertex 11.636608 14.896552 3.531372
vertex 12.510272 15.724138 2.890993
vertex 11.797658 15.724138 3.599353
endloop
endfacet
facet normal 0.594085 0.308068 0.743073
outer loop
vertex 12.488376 14.896552 3.015742
vertex 13.266063 14.896552 2.393983
vertex 13.166726 15.724138 2.130296
endloop
endfacet
facet normal 0.754756 0.078210 0.651327
outer loop
vertex 12.488376 14.896552 3.015742
vertex 13.166726 15.724138 2.130296
vertex 12.510272 15.724138 2.890993
endloop
endfacet
facet normal 0.510220 0.312899 0.801105
outer loop
vertex 13.266063 14.896552 2.393983
vertex 14.105879 14.896552 1.859108
vertex 14.015898 15.724138 1.593175
endloop
endfacet
facet normal 0.507116 0.316319 0.801733
outer loop
vertex 13.266063 14.896552 2.393983
vertex 14.015898 15.724138 1.593175
vertex 13.166726 15.724138 2.130296
endloop
endfacet
facet normal 0.306841 -0.270801 0.912423
outer loop
vertex 14.105879 14.896552 1.859108
vertex 15.049625 14.896552 1.541734
vertex 14.998174 15.724138 1.804659
endloop
endfacet
facet normal -0.202080 0.279635 0.938599
outer loop
vertex 14.105879 14.896552 1.859108
vertex 14.998174 15.724138 1.804659
vertex 14.015898 15.724138 1.593175
endloop
endfacet
facet normal 0.160421 -0.360084 0.919024
outer loop
vertex 15.049625 14.896552 1.541734
vertex 16.030475 14.896552 1.370521
vertex 15.997548 15.724138 1.700527
endloop
endfacet
facet normal 0.099002 -0.295704 0.950136
outer loop
vertex 15.049625 14.896552 1.541734
vertex 15.997548 15.724138 1.700527
vertex 14.998174 15.724138 1.804659
endloop
endfacet
facet normal -0.627650 -0.068520 0.775474
outer loop
vertex 16.030475 14.896552 1.370521
vertex 16.804420 14.896552 1.996933
vertex 16.898203 15.724138 2.145963
endloop
endfacet
facet normal -0.415080 -0.351181 0.839274
outer loop
vertex 16.030475 14.896552 1.370521
vertex 16.898203 15.724138 2.145963
vertex 15.997548 15.724138 1.700527
endloop
endfacet
facet normal 0.720083 -0.057668 0.691488
outer loop
vertex 16.804420 14.896552 1.996933
vertex 17.494069 14.896552 1.278765
vertex 17.500154 15.724138 1.341447
endloop
endfacet
facet normal 0.785345 -0.194811 0.587607
outer loop
vertex 16.804420 14.896552 1.996933
vertex 17.500154 15.724138 1.341447
vertex 16.898203 15.724138 2.145963
endloop
endfacet
facet normal 0.399454 0.124771 0.908223
outer loop
vertex 17.494069 14.896552 1.278765
vertex 18.405492 14.896552 0.877903
vertex 18.341605 15.724138 0.792309
endloop
endfacet
facet normal 0.545284 -0.067294 0.835546
outer loop
vertex 17.494069 14.896552 1.278765
vertex 18.341605 15.724138 0.792309
vertex 17.500154 15.724138 1.341447
endloop
endfacet
facet normal 0.480691 0.150018 0.863962
outer loop
vertex 18.405492 14.896552 0.877903
vertex 19.275570 14.896552 0.393810
vertex 19.209883 15.724138 0.286655
endloop
endfacet
facet normal 0.499159 0.127183 0.857126
outer loop
vertex 18.405492 14.896552 0.877903
vertex 19.209883 15.724138 0.286655
vertex 18.341605 15.724138 0.792309
endloop
endfacet
facet normal 0.421236 -0.089368 0.902537
outer loop
vertex 19.275570 14.896552 0.393810
vertex 20.177820 14.896552 -0.027292
vertex 20.186542 15.724138 0.050584
endloop
endfacet
facet normal 0.232532 0.143017 0.962016
outer loop
vertex 19.275570 14.896552 0.393810
vertex 20.186542 15.724138 0.050584
vertex 19.209883 15.724138 0.286655
endloop
endfacet
facet normal -0.875188 0.017700 0.483459
outer loop
vertex 0.000000 15.724138 1.713778
vertex 0.485849 15.724138 2.593291
vertex 0.496723 16.551724 2.582678
endloop
endfacet
facet normal -0.873990 0.014602 0.485725
outer loop
vertex 0.000000 15.724138 1.713778
vertex 0.496723 16.551724 2.582678
vertex 0.000000 16.551724 1.688899
endloop
endfacet
facet normal -0.843989 0.055271 0.533504
outer loop
vertex 0.485849 15.724138 2.593291
vertex 1.022726 15.724138 3.442617
vertex 1.068995 16.551724 3.430074
endloop
endfacet
facet normal -0.828587 0.018063 0.559569
outer loop
vertex 0.485849 15.724138 2.593291
vertex 1.068995 16.551724 3.430074
vertex 0.496723 16.551724 2.582678
endloop
endfacet
facet normal -0.745673 0.161483 0.646448
outer loop
vertex 1.022726 15.724138 3.442617
vertex 1.680906 15.724138 4.201821
vertex 1.805768 16.551724 4.139117
endloop
endfacet
facet normal -0.692563 0.049626 0.719648
outer loop
vertex 1.022726 15.724138 3.442617
vertex 1.805768 16.551724 4.139117
vertex 1.068995 16.551724 3.430074
endloop
endfacet
facet normal -0.564964 0.136540 0.813740
outer loop
vertex 1.680906 15.724138 4.201821
vertex 2.506269 15.724138 4.774855
vertex 2.640747 16.551724 4.729357
endloop
endfacet
facet normal -0.570934 0.147335 0.807667
outer loop
vertex 1.680906 15.724138 4.201821
vertex 2.640747 16.551724 4.729357
vertex 1.805768 16.551724 4.139117
endloop
endfacet
facet normal -0.444370 -0.025633 0.895476
outer loop
vertex 2.506269 15.724138 4.774855
vertex 3.406326 15.724138 5.221498
vertex 3.496065 16.551724 5.289720
endloop
endfacet
facet normal -0.543085 0.133820 0.828946
outer loop
vertex 2.506269 15.724138 4.774855
vertex 3.496065 16.551724 5.289720
vertex 2.640747 16.551724 4.729357
endloop
endfacet
facet normal -0.502684 0.604628 0.617846
outer loop
vertex 3.406326 15.724138 5.221498
vertex 4.185731 15.724138 5.855628
vertex 4.518254 16.551724 5.316290
endloop
endfacet
facet normal -0.025903 -0.079338 0.996511
outer loop
vertex 3.406326 15.724138 5.221498
vertex 4.518254 16.551724 5.316290
vertex 3.496065 16.551724 5.289720
endloop
endfacet
facet normal 0.304781 0.466553 0.830323
outer loop
vertex 4.185731 15.724138 5.855628
vertex 5.128978 15.724138 5.509396
vertex 5.461800 16.551724 4.922214
endloop
endfacet
facet normal 0.351905 0.407712 0.842576
outer loop
vertex 4.185731 15.724138 5.855628
vertex 5.461800 16.551724 4.922214
vertex 4.518254 16.551724 5.316290
endloop
endfacet
facet normal 0.196679 0.548128 0.812941
outer loop
vertex 5.128978 15.724138 5.509396
vertex 6.105587 15.724138 5.273120
vertex 6.442741 16.551724 4.633548
endloop
endfacet
facet normal 0.245564 0.493311 0.834471
outer loop
vertex 5.128978 15.724138 5.509396
vertex 6.442741 16.551724 4.633548
vertex 5.461800 16.551724 4.922214
endloop
endfacet
facet normal 0.238541 0.260633 0.935505
outer loop
vertex 6.105587 15.724138 5.273120
vertex 7.079219 15.724138 5.024858
vertex 7.463345 16.551724 4.696344
endloop
endfacet
facet normal -0.048040 0.622965 0.780773
outer loop
vertex 6.105587 15.724138 5.273120
vertex 7.463345 16.551724 4.696344
vertex 6.442741 16.551724 4.633548
endloop
endfacet
facet normal 0.149316 -0.190389 0.970287
outer loop
vertex 7.079219 15.724138 5.024858
vertex 8.072313 15.724138 4.872032
vertex 8.446662 16.551724 4.976812
endloop
endfacet
facet normal -0.244440 0.453648 0.857002
outer loop
vertex 7.079219 15.724138 5.024858
vertex 8.446662 16.551724 4.976812
vertex 7.463345 16.551724 4.696344
endloop
endfacet
facet normal 0.110396 -0.572846 0.812195
outer loop
vertex 8.072313 15.724138 4.872032
vertex 9.067942 15.724138 4.736703
vertex 9.425730 16.551724 5.271772
endloop
endfacet
facet normal -0.288447 0.009253 0.957451
outer loop
vertex 8.072313 15.724138 4.872032
vertex 9.425730 16.551724 5.271772
vertex 8.446662 16.551724 4.976812
endloop
endfacet
facet normal 0.155486 -0.475781 0.865712
outer loop
vertex 9.067942 15.724138 4.736703
vertex 10.056903 15.724138 4.559080
vertex 10.397235 16.551724 4.952783
endloop
endfacet
facet normal 0.249670 -0.599562 0.760388
outer loop
vertex 9.067942 15.724138 4.736703
vertex 10.397235 16.551724 4.952783
vertex 9.425730 16.551724 5.271772
endloop
endfacet
facet normal 0.342374 -0.193896 0.919339
outer loop
vertex 10.056903 15.724138 4.559080
vertex 10.998510 15.724138 4.208414
vertex 11.192923 16.551724 4.310556
endloop
endfacet
facet normal 0.531774 -0.532111 0.658843
outer loop
vertex 10.056903 15.724138 4.559080
vertex 11.192923 16.551724 4.310556
vertex 10.397235 16.551724 4.952783
endloop
endfacet
facet normal 0.599647 -0.146208 0.786795
outer loop
vertex 10.998510 15.724138 4.208414
vertex 11.797658 15.724138 3.599353
vertex 11.957357 16.551724 3.631428
endloop
endfacet
facet normal 0.644591 -0.240974 0.725558
outer loop
vertex 10.998510 15.724138 4.208414
vertex 11.957357 16.551724 3.631428
vertex 11.192923 16.551724 4.310556
endloop
endfacet
facet normal 0.696057 -0.158656 0.700238
outer loop
vertex 11.797658 15.724138 3.599353
vertex 12.510272 15.724138 2.890993
vertex 12.680902 16.551724 2.908892
endloop
endfacet
facet normal 0.697323 -0.161626 0.698297
outer loop
vertex 11.797658 15.724138 3.599353
vertex 12.680902 16.551724 2.908892
vertex 11.957357 16.551724 3.631428
endloop
endfacet
facet normal 0.745143 -0.176837 0.643032
outer loop
vertex 12.510272 15.724138 2.890993
vertex 13.166726 15.724138 2.130296
vertex 13.354852 16.551724 2.139888
endloop
endfacet
facet normal 0.741504 -0.166936 0.649849
outer loop
vertex 12.510272 15.724138 2.890993
vertex 13.354852 16.551724 2.139888
vertex 12.680902 16.551724 2.908892
endloop
endfacet
facet normal 0.529844 -0.132594 0.837666
outer loop
vertex 13.166726 15.724138 2.130296
vertex 14.015898 15.724138 1.593175
vertex 14.220112 16.551724 1.595003
endloop
endfacet
facet normal 0.528367 -0.129832 0.839030
outer loop
vertex 13.166726 15.724138 2.130296
vertex 14.220112 16.551724 1.595003
vertex 13.354852 16.551724 2.139888
endloop
endfacet
facet normal -0.195262 -0.373297 0.906930
outer loop
vertex 14.015898 15.724138 1.593175
vertex 14.998174 15.724138 1.804659
vertex 15.071636 16.551724 2.161114
endloop
endfacet
facet normal -0.548675 0.133566 0.825298
outer loop
vertex 14.015898 15.724138 1.593175
vertex 15.071636 16.551724 2.161114
vertex 14.220112 16.551724 1.595003
endloop
endfacet
facet normal 0.069630 -0.740672 0.668249
outer loop
vertex 14.998174 15.724138 1.804659
vertex 15.997548 15.724138 1.700527
vertex 15.985912 16.551724 2.619017
endloop
endfacet
facet normal -0.423279 -0.326445 0.845144
outer loop
vertex 14.998174 15.724138 1.804659
vertex 15.985912 16.551724 2.619017
vertex 15.071636 16.551724 2.161114
endloop
endfacet
facet normal -0.437990 -0.154536 0.885598
outer loop
vertex 15.997548 15.724138 1.700527
vertex 16.898203 15.724138 2.145963
vertex 16.964747 16.551724 2.323287
endloop
endfacet
facet normal 0.198627 -0.726859 0.657437
outer loop
vertex 15.997548 15.724138 1.700527
vertex 16.964747 16.551724 2.323287
vertex 15.985912 16.551724 2.619017
endloop
endfacet
facet normal 0.778207 -0.235290 0.582265
outer loop
vertex 16.898203 15.724138 2.145963
vertex 17.500154 15.724138 1.341447
vertex 17.609538 16.551724 1.529676
endloop
endfacet
facet normal 0.761412 -0.193775 0.618630
outer loop
vertex 16.898203 15.724138 2.145963
vertex 17.609538 16.551724 1.529676
vertex 16.964747 16.551724 2.323287
endloop
endfacet
facet normal 0.538956 -0.165827 0.825850
outer loop
vertex 17.500154 15.724138 1.341447
vertex 18.341605 15.724138 0.792309
vertex 18.420577 16.551724 0.906947
endloop
endfacet
facet normal 0.589281 -0.252444 0.767476
outer loop
vertex 17.500154 15.724138 1.341447
vertex 18.420577 16.551724 0.906947
vertex 17.609538 16.551724 1.529676
endloop
endfacet
facet normal 0.502373 0.058881 0.862644
outer loop
vertex 18.341605 15.724138 0.792309
vertex 19.209883 15.724138 0.286655
vertex 19.194772 16.551724 0.238967
endloop
endfacet
facet normal 0.644314 -0.164926 0.746766
outer loop
vertex 18.341605 15.724138 0.792309
vertex 19.194772 16.551724 0.238967
vertex 18.420577 16.551724 0.906947
endloop
endfacet
facet normal -0.873742 -0.027919 0.485588
outer loop
vertex 0.000000 16.551724 1.688899
vertex 0.496723 16.551724 2.582678
vertex 0.512812 17.379310 2.659209
endloop
endfacet
facet normal -0.857609 -0.066519 0.509983
outer loop
vertex 0.000000 16.551724 1.688899
vertex 0.512812 17.379310 2.659209
vertex 0.000000 17.379310 1.796844
endloop
endfacet
facet normal -0.828419 -0.027033 0.559456
outer loop
vertex 0.496723 16.551724 2.582678
vertex 1.068995 16.551724 3.430074
vertex 1.080216 17.379310 3.486677
endloop
endfacet
facet normal -0.824188 -0.036240 0.565155
outer loop
vertex 0.496723 16.551724 2.582678
vertex 1.080216 17.379310 3.486677
vertex 0.512812 17.379310 2.659209
endloop
endfacet
facet normal -0.687477 -0.130612 0.714364
outer loop
vertex 1.068995 16.551724 3.430074
vertex 1.805768 16.551724 4.139117
vertex 1.748350 17.379310 4.235174
endloop
endfacet
facet normal -0.745552 -0.035410 0.665506
outer loop
vertex 1.068995 16.551724 3.430074
vertex 1.748350 17.379310 4.235174
vertex 1.080216 17.379310 3.486677
endloop
endfacet
facet normal -0.572929 -0.121899 0.810489
outer loop
vertex 1.805768 16.551724 4.139117
vertex 2.640747 16.551724 4.729357
vertex 2.573339 17.379310 4.806177
endloop
endfacet
facet normal -0.564003 -0.133712 0.814875
outer loop
vertex 1.805768 16.551724 4.139117
vertex 2.573339 17.379310 4.806177
vertex 1.748350 17.379310 4.235174
endloop
endfacet
facet normal -0.495552 0.426963 0.756393
outer loop
vertex 2.640747 16.551724 4.729357
vertex 3.496065 16.551724 5.289720
vertex 3.574372 17.379310 4.873873
endloop
endfacet
facet normal -0.067150 -0.097639 0.992954
outer loop
vertex 2.640747 16.551724 4.729357
vertex 3.574372 17.379310 4.873873
vertex 2.573339 17.379310 4.806177
endloop
endfacet
facet normal -0.019359 0.667064 0.744749
outer loop
vertex 3.496065 16.551724 5.289720
vertex 4.518254 16.551724 5.316290
vertex 4.532266 17.379310 4.575394
endloop
endfacet
facet normal 0.271128 0.411564 0.870118
outer loop
vertex 3.496065 16.551724 5.289720
vertex 4.532266 17.379310 4.575394
vertex 3.574372 17.379310 4.873873
endloop
endfacet
facet normal 0.331273 0.511011 0.793175
outer loop
vertex 4.518254 16.551724 5.316290
vertex 5.461800 16.551724 4.922214
vertex 5.513774 17.379310 4.367326
endloop
endfacet
facet normal 0.156280 0.657341 0.737211
outer loop
vertex 4.518254 16.551724 5.316290
vertex 5.513774 17.379310 4.367326
vertex 4.532266 17.379310 4.575394
endloop
endfacet
facet normal 0.244038 0.502722 0.829287
outer loop
vertex 5.461800 16.551724 4.922214
vertex 6.442741 16.551724 4.633548
vertex 6.485916 17.379310 4.119152
endloop
endfacet
facet normal 0.208894 0.535527 0.818275
outer loop
vertex 5.461800 16.551724 4.922214
vertex 6.485916 17.379310 4.119152
vertex 5.513774 17.379310 4.367326
endloop
endfacet
facet normal -0.054610 0.457461 0.887551
outer loop
vertex 6.442741 16.551724 4.633548
vertex 7.463345 16.551724 4.696344
vertex 7.477728 17.379310 4.270675
endloop
endfacet
facet normal -0.128221 0.528357 0.839285
outer loop
vertex 6.442741 16.551724 4.633548
vertex 7.477728 17.379310 4.270675
vertex 6.485916 17.379310 4.119152
endloop
endfacet
facet normal -0.257030 0.349109 0.901143
outer loop
vertex 7.463345 16.551724 4.696344
vertex 8.446662 16.551724 4.976812
vertex 8.408480 17.379310 4.645309
endloop
endfacet
facet normal -0.336145 0.435391 0.835129
outer loop
vertex 7.463345 16.551724 4.696344
vertex 8.408480 17.379310 4.645309
vertex 7.477728 17.379310 4.270675
endloop
endfacet
facet normal -0.280872 0.227845 0.932308
outer loop
vertex 8.446662 16.551724 4.976812
vertex 9.425730 16.551724 5.271772
vertex 9.330544 17.379310 5.040844
endloop
endfacet
facet normal -0.372100 0.330298 0.867436
outer loop
vertex 8.446662 16.551724 4.976812
vertex 9.330544 17.379310 5.040844
vertex 8.408480 17.379310 4.645309
endloop
endfacet
facet normal 0.311320 -0.063998 0.948148
outer loop
vertex 9.425730 16.551724 5.271772
vertex 10.397235 16.551724 4.952783
vertex 10.333800 17.379310 5.029472
endloop
endfacet
facet normal 0.010913 0.269920 0.962821
outer loop
vertex 9.425730 16.551724 5.271772
vertex 10.333800 17.379310 5.029472
vertex 9.330544 17.379310 5.040844
endloop
endfacet
facet normal 0.622417 -0.133908 0.771145
outer loop
vertex 10.397235 16.551724 4.952783
vertex 11.192923 16.551724 4.310556
vertex 11.169027 17.379310 4.473553
endloop
endfacet
facet normal 0.553747 -0.034650 0.831964
outer loop
vertex 10.397235 16.551724 4.952783
vertex 11.169027 17.379310 4.473553
vertex 10.333800 17.379310 5.029472
endloop
endfacet
facet normal 0.647682 -0.221384 0.729038
outer loop
vertex 11.192923 16.551724 4.310556
vertex 11.957357 16.551724 3.631428
vertex 11.970984 17.379310 3.870631
endloop
endfacet
facet normal 0.595117 -0.138721 0.791576
outer loop
vertex 11.192923 16.551724 4.310556
vertex 11.970984 17.379310 3.870631
vertex 11.169027 17.379310 4.473553
endloop
endfacet
facet normal 0.648781 -0.396219 0.649687
outer loop
vertex 11.957357 16.551724 3.631428
vertex 12.680902 16.551724 2.908892
vertex 12.795590 17.379310 3.299076
endloop
endfacet
facet normal 0.553053 -0.239733 0.797910
outer loop
vertex 11.957357 16.551724 3.631428
vertex 12.795590 17.379310 3.299076
vertex 11.970984 17.379310 3.870631
endloop
endfacet
facet normal 0.565357 -0.659451 0.495475
outer loop
vertex 12.680902 16.551724 2.908892
vertex 13.354852 16.551724 2.139888
vertex 13.694624 17.379310 2.853668
endloop
endfacet
facet normal 0.399593 -0.435646 0.806559
outer loop
vertex 12.680902 16.551724 2.908892
vertex 13.694624 17.379310 2.853668
vertex 12.795590 17.379310 3.299076
endloop
endfacet
facet normal 0.287169 -0.842369 0.456015
outer loop
vertex 13.354852 16.551724 2.139888
vertex 14.220112 16.551724 1.595003
vertex 14.697479 17.379310 2.823139
endloop
endfacet
facet normal 0.022904 -0.658324 0.752386
outer loop
vertex 13.354852 16.551724 2.139888
vertex 14.697479 17.379310 2.823139
vertex 13.694624 17.379310 2.853668
endloop
endfacet
facet normal -0.441717 -0.602859 0.664415
outer loop
vertex 14.220112 16.551724 1.595003
vertex 15.071636 16.551724 2.161114
vertex 15.599318 17.379310 3.262840
endloop
endfacet
facet normal -0.297583 -0.734109 0.610351
outer loop
vertex 14.220112 16.551724 1.595003
vertex 15.599318 17.379310 3.262840
vertex 14.697479 17.379310 2.823139
endloop
endfacet
facet normal -0.428213 -0.292605 0.854995
outer loop
vertex 15.071636 16.551724 2.161114
vertex 15.985912 16.551724 2.619017
vertex 16.601268 17.379310 3.210435
endloop
endfacet
facet normal 0.030901 -0.806219 0.590809
outer loop
vertex 15.071636 16.551724 2.161114
vertex 16.601268 17.379310 3.210435
vertex 15.599318 17.379310 3.262840
endloop
endfacet
facet normal 0.252839 -0.485506 0.836873
outer loop
vertex 15.985912 16.551724 2.619017
vertex 16.964747 16.551724 2.323287
vertex 17.440002 17.379310 2.659820
endloop
endfacet
facet normal 0.386997 -0.709029 0.589501
outer loop
vertex 15.985912 16.551724 2.619017
vertex 17.440002 17.379310 2.659820
vertex 16.601268 17.379310 3.210435
endloop
endfacet
facet normal 0.613861 -0.611903 0.498748
outer loop
vertex 16.964747 16.551724 2.323287
vertex 17.609538 16.551724 1.529676
vertex 18.117515 17.379310 1.919803
endloop
endfacet
facet normal 0.604764 -0.572447 0.553683
outer loop
vertex 16.964747 16.551724 2.323287
vertex 18.117515 17.379310 1.919803
vertex 17.440002 17.379310 2.659820
endloop
endfacet
facet normal 0.564563 -0.375001 0.735284
outer loop
vertex 17.609538 16.551724 1.529676
vertex 18.420577 16.551724 0.906947
vertex 18.707793 17.379310 1.108494
endloop
endfacet
facet normal 0.639559 -0.611917 0.465319
outer loop
vertex 17.609538 16.551724 1.529676
vertex 18.707793 17.379310 1.108494
vertex 18.117515 17.379310 1.919803
endloop
endfacet
facet normal 0.651903 -0.064409 0.755562
outer loop
vertex 18.420577 16.551724 0.906947
vertex 19.194772 16.551724 0.238967
vertex 19.248380 17.379310 0.263263
endloop
endfacet
facet normal 0.775713 -0.390038 0.496125
outer loop
vertex 18.420577 16.551724 0.906947
vertex 19.248380 17.379310 0.263263
vertex 18.707793 17.379310 1.108494
endloop
endfacet
facet normal -0.859377 0.017717 0.511035
outer loop
vertex 0.000000 17.379310 1.796844
vertex 0.512812 17.379310 2.659209
vertex 0.519772 18.206897 2.642222
endloop
endfacet
facet normal -0.854939 0.007120 0.518680
outer loop
vertex 0.000000 17.379310 1.796844
vertex 0.519772 18.206897 2.642222
vertex 0.000000 18.206897 1.785484
endloop
endfacet
facet normal -0.823951 0.043467 0.564992
outer loop
vertex 0.512812 17.379310 2.659209
vertex 1.080216 17.379310 3.486677
vertex 1.103392 18.206897 3.456807
endloop
endfacet
facet normal -0.812752 0.018788 0.582307
outer loop
vertex 0.512812 17.379310 2.659209
vertex 1.103392 18.206897 3.456807
vertex 0.519772 18.206897 2.642222
endloop
endfacet
facet normal -0.742275 0.100074 0.662581
outer loop
vertex 1.080216 17.379310 3.486677
vertex 1.748350 17.379310 4.235174
vertex 1.804354 18.206897 4.172917
endloop
endfacet
facet normal -0.713894 0.045215 0.698792
outer loop
vertex 1.080216 17.379310 3.486677
vertex 1.804354 18.206897 4.172917
vertex 1.103392 18.206897 3.456807
endloop
endfacet
facet normal -0.552783 0.237835 0.798664
outer loop
vertex 1.748350 17.379310 4.235174
vertex 2.573339 17.379310 4.806177
vertex 2.690489 18.206897 4.640813
endloop
endfacet
facet normal -0.464693 0.097651 0.880071
outer loop
vertex 1.748350 17.379310 4.235174
vertex 2.690489 18.206897 4.640813
vertex 1.804354 18.206897 4.172917
endloop
endfacet
facet normal -0.055264 0.573707 0.817194
outer loop
vertex 2.573339 17.379310 4.806177
vertex 3.574372 17.379310 4.873873
vertex 3.631647 18.206897 4.296744
endloop
endfacet
facet normal 0.340083 0.137737 0.930254
outer loop
vertex 2.573339 17.379310 4.806177
vertex 3.631647 18.206897 4.296744
vertex 2.690489 18.206897 4.640813
endloop
endfacet
facet normal 0.235249 0.612105 0.754974
outer loop
vertex 3.574372 17.379310 4.873873
vertex 4.532266 17.379310 4.575394
vertex 4.551200 18.206897 3.898518
endloop
endfacet
facet normal 0.338895 0.522269 0.782551
outer loop
vertex 3.574372 17.379310 4.873873
vertex 4.551200 18.206897 3.898518
vertex 3.631647 18.206897 4.296744
endloop
endfacet
facet normal 0.160987 0.630379 0.759412
outer loop
vertex 4.532266 17.379310 4.575394
vertex 5.513774 17.379310 4.367326
vertex 5.528539 18.206897 3.677226
endloop
endfacet
facet normal 0.173060 0.621176 0.764324
outer loop
vertex 4.532266 17.379310 4.575394
vertex 5.528539 18.206897 3.677226
vertex 4.551200 18.206897 3.898518
endloop
endfacet
facet normal 0.212615 0.511033 0.832851
outer loop
vertex 5.513774 17.379310 4.367326
vertex 6.485916 17.379310 4.119152
vertex 6.527690 18.206897 3.600684
endloop
endfacet
facet normal 0.058773 0.638702 0.767206
outer loop
vertex 5.513774 17.379310 4.367326
vertex 6.527690 18.206897 3.600684
vertex 5.528539 18.206897 3.677226
endloop
endfacet
facet normal -0.127666 0.534220 0.835650
outer loop
vertex 6.485916 17.379310 4.119152
vertex 7.477728 17.379310 4.270675
vertex 7.518897 18.206897 3.747900
endloop
endfacet
facet normal -0.124462 0.531277 0.838006
outer loop
vertex 6.485916 17.379310 4.119152
vertex 7.518897 18.206897 3.747900
vertex 6.527690 18.206897 3.600684
endloop
endfacet
facet normal -0.324758 0.493499 0.806840
outer loop
vertex 7.477728 17.379310 4.270675
vertex 8.408480 17.379310 4.645309
vertex 8.436574 18.206897 4.150429
endloop
endfacet
facet normal -0.344683 0.513527 0.785801
outer loop
vertex 7.477728 17.379310 4.270675
vertex 8.436574 18.206897 4.150429
vertex 7.518897 18.206897 3.747900
endloop
endfacet
facet normal -0.359324 0.411370 0.837652
outer loop
vertex 8.408480 17.379310 4.645309
vertex 9.330544 17.379310 5.040844
vertex 9.317165 18.206897 4.628677
endloop
endfacet
facet normal -0.419644 0.476296 0.772684
outer loop
vertex 8.408480 17.379310 4.645309
vertex 9.317165 18.206897 4.628677
vertex 8.436574 18.206897 4.150429
endloop
endfacet
facet normal 0.011330 -0.024591 0.999633
outer loop
vertex 9.330544 17.379310 5.040844
vertex 10.333800 17.379310 5.029472
vertex 10.225878 18.206897 5.051054
endloop
endfacet
facet normal -0.385119 0.406423 0.828555
outer loop
vertex 9.330544 17.379310 5.040844
vertex 10.225878 18.206897 5.051054
vertex 9.317165 18.206897 4.628677
endloop
endfacet
facet normal 0.519343 -0.348507 0.780273
outer loop
vertex 10.333800 17.379310 5.029472
vertex 11.169027 17.379310 4.473553
vertex 11.201351 18.206897 4.821677
endloop
endfacet
facet normal 0.228899 0.004464 0.973440
outer loop
vertex 10.333800 17.379310 5.029472
vertex 11.201351 18.206897 4.821677
vertex 10.225878 18.206897 5.051054
endloop
endfacet
facet normal 0.531009 -0.468147 0.706305
outer loop
vertex 11.169027 17.379310 4.473553
vertex 11.970984 17.379310 3.870631
vertex 12.078964 18.206897 4.337985
endloop
endfacet
facet normal 0.450116 -0.361123 0.816692
outer loop
vertex 11.169027 17.379310 4.473553
vertex 12.078964 18.206897 4.337985
vertex 11.201351 18.206897 4.821677
endloop
endfacet
facet normal 0.462016 -0.585003 0.666568
outer loop
vertex 11.970984 17.379310 3.870631
vertex 12.795590 17.379310 3.299076
vertex 12.979309 18.206897 3.898053
endloop
endfacet
facet normal 0.382284 -0.491695 0.782365
outer loop
vertex 11.970984 17.379310 3.870631
vertex 12.979309 18.206897 3.898053
vertex 12.078964 18.206897 4.337985
endloop
endfacet
facet normal 0.299223 -0.738707 0.603968
outer loop
vertex 12.795590 17.379310 3.299076
vertex 13.694624 17.379310 2.853668
vertex 13.967327 18.206897 3.730775
endloop
endfacet
facet normal 0.133502 -0.600341 0.788523
outer loop
vertex 12.795590 17.379310 3.299076
vertex 13.967327 18.206897 3.730775
vertex 12.979309 18.206897 3.898053
endloop
endfacet
facet normal 0.019632 -0.764002 0.644915
outer loop
vertex 13.694624 17.379310 2.853668
vertex 14.697479 17.379310 2.823139
vertex 14.967325 18.206897 3.795330
endloop
endfacet
facet normal -0.044731 -0.719634 0.692911
outer loop
vertex 13.694624 17.379310 2.853668
vertex 14.967325 18.206897 3.795330
vertex 13.967327 18.206897 3.730775
endloop
endfacet
facet normal -0.374879 -0.517957 0.768887
outer loop
vertex 14.697479 17.379310 2.823139
vertex 15.599318 17.379310 3.262840
vertex 15.950046 18.206897 3.991341
endloop
endfacet
facet normal -0.132350 -0.736334 0.663547
outer loop
vertex 14.697479 17.379310 2.823139
vertex 15.950046 18.206897 3.991341
vertex 14.967325 18.206897 3.795330
endloop
endfacet
facet normal 0.046388 -0.459636 0.886895
outer loop
vertex 15.599318 17.379310 3.262840
vertex 16.601268 17.379310 3.210435
vertex 16.882611 18.206897 3.624619
endloop
endfacet
facet normal 0.262120 -0.697843 0.666564
outer loop
vertex 15.599318 17.379310 3.262840
vertex 16.882611 18.206897 3.624619
vertex 15.950046 18.206897 3.991341
endloop
endfacet
facet normal 0.487675 -0.458620 0.742860
outer loop
vertex 16.601268 17.379310 3.210435
vertex 17.440002 17.379310 2.659820
vertex 17.677699 18.206897 3.014704
endloop
endfacet
facet normal 0.520990 -0.517016 0.679164
outer loop
vertex 16.601268 17.379310 3.210435
vertex 17.677699 18.206897 3.014704
vertex 16.882611 18.206897 3.624619
endloop
endfacet
facet normal 0.652763 -0.465553 0.597629
outer loop
vertex 17.440002 17.379310 2.659820
vertex 18.117515 17.379310 1.919803
vertex 18.369266 18.206897 2.289516
endloop
endfacet
facet normal 0.646298 -0.449923 0.616335
outer loop
vertex 17.440002 17.379310 2.659820
vertex 18.369266 18.206897 2.289516
vertex 17.677699 18.206897 3.014704
endloop
endfacet
facet normal 0.759594 -0.342917 0.552652
outer loop
vertex 18.117515 17.379310 1.919803
vertex 18.707793 17.379310 1.108494
vertex 18.858441 18.206897 1.414948
endloop
endfacet
facet normal 0.785710 -0.435341 0.439474
outer loop
vertex 18.117515 17.379310 1.919803
vertex 18.858441 18.206897 1.414948
vertex 18.369266 18.206897 2.289516
endloop
endfacet
facet normal 0.823235 -0.212276 0.526519
outer loop
vertex 18.707793 17.379310 1.108494
vertex 19.248380 17.379310 0.263263
vertex 19.300394 18.206897 0.515593
endloop
endfacet
facet normal 0.853119 -0.310536 0.419232
outer loop
vertex 18.707793 17.379310 1.108494
vertex 19.300394 18.206897 0.515593
vertex 18.858441 18.206897 1.414948
endloop
endfacet
facet normal -0.854652 0.026868 0.518506
outer loop
vertex 0.000000 18.206897 1.785484
vertex 0.519772 18.206897 2.642222
vertex 0.543979 19.034483 2.639237
endloop
endfacet
facet normal -0.845585 0.005114 0.533817
outer loop
vertex 0.000000 18.206897 1.785484
vertex 0.543979 19.034483 2.639237
vertex 0.000000 19.034483 1.777556
endloop
endfacet
facet normal -0.810822 0.071385 0.580924
outer loop
vertex 0.519772 18.206897 2.642222
vertex 1.103392 18.206897 3.456807
vertex 1.167797 19.034483 3.445003
endloop
endfacet
facet normal -0.790471 0.025328 0.611976
outer loop
vertex 0.519772 18.206897 2.642222
vertex 1.167797 19.034483 3.445003
vertex 0.543979 19.034483 2.639237
endloop
endfacet
facet normal -0.707000 0.145688 0.692044
outer loop
vertex 1.103392 18.206897 3.456807
vertex 1.804354 18.206897 4.172917
vertex 1.927341 19.034483 4.124341
endloop
endfacet
facet normal -0.665357 0.062389 0.743914
outer loop
vertex 1.103392 18.206897 3.456807
vertex 1.927341 19.034483 4.124341
vertex 1.167797 19.034483 3.445003
endloop
endfacet
facet normal -0.414916 0.458658 0.785798
outer loop
vertex 1.804354 18.206897 4.172917
vertex 2.690489 18.206897 4.640813
vertex 2.933451 19.034483 4.286052
endloop
endfacet
facet normal -0.158168 0.081266 0.984062
outer loop
vertex 1.804354 18.206897 4.172917
vertex 2.933451 19.034483 4.286052
vertex 1.927341 19.034483 4.124341
endloop
endfacet
facet normal 0.288293 0.543152 0.788589
outer loop
vertex 2.690489 18.206897 4.640813
vertex 3.631647 18.206897 4.296744
vertex 3.754111 19.034483 3.681961
endloop
endfacet
facet normal 0.584314 0.168732 0.793793
outer loop
vertex 2.690489 18.206897 4.640813
vertex 3.754111 19.034483 3.681961
vertex 2.933451 19.034483 4.286052
endloop
endfacet
facet normal 0.319672 0.594076 0.738162
outer loop
vertex 3.631647 18.206897 4.296744
vertex 4.551200 18.206897 3.898518
vertex 4.647045 19.034483 3.190965
endloop
endfacet
facet normal 0.416862 0.501488 0.758113
outer loop
vertex 3.631647 18.206897 4.296744
vertex 4.647045 19.034483 3.190965
vertex 3.754111 19.034483 3.681961
endloop
endfacet
facet normal 0.155765 0.708857 0.687938
outer loop
vertex 4.551200 18.206897 3.898518
vertex 5.528539 18.206897 3.677226
vertex 5.592200 19.034483 2.810060
endloop
endfacet
facet normal 0.299080 0.599843 0.742118
outer loop
vertex 4.551200 18.206897 3.898518
vertex 5.592200 19.034483 2.810060
vertex 4.647045 19.034483 3.190965
endloop
endfacet
facet normal 0.050907 0.745530 0.664525
outer loop
vertex 5.528539 18.206897 3.677226
vertex 6.527690 18.206897 3.600684
vertex 6.601074 19.034483 2.666595
endloop
endfacet
facet normal 0.098238 0.716312 0.690830
outer loop
vertex 5.528539 18.206897 3.677226
vertex 6.601074 19.034483 2.666595
vertex 5.592200 19.034483 2.810060
endloop
endfacet
facet normal -0.116250 0.611431 0.782712
outer loop
vertex 6.527690 18.206897 3.600684
vertex 7.518897 18.206897 3.747900
vertex 7.522423 19.034483 3.101938
endloop
endfacet
facet normal -0.293401 0.726872 0.620945
outer loop
vertex 6.527690 18.206897 3.600684
vertex 7.522423 19.034483 3.101938
vertex 6.601074 19.034483 2.666595
endloop
endfacet
facet normal -0.349353 0.493583 0.796447
outer loop
vertex 7.518897 18.206897 3.747900
vertex 8.436574 18.206897 4.150429
vertex 8.399238 19.034483 3.621171
endloop
endfacet
facet normal -0.422570 0.558779 0.713583
outer loop
vertex 7.518897 18.206897 3.747900
vertex 8.399238 19.034483 3.621171
vertex 7.522423 19.034483 3.101938
endloop
endfacet
facet normal -0.430721 0.430704 0.793079
outer loop
vertex 8.436574 18.206897 4.150429
vertex 9.317165 18.206897 4.628677
vertex 9.268569 19.034483 4.152840
endloop
endfacet
facet normal -0.462514 0.462774 0.756255
outer loop
vertex 8.436574 18.206897 4.150429
vertex 9.268569 19.034483 4.152840
vertex 8.399238 19.034483 3.621171
endloop
endfacet
facet normal -0.389993 0.379363 0.839041
outer loop
vertex 9.317165 18.206897 4.628677
vertex 10.225878 18.206897 5.051054
vertex 10.160136 19.034483 4.646313
endloop
endfacet
facet normal -0.437487 0.428775 0.790416
outer loop
vertex 9.317165 18.206897 4.628677
vertex 10.160136 19.034483 4.646313
vertex 9.268569 19.034483 4.152840
endloop
endfacet
facet normal 0.221532 -0.251699 0.942110
outer loop
vertex 10.225878 18.206897 5.051054
vertex 11.201351 18.206897 4.821677
vertex 11.087062 19.034483 5.069654
endloop
endfacet
facet normal -0.384133 0.380825 0.841079
outer loop
vertex 10.225878 18.206897 5.051054
vertex 11.087062 19.034483 5.069654
vertex 10.160136 19.034483 4.646313
endloop
endfacet
facet normal 0.434719 -0.434608 0.788755
outer loop
vertex 11.201351 18.206897 4.821677
vertex 12.078964 18.206897 4.337985
vertex 12.069535 19.034483 4.799185
endloop
endfacet
facet normal 0.257359 -0.244576 0.934852
outer loop
vertex 11.201351 18.206897 4.821677
vertex 12.069535 19.034483 4.799185
vertex 11.087062 19.034483 5.069654
endloop
endfacet
facet normal 0.369963 -0.538376 0.757151
outer loop
vertex 12.078964 18.206897 4.337985
vertex 12.979309 18.206897 3.898053
vertex 13.030910 19.034483 4.461299
endloop
endfacet
facet normal 0.293943 -0.462733 0.836346
outer loop
vertex 12.078964 18.206897 4.337985
vertex 13.030910 19.034483 4.461299
vertex 12.069535 19.034483 4.799185
endloop
endfacet
facet normal 0.142410 -0.521734 0.841138
outer loop
vertex 12.979309 18.206897 3.898053
vertex 13.967327 18.206897 3.730775
vertex 14.024362 19.034483 4.234448
endloop
endfacet
facet normal 0.184311 -0.560832 0.807154
outer loop
vertex 12.979309 18.206897 3.898053
vertex 14.024362 19.034483 4.234448
vertex 13.030910 19.034483 4.461299
endloop
endfacet
facet normal -0.057627 -0.446999 0.892676
outer loop
vertex 13.967327 18.206897 3.730775
vertex 14.967325 18.206897 3.795330
vertex 15.043192 19.034483 4.214633
endloop
endfacet
facet normal 0.016601 -0.520653 0.853607
outer loop
vertex 13.967327 18.206897 3.730775
vertex 15.043192 19.034483 4.214633
vertex 14.024362 19.034483 4.234448
endloop
endfacet
facet normal -0.184897 -0.326325 0.926998
outer loop
vertex 14.967325 18.206897 3.795330
vertex 15.950046 18.206897 3.991341
vertex 16.058266 19.034483 4.304256
endloop
endfacet
facet normal -0.078770 -0.444799 0.892160
outer loop
vertex 14.967325 18.206897 3.795330
vertex 16.058266 19.034483 4.304256
vertex 15.043192 19.034483 4.214633
endloop
endfacet
facet normal 0.354987 -0.243057 0.902722
outer loop
vertex 15.950046 18.206897 3.991341
vertex 16.882611 18.206897 3.624619
vertex 16.954440 19.034483 3.819200
endloop
endfacet
facet normal 0.442751 -0.367191 0.818011
outer loop
vertex 15.950046 18.206897 3.991341
vertex 16.954440 19.034483 3.819200
vertex 16.058266 19.034483 4.304256
endloop
endfacet
facet normal 0.605785 -0.096918 0.789704
outer loop
vertex 16.882611 18.206897 3.624619
vertex 17.677699 18.206897 3.014704
vertex 17.686050 19.034483 3.109865
endloop
endfacet
facet normal 0.678496 -0.223426 0.699803
outer loop
vertex 16.882611 18.206897 3.624619
vertex 17.686050 19.034483 3.109865
vertex 16.954440 19.034483 3.819200
endloop
endfacet
facet normal 0.722743 -0.050966 0.689235
outer loop
vertex 17.677699 18.206897 3.014704
vertex 18.369266 18.206897 2.289516
vertex 18.367679 19.034483 2.352376
endloop
endfacet
facet normal 0.740714 -0.084117 0.666534
outer loop
vertex 17.677699 18.206897 3.014704
vertex 18.367679 19.034483 2.352376
vertex 17.686050 19.034483 3.109865
endloop
endfacet
facet normal 0.871986 -0.041931 0.487731
outer loop
vertex 18.369266 18.206897 2.289516
vertex 18.858441 18.206897 1.414948
vertex 18.869858 19.034483 1.465683
endloop
endfacet
facet normal 0.869584 -0.035740 0.492490
outer loop
vertex 18.369266 18.206897 2.289516
vertex 18.869858 19.034483 1.465683
vertex 18.367679 19.034483 2.352376
endloop
endfacet
facet normal 0.896977 -0.033781 0.440785
outer loop
vertex 18.858441 18.206897 1.414948
vertex 19.300394 18.206897 0.515593
vertex 19.315106 19.034483 0.549080
endloop
endfacet
facet normal 0.898802 -0.039166 0.436601
outer loop
vertex 18.858441 18.206897 1.414948
vertex 19.315106 19.034483 0.549080
vertex 18.869858 19.034483 1.465683
endloop
endfacet
facet normal -0.844726 0.045356 0.533274
outer loop
vertex 0.000000 19.034483 1.777556
vertex 0.543979 19.034483 2.639237
vertex 0.562894 19.862069 2.598813
endloop
endfacet
facet normal -0.844336 0.044399 0.533971
outer loop
vertex 0.000000 19.034483 1.777556
vertex 0.562894 19.862069 2.598813
vertex 0.000000 19.862069 1.708743
endloop
endfacet
facet normal -0.789829 0.047572 0.611480
outer loop
vertex 0.543979 19.034483 2.639237
vertex 1.167797 19.034483 3.445003
vertex 1.207360 19.862069 3.431722
endloop
endfacet
facet normal -0.789984 0.047913 0.611253
outer loop
vertex 0.543979 19.034483 2.639237
vertex 1.207360 19.862069 3.431722
vertex 0.562894 19.862069 2.598813
endloop
endfacet
facet normal -0.631636 0.319844 0.706212
outer loop
vertex 1.167797 19.034483 3.445003
vertex 1.927341 19.034483 4.124341
vertex 2.133188 19.862069 3.933636
endloop
endfacet
facet normal -0.476270 0.036867 0.878526
outer loop
vertex 1.167797 19.034483 3.445003
vertex 2.133188 19.862069 3.933636
vertex 1.207360 19.862069 3.431722
endloop
endfacet
facet normal -0.115827 0.683572 0.720634
outer loop
vertex 1.927341 19.034483 4.124341
vertex 2.933451 19.034483 4.286052
vertex 3.105333 19.862069 3.528656
endloop
endfacet
facet normal 0.381942 0.116272 0.916843
outer loop
vertex 1.927341 19.034483 4.124341
vertex 3.105333 19.862069 3.528656
vertex 2.133188 19.862069 3.933636
endloop
endfacet
facet normal 0.518741 0.484036 0.704711
outer loop
vertex 2.933451 19.034483 4.286052
vertex 3.754111 19.034483 3.681961
vertex 3.982299 19.862069 2.945557
endloop
endfacet
facet normal 0.464847 0.543279 0.699117
outer loop
vertex 2.933451 19.034483 4.286052
vertex 3.982299 19.862069 2.945557
vertex 3.105333 19.862069 3.528656
endloop
endfacet
facet normal 0.384187 0.603517 0.698689
outer loop
vertex 3.754111 19.034483 3.681961
vertex 4.647045 19.034483 3.190965
vertex 4.857781 19.862069 2.360231
endloop
endfacet
facet normal 0.479429 0.505892 0.717092
outer loop
vertex 3.754111 19.034483 3.681961
vertex 4.857781 19.862069 2.360231
vertex 3.982299 19.862069 2.945557
endloop
endfacet
facet normal 0.233326 0.781257 0.578962
outer loop
vertex 4.647045 19.034483 3.190965
vertex 5.592200 19.034483 2.810060
vertex 5.652362 19.862069 1.669061
endloop
endfacet
facet normal 0.565193 0.508306 0.649755
outer loop
vertex 4.647045 19.034483 3.190965
vertex 5.652362 19.862069 1.669061
vertex 4.857781 19.862069 2.360231
endloop
endfacet
facet normal 0.078992 0.827766 0.555486
outer loop
vertex 5.592200 19.034483 2.810060
vertex 6.601074 19.034483 2.666595
vertex 6.676257 19.862069 1.422663
endloop
endfacet
facet normal 0.141050 0.797846 0.586129
outer loop
vertex 5.592200 19.034483 2.810060
vertex 6.676257 19.862069 1.422663
vertex 5.652362 19.862069 1.669061
endloop
endfacet
facet normal -0.297302 0.718133 0.629203
outer loop
vertex 6.601074 19.034483 2.666595
vertex 7.522423 19.034483 3.101938
vertex 7.458872 19.862069 2.127354
endloop
endfacet
facet normal -0.433088 0.762296 0.480978
outer loop
vertex 6.601074 19.034483 2.666595
vertex 7.458872 19.862069 2.127354
vertex 6.676257 19.862069 1.422663
endloop
endfacet
facet normal -0.424486 0.553157 0.716819
outer loop
vertex 7.522423 19.034483 3.101938
vertex 8.399238 19.034483 3.621171
vertex 8.206911 19.862069 2.868645
endloop
endfacet
facet normal -0.554373 0.616214 0.559420
outer loop
vertex 7.522423 19.034483 3.101938
vertex 8.206911 19.862069 2.868645
vertex 7.458872 19.862069 2.127354
endloop
endfacet
facet normal -0.475910 0.409853 0.778158
outer loop
vertex 8.399238 19.034483 3.621171
vertex 9.268569 19.034483 4.152840
vertex 9.005001 19.862069 3.555760
endloop
endfacet
facet normal -0.574703 0.473422 0.667523
outer loop
vertex 8.399238 19.034483 3.621171
vertex 9.005001 19.862069 3.555760
vertex 8.206911 19.862069 2.868645
endloop
endfacet
facet normal -0.462579 0.295876 0.835750
outer loop
vertex 9.268569 19.034483 4.152840
vertex 10.160136 19.034483 4.646313
vertex 9.851378 19.862069 4.182433
endloop
endfacet
facet normal -0.554330 0.363604 0.748672
outer loop
vertex 9.268569 19.034483 4.152840
vertex 9.851378 19.862069 4.182433
vertex 9.005001 19.862069 3.555760
endloop
endfacet
facet normal -0.393665 0.319489 0.861948
outer loop
vertex 10.160136 19.034483 4.646313
vertex 11.087062 19.034483 5.069654
vertex 10.803143 19.862069 4.633231
endloop
endfacet
facet normal -0.404418 0.327717 0.853843
outer loop
vertex 10.160136 19.034483 4.646313
vertex 10.803143 19.862069 4.633231
vertex 9.851378 19.862069 4.182433
endloop
endfacet
facet normal 0.262999 -0.134757 0.955339
outer loop
vertex 11.087062 19.034483 5.069654
vertex 12.069535 19.034483 4.799185
vertex 11.793284 19.862069 4.991971
endloop
endfacet
facet normal -0.318540 0.354352 0.879185
outer loop
vertex 11.087062 19.034483 5.069654
vertex 11.793284 19.862069 4.991971
vertex 10.803143 19.862069 4.633231
endloop
endfacet
facet normal 0.305762 -0.386850 0.869975
outer loop
vertex 12.069535 19.034483 4.799185
vertex 13.030910 19.034483 4.461299
vertex 12.842000 19.862069 4.895695
endloop
endfacet
facet normal 0.089619 -0.197491 0.976200
outer loop
vertex 12.069535 19.034483 4.799185
vertex 12.842000 19.862069 4.895695
vertex 11.793284 19.862069 4.991971
endloop
endfacet
facet normal 0.190550 -0.517048 0.834477
outer loop
vertex 13.030910 19.034483 4.461299
vertex 14.024362 19.034483 4.234448
vertex 13.888555 19.862069 4.778237
endloop
endfacet
facet normal 0.099911 -0.444460 0.890210
outer loop
vertex 13.030910 19.034483 4.461299
vertex 13.888555 19.862069 4.778237
vertex 12.842000 19.862069 4.895695
endloop
endfacet
facet normal 0.015737 -0.587367 0.809168
outer loop
vertex 14.024362 19.034483 4.234448
vertex 15.043192 19.034483 4.214633
vertex 14.940954 19.862069 4.817358
endloop
endfacet
facet normal -0.030965 -0.552421 0.832990
outer loop
vertex 14.024362 19.034483 4.234448
vertex 14.940954 19.862069 4.817358
vertex 13.888555 19.862069 4.778237
endloop
endfacet
facet normal -0.085009 -0.256417 0.962821
outer loop
vertex 15.043192 19.034483 4.214633
vertex 16.058266 19.034483 4.304256
vertex 15.949766 19.862069 4.515078
endloop
endfacet
facet normal 0.239318 -0.552112 0.798686
outer loop
vertex 15.043192 19.034483 4.214633
vertex 15.949766 19.862069 4.515078
vertex 14.940954 19.862069 4.817358
endloop
endfacet
facet normal 0.475444 0.048373 0.878415
outer loop
vertex 16.058266 19.034483 4.304256
vertex 16.954440 19.034483 3.819200
vertex 16.780478 19.862069 3.867783
endloop
endfacet
facet normal 0.610238 -0.119498 0.783154
outer loop
vertex 16.058266 19.034483 4.304256
vertex 16.780478 19.862069 3.867783
vertex 15.949766 19.862069 4.515078
endloop
endfacet
facet normal 0.691635 0.112990 0.713354
outer loop
vertex 16.954440 19.034483 3.819200
vertex 17.686050 19.034483 3.109865
vertex 17.531053 19.862069 3.129059
endloop
endfacet
facet normal 0.697579 0.105026 0.708769
outer loop
vertex 16.954440 19.034483 3.819200
vertex 17.531053 19.862069 3.129059
vertex 16.780478 19.862069 3.867783
endloop
endfacet
facet normal 0.738286 0.116505 0.664349
outer loop
vertex 17.686050 19.034483 3.109865
vertex 18.367679 19.034483 2.352376
vertex 18.239423 19.862069 2.349774
endloop
endfacet
facet normal 0.734440 0.122068 0.667606
outer loop
vertex 17.686050 19.034483 3.109865
vertex 18.239423 19.862069 2.349774
vertex 17.531053 19.862069 3.129059
endloop
endfacet
facet normal 0.866814 0.087345 0.490921
outer loop
vertex 18.367679 19.034483 2.352376
vertex 18.869858 19.034483 1.465683
vertex 18.793112 19.862069 1.453949
endloop
endfacet
facet normal 0.843156 0.132307 0.521135
outer loop
vertex 18.367679 19.034483 2.352376
vertex 18.793112 19.862069 1.453949
vertex 18.239423 19.862069 2.349774
endloop
endfacet
facet normal 0.895966 0.088464 0.435223
outer loop
vertex 18.869858 19.034483 1.465683
vertex 19.315106 19.034483 0.549080
vertex 19.253855 19.862069 0.506958
endloop
endfacet
facet normal 0.895631 0.089235 0.435755
outer loop
vertex 18.869858 19.034483 1.465683
vertex 19.253855 19.862069 0.506958
vertex 18.793112 19.862069 1.453949
endloop
endfacet
facet normal -0.845071 0.015280 0.534436
outer loop
vertex 0.000000 19.862069 1.708743
vertex 0.562894 19.862069 2.598813
vertex 0.561786 20.689655 2.573399
endloop
endfacet
facet normal -0.855273 0.040881 0.516562
outer loop
vertex 0.000000 19.862069 1.708743
vertex 0.561786 20.689655 2.573399
vertex 0.000000 20.689655 1.643248
endloop
endfacet
facet normal -0.773762 0.206999 0.598701
outer loop
vertex 0.562894 19.862069 2.598813
vertex 1.207360 19.862069 3.431722
vertex 1.346354 20.689655 3.325222
endloop
endfacet
facet normal -0.691723 0.021241 0.721850
outer loop
vertex 0.562894 19.862069 2.598813
vertex 1.346354 20.689655 3.325222
vertex 0.561786 20.689655 2.573399
endloop
endfacet
facet normal -0.340425 0.699853 0.627947
outer loop
vertex 1.207360 19.862069 3.431722
vertex 2.133188 19.862069 3.933636
vertex 2.421497 20.689655 3.167582
endloop
endfacet
facet normal 0.144308 0.102420 0.984218
outer loop
vertex 1.207360 19.862069 3.431722
vertex 2.421497 20.689655 3.167582
vertex 1.346354 20.689655 3.325222
endloop
endfacet
facet normal 0.286427 0.667246 0.687562
outer loop
vertex 2.133188 19.862069 3.933636
vertex 3.105333 19.862069 3.528656
vertex 3.359799 20.689655 2.619517
endloop
endfacet
facet normal 0.427975 0.529132 0.732705
outer loop
vertex 2.133188 19.862069 3.933636
vertex 3.359799 20.689655 2.619517
vertex 2.421497 20.689655 3.167582
endloop
endfacet
facet normal 0.410805 0.670456 0.617841
outer loop
vertex 3.105333 19.862069 3.528656
vertex 3.982299 19.862069 2.945557
vertex 4.185100 20.689655 1.912649
endloop
endfacet
facet normal 0.549316 0.535649 0.641352
outer loop
vertex 3.105333 19.862069 3.528656
vertex 4.185100 20.689655 1.912649
vertex 3.359799 20.689655 2.619517
endloop
endfacet
facet normal 0.347398 0.780590 0.519609
outer loop
vertex 3.982299 19.862069 2.945557
vertex 4.857781 19.862069 2.360231
vertex 4.896397 20.689655 1.091162
endloop
endfacet
facet normal 0.639137 0.534083 0.553406
outer loop
vertex 3.982299 19.862069 2.945557
vertex 4.896397 20.689655 1.091162
vertex 4.185100 20.689655 1.912649
endloop
endfacet
facet normal 0.419491 0.769064 0.482253
outer loop
vertex 4.857781 19.862069 2.360231
vertex 5.652362 19.862069 1.669061
vertex 5.673114 20.689655 0.331232
endloop
endfacet
facet normal 0.479071 0.728512 0.489655
outer loop
vertex 4.857781 19.862069 2.360231
vertex 5.673114 20.689655 0.331232
vertex 4.896397 20.689655 1.091162
endloop
endfacet
facet normal 0.133236 0.822017 0.553657
outer loop
vertex 5.652362 19.862069 1.669061
vertex 6.676257 19.862069 1.422663
vertex 6.748682 20.689655 0.176512
endloop
endfacet
facet normal 0.075582 0.847476 0.525425
outer loop
vertex 5.652362 19.862069 1.669061
vertex 6.748682 20.689655 0.176512
vertex 5.673114 20.689655 0.331232
endloop
endfacet
facet normal -0.510585 0.646347 0.567044
outer loop
vertex 6.676257 19.862069 1.422663
vertex 7.458872 19.862069 2.127354
vertex 7.347193 20.689655 1.083468
endloop
endfacet
facet normal -0.619644 0.669950 0.408910
outer loop
vertex 6.676257 19.862069 1.422663
vertex 7.347193 20.689655 1.083468
vertex 6.748682 20.689655 0.176512
endloop
endfacet
facet normal -0.625096 0.459743 0.630786
outer loop
vertex 7.458872 19.862069 2.127354
vertex 8.206911 19.862069 2.868645
vertex 7.935850 20.689655 1.996850
endloop
endfacet
facet normal -0.730294 0.495124 0.470661
outer loop
vertex 7.458872 19.862069 2.127354
vertex 7.935850 20.689655 1.996850
vertex 7.347193 20.689655 1.083468
endloop
endfacet
facet normal -0.609201 0.358032 0.707593
outer loop
vertex 8.206911 19.862069 2.868645
vertex 9.005001 19.862069 3.555760
vertex 8.640996 20.689655 2.823623
endloop
endfacet
facet normal -0.697858 0.398419 0.595195
outer loop
vertex 8.206911 19.862069 2.868645
vertex 8.640996 20.689655 2.823623
vertex 7.935850 20.689655 1.996850
endloop
endfacet
facet normal -0.537253 0.429947 0.725607
outer loop
vertex 9.005001 19.862069 3.555760
vertex 9.851378 19.862069 4.182433
vertex 9.527396 20.689655 3.452177
endloop
endfacet
facet normal -0.524059 0.423300 0.739039
outer loop
vertex 9.005001 19.862069 3.555760
vertex 9.527396 20.689655 3.452177
vertex 8.640996 20.689655 2.823623
endloop
endfacet
facet normal -0.358620 0.546000 0.757150
outer loop
vertex 9.851378 19.862069 4.182433
vertex 10.803143 19.862069 4.633231
vertex 10.517045 20.689655 3.900929
endloop
endfacet
facet normal -0.347525 0.540225 0.766409
outer loop
vertex 9.851378 19.862069 4.182433
vertex 10.517045 20.689655 3.900929
vertex 9.527396 20.689655 3.452177
endloop
endfacet
facet normal -0.301031 0.468027 0.830862
outer loop
vertex 10.803143 19.862069 4.633231
vertex 11.793284 19.862069 4.991971
vertex 11.476519 20.689655 4.411022
endloop
endfacet
facet normal -0.399136 0.526345 0.750767
outer loop
vertex 10.803143 19.862069 4.633231
vertex 11.476519 20.689655 4.411022
vertex 10.517045 20.689655 3.900929
endloop
endfacet
facet normal 0.088578 0.247418 0.964852
outer loop
vertex 11.793284 19.862069 4.991971
vertex 12.842000 19.862069 4.895695
vertex 12.520353 20.689655 4.713004
endloop
endfacet
facet normal -0.241650 0.493862 0.835288
outer loop
vertex 11.793284 19.862069 4.991971
vertex 12.520353 20.689655 4.713004
vertex 11.476519 20.689655 4.411022
endloop
endfacet
facet normal 0.111046 0.093365 0.989420
outer loop
vertex 12.842000 19.862069 4.895695
vertex 13.888555 19.862069 4.778237
vertex 13.606830 20.689655 4.731761
endloop
endfacet
facet normal -0.016879 0.209270 0.977712
outer loop
vertex 12.842000 19.862069 4.895695
vertex 13.606830 20.689655 4.731761
vertex 12.520353 20.689655 4.713004
endloop
endfacet
facet normal -0.037094 0.054118 0.997845
outer loop
vertex 13.888555 19.862069 4.778237
vertex 14.940954 19.862069 4.817358
vertex 14.693013 20.689655 4.763257
endloop
endfacet
facet normal -0.028953 0.046218 0.998512
outer loop
vertex 13.888555 19.862069 4.778237
vertex 14.693013 20.689655 4.763257
vertex 13.606830 20.689655 4.731761
endloop
endfacet
facet normal 0.283945 0.146255 0.947621
outer loop
vertex 14.940954 19.862069 4.817358
vertex 15.949766 19.862069 4.515078
vertex 15.734110 20.689655 4.451968
endloop
endfacet
facet normal 0.283364 0.146848 0.947703
outer loop
vertex 14.940954 19.862069 4.817358
vertex 15.734110 20.689655 4.451968
vertex 14.693013 20.689655 4.763257
endloop
endfacet
facet normal 0.601190 0.208071 0.771542
outer loop
vertex 15.949766 19.862069 4.515078
vertex 16.780478 19.862069 3.867783
vertex 16.595105 20.689655 3.789042
endloop
endfacet
facet normal 0.595897 0.214300 0.773939
outer loop
vertex 15.949766 19.862069 4.515078
vertex 16.595105 20.689655 3.789042
vertex 15.734110 20.689655 4.451968
endloop
endfacet
facet normal 0.688520 0.191175 0.699566
outer loop
vertex 16.780478 19.862069 3.867783
vertex 17.531053 19.862069 3.129059
vertex 17.386872 20.689655 3.044804
endloop
endfacet
facet normal 0.668516 0.217411 0.711209
outer loop
vertex 16.780478 19.862069 3.867783
vertex 17.386872 20.689655 3.044804
vertex 16.595105 20.689655 3.789042
endloop
endfacet
facet normal 0.719115 0.235755 0.653676
outer loop
vertex 17.531053 19.862069 3.129059
vertex 18.239423 19.862069 2.349774
vertex 18.089674 20.689655 2.216037
endloop
endfacet
facet normal 0.748061 0.194910 0.634362
outer loop
vertex 17.531053 19.862069 3.129059
vertex 18.089674 20.689655 2.216037
vertex 17.386872 20.689655 3.044804
endloop
endfacet
facet normal 0.834435 0.194232 0.515745
outer loop
vertex 18.239423 19.862069 2.349774
vertex 18.793112 19.862069 1.453949
vertex 18.689483 20.689655 1.309939
endloop
endfacet
facet normal 0.810813 0.233450 0.536734
outer loop
vertex 18.239423 19.862069 2.349774
vertex 18.689483 20.689655 1.309939
vertex 18.089674 20.689655 2.216037
endloop
endfacet
facet normal 0.889560 0.146170 0.432801
outer loop
vertex 18.793112 19.862069 1.453949
vertex 19.253855 19.862069 0.506958
vertex 19.195146 20.689655 0.348124
endloop
endfacet
facet normal 0.869282 0.188376 0.457015
outer loop
vertex 18.793112 19.862069 1.453949
vertex 19.195146 20.689655 0.348124
vertex 18.689483 20.689655 1.309939
endloop
endfacet
facet normal -0.824303 0.269563 0.497856
outer loop
vertex 0.000000 20.689655 1.643248
vertex 0.561786 20.689655 2.573399
vertex 0.644219 21.517241 2.261790
endloop
endfacet
facet normal -0.775061 0.143374 0.615406
outer loop
vertex 0.000000 20.689655 1.643248
vertex 0.644219 21.517241 2.261790
vertex 0.000000 21.517241 1.450441
endloop
endfacet
facet normal -0.503795 0.685413 0.525737
outer loop
vertex 0.561786 20.689655 2.573399
vertex 1.346354 20.689655 3.325222
vertex 1.644397 21.517241 2.531886
endloop
endfacet
facet normal -0.242934 0.362921 0.899595
outer loop
vertex 0.561786 20.689655 2.573399
vertex 1.644397 21.517241 2.531886
vertex 0.644219 21.517241 2.261790
endloop
endfacet
facet normal 0.088272 0.793572 0.602039
outer loop
vertex 1.346354 20.689655 3.325222
vertex 2.421497 20.689655 3.167582
vertex 2.564501 21.517241 2.055740
endloop
endfacet
facet normal 0.379019 0.565607 0.732416
outer loop
vertex 1.346354 20.689655 3.325222
vertex 2.564501 21.517241 2.055740
vertex 1.644397 21.517241 2.531886
endloop
endfacet
facet normal 0.300009 0.803857 0.513622
outer loop
vertex 2.421497 20.689655 3.167582
vertex 3.359799 20.689655 2.619517
vertex 3.320412 21.517241 1.347289
endloop
endfacet
facet normal 0.517934 0.652949 0.552631
outer loop
vertex 2.421497 20.689655 3.167582
vertex 3.320412 21.517241 1.347289
vertex 2.564501 21.517241 2.055740
endloop
endfacet
facet normal 0.390121 0.800211 0.455485
outer loop
vertex 3.359799 20.689655 2.619517
vertex 4.185100 20.689655 1.912649
vertex 4.029509 21.517241 0.591982
endloop
endfacet
facet normal 0.493629 0.735910 0.463429
outer loop
vertex 3.359799 20.689655 2.619517
vertex 4.029509 21.517241 0.591982
vertex 3.320412 21.517241 1.347289
endloop
endfacet
facet normal 0.601022 0.606591 0.520403
outer loop
vertex 4.185100 20.689655 1.912649
vertex 4.896397 20.689655 1.091162
vertex 4.932734 21.517241 0.084547
endloop
endfacet
facet normal 0.273791 0.829178 0.487342
outer loop
vertex 4.185100 20.689655 1.912649
vertex 4.932734 21.517241 0.084547
vertex 4.029509 21.517241 0.591982
endloop
endfacet
facet normal 0.699240 0.016886 0.714687
outer loop
vertex 4.896397 20.689655 1.091162
vertex 5.673114 20.689655 0.331232
vertex 5.966978 21.517241 0.024167
endloop
endfacet
facet normal 0.037097 0.771265 0.635432
outer loop
vertex 4.896397 20.689655 1.091162
vertex 5.966978 21.517241 0.024167
vertex 4.932734 21.517241 0.084547
endloop
endfacet
facet normal -0.736423 0.470650 0.485973
outer loop
vertex 6.748682 20.689655 0.176512
vertex 7.347193 20.689655 1.083468
vertex 7.762240 21.517241 0.910920
endloop
endfacet
facet normal -0.652294 0.137390 0.745410
outer loop
vertex 6.748682 20.689655 0.176512
vertex 7.762240 21.517241 0.910920
vertex 6.982598 21.517241 0.228671
endloop
endfacet
facet normal -0.751838 0.447163 0.484546
outer loop
vertex 7.347193 20.689655 1.083468
vertex 7.935850 20.689655 1.996850
vertex 8.299206 21.517241 1.796908
endloop
endfacet
facet normal -0.753448 0.473073 0.456639
outer loop
vertex 7.347193 20.689655 1.083468
vertex 8.299206 21.517241 1.796908
vertex 7.762240 21.517241 0.910920
endloop
endfacet
facet normal -0.650078 0.519606 0.554444
outer loop
vertex 7.935850 20.689655 1.996850
vertex 8.640996 20.689655 2.823623
vertex 9.042405 21.517241 2.518684
endloop
endfacet
facet normal -0.628280 0.432145 0.646927
outer loop
vertex 7.935850 20.689655 1.996850
vertex 9.042405 21.517241 2.518684
vertex 8.299206 21.517241 1.796908
endloop
endfacet
facet normal -0.487563 0.538078 0.687571
outer loop
vertex 8.640996 20.689655 2.823623
vertex 9.527396 20.689655 3.452177
vertex 9.914017 21.517241 3.078683
endloop
endfacet
facet normal -0.469165 0.496630 0.730235
outer loop
vertex 8.640996 20.689655 2.823623
vertex 9.914017 21.517241 3.078683
vertex 9.042405 21.517241 2.518684
endloop
endfacet
facet normal -0.383904 0.368545 0.846636
outer loop
vertex 9.527396 20.689655 3.452177
vertex 10.517045 20.689655 3.900929
vertex 10.773582 21.517241 3.657003
endloop
endfacet
facet normal -0.471192 0.536193 0.700339
outer loop
vertex 9.527396 20.689655 3.452177
vertex 10.773582 21.517241 3.657003
vertex 9.914017 21.517241 3.078683
endloop
endfacet
facet normal -0.446553 0.308319 0.839958
outer loop
vertex 10.517045 20.689655 3.900929
vertex 11.476519 20.689655 4.411022
vertex 11.654677 21.517241 4.201959
endloop
endfacet
facet normal -0.486060 0.382301 0.785870
outer loop
vertex 10.517045 20.689655 3.900929
vertex 11.654677 21.517241 4.201959
vertex 10.773582 21.517241 3.657003
endloop
endfacet
facet normal -0.242977 0.485359 0.839874
outer loop
vertex 11.476519 20.689655 4.411022
vertex 12.520353 20.689655 4.713004
vertex 12.687499 21.517241 4.283102
endloop
endfacet
facet normal -0.075640 0.259498 0.962777
outer loop
vertex 11.476519 20.689655 4.411022
vertex 12.687499 21.517241 4.283102
vertex 11.654677 21.517241 4.201959
endloop
endfacet
facet normal -0.014818 0.512879 0.858333
outer loop
vertex 12.520353 20.689655 4.713004
vertex 13.606830 20.689655 4.731761
vertex 13.722576 21.517241 4.239253
endloop
endfacet
facet normal 0.037698 0.454645 0.889875
outer loop
vertex 12.520353 20.689655 4.713004
vertex 13.722576 21.517241 4.239253
vertex 12.687499 21.517241 4.283102
endloop
endfacet
facet normal -0.024343 0.542794 0.839513
outer loop
vertex 13.606830 20.689655 4.731761
vertex 14.693013 20.689655 4.763257
vertex 14.758540 21.517241 4.230074
endloop
endfacet
facet normal 0.007618 0.510603 0.859783
outer loop
vertex 13.606830 20.689655 4.731761
vertex 14.758540 21.517241 4.230074
vertex 13.722576 21.517241 4.239253
endloop
endfacet
facet normal 0.260027 0.419631 0.869653
outer loop
vertex 14.693013 20.689655 4.763257
vertex 15.734110 20.689655 4.451968
vertex 15.776928 21.517241 4.039833
endloop
endfacet
facet normal 0.156153 0.526182 0.835912
outer loop
vertex 14.693013 20.689655 4.763257
vertex 15.776928 21.517241 4.039833
vertex 14.758540 21.517241 4.230074
endloop
endfacet
facet normal 0.578860 0.315752 0.751812
outer loop
vertex 15.734110 20.689655 4.451968
vertex 16.595105 20.689655 3.789042
vertex 16.612835 21.517241 3.427815
endloop
endfacet
facet normal 0.553815 0.348037 0.756412
outer loop
vertex 15.734110 20.689655 4.451968
vertex 16.612835 21.517241 3.427815
vertex 15.776928 21.517241 4.039833
endloop
endfacet
facet normal 0.652132 0.305606 0.693778
outer loop
vertex 16.595105 20.689655 3.789042
vertex 17.386872 20.689655 3.044804
vertex 17.357658 21.517241 2.707715
endloop
endfacet
facet normal 0.665959 0.286393 0.688824
outer loop
vertex 16.595105 20.689655 3.789042
vertex 17.357658 21.517241 2.707715
vertex 16.612835 21.517241 3.427815
endloop
endfacet
facet normal 0.716287 0.343475 0.607418
outer loop
vertex 17.386872 20.689655 3.044804
vertex 18.089674 20.689655 2.216037
vertex 17.978927 21.517241 1.878661
endloop
endfacet
facet normal 0.772088 0.262918 0.578579
outer loop
vertex 17.386872 20.689655 3.044804
vertex 17.978927 21.517241 1.878661
vertex 17.357658 21.517241 2.707715
endloop
endfacet
facet normal 0.783546 0.342085 0.518684
outer loop
vertex 18.089674 20.689655 2.216037
vertex 18.689483 20.689655 1.309939
vertex 18.531715 21.517241 1.002458
endloop
endfacet
facet normal 0.802983 0.313974 0.506594
outer loop
vertex 18.089674 20.689655 2.216037
vertex 18.531715 21.517241 1.002458
vertex 17.978927 21.517241 1.878661
endloop
endfacet
facet normal 0.880467 0.102503 0.462895
outer loop
vertex 18.689483 20.689655 1.309939
vertex 19.195146 20.689655 0.348124
vertex 19.179748 21.517241 0.194152
endloop
endfacet
facet normal 0.729055 0.356149 0.584497
outer loop
vertex 18.689483 20.689655 1.309939
vertex 19.179748 21.517241 0.194152
vertex 18.531715 21.517241 1.002458
endloop
endfacet
facet normal -0.462375 0.807108 0.367131
outer loop
vertex 0.000000 21.517241 1.450441
vertex 0.644219 21.517241 2.261790
vertex 0.866799 22.344828 0.722730
endloop
endfacet
facet normal -0.281328 0.782765 0.555098
outer loop
vertex 0.000000 21.517241 1.450441
vertex 0.866799 22.344828 0.722730
vertex 0.000000 22.344828 0.283430
endloop
endfacet
facet normal -0.103859 0.917225 0.384593
outer loop
vertex 0.644219 21.517241 2.261790
vertex 1.644397 21.517241 2.531886
vertex 1.831860 22.344828 0.608782
endloop
endfacet
facet normal 0.056578 0.875896 0.479171
outer loop
vertex 0.644219 21.517241 2.261790
vertex 1.831860 22.344828 0.608782
vertex 0.866799 22.344828 0.722730
endloop
endfacet
facet normal 0.217592 0.880826 0.420476
outer loop
vertex 1.644397 21.517241 2.531886
vertex 2.564501 21.517241 2.055740
vertex 2.729557 22.344828 0.236671
endloop
endfacet
facet normal 0.167230 0.899598 0.403433
outer loop
vertex 1.644397 21.517241 2.531886
vertex 2.729557 22.344828 0.236671
vertex 1.831860 22.344828 0.608782
endloop
endfacet
facet normal 0.511314 0.664013 0.545568
outer loop
vertex 2.564501 21.517241 2.055740
vertex 3.320412 21.517241 1.347289
vertex 3.674153 22.344828 0.008498
endloop
endfacet
facet normal 0.101352 0.902042 0.419581
outer loop
vertex 2.564501 21.517241 2.055740
vertex 3.674153 22.344828 0.008498
vertex 2.729557 22.344828 0.236671
endloop
endfacet
facet normal 0.728036 -0.052914 0.683494
outer loop
vertex 3.320412 21.517241 1.347289
vertex 4.029509 21.517241 0.591982
vertex 4.645876 22.344828 -0.000484
endloop
endfacet
facet normal 0.004869 0.850017 0.526733
outer loop
vertex 3.320412 21.517241 1.347289
vertex 4.645876 22.344828 -0.000484
vertex 3.674153 22.344828 0.008498
endloop
endfacet
facet normal -0.526170 0.601336 0.601282
outer loop
vertex 6.982598 21.517241 0.228671
vertex 7.762240 21.517241 0.910920
vertex 8.375044 22.344828 0.619512
endloop
endfacet
facet normal -0.594178 0.719216 0.360111
outer loop
vertex 7.762240 21.517241 0.910920
vertex 8.299206 21.517241 1.796908
vertex 9.025129 22.344828 1.341810
endloop
endfacet
facet normal -0.584395 0.617931 0.525969
outer loop
vertex 7.762240 21.517241 0.910920
vertex 9.025129 22.344828 1.341810
vertex 8.375044 22.344828 0.619512
endloop
endfacet
facet normal -0.521108 0.663727 0.536575
outer loop
vertex 8.299206 21.517241 1.796908
vertex 9.042405 21.517241 2.518684
vertex 9.650532 22.344828 2.085582
endloop
endfacet
facet normal -0.534413 0.715874 0.449363
outer loop
vertex 8.299206 21.517241 1.796908
vertex 9.650532 22.344828 2.085582
vertex 9.025129 22.344828 1.341810
endloop
endfacet
facet normal -0.476092 0.473532 0.741016
outer loop
vertex 9.042405 21.517241 2.518684
vertex 9.914017 21.517241 3.078683
vertex 10.306852 22.344828 2.802221
endloop
endfacet
facet normal -0.549418 0.667050 0.503174
outer loop
vertex 9.042405 21.517241 2.518684
vertex 10.306852 22.344828 2.802221
vertex 9.650532 22.344828 2.085582
endloop
endfacet
facet normal -0.502208 0.436595 0.746439
outer loop
vertex 9.914017 21.517241 3.078683
vertex 10.773582 21.517241 3.657003
vertex 11.085909 22.344828 3.383079
endloop
endfacet
facet normal -0.523404 0.482956 0.701998
outer loop
vertex 9.914017 21.517241 3.078683
vertex 11.085909 22.344828 3.383079
vertex 10.306852 22.344828 2.802221
endloop
endfacet
facet normal -0.394096 0.662336 0.637181
outer loop
vertex 10.773582 21.517241 3.657003
vertex 11.654677 21.517241 4.201959
vertex 12.037789 22.344828 3.578655
endloop
endfacet
facet normal -0.186853 0.371529 0.909424
outer loop
vertex 10.773582 21.517241 3.657003
vertex 12.037789 22.344828 3.578655
vertex 11.085909 22.344828 3.383079
endloop
endfacet
facet normal -0.056499 0.692559 0.719146
outer loop
vertex 11.654677 21.517241 4.201959
vertex 12.687499 21.517241 4.283102
vertex 13.007211 22.344828 3.511230
endloop
endfacet
facet normal 0.056328 0.583890 0.809877
outer loop
vertex 11.654677 21.517241 4.201959
vertex 13.007211 22.344828 3.511230
vertex 12.037789 22.344828 3.578655
endloop
endfacet
facet normal 0.030563 0.691794 0.721448
outer loop
vertex 12.687499 21.517241 4.283102
vertex 13.722576 21.517241 4.239253
vertex 13.975977 22.344828 3.434948
endloop
endfacet
facet normal 0.058363 0.668749 0.741194
outer loop
vertex 12.687499 21.517241 4.283102
vertex 13.975977 22.344828 3.434948
vertex 13.007211 22.344828 3.511230
endloop
endfacet
facet normal 0.006266 0.707022 0.707164
outer loop
vertex 13.722576 21.517241 4.239253
vertex 14.758540 21.517241 4.230074
vertex 14.947147 22.344828 3.400983
endloop
endfacet
facet normal 0.025207 0.692747 0.720740
outer loop
vertex 13.722576 21.517241 4.239253
vertex 14.947147 22.344828 3.400983
vertex 13.975977 22.344828 3.434948
endloop
endfacet
facet normal 0.148389 0.589059 0.794349
outer loop
vertex 14.758540 21.517241 4.230074
vertex 15.776928 21.517241 4.039833
vertex 15.918911 22.344828 3.399603
endloop
endfacet
facet normal 0.001003 0.707634 0.706578
outer loop
vertex 14.758540 21.517241 4.230074
vertex 15.918911 22.344828 3.399603
vertex 14.947147 22.344828 3.400983
endloop
endfacet
facet normal 0.554449 0.345134 0.757277
outer loop
vertex 15.776928 21.517241 4.039833
vertex 16.612835 21.517241 3.427815
vertex 16.771947 22.344828 2.934141
endloop
endfacet
facet normal 0.411286 0.512548 0.753750
outer loop
vertex 15.776928 21.517241 4.039833
vertex 16.771947 22.344828 2.934141
vertex 15.918911 22.344828 3.399603
endloop
endfacet
facet normal 0.640260 0.389231 0.662243
outer loop
vertex 16.612835 21.517241 3.427815
vertex 17.357658 21.517241 2.707715
vertex 17.393224 22.344828 2.186919
endloop
endfacet
facet normal 0.748785 0.227419 0.622577
outer loop
vertex 16.612835 21.517241 3.427815
vertex 17.393224 22.344828 2.186919
vertex 16.771947 22.344828 2.934141
endloop
endfacet
facet normal 0.729705 0.410511 0.546819
outer loop
vertex 17.357658 21.517241 2.707715
vertex 17.978927 21.517241 1.878661
vertex 17.902534 22.344828 1.359314
endloop
endfacet
facet normal 0.817244 0.281372 0.502933
outer loop
vertex 17.357658 21.517241 2.707715
vertex 17.902534 22.344828 1.359314
vertex 17.393224 22.344828 2.186919
endloop
endfacet
facet normal 0.751923 0.457794 0.474381
outer loop
vertex 17.978927 21.517241 1.878661
vertex 18.531715 21.517241 1.002458
vertex 18.347685 22.344828 0.495505
endloop
endfacet
facet normal 0.833802 0.346615 0.429688
outer loop
vertex 17.978927 21.517241 1.878661
vertex 18.347685 22.344828 0.495505
vertex 17.902534 22.344828 1.359314
endloop
endfacet
facet normal 0.775826 0.105918 0.621994
outer loop
vertex 18.531715 21.517241 1.002458
vertex 19.179748 21.517241 0.194152
vertex 19.199753 22.344828 0.028272
endloop
endfacet
facet normal 0.404231 0.541456 0.737172
outer loop
vertex 18.531715 21.517241 1.002458
vertex 19.199753 22.344828 0.028272
vertex 18.347685 22.344828 0.495505
endloop
endfacet
facet normal -0.350260 0.632207 0.691110
outer loop
vertex 0.000000 22.344828 0.283430
vertex 0.866799 22.344828 0.722730
vertex 0.934520 23.172414 0.000000
endloop
endfacet
facet normal 0.094923 0.587110 0.803923
outer loop
vertex 0.866799 22.344828 0.722730
vertex 1.831860 22.344828 0.608782
vertex 1.869039 23.172414 0.000000
endloop
endfacet
facet normal 0.000000 0.657779 0.753211
outer loop
vertex 0.866799 22.344828 0.722730
vertex 1.869039 23.172414 0.000000
vertex 0.934520 23.172414 0.000000
endloop
endfacet
facet normal 0.373184 0.224092 0.900287
outer loop
vertex 1.831860 22.344828 0.608782
vertex 2.729557 22.344828 0.236671
vertex 2.803559 23.172414 0.000000
endloop
endfacet
facet normal 0.000000 0.592556 0.805529
outer loop
vertex 1.831860 22.344828 0.608782
vertex 2.803559 23.172414 0.000000
vertex 1.869039 23.172414 0.000000
endloop
endfacet
facet normal -0.550157 0.672420 0.495154
outer loop
vertex 8.375044 22.344828 0.619512
vertex 9.025129 22.344828 1.341810
vertex 9.253222 23.172414 0.471377
endloop
endfacet
facet normal -0.621141 0.584294 0.522288
outer loop
vertex 9.025129 22.344828 1.341810
vertex 9.650532 22.344828 2.085582
vertex 9.741644 23.172414 1.268101
endloop
endfacet
facet normal -0.670713 0.617317 0.411173
outer loop
vertex 9.025129 22.344828 1.341810
vertex 9.741644 23.172414 1.268101
vertex 9.253222 23.172414 0.471377
endloop
endfacet
facet normal -0.619404 0.542718 0.567270
outer loop
vertex 9.650532 22.344828 2.085582
vertex 10.306852 22.344828 2.802221
vertex 10.307862 23.172414 2.011556
endloop
endfacet
facet normal -0.655999 0.565733 0.499612
outer loop
vertex 9.650532 22.344828 2.085582
vertex 10.307862 23.172414 2.011556
vertex 9.741644 23.172414 1.268101
endloop
endfacet
facet normal -0.483058 0.588981 0.647886
outer loop
vertex 10.306852 22.344828 2.802221
vertex 11.085909 22.344828 3.383079
vertex 11.037914 23.172414 2.594951
endloop
endfacet
facet normal -0.500110 0.598520 0.625830
outer loop
vertex 10.306852 22.344828 2.802221
vertex 11.037914 23.172414 2.594951
vertex 10.307862 23.172414 2.011556
endloop
endfacet
facet normal -0.137337 0.730988 0.668427
outer loop
vertex 11.085909 22.344828 3.383079
vertex 12.037789 22.344828 3.578655
vertex 11.970186 23.172414 2.659722
endloop
endfacet
facet normal -0.050349 0.687225 0.724698
outer loop
vertex 11.085909 22.344828 3.383079
vertex 11.970186 23.172414 2.659722
vertex 11.037914 23.172414 2.594951
endloop
endfacet
facet normal 0.045433 0.755803 0.653221
outer loop
vertex 12.037789 22.344828 3.578655
vertex 13.007211 22.344828 3.511230
vertex 12.899495 23.172414 2.561173
endloop
endfacet
facet normal 0.070486 0.743799 0.664676
outer loop
vertex 12.037789 22.344828 3.578655
vertex 12.899495 23.172414 2.561173
vertex 11.970186 23.172414 2.659722
endloop
endfacet
facet normal 0.050125 0.769581 0.636579
outer loop
vertex 13.007211 22.344828 3.511230
vertex 13.975977 22.344828 3.434948
vertex 13.826914 23.172414 2.446189
endloop
endfacet
facet normal 0.080525 0.756091 0.649494
outer loop
vertex 13.007211 22.344828 3.511230
vertex 13.826914 23.172414 2.446189
vertex 12.899495 23.172414 2.561173
endloop
endfacet
facet normal 0.022319 0.769562 0.638182
outer loop
vertex 13.975977 22.344828 3.434948
vertex 14.947147 22.344828 3.400983
vertex 14.760715 23.172414 2.409545
endloop
endfacet
facet normal 0.025092 0.768456 0.639411
outer loop
vertex 13.975977 22.344828 3.434948
vertex 14.760715 23.172414 2.409545
vertex 13.826914 23.172414 2.446189
endloop
endfacet
facet normal 0.000912 0.766205 0.642596
outer loop
vertex 14.947147 22.344828 3.400983
vertex 15.918911 22.344828 3.399603
vertex 15.695227 23.172414 2.413141
endloop
endfacet
facet normal -0.002467 0.767462 0.641090
outer loop
vertex 14.947147 22.344828 3.400983
vertex 15.695227 23.172414 2.413141
vertex 14.760715 23.172414 2.409545
endloop
endfacet
facet normal 0.402794 0.541144 0.738187
outer loop
vertex 15.918911 22.344828 3.399603
vertex 16.771947 22.344828 2.934141
vertex 16.629712 23.172414 2.405072
endloop
endfacet
facet normal 0.005544 0.766710 0.641970
outer loop
vertex 15.918911 22.344828 3.399603
vertex 16.629712 23.172414 2.405072
vertex 15.695227 23.172414 2.413141
endloop
endfacet
facet normal 0.710835 0.381320 0.591024
outer loop
vertex 16.771947 22.344828 2.934141
vertex 17.393224 22.344828 2.186919
vertex 17.305003 23.172414 1.759078
endloop
endfacet
facet normal 0.597762 0.502211 0.624872
outer loop
vertex 16.771947 22.344828 2.934141
vertex 17.305003 23.172414 1.759078
vertex 16.629712 23.172414 2.405072
endloop
endfacet
facet normal 0.818324 0.277011 0.503598
outer loop
vertex 17.393224 22.344828 2.186919
vertex 17.902534 22.344828 1.359314
vertex 17.845520 23.172414 0.996734
endloop
endfacet
facet normal 0.761040 0.360082 0.539592
outer loop
vertex 17.393224 22.344828 2.186919
vertex 17.845520 23.172414 0.996734
vertex 17.305003 23.172414 1.759078
endloop
endfacet
facet normal 0.871050 0.199436 0.448884
outer loop
vertex 17.902534 22.344828 1.359314
vertex 18.347685 22.344828 0.495505
vertex 18.316006 23.172414 0.189287
endloop
endfacet
facet normal 0.832003 0.269715 0.484794
outer loop
vertex 17.902534 22.344828 1.359314
vertex 18.316006 23.172414 0.189287
vertex 17.845520 23.172414 0.996734
endloop
endfacet
facet normal -0.551754 0.720405 0.420218
outer loop
vertex 9.741644 23.172414 1.268101
vertex 10.307862 23.172414 2.011556
vertex 10.272648 24.000000 0.546539
endloop
endfacet
facet normal -0.390700 0.779945 0.488916
outer loop
vertex 10.307862 23.172414 2.011556
vertex 11.037914 23.172414 2.594951
vertex 10.888391 24.000000 1.155256
endloop
endfacet
facet normal -0.443717 0.775667 0.448839
outer loop
vertex 10.307862 23.172414 2.011556
vertex 10.888391 24.000000 1.155256
vertex 10.272648 24.000000 0.546539
endloop
endfacet
facet normal -0.033514 0.875317 0.482386
outer loop
vertex 11.037914 23.172414 2.594951
vertex 11.970186 23.172414 2.659722
vertex 11.754142 24.000000 1.143009
endloop
endfacet
facet normal 0.007042 0.867263 0.497801
outer loop
vertex 11.037914 23.172414 2.594951
vertex 11.754142 24.000000 1.143009
vertex 10.888391 24.000000 1.155256
endloop
endfacet
facet normal 0.049550 0.882737 0.467248
outer loop
vertex 11.970186 23.172414 2.659722
vertex 12.899495 23.172414 2.561173
vertex 12.612325 24.000000 1.028127
endloop
endfacet
facet normal 0.063063 0.879828 0.471090
outer loop
vertex 11.970186 23.172414 2.659722
vertex 12.612325 24.000000 1.028127
vertex 11.754142 24.000000 1.143009
endloop
endfacet
facet normal 0.053541 0.900356 0.431847
outer loop
vertex 12.899495 23.172414 2.561173
vertex 13.826914 23.172414 2.446189
vertex 13.438453 24.000000 0.768921
endloop
endfacet
facet normal 0.141094 0.881972 0.449687
outer loop
vertex 12.899495 23.172414 2.561173
vertex 13.438453 24.000000 0.768921
vertex 12.612325 24.000000 1.028127
endloop
endfacet
facet normal 0.017308 0.897314 0.441053
outer loop
vertex 13.826914 23.172414 2.446189
vertex 14.760715 23.172414 2.409545
vertex 14.303925 24.000000 0.743760
endloop
endfacet
facet normal 0.012794 0.897877 0.440061
outer loop
vertex 13.826914 23.172414 2.446189
vertex 14.303925 24.000000 0.743760
vertex 13.438453 24.000000 0.768921
endloop
endfacet
facet normal -0.001709 0.896013 0.444024
outer loop
vertex 14.760715 23.172414 2.409545
vertex 15.695227 23.172414 2.413141
vertex 15.169759 24.000000 0.741102
endloop
endfacet
facet normal 0.001365 0.895714 0.444629
outer loop
vertex 14.760715 23.172414 2.409545
vertex 15.169759 24.000000 0.741102
vertex 14.303925 24.000000 0.743760
endloop
endfacet
facet normal 0.003978 0.887576 0.460645
outer loop
vertex 15.695227 23.172414 2.413141
vertex 16.629712 23.172414 2.405072
vertex 16.032384 24.000000 0.815628
endloop
endfacet
facet normal -0.039146 0.890596 0.453108
outer loop
vertex 15.695227 23.172414 2.413141
vertex 16.032384 24.000000 0.815628
vertex 15.169759 24.000000 0.741102
endloop
endfacet
facet normal 0.446560 0.763329 0.466812
outer loop
vertex 16.629712 23.172414 2.405072
vertex 17.305003 23.172414 1.759078
vertex 16.897980 24.000000 0.795178
endloop
endfacet
facet normal 0.010834 0.888581 0.458592
outer loop
vertex 16.629712 23.172414 2.405072
vertex 16.897980 24.000000 0.795178
vertex 16.032384 24.000000 0.815628
endloop
endfacet
facet normal 0.743279 0.412079 0.526999
outer loop
vertex 17.305003 23.172414 1.759078
vertex 17.845520 23.172414 0.996734
vertex 17.720770 24.000000 0.525563
endloop
endfacet
facet normal 0.193583 0.783278 0.590764
outer loop
vertex 17.305003 23.172414 1.759078
vertex 17.720770 24.000000 0.525563
vertex 16.897980 24.000000 0.795178
endloop
endfacet
facet normal 0.863503 -0.034707 0.503149
outer loop
vertex 17.845520 23.172414 0.996734
vertex 18.316006 23.172414 0.189287
vertex 18.436896 24.000000 0.038903
endloop
endfacet
facet normal 0.491325 0.485682 0.722989
outer loop
vertex 17.845520 23.172414 0.996734
vertex 18.436896 24.000000 0.038903
vertex 17.720770 24.000000 0.525563
endloop
endfacet
facet normal -0.323097 -0.811364 -0.487130
outer loop
vertex 15.530809 0.827586 -1.951533
vertex 15.415341 0.000000 -0.496519
vertex 14.694970 0.000000 -0.018721
endloop
endfacet
facet normal -0.861947 -0.208637 -0.462080
outer loop
vertex 15.098525 0.827586 -1.145166
vertex 15.530809 0.827586 -1.951533
vertex 14.694970 0.000000 -0.018721
endloop
endfacet
facet normal -0.619158 -0.278054 -0.734391
outer loop
vertex 16.387036 0.827586 -1.629086
vertex 16.076226 0.000000 -1.053705
vertex 15.415341 0.000000 -0.496519
endloop
endfacet
facet normal 0.179118 -0.861216 -0.475630
outer loop
vertex 15.530809 0.827586 -1.951533
vertex 16.387036 0.827586 -1.629086
vertex 15.415341 0.000000 -0.496519
endloop
endfacet
facet normal 0.447661 -0.344022 -0.825378
outer loop
vertex 16.962623 0.827586 -0.917891
vertex 16.836081 0.000000 -0.641581
vertex 16.076226 0.000000 -1.053705
endloop
endfacet
facet normal 0.628036 -0.589252 -0.508284
outer loop
vertex 16.387036 0.827586 -1.629086
vertex 16.962623 0.827586 -0.917891
vertex 16.076226 0.000000 -1.053705
endloop
endfacet
facet normal 0.566394 0.058234 -0.822074
outer loop
vertex 17.462334 0.827586 -0.151480
vertex 17.547908 0.000000 -0.151145
vertex 16.836081 0.000000 -0.641581
endloop
endfacet
facet normal 0.800009 -0.296480 -0.521618
outer loop
vertex 16.962623 0.827586 -0.917891
vertex 17.462334 0.827586 -0.151480
vertex 16.836081 0.000000 -0.641581
endloop
endfacet
facet normal -0.876559 -0.104042 -0.469914
outer loop
vertex 15.773858 1.655172 -2.588140
vertex 15.530809 0.827586 -1.951533
vertex 15.098525 0.827586 -1.145166
endloop
endfacet
facet normal -0.684317 -0.446608 -0.576413
outer loop
vertex 15.162478 1.655172 -1.862311
vertex 15.773858 1.655172 -2.588140
vertex 15.098525 0.827586 -1.145166
endloop
endfacet
facet normal 0.336289 -0.299153 -0.892982
outer loop
vertex 16.420643 1.655172 -1.893675
vertex 16.387036 0.827586 -1.629086
vertex 15.530809 0.827586 -1.951533
endloop
endfacet
facet normal 0.588469 -0.594414 -0.548066
outer loop
vertex 15.773858 1.655172 -2.588140
vertex 16.420643 1.655172 -1.893675
vertex 15.530809 0.827586 -1.951533
endloop
endfacet
facet normal 0.772471 -0.111535 -0.625179
outer loop
vertex 16.936871 1.655172 -1.097356
vertex 16.962623 0.827586 -0.917891
vertex 16.387036 0.827586 -1.629086
endloop
endfacet
facet normal 0.821526 -0.203629 -0.532569
outer loop
vertex 16.420643 1.655172 -1.893675
vertex 16.936871 1.655172 -1.097356
vertex 16.387036 0.827586 -1.629086
endloop
endfacet
facet normal 0.837608 0.012335 -0.546133
outer loop
vertex 17.380438 1.655172 -0.258392
vertex 17.462334 0.827586 -0.151480
vertex 16.962623 0.827586 -0.917891
endloop
endfacet
facet normal 0.881644 -0.073649 -0.466133
outer loop
vertex 16.936871 1.655172 -1.097356
vertex 17.380438 1.655172 -0.258392
vertex 16.962623 0.827586 -0.917891
endloop
endfacet
facet normal -0.780606 -0.395850 -0.483692
outer loop
vertex 15.065501 2.482759 -2.383094
vertex 15.162478 1.655172 -1.862311
vertex 14.662620 1.655172 -1.055616
endloop
endfacet
facet normal -0.843858 -0.301331 -0.443963
outer loop
vertex 14.618327 2.482759 -1.533132
vertex 15.065501 2.482759 -2.383094
vertex 14.662620 1.655172 -1.055616
endloop
endfacet
facet normal -0.762210 -0.082718 -0.642023
outer loop
vertex 15.904718 2.482759 -2.850124
vertex 15.773858 1.655172 -2.588140
vertex 15.162478 1.655172 -1.862311
endloop
endfacet
facet normal -0.415718 -0.518795 -0.747014
outer loop
vertex 15.065501 2.482759 -2.383094
vertex 15.904718 2.482759 -2.850124
vertex 15.162478 1.655172 -1.862311
endloop
endfacet
facet normal 0.723444 -0.150520 -0.673774
outer loop
vertex 16.442898 2.482759 -2.054660
vertex 16.420643 1.655172 -1.893675
vertex 15.773858 1.655172 -2.588140
endloop
endfacet
facet normal 0.791475 -0.294664 -0.535481
outer loop
vertex 15.904718 2.482759 -2.850124
vertex 16.442898 2.482759 -2.054660
vertex 15.773858 1.655172 -2.588140
endloop
endfacet
facet normal 0.835943 -0.086764 -0.541915
outer loop
vertex 16.936331 2.482759 -1.230690
vertex 16.936871 1.655172 -1.097356
vertex 16.420643 1.655172 -1.893675
endloop
endfacet
facet normal 0.851510 -0.122091 -0.509925
outer loop
vertex 16.442898 2.482759 -2.054660
vertex 16.936331 2.482759 -1.230690
vertex 16.420643 1.655172 -1.893675
endloop
endfacet
facet normal 0.882023 -0.067591 -0.466333
outer loop
vertex 17.380116 2.482759 -0.378953
vertex 17.380438 1.655172 -0.258392
vertex 16.936871 1.655172 -1.097356
endloop
endfacet
facet normal 0.884431 -0.073667 -0.460819
outer loop
vertex 16.936331 2.482759 -1.230690
vertex 17.380116 2.482759 -0.378953
vertex 16.936871 1.655172 -1.097356
endloop
endfacet
facet normal -0.848253 -0.285142 -0.446275
outer loop
vertex 15.018636 3.310345 -2.822791
vertex 15.065501 2.482759 -2.383094
vertex 14.618327 2.482759 -1.533132
endloop
endfacet
facet normal -0.715500 -0.465581 -0.520859
outer loop
vertex 14.450551 3.310345 -2.042416
vertex 15.018636 3.310345 -2.822791
vertex 14.618327 2.482759 -1.533132
endloop
endfacet
facet normal -0.481368 -0.141751 -0.864981
outer loop
vertex 15.963810 3.310345 -3.018632
vertex 15.904718 2.482759 -2.850124
vertex 15.065501 2.482759 -2.383094
endloop
endfacet
facet normal -0.179140 -0.469492 -0.864573
outer loop
vertex 15.018636 3.310345 -2.822791
vertex 15.963810 3.310345 -3.018632
vertex 15.065501 2.482759 -2.383094
endloop
endfacet
facet normal 0.810535 -0.205708 -0.548377
outer loop
vertex 16.529765 3.310345 -2.236711
vertex 16.442898 2.482759 -2.054660
vertex 15.904718 2.482759 -2.850124
endloop
endfacet
facet normal 0.797642 -0.174506 -0.577335
outer loop
vertex 15.963810 3.310345 -3.018632
vertex 16.529765 3.310345 -2.236711
vertex 15.904718 2.482759 -2.850124
endloop
endfacet
facet normal 0.844621 -0.175448 -0.505800
outer loop
vertex 17.007918 3.310345 -1.398215
vertex 16.936331 2.482759 -1.230690
vertex 16.442898 2.482759 -2.054660
endloop
endfacet
facet normal 0.851790 -0.196259 -0.485734
outer loop
vertex 16.529765 3.310345 -2.236711
vertex 17.007918 3.310345 -1.398215
vertex 16.442898 2.482759 -2.054660
endloop
endfacet
facet normal 0.879421 -0.129089 -0.458209
outer loop
vertex 17.424263 3.310345 -0.527374
vertex 17.380116 2.482759 -0.378953
vertex 16.936331 2.482759 -1.230690
endloop
endfacet
facet normal 0.890106 -0.163139 -0.425556
outer loop
vertex 17.007918 3.310345 -1.398215
vertex 17.424263 3.310345 -0.527374
vertex 16.936331 2.482759 -1.230690
endloop
endfacet
facet normal -0.130604 -0.884784 -0.447324
outer loop
vertex 12.680534 4.137931 -1.788013
vertex 13.468446 3.310345 -0.381134
vertex 12.541882 3.310345 -0.110608
endloop
endfacet
facet normal -0.426114 -0.796830 -0.428357
outer loop
vertex 12.005250 4.137931 -1.116264
vertex 12.680534 4.137931 -1.788013
vertex 12.541882 3.310345 -0.110608
endloop
endfacet
facet normal -0.659356 -0.655959 -0.367380
outer loop
vertex 13.588822 4.137931 -2.074839
vertex 13.938259 3.310345 -1.224331
vertex 13.468446 3.310345 -0.381134
endloop
endfacet
facet normal -0.139803 -0.885699 -0.442711
outer loop
vertex 12.680534 4.137931 -1.788013
vertex 13.588822 4.137931 -2.074839
vertex 13.468446 3.310345 -0.381134
endloop
endfacet
facet normal -0.787144 -0.370727 -0.492916
outer loop
vertex 14.396872 4.137931 -2.579132
vertex 14.450551 3.310345 -2.042416
vertex 13.938259 3.310345 -1.224331
endloop
endfacet
facet normal -0.356959 -0.738533 -0.571970
outer loop
vertex 13.588822 4.137931 -2.074839
vertex 14.396872 4.137931 -2.579132
vertex 13.938259 3.310345 -1.224331
endloop
endfacet
facet normal -0.791228 -0.205425 -0.575986
outer loop
vertex 15.096736 4.137931 -3.225234
vertex 15.018636 3.310345 -2.822791
vertex 14.450551 3.310345 -2.042416
endloop
endfacet
facet normal -0.601692 -0.461712 -0.651758
outer loop
vertex 14.396872 4.137931 -2.579132
vertex 15.096736 4.137931 -3.225234
vertex 14.450551 3.310345 -2.042416
endloop
endfacet
facet normal -0.201267 -0.126283 -0.971362
outer loop
vertex 16.045696 4.137931 -3.143190
vertex 15.963810 3.310345 -3.018632
vertex 15.018636 3.310345 -2.822791
endloop
endfacet
facet normal 0.077269 -0.441899 -0.893731
outer loop
vertex 15.096736 4.137931 -3.225234
vertex 16.045696 4.137931 -3.143190
vertex 15.018636 3.310345 -2.822791
endloop
endfacet
facet normal 0.786619 -0.238878 -0.569357
outer loop
vertex 16.654928 4.137931 -2.411007
vertex 16.529765 3.310345 -2.236711
vertex 15.963810 3.310345 -3.018632
endloop
endfacet
facet normal 0.757530 -0.169823 -0.630324
outer loop
vertex 16.045696 4.137931 -3.143190
vertex 16.654928 4.137931 -2.411007
vertex 15.963810 3.310345 -3.018632
endloop
endfacet
facet normal 0.849351 -0.209796 -0.484343
outer loop
vertex 17.111491 4.137931 -1.575061
vertex 17.007918 3.310345 -1.398215
vertex 16.529765 3.310345 -2.236711
endloop
endfacet
facet normal 0.854610 -0.227552 -0.466757
outer loop
vertex 16.654928 4.137931 -2.411007
vertex 17.111491 4.137931 -1.575061
vertex 16.529765 3.310345 -2.236711
endloop
endfacet
facet normal 0.883828 -0.200736 -0.422554
outer loop
vertex 17.522207 4.137931 -0.715661
vertex 17.424263 3.310345 -0.527374
vertex 17.007918 3.310345 -1.398215
endloop
endfacet
facet normal 0.883866 -0.200880 -0.422408
outer loop
vertex 17.111491 4.137931 -1.575061
vertex 17.522207 4.137931 -0.715661
vertex 17.007918 3.310345 -1.398215
endloop
endfacet
facet normal -0.085826 -0.843083 -0.530890
outer loop
vertex 2.346412 4.965517 -1.449983
vertex 2.843155 4.137931 -0.216036
vertex 1.902863 4.137931 -0.064025
endloop
endfacet
facet normal -0.836137 -0.309862 -0.452615
outer loop
vertex 1.867779 4.965517 -0.565781
vertex 2.346412 4.965517 -1.449983
vertex 1.902863 4.137931 -0.064025
endloop
endfacet
facet normal 0.052119 -0.904031 -0.424278
outer loop
vertex 3.228747 4.965517 -1.932048
vertex 3.788548 4.137931 -0.099901
vertex 2.843155 4.137931 -0.216036
endloop
endfacet
facet normal -0.254541 -0.847439 -0.465893
outer loop
vertex 2.346412 4.965517 -1.449983
vertex 3.228747 4.965517 -1.932048
vertex 2.843155 4.137931 -0.216036
endloop
endfacet
facet normal 0.053400 -0.849126 -0.525484
outer loop
vertex 4.086170 4.965517 -1.406950
vertex 4.736168 4.137931 -0.003604
vertex 3.788548 4.137931 -0.099901
endloop
endfacet
facet normal 0.285119 -0.837828 -0.465566
outer loop
vertex 3.228747 4.965517 -1.932048
vertex 4.086170 4.965517 -1.406950
vertex 3.788548 4.137931 -0.099901
endloop
endfacet
facet normal 0.541243 -0.590318 -0.598816
outer loop
vertex 4.086170 4.965517 -1.406950
vertex 4.832073 4.965517 -0.732761
vertex 4.736168 4.137931 -0.003604
endloop
endfacet
facet normal -0.038138 -0.771711 -0.634829
outer loop
vertex 9.359367 4.965517 -0.998872
vertex 10.449449 4.137931 -0.058330
vertex 9.498663 4.137931 -0.001210
endloop
endfacet
facet normal -0.513735 -0.694208 -0.504134
outer loop
vertex 8.655154 4.965517 -0.281247
vertex 9.359367 4.965517 -0.998872
vertex 9.498663 4.137931 -0.001210
endloop
endfacet
facet normal -0.207782 -0.872752 -0.441736
outer loop
vertex 10.186896 4.965517 -1.569921
vertex 11.311360 4.137931 -0.463751
vertex 10.449449 4.137931 -0.058330
endloop
endfacet
facet normal -0.290057 -0.859760 -0.420332
outer loop
vertex 9.359367 4.965517 -0.998872
vertex 10.186896 4.965517 -1.569921
vertex 10.449449 4.137931 -0.058330
endloop
endfacet
facet normal -0.363603 -0.847518 -0.386660
outer loop
vertex 11.069932 4.965517 -2.050702
vertex 12.005250 4.137931 -1.116264
vertex 11.311360 4.137931 -0.463751
endloop
endfacet
facet normal -0.229916 -0.876823 -0.422280
outer loop
vertex 10.186896 4.965517 -1.569921
vertex 11.069932 4.965517 -2.050702
vertex 11.311360 4.137931 -0.463751
endloop
endfacet
facet normal -0.441805 -0.779458 -0.444131
outer loop
vertex 11.958150 4.965517 -2.521840
vertex 12.680534 4.137931 -1.788013
vertex 12.005250 4.137931 -1.116264
endloop
endfacet
facet normal -0.256712 -0.836584 -0.483969
outer loop
vertex 11.069932 4.965517 -2.050702
vertex 11.958150 4.965517 -2.521840
vertex 12.005250 4.137931 -1.116264
endloop
endfacet
facet normal -0.184932 -0.789207 -0.585621
outer loop
vertex 12.862690 4.965517 -2.960824
vertex 13.588822 4.137931 -2.074839
vertex 12.680534 4.137931 -1.788013
endloop
endfacet
facet normal -0.282441 -0.762581 -0.581977
outer loop
vertex 11.958150 4.965517 -2.521840
vertex 12.862690 4.965517 -2.960824
vertex 12.680534 4.137931 -1.788013
endloop
endfacet
facet normal -0.393609 -0.668801 -0.630696
outer loop
vertex 13.855618 4.965517 -3.118930
vertex 14.396872 4.137931 -2.579132
vertex 13.588822 4.137931 -2.074839
endloop
endfacet
facet normal -0.100907 -0.766963 -0.633708
outer loop
vertex 12.862690 4.965517 -2.960824
vertex 13.855618 4.965517 -3.118930
vertex 13.588822 4.137931 -2.074839
endloop
endfacet
facet normal -0.612099 -0.430959 -0.663031
outer loop
vertex 14.792942 4.965517 -3.482694
vertex 15.096736 4.137931 -3.225234
vertex 14.396872 4.137931 -2.579132
endloop
endfacet
facet normal -0.276390 -0.645291 -0.712185
outer loop
vertex 13.855618 4.965517 -3.118930
vertex 14.792942 4.965517 -3.482694
vertex 14.396872 4.137931 -2.579132
endloop
endfacet
facet normal 0.083479 -0.246399 -0.965567
outer loop
vertex 15.792728 4.965517 -3.376249
vertex 16.045696 4.137931 -3.143190
vertex 15.096736 4.137931 -3.225234
endloop
endfacet
facet normal 0.102197 -0.261104 -0.959886
outer loop
vertex 14.792942 4.965517 -3.482694
vertex 15.792728 4.965517 -3.376249
vertex 15.096736 4.137931 -3.225234
endloop
endfacet
facet normal 0.765261 -0.094438 -0.636756
outer loop
vertex 16.526155 4.965517 -2.688509
vertex 16.654928 4.137931 -2.411007
vertex 16.045696 4.137931 -3.143190
endloop
endfacet
facet normal 0.684017 0.003659 -0.729457
outer loop
vertex 15.792728 4.965517 -3.376249
vertex 16.526155 4.965517 -2.688509
vertex 16.045696 4.137931 -3.143190
endloop
endfacet
facet normal 0.871569 -0.117356 -0.476019
outer loop
vertex 17.074926 4.965517 -1.846041
vertex 17.111491 4.137931 -1.575061
vertex 16.654928 4.137931 -2.411007
endloop
endfacet
facet normal 0.836755 -0.052563 -0.545049
outer loop
vertex 16.526155 4.965517 -2.688509
vertex 17.074926 4.965517 -1.846041
vertex 16.654928 4.137931 -2.411007
endloop
endfacet
facet normal 0.897493 -0.102629 -0.428921
outer loop
vertex 17.509848 4.965517 -0.939539
vertex 17.522207 4.137931 -0.715661
vertex 17.111491 4.137931 -1.575061
endloop
endfacet
facet normal 0.896964 -0.101279 -0.430346
outer loop
vertex 17.074926 4.965517 -1.846041
vertex 17.509848 4.965517 -0.939539
vertex 17.111491 4.137931 -1.575061
endloop
endfacet
facet normal -0.877140 -0.071974 -0.474811
outer loop
vertex 2.377637 5.793103 -1.633117
vertex 2.346412 4.965517 -1.449983
vertex 1.867779 4.965517 -0.565781
endloop
endfacet
facet normal -0.899889 -0.007963 -0.436045
outer loop
vertex 1.916211 5.793103 -0.680848
vertex 2.377637 5.793103 -1.633117
vertex 1.867779 4.965517 -0.565781
endloop
endfacet
facet normal -0.398809 -0.555091 -0.729949
outer loop
vertex 3.040062 5.793103 -2.458298
vertex 3.228747 4.965517 -1.932048
vertex 2.346412 4.965517 -1.449983
endloop
endfacet
facet normal -0.775217 -0.108461 -0.622315
outer loop
vertex 2.377637 5.793103 -1.633117
vertex 3.040062 5.793103 -2.458298
vertex 2.346412 4.965517 -1.449983
endloop
endfacet
facet normal 0.319739 -0.790686 -0.522095
outer loop
vertex 4.077764 5.793103 -2.665433
vertex 4.086170 4.965517 -1.406950
vertex 3.228747 4.965517 -1.932048
endloop
endfacet
facet normal -0.162756 -0.555590 -0.815371
outer loop
vertex 3.040062 5.793103 -2.458298
vertex 4.077764 5.793103 -2.665433
vertex 3.228747 4.965517 -1.932048
endloop
endfacet
facet normal 0.390492 -0.812937 -0.432029
outer loop
vertex 4.996871 5.793103 -2.141055
vertex 4.832073 4.965517 -0.732761
vertex 4.086170 4.965517 -1.406950
endloop
endfacet
facet normal 0.299850 -0.796162 -0.525563
outer loop
vertex 4.077764 5.793103 -2.665433
vertex 4.996871 5.793103 -2.141055
vertex 4.086170 4.965517 -1.406950
endloop
endfacet
facet normal 0.338590 -0.780146 -0.526051
outer loop
vertex 5.732577 5.793103 -1.380485
vertex 5.677521 4.965517 -0.188592
vertex 4.832073 4.965517 -0.732761
endloop
endfacet
facet normal 0.432726 -0.798461 -0.418579
outer loop
vertex 4.996871 5.793103 -2.141055
vertex 5.732577 5.793103 -1.380485
vertex 4.832073 4.965517 -0.732761
endloop
endfacet
facet normal 0.486076 -0.728201 -0.483171
outer loop
vertex 5.732577 5.793103 -1.380485
vertex 6.478572 5.793103 -0.630004
vertex 5.677521 4.965517 -0.188592
endloop
endfacet
facet normal -0.192140 -0.572353 -0.797179
outer loop
vertex 8.255682 5.793103 -0.779149
vertex 8.655154 4.965517 -0.281247
vertex 7.677708 4.965517 -0.045658
endloop
endfacet
facet normal -0.584495 -0.269967 -0.765169
outer loop
vertex 7.414778 5.793103 -0.136802
vertex 8.255682 5.793103 -0.779149
vertex 7.677708 4.965517 -0.045658
endloop
endfacet
facet normal -0.509273 -0.700632 -0.499756
outer loop
vertex 8.858575 5.793103 -1.648776
vertex 9.359367 4.965517 -0.998872
vertex 8.655154 4.965517 -0.281247
endloop
endfacet
facet normal -0.660782 -0.594565 -0.458104
outer loop
vertex 8.255682 5.793103 -0.779149
vertex 8.858575 5.793103 -1.648776
vertex 8.655154 4.965517 -0.281247
endloop
endfacet
facet normal -0.315093 -0.831998 -0.456613
outer loop
vertex 9.417771 5.793103 -2.547124
vertex 10.186896 4.965517 -1.569921
vertex 9.359367 4.965517 -0.998872
endloop
endfacet
facet normal -0.622066 -0.680511 -0.387219
outer loop
vertex 8.858575 5.793103 -1.648776
vertex 9.417771 5.793103 -2.547124
vertex 9.359367 4.965517 -0.998872
endloop
endfacet
facet normal -0.272492 -0.821748 -0.500477
outer loop
vertex 10.362274 5.793103 -3.024246
vertex 11.069932 4.965517 -2.050702
vertex 10.186896 4.965517 -1.569921
endloop
endfacet
facet normal -0.253258 -0.827352 -0.501347
outer loop
vertex 9.417771 5.793103 -2.547124
vertex 10.362274 5.793103 -3.024246
vertex 10.186896 4.965517 -1.569921
endloop
endfacet
facet normal -0.317318 -0.735821 -0.598228
outer loop
vertex 11.397696 5.793103 -3.242491
vertex 11.958150 4.965517 -2.521840
vertex 11.069932 4.965517 -2.050702
endloop
endfacet
facet normal -0.124100 -0.798720 -0.588766
outer loop
vertex 10.362274 5.793103 -3.024246
vertex 11.397696 5.793103 -3.242491
vertex 11.069932 4.965517 -2.050702
endloop
endfacet
facet normal -0.326252 -0.664558 -0.672252
outer loop
vertex 12.407699 5.793103 -3.558126
vertex 12.862690 4.965517 -2.960824
vertex 11.958150 4.965517 -2.521840
endloop
endfacet
facet normal -0.207451 -0.718540 -0.663825
outer loop
vertex 11.397696 5.793103 -3.242491
vertex 12.407699 5.793103 -3.558126
vertex 11.958150 4.965517 -2.521840
endloop
endfacet
facet normal -0.112781 -0.696863 -0.708281
outer loop
vertex 13.420722 5.793103 -3.863926
vertex 13.855618 4.965517 -3.118930
vertex 12.862690 4.965517 -2.960824
endloop
endfacet
facet normal -0.220211 -0.647571 -0.729492
outer loop
vertex 12.407699 5.793103 -3.558126
vertex 13.420722 5.793103 -3.863926
vertex 12.862690 4.965517 -2.960824
endloop
endfacet
facet normal -0.288463 -0.603573 -0.743296
outer loop
vertex 14.466117 5.793103 -4.027876
vertex 14.792942 4.965517 -3.482694
vertex 13.855618 4.965517 -3.118930
endloop
endfacet
facet normal -0.111170 -0.696536 -0.708857
outer loop
vertex 13.420722 5.793103 -3.863926
vertex 14.466117 5.793103 -4.027876
vertex 13.855618 4.965517 -3.118930
endloop
endfacet
facet normal 0.086610 -0.575096 -0.813488
outer loop
vertex 15.523611 5.793103 -3.989964
vertex 15.792728 4.965517 -3.376249
vertex 14.792942 4.965517 -3.482694
endloop
endfacet
facet normal 0.030119 -0.541550 -0.840129
outer loop
vertex 14.466117 5.793103 -4.027876
vertex 15.523611 5.793103 -3.989964
vertex 14.792942 4.965517 -3.482694
endloop
endfacet
facet normal 0.637995 -0.360623 -0.680377
outer loop
vertex 16.332975 5.793103 -3.308304
vertex 16.526155 4.965517 -2.688509
vertex 15.792728 4.965517 -3.376249
endloop
endfacet
facet normal 0.606544 -0.336825 -0.720176
outer loop
vertex 15.523611 5.793103 -3.989964
vertex 16.332975 5.793103 -3.308304
vertex 15.792728 4.965517 -3.376249
endloop
endfacet
facet normal 0.781572 -0.360496 -0.509105
outer loop
vertex 17.025381 5.793103 -2.508114
vertex 17.074926 4.965517 -1.846041
vertex 16.526155 4.965517 -2.688509
endloop
endfacet
facet normal 0.721565 -0.299172 -0.624371
outer loop
vertex 16.332975 5.793103 -3.308304
vertex 17.025381 5.793103 -2.508114
vertex 16.526155 4.965517 -2.688509
endloop
endfacet
facet normal 0.825081 -0.403159 -0.395858
outer loop
vertex 17.590797 5.793103 -1.613667
vertex 17.509848 4.965517 -0.939539
vertex 17.074926 4.965517 -1.846041
endloop
endfacet
facet normal 0.790969 -0.352653 -0.500004
outer loop
vertex 17.025381 5.793103 -2.508114
vertex 17.590797 5.793103 -1.613667
vertex 17.074926 4.965517 -1.846041
endloop
endfacet
facet normal 0.651649 -0.516349 -0.555641
outer loop
vertex 17.590797 5.793103 -1.613667
vertex 18.277368 5.793103 -0.808465
vertex 17.509848 4.965517 -0.939539
endloop
endfacet
facet normal -0.861705 0.288309 -0.417543
outer loop
vertex 2.538035 6.620690 -1.392699
vertex 2.377637 5.793103 -1.633117
vertex 1.916211 5.793103 -0.680848
endloop
endfacet
facet normal -0.839038 0.192817 -0.508760
outer loop
vertex 1.991555 6.620690 -0.491454
vertex 2.538035 6.620690 -1.392699
vertex 1.916211 5.793103 -0.680848
endloop
endfacet
facet normal -0.757395 0.238074 -0.608008
outer loop
vertex 3.139552 6.620690 -2.258180
vertex 3.040062 5.793103 -2.458298
vertex 2.377637 5.793103 -1.633117
endloop
endfacet
facet normal -0.780957 0.309038 -0.542772
outer loop
vertex 2.538035 6.620690 -1.392699
vertex 3.139552 6.620690 -2.258180
vertex 2.377637 5.793103 -1.633117
endloop
endfacet
facet normal -0.182253 -0.364867 -0.913048
outer loop
vertex 3.921449 6.620690 -2.964946
vertex 4.077764 5.793103 -2.665433
vertex 3.040062 5.793103 -2.458298
endloop
endfacet
facet normal -0.648990 0.251634 -0.717978
outer loop
vertex 3.139552 6.620690 -2.258180
vertex 3.921449 6.620690 -2.964946
vertex 3.040062 5.793103 -2.458298
endloop
endfacet
facet normal 0.383134 -0.634226 -0.671540
outer loop
vertex 4.975010 6.620690 -2.935128
vertex 4.996871 5.793103 -2.141055
vertex 4.077764 5.793103 -2.665433
endloop
endfacet
facet normal 0.026649 -0.335735 -0.941579
outer loop
vertex 3.921449 6.620690 -2.964946
vertex 4.975010 6.620690 -2.935128
vertex 4.077764 5.793103 -2.665433
endloop
endfacet
facet normal 0.502551 -0.714933 -0.486122
outer loop
vertex 5.898124 6.620690 -2.426462
vertex 5.732577 5.793103 -1.380485
vertex 4.996871 5.793103 -2.141055
endloop
endfacet
facet normal 0.371796 -0.637583 -0.674727
outer loop
vertex 4.975010 6.620690 -2.935128
vertex 5.898124 6.620690 -2.426462
vertex 4.996871 5.793103 -2.141055
endloop
endfacet
facet normal 0.440089 -0.784189 -0.437458
outer loop
vertex 6.764359 6.620690 -1.826031
vertex 6.478572 5.793103 -0.630004
vertex 5.732577 5.793103 -1.380485
endloop
endfacet
facet normal 0.373310 -0.755369 -0.538570
outer loop
vertex 5.898124 6.620690 -2.426462
vertex 6.764359 6.620690 -1.826031
vertex 5.732577 5.793103 -1.380485
endloop
endfacet
facet normal 0.330198 -0.705767 -0.626788
outer loop
vertex 7.467515 6.620690 -1.040886
vertex 7.414778 5.793103 -0.136802
vertex 6.478572 5.793103 -0.630004
endloop
endfacet
facet normal 0.471909 -0.773748 -0.422630
outer loop
vertex 6.764359 6.620690 -1.826031
vertex 7.467515 6.620690 -1.040886
vertex 6.478572 5.793103 -0.630004
endloop
endfacet
facet normal -0.464398 -0.643997 -0.607949
outer loop
vertex 8.298848 6.620690 -1.688780
vertex 8.255682 5.793103 -0.779149
vertex 7.414778 5.793103 -0.136802
endloop
endfacet
facet normal -0.474756 -0.635228 -0.609173
outer loop
vertex 7.467515 6.620690 -1.040886
vertex 8.298848 6.620690 -1.688780
vertex 7.414778 5.793103 -0.136802
endloop
endfacet
facet normal -0.742228 -0.429320 -0.514570
outer loop
vertex 8.970650 6.620690 -2.500915
vertex 8.858575 5.793103 -1.648776
vertex 8.255682 5.793103 -0.779149
endloop
endfacet
facet normal -0.642982 -0.551071 -0.531879
outer loop
vertex 8.298848 6.620690 -1.688780
vertex 8.970650 6.620690 -2.500915
vertex 8.255682 5.793103 -0.779149
endloop
endfacet
facet normal -0.834034 -0.186703 -0.519163
outer loop
vertex 9.685729 6.620690 -3.275217
vertex 9.417771 5.793103 -2.547124
vertex 8.858575 5.793103 -1.648776
endloop
endfacet
facet normal -0.630204 -0.513923 -0.582002
outer loop
vertex 8.970650 6.620690 -2.500915
vertex 9.685729 6.620690 -3.275217
vertex 8.858575 5.793103 -1.648776
endloop
endfacet
facet normal -0.354317 -0.618464 -0.701400
outer loop
vertex 10.565004 6.620690 -3.856385
vertex 10.362274 5.793103 -3.024246
vertex 9.417771 5.793103 -2.547124
endloop
endfacet
facet normal -0.482041 -0.485547 -0.729301
outer loop
vertex 9.685729 6.620690 -3.275217
vertex 10.565004 6.620690 -3.856385
vertex 9.417771 5.793103 -2.547124
endloop
endfacet
facet normal -0.145411 -0.709179 -0.689870
outer loop
vertex 11.582273 6.620690 -4.132146
vertex 11.397696 5.793103 -3.242491
vertex 10.362274 5.793103 -3.024246
endloop
endfacet
facet normal -0.193857 -0.671574 -0.715128
outer loop
vertex 10.565004 6.620690 -3.856385
vertex 11.582273 6.620690 -4.132146
vertex 10.362274 5.793103 -3.024246
endloop
endfacet
facet normal -0.210730 -0.707736 -0.674317
outer loop
vertex 12.577295 6.620690 -4.479728
vertex 12.407699 5.793103 -3.558126
vertex 11.397696 5.793103 -3.242491
endloop
endfacet
facet normal -0.240129 -0.685417 -0.687417
outer loop
vertex 11.582273 6.620690 -4.132146
vertex 12.577295 6.620690 -4.479728
vertex 11.397696 5.793103 -3.242491
endloop
endfacet
facet normal -0.221582 -0.641947 -0.734034
outer loop
vertex 13.617887 6.620690 -4.647207
vertex 13.420722 5.793103 -3.863926
vertex 12.407699 5.793103 -3.558126
endloop
endfacet
facet normal -0.108667 -0.729608 -0.675176
outer loop
vertex 12.577295 6.620690 -4.479728
vertex 13.617887 6.620690 -4.647207
vertex 12.407699 5.793103 -3.558126
endloop
endfacet
facet normal -0.124275 -0.597184 -0.792419
outer loop
vertex 14.671237 6.620690 -4.683732
vertex 14.466117 5.793103 -4.027876
vertex 13.420722 5.793103 -3.863926
endloop
endfacet
facet normal -0.025280 -0.683995 -0.729048
outer loop
vertex 13.617887 6.620690 -4.647207
vertex 14.671237 6.620690 -4.683732
vertex 13.420722 5.793103 -3.863926
endloop
endfacet
facet normal 0.034165 -0.301109 -0.952978
outer loop
vertex 15.630758 6.620690 -4.247612
vertex 15.523611 5.793103 -3.989964
vertex 14.466117 5.793103 -4.027876
endloop
endfacet
facet normal 0.319334 -0.635934 -0.702576
outer loop
vertex 14.671237 6.620690 -4.683732
vertex 15.630758 6.620690 -4.247612
vertex 14.466117 5.793103 -4.027876
endloop
endfacet
facet normal 0.602277 -0.354799 -0.715109
outer loop
vertex 16.466983 6.620690 -3.606045
vertex 16.332975 5.793103 -3.308304
vertex 15.523611 5.793103 -3.989964
endloop
endfacet
facet normal 0.578763 -0.309784 -0.754366
outer loop
vertex 15.630758 6.620690 -4.247612
vertex 16.466983 6.620690 -3.606045
vertex 15.523611 5.793103 -3.989964
endloop
endfacet
facet normal 0.630403 -0.552299 -0.545488
outer loop
vertex 17.327281 6.620690 -2.997137
vertex 17.025381 5.793103 -2.508114
vertex 16.332975 5.793103 -3.308304
endloop
endfacet
facet normal 0.538744 -0.361082 -0.761167
outer loop
vertex 16.466983 6.620690 -3.606045
vertex 17.327281 6.620690 -2.997137
vertex 16.332975 5.793103 -3.308304
endloop
endfacet
facet normal 0.577238 -0.730512 -0.364896
outer loop
vertex 18.166591 6.620690 -2.359612
vertex 17.590797 5.793103 -1.613667
vertex 17.025381 5.793103 -2.508114
endloop
endfacet
facet normal 0.497578 -0.568596 -0.655068
outer loop
vertex 17.327281 6.620690 -2.997137
vertex 18.166591 6.620690 -2.359612
vertex 17.025381 5.793103 -2.508114
endloop
endfacet
facet normal 0.537998 -0.707193 -0.458734
outer loop
vertex 18.775910 6.620690 -1.499604
vertex 18.277368 5.793103 -0.808465
vertex 17.590797 5.793103 -1.613667
endloop
endfacet
facet normal 0.551948 -0.736497 -0.391057
outer loop
vertex 18.166591 6.620690 -2.359612
vertex 18.775910 6.620690 -1.499604
vertex 17.590797 5.793103 -1.613667
endloop
endfacet
facet normal 0.669880 -0.670265 -0.319384
outer loop
vertex 18.775910 6.620690 -1.499604
vertex 19.229508 6.620690 -0.548222
vertex 18.277368 5.793103 -0.808465
endloop
endfacet
facet normal -0.751546 0.476979 -0.455708
outer loop
vertex 2.759716 7.448276 -0.892077
vertex 2.538035 6.620690 -1.392699
vertex 1.991555 6.620690 -0.491454
endloop
endfacet
facet normal -0.751736 0.402398 -0.522464
outer loop
vertex 3.252601 7.448276 -1.783436
vertex 3.139552 6.620690 -2.258180
vertex 2.538035 6.620690 -1.392699
endloop
endfacet
facet normal -0.774148 0.466315 -0.428072
outer loop
vertex 2.759716 7.448276 -0.892077
vertex 3.252601 7.448276 -1.783436
vertex 2.538035 6.620690 -1.392699
endloop
endfacet
facet normal -0.634147 0.325077 -0.701557
outer loop
vertex 3.904442 7.448276 -2.566099
vertex 3.921449 6.620690 -2.964946
vertex 3.139552 6.620690 -2.258180
endloop
endfacet
facet normal -0.694866 0.426901 -0.578720
outer loop
vertex 3.252601 7.448276 -1.783436
vertex 3.904442 7.448276 -2.566099
vertex 3.139552 6.620690 -2.258180
endloop
endfacet
facet normal 0.026837 -0.316481 -0.948219
outer loop
vertex 4.685777 7.448276 -3.219532
vertex 4.975010 6.620690 -2.935128
vertex 3.921449 6.620690 -2.964946
endloop
endfacet
facet normal -0.604274 0.335810 -0.722554
outer loop
vertex 3.904442 7.448276 -2.566099
vertex 4.685777 7.448276 -3.219532
vertex 3.921449 6.620690 -2.964946
endloop
endfacet
facet normal 0.383628 -0.606743 -0.696199
outer loop
vertex 5.703722 7.448276 -3.254833
vertex 5.898124 6.620690 -2.426462
vertex 4.975010 6.620690 -2.935128
endloop
endfacet
facet normal -0.032655 -0.335014 -0.941647
outer loop
vertex 4.685777 7.448276 -3.219532
vertex 5.703722 7.448276 -3.254833
vertex 4.975010 6.620690 -2.935128
endloop
endfacet
facet normal 0.435155 -0.645380 -0.627793
outer loop
vertex 6.607661 7.448276 -2.785416
vertex 6.764359 6.620690 -1.826031
vertex 5.898124 6.620690 -2.426462
endloop
endfacet
facet normal 0.363383 -0.615058 -0.699755
outer loop
vertex 5.703722 7.448276 -3.254833
vertex 6.607661 7.448276 -2.785416
vertex 5.898124 6.620690 -2.426462
endloop
endfacet
facet normal 0.470478 -0.775317 -0.421348
outer loop
vertex 7.569392 7.448276 -2.449959
vertex 7.467515 6.620690 -1.040886
vertex 6.764359 6.620690 -1.826031
endloop
endfacet
facet normal 0.229161 -0.718228 -0.656988
outer loop
vertex 6.607661 7.448276 -2.785416
vertex 7.569392 7.448276 -2.449959
vertex 6.764359 6.620690 -1.826031
endloop
endfacet
facet normal -0.478346 -0.628060 -0.613780
outer loop
vertex 8.548616 7.448276 -2.730277
vertex 8.298848 6.620690 -1.688780
vertex 7.467515 6.620690 -1.040886
endloop
endfacet
facet normal -0.145665 -0.848444 -0.508846
outer loop
vertex 7.569392 7.448276 -2.449959
vertex 8.548616 7.448276 -2.730277
vertex 7.467515 6.620690 -1.040886
endloop
endfacet
facet normal -0.738797 -0.284062 -0.611137
outer loop
vertex 9.355923 7.448276 -3.351336
vertex 8.970650 6.620690 -2.500915
vertex 8.298848 6.620690 -1.688780
endloop
endfacet
facet normal -0.473012 -0.631033 -0.614863
outer loop
vertex 8.548616 7.448276 -2.730277
vertex 9.355923 7.448276 -3.351336
vertex 8.298848 6.620690 -1.688780
endloop
endfacet
facet normal -0.702116 -0.294266 -0.648414
outer loop
vertex 10.075196 7.448276 -4.072518
vertex 9.685729 6.620690 -3.275217
vertex 8.970650 6.620690 -2.500915
endloop
endfacet
facet normal -0.658298 -0.368209 -0.656556
outer loop
vertex 9.355923 7.448276 -3.351336
vertex 10.075196 7.448276 -4.072518
vertex 8.970650 6.620690 -2.500915
endloop
endfacet
facet normal -0.528532 -0.285008 -0.799640
outer loop
vertex 11.020305 7.448276 -4.452291
vertex 10.565004 6.620690 -3.856385
vertex 9.685729 6.620690 -3.275217
endloop
endfacet
facet normal -0.302803 -0.583485 -0.753562
outer loop
vertex 10.075196 7.448276 -4.072518
vertex 11.020305 7.448276 -4.452291
vertex 9.685729 6.620690 -3.275217
endloop
endfacet
facet normal -0.235260 -0.437571 -0.867862
outer loop
vertex 12.015979 7.448276 -4.666979
vertex 11.582273 6.620690 -4.132146
vertex 10.565004 6.620690 -3.856385
endloop
endfacet
facet normal -0.181702 -0.506815 -0.842688
outer loop
vertex 11.020305 7.448276 -4.452291
vertex 12.015979 7.448276 -4.666979
vertex 10.565004 6.620690 -3.856385
endloop
endfacet
facet normal -0.322679 -0.206388 -0.923733
outer loop
vertex 13.022930 7.448276 -4.820303
vertex 12.577295 6.620690 -4.479728
vertex 11.582273 6.620690 -4.132146
endloop
endfacet
facet normal -0.131339 -0.488607 -0.862562
outer loop
vertex 12.015979 7.448276 -4.666979
vertex 13.022930 7.448276 -4.820303
vertex 11.582273 6.620690 -4.132146
endloop
endfacet
facet normal -0.153721 0.253258 -0.955108
outer loop
vertex 13.985378 7.448276 -4.486909
vertex 13.617887 6.620690 -4.647207
vertex 12.577295 6.620690 -4.479728
endloop
endfacet
facet normal 0.284965 -0.491988 -0.822643
outer loop
vertex 13.022930 7.448276 -4.820303
vertex 13.985378 7.448276 -4.486909
vertex 12.577295 6.620690 -4.479728
endloop
endfacet
facet normal -0.031741 0.401337 -0.915380
outer loop
vertex 14.992088 7.448276 -4.332012
vertex 14.671237 6.620690 -4.683732
vertex 13.617887 6.620690 -4.647207
endloop
endfacet
facet normal 0.150921 0.122970 -0.980868
outer loop
vertex 13.985378 7.448276 -4.486909
vertex 14.992088 7.448276 -4.332012
vertex 13.617887 6.620690 -4.647207
endloop
endfacet
facet normal 0.406230 -0.190189 -0.893759
outer loop
vertex 16.007535 7.448276 -4.252468
vertex 15.630758 6.620690 -4.247612
vertex 14.671237 6.620690 -4.683732
endloop
endfacet
facet normal 0.072673 0.366106 -0.927731
outer loop
vertex 14.992088 7.448276 -4.332012
vertex 16.007535 7.448276 -4.252468
vertex 14.671237 6.620690 -4.683732
endloop
endfacet
facet normal 0.506205 -0.555364 -0.659793
outer loop
vertex 16.969341 7.448276 -3.917227
vertex 16.466983 6.620690 -3.606045
vertex 15.630758 6.620690 -4.247612
endloop
endfacet
facet normal 0.325231 -0.153543 -0.933086
outer loop
vertex 16.007535 7.448276 -4.252468
vertex 16.969341 7.448276 -3.917227
vertex 15.630758 6.620690 -4.247612
endloop
endfacet
facet normal 0.476595 -0.565195 -0.673359
outer loop
vertex 17.813673 7.448276 -3.347524
vertex 17.327281 6.620690 -2.997137
vertex 16.466983 6.620690 -3.606045
endloop
endfacet
facet normal 0.468701 -0.545702 -0.694642
outer loop
vertex 16.969341 7.448276 -3.917227
vertex 17.813673 7.448276 -3.347524
vertex 16.466983 6.620690 -3.606045
endloop
endfacet
facet normal 0.526818 -0.491358 -0.693563
outer loop
vertex 18.556021 7.448276 -2.650115
vertex 18.166591 6.620690 -2.359612
vertex 17.327281 6.620690 -2.997137
endloop
endfacet
facet normal 0.558034 -0.579457 -0.593993
outer loop
vertex 17.813673 7.448276 -3.347524
vertex 18.556021 7.448276 -2.650115
vertex 17.327281 6.620690 -2.997137
endloop
endfacet
facet normal 0.718425 -0.474107 -0.509007
outer loop
vertex 19.111708 7.448276 -1.796494
vertex 18.775910 6.620690 -1.499604
vertex 18.166591 6.620690 -2.359612
endloop
endfacet
facet normal 0.723107 -0.505502 -0.470726
outer loop
vertex 18.556021 7.448276 -2.650115
vertex 19.111708 7.448276 -1.796494
vertex 18.166591 6.620690 -2.359612
endloop
endfacet
facet normal 0.747729 -0.560186 -0.356501
outer loop
vertex 19.662784 7.448276 -0.939888
vertex 19.229508 6.620690 -0.548222
vertex 18.775910 6.620690 -1.499604
endloop
endfacet
facet normal 0.741442 -0.471960 -0.476988
outer loop
vertex 19.111708 7.448276 -1.796494
vertex 19.662784 7.448276 -0.939888
vertex 18.775910 6.620690 -1.499604
endloop
endfacet
facet normal 0.692592 -0.571124 -0.440607
outer loop
vertex 19.662784 7.448276 -0.939888
vertex 20.209505 7.448276 -0.080496
vertex 19.229508 6.620690 -0.548222
endloop
endfacet
facet normal -0.805353 0.391266 -0.445328
outer loop
vertex 3.438367 8.275862 -1.392265
vertex 3.252601 7.448276 -1.783436
vertex 2.759716 7.448276 -0.892077
endloop
endfacet
facet normal -0.790252 0.339852 -0.509905
outer loop
vertex 2.888621 8.275862 -0.540267
vertex 3.438367 8.275862 -1.392265
vertex 2.759716 7.448276 -0.892077
endloop
endfacet
facet normal -0.729971 0.312301 -0.607956
outer loop
vertex 3.989641 8.275862 -2.243275
vertex 3.904442 7.448276 -2.566099
vertex 3.252601 7.448276 -1.783436
endloop
endfacet
facet normal -0.766689 0.406847 -0.496652
outer loop
vertex 3.438367 8.275862 -1.392265
vertex 3.989641 8.275862 -2.243275
vertex 3.252601 7.448276 -1.783436
endloop
endfacet
facet normal -0.633192 0.160686 -0.757132
outer loop
vertex 4.649261 8.275862 -3.013355
vertex 4.685777 7.448276 -3.219532
vertex 3.904442 7.448276 -2.566099
endloop
endfacet
facet normal -0.720801 0.315044 -0.617409
outer loop
vertex 3.989641 8.275862 -2.243275
vertex 4.649261 8.275862 -3.013355
vertex 3.904442 7.448276 -2.566099
endloop
endfacet
facet normal -0.032495 -0.347716 -0.937037
outer loop
vertex 5.506374 8.275862 -3.555090
vertex 5.703722 7.448276 -3.254833
vertex 4.685777 7.448276 -3.219532
endloop
endfacet
facet normal -0.525170 0.183832 -0.830904
outer loop
vertex 4.649261 8.275862 -3.013355
vertex 5.506374 8.275862 -3.555090
vertex 4.685777 7.448276 -3.219532
endloop
endfacet
facet normal 0.363553 -0.614587 -0.700080
outer loop
vertex 6.520335 8.275862 -3.557286
vertex 6.607661 7.448276 -2.785416
vertex 5.703722 7.448276 -3.254833
endloop
endfacet
facet normal -0.002036 -0.341486 -0.939885
outer loop
vertex 5.506374 8.275862 -3.555090
vertex 6.520335 8.275862 -3.557286
vertex 5.703722 7.448276 -3.254833
endloop
endfacet
facet normal 0.249783 -0.651763 -0.716110
outer loop
vertex 7.481343 8.275862 -3.233893
vertex 7.569392 7.448276 -2.449959
vertex 6.607661 7.448276 -2.785416
endloop
endfacet
facet normal 0.242976 -0.647787 -0.722035
outer loop
vertex 6.520335 8.275862 -3.557286
vertex 7.481343 8.275862 -3.233893
vertex 6.607661 7.448276 -2.785416
endloop
endfacet
facet normal -0.247792 -0.435126 -0.865601
outer loop
vertex 8.489917 8.275862 -3.129490
vertex 8.548616 7.448276 -2.730277
vertex 7.569392 7.448276 -2.449959
endloop
endfacet
facet normal 0.075351 -0.681509 -0.727921
outer loop
vertex 7.481343 8.275862 -3.233893
vertex 8.489917 8.275862 -3.129490
vertex 7.569392 7.448276 -2.449959
endloop
endfacet
facet normal -0.608542 0.062755 -0.791036
outer loop
vertex 9.473437 8.275862 -3.376085
vertex 9.355923 7.448276 -3.351336
vertex 8.548616 7.448276 -2.730277
endloop
endfacet
facet normal -0.218808 -0.436492 -0.872696
outer loop
vertex 8.489917 8.275862 -3.129490
vertex 9.473437 8.275862 -3.376085
vertex 8.548616 7.448276 -2.730277
endloop
endfacet
facet normal -0.660021 0.362006 -0.658274
outer loop
vertex 10.347351 8.275862 -3.890279
vertex 10.075196 7.448276 -4.072518
vertex 9.355923 7.448276 -3.351336
endloop
endfacet
facet normal -0.506572 0.046185 -0.860960
outer loop
vertex 9.473437 8.275862 -3.376085
vertex 10.347351 8.275862 -3.890279
vertex 9.355923 7.448276 -3.351336
endloop
endfacet
facet normal -0.371529 0.084198 -0.924595
outer loop
vertex 11.194784 8.275862 -4.447037
vertex 11.020305 7.448276 -4.452291
vertex 10.075196 7.448276 -4.072518
endloop
endfacet
facet normal -0.515870 0.342551 -0.785198
outer loop
vertex 10.347351 8.275862 -3.890279
vertex 11.194784 8.275862 -4.447037
vertex 10.075196 7.448276 -4.072518
endloop
endfacet
facet normal -0.210774 0.005697 -0.977518
outer loop
vertex 12.177460 8.275862 -4.696974
vertex 12.015979 7.448276 -4.666979
vertex 11.020305 7.448276 -4.452291
endloop
endfacet
facet normal -0.246080 0.058023 -0.967511
outer loop
vertex 11.194784 8.275862 -4.447037
vertex 12.177460 8.275862 -4.696974
vertex 11.020305 7.448276 -4.452291
endloop
endfacet
facet normal -0.140257 0.363099 -0.921133
outer loop
vertex 13.175375 8.275862 -4.517291
vertex 13.022930 7.448276 -4.820303
vertex 12.015979 7.448276 -4.666979
endloop
endfacet
facet normal 0.176773 -0.070075 -0.981754
outer loop
vertex 12.177460 8.275862 -4.696974
vertex 13.175375 8.275862 -4.517291
vertex 12.015979 7.448276 -4.666979
endloop
endfacet
facet normal 0.283491 0.499876 -0.818387
outer loop
vertex 14.027015 8.275862 -3.966991
vertex 13.985378 7.448276 -4.486909
vertex 13.022930 7.448276 -4.820303
endloop
endfacet
facet normal 0.531397 0.203222 -0.822386
outer loop
vertex 13.175375 8.275862 -4.517291
vertex 14.027015 8.275862 -3.966991
vertex 13.022930 7.448276 -4.820303
endloop
endfacet
facet normal 0.117959 0.631144 -0.766644
outer loop
vertex 14.990466 8.275862 -3.650947
vertex 14.992088 7.448276 -4.332012
vertex 13.985378 7.448276 -4.486909
endloop
endfacet
facet normal 0.269476 0.502530 -0.821490
outer loop
vertex 14.027015 8.275862 -3.966991
vertex 14.990466 8.275862 -3.650947
vertex 13.985378 7.448276 -4.486909
endloop
endfacet
facet normal 0.067852 0.495106 -0.866179
outer loop
vertex 15.996142 8.275862 -3.780314
vertex 16.007535 7.448276 -4.252468
vertex 14.992088 7.448276 -4.332012
endloop
endfacet
facet normal -0.098853 0.632215 -0.768461
outer loop
vertex 14.990466 8.275862 -3.650947
vertex 15.996142 8.275862 -3.780314
vertex 14.992088 7.448276 -4.332012
endloop
endfacet
facet normal 0.320602 -0.226212 -0.919806
outer loop
vertex 16.948641 8.275862 -4.127973
vertex 16.969341 7.448276 -3.917227
vertex 16.007535 7.448276 -4.252468
endloop
endfacet
facet normal -0.302799 0.469131 -0.829595
outer loop
vertex 15.996142 8.275862 -3.780314
vertex 16.948641 8.275862 -4.127973
vertex 16.007535 7.448276 -4.252468
endloop
endfacet
facet normal 0.509528 -0.412468 -0.755150
outer loop
vertex 17.889009 8.275862 -3.748725
vertex 17.813673 7.448276 -3.347524
vertex 16.969341 7.448276 -3.917227
endloop
endfacet
facet normal 0.364761 -0.221196 -0.904446
outer loop
vertex 16.948641 8.275862 -4.127973
vertex 17.889009 8.275862 -3.748725
vertex 16.969341 7.448276 -3.917227
endloop
endfacet
facet normal 0.622325 -0.417019 -0.662425
outer loop
vertex 18.652010 8.275862 -3.080930
vertex 18.556021 7.448276 -2.650115
vertex 17.813673 7.448276 -3.347524
endloop
endfacet
facet normal 0.606183 -0.390946 -0.692606
outer loop
vertex 17.889009 8.275862 -3.748725
vertex 18.652010 8.275862 -3.080930
vertex 17.813673 7.448276 -3.347524
endloop
endfacet
facet normal 0.714931 -0.521799 -0.465403
outer loop
vertex 19.355161 8.275862 -2.350382
vertex 19.111708 7.448276 -1.796494
vertex 18.556021 7.448276 -2.650115
endloop
endfacet
facet normal 0.658361 -0.406230 -0.633671
outer loop
vertex 18.652010 8.275862 -3.080930
vertex 19.355161 8.275862 -2.350382
vertex 18.556021 7.448276 -2.650115
endloop
endfacet
facet normal 0.771281 -0.398657 -0.496184
outer loop
vertex 19.776470 8.275862 -1.428092
vertex 19.662784 7.448276 -0.939888
vertex 19.111708 7.448276 -1.796494
endloop
endfacet
facet normal 0.798453 -0.478996 -0.364740
outer loop
vertex 19.355161 8.275862 -2.350382
vertex 19.776470 8.275862 -1.428092
vertex 19.111708 7.448276 -1.796494
endloop
endfacet
facet normal 0.816915 -0.250127 -0.519698
outer loop
vertex 20.193553 8.275862 -0.503883
vertex 20.209505 7.448276 -0.080496
vertex 19.662784 7.448276 -0.939888
endloop
endfacet
facet normal 0.855437 -0.345246 -0.386047
outer loop
vertex 19.776470 8.275862 -1.428092
vertex 20.193553 8.275862 -0.503883
vertex 19.662784 7.448276 -0.939888
endloop
endfacet
facet normal -0.838128 -0.071282 -0.540797
outer loop
vertex 3.540573 9.103448 -1.659748
vertex 3.438367 8.275862 -1.392265
vertex 2.888621 8.275862 -0.540267
endloop
endfacet
facet normal -0.775743 -0.198969 -0.598860
outer loop
vertex 2.898938 9.103448 -0.828595
vertex 3.540573 9.103448 -1.659748
vertex 2.888621 8.275862 -0.540267
endloop
endfacet
facet normal -0.838289 0.048842 -0.543034
outer loop
vertex 4.192867 9.103448 -2.482562
vertex 3.989641 8.275862 -2.243275
vertex 3.438367 8.275862 -1.392265
endloop
endfacet
facet normal -0.779424 -0.103451 -0.617896
outer loop
vertex 3.540573 9.103448 -1.659748
vertex 4.192867 9.103448 -2.482562
vertex 3.438367 8.275862 -1.392265
endloop
endfacet
facet normal -0.747401 0.177604 -0.640194
outer loop
vertex 4.983299 9.103448 -3.173741
vertex 4.649261 8.275862 -3.013355
vertex 3.989641 8.275862 -2.243275
endloop
endfacet
facet normal -0.657232 -0.055927 -0.751611
outer loop
vertex 4.192867 9.103448 -2.482562
vertex 4.983299 9.103448 -3.173741
vertex 3.989641 8.275862 -2.243275
endloop
endfacet
facet normal -0.533668 -0.047662 -0.844350
outer loop
vertex 5.824129 9.103448 -3.802642
vertex 5.506374 8.275862 -3.555090
vertex 4.649261 8.275862 -3.013355
endloop
endfacet
facet normal -0.596719 0.086240 -0.797803
outer loop
vertex 4.983299 9.103448 -3.173741
vertex 5.824129 9.103448 -3.802642
vertex 4.649261 8.275862 -3.013355
endloop
endfacet
facet normal -0.002024 0.356194 -0.934410
outer loop
vertex 6.712075 9.103448 -3.242229
vertex 6.520335 8.275862 -3.557286
vertex 5.506374 8.275862 -3.555090
endloop
endfacet
facet normal 0.485273 -0.416316 -0.768890
outer loop
vertex 5.824129 9.103448 -3.802642
vertex 6.712075 9.103448 -3.242229
vertex 5.506374 8.275862 -3.555090
endloop
endfacet
facet normal 0.271663 0.523919 -0.807284
outer loop
vertex 7.586753 9.103448 -2.661326
vertex 7.481343 8.275862 -3.233893
vertex 6.520335 8.275862 -3.557286
endloop
endfacet
facet normal 0.543619 0.185665 -0.818539
outer loop
vertex 6.712075 9.103448 -3.242229
vertex 7.586753 9.103448 -2.661326
vertex 6.520335 8.275862 -3.557286
endloop
endfacet
facet normal 0.067835 0.752305 -0.655313
outer loop
vertex 8.518123 9.103448 -2.176494
vertex 8.489917 8.275862 -3.129490
vertex 7.481343 8.275862 -3.233893
endloop
endfacet
facet normal 0.403753 0.485185 -0.775615
outer loop
vertex 7.586753 9.103448 -2.661326
vertex 8.518123 9.103448 -2.176494
vertex 7.481343 8.275862 -3.233893
endloop
endfacet
facet normal -0.182274 0.662022 -0.726982
outer loop
vertex 9.469215 9.103448 -2.621391
vertex 9.473437 8.275862 -3.376085
vertex 8.489917 8.275862 -3.129490
endloop
endfacet
facet normal -0.291121 0.726585 -0.622353
outer loop
vertex 8.518123 9.103448 -2.176494
vertex 9.469215 9.103448 -2.621391
vertex 8.489917 8.275862 -3.129490
endloop
endfacet
facet normal -0.463792 0.404421 -0.788252
outer loop
vertex 10.197670 9.103448 -3.377608
vertex 10.347351 8.275862 -3.890279
vertex 9.473437 8.275862 -3.376085
endloop
endfacet
facet normal -0.609637 0.532422 -0.587256
outer loop
vertex 9.469215 9.103448 -2.621391
vertex 10.197670 9.103448 -3.377608
vertex 9.473437 8.275862 -3.376085
endloop
endfacet
facet normal -0.514709 0.348297 -0.783431
outer loop
vertex 11.053331 9.103448 -3.986176
vertex 11.194784 8.275862 -4.447037
vertex 10.347351 8.275862 -3.890279
endloop
endfacet
facet normal -0.538133 0.371385 -0.756628
outer loop
vertex 10.197670 9.103448 -3.377608
vertex 11.053331 9.103448 -3.986176
vertex 10.347351 8.275862 -3.890279
endloop
endfacet
facet normal -0.229142 0.368570 -0.900916
outer loop
vertex 12.047084 9.103448 -4.325243
vertex 12.177460 8.275862 -4.696974
vertex 11.194784 8.275862 -4.447037
endloop
endfacet
facet normal -0.292042 0.426728 -0.855929
outer loop
vertex 11.053331 9.103448 -3.986176
vertex 12.047084 9.103448 -4.325243
vertex 11.194784 8.275862 -4.447037
endloop
endfacet
facet normal 0.150876 0.524508 -0.837931
outer loop
vertex 13.052178 9.103448 -4.021441
vertex 13.175375 8.275862 -4.517291
vertex 12.177460 8.275862 -4.696974
endloop
endfacet
facet normal 0.261294 0.429458 -0.864460
outer loop
vertex 12.047084 9.103448 -4.325243
vertex 13.052178 9.103448 -4.021441
vertex 12.177460 8.275862 -4.696974
endloop
endfacet
facet normal 0.459638 0.531733 -0.711332
outer loop
vertex 13.913881 9.103448 -3.421459
vertex 14.027015 8.275862 -3.966991
vertex 13.175375 8.275862 -4.517291
endloop
endfacet
facet normal 0.494980 0.499620 -0.710897
outer loop
vertex 13.052178 9.103448 -4.021441
vertex 13.913881 9.103448 -3.421459
vertex 13.175375 8.275862 -4.517291
endloop
endfacet
facet normal 0.208993 0.741898 -0.637110
outer loop
vertex 14.737528 9.103448 -2.770217
vertex 14.990466 8.275862 -3.650947
vertex 14.027015 8.275862 -3.966991
endloop
endfacet
facet normal 0.531403 0.515671 -0.672082
outer loop
vertex 13.913881 9.103448 -3.421459
vertex 14.737528 9.103448 -2.770217
vertex 14.027015 8.275862 -3.966991
endloop
endfacet
facet normal -0.070788 0.831967 -0.550290
outer loop
vertex 15.751538 9.103448 -2.497647
vertex 15.996142 8.275862 -3.780314
vertex 14.990466 8.275862 -3.650947
endloop
endfacet
facet normal 0.174005 0.742081 -0.647331
outer loop
vertex 14.737528 9.103448 -2.770217
vertex 15.751538 9.103448 -2.497647
vertex 14.990466 8.275862 -3.650947
endloop
endfacet
facet normal -0.218220 0.771319 -0.597869
outer loop
vertex 16.691148 9.103448 -2.966309
vertex 16.948641 8.275862 -4.127973
vertex 15.996142 8.275862 -3.780314
endloop
endfacet
facet normal -0.278147 0.782087 -0.557651
outer loop
vertex 15.751538 9.103448 -2.497647
vertex 16.691148 9.103448 -2.966309
vertex 15.996142 8.275862 -3.780314
endloop
endfacet
facet normal 0.363487 0.235705 -0.901288
outer loop
vertex 17.421242 9.103448 -3.720944
vertex 17.889009 8.275862 -3.748725
vertex 16.948641 8.275862 -4.127973
endloop
endfacet
facet normal -0.574296 0.601225 -0.555619
outer loop
vertex 16.691148 9.103448 -2.966309
vertex 17.421242 9.103448 -3.720944
vertex 16.948641 8.275862 -4.127973
endloop
endfacet
facet normal 0.634112 -0.270144 -0.724516
outer loop
vertex 18.458643 9.103448 -3.558744
vertex 18.652010 8.275862 -3.080930
vertex 17.889009 8.275862 -3.748725
endloop
endfacet
facet normal 0.153367 0.119613 -0.980903
outer loop
vertex 17.421242 9.103448 -3.720944
vertex 18.458643 9.103448 -3.558744
vertex 17.889009 8.275862 -3.748725
endloop
endfacet
facet normal 0.703857 -0.213616 -0.677461
outer loop
vertex 19.178774 9.103448 -2.794595
vertex 19.355161 8.275862 -2.350382
vertex 18.652010 8.275862 -3.080930
endloop
endfacet
facet normal 0.709865 -0.220377 -0.668974
outer loop
vertex 18.458643 9.103448 -3.558744
vertex 19.178774 9.103448 -2.794595
vertex 18.652010 8.275862 -3.080930
endloop
endfacet
facet normal 0.893599 -0.186686 -0.408203
outer loop
vertex 19.732631 9.103448 -1.902546
vertex 19.776470 8.275862 -1.428092
vertex 19.355161 8.275862 -2.350382
endloop
endfacet
facet normal 0.845177 -0.101530 -0.524755
outer loop
vertex 19.178774 9.103448 -2.794595
vertex 19.732631 9.103448 -1.902546
vertex 19.355161 8.275862 -2.350382
endloop
endfacet
facet normal 0.881052 -0.256234 -0.397607
outer loop
vertex 20.222228 9.103448 -0.973672
vertex 20.193553 8.275862 -0.503883
vertex 19.776470 8.275862 -1.428092
endloop
endfacet
facet normal 0.863893 -0.215287 -0.455347
outer loop
vertex 19.732631 9.103448 -1.902546
vertex 20.222228 9.103448 -0.973672
vertex 19.776470 8.275862 -1.428092
endloop
endfacet
facet normal -0.087240 -0.822385 -0.562203
outer loop
vertex 1.686990 9.931034 -1.310512
vertex 2.087592 9.103448 -0.162091
vertex 1.050005 9.103448 -0.001083
endloop
endfacet
facet normal -0.700617 -0.397892 -0.592299
outer loop
vertex 0.982310 9.931034 -0.476961
vertex 1.686990 9.931034 -1.310512
vertex 1.050005 9.103448 -0.001083
endloop
endfacet
facet normal -0.341861 -0.842584 -0.416152
outer loop
vertex 2.424898 9.931034 -2.114796
vertex 2.898938 9.103448 -0.828595
vertex 2.087592 9.103448 -0.162091
endloop
endfacet
facet normal -0.450398 -0.791445 -0.413227
outer loop
vertex 1.686990 9.931034 -1.310512
vertex 2.424898 9.931034 -2.114796
vertex 2.087592 9.103448 -0.162091
endloop
endfacet
facet normal -0.546846 -0.723010 -0.422155
outer loop
vertex 3.300631 9.931034 -2.766312
vertex 3.540573 9.103448 -1.659748
vertex 2.898938 9.103448 -0.828595
endloop
endfacet
facet normal -0.317949 -0.846323 -0.427371
outer loop
vertex 2.424898 9.931034 -2.114796
vertex 3.300631 9.931034 -2.766312
vertex 2.898938 9.103448 -0.828595
endloop
endfacet
facet normal -0.748607 -0.295613 -0.593465
outer loop
vertex 4.344319 9.931034 -3.085838
vertex 4.192867 9.103448 -2.482562
vertex 3.540573 9.103448 -1.659748
endloop
endfacet
facet normal -0.173135 -0.806355 -0.565522
outer loop
vertex 3.300631 9.931034 -2.766312
vertex 4.344319 9.931034 -3.085838
vertex 3.540573 9.103448 -1.659748
endloop
endfacet
facet normal -0.656899 0.064320 -0.751230
outer loop
vertex 5.374923 9.931034 -3.445331
vertex 4.983299 9.103448 -3.173741
vertex 4.192867 9.103448 -2.482562
endloop
endfacet
facet normal -0.278915 -0.531832 -0.799600
outer loop
vertex 4.344319 9.931034 -3.085838
vertex 5.374923 9.931034 -3.445331
vertex 4.192867 9.103448 -2.482562
endloop
endfacet
facet normal -0.385360 0.765537 -0.515219
outer loop
vertex 6.358927 9.931034 -2.972978
vertex 5.824129 9.103448 -3.802642
vertex 4.983299 9.103448 -3.173741
endloop
endfacet
facet normal 0.386969 -0.447668 -0.806132
outer loop
vertex 5.374923 9.931034 -3.445331
vertex 6.358927 9.931034 -2.972978
vertex 4.983299 9.103448 -3.173741
endloop
endfacet
facet normal 0.432416 0.586172 -0.685141
outer loop
vertex 7.171512 9.931034 -2.244222
vertex 6.712075 9.103448 -3.242229
vertex 5.824129 9.103448 -3.802642
endloop
endfacet
facet normal 0.636838 0.300342 -0.710093
outer loop
vertex 6.358927 9.931034 -2.972978
vertex 7.171512 9.931034 -2.244222
vertex 5.824129 9.103448 -3.802642
endloop
endfacet
facet normal 0.430653 0.627742 -0.648443
outer loop
vertex 8.027744 9.931034 -1.567282
vertex 7.586753 9.103448 -2.661326
vertex 6.712075 9.103448 -3.242229
endloop
endfacet
facet normal 0.531412 0.515560 -0.672160
outer loop
vertex 7.171512 9.931034 -2.244222
vertex 8.027744 9.931034 -1.567282
vertex 6.712075 9.103448 -3.242229
endloop
endfacet
facet normal 0.461686 0.015675 -0.886905
outer loop
vertex 9.076009 9.931034 -1.871455
vertex 8.518123 9.103448 -2.176494
vertex 7.586753 9.103448 -2.661326
endloop
endfacet
facet normal -0.160598 0.817242 -0.553466
outer loop
vertex 8.027744 9.931034 -1.567282
vertex 9.076009 9.931034 -1.871455
vertex 7.586753 9.103448 -2.661326
endloop
endfacet
facet normal -0.418937 0.149661 -0.895596
outer loop
vertex 9.836166 9.931034 -2.654745
vertex 9.469215 9.103448 -2.621391
vertex 8.518123 9.103448 -2.176494
endloop
endfacet
facet normal -0.576731 0.595080 -0.559698
outer loop
vertex 9.076009 9.931034 -1.871455
vertex 9.836166 9.931034 -2.654745
vertex 8.518123 9.103448 -2.176494
endloop
endfacet
facet normal -0.698109 0.245797 -0.672479
outer loop
vertex 10.570569 9.931034 -3.462229
vertex 10.197670 9.103448 -3.377608
vertex 9.469215 9.103448 -2.621391
endloop
endfacet
facet normal -0.708415 0.288143 -0.644300
outer loop
vertex 9.836166 9.931034 -2.654745
vertex 10.570569 9.931034 -3.462229
vertex 9.469215 9.103448 -2.621391
endloop
endfacet
facet normal -0.563864 0.231339 -0.792805
outer loop
vertex 11.487889 9.931034 -4.053757
vertex 11.053331 9.103448 -3.986176
vertex 10.197670 9.103448 -3.377608
endloop
endfacet
facet normal -0.535277 0.156311 -0.830088
outer loop
vertex 10.570569 9.931034 -3.462229
vertex 11.487889 9.931034 -4.053757
vertex 10.197670 9.103448 -3.377608
endloop
endfacet
facet normal -0.257999 0.601388 -0.756154
outer loop
vertex 12.558568 9.931034 -3.841561
vertex 12.047084 9.103448 -4.325243
vertex 11.053331 9.103448 -3.986176
endloop
endfacet
facet normal 0.191259 -0.179234 -0.965036
outer loop
vertex 11.487889 9.931034 -4.053757
vertex 12.558568 9.931034 -3.841561
vertex 11.053331 9.103448 -3.986176
endloop
endfacet
facet normal 0.244229 0.536174 -0.808004
outer loop
vertex 13.522784 9.931034 -3.330026
vertex 13.052178 9.103448 -4.021441
vertex 12.047084 9.103448 -4.325243
endloop
endfacet
facet normal 0.457060 0.221039 -0.861533
outer loop
vertex 12.558568 9.931034 -3.841561
vertex 13.522784 9.931034 -3.330026
vertex 12.047084 9.103448 -4.325243
endloop
endfacet
facet normal 0.482504 0.535696 -0.692979
outer loop
vertex 14.269614 9.931034 -2.534020
vertex 13.913881 9.103448 -3.421459
vertex 13.052178 9.103448 -4.021441
endloop
endfacet
facet normal 0.720457 0.155040 -0.675947
outer loop
vertex 13.522784 9.931034 -3.330026
vertex 14.269614 9.931034 -2.534020
vertex 13.052178 9.103448 -4.021441
endloop
endfacet
facet normal 0.440103 0.704622 -0.556612
outer loop
vertex 14.866785 9.931034 -1.620364
vertex 14.737528 9.103448 -2.770217
vertex 13.913881 9.103448 -3.421459
endloop
endfacet
facet normal 0.816317 0.221250 -0.533550
outer loop
vertex 14.269614 9.931034 -2.534020
vertex 14.866785 9.931034 -1.620364
vertex 13.913881 9.103448 -3.421459
endloop
endfacet
facet normal 0.203560 0.620554 -0.757282
outer loop
vertex 15.948455 9.931034 -1.766550
vertex 15.751538 9.103448 -2.497647
vertex 14.737528 9.103448 -2.770217
endloop
endfacet
facet normal -0.077927 0.813302 -0.576600
outer loop
vertex 14.866785 9.931034 -1.620364
vertex 15.948455 9.931034 -1.766550
vertex 14.737528 9.103448 -2.770217
endloop
endfacet
facet normal -0.421775 0.327191 -0.845608
outer loop
vertex 16.632713 9.931034 -2.616945
vertex 16.691148 9.103448 -2.966309
vertex 15.751538 9.103448 -2.497647
endloop
endfacet
facet normal -0.626521 0.594420 -0.504120
outer loop
vertex 15.948455 9.931034 -1.766550
vertex 16.632713 9.931034 -2.616945
vertex 15.751538 9.103448 -2.497647
endloop
endfacet
facet normal -0.718412 0.028137 -0.695049
outer loop
vertex 17.253883 9.931034 -3.514458
vertex 17.421242 9.103448 -3.720944
vertex 16.691148 9.103448 -2.966309
endloop
endfacet
facet normal -0.808956 0.179233 -0.559880
outer loop
vertex 16.632713 9.931034 -2.616945
vertex 17.253883 9.931034 -3.514458
vertex 16.691148 9.103448 -2.966309
endloop
endfacet
facet normal 0.142556 -0.385196 -0.911758
outer loop
vertex 18.259202 9.931034 -3.939563
vertex 18.458643 9.103448 -3.558744
vertex 17.421242 9.103448 -3.720944
endloop
endfacet
facet normal -0.385099 0.149350 -0.910710
outer loop
vertex 17.253883 9.931034 -3.514458
vertex 18.259202 9.931034 -3.939563
vertex 17.421242 9.103448 -3.720944
endloop
endfacet
facet normal 0.687957 -0.326170 -0.648327
outer loop
vertex 19.122077 9.931034 -3.271112
vertex 19.178774 9.103448 -2.794595
vertex 18.458643 9.103448 -3.558744
endloop
endfacet
facet normal 0.598585 -0.211303 -0.772688
outer loop
vertex 18.259202 9.931034 -3.939563
vertex 19.122077 9.931034 -3.271112
vertex 18.458643 9.103448 -3.558744
endloop
endfacet
facet normal 0.802541 -0.328090 -0.498283
outer loop
vertex 19.767681 9.931034 -2.391011
vertex 19.732631 9.103448 -1.902546
vertex 19.178774 9.103448 -2.794595
endloop
endfacet
facet normal 0.775374 -0.274379 -0.568780
outer loop
vertex 19.122077 9.931034 -3.271112
vertex 19.767681 9.931034 -2.391011
vertex 19.178774 9.103448 -2.794595
endloop
endfacet
facet normal 0.835903 -0.327329 -0.440593
outer loop
vertex 20.301159 9.931034 -1.438760
vertex 20.222228 9.103448 -0.973672
vertex 19.732631 9.103448 -1.902546
endloop
endfacet
facet normal 0.829598 -0.309452 -0.464764
outer loop
vertex 19.767681 9.931034 -2.391011
vertex 20.301159 9.931034 -1.438760
vertex 19.732631 9.103448 -1.902546
endloop
endfacet
facet normal -0.233917 -0.843873 -0.482867
outer loop
vertex 0.542505 10.758621 -1.710219
vertex 0.982310 9.931034 -0.476961
vertex 0.000000 9.931034 -0.001097
endloop
endfacet
facet normal -0.756500 -0.461360 -0.463524
outer loop
vertex 0.000000 10.758621 -0.824818
vertex 0.542505 10.758621 -1.710219
vertex 0.000000 9.931034 -0.001097
endloop
endfacet
facet normal -0.457827 -0.800369 -0.387045
outer loop
vertex 1.233434 10.758621 -2.485374
vertex 1.686990 9.931034 -1.310512
vertex 0.982310 9.931034 -0.476961
endloop
endfacet
facet normal -0.436312 -0.811409 -0.388904
outer loop
vertex 0.542505 10.758621 -1.710219
vertex 1.233434 10.758621 -2.485374
vertex 0.982310 9.931034 -0.476961
endloop
endfacet
facet normal -0.494716 -0.741108 -0.453888
outer loop
vertex 2.078608 10.758621 -3.088638
vertex 2.424898 9.931034 -2.114796
vertex 1.686990 9.931034 -1.310512
endloop
endfacet
facet normal -0.326183 -0.827509 -0.456983
outer loop
vertex 1.233434 10.758621 -2.485374
vertex 2.078608 10.758621 -3.088638
vertex 1.686990 9.931034 -1.310512
endloop
endfacet
facet normal -0.403482 -0.736934 -0.542338
outer loop
vertex 2.960089 10.758621 -3.637490
vertex 3.300631 9.931034 -2.766312
vertex 2.424898 9.931034 -2.114796
endloop
endfacet
facet normal -0.335057 -0.773413 -0.538116
outer loop
vertex 2.078608 10.758621 -3.088638
vertex 2.960089 10.758621 -3.637490
vertex 2.424898 9.931034 -2.114796
endloop
endfacet
facet normal -0.210959 -0.693313 -0.689067
outer loop
vertex 3.984328 10.758621 -3.808313
vertex 4.344319 9.931034 -3.085838
vertex 3.300631 9.931034 -2.766312
endloop
endfacet
facet normal -0.110328 -0.741766 -0.661522
outer loop
vertex 2.960089 10.758621 -3.637490
vertex 3.984328 10.758621 -3.808313
vertex 3.300631 9.931034 -2.766312
endloop
endfacet
facet normal -0.285226 -0.500026 -0.817692
outer loop
vertex 5.022519 10.758621 -3.828483
vertex 5.374923 9.931034 -3.445331
vertex 4.344319 9.931034 -3.085838
endloop
endfacet
facet normal -0.014573 -0.661167 -0.750097
outer loop
vertex 3.984328 10.758621 -3.808313
vertex 5.022519 10.758621 -3.828483
vertex 4.344319 9.931034 -3.085838
endloop
endfacet
facet normal 0.429248 -0.127030 -0.894209
outer loop
vertex 5.917735 10.758621 -3.302330
vertex 6.358927 9.931034 -2.972978
vertex 5.374923 9.931034 -3.445331
endloop
endfacet
facet normal 0.498391 -0.180368 -0.847982
outer loop
vertex 5.022519 10.758621 -3.828483
vertex 5.917735 10.758621 -3.302330
vertex 5.374923 9.931034 -3.445331
endloop
endfacet
facet normal 0.664754 0.093243 -0.741221
outer loop
vertex 6.671713 10.758621 -2.588352
vertex 7.171512 9.931034 -2.244222
vertex 6.358927 9.931034 -2.972978
endloop
endfacet
facet normal 0.685523 0.077357 -0.723929
outer loop
vertex 5.917735 10.758621 -3.302330
vertex 6.671713 10.758621 -2.588352
vertex 6.358927 9.931034 -2.972978
endloop
endfacet
facet normal 0.590076 0.307820 -0.746362
outer loop
vertex 7.325209 10.758621 -1.781389
vertex 8.027744 9.931034 -1.567282
vertex 7.171512 9.931034 -2.244222
endloop
endfacet
facet normal 0.760903 0.203298 -0.616196
outer loop
vertex 6.671713 10.758621 -2.588352
vertex 7.325209 10.758621 -1.781389
vertex 7.171512 9.931034 -2.244222
endloop
endfacet
facet normal -0.278326 -0.049937 -0.959188
outer loop
vertex 8.360931 10.758621 -1.707048
vertex 9.076009 9.931034 -1.871455
vertex 8.027744 9.931034 -1.567282
endloop
endfacet
facet normal 0.070240 -0.193544 -0.978574
outer loop
vertex 7.325209 10.758621 -1.781389
vertex 8.360931 10.758621 -1.707048
vertex 8.027744 9.931034 -1.567282
endloop
endfacet
facet normal -0.688208 0.283375 -0.667883
outer loop
vertex 9.390233 10.758621 -1.844106
vertex 9.836166 9.931034 -2.654745
vertex 9.076009 9.931034 -1.871455
endloop
endfacet
facet normal -0.131541 0.082590 -0.987864
outer loop
vertex 8.360931 10.758621 -1.707048
vertex 9.390233 10.758621 -1.844106
vertex 9.076009 9.931034 -1.871455
endloop
endfacet
facet normal -0.725834 0.193333 -0.660142
outer loop
vertex 10.049201 10.758621 -2.646608
vertex 10.570569 9.931034 -3.462229
vertex 9.836166 9.931034 -2.654745
endloop
endfacet
facet normal -0.757063 0.200994 -0.621657
outer loop
vertex 9.390233 10.758621 -1.844106
vertex 10.049201 10.758621 -2.646608
vertex 9.836166 9.931034 -2.654745
endloop
endfacet
facet normal -0.533860 0.172021 -0.827890
outer loop
vertex 10.754393 10.758621 -3.408809
vertex 11.487889 9.931034 -4.053757
vertex 10.570569 9.931034 -3.462229
endloop
endfacet
facet normal -0.718804 0.202589 -0.665040
outer loop
vertex 10.049201 10.758621 -2.646608
vertex 10.754393 10.758621 -3.408809
vertex 10.570569 9.931034 -3.462229
endloop
endfacet
facet normal 0.177221 0.411090 -0.894202
outer loop
vertex 11.771686 10.758621 -3.617047
vertex 12.558568 9.931034 -3.841561
vertex 11.487889 9.931034 -4.053757
endloop
endfacet
facet normal -0.173041 0.505420 -0.845345
outer loop
vertex 10.754393 10.758621 -3.408809
vertex 11.771686 10.758621 -3.617047
vertex 11.487889 9.931034 -4.053757
endloop
endfacet
facet normal 0.421774 0.435946 -0.795021
outer loop
vertex 12.755051 10.758621 -3.283521
vertex 13.522784 9.931034 -3.330026
vertex 12.558568 9.931034 -3.841561
endloop
endfacet
facet normal 0.279970 0.490137 -0.825459
outer loop
vertex 11.771686 10.758621 -3.617047
vertex 12.755051 10.758621 -3.283521
vertex 12.558568 9.931034 -3.841561
endloop
endfacet
facet normal 0.727470 0.070313 -0.682527
outer loop
vertex 13.753621 10.758621 -2.998732
vertex 14.269614 9.931034 -2.534020
vertex 13.522784 9.931034 -3.330026
endloop
endfacet
facet normal 0.262075 0.294760 -0.918930
outer loop
vertex 12.755051 10.758621 -3.283521
vertex 13.753621 10.758621 -2.998732
vertex 13.522784 9.931034 -3.330026
endloop
endfacet
facet normal 0.810553 -0.249669 -0.529783
outer loop
vertex 14.607239 10.758621 -2.407476
vertex 14.866785 9.931034 -1.620364
vertex 14.269614 9.931034 -2.534020
endloop
endfacet
facet normal 0.566191 -0.105995 -0.817430
outer loop
vertex 13.753621 10.758621 -2.998732
vertex 14.607239 10.758621 -2.407476
vertex 14.269614 9.931034 -2.534020
endloop
endfacet
facet normal -0.122792 -0.399266 -0.908575
outer loop
vertex 15.593376 10.758621 -2.082237
vertex 15.948455 9.931034 -1.766550
vertex 14.866785 9.931034 -1.620364
endloop
endfacet
facet normal 0.243983 -0.627070 -0.739767
outer loop
vertex 14.607239 10.758621 -2.407476
vertex 15.593376 10.758621 -2.082237
vertex 14.866785 9.931034 -1.620364
endloop
endfacet
facet normal -0.767120 -0.174723 -0.617251
outer loop
vertex 16.466375 10.758621 -2.644483
vertex 16.632713 9.931034 -2.616945
vertex 15.948455 9.931034 -1.766550
endloop
endfacet
facet normal -0.473832 -0.483943 -0.735719
outer loop
vertex 15.593376 10.758621 -2.082237
vertex 16.466375 10.758621 -2.644483
vertex 15.948455 9.931034 -1.766550
endloop
endfacet
facet normal -0.822239 -0.008917 -0.569073
outer loop
vertex 17.170805 10.758621 -3.407389
vertex 17.253883 9.931034 -3.514458
vertex 16.632713 9.931034 -2.616945
endloop
endfacet
facet normal -0.724282 -0.167828 -0.668767
outer loop
vertex 16.466375 10.758621 -2.644483
vertex 17.170805 10.758621 -3.407389
vertex 16.632713 9.931034 -2.616945
endloop
endfacet
facet normal -0.389255 0.033045 -0.920537
outer loop
vertex 18.111381 10.758621 -3.847348
vertex 18.259202 9.931034 -3.939563
vertex 17.253883 9.931034 -3.514458
endloop
endfacet
facet normal -0.422519 0.074448 -0.903291
outer loop
vertex 17.170805 10.758621 -3.407389
vertex 18.111381 10.758621 -3.847348
vertex 17.253883 9.931034 -3.514458
endloop
endfacet
facet normal 0.609135 0.103329 -0.786306
outer loop
vertex 18.977412 10.758621 -3.274427
vertex 19.122077 9.931034 -3.271112
vertex 18.259202 9.931034 -3.939563
endloop
endfacet
facet normal 0.541896 0.188065 -0.819134
outer loop
vertex 18.111381 10.758621 -3.847348
vertex 18.977412 10.758621 -3.274427
vertex 18.259202 9.931034 -3.939563
endloop
endfacet
facet normal 0.806255 -0.012605 -0.591434
outer loop
vertex 19.688008 10.758621 -2.517261
vertex 19.767681 9.931034 -2.391011
vertex 19.122077 9.931034 -3.271112
endloop
endfacet
facet normal 0.723569 0.123762 -0.679066
outer loop
vertex 18.977412 10.758621 -3.274427
vertex 19.688008 10.758621 -2.517261
vertex 19.122077 9.931034 -3.271112
endloop
endfacet
facet normal 0.870206 -0.071219 -0.487514
outer loop
vertex 20.252829 10.758621 -1.645927
vertex 20.301159 9.931034 -1.438760
vertex 19.767681 9.931034 -2.391011
endloop
endfacet
facet normal 0.839121 -0.002196 -0.543940
outer loop
vertex 19.688008 10.758621 -2.517261
vertex 20.252829 10.758621 -1.645927
vertex 19.767681 9.931034 -2.391011
endloop
endfacet
facet normal -0.726517 -0.523462 -0.445153
outer loop
vertex 0.531473 11.586207 -2.665385
vertex 0.542505 10.758621 -1.710219
vertex 0.000000 10.758621 -0.824818
endloop
endfacet
facet normal -0.712640 -0.539540 -0.448375
outer loop
vertex 0.000000 11.586207 -1.820671
vertex 0.531473 11.586207 -2.665385
vertex 0.000000 10.758621 -0.824818
endloop
endfacet
facet normal -0.588588 -0.615081 -0.524633
outer loop
vertex 1.194178 11.586207 -3.411595
vertex 1.233434 10.758621 -2.485374
vertex 0.542505 10.758621 -1.710219
endloop
endfacet
facet normal -0.590606 -0.613245 -0.524514
outer loop
vertex 0.531473 11.586207 -2.665385
vertex 1.194178 11.586207 -3.411595
vertex 0.542505 10.758621 -1.710219
endloop
endfacet
facet normal -0.429942 -0.672551 -0.602350
outer loop
vertex 2.020517 11.586207 -3.971211
vertex 2.078608 10.758621 -3.088638
vertex 1.233434 10.758621 -2.485374
endloop
endfacet
facet normal -0.405869 -0.689995 -0.599314
outer loop
vertex 1.194178 11.586207 -3.411595
vertex 2.020517 11.586207 -3.971211
vertex 1.233434 10.758621 -2.485374
endloop
endfacet
facet normal -0.396197 -0.661922 -0.636308
outer loop
vertex 2.892643 11.586207 -4.456395
vertex 2.960089 10.758621 -3.637490
vertex 2.078608 10.758621 -3.088638
endloop
endfacet
facet normal -0.349646 -0.694797 -0.628494
outer loop
vertex 2.020517 11.586207 -3.971211
vertex 2.892643 11.586207 -4.456395
vertex 2.078608 10.758621 -3.088638
endloop
endfacet
facet normal -0.117695 -0.698675 -0.705692
outer loop
vertex 3.878743 11.586207 -4.610060
vertex 3.984328 10.758621 -3.808313
vertex 2.960089 10.758621 -3.637490
endloop
endfacet
facet normal -0.109406 -0.703637 -0.702086
outer loop
vertex 2.892643 11.586207 -4.456395
vertex 3.878743 11.586207 -4.610060
vertex 2.960089 10.758621 -3.637490
endloop
endfacet
facet normal -0.015693 -0.589323 -0.807745
outer loop
vertex 4.860207 11.586207 -4.429129
vertex 5.022519 10.758621 -3.828483
vertex 3.984328 10.758621 -3.808313
endloop
endfacet
facet normal 0.132783 -0.680853 -0.720283
outer loop
vertex 3.878743 11.586207 -4.610060
vertex 4.860207 11.586207 -4.429129
vertex 3.984328 10.758621 -3.808313
endloop
endfacet
facet normal 0.454381 -0.442554 -0.773101
outer loop
vertex 5.706524 11.586207 -3.900210
vertex 5.917735 10.758621 -3.302330
vertex 5.022519 10.758621 -3.828483
endloop
endfacet
facet normal 0.471831 -0.455405 -0.754972
outer loop
vertex 4.860207 11.586207 -4.429129
vertex 5.706524 11.586207 -3.900210
vertex 5.022519 10.758621 -3.828483
endloop
endfacet
facet normal 0.622472 -0.424764 -0.657346
outer loop
vertex 6.495921 11.586207 -3.289589
vertex 6.671713 10.758621 -2.588352
vertex 5.917735 10.758621 -3.302330
endloop
endfacet
facet normal 0.565057 -0.383526 -0.730492
outer loop
vertex 5.706524 11.586207 -3.900210
vertex 6.495921 11.586207 -3.289589
vertex 5.917735 10.758621 -3.302330
endloop
endfacet
facet normal 0.606896 -0.624602 -0.491477
outer loop
vertex 7.359988 11.586207 -2.790195
vertex 7.325209 10.758621 -1.781389
vertex 6.671713 10.758621 -2.588352
endloop
endfacet
facet normal 0.423890 -0.531413 -0.733428
outer loop
vertex 6.495921 11.586207 -3.289589
vertex 7.359988 11.586207 -2.790195
vertex 6.671713 10.758621 -2.588352
endloop
endfacet
facet normal 0.060169 -0.541923 -0.838272
outer loop
vertex 8.201403 11.586207 -2.253513
vertex 8.360931 10.758621 -1.707048
vertex 7.325209 10.758621 -1.781389
endloop
endfacet
facet normal 0.370808 -0.724241 -0.581357
outer loop
vertex 7.359988 11.586207 -2.790195
vertex 8.201403 11.586207 -2.253513
vertex 7.325209 10.758621 -1.781389
endloop
endfacet
facet normal -0.130641 0.142689 -0.981108
outer loop
vertex 9.013625 11.586207 -1.673597
vertex 9.390233 10.758621 -1.844106
vertex 8.360931 10.758621 -1.707048
endloop
endfacet
facet normal 0.534709 -0.391440 -0.748907
outer loop
vertex 8.201403 11.586207 -2.253513
vertex 9.013625 11.586207 -1.673597
vertex 8.360931 10.758621 -1.707048
endloop
endfacet
facet normal -0.763619 0.153969 -0.627040
outer loop
vertex 9.856237 11.586207 -2.208399
vertex 10.049201 10.758621 -2.646608
vertex 9.390233 10.758621 -1.844106
endloop
endfacet
facet normal -0.534568 -0.069736 -0.842243
outer loop
vertex 9.013625 11.586207 -1.673597
vertex 9.856237 11.586207 -2.208399
vertex 9.390233 10.758621 -1.844106
endloop
endfacet
facet normal -0.701335 0.295105 -0.648878
outer loop
vertex 10.603761 11.586207 -2.869620
vertex 10.754393 10.758621 -3.408809
vertex 10.049201 10.758621 -2.646608
endloop
endfacet
facet normal -0.643939 0.235326 -0.727987
outer loop
vertex 9.856237 11.586207 -2.208399
vertex 10.603761 11.586207 -2.869620
vertex 10.049201 10.758621 -2.646608
endloop
endfacet
facet normal -0.167647 0.548764 -0.818995
outer loop
vertex 11.589554 11.586207 -3.025245
vertex 11.771686 10.758621 -3.617047
vertex 10.754393 10.758621 -3.408809
endloop
endfacet
facet normal -0.132817 0.523963 -0.841322
outer loop
vertex 10.603761 11.586207 -2.869620
vertex 11.589554 11.586207 -3.025245
vertex 10.754393 10.758621 -3.408809
endloop
endfacet
facet normal 0.287082 0.448493 -0.846427
outer loop
vertex 12.580202 11.586207 -2.904314
vertex 12.755051 10.758621 -3.283521
vertex 11.771686 10.758621 -3.617047
endloop
endfacet
facet normal 0.097567 0.593017 -0.799257
outer loop
vertex 11.589554 11.586207 -3.025245
vertex 12.580202 11.586207 -2.904314
vertex 11.771686 10.758621 -3.617047
endloop
endfacet
facet normal 0.198589 0.689705 -0.696325
outer loop
vertex 13.366316 11.586207 -2.289472
vertex 13.753621 10.758621 -2.998732
vertex 12.755051 10.758621 -3.283521
endloop
endfacet
facet normal 0.552990 0.440802 -0.707033
outer loop
vertex 12.580202 11.586207 -2.904314
vertex 13.366316 11.586207 -2.289472
vertex 12.755051 10.758621 -3.283521
endloop
endfacet
facet normal 0.565011 0.123908 -0.815726
outer loop
vertex 14.349603 11.586207 -2.460218
vertex 14.607239 10.758621 -2.407476
vertex 13.753621 10.758621 -2.998732
endloop
endfacet
facet normal -0.135930 0.607256 -0.782792
outer loop
vertex 13.366316 11.586207 -2.289472
vertex 14.349603 11.586207 -2.460218
vertex 13.753621 10.758621 -2.998732
endloop
endfacet
facet normal 0.252014 -0.593811 -0.764118
outer loop
vertex 15.276636 11.586207 -2.829835
vertex 15.593376 10.758621 -2.082237
vertex 14.607239 10.758621 -2.407476
endloop
endfacet
facet normal -0.364845 -0.171896 -0.915063
outer loop
vertex 14.349603 11.586207 -2.460218
vertex 15.276636 11.586207 -2.829835
vertex 14.607239 10.758621 -2.407476
endloop
endfacet
facet normal -0.400666 -0.672636 -0.622115
outer loop
vertex 16.140576 11.586207 -3.329449
vertex 16.466375 10.758621 -2.644483
vertex 15.593376 10.758621 -2.082237
endloop
endfacet
facet normal -0.358691 -0.697586 -0.620254
outer loop
vertex 15.276636 11.586207 -2.829835
vertex 16.140576 11.586207 -3.329449
vertex 15.593376 10.758621 -2.082237
endloop
endfacet
facet normal -0.673328 -0.400119 -0.621718
outer loop
vertex 17.028235 11.586207 -3.785593
vertex 17.170805 10.758621 -3.407389
vertex 16.466375 10.758621 -2.644483
endloop
endfacet
facet normal -0.337019 -0.675494 -0.655840
outer loop
vertex 16.140576 11.586207 -3.329449
vertex 17.028235 11.586207 -3.785593
vertex 16.466375 10.758621 -2.644483
endloop
endfacet
facet normal -0.405834 0.287283 -0.867622
outer loop
vertex 17.989179 11.586207 -3.516161
vertex 18.111381 10.758621 -3.847348
vertex 17.170805 10.758621 -3.407389
endloop
endfacet
facet normal 0.251220 -0.366186 -0.895989
outer loop
vertex 17.028235 11.586207 -3.785593
vertex 17.989179 11.586207 -3.516161
vertex 17.170805 10.758621 -3.407389
endloop
endfacet
facet normal 0.540705 0.199007 -0.817334
outer loop
vertex 18.905420 11.586207 -3.120550
vertex 18.977412 10.758621 -3.274427
vertex 18.111381 10.758621 -3.847348
endloop
endfacet
facet normal 0.364699 0.391868 -0.844650
outer loop
vertex 17.989179 11.586207 -3.516161
vertex 18.905420 11.586207 -3.120550
vertex 18.111381 10.758621 -3.847348
endloop
endfacet
facet normal 0.726545 0.084853 -0.681859
outer loop
vertex 19.649432 11.586207 -2.455378
vertex 19.688008 10.758621 -2.517261
vertex 18.977412 10.758621 -3.274427
endloop
endfacet
facet normal 0.653986 0.192901 -0.731499
outer loop
vertex 18.905420 11.586207 -3.120550
vertex 19.649432 11.586207 -2.455378
vertex 18.977412 10.758621 -3.274427
endloop
endfacet
facet normal 0.836437 0.079949 -0.542200
outer loop
vertex 20.191995 11.586207 -1.617743
vertex 20.252829 10.758621 -1.645927
vertex 19.688008 10.758621 -2.517261
endloop
endfacet
facet normal 0.836654 0.079522 -0.541929
outer loop
vertex 19.649432 11.586207 -2.455378
vertex 20.191995 11.586207 -1.617743
vertex 19.688008 10.758621 -2.517261
endloop
endfacet
facet normal -0.846257 -0.018750 -0.532444
outer loop
vertex 0.514135 12.413793 -2.666971
vertex 0.531473 11.586207 -2.665385
vertex 0.000000 11.586207 -1.820671
endloop
endfacet
facet normal -0.862780 0.019367 -0.505208
outer loop
vertex 0.000000 12.413793 -1.788946
vertex 0.514135 12.413793 -2.666971
vertex 0.000000 11.586207 -1.820671
endloop
endfacet
facet normal -0.737334 -0.165974 -0.654822
outer loop
vertex 1.090965 12.413793 -3.505141
vertex 1.194178 11.586207 -3.411595
vertex 0.531473 11.586207 -2.665385
endloop
endfacet
facet normal -0.823633 -0.018342 -0.566826
outer loop
vertex 0.514135 12.413793 -2.666971
vertex 1.090965 12.413793 -3.505141
vertex 0.531473 11.586207 -2.665385
endloop
endfacet
facet normal -0.510121 -0.415193 -0.753254
outer loop
vertex 1.773274 12.413793 -4.259937
vertex 2.020517 11.586207 -3.971211
vertex 1.194178 11.586207 -3.411595
endloop
endfacet
facet normal -0.731540 -0.165982 -0.661286
outer loop
vertex 1.090965 12.413793 -3.505141
vertex 1.773274 12.413793 -4.259937
vertex 1.194178 11.586207 -3.411595
endloop
endfacet
facet normal -0.407064 -0.546725 -0.731704
outer loop
vertex 2.568628 12.413793 -4.894505
vertex 2.892643 11.586207 -4.456395
vertex 2.020517 11.586207 -3.971211
endloop
endfacet
facet normal -0.566803 -0.417182 -0.710418
outer loop
vertex 1.773274 12.413793 -4.259937
vertex 2.568628 12.413793 -4.894505
vertex 2.020517 11.586207 -3.971211
endloop
endfacet
facet normal -0.121613 -0.613319 -0.780417
outer loop
vertex 3.536874 12.413793 -5.207175
vertex 3.878743 11.586207 -4.610060
vertex 2.892643 11.586207 -4.456395
endloop
endfacet
facet normal -0.260696 -0.529438 -0.807300
outer loop
vertex 2.568628 12.413793 -4.894505
vertex 3.536874 12.413793 -5.207175
vertex 2.892643 11.586207 -4.456395
endloop
endfacet
facet normal 0.161175 -0.457850 -0.874297
outer loop
vertex 4.514787 12.413793 -4.926195
vertex 4.860207 11.586207 -4.429129
vertex 3.878743 11.586207 -4.610060
endloop
endfacet
facet normal 0.238945 -0.501317 -0.831617
outer loop
vertex 3.536874 12.413793 -5.207175
vertex 4.514787 12.413793 -4.926195
vertex 3.878743 11.586207 -4.610060
endloop
endfacet
facet normal 0.499918 -0.331992 -0.799914
outer loop
vertex 5.404450 12.413793 -4.432473
vertex 5.706524 11.586207 -3.900210
vertex 4.860207 11.586207 -4.429129
endloop
endfacet
facet normal 0.461800 -0.307055 -0.832141
outer loop
vertex 4.514787 12.413793 -4.926195
vertex 5.404450 12.413793 -4.432473
vertex 4.860207 11.586207 -4.429129
endloop
endfacet
facet normal 0.574985 -0.341842 -0.743327
outer loop
vertex 6.247297 12.413793 -3.862498
vertex 6.495921 11.586207 -3.289589
vertex 5.706524 11.586207 -3.900210
endloop
endfacet
facet normal 0.532236 -0.311917 -0.787040
outer loop
vertex 5.404450 12.413793 -4.432473
vertex 6.247297 12.413793 -3.862498
vertex 5.706524 11.586207 -3.900210
endloop
endfacet
facet normal 0.477117 -0.301450 -0.825522
outer loop
vertex 7.068041 12.413793 -3.261131
vertex 7.359988 11.586207 -2.790195
vertex 6.495921 11.586207 -3.289589
endloop
endfacet
facet normal 0.552334 -0.355914 -0.753825
outer loop
vertex 6.247297 12.413793 -3.862498
vertex 7.068041 12.413793 -3.261131
vertex 6.495921 11.586207 -3.289589
endloop
endfacet
facet normal 0.536337 -0.072616 -0.840874
outer loop
vertex 7.815692 12.413793 -2.571000
vertex 8.201403 11.586207 -2.253513
vertex 7.359988 11.586207 -2.790195
endloop
endfacet
facet normal 0.667679 -0.176072 -0.723328
outer loop
vertex 7.068041 12.413793 -3.261131
vertex 7.815692 12.413793 -2.571000
vertex 7.359988 11.586207 -2.790195
endloop
endfacet
facet normal 0.571248 0.183153 -0.800082
outer loop
vertex 8.519941 12.413793 -1.836632
vertex 9.013625 11.586207 -1.673597
vertex 8.201403 11.586207 -2.253513
endloop
endfacet
facet normal 0.719948 0.070678 -0.690420
outer loop
vertex 7.815692 12.413793 -2.571000
vertex 8.519941 12.413793 -1.836632
vertex 8.201403 11.586207 -2.253513
endloop
endfacet
facet normal -0.481928 0.437264 -0.759306
outer loop
vertex 9.476945 12.413793 -1.491079
vertex 9.856237 11.586207 -2.208399
vertex 9.013625 11.586207 -1.673597
endloop
endfacet
facet normal 0.339566 0.017300 -0.940423
outer loop
vertex 8.519941 12.413793 -1.836632
vertex 9.476945 12.413793 -1.491079
vertex 9.013625 11.586207 -1.673597
endloop
endfacet
facet normal -0.619553 0.354356 -0.700418
outer loop
vertex 10.257077 12.413793 -2.144269
vertex 10.603761 11.586207 -2.869620
vertex 9.856237 11.586207 -2.208399
endloop
endfacet
facet normal -0.602009 0.347299 -0.719005
outer loop
vertex 9.476945 12.413793 -1.491079
vertex 10.257077 12.413793 -2.144269
vertex 9.856237 11.586207 -2.208399
endloop
endfacet
facet normal -0.098071 0.777473 -0.621222
outer loop
vertex 11.253093 12.413793 -1.936386
vertex 11.589554 11.586207 -3.025245
vertex 10.603761 11.586207 -2.869620
endloop
endfacet
facet normal 0.148602 0.686286 -0.711989
outer loop
vertex 10.257077 12.413793 -2.144269
vertex 11.253093 12.413793 -1.936386
vertex 10.603761 11.586207 -2.869620
endloop
endfacet
facet normal 0.074076 0.791384 -0.606815
outer loop
vertex 12.267931 12.413793 -1.863130
vertex 12.580202 11.586207 -2.904314
vertex 11.589554 11.586207 -3.025245
endloop
endfacet
facet normal 0.043029 0.801767 -0.596086
outer loop
vertex 11.253093 12.413793 -1.936386
vertex 12.267931 12.413793 -1.863130
vertex 11.589554 11.586207 -3.025245
endloop
endfacet
facet normal 0.468395 0.649583 -0.598872
outer loop
vertex 13.220593 12.413793 -1.505782
vertex 13.366316 11.586207 -2.289472
vertex 12.580202 11.586207 -2.904314
endloop
endfacet
facet normal 0.213056 0.794980 -0.567991
outer loop
vertex 12.267931 12.413793 -1.863130
vertex 13.220593 12.413793 -1.505782
vertex 12.580202 11.586207 -2.904314
endloop
endfacet
facet normal -0.101917 0.803205 -0.586919
outer loop
vertex 14.218027 12.413793 -1.304810
vertex 14.349603 11.586207 -2.460218
vertex 13.366316 11.586207 -2.289472
endloop
endfacet
facet normal 0.142269 0.693686 -0.706087
outer loop
vertex 13.220593 12.413793 -1.505782
vertex 14.218027 12.413793 -1.304810
vertex 13.366316 11.586207 -2.289472
endloop
endfacet
facet normal -0.249968 0.737877 -0.626940
outer loop
vertex 15.112232 12.413793 -1.790259
vertex 15.276636 11.586207 -2.829835
vertex 14.349603 11.586207 -2.460218
endloop
endfacet
facet normal -0.312896 0.754920 -0.576360
outer loop
vertex 14.218027 12.413793 -1.304810
vertex 15.112232 12.413793 -1.790259
vertex 14.349603 11.586207 -2.460218
endloop
endfacet
facet normal -0.400477 0.600039 -0.692511
outer loop
vertex 15.877828 12.413793 -2.460426
vertex 16.140576 11.586207 -3.329449
vertex 15.276636 11.586207 -2.829835
endloop
endfacet
facet normal -0.510730 0.631453 -0.583457
outer loop
vertex 15.112232 12.413793 -1.790259
vertex 15.877828 12.413793 -2.460426
vertex 15.276636 11.586207 -2.829835
endloop
endfacet
facet normal -0.357580 0.622837 -0.695853
outer loop
vertex 16.785537 12.413793 -2.920130
vertex 17.028235 11.586207 -3.785593
vertex 16.140576 11.586207 -3.329449
endloop
endfacet
facet normal -0.353949 0.621509 -0.698890
outer loop
vertex 15.877828 12.413793 -2.460426
vertex 16.785537 12.413793 -2.920130
vertex 16.140576 11.586207 -3.329449
endloop
endfacet
facet normal 0.197159 0.683132 -0.703177
outer loop
vertex 17.791516 12.413793 -2.767588
vertex 17.989179 11.586207 -3.516161
vertex 17.028235 11.586207 -3.785593
endloop
endfacet
facet normal 0.101964 0.733106 -0.672428
outer loop
vertex 16.785537 12.413793 -2.920130
vertex 17.791516 12.413793 -2.767588
vertex 17.028235 11.586207 -3.785593
endloop
endfacet
facet normal 0.278445 0.711755 -0.644883
outer loop
vertex 18.694307 12.413793 -2.298300
vertex 18.905420 11.586207 -3.120550
vertex 17.989179 11.586207 -3.516161
endloop
endfacet
facet normal 0.340662 0.674143 -0.655347
outer loop
vertex 17.791516 12.413793 -2.767588
vertex 18.694307 12.413793 -2.298300
vertex 17.989179 11.586207 -3.516161
endloop
endfacet
facet normal 0.543529 0.578768 -0.607950
outer loop
vertex 19.553503 12.413793 -1.753280
vertex 19.649432 11.586207 -2.455378
vertex 18.905420 11.586207 -3.120550
endloop
endfacet
facet normal 0.383409 0.698333 -0.604424
outer loop
vertex 18.694307 12.413793 -2.298300
vertex 19.553503 12.413793 -1.753280
vertex 18.905420 11.586207 -3.120550
endloop
endfacet
facet normal 0.789812 0.338342 -0.511588
outer loop
vertex 20.237560 12.413793 -1.000069
vertex 20.191995 11.586207 -1.617743
vertex 19.649432 11.586207 -2.455378
endloop
endfacet
facet normal 0.618926 0.548610 -0.562101
outer loop
vertex 19.553503 12.413793 -1.753280
vertex 20.237560 12.413793 -1.000069
vertex 19.649432 11.586207 -2.455378
endloop
endfacet
facet normal -0.862832 0.015962 -0.505238
outer loop
vertex 0.477709 13.241379 -2.578618
vertex 0.514135 12.413793 -2.666971
vertex 0.000000 12.413793 -1.788946
endloop
endfacet
facet normal -0.878038 0.052972 -0.475650
outer loop
vertex 0.000000 13.241379 -1.696779
vertex 0.477709 13.241379 -2.578618
vertex 0.000000 12.413793 -1.788946
endloop
endfacet
facet normal -0.823236 -0.036071 -0.566553
outer loop
vertex 1.004429 13.241379 -3.432089
vertex 1.090965 12.413793 -3.505141
vertex 0.514135 12.413793 -2.666971
endloop
endfacet
facet normal -0.850840 0.018610 -0.525096
outer loop
vertex 0.477709 13.241379 -2.578618
vertex 1.004429 13.241379 -3.432089
vertex 0.514135 12.413793 -2.666971
endloop
endfacet
facet normal -0.740200 -0.066254 -0.669114
outer loop
vertex 1.646963 13.241379 -4.202152
vertex 1.773274 12.413793 -4.259937
vertex 1.090965 12.413793 -3.505141
endloop
endfacet
facet normal -0.767605 -0.023729 -0.640484
outer loop
vertex 1.004429 13.241379 -3.432089
vertex 1.646963 13.241379 -4.202152
vertex 1.090965 12.413793 -3.505141
endloop
endfacet
facet normal -0.610091 -0.207509 -0.764675
outer loop
vertex 2.334516 13.241379 -4.932302
vertex 2.568628 12.413793 -4.894505
vertex 1.773274 12.413793 -4.259937
endloop
endfacet
facet normal -0.726572 -0.063121 -0.684184
outer loop
vertex 1.646963 13.241379 -4.202152
vertex 2.334516 13.241379 -4.932302
vertex 1.773274 12.413793 -4.259937
endloop
endfacet
facet normal -0.272061 -0.464957 -0.842495
outer loop
vertex 3.136444 13.241379 -5.534596
vertex 3.536874 12.413793 -5.207175
vertex 2.568628 12.413793 -4.894505
endloop
endfacet
facet normal -0.588144 -0.202141 -0.783087
outer loop
vertex 2.334516 13.241379 -4.932302
vertex 3.136444 13.241379 -5.534596
vertex 2.568628 12.413793 -4.894505
endloop
endfacet
facet normal 0.232427 -0.540002 -0.808934
outer loop
vertex 4.137998 13.241379 -5.586910
vertex 4.514787 12.413793 -4.926195
vertex 3.536874 12.413793 -5.207175
endloop
endfacet
facet normal -0.048086 -0.387494 -0.920617
outer loop
vertex 3.136444 13.241379 -5.534596
vertex 4.137998 13.241379 -5.586910
vertex 3.536874 12.413793 -5.207175
endloop
endfacet
facet normal 0.460683 -0.314100 -0.830128
outer loop
vertex 4.949763 13.241379 -4.997941
vertex 5.404450 12.413793 -4.432473
vertex 4.514787 12.413793 -4.926195
endloop
endfacet
facet normal 0.549169 -0.354260 -0.756910
outer loop
vertex 4.137998 13.241379 -5.586910
vertex 4.949763 13.241379 -4.997941
vertex 4.514787 12.413793 -4.926195
endloop
endfacet
facet normal 0.534368 -0.300077 -0.790193
outer loop
vertex 5.805772 13.241379 -4.475356
vertex 6.247297 12.413793 -3.862498
vertex 5.404450 12.413793 -4.432473
endloop
endfacet
facet normal 0.499512 -0.284626 -0.818215
outer loop
vertex 4.949763 13.241379 -4.997941
vertex 5.805772 13.241379 -4.475356
vertex 5.404450 12.413793 -4.432473
endloop
endfacet
facet normal 0.564492 -0.296320 -0.770418
outer loop
vertex 6.628360 13.241379 -3.901598
vertex 7.068041 12.413793 -3.261131
vertex 6.247297 12.413793 -3.862498
endloop
endfacet
facet normal 0.547632 -0.289253 -0.785132
outer loop
vertex 5.805772 13.241379 -4.475356
vertex 6.628360 13.241379 -3.901598
vertex 6.247297 12.413793 -3.862498
endloop
endfacet
facet normal 0.612542 -0.429457 -0.663595
outer loop
vertex 7.497177 13.241379 -3.400596
vertex 7.815692 12.413793 -2.571000
vertex 7.068041 12.413793 -3.261131
endloop
endfacet
facet normal 0.463009 -0.375399 -0.802931
outer loop
vertex 6.628360 13.241379 -3.901598
vertex 7.497177 13.241379 -3.400596
vertex 7.068041 12.413793 -3.261131
endloop
endfacet
facet normal 0.606497 -0.542105 -0.581622
outer loop
vertex 8.315663 13.241379 -2.821004
vertex 8.519941 12.413793 -1.836632
vertex 7.815692 12.413793 -2.571000
endloop
endfacet
facet normal 0.496497 -0.511755 -0.701140
outer loop
vertex 7.497177 13.241379 -3.400596
vertex 8.315663 13.241379 -2.821004
vertex 7.815692 12.413793 -2.571000
endloop
endfacet
facet normal 0.245838 -0.689937 -0.680845
outer loop
vertex 9.233831 13.241379 -2.417500
vertex 9.476945 12.413793 -1.491079
vertex 8.519941 12.413793 -1.836632
endloop
endfacet
facet normal 0.285969 -0.703410 -0.650719
outer loop
vertex 8.315663 13.241379 -2.821004
vertex 9.233831 13.241379 -2.417500
vertex 8.519941 12.413793 -1.836632
endloop
endfacet
facet normal -0.614583 -0.288960 -0.734023
outer loop
vertex 10.236138 13.241379 -2.452529
vertex 10.257077 12.413793 -2.144269
vertex 9.476945 12.413793 -1.491079
endloop
endfacet
facet normal -0.023158 -0.748579 -0.662641
outer loop
vertex 9.233831 13.241379 -2.417500
vertex 10.236138 13.241379 -2.452529
vertex 9.476945 12.413793 -1.491079
endloop
endfacet
facet normal 0.204308 -0.005221 -0.978893
outer loop
vertex 11.115128 13.241379 -1.969596
vertex 11.253093 12.413793 -1.936386
vertex 10.257077 12.413793 -2.144269
endloop
endfacet
facet normal 0.459376 -0.299814 -0.836113
outer loop
vertex 10.236138 13.241379 -2.452529
vertex 11.115128 13.241379 -1.969596
vertex 10.257077 12.413793 -2.144269
endloop
endfacet
facet normal 0.070491 0.203543 -0.976525
outer loop
vertex 12.082249 13.241379 -1.704034
vertex 12.267931 12.413793 -1.863130
vertex 11.253093 12.413793 -1.936386
endloop
endfacet
facet normal 0.264784 0.005447 -0.964292
outer loop
vertex 11.115128 13.241379 -1.969596
vertex 12.082249 13.241379 -1.704034
vertex 11.253093 12.413793 -1.936386
endloop
endfacet
facet normal 0.345404 0.181062 -0.920822
outer loop
vertex 13.041203 13.241379 -1.410343
vertex 13.220593 12.413793 -1.505782
vertex 12.267931 12.413793 -1.863130
endloop
endfacet
facet normal 0.284125 0.242093 -0.927720
outer loop
vertex 12.082249 13.241379 -1.704034
vertex 13.041203 13.241379 -1.410343
vertex 12.267931 12.413793 -1.863130
endloop
endfacet
facet normal 0.196203 0.115290 -0.973762
outer loop
vertex 14.030340 13.241379 -1.244643
vertex 14.218027 12.413793 -1.304810
vertex 13.220593 12.413793 -1.505782
endloop
endfacet
facet normal 0.163400 0.147905 -0.975410
outer loop
vertex 13.041203 13.241379 -1.410343
vertex 14.030340 13.241379 -1.244643
vertex 13.220593 12.413793 -1.505782
endloop
endfacet
facet normal -0.442397 0.374457 -0.814903
outer loop
vertex 15.026217 13.241379 -1.363278
vertex 15.112232 12.413793 -1.790259
vertex 14.218027 12.413793 -1.304810
endloop
endfacet
facet normal -0.118168 0.045317 -0.991959
outer loop
vertex 14.030340 13.241379 -1.244643
vertex 15.026217 13.241379 -1.363278
vertex 14.218027 12.413793 -1.304810
endloop
endfacet
facet normal -0.501471 0.648335 -0.572878
outer loop
vertex 15.994196 13.241379 -1.625698
vertex 15.877828 12.413793 -2.460426
vertex 15.112232 12.413793 -1.790259
endloop
endfacet
facet normal -0.236735 0.425928 -0.873236
outer loop
vertex 15.026217 13.241379 -1.363278
vertex 15.994196 13.241379 -1.625698
vertex 15.112232 12.413793 -1.790259
endloop
endfacet
facet normal -0.381764 0.534813 -0.753811
outer loop
vertex 16.731477 13.241379 -2.305597
vertex 16.785537 12.413793 -2.920130
vertex 15.877828 12.413793 -2.460426
endloop
endfacet
facet normal -0.519905 0.641753 -0.563783
outer loop
vertex 15.994196 13.241379 -1.625698
vertex 16.731477 13.241379 -2.305597
vertex 15.877828 12.413793 -2.460426
endloop
endfacet
facet normal 0.112963 0.657476 -0.744960
outer loop
vertex 17.701500 13.241379 -2.050838
vertex 17.791516 12.413793 -2.767588
vertex 16.785537 12.413793 -2.920130
endloop
endfacet
facet normal 0.204699 0.592130 -0.779410
outer loop
vertex 16.731477 13.241379 -2.305597
vertex 17.701500 13.241379 -2.050838
vertex 16.785537 12.413793 -2.920130
endloop
endfacet
facet normal 0.313060 0.734364 -0.602249
outer loop
vertex 18.469609 13.241379 -1.405969
vertex 18.694307 12.413793 -2.298300
vertex 17.791516 12.413793 -2.767588
endloop
endfacet
facet normal 0.518535 0.591314 -0.617631
outer loop
vertex 17.701500 13.241379 -2.050838
vertex 18.469609 13.241379 -1.405969
vertex 17.791516 12.413793 -2.767588
endloop
endfacet
facet normal 0.370159 0.722819 -0.583537
outer loop
vertex 19.320890 13.241379 -0.875717
vertex 19.553503 12.413793 -1.753280
vertex 18.694307 12.413793 -2.298300
endloop
endfacet
facet normal 0.363036 0.726992 -0.582827
outer loop
vertex 18.469609 13.241379 -1.405969
vertex 19.320890 13.241379 -0.875717
vertex 18.694307 12.413793 -2.298300
endloop
endfacet
facet normal 0.683838 0.382961 -0.621053
outer loop
vertex 20.243714 13.241379 -0.482977
vertex 20.237560 12.413793 -1.000069
vertex 19.553503 12.413793 -1.753280
endloop
endfacet
facet normal 0.265289 0.735563 -0.623353
outer loop
vertex 19.320890 13.241379 -0.875717
vertex 20.243714 13.241379 -0.482977
vertex 19.553503 12.413793 -1.753280
endloop
endfacet
facet normal -0.879164 -0.015697 -0.476260
outer loop
vertex 0.498902 14.068966 -2.645017
vertex 0.477709 13.241379 -2.578618
vertex 0.000000 13.241379 -1.696779
endloop
endfacet
facet normal -0.867688 -0.044243 -0.495136
outer loop
vertex 0.000000 14.068966 -1.770728
vertex 0.498902 14.068966 -2.645017
vertex 0.000000 13.241379 -1.696779
endloop
endfacet
facet normal -0.850945 0.009877 -0.525161
outer loop
vertex 1.048687 14.068966 -3.488238
vertex 1.004429 13.241379 -3.432089
vertex 0.477709 13.241379 -2.578618
endloop
endfacet
facet normal -0.837465 -0.022363 -0.546033
outer loop
vertex 0.498902 14.068966 -2.645017
vertex 1.048687 14.068966 -3.488238
vertex 0.477709 13.241379 -2.578618
endloop
endfacet
facet normal -0.767821 0.000243 -0.640664
outer loop
vertex 1.695273 14.068966 -4.259737
vertex 1.646963 13.241379 -4.202152
vertex 1.004429 13.241379 -3.432089
endloop
endfacet
facet normal -0.766423 -0.002592 -0.642331
outer loop
vertex 1.048687 14.068966 -3.488238
vertex 1.695273 14.068966 -4.259737
vertex 1.004429 13.241379 -3.432089
endloop
endfacet
facet normal -0.724103 0.103655 -0.681859
outer loop
vertex 2.448491 14.068966 -4.927530
vertex 2.334516 13.241379 -4.932302
vertex 1.646963 13.241379 -4.202152
endloop
endfacet
facet normal -0.663342 -0.013338 -0.748197
outer loop
vertex 1.695273 14.068966 -4.259737
vertex 2.448491 14.068966 -4.927530
vertex 1.646963 13.241379 -4.202152
endloop
endfacet
facet normal -0.597326 0.103347 -0.795312
outer loop
vertex 3.261546 14.068966 -5.521015
vertex 3.136444 13.241379 -5.534596
vertex 2.334516 13.241379 -4.932302
endloop
endfacet
facet normal -0.587421 0.085539 -0.804748
outer loop
vertex 2.448491 14.068966 -4.927530
vertex 3.261546 14.068966 -5.521015
vertex 2.334516 13.241379 -4.932302
endloop
endfacet
facet normal -0.049479 -0.316551 -0.947284
outer loop
vertex 4.206819 14.068966 -5.867057
vertex 4.137998 13.241379 -5.586910
vertex 3.136444 13.241379 -5.534596
endloop
endfacet
facet normal -0.342988 0.067224 -0.936931
outer loop
vertex 3.261546 14.068966 -5.521015
vertex 4.206819 14.068966 -5.867057
vertex 3.136444 13.241379 -5.534596
endloop
endfacet
facet normal 0.554225 -0.330642 -0.763879
outer loop
vertex 5.034746 14.068966 -5.294500
vertex 4.949763 13.241379 -4.997941
vertex 4.137998 13.241379 -5.586910
endloop
endfacet
facet normal 0.540825 -0.309704 -0.782043
outer loop
vertex 4.206819 14.068966 -5.867057
vertex 5.034746 14.068966 -5.294500
vertex 4.137998 13.241379 -5.586910
endloop
endfacet
facet normal 0.508154 -0.221221 -0.832370
outer loop
vertex 5.831655 14.068966 -4.679505
vertex 5.805772 13.241379 -4.475356
vertex 4.949763 13.241379 -4.997941
endloop
endfacet
facet normal 0.577292 -0.327339 -0.748053
outer loop
vertex 5.034746 14.068966 -5.294500
vertex 5.831655 14.068966 -4.679505
vertex 4.949763 13.241379 -4.997941
endloop
endfacet
facet normal 0.518456 -0.422733 -0.743303
outer loop
vertex 6.756767 14.068966 -4.282701
vertex 6.628360 13.241379 -3.901598
vertex 5.805772 13.241379 -4.475356
endloop
endfacet
facet normal 0.383393 -0.232484 -0.893846
outer loop
vertex 5.831655 14.068966 -4.679505
vertex 6.756767 14.068966 -4.282701
vertex 5.805772 13.241379 -4.475356
endloop
endfacet
facet normal 0.461436 -0.383081 -0.800203
outer loop
vertex 7.602153 14.068966 -3.736252
vertex 7.497177 13.241379 -3.400596
vertex 6.628360 13.241379 -3.901598
endloop
endfacet
facet normal 0.491113 -0.426078 -0.759780
outer loop
vertex 6.756767 14.068966 -4.282701
vertex 7.602153 14.068966 -3.736252
vertex 6.628360 13.241379 -3.901598
endloop
endfacet
facet normal 0.470188 -0.581415 -0.663988
outer loop
vertex 8.544887 14.068966 -3.383353
vertex 8.315663 13.241379 -2.821004
vertex 7.497177 13.241379 -3.400596
endloop
endfacet
facet normal 0.322728 -0.390605 -0.862134
outer loop
vertex 7.602153 14.068966 -3.736252
vertex 8.544887 14.068966 -3.383353
vertex 7.497177 13.241379 -3.400596
endloop
endfacet
facet normal 0.253302 -0.776929 -0.576385
outer loop
vertex 9.551456 14.068966 -3.393446
vertex 9.233831 13.241379 -2.417500
vertex 8.315663 13.241379 -2.821004
endloop
endfacet
facet normal -0.008304 -0.560436 -0.828156
outer loop
vertex 8.544887 14.068966 -3.383353
vertex 9.551456 14.068966 -3.393446
vertex 8.315663 13.241379 -2.821004
endloop
endfacet
facet normal -0.026702 -0.644627 -0.764030
outer loop
vertex 10.530890 14.068966 -3.161080
vertex 10.236138 13.241379 -2.452529
vertex 9.233831 13.241379 -2.417500
endloop
endfacet
facet normal 0.145191 -0.777424 -0.611990
outer loop
vertex 9.551456 14.068966 -3.393446
vertex 10.530890 14.068966 -3.161080
vertex 9.233831 13.241379 -2.417500
endloop
endfacet
facet normal 0.337470 -0.713327 -0.614231
outer loop
vertex 11.448613 14.068966 -2.747477
vertex 11.115128 13.241379 -1.969596
vertex 10.236138 13.241379 -2.452529
endloop
endfacet
facet normal 0.301344 -0.679791 -0.668637
outer loop
vertex 10.530890 14.068966 -3.161080
vertex 11.448613 14.068966 -2.747477
vertex 10.236138 13.241379 -2.452529
endloop
endfacet
facet normal 0.208224 -0.617744 -0.758311
outer loop
vertex 12.352307 14.068966 -2.304056
vertex 12.082249 13.241379 -1.704034
vertex 11.115128 13.241379 -1.969596
endloop
endfacet
facet normal 0.308178 -0.714531 -0.628070
outer loop
vertex 11.448613 14.068966 -2.747477
vertex 12.352307 14.068966 -2.304056
vertex 11.115128 13.241379 -1.969596
endloop
endfacet
facet normal 0.278912 -0.304688 -0.910699
outer loop
vertex 13.126767 14.068966 -1.661020
vertex 13.041203 13.241379 -1.410343
vertex 12.082249 13.241379 -1.704034
endloop
endfacet
facet normal 0.507059 -0.608232 -0.610692
outer loop
vertex 12.352307 14.068966 -2.304056
vertex 13.126767 14.068966 -1.661020
vertex 12.082249 13.241379 -1.704034
endloop
endfacet
facet normal 0.164734 0.076430 -0.983372
outer loop
vertex 14.012788 14.068966 -1.183262
vertex 14.030340 13.241379 -1.244643
vertex 13.041203 13.241379 -1.410343
endloop
endfacet
facet normal 0.452599 -0.301038 -0.839363
outer loop
vertex 13.126767 14.068966 -1.661020
vertex 14.012788 14.068966 -1.183262
vertex 13.041203 13.241379 -1.410343
endloop
endfacet
facet normal -0.115423 0.218824 -0.968914
outer loop
vertex 15.019378 14.068966 -1.175558
vertex 15.026217 13.241379 -1.363278
vertex 14.030340 13.241379 -1.244643
endloop
endfacet
facet normal 0.007633 0.074125 -0.997220
outer loop
vertex 14.012788 14.068966 -1.183262
vertex 15.019378 14.068966 -1.175558
vertex 14.030340 13.241379 -1.244643
endloop
endfacet
facet normal -0.261458 0.038847 -0.964433
outer loop
vertex 15.941962 14.068966 -1.578202
vertex 15.994196 13.241379 -1.625698
vertex 15.026217 13.241379 -1.363278
endloop
endfacet
facet normal -0.391880 0.200435 -0.897918
outer loop
vertex 15.019378 14.068966 -1.175558
vertex 15.941962 14.068966 -1.578202
vertex 15.026217 13.241379 -1.363278
endloop
endfacet
facet normal -0.561782 0.559718 -0.609194
outer loop
vertex 16.936419 14.068966 -1.734216
vertex 16.731477 13.241379 -2.305597
vertex 15.994196 13.241379 -1.625698
endloop
endfacet
facet normal -0.154817 0.046863 -0.986831
outer loop
vertex 15.941962 14.068966 -1.578202
vertex 16.936419 14.068966 -1.734216
vertex 15.994196 13.241379 -1.625698
endloop
endfacet
facet normal 0.143802 0.824330 -0.547541
outer loop
vertex 17.452889 14.068966 -0.870189
vertex 17.701500 13.241379 -2.050838
vertex 16.731477 13.241379 -2.305597
endloop
endfacet
facet normal 0.849858 0.140276 -0.508000
outer loop
vertex 16.936419 14.068966 -1.734216
vertex 17.452889 14.068966 -0.870189
vertex 16.731477 13.241379 -2.305597
endloop
endfacet
facet normal 0.526638 0.573733 -0.627283
outer loop
vertex 18.440157 14.068966 -0.673758
vertex 18.469609 13.241379 -1.405969
vertex 17.701500 13.241379 -2.050838
endloop
endfacet
facet normal 0.110383 0.824635 -0.554791
outer loop
vertex 17.452889 14.068966 -0.870189
vertex 18.440157 14.068966 -0.673758
vertex 17.701500 13.241379 -2.050838
endloop
endfacet
facet normal 0.528232 -0.042473 -0.848037
outer loop
vertex 19.431540 14.068966 -0.848244
vertex 19.320890 13.241379 -0.875717
vertex 18.469609 13.241379 -1.405969
endloop
endfacet
facet normal -0.131085 0.654294 -0.744793
outer loop
vertex 18.440157 14.068966 -0.673758
vertex 19.431540 14.068966 -0.848244
vertex 18.469609 13.241379 -1.405969
endloop
endfacet
facet normal 0.378239 0.258950 -0.888752
outer loop
vertex 20.237122 14.068966 -0.244654
vertex 20.243714 13.241379 -0.482977
vertex 19.320890 13.241379 -0.875717
endloop
endfacet
facet normal 0.598761 -0.053527 -0.799137
outer loop
vertex 19.431540 14.068966 -0.848244
vertex 20.237122 14.068966 -0.244654
vertex 19.320890 13.241379 -0.875717
endloop
endfacet
facet normal -0.868290 0.023948 -0.495479
outer loop
vertex 0.501677 14.896552 -2.609881
vertex 0.498902 14.068966 -2.645017
vertex 0.000000 14.068966 -1.770728
endloop
endfacet
facet normal -0.863719 0.012727 -0.503812
outer loop
vertex 0.000000 14.896552 -1.749822
vertex 0.501677 14.896552 -2.609881
vertex 0.000000 14.068966 -1.770728
endloop
endfacet
facet normal -0.837601 0.013282 -0.546121
outer loop
vertex 1.036644 14.896552 -3.449639
vertex 1.048687 14.068966 -3.488238
vertex 0.498902 14.068966 -2.645017
endloop
endfacet
facet normal -0.843123 0.025631 -0.537110
outer loop
vertex 0.501677 14.896552 -2.609881
vertex 1.036644 14.896552 -3.449639
vertex 0.498902 14.068966 -2.645017
endloop
endfacet
facet normal -0.765673 -0.044290 -0.641703
outer loop
vertex 1.635274 14.896552 -4.245267
vertex 1.695273 14.068966 -4.259737
vertex 1.048687 14.068966 -3.488238
endloop
endfacet
facet normal -0.798971 0.016410 -0.601146
outer loop
vertex 1.036644 14.896552 -3.449639
vertex 1.635274 14.896552 -4.245267
vertex 1.048687 14.068966 -3.488238
endloop
endfacet
facet normal -0.663086 -0.030821 -0.747908
outer loop
vertex 2.382596 14.896552 -4.903213
vertex 2.448491 14.068966 -4.927530
vertex 1.695273 14.068966 -4.259737
endloop
endfacet
facet normal -0.660400 -0.034763 -0.750109
outer loop
vertex 1.635274 14.896552 -4.245267
vertex 2.382596 14.896552 -4.903213
vertex 1.695273 14.068966 -4.259737
endloop
endfacet
facet normal -0.582751 0.151778 -0.798351
outer loop
vertex 3.264339 14.896552 -5.365717
vertex 3.261546 14.068966 -5.521015
vertex 2.448491 14.068966 -4.927530
endloop
endfacet
facet normal -0.464483 -0.010964 -0.885514
outer loop
vertex 2.382596 14.896552 -4.903213
vertex 3.264339 14.896552 -5.365717
vertex 2.448491 14.068966 -4.927530
endloop
endfacet
facet normal -0.341909 -0.103811 -0.933982
outer loop
vertex 4.093183 14.896552 -5.917442
vertex 4.206819 14.068966 -5.867057
vertex 3.261546 14.068966 -5.521015
endloop
endfacet
facet normal -0.547322 0.156139 -0.822229
outer loop
vertex 3.264339 14.896552 -5.365717
vertex 4.093183 14.896552 -5.917442
vertex 3.261546 14.068966 -5.521015
endloop
endfacet
facet normal 0.555091 -0.218156 -0.802672
outer loop
vertex 5.012429 14.896552 -5.534861
vertex 5.034746 14.068966 -5.294500
vertex 4.206819 14.068966 -5.867057
endloop
endfacet
facet normal 0.384238 -0.003449 -0.923228
outer loop
vertex 4.093183 14.896552 -5.917442
vertex 5.012429 14.896552 -5.534861
vertex 4.206819 14.068966 -5.867057
endloop
endfacet
facet normal 0.561432 -0.394381 -0.727501
outer loop
vertex 5.896973 14.896552 -5.077735
vertex 5.831655 14.068966 -4.679505
vertex 5.034746 14.068966 -5.294500
endloop
endfacet
facet normal 0.445854 -0.238546 -0.862734
outer loop
vertex 5.012429 14.896552 -5.534861
vertex 5.896973 14.896552 -5.077735
vertex 5.034746 14.068966 -5.294500
endloop
endfacet
facet normal 0.359840 -0.408298 -0.838933
outer loop
vertex 6.803313 14.896552 -4.665511
vertex 6.756767 14.068966 -4.282701
vertex 5.831655 14.068966 -4.679505
endloop
endfacet
facet normal 0.374590 -0.425876 -0.823597
outer loop
vertex 5.896973 14.896552 -5.077735
vertex 6.803313 14.896552 -4.665511
vertex 5.831655 14.068966 -4.679505
endloop
endfacet
facet normal 0.445460 -0.571520 -0.689152
outer loop
vertex 7.741628 14.896552 -4.332422
vertex 7.602153 14.068966 -3.736252
vertex 6.756767 14.068966 -4.282701
endloop
endfacet
facet normal 0.304527 -0.413940 -0.857856
outer loop
vertex 6.803313 14.896552 -4.665511
vertex 7.741628 14.896552 -4.332422
vertex 6.756767 14.068966 -4.282701
endloop
endfacet
facet normal 0.272215 -0.630148 -0.727195
outer loop
vertex 8.694741 14.896552 -4.044398
vertex 8.544887 14.068966 -3.383353
vertex 7.602153 14.068966 -3.736252
endloop
endfacet
facet normal 0.232716 -0.593972 -0.770091
outer loop
vertex 7.741628 14.896552 -4.332422
vertex 8.694741 14.896552 -4.044398
vertex 7.602153 14.068966 -3.736252
endloop
endfacet
facet normal -0.008581 -0.517310 -0.855755
outer loop
vertex 9.679151 14.896552 -3.895008
vertex 9.551456 14.068966 -3.393446
vertex 8.544887 14.068966 -3.383353
endloop
endfacet
facet normal 0.116197 -0.632638 -0.765681
outer loop
vertex 8.694741 14.896552 -4.044398
vertex 9.679151 14.896552 -3.895008
vertex 8.544887 14.068966 -3.383353
endloop
endfacet
facet normal 0.188299 -0.578444 -0.793692
outer loop
vertex 10.661600 14.896552 -3.733216
vertex 10.530890 14.068966 -3.161080
vertex 9.551456 14.068966 -3.393446
endloop
endfacet
facet normal 0.137913 -0.528822 -0.837453
outer loop
vertex 9.679151 14.896552 -3.895008
vertex 10.661600 14.896552 -3.733216
vertex 9.551456 14.068966 -3.393446
endloop
endfacet
facet normal 0.296867 -0.691363 -0.658701
outer loop
vertex 11.636608 14.896552 -3.531372
vertex 11.448613 14.068966 -2.747477
vertex 10.530890 14.068966 -3.161080
endloop
endfacet
facet normal 0.165373 -0.578376 -0.798832
outer loop
vertex 10.661600 14.896552 -3.733216
vertex 11.636608 14.896552 -3.531372
vertex 10.530890 14.068966 -3.161080
endloop
endfacet
facet normal 0.336557 -0.645183 -0.685907
outer loop
vertex 12.488376 14.896552 -3.015742
vertex 12.352307 14.068966 -2.304056
vertex 11.448613 14.068966 -2.747477
endloop
endfacet
facet normal 0.379609 -0.680202 -0.627075
outer loop
vertex 11.636608 14.896552 -3.531372
vertex 12.488376 14.896552 -3.015742
vertex 11.448613 14.068966 -2.747477
endloop
endfacet
facet normal 0.501524 -0.619377 -0.604025
outer loop
vertex 13.266063 14.896552 -2.393983
vertex 13.126767 14.068966 -1.661020
vertex 12.352307 14.068966 -2.304056
endloop
endfacet
facet normal 0.493735 -0.612248 -0.617558
outer loop
vertex 12.488376 14.896552 -3.015742
vertex 13.266063 14.896552 -2.393983
vertex 12.352307 14.068966 -2.304056
endloop
endfacet
facet normal 0.375653 -0.611184 -0.696663
outer loop
vertex 14.105879 14.896552 -1.859108
vertex 14.012788 14.068966 -1.183262
vertex 13.126767 14.068966 -1.661020
endloop
endfacet
facet normal 0.411851 -0.642040 -0.646655
outer loop
vertex 13.266063 14.896552 -2.393983
vertex 14.105879 14.896552 -1.859108
vertex 13.126767 14.068966 -1.661020
endloop
endfacet
facet normal 0.006998 -0.404829 -0.914366
outer loop
vertex 15.049625 14.896552 -1.541734
vertex 15.019378 14.068966 -1.175558
vertex 14.012788 14.068966 -1.183262
endloop
endfacet
facet normal 0.247701 -0.629377 -0.736565
outer loop
vertex 14.105879 14.896552 -1.859108
vertex 15.049625 14.896552 -1.541734
vertex 14.012788 14.068966 -1.183262
endloop
endfacet
facet normal -0.385897 0.263164 -0.884210
outer loop
vertex 16.030475 14.896552 -1.370521
vertex 15.941962 14.068966 -1.578202
vertex 15.019378 14.068966 -1.175558
endloop
endfacet
facet normal 0.157268 -0.404391 -0.900963
outer loop
vertex 15.049625 14.896552 -1.541734
vertex 16.030475 14.896552 -1.370521
vertex 15.019378 14.068966 -1.175558
endloop
endfacet
facet normal -0.146812 -0.320488 -0.935806
outer loop
vertex 16.804420 14.896552 -1.996933
vertex 16.936419 14.068966 -1.734216
vertex 15.941962 14.068966 -1.578202
endloop
endfacet
facet normal -0.608535 0.253762 -0.751857
outer loop
vertex 16.030475 14.896552 -1.370521
vertex 16.804420 14.896552 -1.996933
vertex 15.941962 14.068966 -1.578202
endloop
endfacet
facet normal 0.823043 -0.283839 -0.491971
outer loop
vertex 17.494069 14.896552 -1.278765
vertex 17.452889 14.068966 -0.870189
vertex 16.936419 14.068966 -1.734216
endloop
endfacet
facet normal 0.717352 -0.104263 -0.688865
outer loop
vertex 16.804420 14.896552 -1.996933
vertex 17.494069 14.896552 -1.278765
vertex 16.936419 14.068966 -1.734216
endloop
endfacet
facet normal 0.190016 -0.227623 -0.955030
outer loop
vertex 18.405492 14.896552 -0.877903
vertex 18.440157 14.068966 -0.673758
vertex 17.452889 14.068966 -0.870189
endloop
endfacet
facet normal 0.364089 -0.426806 -0.827814
outer loop
vertex 17.494069 14.896552 -1.278765
vertex 18.405492 14.896552 -0.877903
vertex 17.452889 14.068966 -0.870189
endloop
endfacet
facet normal -0.154532 0.453001 -0.878015
outer loop
vertex 19.275570 14.896552 -0.393810
vertex 19.431540 14.068966 -0.848244
vertex 18.440157 14.068966 -0.673758
endloop
endfacet
facet normal 0.477188 -0.191577 -0.857666
outer loop
vertex 18.405492 14.896552 -0.877903
vertex 19.275570 14.896552 -0.393810
vertex 18.440157 14.068966 -0.673758
endloop
endfacet
facet normal 0.573386 0.292556 -0.765271
outer loop
vertex 20.177820 14.896552 0.027292
vertex 20.237122 14.068966 -0.244654
vertex 19.431540 14.068966 -0.848244
endloop
endfacet
facet normal 0.366277 0.499959 -0.784782
outer loop
vertex 19.275570 14.896552 -0.393810
vertex 20.177820 14.896552 0.027292
vertex 19.431540 14.068966 -0.848244
endloop
endfacet
facet normal -0.863771 -0.006420 -0.503843
outer loop
vertex 0.485849 15.724138 -2.593291
vertex 0.501677 14.896552 -2.609881
vertex 0.000000 14.896552 -1.749822
endloop
endfacet
facet normal -0.875131 0.021055 -0.483428
outer loop
vertex 0.000000 15.724138 -1.713778
vertex 0.485849 15.724138 -2.593291
vertex 0.000000 14.896552 -1.749822
endloop
endfacet
facet normal -0.843361 -0.009623 -0.537261
outer loop
vertex 1.022726 15.724138 -3.442617
vertex 1.036644 14.896552 -3.449639
vertex 0.501677 14.896552 -2.609881
endloop
endfacet
facet normal -0.845269 -0.005456 -0.534313
outer loop
vertex 0.485849 15.724138 -2.593291
vertex 1.022726 15.724138 -3.442617
vertex 0.501677 14.896552 -2.609881
endloop
endfacet
facet normal -0.796803 0.075407 -0.599515
outer loop
vertex 1.680906 15.724138 -4.201821
vertex 1.635274 14.896552 -4.245267
vertex 1.036644 14.896552 -3.449639
endloop
endfacet
facet normal -0.755570 -0.007148 -0.655029
outer loop
vertex 1.022726 15.724138 -3.442617
vertex 1.680906 15.724138 -4.201821
vertex 1.036644 14.896552 -3.449639
endloop
endfacet
facet normal -0.646015 0.210347 -0.733770
outer loop
vertex 2.506269 15.724138 -4.774855
vertex 2.382596 14.896552 -4.903213
vertex 1.635274 14.896552 -4.245267
endloop
endfacet
facet normal -0.568726 0.074362 -0.819159
outer loop
vertex 1.680906 15.724138 -4.201821
vertex 2.506269 15.724138 -4.774855
vertex 1.635274 14.896552 -4.245267
endloop
endfacet
facet normal -0.452291 0.227862 -0.862271
outer loop
vertex 3.406326 15.724138 -5.221498
vertex 3.264339 14.896552 -5.365717
vertex 2.382596 14.896552 -4.903213
endloop
endfacet
facet normal -0.435429 0.201163 -0.877459
outer loop
vertex 2.506269 15.724138 -4.774855
vertex 3.406326 15.724138 -5.221498
vertex 2.382596 14.896552 -4.903213
endloop
endfacet
facet normal -0.549897 0.123197 -0.826097
outer loop
vertex 4.185731 15.724138 -5.855628
vertex 4.093183 14.896552 -5.917442
vertex 3.264339 14.896552 -5.365717
endloop
endfacet
facet normal -0.613200 0.236545 -0.753679
outer loop
vertex 3.406326 15.724138 -5.221498
vertex 4.185731 15.724138 -5.855628
vertex 3.264339 14.896552 -5.365717
endloop
endfacet
facet normal 0.384114 -0.025696 -0.922928
outer loop
vertex 5.128978 15.724138 -5.509396
vertex 5.012429 14.896552 -5.534861
vertex 4.093183 14.896552 -5.917442
endloop
endfacet
facet normal 0.344411 0.031568 -0.938288
outer loop
vertex 4.185731 15.724138 -5.855628
vertex 5.128978 15.724138 -5.509396
vertex 4.093183 14.896552 -5.917442
endloop
endfacet
facet normal 0.436568 -0.309488 -0.844764
outer loop
vertex 6.105587 15.724138 -5.273120
vertex 5.896973 14.896552 -5.077735
vertex 5.012429 14.896552 -5.534861
endloop
endfacet
facet normal 0.235150 -0.003209 -0.971954
outer loop
vertex 5.128978 15.724138 -5.509396
vertex 6.105587 15.724138 -5.273120
vertex 5.012429 14.896552 -5.534861
endloop
endfacet
facet normal 0.365314 -0.470548 -0.803200
outer loop
vertex 7.079219 15.724138 -5.024858
vertex 6.803313 14.896552 -4.665511
vertex 5.896973 14.896552 -5.077735
endloop
endfacet
facet normal 0.237236 -0.279457 -0.930389
outer loop
vertex 6.105587 15.724138 -5.273120
vertex 7.079219 15.724138 -5.024858
vertex 5.896973 14.896552 -5.077735
endloop
endfacet
facet normal 0.267866 -0.599043 -0.754583
outer loop
vertex 8.072313 15.724138 -4.872032
vertex 7.741628 14.896552 -4.332422
vertex 6.803313 14.896552 -4.665511
endloop
endfacet
facet normal 0.137127 -0.432633 -0.891081
outer loop
vertex 7.079219 15.724138 -5.024858
vertex 8.072313 15.724138 -4.872032
vertex 6.803313 14.896552 -4.665511
endloop
endfacet
facet normal 0.211698 -0.681490 -0.700539
outer loop
vertex 9.067942 15.724138 -4.736703
vertex 8.694741 14.896552 -4.044398
vertex 7.741628 14.896552 -4.332422
endloop
endfacet
facet normal 0.110343 -0.573410 -0.811804
outer loop
vertex 8.072313 15.724138 -4.872032
vertex 9.067942 15.724138 -4.736703
vertex 7.741628 14.896552 -4.332422
endloop
endfacet
facet normal 0.113655 -0.652833 -0.748927
outer loop
vertex 10.056903 15.724138 -4.559080
vertex 9.679151 14.896552 -3.895008
vertex 8.694741 14.896552 -4.044398
endloop
endfacet
facet normal 0.131196 -0.670226 -0.730469
outer loop
vertex 9.067942 15.724138 -4.736703
vertex 10.056903 15.724138 -4.559080
vertex 8.694741 14.896552 -4.044398
endloop
endfacet
facet normal 0.137316 -0.534680 -0.833823
outer loop
vertex 10.998510 15.724138 -4.208414
vertex 10.661600 14.896552 -3.733216
vertex 9.679151 14.896552 -3.895008
endloop
endfacet
facet normal 0.257957 -0.673553 -0.692665
outer loop
vertex 10.056903 15.724138 -4.559080
vertex 10.998510 15.724138 -4.208414
vertex 9.679151 14.896552 -3.895008
endloop
endfacet
facet normal 0.201278 -0.119035 -0.972275
outer loop
vertex 11.797658 15.724138 -3.599353
vertex 11.636608 14.896552 -3.531372
vertex 10.661600 14.896552 -3.733216
endloop
endfacet
facet normal 0.495781 -0.575355 -0.650513
outer loop
vertex 10.998510 15.724138 -4.208414
vertex 11.797658 15.724138 -3.599353
vertex 10.661600 14.896552 -3.733216
endloop
endfacet
facet normal 0.514461 0.114491 -0.849836
outer loop
vertex 12.510272 15.724138 -2.890993
vertex 12.488376 14.896552 -3.015742
vertex 11.636608 14.896552 -3.531372
endloop
endfacet
facet normal 0.691895 -0.191820 -0.696051
outer loop
vertex 11.797658 15.724138 -3.599353
vertex 12.510272 15.724138 -2.890993
vertex 11.636608 14.896552 -3.531372
endloop
endfacet
facet normal 0.594085 0.308068 -0.743073
outer loop
vertex 13.166726 15.724138 -2.130296
vertex 13.266063 14.896552 -2.393983
vertex 12.488376 14.896552 -3.015742
endloop
endfacet
facet normal 0.754756 0.078210 -0.651327
outer loop
vertex 12.510272 15.724138 -2.890993
vertex 13.166726 15.724138 -2.130296
vertex 12.488376 14.896552 -3.015742
endloop
endfacet
facet normal 0.510220 0.312899 -0.801105
outer loop
vertex 14.015898 15.724138 -1.593175
vertex 14.105879 14.896552 -1.859108
vertex 13.266063 14.896552 -2.393983
endloop
endfacet
facet normal 0.507116 0.316319 -0.801733
outer loop
vertex 13.166726 15.724138 -2.130296
vertex 14.015898 15.724138 -1.593175
vertex 13.266063 14.896552 -2.393983
endloop
endfacet
facet normal 0.306841 -0.270801 -0.912423
outer loop
vertex 14.998174 15.724138 -1.804659
vertex 15.049625 14.896552 -1.541734
vertex 14.105879 14.896552 -1.859108
endloop
endfacet
facet normal -0.202080 0.279635 -0.938599
outer loop
vertex 14.015898 15.724138 -1.593175
vertex 14.998174 15.724138 -1.804659
vertex 14.105879 14.896552 -1.859108
endloop
endfacet
facet normal 0.160421 -0.360084 -0.919024
outer loop
vertex 15.997548 15.724138 -1.700527
vertex 16.030475 14.896552 -1.370521
vertex 15.049625 14.896552 -1.541734
endloop
endfacet
facet normal 0.099002 -0.295704 -0.950136
outer loop
vertex 14.998174 15.724138 -1.804659
vertex 15.997548 15.724138 -1.700527
vertex 15.049625 14.896552 -1.541734
endloop
endfacet
facet normal -0.627650 -0.068520 -0.775474
outer loop
vertex 16.898203 15.724138 -2.145963
vertex 16.804420 14.896552 -1.996933
vertex 16.030475 14.896552 -1.370521
endloop
endfacet
facet normal -0.415080 -0.351181 -0.839274
outer loop
vertex 15.997548 15.724138 -1.700527
vertex 16.898203 15.724138 -2.145963
vertex 16.030475 14.896552 -1.370521
endloop
endfacet
facet normal 0.720083 -0.057668 -0.691488
outer loop
vertex 17.500154 15.724138 -1.341447
vertex 17.494069 14.896552 -1.278765
vertex 16.804420 14.896552 -1.996933
endloop
endfacet
facet normal 0.785345 -0.194811 -0.587607
outer loop
vertex 16.898203 15.724138 -2.145963
vertex 17.500154 15.724138 -1.341447
vertex 16.804420 14.896552 -1.996933
endloop
endfacet
facet normal 0.399454 0.124771 -0.908223
outer loop
vertex 18.341605 15.724138 -0.792309
vertex 18.405492 14.896552 -0.877903
vertex 17.494069 14.896552 -1.278765
endloop
endfacet
facet normal 0.545284 -0.067294 -0.835546
outer loop
vertex 17.500154 15.724138 -1.341447
vertex 18.341605 15.724138 -0.792309
vertex 17.494069 14.896552 -1.278765
endloop
endfacet
facet normal 0.480691 0.150018 -0.863962
outer loop
vertex 19.209883 15.724138 -0.286655
vertex 19.275570 14.896552 -0.393810
vertex 18.405492 14.896552 -0.877903
endloop
endfacet
facet normal 0.499159 0.127183 -0.857126
outer loop
vertex 18.341605 15.724138 -0.792309
vertex 19.209883 15.724138 -0.286655
vertex 18.405492 14.896552 -0.877903
endloop
endfacet
facet normal 0.421236 -0.089368 -0.902537
outer loop
vertex 20.186542 15.724138 -0.050584
vertex 20.177820 14.896552 0.027292
vertex 19.275570 14.896552 -0.393810
endloop
endfacet
facet normal 0.232532 0.143017 -0.962016
outer loop
vertex 19.209883 15.724138 -0.286655
vertex 20.186542 15.724138 -0.050584
vertex 19.275570 14.896552 -0.393810
endloop
endfacet
facet normal -0.875188 0.017700 -0.483459
outer loop
vertex 0.496723 16.551724 -2.582678
vertex 0.485849 15.724138 -2.593291
vertex 0.000000 15.724138 -1.713778
endloop
endfacet
facet normal -0.873990 0.014602 -0.485725
outer loop
vertex 0.000000 16.551724 -1.688899
vertex 0.496723 16.551724 -2.582678
vertex 0.000000 15.724138 -1.713778
endloop
endfacet
facet normal -0.843989 0.055271 -0.533504
outer loop
vertex 1.068995 16.551724 -3.430074
vertex 1.022726 15.724138 -3.442617
vertex 0.485849 15.724138 -2.593291
endloop
endfacet
facet normal -0.828587 0.018063 -0.559569
outer loop
vertex 0.496723 16.551724 -2.582678
vertex 1.068995 16.551724 -3.430074
vertex 0.485849 15.724138 -2.593291
endloop
endfacet
facet normal -0.745673 0.161483 -0.646448
outer loop
vertex 1.805768 16.551724 -4.139117
vertex 1.680906 15.724138 -4.201821
vertex 1.022726 15.724138 -3.442617
endloop
endfacet
facet normal -0.692563 0.049626 -0.719648
outer loop
vertex 1.068995 16.551724 -3.430074
vertex 1.805768 16.551724 -4.139117
vertex 1.022726 15.724138 -3.442617
endloop
endfacet
facet normal -0.564964 0.136540 -0.813740
outer loop
vertex 2.640747 16.551724 -4.729357
vertex 2.506269 15.724138 -4.774855
vertex 1.680906 15.724138 -4.201821
endloop
endfacet
facet normal -0.570934 0.147335 -0.807667
outer loop
vertex 1.805768 16.551724 -4.139117
vertex 2.640747 16.551724 -4.729357
vertex 1.680906 15.724138 -4.201821
endloop
endfacet
facet normal -0.444370 -0.025633 -0.895476
outer loop
vertex 3.496065 16.551724 -5.289720
vertex 3.406326 15.724138 -5.221498
vertex 2.506269 15.724138 -4.774855
endloop
endfacet
facet normal -0.543085 0.133820 -0.828946
outer loop
vertex 2.640747 16.551724 -4.729357
vertex 3.496065 16.551724 -5.289720
vertex 2.506269 15.724138 -4.774855
endloop
endfacet
facet normal -0.502684 0.604628 -0.617846
outer loop
vertex 4.518254 16.551724 -5.316290
vertex 4.185731 15.724138 -5.855628
vertex 3.406326 15.724138 -5.221498
endloop
endfacet
facet normal -0.025903 -0.079338 -0.996511
outer loop
vertex 3.496065 16.551724 -5.289720
vertex 4.518254 16.551724 -5.316290
vertex 3.406326 15.724138 -5.221498
endloop
endfacet
facet normal 0.304781 0.466553 -0.830323
outer loop
vertex 5.461800 16.551724 -4.922214
vertex 5.128978 15.724138 -5.509396
vertex 4.185731 15.724138 -5.855628
endloop
endfacet
facet normal 0.351905 0.407712 -0.842576
outer loop
vertex 4.518254 16.551724 -5.316290
vertex 5.461800 16.551724 -4.922214
vertex 4.185731 15.724138 -5.855628
endloop
endfacet
facet normal 0.196679 0.548128 -0.812941
outer loop
vertex 6.442741 16.551724 -4.633548
vertex 6.105587 15.724138 -5.273120
vertex 5.128978 15.724138 -5.509396
endloop
endfacet
facet normal 0.245564 0.493311 -0.834471
outer loop
vertex 5.461800 16.551724 -4.922214
vertex 6.442741 16.551724 -4.633548
vertex 5.128978 15.724138 -5.509396
endloop
endfacet
facet normal 0.238541 0.260633 -0.935505
outer loop
vertex 7.463345 16.551724 -4.696344
vertex 7.079219 15.724138 -5.024858
vertex 6.105587 15.724138 -5.273120
endloop
endfacet
facet normal -0.048040 0.622965 -0.780773
outer loop
vertex 6.442741 16.551724 -4.633548
vertex 7.463345 16.551724 -4.696344
vertex 6.105587 15.724138 -5.273120
endloop
endfacet
facet normal 0.149316 -0.190389 -0.970287
outer loop
vertex 8.446662 16.551724 -4.976812
vertex 8.072313 15.724138 -4.872032
vertex 7.079219 15.724138 -5.024858
endloop
endfacet
facet normal -0.244440 0.453648 -0.857002
outer loop
vertex 7.463345 16.551724 -4.696344
vertex 8.446662 16.551724 -4.976812
vertex 7.079219 15.724138 -5.024858
endloop
endfacet
facet normal 0.110396 -0.572846 -0.812195
outer loop
vertex 9.425730 16.551724 -5.271772
vertex 9.067942 15.724138 -4.736703
vertex 8.072313 15.724138 -4.872032
endloop
endfacet
facet normal -0.288447 0.009253 -0.957451
outer loop
vertex 8.446662 16.551724 -4.976812
vertex 9.425730 16.551724 -5.271772
vertex 8.072313 15.724138 -4.872032
endloop
endfacet
facet normal 0.155486 -0.475781 -0.865712
outer loop
vertex 10.397235 16.551724 -4.952783
vertex 10.056903 15.724138 -4.559080
vertex 9.067942 15.724138 -4.736703
endloop
endfacet
facet normal 0.249670 -0.599562 -0.760388
outer loop
vertex 9.425730 16.551724 -5.271772
vertex 10.397235 16.551724 -4.952783
vertex 9.067942 15.724138 -4.736703
endloop
endfacet
facet normal 0.342374 -0.193896 -0.919339
outer loop
vertex 11.192923 16.551724 -4.310556
vertex 10.998510 15.724138 -4.208414
vertex 10.056903 15.724138 -4.559080
endloop
endfacet
facet normal 0.531774 -0.532111 -0.658843
outer loop
vertex 10.397235 16.551724 -4.952783
vertex 11.192923 16.551724 -4.310556
vertex 10.056903 15.724138 -4.559080
endloop
endfacet
facet normal 0.599647 -0.146208 -0.786795
outer loop
vertex 11.957357 16.551724 -3.631428
vertex 11.797658 15.724138 -3.599353
vertex 10.998510 15.724138 -4.208414
endloop
endfacet
facet normal 0.644591 -0.240974 -0.725558
outer loop
vertex 11.192923 16.551724 -4.310556
vertex 11.957357 16.551724 -3.631428
vertex 10.998510 15.724138 -4.208414
endloop
endfacet
facet normal 0.696057 -0.158656 -0.700238
outer loop
vertex 12.680902 16.551724 -2.908892
vertex 12.510272 15.724138 -2.890993
vertex 11.797658 15.724138 -3.599353
endloop
endfacet
facet normal 0.697323 -0.161626 -0.698297
outer loop
vertex 11.957357 16.551724 -3.631428
vertex 12.680902 16.551724 -2.908892
vertex 11.797658 15.724138 -3.599353
endloop
endfacet
facet normal 0.745143 -0.176837 -0.643032
outer loop
vertex 13.354852 16.551724 -2.139888
vertex 13.166726 15.724138 -2.130296
vertex 12.510272 15.724138 -2.890993
endloop
endfacet
facet normal 0.741504 -0.166936 -0.649849
outer loop
vertex 12.680902 16.551724 -2.908892
vertex 13.354852 16.551724 -2.139888
vertex 12.510272 15.724138 -2.890993
endloop
endfacet
facet normal 0.529844 -0.132594 -0.837666
outer loop
vertex 14.220112 16.551724 -1.595003
vertex 14.015898 15.724138 -1.593175
vertex 13.166726 15.724138 -2.130296
endloop
endfacet
facet normal 0.528367 -0.129832 -0.839030
outer loop
vertex 13.354852 16.551724 -2.139888
vertex 14.220112 16.551724 -1.595003
vertex 13.166726 15.724138 -2.130296
endloop
endfacet
facet normal -0.195262 -0.373297 -0.906930
outer loop
vertex 15.071636 16.551724 -2.161114
vertex 14.998174 15.724138 -1.804659
vertex 14.015898 15.724138 -1.593175
endloop
endfacet
facet normal -0.548675 0.133566 -0.825298
outer loop
vertex 14.220112 16.551724 -1.595003
vertex 15.071636 16.551724 -2.161114
vertex 14.015898 15.724138 -1.593175
endloop
endfacet
facet normal 0.069630 -0.740672 -0.668249
outer loop
vertex 15.985912 16.551724 -2.619017
vertex 15.997548 15.724138 -1.700527
vertex 14.998174 15.724138 -1.804659
endloop
endfacet
facet normal -0.423279 -0.326445 -0.845144
outer loop
vertex 15.071636 16.551724 -2.161114
vertex 15.985912 16.551724 -2.619017
vertex 14.998174 15.724138 -1.804659
endloop
endfacet
facet normal -0.437990 -0.154536 -0.885598
outer loop
vertex 16.964747 16.551724 -2.323287
vertex 16.898203 15.724138 -2.145963
vertex 15.997548 15.724138 -1.700527
endloop
endfacet
facet normal 0.198627 -0.726859 -0.657437
outer loop
vertex 15.985912 16.551724 -2.619017
vertex 16.964747 16.551724 -2.323287
vertex 15.997548 15.724138 -1.700527
endloop
endfacet
facet normal 0.778207 -0.235290 -0.582265
outer loop
vertex 17.609538 16.551724 -1.529676
vertex 17.500154 15.724138 -1.341447
vertex 16.898203 15.724138 -2.145963
endloop
endfacet
facet normal 0.761412 -0.193775 -0.618630
outer loop
vertex 16.964747 16.551724 -2.323287
vertex 17.609538 16.551724 -1.529676
vertex 16.898203 15.724138 -2.145963
endloop
endfacet
facet normal 0.538956 -0.165827 -0.825850
outer loop
vertex 18.420577 16.551724 -0.906947
vertex 18.341605 15.724138 -0.792309
vertex 17.500154 15.724138 -1.341447
endloop
endfacet
facet normal 0.589281 -0.252444 -0.767476
outer loop
vertex 17.609538 16.551724 -1.529676
vertex 18.420577 16.551724 -0.906947
vertex 17.500154 15.724138 -1.341447
endloop
endfacet
facet normal 0.502373 0.058881 -0.862644
outer loop
vertex 19.194772 16.551724 -0.238967
vertex 19.209883 15.724138 -0.286655
vertex 18.341605 15.724138 -0.792309
endloop
endfacet
facet normal 0.644314 -0.164926 -0.746766
outer loop
vertex 18.420577 16.551724 -0.906947
vertex 19.194772 16.551724 -0.238967
vertex 18.341605 15.724138 -0.792309
endloop
endfacet
facet normal -0.873742 -0.027919 -0.485588
outer loop
vertex 0.512812 17.379310 -2.659209
vertex 0.496723 16.551724 -2.582678
vertex 0.000000 16.551724 -1.688899
endloop
endfacet
facet normal -0.857609 -0.066519 -0.509983
outer loop
vertex 0.000000 17.379310 -1.796844
vertex 0.512812 17.379310 -2.659209
vertex 0.000000 16.551724 -1.688899
endloop
endfacet
facet normal -0.828419 -0.027033 -0.559456
outer loop
vertex 1.080216 17.379310 -3.486677
vertex 1.068995 16.551724 -3.430074
vertex 0.496723 16.551724 -2.582678
endloop
endfacet
facet normal -0.824188 -0.036240 -0.565155
outer loop
vertex 0.512812 17.379310 -2.659209
vertex 1.080216 17.379310 -3.486677
vertex 0.496723 16.551724 -2.582678
endloop
endfacet
facet normal -0.687477 -0.130612 -0.714364
outer loop
vertex 1.748350 17.379310 -4.235174
vertex 1.805768 16.551724 -4.139117
vertex 1.068995 16.551724 -3.430074
endloop
endfacet
facet normal -0.745552 -0.035410 -0.665506
outer loop
vertex 1.080216 17.379310 -3.486677
vertex 1.748350 17.379310 -4.235174
vertex 1.068995 16.551724 -3.430074
endloop
endfacet
facet normal -0.572929 -0.121899 -0.810489
outer loop
vertex 2.573339 17.379310 -4.806177
vertex 2.640747 16.551724 -4.729357
vertex 1.805768 16.551724 -4.139117
endloop
endfacet
facet normal -0.564003 -0.133712 -0.814875
outer loop
vertex 1.748350 17.379310 -4.235174
vertex 2.573339 17.379310 -4.806177
vertex 1.805768 16.551724 -4.139117
endloop
endfacet
facet normal -0.495552 0.426963 -0.756393
outer loop
vertex 3.574372 17.379310 -4.873873
vertex 3.496065 16.551724 -5.289720
vertex 2.640747 16.551724 -4.729357
endloop
endfacet
facet normal -0.067150 -0.097639 -0.992954
outer loop
vertex 2.573339 17.379310 -4.806177
vertex 3.574372 17.379310 -4.873873
vertex 2.640747 16.551724 -4.729357
endloop
endfacet
facet normal -0.019359 0.667064 -0.744749
outer loop
vertex 4.532266 17.379310 -4.575394
vertex 4.518254 16.551724 -5.316290
vertex 3.496065 16.551724 -5.289720
endloop
endfacet
facet normal 0.271128 0.411564 -0.870118
outer loop
vertex 3.574372 17.379310 -4.873873
vertex 4.532266 17.379310 -4.575394
vertex 3.496065 16.551724 -5.289720
endloop
endfacet
facet normal 0.331273 0.511011 -0.793175
outer loop
vertex 5.513774 17.379310 -4.367326
vertex 5.461800 16.551724 -4.922214
vertex 4.518254 16.551724 -5.316290
endloop
endfacet
facet normal 0.156280 0.657341 -0.737211
outer loop
vertex 4.532266 17.379310 -4.575394
vertex 5.513774 17.379310 -4.367326
vertex 4.518254 16.551724 -5.316290
endloop
endfacet
facet normal 0.244038 0.502722 -0.829287
outer loop
vertex 6.485916 17.379310 -4.119152
vertex 6.442741 16.551724 -4.633548
vertex 5.461800 16.551724 -4.922214
endloop
endfacet
facet normal 0.208894 0.535527 -0.818275
outer loop
vertex 5.513774 17.379310 -4.367326
vertex 6.485916 17.379310 -4.119152
vertex 5.461800 16.551724 -4.922214
endloop
endfacet
facet normal -0.054610 0.457461 -0.887551
outer loop
vertex 7.477728 17.379310 -4.270675
vertex 7.463345 16.551724 -4.696344
vertex 6.442741 16.551724 -4.633548
endloop
endfacet
facet normal -0.128221 0.528357 -0.839285
outer loop
vertex 6.485916 17.379310 -4.119152
vertex 7.477728 17.379310 -4.270675
vertex 6.442741 16.551724 -4.633548
endloop
endfacet
facet normal -0.257030 0.349109 -0.901143
outer loop
vertex 8.408480 17.379310 -4.645309
vertex 8.446662 16.551724 -4.976812
vertex 7.463345 16.551724 -4.696344
endloop
endfacet
facet normal -0.336145 0.435391 -0.835129
outer loop
vertex 7.477728 17.379310 -4.270675
vertex 8.408480 17.379310 -4.645309
vertex 7.463345 16.551724 -4.696344
endloop
endfacet
facet normal -0.280872 0.227845 -0.932308
outer loop
vertex 9.330544 17.379310 -5.040844
vertex 9.425730 16.551724 -5.271772
vertex 8.446662 16.551724 -4.976812
endloop
endfacet
facet normal -0.372100 0.330298 -0.867436
outer loop
vertex 8.408480 17.379310 -4.645309
vertex 9.330544 17.379310 -5.040844
vertex 8.446662 16.551724 -4.976812
endloop
endfacet
facet normal 0.311320 -0.063998 -0.948148
outer loop
vertex 10.333800 17.379310 -5.029472
vertex 10.397235 16.551724 -4.952783
vertex 9.425730 16.551724 -5.271772
endloop
endfacet
facet normal 0.010913 0.269920 -0.962821
outer loop
vertex 9.330544 17.379310 -5.040844
vertex 10.333800 17.379310 -5.029472
vertex 9.425730 16.551724 -5.271772
endloop
endfacet
facet normal 0.622417 -0.133908 -0.771145
outer loop
vertex 11.169027 17.379310 -4.473553
vertex 11.192923 16.551724 -4.310556
vertex 10.397235 16.551724 -4.952783
endloop
endfacet
facet normal 0.553747 -0.034650 -0.831964
outer loop
vertex 10.333800 17.379310 -5.029472
vertex 11.169027 17.379310 -4.473553
vertex 10.397235 16.551724 -4.952783
endloop
endfacet
facet normal 0.647682 -0.221384 -0.729038
outer loop
vertex 11.970984 17.379310 -3.870631
vertex 11.957357 16.551724 -3.631428
vertex 11.192923 16.551724 -4.310556
endloop
endfacet
facet normal 0.595117 -0.138721 -0.791576
outer loop
vertex 11.169027 17.379310 -4.473553
vertex 11.970984 17.379310 -3.870631
vertex 11.192923 16.551724 -4.310556
endloop
endfacet
facet normal 0.648781 -0.396219 -0.649687
outer loop
vertex 12.795590 17.379310 -3.299076
vertex 12.680902 16.551724 -2.908892
vertex 11.957357 16.551724 -3.631428
endloop
endfacet
facet normal 0.553053 -0.239733 -0.797910
outer loop
vertex 11.970984 17.379310 -3.870631
vertex 12.795590 17.379310 -3.299076
vertex 11.957357 16.551724 -3.631428
endloop
endfacet
facet normal 0.565357 -0.659451 -0.495475
outer loop
vertex 13.694624 17.379310 -2.853668
vertex 13.354852 16.551724 -2.139888
vertex 12.680902 16.551724 -2.908892
endloop
endfacet
facet normal 0.399593 -0.435646 -0.806559
outer loop
vertex 12.795590 17.379310 -3.299076
vertex 13.694624 17.379310 -2.853668
vertex 12.680902 16.551724 -2.908892
endloop
endfacet
facet normal 0.287169 -0.842369 -0.456015
outer loop
vertex 14.697479 17.379310 -2.823139
vertex 14.220112 16.551724 -1.595003
vertex 13.354852 16.551724 -2.139888
endloop
endfacet
facet normal 0.022904 -0.658324 -0.752386
outer loop
vertex 13.694624 17.379310 -2.853668
vertex 14.697479 17.379310 -2.823139
vertex 13.354852 16.551724 -2.139888
endloop
endfacet
facet normal -0.441717 -0.602859 -0.664415
outer loop
vertex 15.599318 17.379310 -3.262840
vertex 15.071636 16.551724 -2.161114
vertex 14.220112 16.551724 -1.595003
endloop
endfacet
facet normal -0.297583 -0.734109 -0.610351
outer loop
vertex 14.697479 17.379310 -2.823139
vertex 15.599318 17.379310 -3.262840
vertex 14.220112 16.551724 -1.595003
endloop
endfacet
facet normal -0.428213 -0.292605 -0.854995
outer loop
vertex 16.601268 17.379310 -3.210435
vertex 15.985912 16.551724 -2.619017
vertex 15.071636 16.551724 -2.161114
endloop
endfacet
facet normal 0.030901 -0.806219 -0.590809
outer loop
vertex 15.599318 17.379310 -3.262840
vertex 16.601268 17.379310 -3.210435
vertex 15.071636 16.551724 -2.161114
endloop
endfacet
facet normal 0.252839 -0.485506 -0.836873
outer loop
vertex 17.440002 17.379310 -2.659820
vertex 16.964747 16.551724 -2.323287
vertex 15.985912 16.551724 -2.619017
endloop
endfacet
facet normal 0.386997 -0.709029 -0.589501
outer loop
vertex 16.601268 17.379310 -3.210435
vertex 17.440002 17.379310 -2.659820
vertex 15.985912 16.551724 -2.619017
endloop
endfacet
facet normal 0.613861 -0.611903 -0.498748
outer loop
vertex 18.117515 17.379310 -1.919803
vertex 17.609538 16.551724 -1.529676
vertex 16.964747 16.551724 -2.323287
endloop
endfacet
facet normal 0.604764 -0.572447 -0.553683
outer loop
vertex 17.440002 17.379310 -2.659820
vertex 18.117515 17.379310 -1.919803
vertex 16.964747 16.551724 -2.323287
endloop
endfacet
facet normal 0.564563 -0.375001 -0.735284
outer loop
vertex 18.707793 17.379310 -1.108494
vertex 18.420577 16.551724 -0.906947
vertex 17.609538 16.551724 -1.529676
endloop
endfacet
facet normal 0.639559 -0.611917 -0.465319
outer loop
vertex 18.117515 17.379310 -1.919803
vertex 18.707793 17.379310 -1.108494
vertex 17.609538 16.551724 -1.529676
endloop
endfacet
facet normal 0.651903 -0.064409 -0.755562
outer loop
vertex 19.248380 17.379310 -0.263263
vertex 19.194772 16.551724 -0.238967
vertex 18.420577 16.551724 -0.906947
endloop
endfacet
facet normal 0.775713 -0.390038 -0.496125
outer loop
vertex 18.707793 17.379310 -1.108494
vertex 19.248380 17.379310 -0.263263
vertex 18.420577 16.551724 -0.906947
endloop
endfacet
facet normal -0.859377 0.017717 -0.511035
outer loop
vertex 0.519772 18.206897 -2.642222
vertex 0.512812 17.379310 -2.659209
vertex 0.000000 17.379310 -1.796844
endloop
endfacet
facet normal -0.854939 0.007120 -0.518680
outer loop
vertex 0.000000 18.206897 -1.785484
vertex 0.519772 18.206897 -2.642222
vertex 0.000000 17.379310 -1.796844
endloop
endfacet
facet normal -0.823951 0.043467 -0.564992
outer loop
vertex 1.103392 18.206897 -3.456807
vertex 1.080216 17.379310 -3.486677
vertex 0.512812 17.379310 -2.659209
endloop
endfacet
facet normal -0.812752 0.018788 -0.582307
outer loop
vertex 0.519772 18.206897 -2.642222
vertex 1.103392 18.206897 -3.456807
vertex 0.512812 17.379310 -2.659209
endloop
endfacet
facet normal -0.742275 0.100074 -0.662581
outer loop
vertex 1.804354 18.206897 -4.172917
vertex 1.748350 17.379310 -4.235174
vertex 1.080216 17.379310 -3.486677
endloop
endfacet
facet normal -0.713894 0.045215 -0.698792
outer loop
vertex 1.103392 18.206897 -3.456807
vertex 1.804354 18.206897 -4.172917
vertex 1.080216 17.379310 -3.486677
endloop
endfacet
facet normal -0.552783 0.237835 -0.798664
outer loop
vertex 2.690489 18.206897 -4.640813
vertex 2.573339 17.379310 -4.806177
vertex 1.748350 17.379310 -4.235174
endloop
endfacet
facet normal -0.464693 0.097651 -0.880071
outer loop
vertex 1.804354 18.206897 -4.172917
vertex 2.690489 18.206897 -4.640813
vertex 1.748350 17.379310 -4.235174
endloop
endfacet
facet normal -0.055264 0.573707 -0.817194
outer loop
vertex 3.631647 18.206897 -4.296744
vertex 3.574372 17.379310 -4.873873
vertex 2.573339 17.379310 -4.806177
endloop
endfacet
facet normal 0.340083 0.137737 -0.930254
outer loop
vertex 2.690489 18.206897 -4.640813
vertex 3.631647 18.206897 -4.296744
vertex 2.573339 17.379310 -4.806177
endloop
endfacet
facet normal 0.235249 0.612105 -0.754974
outer loop
vertex 4.551200 18.206897 -3.898518
vertex 4.532266 17.379310 -4.575394
vertex 3.574372 17.379310 -4.873873
endloop
endfacet
facet normal 0.338895 0.522269 -0.782551
outer loop
vertex 3.631647 18.206897 -4.296744
vertex 4.551200 18.206897 -3.898518
vertex 3.574372 17.379310 -4.873873
endloop
endfacet
facet normal 0.160987 0.630379 -0.759412
outer loop
vertex 5.528539 18.206897 -3.677226
vertex 5.513774 17.379310 -4.367326
vertex 4.532266 17.379310 -4.575394
endloop
endfacet
facet normal 0.173060 0.621176 -0.764324
outer loop
vertex 4.551200 18.206897 -3.898518
vertex 5.528539 18.206897 -3.677226
vertex 4.532266 17.379310 -4.575394
endloop
endfacet
facet normal 0.212615 0.511033 -0.832851
outer loop
vertex 6.527690 18.206897 -3.600684
vertex 6.485916 17.379310 -4.119152
vertex 5.513774 17.379310 -4.367326
endloop
endfacet
facet normal 0.058773 0.638702 -0.767206
outer loop
vertex 5.528539 18.206897 -3.677226
vertex 6.527690 18.206897 -3.600684
vertex 5.513774 17.379310 -4.367326
endloop
endfacet
facet normal -0.127666 0.534220 -0.835650
outer loop
vertex 7.518897 18.206897 -3.747900
vertex 7.477728 17.379310 -4.270675
vertex 6.485916 17.379310 -4.119152
endloop
endfacet
facet normal -0.124462 0.531277 -0.838006
outer loop
vertex 6.527690 18.206897 -3.600684
vertex 7.518897 18.206897 -3.747900
vertex 6.485916 17.379310 -4.119152
endloop
endfacet
facet normal -0.324758 0.493499 -0.806840
outer loop
vertex 8.436574 18.206897 -4.150429
vertex 8.408480 17.379310 -4.645309
vertex 7.477728 17.379310 -4.270675
endloop
endfacet
facet normal -0.344683 0.513527 -0.785801
outer loop
vertex 7.518897 18.206897 -3.747900
vertex 8.436574 18.206897 -4.150429
vertex 7.477728 17.379310 -4.270675
endloop
endfacet
facet normal -0.359324 0.411370 -0.837652
outer loop
vertex 9.317165 18.206897 -4.628677
vertex 9.330544 17.379310 -5.040844
vertex 8.408480 17.379310 -4.645309
endloop
endfacet
facet normal -0.419644 0.476296 -0.772684
outer loop
vertex 8.436574 18.206897 -4.150429
vertex 9.317165 18.206897 -4.628677
vertex 8.408480 17.379310 -4.645309
endloop
endfacet
facet normal 0.011330 -0.024591 -0.999633
outer loop
vertex 10.225878 18.206897 -5.051054
vertex 10.333800 17.379310 -5.029472
vertex 9.330544 17.379310 -5.040844
endloop
endfacet
facet normal -0.385119 0.406423 -0.828555
outer loop
vertex 9.317165 18.206897 -4.628677
vertex 10.225878 18.206897 -5.051054
vertex 9.330544 17.379310 -5.040844
endloop
endfacet
facet normal 0.519343 -0.348507 -0.780273
outer loop
vertex 11.201351 18.206897 -4.821677
vertex 11.169027 17.379310 -4.473553
vertex 10.333800 17.379310 -5.029472
endloop
endfacet
facet normal 0.228899 0.004464 -0.973440
outer loop
vertex 10.225878 18.206897 -5.051054
vertex 11.201351 18.206897 -4.821677
vertex 10.333800 17.379310 -5.029472
endloop
endfacet
facet normal 0.531009 -0.468147 -0.706305
outer loop
vertex 12.078964 18.206897 -4.337985
vertex 11.970984 17.379310 -3.870631
vertex 11.169027 17.379310 -4.473553
endloop
endfacet
facet normal 0.450116 -0.361123 -0.816692
outer loop
vertex 11.201351 18.206897 -4.821677
vertex 12.078964 18.206897 -4.337985
vertex 11.169027 17.379310 -4.473553
endloop
endfacet
facet normal 0.462016 -0.585003 -0.666568
outer loop
vertex 12.979309 18.206897 -3.898053
vertex 12.795590 17.379310 -3.299076
vertex 11.970984 17.379310 -3.870631
endloop
endfacet
facet normal 0.382284 -0.491695 -0.782365
outer loop
vertex 12.078964 18.206897 -4.337985
vertex 12.979309 18.206897 -3.898053
vertex 11.970984 17.379310 -3.870631
endloop
endfacet
facet normal 0.299223 -0.738707 -0.603968
outer loop
vertex 13.967327 18.206897 -3.730775
vertex 13.694624 17.379310 -2.853668
vertex 12.795590 17.379310 -3.299076
endloop
endfacet
facet normal 0.133502 -0.600341 -0.788523
outer loop
vertex 12.979309 18.206897 -3.898053
vertex 13.967327 18.206897 -3.730775
vertex 12.795590 17.379310 -3.299076
endloop
endfacet
facet normal 0.019632 -0.764002 -0.644915
outer loop
vertex 14.967325 18.206897 -3.795330
vertex 14.697479 17.379310 -2.823139
vertex 13.694624 17.379310 -2.853668
endloop
endfacet
facet normal -0.044731 -0.719634 -0.692911
outer loop
vertex 13.967327 18.206897 -3.730775
vertex 14.967325 18.206897 -3.795330
vertex 13.694624 17.379310 -2.853668
endloop
endfacet
facet normal -0.374879 -0.517957 -0.768887
outer loop
vertex 15.950046 18.206897 -3.991341
vertex 15.599318 17.379310 -3.262840
vertex 14.697479 17.379310 -2.823139
endloop
endfacet
facet normal -0.132350 -0.736334 -0.663547
outer loop
vertex 14.967325 18.206897 -3.795330
vertex 15.950046 18.206897 -3.991341
vertex 14.697479 17.379310 -2.823139
endloop
endfacet
facet normal 0.046388 -0.459636 -0.886895
outer loop
vertex 16.882611 18.206897 -3.624619
vertex 16.601268 17.379310 -3.210435
vertex 15.599318 17.379310 -3.262840
endloop
endfacet
facet normal 0.262120 -0.697843 -0.666564
outer loop
vertex 15.950046 18.206897 -3.991341
vertex 16.882611 18.206897 -3.624619
vertex 15.599318 17.379310 -3.262840
endloop
endfacet
facet normal 0.487675 -0.458620 -0.742860
outer loop
vertex 17.677699 18.206897 -3.014704
vertex 17.440002 17.379310 -2.659820
vertex 16.601268 17.379310 -3.210435
endloop
endfacet
facet normal 0.520990 -0.517016 -0.679164
outer loop
vertex 16.882611 18.206897 -3.624619
vertex 17.677699 18.206897 -3.014704
vertex 16.601268 17.379310 -3.210435
endloop
endfacet
facet normal 0.652763 -0.465553 -0.597629
outer loop
vertex 18.369266 18.206897 -2.289516
vertex 18.117515 17.379310 -1.919803
vertex 17.440002 17.379310 -2.659820
endloop
endfacet
facet normal 0.646298 -0.449923 -0.616335
outer loop
vertex 17.677699 18.206897 -3.014704
vertex 18.369266 18.206897 -2.289516
vertex 17.440002 17.379310 -2.659820
endloop
endfacet
facet normal 0.759594 -0.342917 -0.552652
outer loop
vertex 18.858441 18.206897 -1.414948
vertex 18.707793 17.379310 -1.108494
vertex 18.117515 17.379310 -1.919803
endloop
endfacet
facet normal 0.785710 -0.435341 -0.439474
outer loop
vertex 18.369266 18.206897 -2.289516
vertex 18.858441 18.206897 -1.414948
vertex 18.117515 17.379310 -1.919803
endloop
endfacet
facet normal 0.823235 -0.212276 -0.526519
outer loop
vertex 19.300394 18.206897 -0.515593
vertex 19.248380 17.379310 -0.263263
vertex 18.707793 17.379310 -1.108494
endloop
endfacet
facet normal 0.853119 -0.310536 -0.419232
outer loop
vertex 18.858441 18.206897 -1.414948
vertex 19.300394 18.206897 -0.515593
vertex 18.707793 17.379310 -1.108494
endloop
endfacet
facet normal -0.854652 0.026868 -0.518506
outer loop
vertex 0.543979 19.034483 -2.639237
vertex 0.519772 18.206897 -2.642222
vertex 0.000000 18.206897 -1.785484
endloop
endfacet
facet normal -0.845585 0.005114 -0.533817
outer loop
vertex 0.000000 19.034483 -1.777556
vertex 0.543979 19.034483 -2.639237
vertex 0.000000 18.206897 -1.785484
endloop
endfacet
facet normal -0.810822 0.071385 -0.580924
outer loop
vertex 1.167797 19.034483 -3.445003
vertex 1.103392 18.206897 -3.456807
vertex 0.519772 18.206897 -2.642222
endloop
endfacet
facet normal -0.790471 0.025328 -0.611976
outer loop
vertex 0.543979 19.034483 -2.639237
vertex 1.167797 19.034483 -3.445003
vertex 0.519772 18.206897 -2.642222
endloop
endfacet
facet normal -0.707000 0.145688 -0.692044
outer loop
vertex 1.927341 19.034483 -4.124341
vertex 1.804354 18.206897 -4.172917
vertex 1.103392 18.206897 -3.456807
endloop
endfacet
facet normal -0.665357 0.062389 -0.743914
outer loop
vertex 1.167797 19.034483 -3.445003
vertex 1.927341 19.034483 -4.124341
vertex 1.103392 18.206897 -3.456807
endloop
endfacet
facet normal -0.414916 0.458658 -0.785798
outer loop
vertex 2.933451 19.034483 -4.286052
vertex 2.690489 18.206897 -4.640813
vertex 1.804354 18.206897 -4.172917
endloop
endfacet
facet normal -0.158168 0.081266 -0.984062
outer loop
vertex 1.927341 19.034483 -4.124341
vertex 2.933451 19.034483 -4.286052
vertex 1.804354 18.206897 -4.172917
endloop
endfacet
facet normal 0.288293 0.543152 -0.788589
outer loop
vertex 3.754111 19.034483 -3.681961
vertex 3.631647 18.206897 -4.296744
vertex 2.690489 18.206897 -4.640813
endloop
endfacet
facet normal 0.584314 0.168732 -0.793793
outer loop
vertex 2.933451 19.034483 -4.286052
vertex 3.754111 19.034483 -3.681961
vertex 2.690489 18.206897 -4.640813
endloop
endfacet
facet normal 0.319672 0.594076 -0.738162
outer loop
vertex 4.647045 19.034483 -3.190965
vertex 4.551200 18.206897 -3.898518
vertex 3.631647 18.206897 -4.296744
endloop
endfacet
facet normal 0.416862 0.501488 -0.758113
outer loop
vertex 3.754111 19.034483 -3.681961
vertex 4.647045 19.034483 -3.190965
vertex 3.631647 18.206897 -4.296744
endloop
endfacet
facet normal 0.155765 0.708857 -0.687938
outer loop
vertex 5.592200 19.034483 -2.810060
vertex 5.528539 18.206897 -3.677226
vertex 4.551200 18.206897 -3.898518
endloop
endfacet
facet normal 0.299080 0.599843 -0.742118
outer loop
vertex 4.647045 19.034483 -3.190965
vertex 5.592200 19.034483 -2.810060
vertex 4.551200 18.206897 -3.898518
endloop
endfacet
facet normal 0.050907 0.745530 -0.664525
outer loop
vertex 6.601074 19.034483 -2.666595
vertex 6.527690 18.206897 -3.600684
vertex 5.528539 18.206897 -3.677226
endloop
endfacet
facet normal 0.098238 0.716312 -0.690830
outer loop
vertex 5.592200 19.034483 -2.810060
vertex 6.601074 19.034483 -2.666595
vertex 5.528539 18.206897 -3.677226
endloop
endfacet
facet normal -0.116250 0.611431 -0.782712
outer loop
vertex 7.522423 19.034483 -3.101938
vertex 7.518897 18.206897 -3.747900
vertex 6.527690 18.206897 -3.600684
endloop
endfacet
facet normal -0.293401 0.726872 -0.620945
outer loop
vertex 6.601074 19.034483 -2.666595
vertex 7.522423 19.034483 -3.101938
vertex 6.527690 18.206897 -3.600684
endloop
endfacet
facet normal -0.349353 0.493583 -0.796447
outer loop
vertex 8.399238 19.034483 -3.621171
vertex 8.436574 18.206897 -4.150429
vertex 7.518897 18.206897 -3.747900
endloop
endfacet
facet normal -0.422570 0.558779 -0.713583
outer loop
vertex 7.522423 19.034483 -3.101938
vertex 8.399238 19.034483 -3.621171
vertex 7.518897 18.206897 -3.747900
endloop
endfacet
facet normal -0.430721 0.430704 -0.793079
outer loop
vertex 9.268569 19.034483 -4.152840
vertex 9.317165 18.206897 -4.628677
vertex 8.436574 18.206897 -4.150429
endloop
endfacet
facet normal -0.462514 0.462774 -0.756255
outer loop
vertex 8.399238 19.034483 -3.621171
vertex 9.268569 19.034483 -4.152840
vertex 8.436574 18.206897 -4.150429
endloop
endfacet
facet normal -0.389993 0.379363 -0.839041
outer loop
vertex 10.160136 19.034483 -4.646313
vertex 10.225878 18.206897 -5.051054
vertex 9.317165 18.206897 -4.628677
endloop
endfacet
facet normal -0.437487 0.428775 -0.790416
outer loop
vertex 9.268569 19.034483 -4.152840
vertex 10.160136 19.034483 -4.646313
vertex 9.317165 18.206897 -4.628677
endloop
endfacet
facet normal 0.221532 -0.251699 -0.942110
outer loop
vertex 11.087062 19.034483 -5.069654
vertex 11.201351 18.206897 -4.821677
vertex 10.225878 18.206897 -5.051054
endloop
endfacet
facet normal -0.384133 0.380825 -0.841079
outer loop
vertex 10.160136 19.034483 -4.646313
vertex 11.087062 19.034483 -5.069654
vertex 10.225878 18.206897 -5.051054
endloop
endfacet
facet normal 0.434719 -0.434608 -0.788755
outer loop
vertex 12.069535 19.034483 -4.799185
vertex 12.078964 18.206897 -4.337985
vertex 11.201351 18.206897 -4.821677
endloop
endfacet
facet normal 0.257359 -0.244576 -0.934852
outer loop
vertex 11.087062 19.034483 -5.069654
vertex 12.069535 19.034483 -4.799185
vertex 11.201351 18.206897 -4.821677
endloop
endfacet
facet normal 0.369963 -0.538376 -0.757151
outer loop
vertex 13.030910 19.034483 -4.461299
vertex 12.979309 18.206897 -3.898053
vertex 12.078964 18.206897 -4.337985
endloop
endfacet
facet normal 0.293943 -0.462733 -0.836346
outer loop
vertex 12.069535 19.034483 -4.799185
vertex 13.030910 19.034483 -4.461299
vertex 12.078964 18.206897 -4.337985
endloop
endfacet
facet normal 0.142410 -0.521734 -0.841138
outer loop
vertex 14.024362 19.034483 -4.234448
vertex 13.967327 18.206897 -3.730775
vertex 12.979309 18.206897 -3.898053
endloop
endfacet
facet normal 0.184311 -0.560832 -0.807154
outer loop
vertex 13.030910 19.034483 -4.461299
vertex 14.024362 19.034483 -4.234448
vertex 12.979309 18.206897 -3.898053
endloop
endfacet
facet normal -0.057627 -0.446999 -0.892676
outer loop
vertex 15.043192 19.034483 -4.214633
vertex 14.967325 18.206897 -3.795330
vertex 13.967327 18.206897 -3.730775
endloop
endfacet
facet normal 0.016601 -0.520653 -0.853607
outer loop
vertex 14.024362 19.034483 -4.234448
vertex 15.043192 19.034483 -4.214633
vertex 13.967327 18.206897 -3.730775
endloop
endfacet
facet normal -0.184897 -0.326325 -0.926998
outer loop
vertex 16.058266 19.034483 -4.304256
vertex 15.950046 18.206897 -3.991341
vertex 14.967325 18.206897 -3.795330
endloop
endfacet
facet normal -0.078770 -0.444799 -0.892160
outer loop
vertex 15.043192 19.034483 -4.214633
vertex 16.058266 19.034483 -4.304256
vertex 14.967325 18.206897 -3.795330
endloop
endfacet
facet normal 0.354987 -0.243057 -0.902722
outer loop
vertex 16.954440 19.034483 -3.819200
vertex 16.882611 18.206897 -3.624619
vertex 15.950046 18.206897 -3.991341
endloop
endfacet
facet normal 0.442751 -0.367191 -0.818011
outer loop
vertex 16.058266 19.034483 -4.304256
vertex 16.954440 19.034483 -3.819200
vertex 15.950046 18.206897 -3.991341
endloop
endfacet
facet normal 0.605785 -0.096918 -0.789704
outer loop
vertex 17.686050 19.034483 -3.109865
vertex 17.677699 18.206897 -3.014704
vertex 16.882611 18.206897 -3.624619
endloop
endfacet
facet normal 0.678496 -0.223426 -0.699803
outer loop
vertex 16.954440 19.034483 -3.819200
vertex 17.686050 19.034483 -3.109865
vertex 16.882611 18.206897 -3.624619
endloop
endfacet
facet normal 0.722743 -0.050966 -0.689235
outer loop
vertex 18.367679 19.034483 -2.352376
vertex 18.369266 18.206897 -2.289516
vertex 17.677699 18.206897 -3.014704
endloop
endfacet
facet normal 0.740714 -0.084117 -0.666534
outer loop
vertex 17.686050 19.034483 -3.109865
vertex 18.367679 19.034483 -2.352376
vertex 17.677699 18.206897 -3.014704
endloop
endfacet
facet normal 0.871986 -0.041931 -0.487731
outer loop
vertex 18.869858 19.034483 -1.465683
vertex 18.858441 18.206897 -1.414948
vertex 18.369266 18.206897 -2.289516
endloop
endfacet
facet normal 0.869584 -0.035740 -0.492490
outer loop
vertex 18.367679 19.034483 -2.352376
vertex 18.869858 19.034483 -1.465683
vertex 18.369266 18.206897 -2.289516
endloop
endfacet
facet normal 0.896977 -0.033781 -0.440785
outer loop
vertex 19.315106 19.034483 -0.549080
vertex 19.300394 18.206897 -0.515593
vertex 18.858441 18.206897 -1.414948
endloop
endfacet
facet normal 0.898802 -0.039166 -0.436601
outer loop
vertex 18.869858 19.034483 -1.465683
vertex 19.315106 19.034483 -0.549080
vertex 18.858441 18.206897 -1.414948
endloop
endfacet
facet normal -0.844726 0.045356 -0.533274
outer loop
vertex 0.562894 19.862069 -2.598813
vertex 0.543979 19.034483 -2.639237
vertex 0.000000 19.034483 -1.777556
endloop
endfacet
facet normal -0.844336 0.044399 -0.533971
outer loop
vertex 0.000000 19.862069 -1.708743
vertex 0.562894 19.862069 -2.598813
vertex 0.000000 19.034483 -1.777556
endloop
endfacet
facet normal -0.789829 0.047572 -0.611480
outer loop
vertex 1.207360 19.862069 -3.431722
vertex 1.167797 19.034483 -3.445003
vertex 0.543979 19.034483 -2.639237
endloop
endfacet
facet normal -0.789984 0.047913 -0.611253
outer loop
vertex 0.562894 19.862069 -2.598813
vertex 1.207360 19.862069 -3.431722
vertex 0.543979 19.034483 -2.639237
endloop
endfacet
facet normal -0.631636 0.319844 -0.706212
outer loop
vertex 2.133188 19.862069 -3.933636
vertex 1.927341 19.034483 -4.124341
vertex 1.167797 19.034483 -3.445003
endloop
endfacet
facet normal -0.476270 0.036867 -0.878526
outer loop
vertex 1.207360 19.862069 -3.431722
vertex 2.133188 19.862069 -3.933636
vertex 1.167797 19.034483 -3.445003
endloop
endfacet
facet normal -0.115827 0.683572 -0.720634
outer loop
vertex 3.105333 19.862069 -3.528656
vertex 2.933451 19.034483 -4.286052
vertex 1.927341 19.034483 -4.124341
endloop
endfacet
facet normal 0.381942 0.116272 -0.916843
outer loop
vertex 2.133188 19.862069 -3.933636
vertex 3.105333 19.862069 -3.528656
vertex 1.927341 19.034483 -4.124341
endloop
endfacet
facet normal 0.518741 0.484036 -0.704711
outer loop
vertex 3.982299 19.862069 -2.945557
vertex 3.754111 19.034483 -3.681961
vertex 2.933451 19.034483 -4.286052
endloop
endfacet
facet normal 0.464847 0.543279 -0.699117
outer loop
vertex 3.105333 19.862069 -3.528656
vertex 3.982299 19.862069 -2.945557
vertex 2.933451 19.034483 -4.286052
endloop
endfacet
facet normal 0.384187 0.603517 -0.698689
outer loop
vertex 4.857781 19.862069 -2.360231
vertex 4.647045 19.034483 -3.190965
vertex 3.754111 19.034483 -3.681961
endloop
endfacet
facet normal 0.479429 0.505892 -0.717092
outer loop
vertex 3.982299 19.862069 -2.945557
vertex 4.857781 19.862069 -2.360231
vertex 3.754111 19.034483 -3.681961
endloop
endfacet
facet normal 0.233326 0.781257 -0.578962
outer loop
vertex 5.652362 19.862069 -1.669061
vertex 5.592200 19.034483 -2.810060
vertex 4.647045 19.034483 -3.190965
endloop
endfacet
facet normal 0.565193 0.508306 -0.649755
outer loop
vertex 4.857781 19.862069 -2.360231
vertex 5.652362 19.862069 -1.669061
vertex 4.647045 19.034483 -3.190965
endloop
endfacet
facet normal 0.078992 0.827766 -0.555486
outer loop
vertex 6.676257 19.862069 -1.422663
vertex 6.601074 19.034483 -2.666595
vertex 5.592200 19.034483 -2.810060
endloop
endfacet
facet normal 0.141050 0.797846 -0.586129
outer loop
vertex 5.652362 19.862069 -1.669061
vertex 6.676257 19.862069 -1.422663
vertex 5.592200 19.034483 -2.810060
endloop
endfacet
facet normal -0.297302 0.718133 -0.629203
outer loop
vertex 7.458872 19.862069 -2.127354
vertex 7.522423 19.034483 -3.101938
vertex 6.601074 19.034483 -2.666595
endloop
endfacet
facet normal -0.433088 0.762296 -0.480978
outer loop
vertex 6.676257 19.862069 -1.422663
vertex 7.458872 19.862069 -2.127354
vertex 6.601074 19.034483 -2.666595
endloop
endfacet
facet normal -0.424486 0.553157 -0.716819
outer loop
vertex 8.206911 19.862069 -2.868645
vertex 8.399238 19.034483 -3.621171
vertex 7.522423 19.034483 -3.101938
endloop
endfacet
facet normal -0.554373 0.616214 -0.559420
outer loop
vertex 7.458872 19.862069 -2.127354
vertex 8.206911 19.862069 -2.868645
vertex 7.522423 19.034483 -3.101938
endloop
endfacet
facet normal -0.475910 0.409853 -0.778158
outer loop
vertex 9.005001 19.862069 -3.555760
vertex 9.268569 19.034483 -4.152840
vertex 8.399238 19.034483 -3.621171
endloop
endfacet
facet normal -0.574703 0.473422 -0.667523
outer loop
vertex 8.206911 19.862069 -2.868645
vertex 9.005001 19.862069 -3.555760
vertex 8.399238 19.034483 -3.621171
endloop
endfacet
facet normal -0.462579 0.295876 -0.835750
outer loop
vertex 9.851378 19.862069 -4.182433
vertex 10.160136 19.034483 -4.646313
vertex 9.268569 19.034483 -4.152840
endloop
endfacet
facet normal -0.554330 0.363604 -0.748672
outer loop
vertex 9.005001 19.862069 -3.555760
vertex 9.851378 19.862069 -4.182433
vertex 9.268569 19.034483 -4.152840
endloop
endfacet
facet normal -0.393665 0.319489 -0.861948
outer loop
vertex 10.803143 19.862069 -4.633231
vertex 11.087062 19.034483 -5.069654
vertex 10.160136 19.034483 -4.646313
endloop
endfacet
facet normal -0.404418 0.327717 -0.853843
outer loop
vertex 9.851378 19.862069 -4.182433
vertex 10.803143 19.862069 -4.633231
vertex 10.160136 19.034483 -4.646313
endloop
endfacet
facet normal 0.262999 -0.134757 -0.955339
outer loop
vertex 11.793284 19.862069 -4.991971
vertex 12.069535 19.034483 -4.799185
vertex 11.087062 19.034483 -5.069654
endloop
endfacet
facet normal -0.318540 0.354352 -0.879185
outer loop
vertex 10.803143 19.862069 -4.633231
vertex 11.793284 19.862069 -4.991971
vertex 11.087062 19.034483 -5.069654
endloop
endfacet
facet normal 0.305762 -0.386850 -0.869975
outer loop
vertex 12.842000 19.862069 -4.895695
vertex 13.030910 19.034483 -4.461299
vertex 12.069535 19.034483 -4.799185
endloop
endfacet
facet normal 0.089619 -0.197491 -0.976200
outer loop
vertex 11.793284 19.862069 -4.991971
vertex 12.842000 19.862069 -4.895695
vertex 12.069535 19.034483 -4.799185
endloop
endfacet
facet normal 0.190550 -0.517048 -0.834477
outer loop
vertex 13.888555 19.862069 -4.778237
vertex 14.024362 19.034483 -4.234448
vertex 13.030910 19.034483 -4.461299
endloop
endfacet
facet normal 0.099911 -0.444460 -0.890210
outer loop
vertex 12.842000 19.862069 -4.895695
vertex 13.888555 19.862069 -4.778237
vertex 13.030910 19.034483 -4.461299
endloop
endfacet
facet normal 0.015737 -0.587367 -0.809168
outer loop
vertex 14.940954 19.862069 -4.817358
vertex 15.043192 19.034483 -4.214633
vertex 14.024362 19.034483 -4.234448
endloop
endfacet
facet normal -0.030965 -0.552421 -0.832990
outer loop
vertex 13.888555 19.862069 -4.778237
vertex 14.940954 19.862069 -4.817358
vertex 14.024362 19.034483 -4.234448
endloop
endfacet
facet normal -0.085009 -0.256417 -0.962821
outer loop
vertex 15.949766 19.862069 -4.515078
vertex 16.058266 19.034483 -4.304256
vertex 15.043192 19.034483 -4.214633
endloop
endfacet
facet normal 0.239318 -0.552112 -0.798686
outer loop
vertex 14.940954 19.862069 -4.817358
vertex 15.949766 19.862069 -4.515078
vertex 15.043192 19.034483 -4.214633
endloop
endfacet
facet normal 0.475444 0.048373 -0.878415
outer loop
vertex 16.780478 19.862069 -3.867783
vertex 16.954440 19.034483 -3.819200
vertex 16.058266 19.034483 -4.304256
endloop
endfacet
facet normal 0.610238 -0.119498 -0.783154
outer loop
vertex 15.949766 19.862069 -4.515078
vertex 16.780478 19.862069 -3.867783
vertex 16.058266 19.034483 -4.304256
endloop
endfacet
facet normal 0.691635 0.112990 -0.713354
outer loop
vertex 17.531053 19.862069 -3.129059
vertex 17.686050 19.034483 -3.109865
vertex 16.954440 19.034483 -3.819200
endloop
endfacet
facet normal 0.697579 0.105026 -0.708769
outer loop
vertex 16.780478 19.862069 -3.867783
vertex 17.531053 19.862069 -3.129059
vertex 16.954440 19.034483 -3.819200
endloop
endfacet
facet normal 0.738286 0.116505 -0.664349
outer loop
vertex 18.239423 19.862069 -2.349774
vertex 18.367679 19.034483 -2.352376
vertex 17.686050 19.034483 -3.109865
endloop
endfacet
facet normal 0.734440 0.122068 -0.667606
outer loop
vertex 17.531053 19.862069 -3.129059
vertex 18.239423 19.862069 -2.349774
vertex 17.686050 19.034483 -3.109865
endloop
endfacet
facet normal 0.866814 0.087345 -0.490921
outer loop
vertex 18.793112 19.862069 -1.453949
vertex 18.869858 19.034483 -1.465683
vertex 18.367679 19.034483 -2.352376
endloop
endfacet
facet normal 0.843156 0.132307 -0.521135
outer loop
vertex 18.239423 19.862069 -2.349774
vertex 18.793112 19.862069 -1.453949
vertex 18.367679 19.034483 -2.352376
endloop
endfacet
facet normal 0.895966 0.088464 -0.435223
outer loop
vertex 19.253855 19.862069 -0.506958
vertex 19.315106 19.034483 -0.549080
vertex 18.869858 19.034483 -1.465683
endloop
endfacet
facet normal 0.895631 0.089235 -0.435755
outer loop
vertex 18.793112 19.862069 -1.453949
vertex 19.253855 19.862069 -0.506958
vertex 18.869858 19.034483 -1.465683
endloop
endfacet
facet normal -0.845071 0.015280 -0.534436
outer loop
vertex 0.561786 20.689655 -2.573399
vertex 0.562894 19.862069 -2.598813
vertex 0.000000 19.862069 -1.708743
endloop
endfacet
facet normal -0.855273 0.040881 -0.516562
outer loop
vertex 0.000000 20.689655 -1.643248
vertex 0.561786 20.689655 -2.573399
vertex 0.000000 19.862069 -1.708743
endloop
endfacet
facet normal -0.773762 0.206999 -0.598701
outer loop
vertex 1.346354 20.689655 -3.325222
vertex 1.207360 19.862069 -3.431722
vertex 0.562894 19.862069 -2.598813
endloop
endfacet
facet normal -0.691723 0.021241 -0.721850
outer loop
vertex 0.561786 20.689655 -2.573399
vertex 1.346354 20.689655 -3.325222
vertex 0.562894 19.862069 -2.598813
endloop
endfacet
facet normal -0.340425 0.699853 -0.627947
outer loop
vertex 2.421497 20.689655 -3.167582
vertex 2.133188 19.862069 -3.933636
vertex 1.207360 19.862069 -3.431722
endloop
endfacet
facet normal 0.144308 0.102420 -0.984218
outer loop
vertex 1.346354 20.689655 -3.325222
vertex 2.421497 20.689655 -3.167582
vertex 1.207360 19.862069 -3.431722
endloop
endfacet
facet normal 0.286427 0.667246 -0.687562
outer loop
vertex 3.359799 20.689655 -2.619517
vertex 3.105333 19.862069 -3.528656
vertex 2.133188 19.862069 -3.933636
endloop
endfacet
facet normal 0.427975 0.529132 -0.732705
outer loop
vertex 2.421497 20.689655 -3.167582
vertex 3.359799 20.689655 -2.619517
vertex 2.133188 19.862069 -3.933636
endloop
endfacet
facet normal 0.410805 0.670456 -0.617841
outer loop
vertex 4.185100 20.689655 -1.912649
vertex 3.982299 19.862069 -2.945557
vertex 3.105333 19.862069 -3.528656
endloop
endfacet
facet normal 0.549316 0.535649 -0.641352
outer loop
vertex 3.359799 20.689655 -2.619517
vertex 4.185100 20.689655 -1.912649
vertex 3.105333 19.862069 -3.528656
endloop
endfacet
facet normal 0.347398 0.780590 -0.519609
outer loop
vertex 4.896397 20.689655 -1.091162
vertex 4.857781 19.862069 -2.360231
vertex 3.982299 19.862069 -2.945557
endloop
endfacet
facet normal 0.639137 0.534083 -0.553406
outer loop
vertex 4.185100 20.689655 -1.912649
vertex 4.896397 20.689655 -1.091162
vertex 3.982299 19.862069 -2.945557
endloop
endfacet
facet normal 0.419491 0.769064 -0.482253
outer loop
vertex 5.673114 20.689655 -0.331232
vertex 5.652362 19.862069 -1.669061
vertex 4.857781 19.862069 -2.360231
endloop
endfacet
facet normal 0.479071 0.728512 -0.489655
outer loop
vertex 4.896397 20.689655 -1.091162
vertex 5.673114 20.689655 -0.331232
vertex 4.857781 19.862069 -2.360231
endloop
endfacet
facet normal 0.133236 0.822017 -0.553657
outer loop
vertex 6.748682 20.689655 -0.176512
vertex 6.676257 19.862069 -1.422663
vertex 5.652362 19.862069 -1.669061
endloop
endfacet
facet normal 0.075582 0.847476 -0.525425
outer loop
vertex 5.673114 20.689655 -0.331232
vertex 6.748682 20.689655 -0.176512
vertex 5.652362 19.862069 -1.669061
endloop
endfacet
facet normal -0.510585 0.646347 -0.567044
outer loop
vertex 7.347193 20.689655 -1.083468
vertex 7.458872 19.862069 -2.127354
vertex 6.676257 19.862069 -1.422663
endloop
endfacet
facet normal -0.619644 0.669950 -0.408910
outer loop
vertex 6.748682 20.689655 -0.176512
vertex 7.347193 20.689655 -1.083468
vertex 6.676257 19.862069 -1.422663
endloop
endfacet
facet normal -0.625096 0.459743 -0.630786
outer loop
vertex 7.935850 20.689655 -1.996850
vertex 8.206911 19.862069 -2.868645
vertex 7.458872 19.862069 -2.127354
endloop
endfacet
facet normal -0.730294 0.495124 -0.470661
outer loop
vertex 7.347193 20.689655 -1.083468
vertex 7.935850 20.689655 -1.996850
vertex 7.458872 19.862069 -2.127354
endloop
endfacet
facet normal -0.609201 0.358032 -0.707593
outer loop
vertex 8.640996 20.689655 -2.823623
vertex 9.005001 19.862069 -3.555760
vertex 8.206911 19.862069 -2.868645
endloop
endfacet
facet normal -0.697858 0.398419 -0.595195
outer loop
vertex 7.935850 20.689655 -1.996850
vertex 8.640996 20.689655 -2.823623
vertex 8.206911 19.862069 -2.868645
endloop
endfacet
facet normal -0.537253 0.429947 -0.725607
outer loop
vertex 9.527396 20.689655 -3.452177
vertex 9.851378 19.862069 -4.182433
vertex 9.005001 19.862069 -3.555760
endloop
endfacet
facet normal -0.524059 0.423300 -0.739039
outer loop
vertex 8.640996 20.689655 -2.823623
vertex 9.527396 20.689655 -3.452177
vertex 9.005001 19.862069 -3.555760
endloop
endfacet
facet normal -0.358620 0.546000 -0.757150
outer loop
vertex 10.517045 20.689655 -3.900929
vertex 10.803143 19.862069 -4.633231
vertex 9.851378 19.862069 -4.182433
endloop
endfacet
facet normal -0.347525 0.540225 -0.766409
outer loop
vertex 9.527396 20.689655 -3.452177
vertex 10.517045 20.689655 -3.900929
vertex 9.851378 19.862069 -4.182433
endloop
endfacet
facet normal -0.301031 0.468027 -0.830862
outer loop
vertex 11.476519 20.689655 -4.411022
vertex 11.793284 19.862069 -4.991971
vertex 10.803143 19.862069 -4.633231
endloop
endfacet
facet normal -0.399136 0.526345 -0.750767
outer loop
vertex 10.517045 20.689655 -3.900929
vertex 11.476519 20.689655 -4.411022
vertex 10.803143 19.862069 -4.633231
endloop
endfacet
facet normal 0.088578 0.247418 -0.964852
outer loop
vertex 12.520353 20.689655 -4.713004
vertex 12.842000 19.862069 -4.895695
vertex 11.793284 19.862069 -4.991971
endloop
endfacet
facet normal -0.241650 0.493862 -0.835288
outer loop
vertex 11.476519 20.689655 -4.411022
vertex 12.520353 20.689655 -4.713004
vertex 11.793284 19.862069 -4.991971
endloop
endfacet
facet normal 0.111046 0.093365 -0.989420
outer loop
vertex 13.606830 20.689655 -4.731761
vertex 13.888555 19.862069 -4.778237
vertex 12.842000 19.862069 -4.895695
endloop
endfacet
facet normal -0.016879 0.209270 -0.977712
outer loop
vertex 12.520353 20.689655 -4.713004
vertex 13.606830 20.689655 -4.731761
vertex 12.842000 19.862069 -4.895695
endloop
endfacet
facet normal -0.037094 0.054118 -0.997845
outer loop
vertex 14.693013 20.689655 -4.763257
vertex 14.940954 19.862069 -4.817358
vertex 13.888555 19.862069 -4.778237
endloop
endfacet
facet normal -0.028953 0.046218 -0.998512
outer loop
vertex 13.606830 20.689655 -4.731761
vertex 14.693013 20.689655 -4.763257
vertex 13.888555 19.862069 -4.778237
endloop
endfacet
facet normal 0.283945 0.146255 -0.947621
outer loop
vertex 15.734110 20.689655 -4.451968
vertex 15.949766 19.862069 -4.515078
vertex 14.940954 19.862069 -4.817358
endloop
endfacet
facet normal 0.283364 0.146848 -0.947703
outer loop
vertex 14.693013 20.689655 -4.763257
vertex 15.734110 20.689655 -4.451968
vertex 14.940954 19.862069 -4.817358
endloop
endfacet
facet normal 0.601190 0.208071 -0.771542
outer loop
vertex 16.595105 20.689655 -3.789042
vertex 16.780478 19.862069 -3.867783
vertex 15.949766 19.862069 -4.515078
endloop
endfacet
facet normal 0.595897 0.214300 -0.773939
outer loop
vertex 15.734110 20.689655 -4.451968
vertex 16.595105 20.689655 -3.789042
vertex 15.949766 19.862069 -4.515078
endloop
endfacet
facet normal 0.688520 0.191175 -0.699566
outer loop
vertex 17.386872 20.689655 -3.044804
vertex 17.531053 19.862069 -3.129059
vertex 16.780478 19.862069 -3.867783
endloop
endfacet
facet normal 0.668516 0.217411 -0.711209
outer loop
vertex 16.595105 20.689655 -3.789042
vertex 17.386872 20.689655 -3.044804
vertex 16.780478 19.862069 -3.867783
endloop
endfacet
facet normal 0.719115 0.235755 -0.653676
outer loop
vertex 18.089674 20.689655 -2.216037
vertex 18.239423 19.862069 -2.349774
vertex 17.531053 19.862069 -3.129059
endloop
endfacet
facet normal 0.748061 0.194910 -0.634362
outer loop
vertex 17.386872 20.689655 -3.044804
vertex 18.089674 20.689655 -2.216037
vertex 17.531053 19.862069 -3.129059
endloop
endfacet
facet normal 0.834435 0.194232 -0.515745
outer loop
vertex 18.689483 20.689655 -1.309939
vertex 18.793112 19.862069 -1.453949
vertex 18.239423 19.862069 -2.349774
endloop
endfacet
facet normal 0.810813 0.233450 -0.536734
outer loop
vertex 18.089674 20.689655 -2.216037
vertex 18.689483 20.689655 -1.309939
vertex 18.239423 19.862069 -2.349774
endloop
endfacet
facet normal 0.889560 0.146170 -0.432801
outer loop
vertex 19.195146 20.689655 -0.348124
vertex 19.253855 19.862069 -0.506958
vertex 18.793112 19.862069 -1.453949
endloop
endfacet
facet normal 0.869282 0.188376 -0.457015
outer loop
vertex 18.689483 20.689655 -1.309939
vertex 19.195146 20.689655 -0.348124
vertex 18.793112 19.862069 -1.453949
endloop
endfacet
facet normal -0.824303 0.269563 -0.497856
outer loop
vertex 0.644219 21.517241 -2.261790
vertex 0.561786 20.689655 -2.573399
vertex 0.000000 20.689655 -1.643248
endloop
endfacet
facet normal -0.775061 0.143374 -0.615406
outer loop
vertex 0.000000 21.517241 -1.450441
vertex 0.644219 21.517241 -2.261790
vertex 0.000000 20.689655 -1.643248
endloop
endfacet
facet normal -0.503795 0.685413 -0.525737
outer loop
vertex 1.644397 21.517241 -2.531886
vertex 1.346354 20.689655 -3.325222
vertex 0.561786 20.689655 -2.573399
endloop
endfacet
facet normal -0.242934 0.362921 -0.899595
outer loop
vertex 0.644219 21.517241 -2.261790
vertex 1.644397 21.517241 -2.531886
vertex 0.561786 20.689655 -2.573399
endloop
endfacet
facet normal 0.088272 0.793572 -0.602039
outer loop
vertex 2.564501 21.517241 -2.055740
vertex 2.421497 20.689655 -3.167582
vertex 1.346354 20.689655 -3.325222
endloop
endfacet
facet normal 0.379019 0.565607 -0.732416
outer loop
vertex 1.644397 21.517241 -2.531886
vertex 2.564501 21.517241 -2.055740
vertex 1.346354 20.689655 -3.325222
endloop
endfacet
facet normal 0.300009 0.803857 -0.513622
outer loop
vertex 3.320412 21.517241 -1.347289
vertex 3.359799 20.689655 -2.619517
vertex 2.421497 20.689655 -3.167582
endloop
endfacet
facet normal 0.517934 0.652949 -0.552631
outer loop
vertex 2.564501 21.517241 -2.055740
vertex 3.320412 21.517241 -1.347289
vertex 2.421497 20.689655 -3.167582
endloop
endfacet
facet normal 0.390121 0.800211 -0.455485
outer loop
vertex 4.029509 21.517241 -0.591982
vertex 4.185100 20.689655 -1.912649
vertex 3.359799 20.689655 -2.619517
endloop
endfacet
facet normal 0.493629 0.735910 -0.463429
outer loop
vertex 3.320412 21.517241 -1.347289
vertex 4.029509 21.517241 -0.591982
vertex 3.359799 20.689655 -2.619517
endloop
endfacet
facet normal 0.601022 0.606591 -0.520403
outer loop
vertex 4.932734 21.517241 -0.084547
vertex 4.896397 20.689655 -1.091162
vertex 4.185100 20.689655 -1.912649
endloop
endfacet
facet normal 0.273791 0.829178 -0.487342
outer loop
vertex 4.029509 21.517241 -0.591982
vertex 4.932734 21.517241 -0.084547
vertex 4.185100 20.689655 -1.912649
endloop
endfacet
facet normal 0.699240 0.016886 -0.714687
outer loop
vertex 5.966978 21.517241 -0.024167
vertex 5.673114 20.689655 -0.331232
vertex 4.896397 20.689655 -1.091162
endloop
endfacet
facet normal 0.037097 0.771265 -0.635432
outer loop
vertex 4.932734 21.517241 -0.084547
vertex 5.966978 21.517241 -0.024167
vertex 4.896397 20.689655 -1.091162
endloop
endfacet
facet normal -0.736423 0.470650 -0.485973
outer loop
vertex 7.762240 21.517241 -0.910920
vertex 7.347193 20.689655 -1.083468
vertex 6.748682 20.689655 -0.176512
endloop
endfacet
facet normal -0.652294 0.137390 -0.745410
outer loop
vertex 6.982598 21.517241 -0.228671
vertex 7.762240 21.517241 -0.910920
vertex 6.748682 20.689655 -0.176512
endloop
endfacet
facet normal -0.751838 0.447163 -0.484546
outer loop
vertex 8.299206 21.517241 -1.796908
vertex 7.935850 20.689655 -1.996850
vertex 7.347193 20.689655 -1.083468
endloop
endfacet
facet normal -0.753448 0.473073 -0.456639
outer loop
vertex 7.762240 21.517241 -0.910920
vertex 8.299206 21.517241 -1.796908
vertex 7.347193 20.689655 -1.083468
endloop
endfacet
facet normal -0.650078 0.519606 -0.554444
outer loop
vertex 9.042405 21.517241 -2.518684
vertex 8.640996 20.689655 -2.823623
vertex 7.935850 20.689655 -1.996850
endloop
endfacet
facet normal -0.628280 0.432145 -0.646927
outer loop
vertex 8.299206 21.517241 -1.796908
vertex 9.042405 21.517241 -2.518684
vertex 7.935850 20.689655 -1.996850
endloop
endfacet
facet normal -0.487563 0.538078 -0.687571
outer loop
vertex 9.914017 21.517241 -3.078683
vertex 9.527396 20.689655 -3.452177
vertex 8.640996 20.689655 -2.823623
endloop
endfacet
facet normal -0.469165 0.496630 -0.730235
outer loop
vertex 9.042405 21.517241 -2.518684
vertex 9.914017 21.517241 -3.078683
vertex 8.640996 20.689655 -2.823623
endloop
endfacet
facet normal -0.383904 0.368545 -0.846636
outer loop
vertex 10.773582 21.517241 -3.657003
vertex 10.517045 20.689655 -3.900929
vertex 9.527396 20.689655 -3.452177
endloop
endfacet
facet normal -0.471192 0.536193 -0.700339
outer loop
vertex 9.914017 21.517241 -3.078683
vertex 10.773582 21.517241 -3.657003
vertex 9.527396 20.689655 -3.452177
endloop
endfacet
facet normal -0.446553 0.308319 -0.839958
outer loop
vertex 11.654677 21.517241 -4.201959
vertex 11.476519 20.689655 -4.411022
vertex 10.517045 20.689655 -3.900929
endloop
endfacet
facet normal -0.486060 0.382301 -0.785870
outer loop
vertex 10.773582 21.517241 -3.657003
vertex 11.654677 21.517241 -4.201959
vertex 10.517045 20.689655 -3.900929
endloop
endfacet
facet normal -0.242977 0.485359 -0.839874
outer loop
vertex 12.687499 21.517241 -4.283102
vertex 12.520353 20.689655 -4.713004
vertex 11.476519 20.689655 -4.411022
endloop
endfacet
facet normal -0.075640 0.259498 -0.962777
outer loop
vertex 11.654677 21.517241 -4.201959
vertex 12.687499 21.517241 -4.283102
vertex 11.476519 20.689655 -4.411022
endloop
endfacet
facet normal -0.014818 0.512879 -0.858333
outer loop
vertex 13.722576 21.517241 -4.239253
vertex 13.606830 20.689655 -4.731761
vertex 12.520353 20.689655 -4.713004
endloop
endfacet
facet normal 0.037698 0.454645 -0.889875
outer loop
vertex 12.687499 21.517241 -4.283102
vertex 13.722576 21.517241 -4.239253
vertex 12.520353 20.689655 -4.713004
endloop
endfacet
facet normal -0.024343 0.542794 -0.839513
outer loop
vertex 14.758540 21.517241 -4.230074
vertex 14.693013 20.689655 -4.763257
vertex 13.606830 20.689655 -4.731761
endloop
endfacet
facet normal 0.007618 0.510603 -0.859783
outer loop
vertex 13.722576 21.517241 -4.239253
vertex 14.758540 21.517241 -4.230074
vertex 13.606830 20.689655 -4.731761
endloop
endfacet
facet normal 0.260027 0.419631 -0.869653
outer loop
vertex 15.776928 21.517241 -4.039833
vertex 15.734110 20.689655 -4.451968
vertex 14.693013 20.689655 -4.763257
endloop
endfacet
facet normal 0.156153 0.526182 -0.835912
outer loop
vertex 14.758540 21.517241 -4.230074
vertex 15.776928 21.517241 -4.039833
vertex 14.693013 20.689655 -4.763257
endloop
endfacet
facet normal 0.578860 0.315752 -0.751812
outer loop
vertex 16.612835 21.517241 -3.427815
vertex 16.595105 20.689655 -3.789042
vertex 15.734110 20.689655 -4.451968
endloop
endfacet
facet normal 0.553815 0.348037 -0.756412
outer loop
vertex 15.776928 21.517241 -4.039833
vertex 16.612835 21.517241 -3.427815
vertex 15.734110 20.689655 -4.451968
endloop
endfacet
facet normal 0.652132 0.305606 -0.693778
outer loop
vertex 17.357658 21.517241 -2.707715
vertex 17.386872 20.689655 -3.044804
vertex 16.595105 20.689655 -3.789042
endloop
endfacet
facet normal 0.665959 0.286393 -0.688824
outer loop
vertex 16.612835 21.517241 -3.427815
vertex 17.357658 21.517241 -2.707715
vertex 16.595105 20.689655 -3.789042
endloop
endfacet
facet normal 0.716287 0.343475 -0.607418
outer loop
vertex 17.978927 21.517241 -1.878661
vertex 18.089674 20.689655 -2.216037
vertex 17.386872 20.689655 -3.044804
endloop
endfacet
facet normal 0.772088 0.262918 -0.578579
outer loop
vertex 17.357658 21.517241 -2.707715
vertex 17.978927 21.517241 -1.878661
vertex 17.386872 20.689655 -3.044804
endloop
endfacet
facet normal 0.783546 0.342085 -0.518684
outer loop
vertex 18.531715 21.517241 -1.002458
vertex 18.689483 20.689655 -1.309939
vertex 18.089674 20.689655 -2.216037
endloop
endfacet
facet normal 0.802983 0.313974 -0.506594
outer loop
vertex 17.978927 21.517241 -1.878661
vertex 18.531715 21.517241 -1.002458
vertex 18.089674 20.689655 -2.216037
endloop
endfacet
facet normal 0.880467 0.102503 -0.462895
outer loop
vertex 19.179748 21.517241 -0.194152
vertex 19.195146 20.689655 -0.348124
vertex 18.689483 20.689655 -1.309939
endloop
endfacet
facet normal 0.729055 0.356149 -0.584497
outer loop
vertex 18.531715 21.517241 -1.002458
vertex 19.179748 21.517241 -0.194152
vertex 18.689483 20.689655 -1.309939
endloop
endfacet
facet normal -0.462375 0.807108 -0.367131
outer loop
vertex 0.866799 22.344828 -0.722730
vertex 0.644219 21.517241 -2.261790
vertex 0.000000 21.517241 -1.450441
endloop
endfacet
facet normal -0.281328 0.782765 -0.555098
outer loop
vertex 0.000000 22.344828 -0.283430
vertex 0.866799 22.344828 -0.722730
vertex 0.000000 21.517241 -1.450441
endloop
endfacet
facet normal -0.103859 0.917225 -0.384593
outer loop
vertex 1.831860 22.344828 -0.608782
vertex 1.644397 21.517241 -2.531886
vertex 0.644219 21.517241 -2.261790
endloop
endfacet
facet normal 0.056578 0.875896 -0.479171
outer loop
vertex 0.866799 22.344828 -0.722730
vertex 1.831860 22.344828 -0.608782
vertex 0.644219 21.517241 -2.261790
endloop
endfacet
facet normal 0.217592 0.880826 -0.420476
outer loop
vertex 2.729557 22.344828 -0.236671
vertex 2.564501 21.517241 -2.055740
vertex 1.644397 21.517241 -2.531886
endloop
endfacet
facet normal 0.167230 0.899598 -0.403433
outer loop
vertex 1.831860 22.344828 -0.608782
vertex 2.729557 22.344828 -0.236671
vertex 1.644397 21.517241 -2.531886
endloop
endfacet
facet normal 0.511314 0.664013 -0.545568
outer loop
vertex 3.674153 22.344828 -0.008498
vertex 3.320412 21.517241 -1.347289
vertex 2.564501 21.517241 -2.055740
endloop
endfacet
facet normal 0.101352 0.902042 -0.419581
outer loop
vertex 2.729557 22.344828 -0.236671
vertex 3.674153 22.344828 -0.008498
vertex 2.564501 21.517241 -2.055740
endloop
endfacet
facet normal 0.728036 -0.052914 -0.683494
outer loop
vertex 4.645876 22.344828 0.000484
vertex 4.029509 21.517241 -0.591982
vertex 3.320412 21.517241 -1.347289
endloop
endfacet
facet normal 0.004869 0.850017 -0.526733
outer loop
vertex 3.674153 22.344828 -0.008498
vertex 4.645876 22.344828 0.000484
vertex 3.320412 21.517241 -1.347289
endloop
endfacet
facet normal -0.526170 0.601336 -0.601282
outer loop
vertex 8.375044 22.344828 -0.619512
vertex 7.762240 21.517241 -0.910920
vertex 6.982598 21.517241 -0.228671
endloop
endfacet
facet normal -0.594178 0.719216 -0.360111
outer loop
vertex 9.025129 22.344828 -1.341810
vertex 8.299206 21.517241 -1.796908
vertex 7.762240 21.517241 -0.910920
endloop
endfacet
facet normal -0.584395 0.617931 -0.525969
outer loop
vertex 8.375044 22.344828 -0.619512
vertex 9.025129 22.344828 -1.341810
vertex 7.762240 21.517241 -0.910920
endloop
endfacet
facet normal -0.521108 0.663727 -0.536575
outer loop
vertex 9.650532 22.344828 -2.085582
vertex 9.042405 21.517241 -2.518684
vertex 8.299206 21.517241 -1.796908
endloop
endfacet
facet normal -0.534413 0.715874 -0.449363
outer loop
vertex 9.025129 22.344828 -1.341810
vertex 9.650532 22.344828 -2.085582
vertex 8.299206 21.517241 -1.796908
endloop
endfacet
facet normal -0.476092 0.473532 -0.741016
outer loop
vertex 10.306852 22.344828 -2.802221
vertex 9.914017 21.517241 -3.078683
vertex 9.042405 21.517241 -2.518684
endloop
endfacet
facet normal -0.549418 0.667050 -0.503174
outer loop
vertex 9.650532 22.344828 -2.085582
vertex 10.306852 22.344828 -2.802221
vertex 9.042405 21.517241 -2.518684
endloop
endfacet
facet normal -0.502208 0.436595 -0.746439
outer loop
vertex 11.085909 22.344828 -3.383079
vertex 10.773582 21.517241 -3.657003
vertex 9.914017 21.517241 -3.078683
endloop
endfacet
facet normal -0.523404 0.482956 -0.701998
outer loop
vertex 10.306852 22.344828 -2.802221
vertex 11.085909 22.344828 -3.383079
vertex 9.914017 21.517241 -3.078683
endloop
endfacet
facet normal -0.394096 0.662336 -0.637181
outer loop
vertex 12.037789 22.344828 -3.578655
vertex 11.654677 21.517241 -4.201959
vertex 10.773582 21.517241 -3.657003
endloop
endfacet
facet normal -0.186853 0.371529 -0.909424
outer loop
vertex 11.085909 22.344828 -3.383079
vertex 12.037789 22.344828 -3.578655
vertex 10.773582 21.517241 -3.657003
endloop
endfacet
facet normal -0.056499 0.692559 -0.719146
outer loop
vertex 13.007211 22.344828 -3.511230
vertex 12.687499 21.517241 -4.283102
vertex 11.654677 21.517241 -4.201959
endloop
endfacet
facet normal 0.056328 0.583890 -0.809877
outer loop
vertex 12.037789 22.344828 -3.578655
vertex 13.007211 22.344828 -3.511230
vertex 11.654677 21.517241 -4.201959
endloop
endfacet
facet normal 0.030563 0.691794 -0.721448
outer loop
vertex 13.975977 22.344828 -3.434948
vertex 13.722576 21.517241 -4.239253
vertex 12.687499 21.517241 -4.283102
endloop
endfacet
facet normal 0.058363 0.668749 -0.741194
outer loop
vertex 13.007211 22.344828 -3.511230
vertex 13.975977 22.344828 -3.434948
vertex 12.687499 21.517241 -4.283102
endloop
endfacet
facet normal 0.006266 0.707022 -0.707164
outer loop
vertex 14.947147 22.344828 -3.400983
vertex 14.758540 21.517241 -4.230074
vertex 13.722576 21.517241 -4.239253
endloop
endfacet
facet normal 0.025207 0.692747 -0.720740
outer loop
vertex 13.975977 22.344828 -3.434948
vertex 14.947147 22.344828 -3.400983
vertex 13.722576 21.517241 -4.239253
endloop
endfacet
facet normal 0.148389 0.589059 -0.794349
outer loop
vertex 15.918911 22.344828 -3.399603
vertex 15.776928 21.517241 -4.039833
vertex 14.758540 21.517241 -4.230074
endloop
endfacet
facet normal 0.001003 0.707634 -0.706578
outer loop
vertex 14.947147 22.344828 -3.400983
vertex 15.918911 22.344828 -3.399603
vertex 14.758540 21.517241 -4.230074
endloop
endfacet
facet normal 0.554449 0.345134 -0.757277
outer loop
vertex 16.771947 22.344828 -2.934141
vertex 16.612835 21.517241 -3.427815
vertex 15.776928 21.517241 -4.039833
endloop
endfacet
facet normal 0.411286 0.512548 -0.753750
outer loop
vertex 15.918911 22.344828 -3.399603
vertex 16.771947 22.344828 -2.934141
vertex 15.776928 21.517241 -4.039833
endloop
endfacet
facet normal 0.640260 0.389231 -0.662243
outer loop
vertex 17.393224 22.344828 -2.186919
vertex 17.357658 21.517241 -2.707715
vertex 16.612835 21.517241 -3.427815
endloop
endfacet
facet normal 0.748785 0.227419 -0.622577
outer loop
vertex 16.771947 22.344828 -2.934141
vertex 17.393224 22.344828 -2.186919
vertex 16.612835 21.517241 -3.427815
endloop
endfacet
facet normal 0.729705 0.410511 -0.546819
outer loop
vertex 17.902534 22.344828 -1.359314
vertex 17.978927 21.517241 -1.878661
vertex 17.357658 21.517241 -2.707715
endloop
endfacet
facet normal 0.817244 0.281372 -0.502933
outer loop
vertex 17.393224 22.344828 -2.186919
vertex 17.902534 22.344828 -1.359314
vertex 17.357658 21.517241 -2.707715
endloop
endfacet
facet normal 0.751923 0.457794 -0.474381
outer loop
vertex 18.347685 22.344828 -0.495505
vertex 18.531715 21.517241 -1.002458
vertex 17.978927 21.517241 -1.878661
endloop
endfacet
facet normal 0.833802 0.346615 -0.429688
outer loop
vertex 17.902534 22.344828 -1.359314
vertex 18.347685 22.344828 -0.495505
vertex 17.978927 21.517241 -1.878661
endloop
endfacet
facet normal 0.775826 0.105918 -0.621994
outer loop
vertex 19.199753 22.344828 -0.028272
vertex 19.179748 21.517241 -0.194152
vertex 18.531715 21.517241 -1.002458
endloop
endfacet
facet normal 0.404231 0.541456 -0.737172
outer loop
vertex 18.347685 22.344828 -0.495505
vertex 19.199753 22.344828 -0.028272
vertex 18.531715 21.517241 -1.002458
endloop
endfacet
facet normal -0.350260 0.632207 -0.691110
outer loop
vertex 0.934520 23.172414 0.000000
vertex 0.866799 22.344828 -0.722730
vertex 0.000000 22.344828 -0.283430
endloop
endfacet
facet normal 0.094923 0.587110 -0.803923
outer loop
vertex 1.869039 23.172414 0.000000
vertex 1.831860 22.344828 -0.608782
vertex 0.866799 22.344828 -0.722730
endloop
endfacet
facet normal 0.000000 0.657779 -0.753211
outer loop
vertex 0.934520 23.172414 0.000000
vertex 1.869039 23.172414 0.000000
vertex 0.866799 22.344828 -0.722730
endloop
endfacet
facet normal 0.373184 0.224092 -0.900287
outer loop
vertex 2.803559 23.172414 0.000000
vertex 2.729557 22.344828 -0.236671
vertex 1.831860 22.344828 -0.608782
endloop
endfacet
facet normal 0.000000 0.592556 -0.805529
outer loop
vertex 1.869039 23.172414 0.000000
vertex 2.803559 23.172414 0.000000
vertex 1.831860 22.344828 -0.608782
endloop
endfacet
facet normal -0.550157 0.672420 -0.495154
outer loop
vertex 9.253222 23.172414 -0.471377
vertex 9.025129 22.344828 -1.341810
vertex 8.375044 22.344828 -0.619512
endloop
endfacet
facet normal -0.621141 0.584294 -0.522288
outer loop
vertex 9.741644 23.172414 -1.268101
vertex 9.650532 22.344828 -2.085582
vertex 9.025129 22.344828 -1.341810
endloop
endfacet
facet normal -0.670713 0.617317 -0.411173
outer loop
vertex 9.253222 23.172414 -0.471377
vertex 9.741644 23.172414 -1.268101
vertex 9.025129 22.344828 -1.341810
endloop
endfacet
facet normal -0.619404 0.542718 -0.567270
outer loop
vertex 10.307862 23.172414 -2.011556
vertex 10.306852 22.344828 -2.802221
vertex 9.650532 22.344828 -2.085582
endloop
endfacet
facet normal -0.655999 0.565733 -0.499612
outer loop
vertex 9.741644 23.172414 -1.268101
vertex 10.307862 23.172414 -2.011556
vertex 9.650532 22.344828 -2.085582
endloop
endfacet
facet normal -0.483058 0.588981 -0.647886
outer loop
vertex 11.037914 23.172414 -2.594951
vertex 11.085909 22.344828 -3.383079
vertex 10.306852 22.344828 -2.802221
endloop
endfacet
facet normal -0.500110 0.598520 -0.625830
outer loop
vertex 10.307862 23.172414 -2.011556
vertex 11.037914 23.172414 -2.594951
vertex 10.306852 22.344828 -2.802221
endloop
endfacet
facet normal -0.137337 0.730988 -0.668427
outer loop
vertex 11.970186 23.172414 -2.659722
vertex 12.037789 22.344828 -3.578655
vertex 11.085909 22.344828 -3.383079
endloop
endfacet
facet normal -0.050349 0.687225 -0.724698
outer loop
vertex 11.037914 23.172414 -2.594951
vertex 11.970186 23.172414 -2.659722
vertex 11.085909 22.344828 -3.383079
endloop
endfacet
facet normal 0.045433 0.755803 -0.653221
outer loop
vertex 12.899495 23.172414 -2.561173
vertex 13.007211 22.344828 -3.511230
vertex 12.037789 22.344828 -3.578655
endloop
endfacet
facet normal 0.070486 0.743799 -0.664676
outer loop
vertex 11.970186 23.172414 -2.659722
vertex 12.899495 23.172414 -2.561173
vertex 12.037789 22.344828 -3.578655
endloop
endfacet
facet normal 0.050125 0.769581 -0.636579
outer loop
vertex 13.826914 23.172414 -2.446189
vertex 13.975977 22.344828 -3.434948
vertex 13.007211 22.344828 -3.511230
endloop
endfacet
facet normal 0.080525 0.756091 -0.649494
outer loop
vertex 12.899495 23.172414 -2.561173
vertex 13.826914 23.172414 -2.446189
vertex 13.007211 22.344828 -3.511230
endloop
endfacet
facet normal 0.022319 0.769562 -0.638182
outer loop
vertex 14.760715 23.172414 -2.409545
vertex 14.947147 22.344828 -3.400983
vertex 13.975977 22.344828 -3.434948
endloop
endfacet
facet normal 0.025092 0.768456 -0.639411
outer loop
vertex 13.826914 23.172414 -2.446189
vertex 14.760715 23.172414 -2.409545
vertex 13.975977 22.344828 -3.434948
endloop
endfacet
facet normal 0.000912 0.766205 -0.642596
outer loop
vertex 15.695227 23.172414 -2.413141
vertex 15.918911 22.344828 -3.399603
vertex 14.947147 22.344828 -3.400983
endloop
endfacet
facet normal -0.002467 0.767462 -0.641090
outer loop
vertex 14.760715 23.172414 -2.409545
vertex 15.695227 23.172414 -2.413141
vertex 14.947147 22.344828 -3.400983
endloop
endfacet
facet normal 0.402794 0.541144 -0.738187
outer loop
vertex 16.629712 23.172414 -2.405072
vertex 16.771947 22.344828 -2.934141
vertex 15.918911 22.344828 -3.399603
endloop
endfacet
facet normal 0.005544 0.766710 -0.641970
outer loop
vertex 15.695227 23.172414 -2.413141
vertex 16.629712 23.172414 -2.405072
vertex 15.918911 22.344828 -3.399603
endloop
endfacet
facet normal 0.710835 0.381320 -0.591024
outer loop
vertex 17.305003 23.172414 -1.759078
vertex 17.393224 22.344828 -2.186919
vertex 16.771947 22.344828 -2.934141
endloop
endfacet
facet normal 0.597762 0.502211 -0.624872
outer loop
vertex 16.629712 23.172414 -2.405072
vertex 17.305003 23.172414 -1.759078
vertex 16.771947 22.344828 -2.934141
endloop
endfacet
facet normal 0.818324 0.277011 -0.503598
outer loop
vertex 17.845520 23.172414 -0.996734
vertex 17.902534 22.344828 -1.359314
vertex 17.393224 22.344828 -2.186919
endloop
endfacet
facet normal 0.761040 0.360082 -0.539592
outer loop
vertex 17.305003 23.172414 -1.759078
vertex 17.845520 23.172414 -0.996734
vertex 17.393224 22.344828 -2.186919
endloop
endfacet
facet normal 0.871050 0.199436 -0.448884
outer loop
vertex 18.316006 23.172414 -0.189287
vertex 18.347685 22.344828 -0.495505
vertex 17.902534 22.344828 -1.359314
endloop
endfacet
facet normal 0.832003 0.269715 -0.484794
outer loop
vertex 17.845520 23.172414 -0.996734
vertex 18.316006 23.172414 -0.189287
vertex 17.902534 22.344828 -1.359314
endloop
endfacet
facet normal -0.551754 0.720405 -0.420218
outer loop
vertex 10.272648 24.000000 -0.546539
vertex 10.307862 23.172414 -2.011556
vertex 9.741644 23.172414 -1.268101
endloop
endfacet
facet normal -0.390700 0.779945 -0.488916
outer loop
vertex 10.888391 24.000000 -1.155256
vertex 11.037914 23.172414 -2.594951
vertex 10.307862 23.172414 -2.011556
endloop
endfacet
facet normal -0.443717 0.775667 -0.448839
outer loop
vertex 10.272648 24.000000 -0.546539
vertex 10.888391 24.000000 -1.155256
vertex 10.307862 23.172414 -2.011556
endloop
endfacet
facet normal -0.033514 0.875317 -0.482386
outer loop
vertex 11.754142 24.000000 -1.143009
vertex 11.970186 23.172414 -2.659722
vertex 11.037914 23.172414 -2.594951
endloop
endfacet
facet normal 0.007042 0.867263 -0.497801
outer loop
vertex 10.888391 24.000000 -1.155256
vertex 11.754142 24.000000 -1.143009
vertex 11.037914 23.172414 -2.594951
endloop
endfacet
facet normal 0.049550 0.882737 -0.467248
outer loop
vertex 12.612325 24.000000 -1.028127
vertex 12.899495 23.172414 -2.561173
vertex 11.970186 23.172414 -2.659722
endloop
endfacet
facet normal 0.063063 0.879828 -0.471090
outer loop
vertex 11.754142 24.000000 -1.143009
vertex 12.612325 24.000000 -1.028127
vertex 11.970186 23.172414 -2.659722
endloop
endfacet
facet normal 0.053541 0.900356 -0.431847
outer loop
vertex 13.438453 24.000000 -0.768921
vertex 13.826914 23.172414 -2.446189
vertex 12.899495 23.172414 -2.561173
endloop
endfacet
facet normal 0.141094 0.881972 -0.449687
outer loop
vertex 12.612325 24.000000 -1.028127
vertex 13.438453 24.000000 -0.768921
vertex 12.899495 23.172414 -2.561173
endloop
endfacet
facet normal 0.017308 0.897314 -0.441053
outer loop
vertex 14.303925 24.000000 -0.743760
vertex 14.760715 23.172414 -2.409545
vertex 13.826914 23.172414 -2.446189
endloop
endfacet
facet normal 0.012794 0.897877 -0.440061
outer loop
vertex 13.438453 24.000000 -0.768921
vertex 14.303925 24.000000 -0.743760
vertex 13.826914 23.172414 -2.446189
endloop
endfacet
facet normal -0.001709 0.896013 -0.444024
outer loop
vertex 15.169759 24.000000 -0.741102
vertex 15.695227 23.172414 -2.413141
vertex 14.760715 23.172414 -2.409545
endloop
endfacet
facet normal 0.001365 0.895714 -0.444629
outer loop
vertex 14.303925 24.000000 -0.743760
vertex 15.169759 24.000000 -0.741102
vertex 14.760715 23.172414 -2.409545
endloop
endfacet
facet normal 0.003978 0.887576 -0.460645
outer loop
vertex 16.032384 24.000000 -0.815628
vertex 16.629712 23.172414 -2.405072
vertex 15.695227 23.172414 -2.413141
endloop
endfacet
facet normal -0.039146 0.890596 -0.453108
outer loop
vertex 15.169759 24.000000 -0.741102
vertex 16.032384 24.000000 -0.815628
vertex 15.695227 23.172414 -2.413141
endloop
endfacet
facet normal 0.446560 0.763329 -0.466812
outer loop
vertex 16.897980 24.000000 -0.795178
vertex 17.305003 23.172414 -1.759078
vertex 16.629712 23.172414 -2.405072
endloop
endfacet
facet normal 0.010834 0.888581 -0.458592
outer loop
vertex 16.032384 24.000000 -0.815628
vertex 16.897980 24.000000 -0.795178
vertex 16.629712 23.172414 -2.405072
endloop
endfacet
facet normal 0.743279 0.412079 -0.526999
outer loop
vertex 17.720770 24.000000 -0.525563
vertex 17.845520 23.172414 -0.996734
vertex 17.305003 23.172414 -1.759078
endloop
endfacet
facet normal 0.193583 0.783278 -0.590764
outer loop
vertex 16.897980 24.000000 -0.795178
vertex 17.720770 24.000000 -0.525563
vertex 17.305003 23.172414 -1.759078
endloop
endfacet
facet normal 0.863503 -0.034707 -0.503149
outer loop
vertex 18.436896 24.000000 -0.038903
vertex 18.316006 23.172414 -0.189287
vertex 17.845520 23.172414 -0.996734
endloop
endfacet
facet normal 0.491325 0.485682 -0.722989
outer loop
vertex 17.720770 24.000000 -0.525563
vertex 18.436896 24.000000 -0.038903
vertex 17.845520 23.172414 -0.996734
endloop
endfacet
facet normal 0.000000 -1.000000 0.000000
outer loop
vertex 15.415341 0.000000 0.496519
vertex 14.694970 0.000000 0.018721
vertex 14.694970 0.000000 -0.018721
endloop
endfacet
facet normal 0.000000 -1.000000 -0.000000
outer loop
vertex 15.415341 0.000000 0.496519
vertex 14.694970 0.000000 -0.018721
vertex 15.415341 0.000000 -0.496519
endloop
endfacet
facet normal -0.898831 0.438296 0.000000
outer loop
vertex 14.694970 0.000000 0.018721
vertex 15.098525 0.827586 1.145166
vertex 15.098525 0.827586 -1.145166
endloop
endfacet
facet normal -0.898831 0.438296 0.000000
outer loop
vertex 14.694970 0.000000 0.018721
vertex 15.098525 0.827586 -1.145166
vertex 14.694970 0.000000 -0.018721
endloop
endfacet
facet normal 0.000000 -1.000000 0.000000
outer loop
vertex 16.076226 0.000000 1.053705
vertex 15.415341 0.000000 0.496519
vertex 15.415341 0.000000 -0.496519
endloop
endfacet
facet normal 0.000000 -1.000000 -0.000000
outer loop
vertex 16.076226 0.000000 1.053705
vertex 15.415341 0.000000 -0.496519
vertex 16.076226 0.000000 -1.053705
endloop
endfacet
facet normal -0.000000 -1.000000 0.000000
outer loop
vertex 16.836081 0.000000 0.641581
vertex 16.076226 0.000000 1.053705
vertex 16.076226 0.000000 -1.053705
endloop
endfacet
facet normal 0.000000 -1.000000 -0.000000
outer loop
vertex 16.836081 0.000000 0.641581
vertex 16.076226 0.000000 -1.053705
vertex 16.836081 0.000000 -0.641581
endloop
endfacet
facet normal -0.000000 -1.000000 0.000000
outer loop
vertex 17.547908 0.000000 0.151145
vertex 16.836081 0.000000 0.641581
vertex 16.836081 0.000000 -0.641581
endloop
endfacet
facet normal 0.000000 -1.000000 -0.000000
outer loop
vertex 17.547908 0.000000 0.151145
vertex 16.836081 0.000000 -0.641581
vertex 17.547908 0.000000 -0.151145
endloop
endfacet
facet normal 0.994697 0.102853 0.000000
outer loop
vertex 17.462334 0.827586 0.151480
vertex 17.547908 0.000000 0.151145
vertex 17.547908 0.000000 -0.151145
endloop
endfacet
facet normal 0.994697 0.102853 0.000000
outer loop
vertex 17.462334 0.827586 0.151480
vertex 17.547908 0.000000 -0.151145
vertex 17.462334 0.827586 -0.151480
endloop
endfacet
facet normal -0.997027 0.077047 0.000000
outer loop
vertex 15.098525 0.827586 1.145166
vertex 15.162478 1.655172 1.862311
vertex 15.162478 1.655172 -1.862311
endloop
endfacet
facet normal -0.997027 0.077047 0.000000
outer loop
vertex 15.098525 0.827586 1.145166
vertex 15.162478 1.655172 -1.862311
vertex 15.098525 0.827586 -1.145166
endloop
endfacet
facet normal 0.995139 0.098476 0.000000
outer loop
vertex 17.380438 1.655172 0.258392
vertex 17.462334 0.827586 0.151480
vertex 17.462334 0.827586 -0.151480
endloop
endfacet
facet normal 0.995139 0.098476 0.000000
outer loop
vertex 17.380438 1.655172 0.258392
vertex 17.462334 0.827586 -0.151480
vertex 17.380438 1.655172 -0.258392
endloop
endfacet
facet normal 0.000000 -1.000000 0.000000
outer loop
vertex 15.162478 1.655172 1.862311
vertex 14.662620 1.655172 1.055616
vertex 14.662620 1.655172 -1.055616
endloop
endfacet
facet normal 0.000000 -1.000000 -0.000000
outer loop
vertex 15.162478 1.655172 1.862311
vertex 14.662620 1.655172 -1.055616
vertex 15.162478 1.655172 -1.862311
endloop
endfacet
facet normal -0.998571 -0.053445 0.000000
outer loop
vertex 14.662620 1.655172 1.055616
vertex 14.618327 2.482759 1.533132
vertex 14.618327 2.482759 -1.533132
endloop
endfacet
facet normal -0.998571 -0.053445 -0.000000
outer loop
vertex 14.662620 1.655172 1.055616
vertex 14.618327 2.482759 -1.533132
vertex 14.662620 1.655172 -1.055616
endloop
endfacet
facet normal 1.000000 0.000390 0.000000
outer loop
vertex 17.380116 2.482759 0.378953
vertex 17.380438 1.655172 0.258392
vertex 17.380438 1.655172 -0.258392
endloop
endfacet
facet normal 1.000000 0.000390 0.000000
outer loop
vertex 17.380116 2.482759 0.378953
vertex 17.380438 1.655172 -0.258392
vertex 17.380116 2.482759 -0.378953
endloop
endfacet
facet normal -0.980063 -0.198687 0.000000
outer loop
vertex 14.618327 2.482759 1.533132
vertex 14.450551 3.310345 2.042416
vertex 14.450551 3.310345 -2.042416
endloop
endfacet
facet normal -0.980063 -0.198687 -0.000000
outer loop
vertex 14.618327 2.482759 1.533132
vertex 14.450551 3.310345 -2.042416
vertex 14.618327 2.482759 -1.533132
endloop
endfacet
facet normal 0.998580 -0.053269 0.000000
outer loop
vertex 17.424263 3.310345 0.527374
vertex 17.380116 2.482759 0.378953
vertex 17.380116 2.482759 -0.378953
endloop
endfacet
facet normal 0.998580 -0.053269 0.000000
outer loop
vertex 17.424263 3.310345 0.527374
vertex 17.380116 2.482759 -0.378953
vertex 17.424263 3.310345 -0.527374
endloop
endfacet
facet normal 0.000000 -1.000000 0.000000
outer loop
vertex 13.468446 3.310345 0.381134
vertex 12.541882 3.310345 0.110608
vertex 12.541882 3.310345 -0.110608
endloop
endfacet
facet normal 0.000000 -1.000000 -0.000000
outer loop
vertex 13.468446 3.310345 0.381134
vertex 12.541882 3.310345 -0.110608
vertex 13.468446 3.310345 -0.381134
endloop
endfacet
facet normal -0.839045 -0.544062 0.000000
outer loop
vertex 12.541882 3.310345 0.110608
vertex 12.005250 4.137931 1.116264
vertex 12.005250 4.137931 -1.116264
endloop
endfacet
facet normal -0.839045 -0.544062 -0.000000
outer loop
vertex 12.541882 3.310345 0.110608
vertex 12.005250 4.137931 -1.116264
vertex 12.541882 3.310345 -0.110608
endloop
endfacet
facet normal 0.000000 -1.000000 0.000000
outer loop
vertex 13.938259 3.310345 1.224331
vertex 13.468446 3.310345 0.381134
vertex 13.468446 3.310345 -0.381134
endloop
endfacet
facet normal 0.000000 -1.000000 -0.000000
outer loop
vertex 13.938259 3.310345 1.224331
vertex 13.468446 3.310345 -0.381134
vertex 13.938259 3.310345 -1.224331
endloop
endfacet
facet normal 0.000000 -1.000000 0.000000
outer loop
vertex 14.450551 3.310345 2.042416
vertex 13.938259 3.310345 1.224331
vertex 13.938259 3.310345 -1.224331
endloop
endfacet
facet normal 0.000000 -1.000000 -0.000000
outer loop
vertex 14.450551 3.310345 2.042416
vertex 13.938259 3.310345 -1.224331
vertex 14.450551 3.310345 -2.042416
endloop
endfacet
facet normal 0.993070 -0.117528 0.000000
outer loop
vertex 17.522207 4.137931 0.715661
vertex 17.424263 3.310345 0.527374
vertex 17.424263 3.310345 -0.527374
endloop
endfacet
facet normal 0.993070 -0.117528 0.000000
outer loop
vertex 17.522207 4.137931 0.715661
vertex 17.424263 3.310345 -0.527374
vertex 17.522207 4.137931 -0.715661
endloop
endfacet
facet normal 0.000000 -1.000000 0.000000
outer loop
vertex 2.843155 4.137931 0.216036
vertex 1.902863 4.137931 0.064025
vertex 1.902863 4.137931 -0.064025
endloop
endfacet
facet normal 0.000000 -1.000000 -0.000000
outer loop
vertex 2.843155 4.137931 0.216036
vertex 1.902863 4.137931 -0.064025
vertex 2.843155 4.137931 -0.216036
endloop
endfacet
facet normal -0.999103 -0.042355 0.000000
outer loop
vertex 1.902863 4.137931 0.064025
vertex 1.867779 4.965517 0.565781
vertex 1.867779 4.965517 -0.565781
endloop
endfacet
facet normal -0.999103 -0.042355 -0.000000
outer loop
vertex 1.902863 4.137931 0.064025
vertex 1.867779 4.965517 -0.565781
vertex 1.902863 4.137931 -0.064025
endloop
endfacet
facet normal -0.000000 -1.000000 0.000000
outer loop
vertex 3.788548 4.137931 0.099901
vertex 2.843155 4.137931 0.216036
vertex 2.843155 4.137931 -0.216036
endloop
endfacet
facet normal 0.000000 -1.000000 -0.000000
outer loop
vertex 3.788548 4.137931 0.099901
vertex 2.843155 4.137931 -0.216036
vertex 3.788548 4.137931 -0.099901
endloop
endfacet
facet normal -0.000000 -1.000000 0.000000
outer loop
vertex 4.736168 4.137931 0.003604
vertex 3.788548 4.137931 0.099901
vertex 3.788548 4.137931 -0.099901
endloop
endfacet
facet normal 0.000000 -1.000000 -0.000000
outer loop
vertex 4.736168 4.137931 0.003604
vertex 3.788548 4.137931 -0.099901
vertex 4.736168 4.137931 -0.003604
endloop
endfacet
facet normal 0.993352 -0.115115 0.000000
outer loop
vertex 4.832073 4.965517 0.732761
vertex 4.736168 4.137931 0.003604
vertex 4.736168 4.137931 -0.003604
endloop
endfacet
facet normal 0.993352 -0.115115 0.000000
outer loop
vertex 4.832073 4.965517 0.732761
vertex 4.736168 4.137931 -0.003604
vertex 4.832073 4.965517 -0.732761
endloop
endfacet
facet normal 0.000000 -1.000000 0.000000
outer loop
vertex 10.449449 4.137931 0.058330
vertex 9.498663 4.137931 0.001210
vertex 9.498663 4.137931 -0.001210
endloop
endfacet
facet normal 0.000000 -1.000000 -0.000000
outer loop
vertex 10.449449 4.137931 0.058330
vertex 9.498663 4.137931 -0.001210
vertex 10.449449 4.137931 -0.058330
endloop
endfacet
facet normal -0.700337 -0.713812 0.000000
outer loop
vertex 9.498663 4.137931 0.001210
vertex 8.655154 4.965517 0.281247
vertex 8.655154 4.965517 -0.281247
endloop
endfacet
facet normal -0.700337 -0.713812 -0.000000
outer loop
vertex 9.498663 4.137931 0.001210
vertex 8.655154 4.965517 -0.281247
vertex 9.498663 4.137931 -0.001210
endloop
endfacet
facet normal 0.000000 -1.000000 0.000000
outer loop
vertex 11.311360 4.137931 0.463751
vertex 10.449449 4.137931 0.058330
vertex 10.449449 4.137931 -0.058330
endloop
endfacet
facet normal 0.000000 -1.000000 -0.000000
outer loop
vertex 11.311360 4.137931 0.463751
vertex 10.449449 4.137931 -0.058330
vertex 11.311360 4.137931 -0.463751
endloop
endfacet
facet normal 0.000000 -1.000000 0.000000
outer loop
vertex 12.005250 4.137931 1.116264
vertex 11.311360 4.137931 0.463751
vertex 11.311360 4.137931 -0.463751
endloop
endfacet
facet normal 0.000000 -1.000000 -0.000000
outer loop
vertex 12.005250 4.137931 1.116264
vertex 11.311360 4.137931 -0.463751
vertex 12.005250 4.137931 -1.116264
endloop
endfacet
facet normal 0.999889 0.014932 0.000000
outer loop
vertex 17.509848 4.965517 0.939539
vertex 17.522207 4.137931 0.715661
vertex 17.522207 4.137931 -0.715661
endloop
endfacet
facet normal 0.999889 0.014932 0.000000
outer loop
vertex 17.509848 4.965517 0.939539
vertex 17.522207 4.137931 -0.715661
vertex 17.509848 4.965517 -0.939539
endloop
endfacet
facet normal -0.998292 0.058423 0.000000
outer loop
vertex 1.867779 4.965517 0.565781
vertex 1.916211 5.793103 0.680848
vertex 1.916211 5.793103 -0.680848
endloop
endfacet
facet normal -0.998292 0.058423 0.000000
outer loop
vertex 1.867779 4.965517 0.565781
vertex 1.916211 5.793103 -0.680848
vertex 1.867779 4.965517 -0.565781
endloop
endfacet
facet normal -0.000000 -1.000000 0.000000
outer loop
vertex 5.677521 4.965517 0.188592
vertex 4.832073 4.965517 0.732761
vertex 4.832073 4.965517 -0.732761
endloop
endfacet
facet normal 0.000000 -1.000000 -0.000000
outer loop
vertex 5.677521 4.965517 0.188592
vertex 4.832073 4.965517 -0.732761
vertex 5.677521 4.965517 -0.188592
endloop
endfacet
facet normal 0.718532 -0.695494 0.000000
outer loop
vertex 6.478572 5.793103 0.630004
vertex 5.677521 4.965517 0.188592
vertex 5.677521 4.965517 -0.188592
endloop
endfacet
facet normal 0.718532 -0.695494 0.000000
outer loop
vertex 6.478572 5.793103 0.630004
vertex 5.677521 4.965517 -0.188592
vertex 6.478572 5.793103 -0.630004
endloop
endfacet
facet normal 0.000000 -1.000000 0.000000
outer loop
vertex 8.655154 4.965517 0.281247
vertex 7.677708 4.965517 0.045658
vertex 7.677708 4.965517 -0.045658
endloop
endfacet
facet normal 0.000000 -1.000000 -0.000000
outer loop
vertex 8.655154 4.965517 0.281247
vertex 7.677708 4.965517 -0.045658
vertex 8.655154 4.965517 -0.281247
endloop
endfacet
facet normal -0.953056 -0.302793 0.000000
outer loop
vertex 7.677708 4.965517 0.045658
vertex 7.414778 5.793103 0.136802
vertex 7.414778 5.793103 -0.136802
endloop
endfacet
facet normal -0.953056 -0.302793 -0.000000
outer loop
vertex 7.677708 4.965517 0.045658
vertex 7.414778 5.793103 -0.136802
vertex 7.677708 4.965517 -0.045658
endloop
endfacet
facet normal 0.733214 -0.679998 0.000000
outer loop
vertex 18.277368 5.793103 0.808465
vertex 17.509848 4.965517 0.939539
vertex 17.509848 4.965517 -0.939539
endloop
endfacet
facet normal 0.733214 -0.679998 0.000000
outer loop
vertex 18.277368 5.793103 0.808465
vertex 17.509848 4.965517 -0.939539
vertex 18.277368 5.793103 -0.808465
endloop
endfacet
facet normal -0.995881 0.090666 0.000000
outer loop
vertex 1.916211 5.793103 0.680848
vertex 1.991555 6.620690 0.491454
vertex 1.991555 6.620690 -0.491454
endloop
endfacet
facet normal -0.995881 0.090666 0.000000
outer loop
vertex 1.916211 5.793103 0.680848
vertex 1.991555 6.620690 -0.491454
vertex 1.916211 5.793103 -0.680848
endloop
endfacet
facet normal -0.000000 -1.000000 0.000000
outer loop
vertex 7.414778 5.793103 0.136802
vertex 6.478572 5.793103 0.630004
vertex 6.478572 5.793103 -0.630004
endloop
endfacet
facet normal 0.000000 -1.000000 -0.000000
outer loop
vertex 7.414778 5.793103 0.136802
vertex 6.478572 5.793103 -0.630004
vertex 7.414778 5.793103 -0.136802
endloop
endfacet
facet normal 0.656015 -0.754747 0.000000
outer loop
vertex 19.229508 6.620690 0.548222
vertex 18.277368 5.793103 0.808465
vertex 18.277368 5.793103 -0.808465
endloop
endfacet
facet normal 0.656015 -0.754747 0.000000
outer loop
vertex 19.229508 6.620690 0.548222
vertex 18.277368 5.793103 -0.808465
vertex 19.229508 6.620690 -0.548222
endloop
endfacet
facet normal -0.732932 0.680302 0.000000
outer loop
vertex 1.991555 6.620690 0.491454
vertex 2.759716 7.448276 0.892077
vertex 2.759716 7.448276 -0.892077
endloop
endfacet
facet normal -0.732932 0.680302 0.000000
outer loop
vertex 1.991555 6.620690 0.491454
vertex 2.759716 7.448276 -0.892077
vertex 1.991555 6.620690 -0.491454
endloop
endfacet
facet normal 0.645196 -0.764017 0.000000
outer loop
vertex 20.209505 7.448276 0.080496
vertex 19.229508 6.620690 0.548222
vertex 19.229508 6.620690 -0.548222
endloop
endfacet
facet normal 0.645196 -0.764017 0.000000
outer loop
vertex 20.209505 7.448276 0.080496
vertex 19.229508 6.620690 -0.548222
vertex 20.209505 7.448276 -0.080496
endloop
endfacet
facet normal -0.988086 0.153904 0.000000
outer loop
vertex 2.759716 7.448276 0.892077
vertex 2.888621 8.275862 0.540267
vertex 2.888621 8.275862 -0.540267
endloop
endfacet
facet normal -0.988086 0.153904 0.000000
outer loop
vertex 2.759716 7.448276 0.892077
vertex 2.888621 8.275862 -0.540267
vertex 2.759716 7.448276 -0.892077
endloop
endfacet
facet normal 0.999814 0.019271 0.000000
outer loop
vertex 20.193553 8.275862 0.503883
vertex 20.209505 7.448276 0.080496
vertex 20.209505 7.448276 -0.080496
endloop
endfacet
facet normal 0.999814 0.019271 0.000000
outer loop
vertex 20.193553 8.275862 0.503883
vertex 20.209505 7.448276 -0.080496
vertex 20.193553 8.275862 -0.503883
endloop
endfacet
facet normal -0.999922 0.012466 0.000000
outer loop
vertex 2.888621 8.275862 0.540267
vertex 2.898938 9.103448 0.828595
vertex 2.898938 9.103448 -0.828595
endloop
endfacet
facet normal -0.999922 0.012466 0.000000
outer loop
vertex 2.888621 8.275862 0.540267
vertex 2.898938 9.103448 -0.828595
vertex 2.888621 8.275862 -0.540267
endloop
endfacet
facet normal 0.999400 -0.034628 0.000000
outer loop
vertex 20.222228 9.103448 0.973672
vertex 20.193553 8.275862 0.503883
vertex 20.193553 8.275862 -0.503883
endloop
endfacet
facet normal 0.999400 -0.034628 0.000000
outer loop
vertex 20.222228 9.103448 0.973672
vertex 20.193553 8.275862 -0.503883
vertex 20.222228 9.103448 -0.973672
endloop
endfacet
facet normal 0.000000 -1.000000 0.000000
outer loop
vertex 2.087592 9.103448 0.162091
vertex 1.050005 9.103448 0.001083
vertex 1.050005 9.103448 -0.001083
endloop
endfacet
facet normal 0.000000 -1.000000 -0.000000
outer loop
vertex 2.087592 9.103448 0.162091
vertex 1.050005 9.103448 -0.001083
vertex 2.087592 9.103448 -0.162091
endloop
endfacet
facet normal -0.996671 -0.081525 0.000000
outer loop
vertex 1.050005 9.103448 0.001083
vertex 0.982310 9.931034 0.476961
vertex 0.982310 9.931034 -0.476961
endloop
endfacet
facet normal -0.996671 -0.081525 -0.000000
outer loop
vertex 1.050005 9.103448 0.001083
vertex 0.982310 9.931034 -0.476961
vertex 1.050005 9.103448 -0.001083
endloop
endfacet
facet normal 0.000000 -1.000000 0.000000
outer loop
vertex 2.898938 9.103448 0.828595
vertex 2.087592 9.103448 0.162091
vertex 2.087592 9.103448 -0.162091
endloop
endfacet
facet normal 0.000000 -1.000000 -0.000000
outer loop
vertex 2.898938 9.103448 0.828595
vertex 2.087592 9.103448 -0.162091
vertex 2.898938 9.103448 -0.828595
endloop
endfacet
facet normal 0.995483 -0.094943 0.000000
outer loop
vertex 20.301159 9.931034 1.438760
vertex 20.222228 9.103448 0.973672
vertex 20.222228 9.103448 -0.973672
endloop
endfacet
facet normal 0.995483 -0.094943 0.000000
outer loop
vertex 20.301159 9.931034 1.438760
vertex 20.222228 9.103448 -0.973672
vertex 20.301159 9.931034 -1.438760
endloop
endfacet
facet normal 0.000000 -1.000000 0.000000
outer loop
vertex 0.982310 9.931034 0.476961
vertex 0.000000 9.931034 0.001097
vertex 0.000000 9.931034 -0.001097
endloop
endfacet
facet normal 0.000000 -1.000000 -0.000000
outer loop
vertex 0.982310 9.931034 0.476961
vertex 0.000000 9.931034 -0.001097
vertex 0.982310 9.931034 -0.476961
endloop
endfacet
facet normal -1.000000 0.000000 0.000000
outer loop
vertex 0.000000 9.931034 0.001097
vertex 0.000000 10.758621 0.824818
vertex 0.000000 10.758621 -0.824818
endloop
endfacet
facet normal -1.000000 0.000000 0.000000
outer loop
vertex 0.000000 9.931034 0.001097
vertex 0.000000 10.758621 -0.824818
vertex 0.000000 9.931034 -0.001097
endloop
endfacet
facet normal 0.998299 0.058299 0.000000
outer loop
vertex 20.252829 10.758621 1.645927
vertex 20.301159 9.931034 1.438760
vertex 20.301159 9.931034 -1.438760
endloop
endfacet
facet normal 0.998299 0.058299 0.000000
outer loop
vertex 20.252829 10.758621 1.645927
vertex 20.301159 9.931034 -1.438760
vertex 20.252829 10.758621 -1.645927
endloop
endfacet
facet normal -1.000000 0.000000 0.000000
outer loop
vertex 0.000000 10.758621 0.824818
vertex 0.000000 11.586207 1.820671
vertex 0.000000 11.586207 -1.820671
endloop
endfacet
facet normal -1.000000 0.000000 0.000000
outer loop
vertex 0.000000 10.758621 0.824818
vertex 0.000000 11.586207 -1.820671
vertex 0.000000 10.758621 -0.824818
endloop
endfacet
facet normal 0.997309 0.073310 0.000000
outer loop
vertex 20.191995 11.586207 1.617743
vertex 20.252829 10.758621 1.645927
vertex 20.252829 10.758621 -1.645927
endloop
endfacet
facet normal 0.997309 0.073310 0.000000
outer loop
vertex 20.191995 11.586207 1.617743
vertex 20.252829 10.758621 -1.645927
vertex 20.191995 11.586207 -1.617743
endloop
endfacet
facet normal -1.000000 0.000000 0.000000
outer loop
vertex 0.000000 11.586207 1.820671
vertex 0.000000 12.413793 1.788946
vertex 0.000000 12.413793 -1.788946
endloop
endfacet
facet normal -1.000000 0.000000 0.000000
outer loop
vertex 0.000000 11.586207 1.820671
vertex 0.000000 12.413793 -1.788946
vertex 0.000000 11.586207 -1.820671
endloop
endfacet
facet normal 0.998488 -0.054974 0.000000
outer loop
vertex 20.237560 12.413793 1.000069
vertex 20.191995 11.586207 1.617743
vertex 20.191995 11.586207 -1.617743
endloop
endfacet
facet normal 0.998488 -0.054974 0.000000
outer loop
vertex 20.237560 12.413793 1.000069
vertex 20.191995 11.586207 -1.617743
vertex 20.237560 12.413793 -1.000069
endloop
endfacet
facet normal -1.000000 0.000000 0.000000
outer loop
vertex 0.000000 12.413793 1.788946
vertex 0.000000 13.241379 1.696779
vertex 0.000000 13.241379 -1.696779
endloop
endfacet
facet normal -1.000000 0.000000 0.000000
outer loop
vertex 0.000000 12.413793 1.788946
vertex 0.000000 13.241379 -1.696779
vertex 0.000000 12.413793 -1.788946
endloop
endfacet
facet normal 0.999972 -0.007436 0.000000
outer loop
vertex 20.243714 13.241379 0.482977
vertex 20.237560 12.413793 1.000069
vertex 20.237560 12.413793 -1.000069
endloop
endfacet
facet normal 0.999972 -0.007436 0.000000
outer loop
vertex 20.243714 13.241379 0.482977
vertex 20.237560 12.413793 -1.000069
vertex 20.243714 13.241379 -0.482977
endloop
endfacet
facet normal -1.000000 0.000000 0.000000
outer loop
vertex 0.000000 13.241379 1.696779
vertex 0.000000 14.068966 1.770728
vertex 0.000000 14.068966 -1.770728
endloop
endfacet
facet normal -1.000000 0.000000 0.000000
outer loop
vertex 0.000000 13.241379 1.696779
vertex 0.000000 14.068966 -1.770728
vertex 0.000000 13.241379 -1.696779
endloop
endfacet
facet normal 0.999968 0.007964 0.000000
outer loop
vertex 20.237122 14.068966 0.244654
vertex 20.243714 13.241379 0.482977
vertex 20.243714 13.241379 -0.482977
endloop
endfacet
facet normal 0.999968 0.007964 0.000000
outer loop
vertex 20.237122 14.068966 0.244654
vertex 20.243714 13.241379 -0.482977
vertex 20.237122 14.068966 -0.244654
endloop
endfacet
facet normal -1.000000 0.000000 0.000000
outer loop
vertex 0.000000 14.068966 1.770728
vertex 0.000000 14.896552 1.749822
vertex 0.000000 14.896552 -1.749822
endloop
endfacet
facet normal -1.000000 0.000000 0.000000
outer loop
vertex 0.000000 14.068966 1.770728
vertex 0.000000 14.896552 -1.749822
vertex 0.000000 14.068966 -1.770728
endloop
endfacet
facet normal 0.997442 0.071474 0.000000
outer loop
vertex 20.177820 14.896552 -0.027292
vertex 20.237122 14.068966 0.244654
vertex 20.237122 14.068966 -0.244654
endloop
endfacet
facet normal -0.997442 -0.071474 0.000000
outer loop
vertex 20.177820 14.896552 -0.027292
vertex 20.237122 14.068966 -0.244654
vertex 20.177820 14.896552 0.027292
endloop
endfacet
facet normal -1.000000 0.000000 0.000000
outer loop
vertex 0.000000 14.896552 1.749822
vertex 0.000000 15.724138 1.713778
vertex 0.000000 15.724138 -1.713778
endloop
endfacet
facet normal -1.000000 0.000000 0.000000
outer loop
vertex 0.000000 14.896552 1.749822
vertex 0.000000 15.724138 -1.713778
vertex 0.000000 14.896552 -1.749822
endloop
endfacet
facet normal -0.999944 0.010538 0.000000
outer loop
vertex 20.186542 15.724138 0.050584
vertex 20.177820 14.896552 -0.027292
vertex 20.177820 14.896552 0.027292
endloop
endfacet
facet normal 0.999944 -0.010538 0.000000
outer loop
vertex 20.186542 15.724138 0.050584
vertex 20.177820 14.896552 0.027292
vertex 20.186542 15.724138 -0.050584
endloop
endfacet
facet normal 0.000000 1.000000 0.000000
outer loop
vertex 19.209883 15.724138 0.286655
vertex 20.186542 15.724138 0.050584
vertex 20.186542 15.724138 -0.050584
endloop
endfacet
facet normal 0.000000 1.000000 0.000000
outer loop
vertex 19.209883 15.724138 0.286655
vertex 20.186542 15.724138 -0.050584
vertex 19.209883 15.724138 -0.286655
endloop
endfacet
facet normal -1.000000 0.000000 0.000000
outer loop
vertex 0.000000 15.724138 1.713778
vertex 0.000000 16.551724 1.688899
vertex 0.000000 16.551724 -1.688899
endloop
endfacet
facet normal -1.000000 0.000000 0.000000
outer loop
vertex 0.000000 15.724138 1.713778
vertex 0.000000 16.551724 -1.688899
vertex 0.000000 15.724138 -1.713778
endloop
endfacet
facet normal 0.999833 0.018256 0.000000
outer loop
vertex 19.194772 16.551724 0.238967
vertex 19.209883 15.724138 0.286655
vertex 19.209883 15.724138 -0.286655
endloop
endfacet
facet normal 0.999833 0.018256 0.000000
outer loop
vertex 19.194772 16.551724 0.238967
vertex 19.209883 15.724138 -0.286655
vertex 19.194772 16.551724 -0.238967
endloop
endfacet
facet normal -1.000000 0.000000 0.000000
outer loop
vertex 0.000000 16.551724 1.688899
vertex 0.000000 17.379310 1.796844
vertex 0.000000 17.379310 -1.796844
endloop
endfacet
facet normal -1.000000 0.000000 0.000000
outer loop
vertex 0.000000 16.551724 1.688899
vertex 0.000000 17.379310 -1.796844
vertex 0.000000 16.551724 -1.688899
endloop
endfacet
facet normal 0.997909 -0.064641 0.000000
outer loop
vertex 19.248380 17.379310 0.263263
vertex 19.194772 16.551724 0.238967
vertex 19.194772 16.551724 -0.238967
endloop
endfacet
facet normal 0.997909 -0.064641 0.000000
outer loop
vertex 19.248380 17.379310 0.263263
vertex 19.194772 16.551724 -0.238967
vertex 19.248380 17.379310 -0.263263
endloop
endfacet
facet normal -1.000000 0.000000 0.000000
outer loop
vertex 0.000000 17.379310 1.796844
vertex 0.000000 18.206897 1.785484
vertex 0.000000 18.206897 -1.785484
endloop
endfacet
facet normal -1.000000 0.000000 0.000000
outer loop
vertex 0.000000 17.379310 1.796844
vertex 0.000000 18.206897 -1.785484
vertex 0.000000 17.379310 -1.796844
endloop
endfacet
facet normal 0.998031 -0.062726 0.000000
outer loop
vertex 19.300394 18.206897 0.515593
vertex 19.248380 17.379310 0.263263
vertex 19.248380 17.379310 -0.263263
endloop
endfacet
facet normal 0.998031 -0.062726 0.000000
outer loop
vertex 19.300394 18.206897 0.515593
vertex 19.248380 17.379310 -0.263263
vertex 19.300394 18.206897 -0.515593
endloop
endfacet
facet normal -1.000000 0.000000 0.000000
outer loop
vertex 0.000000 18.206897 1.785484
vertex 0.000000 19.034483 1.777556
vertex 0.000000 19.034483 -1.777556
endloop
endfacet
facet normal -1.000000 0.000000 0.000000
outer loop
vertex 0.000000 18.206897 1.785484
vertex 0.000000 19.034483 -1.777556
vertex 0.000000 18.206897 -1.785484
endloop
endfacet
facet normal 0.999842 -0.017774 0.000000
outer loop
vertex 19.315106 19.034483 0.549080
vertex 19.300394 18.206897 0.515593
vertex 19.300394 18.206897 -0.515593
endloop
endfacet
facet normal 0.999842 -0.017774 0.000000
outer loop
vertex 19.315106 19.034483 0.549080
vertex 19.300394 18.206897 -0.515593
vertex 19.315106 19.034483 -0.549080
endloop
endfacet
facet normal -1.000000 0.000000 0.000000
outer loop
vertex 0.000000 19.034483 1.777556
vertex 0.000000 19.862069 1.708743
vertex 0.000000 19.862069 -1.708743
endloop
endfacet
facet normal -1.000000 0.000000 0.000000
outer loop
vertex 0.000000 19.034483 1.777556
vertex 0.000000 19.862069 -1.708743
vertex 0.000000 19.034483 -1.777556
endloop
endfacet
facet normal 0.997272 0.073810 0.000000
outer loop
vertex 19.253855 19.862069 0.506958
vertex 19.315106 19.034483 0.549080
vertex 19.315106 19.034483 -0.549080
endloop
endfacet
facet normal 0.997272 0.073810 0.000000
outer loop
vertex 19.253855 19.862069 0.506958
vertex 19.315106 19.034483 -0.549080
vertex 19.253855 19.862069 -0.506958
endloop
endfacet
facet normal -1.000000 0.000000 0.000000
outer loop
vertex 0.000000 19.862069 1.708743
vertex 0.000000 20.689655 1.643248
vertex 0.000000 20.689655 -1.643248
endloop
endfacet
facet normal -1.000000 0.000000 0.000000
outer loop
vertex 0.000000 19.862069 1.708743
vertex 0.000000 20.689655 -1.643248
vertex 0.000000 19.862069 -1.708743
endloop
endfacet
facet normal 0.000000 1.000000 0.000000
outer loop
vertex 5.673114 20.689655 0.331232
vertex 6.748682 20.689655 0.176512
vertex 6.748682 20.689655 -0.176512
endloop
endfacet
facet normal 0.000000 1.000000 0.000000
outer loop
vertex 5.673114 20.689655 0.331232
vertex 6.748682 20.689655 -0.176512
vertex 5.673114 20.689655 -0.331232
endloop
endfacet
facet normal 0.997493 0.070762 0.000000
outer loop
vertex 19.195146 20.689655 0.348124
vertex 19.253855 19.862069 0.506958
vertex 19.253855 19.862069 -0.506958
endloop
endfacet
facet normal 0.997493 0.070762 0.000000
outer loop
vertex 19.195146 20.689655 0.348124
vertex 19.253855 19.862069 -0.506958
vertex 19.195146 20.689655 -0.348124
endloop
endfacet
facet normal -1.000000 0.000000 0.000000
outer loop
vertex 0.000000 20.689655 1.643248
vertex 0.000000 21.517241 1.450441
vertex 0.000000 21.517241 -1.450441
endloop
endfacet
facet normal -1.000000 0.000000 0.000000
outer loop
vertex 0.000000 20.689655 1.643248
vertex 0.000000 21.517241 -1.450441
vertex 0.000000 20.689655 -1.643248
endloop
endfacet
facet normal 0.000000 1.000000 0.000000
outer loop
vertex 4.029509 21.517241 0.591982
vertex 4.932734 21.517241 0.084547
vertex 4.932734 21.517241 -0.084547
endloop
endfacet
facet normal 0.000000 1.000000 0.000000
outer loop
vertex 4.029509 21.517241 0.591982
vertex 4.932734 21.517241 -0.084547
vertex 4.029509 21.517241 -0.591982
endloop
endfacet
facet normal 0.942355 -0.334616 0.000000
outer loop
vertex 5.966978 21.517241 0.024167
vertex 5.673114 20.689655 0.331232
vertex 5.673114 20.689655 -0.331232
endloop
endfacet
facet normal 0.942355 -0.334616 0.000000
outer loop
vertex 5.966978 21.517241 0.024167
vertex 5.673114 20.689655 -0.331232
vertex 5.966978 21.517241 -0.024167
endloop
endfacet
facet normal 0.000000 1.000000 0.000000
outer loop
vertex 4.932734 21.517241 0.084547
vertex 5.966978 21.517241 0.024167
vertex 5.966978 21.517241 -0.024167
endloop
endfacet
facet normal 0.000000 1.000000 0.000000
outer loop
vertex 4.932734 21.517241 0.084547
vertex 5.966978 21.517241 -0.024167
vertex 4.932734 21.517241 -0.084547
endloop
endfacet
facet normal -0.962299 0.271992 0.000000
outer loop
vertex 6.748682 20.689655 0.176512
vertex 6.982598 21.517241 0.228671
vertex 6.982598 21.517241 -0.228671
endloop
endfacet
facet normal -0.962299 0.271992 0.000000
outer loop
vertex 6.748682 20.689655 0.176512
vertex 6.982598 21.517241 -0.228671
vertex 6.748682 20.689655 -0.176512
endloop
endfacet
facet normal 0.999827 0.018603 0.000000
outer loop
vertex 19.179748 21.517241 0.194152
vertex 19.195146 20.689655 0.348124
vertex 19.195146 20.689655 -0.348124
endloop
endfacet
facet normal 0.999827 0.018603 0.000000
outer loop
vertex 19.179748 21.517241 0.194152
vertex 19.195146 20.689655 -0.348124
vertex 19.179748 21.517241 -0.194152
endloop
endfacet
facet normal -1.000000 0.000000 0.000000
outer loop
vertex 0.000000 21.517241 1.450441
vertex 0.000000 22.344828 0.283430
vertex 0.000000 22.344828 -0.283430
endloop
endfacet
facet normal -1.000000 0.000000 0.000000
outer loop
vertex 0.000000 21.517241 1.450441
vertex 0.000000 22.344828 -0.283430
vertex 0.000000 21.517241 -1.450441
endloop
endfacet
facet normal 0.000000 1.000000 0.000000
outer loop
vertex 2.729557 22.344828 0.236671
vertex 3.674153 22.344828 0.008498
vertex 3.674153 22.344828 -0.008498
endloop
endfacet
facet normal 0.000000 1.000000 0.000000
outer loop
vertex 2.729557 22.344828 0.236671
vertex 3.674153 22.344828 -0.008498
vertex 2.729557 22.344828 -0.236671
endloop
endfacet
facet normal 0.802006 -0.597316 0.000000
outer loop
vertex 4.645876 22.344828 -0.000484
vertex 4.029509 21.517241 0.591982
vertex 4.029509 21.517241 -0.591982
endloop
endfacet
facet normal -0.802006 0.597316 0.000000
outer loop
vertex 4.645876 22.344828 -0.000484
vertex 4.029509 21.517241 -0.591982
vertex 4.645876 22.344828 0.000484
endloop
endfacet
facet normal 0.000000 -1.000000 0.000000
outer loop
vertex 3.674153 22.344828 0.008498
vertex 4.645876 22.344828 -0.000484
vertex 4.645876 22.344828 0.000484
endloop
endfacet
facet normal 0.000000 1.000000 0.000000
outer loop
vertex 3.674153 22.344828 0.008498
vertex 4.645876 22.344828 0.000484
vertex 3.674153 22.344828 -0.008498
endloop
endfacet
facet normal -0.510914 0.859632 0.000000
outer loop
vertex 6.982598 21.517241 0.228671
vertex 8.375044 22.344828 0.619512
vertex 8.375044 22.344828 -0.619512
endloop
endfacet
facet normal -0.510914 0.859632 0.000000
outer loop
vertex 6.982598 21.517241 0.228671
vertex 8.375044 22.344828 -0.619512
vertex 6.982598 21.517241 -0.228671
endloop
endfacet
facet normal 0.999708 -0.024165 0.000000
outer loop
vertex 19.199753 22.344828 0.028272
vertex 19.179748 21.517241 0.194152
vertex 19.179748 21.517241 -0.194152
endloop
endfacet
facet normal 0.999708 -0.024165 0.000000
outer loop
vertex 19.199753 22.344828 0.028272
vertex 19.179748 21.517241 -0.194152
vertex 19.199753 22.344828 -0.028272
endloop
endfacet
facet normal 0.000000 1.000000 0.000000
outer loop
vertex 18.347685 22.344828 0.495505
vertex 19.199753 22.344828 0.028272
vertex 19.199753 22.344828 -0.028272
endloop
endfacet
facet normal 0.000000 1.000000 0.000000
outer loop
vertex 18.347685 22.344828 0.495505
vertex 19.199753 22.344828 -0.028272
vertex 18.347685 22.344828 -0.495505
endloop
endfacet
facet normal -0.662976 0.748640 0.000000
outer loop
vertex 0.000000 22.344828 0.283430
vertex 0.934520 23.172414 0.000000
vertex 0.000000 22.344828 -0.283430
endloop
endfacet
facet normal 0.996026 -0.089064 0.000000
outer loop
vertex 2.803559 23.172414 0.000000
vertex 2.729557 22.344828 0.236671
vertex 2.729557 22.344828 -0.236671
endloop
endfacet
facet normal -0.685833 0.727759 0.000000
outer loop
vertex 8.375044 22.344828 0.619512
vertex 9.253222 23.172414 0.471377
vertex 9.253222 23.172414 -0.471377
endloop
endfacet
facet normal -0.685833 0.727759 0.000000
outer loop
vertex 8.375044 22.344828 0.619512
vertex 9.253222 23.172414 -0.471377
vertex 8.375044 22.344828 -0.619512
endloop
endfacet
facet normal -0.000000 1.000000 0.000000
outer loop
vertex 9.253222 23.172414 0.471377
vertex 9.741644 23.172414 1.268101
vertex 9.741644 23.172414 -1.268101
endloop
endfacet
facet normal 0.000000 1.000000 0.000000
outer loop
vertex 9.253222 23.172414 0.471377
vertex 9.741644 23.172414 -1.268101
vertex 9.253222 23.172414 -0.471377
endloop
endfacet
facet normal 0.999268 0.038251 0.000000
outer loop
vertex 18.316006 23.172414 0.189287
vertex 18.347685 22.344828 0.495505
vertex 18.347685 22.344828 -0.495505
endloop
endfacet
facet normal 0.999268 0.038251 0.000000
outer loop
vertex 18.316006 23.172414 0.189287
vertex 18.347685 22.344828 -0.495505
vertex 18.316006 23.172414 -0.189287
endloop
endfacet
facet normal -0.841648 0.540027 0.000000
outer loop
vertex 9.741644 23.172414 1.268101
vertex 10.272648 24.000000 0.546539
vertex 10.272648 24.000000 -0.546539
endloop
endfacet
facet normal -0.841648 0.540027 0.000000
outer loop
vertex 9.741644 23.172414 1.268101
vertex 10.272648 24.000000 -0.546539
vertex 9.741644 23.172414 -1.268101
endloop
endfacet
facet normal -0.000000 1.000000 0.000000
outer loop
vertex 10.272648 24.000000 0.546539
vertex 10.888391 24.000000 1.155256
vertex 10.888391 24.000000 -1.155256
endloop
endfacet
facet normal 0.000000 1.000000 0.000000
outer loop
vertex 10.272648 24.000000 0.546539
vertex 10.888391 24.000000 -1.155256
vertex 10.272648 24.000000 -0.546539
endloop
endfacet
facet normal 0.000000 1.000000 0.000000
outer loop
vertex 10.888391 24.000000 1.155256
vertex 11.754142 24.000000 1.143009
vertex 11.754142 24.000000 -1.143009
endloop
endfacet
facet normal 0.000000 1.000000 0.000000
outer loop
vertex 10.888391 24.000000 1.155256
vertex 11.754142 24.000000 -1.143009
vertex 10.888391 24.000000 -1.155256
endloop
endfacet
facet normal 0.000000 1.000000 0.000000
outer loop
vertex 11.754142 24.000000 1.143009
vertex 12.612325 24.000000 1.028127
vertex 12.612325 24.000000 -1.028127
endloop
endfacet
facet normal 0.000000 1.000000 0.000000
outer loop
vertex 11.754142 24.000000 1.143009
vertex 12.612325 24.000000 -1.028127
vertex 11.754142 24.000000 -1.143009
endloop
endfacet
facet normal 0.000000 1.000000 0.000000
outer loop
vertex 12.612325 24.000000 1.028127
vertex 13.438453 24.000000 0.768921
vertex 13.438453 24.000000 -0.768921
endloop
endfacet
facet normal 0.000000 1.000000 0.000000
outer loop
vertex 12.612325 24.000000 1.028127
vertex 13.438453 24.000000 -0.768921
vertex 12.612325 24.000000 -1.028127
endloop
endfacet
facet normal 0.000000 1.000000 0.000000
outer loop
vertex 13.438453 24.000000 0.768921
vertex 14.303925 24.000000 0.743760
vertex 14.303925 24.000000 -0.743760
endloop
endfacet
facet normal 0.000000 1.000000 0.000000
outer loop
vertex 13.438453 24.000000 0.768921
vertex 14.303925 24.000000 -0.743760
vertex 13.438453 24.000000 -0.768921
endloop
endfacet
facet normal 0.000000 1.000000 0.000000
outer loop
vertex 14.303925 24.000000 0.743760
vertex 15.169759 24.000000 0.741102
vertex 15.169759 24.000000 -0.741102
endloop
endfacet
facet normal 0.000000 1.000000 0.000000
outer loop
vertex 14.303925 24.000000 0.743760
vertex 15.169759 24.000000 -0.741102
vertex 14.303925 24.000000 -0.743760
endloop
endfacet
facet normal -0.000000 1.000000 0.000000
outer loop
vertex 15.169759 24.000000 0.741102
vertex 16.032384 24.000000 0.815628
vertex 16.032384 24.000000 -0.815628
endloop
endfacet
facet normal 0.000000 1.000000 0.000000
outer loop
vertex 15.169759 24.000000 0.741102
vertex 16.032384 24.000000 -0.815628
vertex 15.169759 24.000000 -0.741102
endloop
endfacet
facet normal 0.000000 1.000000 0.000000
outer loop
vertex 16.032384 24.000000 0.815628
vertex 16.897980 24.000000 0.795178
vertex 16.897980 24.000000 -0.795178
endloop
endfacet
facet normal 0.000000 1.000000 0.000000
outer loop
vertex 16.032384 24.000000 0.815628
vertex 16.897980 24.000000 -0.795178
vertex 16.032384 24.000000 -0.815628
endloop
endfacet
facet normal 0.000000 1.000000 0.000000
outer loop
vertex 16.897980 24.000000 0.795178
vertex 17.720770 24.000000 0.525563
vertex 17.720770 24.000000 -0.525563
endloop
endfacet
facet normal 0.000000 1.000000 0.000000
outer loop
vertex 16.897980 24.000000 0.795178
vertex 17.720770 24.000000 -0.525563
vertex 16.897980 24.000000 -0.795178
endloop
endfacet
facet normal 0.989499 -0.144541 0.000000
outer loop
vertex 18.436896 24.000000 0.038903
vertex 18.316006 23.172414 0.189287
vertex 18.316006 23.172414 -0.189287
endloop
endfacet
facet normal 0.989499 -0.144541 0.000000
outer loop
vertex 18.436896 24.000000 0.038903
vertex 18.316006 23.172414 -0.189287
vertex 18.436896 24.000000 -0.038903
endloop
endfacet
facet normal 0.000000 1.000000 0.000000
outer loop
vertex 17.720770 24.000000 0.525563
vertex 18.436896 24.000000 0.038903
vertex 18.436896 24.000000 -0.038903
endloop
endfacet
facet normal 0.000000 1.000000 0.000000
outer loop
vertex 17.720770 24.000000 0.525563
vertex 18.436896 24.000000 -0.038903
vertex 17.720770 24.000000 -0.525563
endloop
endfacet
endsolid foldforge
