solid foldforge
facet normal -0.007331 -0.773741 0.633459
outer loop
vertex 6.737369 0.000000 0.000002
vertex 7.579484 0.000000 0.009748
vertex 7.527747 0.821691 1.012807
endloop
endfacet
facet normal -0.480532 -0.458915 0.747319
outer loop
vertex 6.737369 0.000000 0.000002
vertex 7.527747 0.821691 1.012807
vertex 6.803200 0.821691 0.546917
endloop
endfacet
facet normal -0.059270 -0.851999 0.520177
outer loop
vertex 7.579484 0.000000 0.009748
vertex 8.416241 0.000000 0.105090
vertex 8.278461 0.821691 1.435241
endloop
endfacet
facet normal -0.330745 -0.738332 0.587771
outer loop
vertex 7.579484 0.000000 0.009748
vertex 8.278461 0.821691 1.435241
vertex 7.527747 0.821691 1.012807
endloop
endfacet
facet normal -0.160446 -0.849045 0.503369
outer loop
vertex 8.416241 0.000000 0.105090
vertex 9.218637 0.000000 0.360850
vertex 9.095670 0.821691 1.707620
endloop
endfacet
facet normal -0.168437 -0.846312 0.505356
outer loop
vertex 8.416241 0.000000 0.105090
vertex 9.095670 0.821691 1.707620
vertex 8.278461 0.821691 1.435241
endloop
endfacet
facet normal -0.171062 -0.819509 0.546940
outer loop
vertex 9.218637 0.000000 0.360850
vertex 10.022412 0.000000 0.612240
vertex 9.949628 0.821691 1.820658
endloop
endfacet
facet normal -0.068181 -0.854428 0.515078
outer loop
vertex 9.218637 0.000000 0.360850
vertex 9.949628 0.821691 1.820658
vertex 9.095670 0.821691 1.707620
endloop
endfacet
facet normal -0.236901 -0.770741 0.591470
outer loop
vertex 10.022412 0.000000 0.612240
vertex 10.804206 0.000000 0.925370
vertex 10.793831 0.821691 1.991955
endloop
endfacet
facet normal -0.112430 -0.824830 0.554089
outer loop
vertex 10.022412 0.000000 0.612240
vertex 10.793831 0.821691 1.991955
vertex 9.949628 0.821691 1.820658
endloop
endfacet
facet normal -0.275551 -0.663101 0.695966
outer loop
vertex 10.804206 0.000000 0.925370
vertex 11.587237 0.000000 1.235393
vertex 11.653630 0.821691 2.044568
endloop
endfacet
facet normal -0.037305 -0.791802 0.609637
outer loop
vertex 10.804206 0.000000 0.925370
vertex 11.653630 0.821691 2.044568
vertex 10.793831 0.821691 1.991955
endloop
endfacet
facet normal 0.049815 -0.681017 0.730571
outer loop
vertex 11.587237 0.000000 1.235393
vertex 12.427457 0.000000 1.178101
vertex 12.508485 0.821691 1.938532
endloop
endfacet
facet normal 0.087600 -0.702547 0.706225
outer loop
vertex 11.587237 0.000000 1.235393
vertex 12.508485 0.821691 1.938532
vertex 11.653630 0.821691 2.044568
endloop
endfacet
facet normal 0.265341 -0.750037 0.605837
outer loop
vertex 12.427457 0.000000 1.178101
vertex 13.198884 0.000000 0.840236
vertex 13.356705 0.821691 1.788383
endloop
endfacet
facet normal 0.127737 -0.680410 0.721613
outer loop
vertex 12.427457 0.000000 1.178101
vertex 13.356705 0.821691 1.788383
vertex 12.508485 0.821691 1.938532
endloop
endfacet
facet normal 0.221494 -0.826067 0.518222
outer loop
vertex 13.198884 0.000000 0.840236
vertex 13.973286 0.000000 0.509248
vertex 14.215043 0.821691 1.715727
endloop
endfacet
facet normal 0.054910 -0.759069 0.648690
outer loop
vertex 13.198884 0.000000 0.840236
vertex 14.215043 0.821691 1.715727
vertex 13.356705 0.821691 1.788383
endloop
endfacet
facet normal 0.052080 -0.816039 0.575646
outer loop
vertex 13.973286 0.000000 0.509248
vertex 14.812032 0.000000 0.433364
vertex 15.064929 0.821691 1.575318
endloop
endfacet
facet normal 0.090557 -0.831470 0.548139
outer loop
vertex 13.973286 0.000000 0.509248
vertex 15.064929 0.821691 1.575318
vertex 14.215043 0.821691 1.715727
endloop
endfacet
facet normal 0.255759 -0.770987 0.583238
outer loop
vertex 14.812032 0.000000 0.433364
vertex 15.583305 0.000000 0.095150
vertex 15.780044 0.821691 1.095076
endloop
endfacet
facet normal 0.335794 -0.798261 0.500022
outer loop
vertex 14.812032 0.000000 0.433364
vertex 15.780044 0.821691 1.095076
vertex 15.064929 0.821691 1.575318
endloop
endfacet
facet normal 0.545098 -0.697166 0.465647
outer loop
vertex 15.583305 0.000000 0.095150
vertex 16.339546 0.821691 0.440111
vertex 15.780044 0.821691 1.095076
endloop
endfacet
facet normal -0.033394 -0.680382 0.732097
outer loop
vertex 4.307025 0.821691 0.004006
vertex 5.167537 0.821691 0.043258
vertex 4.978076 1.643381 0.798262
endloop
endfacet
facet normal -0.685392 -0.132390 0.716038
outer loop
vertex 4.307025 0.821691 0.004006
vertex 4.978076 1.643381 0.798262
vertex 4.346930 1.643381 0.194128
endloop
endfacet
facet normal -0.099634 -0.838343 0.535961
outer loop
vertex 5.167537 0.821691 0.043258
vertex 6.014434 0.821691 0.200694
vertex 5.602458 1.643381 1.409386
endloop
endfacet
facet normal -0.541432 -0.633124 0.553178
outer loop
vertex 5.167537 0.821691 0.043258
vertex 5.602458 1.643381 1.409386
vertex 4.978076 1.643381 0.798262
endloop
endfacet
facet normal -0.226846 -0.825504 0.516801
outer loop
vertex 6.014434 0.821691 0.200694
vertex 6.803200 0.821691 0.546917
vertex 6.428199 1.643381 1.694829
endloop
endfacet
facet normal -0.176791 -0.840943 0.511430
outer loop
vertex 6.014434 0.821691 0.200694
vertex 6.428199 1.643381 1.694829
vertex 5.602458 1.643381 1.409386
endloop
endfacet
facet normal -0.359472 -0.747159 0.559047
outer loop
vertex 6.803200 0.821691 0.546917
vertex 7.527747 0.821691 1.012807
vertex 7.265992 1.643381 1.942675
endloop
endfacet
facet normal -0.159627 -0.826659 0.539587
outer loop
vertex 6.803200 0.821691 0.546917
vertex 7.265992 1.643381 1.942675
vertex 6.428199 1.643381 1.694829
endloop
endfacet
facet normal -0.361086 -0.676646 0.641691
outer loop
vertex 7.527747 0.821691 1.012807
vertex 8.278461 0.821691 1.435241
vertex 8.100451 1.643381 2.201524
endloop
endfacet
facet normal -0.191999 -0.761601 0.618952
outer loop
vertex 7.527747 0.821691 1.012807
vertex 8.100451 1.643381 2.201524
vertex 7.265992 1.643381 1.942675
endloop
endfacet
facet normal -0.242900 -0.640232 0.728768
outer loop
vertex 8.278461 0.821691 1.435241
vertex 9.095670 0.821691 1.707620
vertex 8.955154 1.643381 2.382652
endloop
endfacet
facet normal -0.149762 -0.691486 0.706695
outer loop
vertex 8.278461 0.821691 1.435241
vertex 8.955154 1.643381 2.382652
vertex 8.100451 1.643381 2.201524
endloop
endfacet
facet normal -0.098663 -0.659325 0.745357
outer loop
vertex 9.095670 0.821691 1.707620
vertex 9.949628 0.821691 1.820658
vertex 9.816347 1.643381 2.529864
endloop
endfacet
facet normal -0.129108 -0.642556 0.755283
outer loop
vertex 9.095670 0.821691 1.707620
vertex 9.816347 1.643381 2.529864
vertex 8.955154 1.643381 2.382652
endloop
endfacet
facet normal -0.152479 -0.641912 0.751464
outer loop
vertex 9.949628 0.821691 1.820658
vertex 10.793831 0.821691 1.991955
vertex 10.678641 1.643381 2.670483
endloop
endfacet
facet normal -0.120950 -0.659763 0.741676
outer loop
vertex 9.949628 0.821691 1.820658
vertex 10.678641 1.643381 2.670483
vertex 9.816347 1.643381 2.529864
endloop
endfacet
facet normal -0.047212 -0.634429 0.771538
outer loop
vertex 10.793831 0.821691 1.991955
vertex 11.653630 0.821691 2.044568
vertex 11.551243 1.643381 2.713972
endloop
endfacet
facet normal -0.038270 -0.639454 0.767876
outer loop
vertex 10.793831 0.821691 1.991955
vertex 11.551243 1.643381 2.713972
vertex 10.678641 1.643381 2.670483
endloop
endfacet
facet normal 0.098821 -0.596257 0.796688
outer loop
vertex 11.653630 0.821691 2.044568
vertex 12.508485 0.821691 1.938532
vertex 12.412210 1.643381 2.565443
endloop
endfacet
facet normal 0.133942 -0.615827 0.776412
outer loop
vertex 11.653630 0.821691 2.044568
vertex 12.412210 1.643381 2.565443
vertex 11.551243 1.643381 2.713972
endloop
endfacet
facet normal 0.137997 -0.610921 0.779572
outer loop
vertex 12.508485 0.821691 1.938532
vertex 13.356705 0.821691 1.788383
vertex 13.277732 1.643381 2.446290
endloop
endfacet
facet normal 0.109635 -0.594763 0.796390
outer loop
vertex 12.508485 0.821691 1.938532
vertex 13.277732 1.643381 2.446290
vertex 12.412210 1.643381 2.565443
endloop
endfacet
facet normal 0.066461 -0.615730 0.785149
outer loop
vertex 13.356705 0.821691 1.788383
vertex 14.215043 0.821691 1.715727
vertex 14.147702 1.643381 2.365813
endloop
endfacet
facet normal 0.072335 -0.619134 0.781947
outer loop
vertex 13.356705 0.821691 1.788383
vertex 14.147702 1.643381 2.365813
vertex 13.277732 1.643381 2.446290
endloop
endfacet
facet normal 0.134031 -0.569088 0.811280
outer loop
vertex 14.215043 0.821691 1.715727
vertex 15.064929 0.821691 1.575318
vertex 14.997485 1.643381 2.162851
endloop
endfacet
facet normal 0.185802 -0.600243 0.777937
outer loop
vertex 14.215043 0.821691 1.715727
vertex 14.997485 1.643381 2.162851
vertex 14.147702 1.643381 2.365813
endloop
endfacet
facet normal 0.457388 -0.571769 0.681085
outer loop
vertex 15.064929 0.821691 1.575318
vertex 15.780044 0.821691 1.095076
vertex 15.783925 1.643381 1.782277
endloop
endfacet
facet normal 0.372222 -0.519435 0.769180
outer loop
vertex 15.064929 0.821691 1.575318
vertex 15.783925 1.643381 1.782277
vertex 14.997485 1.643381 2.162851
endloop
endfacet
facet normal 0.566768 -0.666607 0.484159
outer loop
vertex 15.780044 0.821691 1.095076
vertex 16.339546 0.821691 0.440111
vertex 16.537338 1.643381 1.339903
endloop
endfacet
facet normal 0.410206 -0.586217 0.698627
outer loop
vertex 15.780044 0.821691 1.095076
vertex 16.537338 1.643381 1.339903
vertex 15.783925 1.643381 1.782277
endloop
endfacet
facet normal 0.324017 -0.690568 0.646629
outer loop
vertex 16.339546 0.821691 0.440111
vertex 17.109677 0.821691 0.054209
vertex 17.263783 1.643381 0.854514
endloop
endfacet
facet normal 0.384253 -0.722239 0.575083
outer loop
vertex 16.339546 0.821691 0.440111
vertex 17.263783 1.643381 0.854514
vertex 16.537338 1.643381 1.339903
endloop
endfacet
facet normal 0.491556 -0.653170 0.575970
outer loop
vertex 17.109677 0.821691 0.054209
vertex 17.928348 1.643381 0.287348
vertex 17.263783 1.643381 0.854514
endloop
endfacet
facet normal -0.613886 -0.460255 0.641334
outer loop
vertex 4.346930 1.643381 0.194128
vertex 4.978076 1.643381 0.798262
vertex 4.811930 2.465072 1.228915
endloop
endfacet
facet normal -0.855194 -0.143317 0.498100
outer loop
vertex 4.346930 1.643381 0.194128
vertex 4.811930 2.465072 1.228915
vertex 4.362323 2.465072 0.456980
endloop
endfacet
facet normal -0.607535 -0.495594 0.620716
outer loop
vertex 4.978076 1.643381 0.798262
vertex 5.602458 1.643381 1.409386
vertex 5.418157 2.465072 1.885055
endloop
endfacet
facet normal -0.655848 -0.450199 0.605958
outer loop
vertex 4.978076 1.643381 0.798262
vertex 5.418157 2.465072 1.885055
vertex 4.811930 2.465072 1.228915
endloop
endfacet
facet normal -0.251857 -0.636974 0.728583
outer loop
vertex 5.602458 1.643381 1.409386
vertex 6.428199 1.643381 1.694829
vertex 6.191913 2.465072 2.331524
endloop
endfacet
facet normal -0.426001 -0.522935 0.738283
outer loop
vertex 5.602458 1.643381 1.409386
vertex 6.191913 2.465072 2.331524
vertex 5.418157 2.465072 1.885055
endloop
endfacet
facet normal -0.218325 -0.638502 0.738003
outer loop
vertex 6.428199 1.643381 1.694829
vertex 7.265992 1.643381 1.942675
vertex 7.047359 2.465072 2.588903
endloop
endfacet
facet normal -0.222259 -0.636316 0.738718
outer loop
vertex 6.428199 1.643381 1.694829
vertex 7.047359 2.465072 2.588903
vertex 6.191913 2.465072 2.331524
endloop
endfacet
facet normal -0.235710 -0.605845 0.759863
outer loop
vertex 7.265992 1.643381 1.942675
vertex 8.100451 1.643381 2.201524
vertex 7.915552 2.465072 2.799310
endloop
endfacet
facet normal -0.181504 -0.637302 0.748934
outer loop
vertex 7.265992 1.643381 1.942675
vertex 7.915552 2.465072 2.799310
vertex 7.047359 2.465072 2.588903
endloop
endfacet
facet normal -0.165127 -0.604632 0.779200
outer loop
vertex 8.100451 1.643381 2.201524
vertex 8.955154 1.643381 2.382652
vertex 8.789342 2.465072 2.985116
endloop
endfacet
facet normal -0.165724 -0.604274 0.779351
outer loop
vertex 8.100451 1.643381 2.201524
vertex 8.789342 2.465072 2.985116
vertex 7.915552 2.465072 2.799310
endloop
endfacet
facet normal -0.133936 -0.606749 0.783528
outer loop
vertex 8.955154 1.643381 2.382652
vertex 9.816347 1.643381 2.529864
vertex 9.668967 2.465072 3.140972
endloop
endfacet
facet normal -0.139094 -0.603648 0.785024
outer loop
vertex 8.955154 1.643381 2.382652
vertex 9.668967 2.465072 3.140972
vertex 8.789342 2.465072 2.985116
endloop
endfacet
facet normal -0.129121 -0.596994 0.791786
outer loop
vertex 9.816347 1.643381 2.529864
vertex 10.678641 1.643381 2.670483
vertex 10.552993 2.465072 3.269535
endloop
endfacet
facet normal -0.114481 -0.605986 0.787194
outer loop
vertex 9.816347 1.643381 2.529864
vertex 10.552993 2.465072 3.269535
vertex 9.668967 2.465072 3.140972
endloop
endfacet
facet normal -0.039051 -0.620100 0.783551
outer loop
vertex 10.678641 1.643381 2.670483
vertex 11.551243 1.643381 2.713972
vertex 11.441848 2.465072 3.358804
endloop
endfacet
facet normal -0.080301 -0.595195 0.799559
outer loop
vertex 10.678641 1.643381 2.670483
vertex 11.441848 2.465072 3.358804
vertex 10.552993 2.465072 3.269535
endloop
endfacet
facet normal 0.142880 -0.541884 0.828219
outer loop
vertex 11.551243 1.643381 2.713972
vertex 12.412210 1.643381 2.565443
vertex 12.303179 2.465072 3.121865
endloop
endfacet
facet normal 0.215108 -0.585022 0.781970
outer loop
vertex 11.551243 1.643381 2.713972
vertex 12.303179 2.465072 3.121865
vertex 11.441848 2.465072 3.358804
endloop
endfacet
facet normal 0.112519 -0.565066 0.817337
outer loop
vertex 12.412210 1.643381 2.565443
vertex 13.277732 1.643381 2.446290
vertex 13.191374 2.465072 3.026254
endloop
endfacet
facet normal 0.089364 -0.550305 0.830168
outer loop
vertex 12.412210 1.643381 2.565443
vertex 13.191374 2.465072 3.026254
vertex 12.303179 2.465072 3.121865
endloop
endfacet
facet normal 0.079454 -0.505924 0.858911
outer loop
vertex 13.277732 1.643381 2.446290
vertex 14.147702 1.643381 2.365813
vertex 14.068546 2.465072 2.857136
endloop
endfacet
facet normal 0.157045 -0.558423 0.814556
outer loop
vertex 13.277732 1.643381 2.446290
vertex 14.068546 2.465072 2.857136
vertex 13.191374 2.465072 3.026254
endloop
endfacet
facet normal 0.204805 -0.471963 0.857500
outer loop
vertex 14.147702 1.643381 2.365813
vertex 14.997485 1.643381 2.162851
vertex 14.932667 2.465072 2.630586
endloop
endfacet
facet normal 0.221839 -0.484578 0.846151
outer loop
vertex 14.147702 1.643381 2.365813
vertex 14.932667 2.465072 2.630586
vertex 14.068546 2.465072 2.857136
endloop
endfacet
facet normal 0.392005 -0.436044 0.810061
outer loop
vertex 14.997485 1.643381 2.162851
vertex 15.783925 1.643381 1.782277
vertex 15.739101 2.465072 2.246272
endloop
endfacet
facet normal 0.387851 -0.432680 0.813855
outer loop
vertex 14.997485 1.643381 2.162851
vertex 15.739101 2.465072 2.246272
vertex 14.932667 2.465072 2.630586
endloop
endfacet
facet normal 0.425411 -0.542301 0.724524
outer loop
vertex 15.783925 1.643381 1.782277
vertex 16.537338 1.643381 1.339903
vertex 16.575515 2.465072 1.932517
endloop
endfacet
facet normal 0.312937 -0.454008 0.834235
outer loop
vertex 15.783925 1.643381 1.782277
vertex 16.575515 2.465072 1.932517
vertex 15.739101 2.465072 2.246272
endloop
endfacet
facet normal 0.431897 -0.629006 0.646387
outer loop
vertex 16.537338 1.643381 1.339903
vertex 17.263783 1.643381 0.854514
vertex 17.391448 2.465072 1.568808
endloop
endfacet
facet normal 0.337043 -0.560978 0.756112
outer loop
vertex 16.537338 1.643381 1.339903
vertex 17.391448 2.465072 1.568808
vertex 16.575515 2.465072 1.932517
endloop
endfacet
facet normal 0.549036 -0.533569 0.643322
outer loop
vertex 17.263783 1.643381 0.854514
vertex 17.928348 1.643381 0.287348
vertex 17.995997 2.465072 0.911121
endloop
endfacet
facet normal 0.602379 -0.574930 0.553710
outer loop
vertex 17.263783 1.643381 0.854514
vertex 17.995997 2.465072 0.911121
vertex 17.391448 2.465072 1.568808
endloop
endfacet
facet normal 0.543918 -0.535332 0.646199
outer loop
vertex 17.928348 1.643381 0.287348
vertex 18.679442 2.465072 0.335852
vertex 17.995997 2.465072 0.911121
endloop
endfacet
facet normal -0.444679 -0.305824 0.841862
outer loop
vertex 3.572420 2.465072 0.039746
vertex 4.362323 2.465072 0.456980
vertex 4.292310 3.286762 0.718494
endloop
endfacet
facet normal -0.602305 -0.123744 0.788617
outer loop
vertex 3.572420 2.465072 0.039746
vertex 4.292310 3.286762 0.718494
vertex 3.578829 3.286762 0.173575
endloop
endfacet
facet normal -0.852957 -0.160178 0.496797
outer loop
vertex 4.362323 2.465072 0.456980
vertex 4.811930 2.465072 1.228915
vertex 4.793976 3.286762 1.463022
endloop
endfacet
facet normal -0.804829 -0.241170 0.542298
outer loop
vertex 4.362323 2.465072 0.456980
vertex 4.793976 3.286762 1.463022
vertex 4.292310 3.286762 0.718494
endloop
endfacet
facet normal -0.721136 -0.189830 0.666279
outer loop
vertex 4.811930 2.465072 1.228915
vertex 5.418157 2.465072 1.885055
vertex 5.412839 3.286762 2.113407
endloop
endfacet
facet normal -0.708662 -0.207602 0.674314
outer loop
vertex 4.811930 2.465072 1.228915
vertex 5.412839 3.286762 2.113407
vertex 4.793976 3.286762 1.463022
endloop
endfacet
facet normal -0.465246 -0.365279 0.806298
outer loop
vertex 5.418157 2.465072 1.885055
vertex 6.191913 2.465072 2.331524
vertex 6.122268 3.286762 2.663590
endloop
endfacet
facet normal -0.598068 -0.218185 0.771175
outer loop
vertex 5.418157 2.465072 1.885055
vertex 6.122268 3.286762 2.663590
vertex 5.412839 3.286762 2.113407
endloop
endfacet
facet normal -0.247687 -0.510822 0.823233
outer loop
vertex 6.191913 2.465072 2.331524
vertex 7.047359 2.465072 2.588903
vertex 6.926581 3.286762 3.062429
endloop
endfacet
facet normal -0.412522 -0.371158 0.831906
outer loop
vertex 6.191913 2.465072 2.331524
vertex 6.926581 3.286762 3.062429
vertex 6.122268 3.286762 2.663590
endloop
endfacet
facet normal -0.206578 -0.480364 0.852394
outer loop
vertex 7.047359 2.465072 2.588903
vertex 7.915552 2.465072 2.799310
vertex 7.807382 3.286762 3.236156
endloop
endfacet
facet normal -0.166384 -0.510592 0.843571
outer loop
vertex 7.047359 2.465072 2.588903
vertex 7.807382 3.286762 3.236156
vertex 6.926581 3.286762 3.062429
endloop
endfacet
facet normal -0.180644 -0.495673 0.849515
outer loop
vertex 7.915552 2.465072 2.799310
vertex 8.789342 2.465072 2.985116
vertex 8.681332 3.286762 3.441586
endloop
endfacet
facet normal -0.200696 -0.480343 0.853810
outer loop
vertex 7.915552 2.465072 2.799310
vertex 8.681332 3.286762 3.441586
vertex 7.807382 3.286762 3.236156
endloop
endfacet
facet normal -0.151422 -0.496720 0.854600
outer loop
vertex 8.789342 2.465072 2.985116
vertex 9.668967 2.465072 3.140972
vertex 9.564991 3.286762 3.600141
endloop
endfacet
facet normal -0.153434 -0.495209 0.855118
outer loop
vertex 8.789342 2.465072 2.985116
vertex 9.564991 3.286762 3.600141
vertex 8.681332 3.286762 3.441586
endloop
endfacet
facet normal -0.125458 -0.489950 0.862676
outer loop
vertex 9.668967 2.465072 3.140972
vertex 10.552993 2.465072 3.269535
vertex 10.454468 3.286762 3.721879
endloop
endfacet
facet normal -0.117766 -0.495732 0.860454
outer loop
vertex 9.668967 2.465072 3.140972
vertex 10.454468 3.286762 3.721879
vertex 9.564991 3.286762 3.600141
endloop
endfacet
facet normal -0.086967 -0.492544 0.865932
outer loop
vertex 10.552993 2.465072 3.269535
vertex 11.441848 2.465072 3.358804
vertex 11.347219 3.286762 3.816679
endloop
endfacet
facet normal -0.092129 -0.488662 0.867595
outer loop
vertex 10.552993 2.465072 3.269535
vertex 11.347219 3.286762 3.816679
vertex 10.454468 3.286762 3.721879
endloop
endfacet
facet normal 0.229376 -0.502093 0.833840
outer loop
vertex 11.441848 2.465072 3.358804
vertex 12.303179 2.465072 3.121865
vertex 12.226950 3.286762 3.637612
endloop
endfacet
facet normal 0.176740 -0.463492 0.868296
outer loop
vertex 11.441848 2.465072 3.358804
vertex 12.226950 3.286762 3.637612
vertex 11.347219 3.286762 3.816679
endloop
endfacet
facet normal 0.095729 -0.447210 0.889292
outer loop
vertex 12.303179 2.465072 3.121865
vertex 13.191374 2.465072 3.026254
vertex 13.104642 3.286762 3.448805
endloop
endfacet
facet normal 0.180804 -0.510773 0.840489
outer loop
vertex 12.303179 2.465072 3.121865
vertex 13.104642 3.286762 3.448805
vertex 12.226950 3.286762 3.637612
endloop
endfacet
facet normal 0.173188 -0.403853 0.898281
outer loop
vertex 13.191374 2.465072 3.026254
vertex 14.068546 2.465072 2.857136
vertex 13.978710 3.286762 3.243876
endloop
endfacet
facet normal 0.206060 -0.430216 0.878893
outer loop
vertex 13.191374 2.465072 3.026254
vertex 13.978710 3.286762 3.243876
vertex 13.104642 3.286762 3.448805
endloop
endfacet
facet normal 0.236566 -0.360344 0.902324
outer loop
vertex 14.068546 2.465072 2.857136
vertex 14.932667 2.465072 2.630586
vertex 14.837915 3.286762 2.983570
endloop
endfacet
facet normal 0.267445 -0.386248 0.882772
outer loop
vertex 14.068546 2.465072 2.857136
vertex 14.837915 3.286762 2.983570
vertex 13.978710 3.286762 3.243876
endloop
endfacet
facet normal 0.398226 -0.378342 0.835627
outer loop
vertex 14.932667 2.465072 2.630586
vertex 15.739101 2.465072 2.246272
vertex 15.671603 3.286762 2.650471
endloop
endfacet
facet normal 0.349526 -0.335494 0.874800
outer loop
vertex 14.932667 2.465072 2.630586
vertex 15.671603 3.286762 2.650471
vertex 14.837915 3.286762 2.983570
endloop
endfacet
facet normal 0.315554 -0.439082 0.841209
outer loop
vertex 15.739101 2.465072 2.246272
vertex 16.575515 2.465072 1.932517
vertex 16.527481 3.286762 2.379429
endloop
endfacet
facet normal 0.275914 -0.405919 0.871264
outer loop
vertex 15.739101 2.465072 2.246272
vertex 16.527481 3.286762 2.379429
vertex 15.671603 3.286762 2.650471
endloop
endfacet
facet normal 0.372411 -0.404138 0.835454
outer loop
vertex 16.575515 2.465072 1.932517
vertex 17.391448 2.465072 1.568808
vertex 17.336721 3.286762 1.990683
endloop
endfacet
facet normal 0.392647 -0.421604 0.817361
outer loop
vertex 16.575515 2.465072 1.932517
vertex 17.336721 3.286762 1.990683
vertex 16.527481 3.286762 2.379429
endloop
endfacet
facet normal 0.614243 -0.551287 0.564614
outer loop
vertex 17.391448 2.465072 1.568808
vertex 17.995997 2.465072 0.911121
vertex 18.129093 3.286762 1.568620
endloop
endfacet
facet normal 0.433161 -0.388670 0.813208
outer loop
vertex 17.391448 2.465072 1.568808
vertex 18.129093 3.286762 1.568620
vertex 17.336721 3.286762 1.990683
endloop
endfacet
facet normal 0.463464 -0.694280 0.550615
outer loop
vertex 17.995997 2.465072 0.911121
vertex 18.679442 2.465072 0.335852
vertex 18.929307 3.286762 1.161620
endloop
endfacet
facet normal 0.356311 -0.618281 0.700551
outer loop
vertex 17.995997 2.465072 0.911121
vertex 18.929307 3.286762 1.161620
vertex 18.129093 3.286762 1.568620
endloop
endfacet
facet normal 0.421674 -0.703342 0.572277
outer loop
vertex 18.679442 2.465072 0.335852
vertex 19.652064 3.286762 0.629066
vertex 18.929307 3.286762 1.161620
endloop
endfacet
facet normal -0.139437 -0.519764 0.842854
outer loop
vertex 2.693098 3.286762 0.027044
vertex 3.578829 3.286762 0.173575
vertex 3.472602 4.108453 0.662714
endloop
endfacet
facet normal -0.514473 -0.163194 0.841834
outer loop
vertex 2.693098 3.286762 0.027044
vertex 3.472602 4.108453 0.662714
vertex 2.699895 4.108453 0.190488
endloop
endfacet
facet normal -0.474518 -0.623552 0.621302
outer loop
vertex 3.578829 3.286762 0.173575
vertex 4.292310 3.286762 0.718494
vertex 4.051410 4.108453 1.359174
endloop
endfacet
facet normal -0.693365 -0.432662 0.576236
outer loop
vertex 3.578829 3.286762 0.173575
vertex 4.051410 4.108453 1.359174
vertex 3.472602 4.108453 0.662714
endloop
endfacet
facet normal -0.776969 -0.349628 0.523526
outer loop
vertex 4.292310 3.286762 0.718494
vertex 4.793976 3.286762 1.463022
vertex 4.745870 4.108453 1.940378
endloop
endfacet
facet normal -0.504569 -0.618007 0.602891
outer loop
vertex 4.292310 3.286762 0.718494
vertex 4.745870 4.108453 1.940378
vertex 4.051410 4.108453 1.359174
endloop
endfacet
facet normal -0.699727 -0.258989 0.665813
outer loop
vertex 4.793976 3.286762 1.463022
vertex 5.412839 3.286762 2.113407
vertex 5.466236 4.108453 2.489146
endloop
endfacet
facet normal -0.542529 -0.445497 0.712176
outer loop
vertex 4.793976 3.286762 1.463022
vertex 5.466236 4.108453 2.489146
vertex 4.745870 4.108453 1.940378
endloop
endfacet
facet normal -0.603525 -0.173621 0.778212
outer loop
vertex 5.412839 3.286762 2.113407
vertex 6.122268 3.286762 2.663590
vertex 6.248724 4.108453 2.944981
endloop
endfacet
facet normal -0.473243 -0.340725 0.812372
outer loop
vertex 5.412839 3.286762 2.113407
vertex 6.248724 4.108453 2.944981
vertex 5.466236 4.108453 2.489146
endloop
endfacet
facet normal -0.434557 -0.207803 0.876344
outer loop
vertex 6.122268 3.286762 2.663590
vertex 6.926581 3.286762 3.062429
vertex 7.069297 4.108453 3.328041
endloop
endfacet
facet normal -0.410829 -0.238154 0.880058
outer loop
vertex 6.122268 3.286762 2.663590
vertex 7.069297 4.108453 3.328041
vertex 6.248724 4.108453 2.944981
endloop
endfacet
facet normal -0.178902 -0.381159 0.907035
outer loop
vertex 6.926581 3.286762 3.062429
vertex 7.807382 3.286762 3.236156
vertex 7.931203 4.108453 3.605874
endloop
endfacet
facet normal -0.297332 -0.246524 0.922399
outer loop
vertex 6.926581 3.286762 3.062429
vertex 7.931203 4.108453 3.605874
vertex 7.069297 4.108453 3.328041
endloop
endfacet
facet normal -0.213507 -0.359702 0.908311
outer loop
vertex 7.807382 3.286762 3.236156
vertex 8.681332 3.286762 3.441586
vertex 8.816026 4.108453 3.798647
endloop
endfacet
facet normal -0.197129 -0.377416 0.904819
outer loop
vertex 7.807382 3.286762 3.236156
vertex 8.816026 4.108453 3.798647
vertex 7.931203 4.108453 3.605874
endloop
endfacet
facet normal -0.162820 -0.387375 0.907431
outer loop
vertex 8.681332 3.286762 3.441586
vertex 9.564991 3.286762 3.600141
vertex 9.704094 4.108453 3.975874
endloop
endfacet
facet normal -0.182079 -0.366622 0.912379
outer loop
vertex 8.681332 3.286762 3.441586
vertex 9.704094 4.108453 3.975874
vertex 8.816026 4.108453 3.798647
endloop
endfacet
facet normal -0.122903 -0.422513 0.897985
outer loop
vertex 9.564991 3.286762 3.600141
vertex 10.454468 3.286762 3.721879
vertex 10.596808 4.108453 4.127976
endloop
endfacet
facet normal -0.154728 -0.389062 0.908124
outer loop
vertex 9.564991 3.286762 3.600141
vertex 10.596808 4.108453 4.127976
vertex 9.704094 4.108453 3.975874
endloop
endfacet
facet normal -0.095998 -0.416547 0.904032
outer loop
vertex 10.454468 3.286762 3.721879
vertex 11.347219 3.286762 3.816679
vertex 11.498541 4.108453 4.211355
endloop
endfacet
facet normal -0.083129 -0.429920 0.899032
outer loop
vertex 10.454468 3.286762 3.721879
vertex 11.498541 4.108453 4.211355
vertex 10.596808 4.108453 4.127976
endloop
endfacet
facet normal 0.180302 -0.427616 0.885797
outer loop
vertex 11.347219 3.286762 3.816679
vertex 12.226950 3.286762 3.637612
vertex 12.379862 4.108453 4.003155
endloop
endfacet
facet normal 0.204827 -0.454180 0.867045
outer loop
vertex 11.347219 3.286762 3.816679
vertex 12.379862 4.108453 4.003155
vertex 11.498541 4.108453 4.211355
endloop
endfacet
facet normal 0.195850 -0.364361 0.910431
outer loop
vertex 12.226950 3.286762 3.637612
vertex 13.104642 3.286762 3.448805
vertex 13.248378 4.108453 3.746731
endloop
endfacet
facet normal 0.255340 -0.432258 0.864843
outer loop
vertex 12.226950 3.286762 3.637612
vertex 13.248378 4.108453 3.746731
vertex 12.379862 4.108453 4.003155
endloop
endfacet
facet normal 0.214854 -0.337717 0.916398
outer loop
vertex 13.104642 3.286762 3.448805
vertex 13.978710 3.286762 3.243876
vertex 14.123223 4.108453 3.512808
endloop
endfacet
facet normal 0.240211 -0.367746 0.898366
outer loop
vertex 13.104642 3.286762 3.448805
vertex 14.123223 4.108453 3.512808
vertex 13.248378 4.108453 3.746731
endloop
endfacet
facet normal 0.273755 -0.329493 0.903600
outer loop
vertex 13.978710 3.286762 3.243876
vertex 14.837915 3.286762 2.983570
vertex 14.986186 4.108453 3.238275
endloop
endfacet
facet normal 0.284761 -0.343046 0.895115
outer loop
vertex 13.978710 3.286762 3.243876
vertex 14.986186 4.108453 3.238275
vertex 14.123223 4.108453 3.512808
endloop
endfacet
facet normal 0.347458 -0.350753 0.869624
outer loop
vertex 14.837915 3.286762 2.983570
vertex 15.671603 3.286762 2.650471
vertex 15.833011 4.108453 2.917400
endloop
endfacet
facet normal 0.334041 -0.333543 0.881570
outer loop
vertex 14.837915 3.286762 2.983570
vertex 15.833011 4.108453 2.917400
vertex 14.986186 4.108453 3.238275
endloop
endfacet
facet normal 0.287876 -0.301298 0.909036
outer loop
vertex 15.671603 3.286762 2.650471
vertex 16.527481 3.286762 2.379429
vertex 16.682182 4.108453 2.602786
endloop
endfacet
facet normal 0.325525 -0.349367 0.878622
outer loop
vertex 15.671603 3.286762 2.650471
vertex 16.682182 4.108453 2.602786
vertex 15.833011 4.108453 2.917400
endloop
endfacet
facet normal 0.395377 -0.407771 0.823043
outer loop
vertex 16.527481 3.286762 2.379429
vertex 17.336721 3.286762 1.990683
vertex 17.536315 4.108453 2.301902
endloop
endfacet
facet normal 0.316546 -0.303857 0.898593
outer loop
vertex 16.527481 3.286762 2.379429
vertex 17.536315 4.108453 2.301902
vertex 16.682182 4.108453 2.602786
endloop
endfacet
facet normal 0.400666 -0.523123 0.752203
outer loop
vertex 17.336721 3.286762 1.990683
vertex 18.129093 3.286762 1.568620
vertex 18.390400 4.108453 2.000882
endloop
endfacet
facet normal 0.304485 -0.401173 0.863915
outer loop
vertex 17.336721 3.286762 1.990683
vertex 18.390400 4.108453 2.000882
vertex 17.536315 4.108453 2.301902
endloop
endfacet
facet normal 0.382642 -0.536280 0.752322
outer loop
vertex 18.129093 3.286762 1.568620
vertex 18.929307 3.286762 1.161620
vertex 19.205717 4.108453 1.606762
endloop
endfacet
facet normal 0.371208 -0.522022 0.767918
outer loop
vertex 18.129093 3.286762 1.568620
vertex 19.205717 4.108453 1.606762
vertex 18.390400 4.108453 2.000882
endloop
endfacet
facet normal 0.522456 -0.473584 0.709054
outer loop
vertex 18.929307 3.286762 1.161620
vertex 19.652064 3.286762 0.629066
vertex 19.884121 4.108453 1.006893
endloop
endfacet
facet normal 0.560799 -0.532230 0.634220
outer loop
vertex 18.929307 3.286762 1.161620
vertex 19.884121 4.108453 1.006893
vertex 19.205717 4.108453 1.606762
endloop
endfacet
facet normal 0.712845 -0.449032 0.538723
outer loop
vertex 19.652064 3.286762 0.629066
vertex 20.430117 4.108453 0.284424
vertex 19.884121 4.108453 1.006893
endloop
endfacet
facet normal -0.506304 -0.239374 0.828466
outer loop
vertex 2.699895 4.108453 0.190488
vertex 3.472602 4.108453 0.662714
vertex 3.392606 4.930144 0.851243
endloop
endfacet
facet normal -0.688615 -0.002577 0.725123
outer loop
vertex 2.699895 4.108453 0.190488
vertex 3.392606 4.930144 0.851243
vertex 2.727208 4.930144 0.219345
endloop
endfacet
facet normal -0.740127 -0.271782 0.615099
outer loop
vertex 3.472602 4.108453 0.662714
vertex 4.051410 4.108453 1.359174
vertex 3.939766 4.930144 1.587901
endloop
endfacet
facet normal -0.784853 -0.210163 0.582956
outer loop
vertex 3.472602 4.108453 0.662714
vertex 3.939766 4.930144 1.587901
vertex 3.392606 4.930144 0.851243
endloop
endfacet
facet normal -0.599232 -0.358139 0.716001
outer loop
vertex 4.051410 4.108453 1.359174
vertex 4.745870 4.108453 1.940378
vertex 4.597802 4.930144 2.227463
endloop
endfacet
facet normal -0.668613 -0.282338 0.687926
outer loop
vertex 4.051410 4.108453 1.359174
vertex 4.597802 4.930144 2.227463
vertex 3.939766 4.930144 1.587901
endloop
endfacet
facet normal -0.572215 -0.329167 0.751145
outer loop
vertex 4.745870 4.108453 1.940378
vertex 5.466236 4.108453 2.489146
vertex 5.346506 4.930144 2.758020
endloop
endfacet
facet normal -0.538801 -0.362740 0.760338
outer loop
vertex 4.745870 4.108453 1.940378
vertex 5.346506 4.930144 2.758020
vertex 4.597802 4.930144 2.227463
endloop
endfacet
facet normal -0.479181 -0.306221 0.822565
outer loop
vertex 5.466236 4.108453 2.489146
vertex 6.248724 4.108453 2.944981
vertex 6.153267 4.930144 3.195269
endloop
endfacet
facet normal -0.448741 -0.336313 0.827965
outer loop
vertex 5.466236 4.108453 2.489146
vertex 6.153267 4.930144 3.195269
vertex 5.346506 4.930144 2.758020
endloop
endfacet
facet normal -0.414000 -0.205180 0.886851
outer loop
vertex 6.248724 4.108453 2.944981
vertex 7.069297 4.108453 3.328041
vertex 7.020450 4.930144 3.495343
endloop
endfacet
facet normal -0.310919 -0.309811 0.898524
outer loop
vertex 6.248724 4.108453 2.944981
vertex 7.020450 4.930144 3.495343
vertex 6.153267 4.930144 3.195269
endloop
endfacet
facet normal -0.301973 -0.176712 0.936795
outer loop
vertex 7.069297 4.108453 3.328041
vertex 7.931203 4.108453 3.605874
vertex 7.901649 4.930144 3.751346
endloop
endfacet
facet normal -0.272911 -0.207492 0.939397
outer loop
vertex 7.069297 4.108453 3.328041
vertex 7.901649 4.930144 3.751346
vertex 7.020450 4.930144 3.495343
endloop
endfacet
facet normal -0.201009 -0.329173 0.922627
outer loop
vertex 7.931203 4.108453 3.605874
vertex 8.816026 4.108453 3.798647
vertex 8.758672 4.930144 4.079312
endloop
endfacet
facet normal -0.351861 -0.175438 0.919465
outer loop
vertex 7.931203 4.108453 3.605874
vertex 8.758672 4.930144 4.079312
vertex 7.901649 4.930144 3.751346
endloop
endfacet
facet normal -0.176412 -0.432960 0.883982
outer loop
vertex 8.816026 4.108453 3.798647
vertex 9.704094 4.108453 3.975874
vertex 9.631106 4.930144 4.363759
endloop
endfacet
facet normal -0.292905 -0.327303 0.898376
outer loop
vertex 8.816026 4.108453 3.798647
vertex 9.631106 4.930144 4.363759
vertex 8.758672 4.930144 4.079312
endloop
endfacet
facet normal -0.149668 -0.453834 0.878427
outer loop
vertex 9.704094 4.108453 3.975874
vertex 10.596808 4.108453 4.127976
vertex 10.531389 4.930144 4.541351
endloop
endfacet
facet normal -0.174453 -0.432968 0.884367
outer loop
vertex 9.704094 4.108453 3.975874
vertex 10.531389 4.930144 4.541351
vertex 9.631106 4.930144 4.363759
endloop
endfacet
facet normal -0.082060 -0.453501 0.887470
outer loop
vertex 10.596808 4.108453 4.127976
vertex 11.498541 4.108453 4.211355
vertex 11.445082 4.930144 4.626299
endloop
endfacet
facet normal -0.082524 -0.453115 0.887624
outer loop
vertex 10.596808 4.108453 4.127976
vertex 11.445082 4.930144 4.626299
vertex 10.531389 4.930144 4.541351
endloop
endfacet
facet normal 0.204480 -0.457128 0.865576
outer loop
vertex 11.498541 4.108453 4.211355
vertex 12.379862 4.108453 4.003155
vertex 12.344709 4.930144 4.445411
endloop
endfacet
facet normal 0.177556 -0.434381 0.883055
outer loop
vertex 11.498541 4.108453 4.211355
vertex 12.344709 4.930144 4.445411
vertex 11.445082 4.930144 4.626299
endloop
endfacet
facet normal 0.256388 -0.424452 0.868392
outer loop
vertex 12.379862 4.108453 4.003155
vertex 13.248378 4.108453 3.746731
vertex 13.216130 4.930144 4.157877
endloop
endfacet
facet normal 0.280518 -0.445577 0.850159
outer loop
vertex 12.379862 4.108453 4.003155
vertex 13.216130 4.930144 4.157877
vertex 12.344709 4.930144 4.445411
endloop
endfacet
facet normal 0.234216 -0.421745 0.875942
outer loop
vertex 13.248378 4.108453 3.746731
vertex 14.123223 4.108453 3.512808
vertex 14.100875 4.930144 3.914408
endloop
endfacet
facet normal 0.239937 -0.426857 0.871908
outer loop
vertex 13.248378 4.108453 3.746731
vertex 14.100875 4.930144 3.914408
vertex 13.216130 4.930144 4.157877
endloop
endfacet
facet normal 0.278486 -0.395144 0.875389
outer loop
vertex 14.123223 4.108453 3.512808
vertex 14.986186 4.108453 3.238275
vertex 14.968248 4.930144 3.614887
endloop
endfacet
facet normal 0.297311 -0.412713 0.860973
outer loop
vertex 14.123223 4.108453 3.512808
vertex 14.968248 4.930144 3.614887
vertex 14.100875 4.930144 3.914408
endloop
endfacet
facet normal 0.330934 -0.357365 0.873369
outer loop
vertex 14.986186 4.108453 3.238275
vertex 15.833011 4.108453 2.917400
vertex 15.814710 4.930144 3.260554
endloop
endfacet
facet normal 0.356727 -0.382799 0.852180
outer loop
vertex 14.986186 4.108453 3.238275
vertex 15.814710 4.930144 3.260554
vertex 14.968248 4.930144 3.614887
endloop
endfacet
facet normal 0.320443 -0.386337 0.864905
outer loop
vertex 15.833011 4.108453 2.917400
vertex 16.682182 4.108453 2.602786
vertex 16.684750 4.930144 2.968868
endloop
endfacet
facet normal 0.296255 -0.362439 0.883669
outer loop
vertex 15.833011 4.108453 2.917400
vertex 16.684750 4.930144 2.968868
vertex 15.814710 4.930144 3.260554
endloop
endfacet
facet normal 0.299444 -0.433307 0.850046
outer loop
vertex 16.682182 4.108453 2.602786
vertex 17.536315 4.108453 2.301902
vertex 17.565275 4.930144 2.710554
endloop
endfacet
facet normal 0.258757 -0.393776 0.882035
outer loop
vertex 16.682182 4.108453 2.602786
vertex 17.565275 4.930144 2.710554
vertex 16.684750 4.930144 2.968868
endloop
endfacet
facet normal 0.308387 -0.373221 0.874988
outer loop
vertex 17.536315 4.108453 2.301902
vertex 18.390400 4.108453 2.000882
vertex 18.407153 4.930144 2.345464
endloop
endfacet
facet normal 0.360032 -0.425581 0.830216
outer loop
vertex 17.536315 4.108453 2.301902
vertex 18.407153 4.930144 2.345464
vertex 17.565275 4.930144 2.710554
endloop
endfacet
facet normal 0.420517 -0.257678 0.869924
outer loop
vertex 18.390400 4.108453 2.000882
vertex 19.205717 4.108453 1.606762
vertex 19.185736 4.930144 1.859812
endloop
endfacet
facet normal 0.496906 -0.344202 0.796624
outer loop
vertex 18.390400 4.108453 2.000882
vertex 19.185736 4.930144 1.859812
vertex 18.407153 4.930144 2.345464
endloop
endfacet
facet normal 0.635161 -0.283887 0.718317
outer loop
vertex 19.205717 4.108453 1.606762
vertex 19.884121 4.108453 1.006893
vertex 19.915682 4.930144 1.303728
endloop
endfacet
facet normal 0.590548 -0.224368 0.775185
outer loop
vertex 19.205717 4.108453 1.606762
vertex 19.915682 4.930144 1.303728
vertex 19.185736 4.930144 1.859812
endloop
endfacet
facet normal 0.773863 -0.243110 0.584837
outer loop
vertex 19.884121 4.108453 1.006893
vertex 20.430117 4.108453 0.284424
vertex 20.470374 4.930144 0.572724
endloop
endfacet
facet normal 0.773022 -0.241591 0.586575
outer loop
vertex 19.884121 4.108453 1.006893
vertex 20.470374 4.930144 0.572724
vertex 19.915682 4.930144 1.303728
endloop
endfacet
facet normal -0.670802 -0.225994 0.706365
outer loop
vertex 2.727208 4.930144 0.219345
vertex 3.392606 4.930144 0.851243
vertex 3.306008 5.751834 1.031895
endloop
endfacet
facet normal -0.792095 -0.044079 0.608804
outer loop
vertex 2.727208 4.930144 0.219345
vertex 3.306008 5.751834 1.031895
vertex 2.739845 5.751834 0.295280
endloop
endfacet
facet normal -0.798454 -0.103697 0.593059
outer loop
vertex 3.392606 4.930144 0.851243
vertex 3.939766 4.930144 1.587901
vertex 3.930791 5.751834 1.719492
endloop
endfacet
facet normal -0.721920 -0.220302 0.655971
outer loop
vertex 3.392606 4.930144 0.851243
vertex 3.930791 5.751834 1.719492
vertex 3.306008 5.751834 1.031895
endloop
endfacet
facet normal -0.696753 -0.024864 0.716880
outer loop
vertex 3.939766 4.930144 1.587901
vertex 4.597802 4.930144 2.227463
vertex 4.650416 5.751834 2.307099
endloop
endfacet
facet normal -0.627125 -0.129845 0.768020
outer loop
vertex 3.939766 4.930144 1.587901
vertex 4.650416 5.751834 2.307099
vertex 3.930791 5.751834 1.719492
endloop
endfacet
facet normal -0.578129 -0.013364 0.815836
outer loop
vertex 4.597802 4.930144 2.227463
vertex 5.346506 4.930144 2.758020
vertex 5.421826 5.751834 2.824853
endloop
endfacet
facet normal -0.556733 -0.044744 0.829486
outer loop
vertex 4.597802 4.930144 2.227463
vertex 5.421826 5.751834 2.824853
vertex 4.650416 5.751834 2.307099
endloop
endfacet
facet normal -0.475218 0.073221 0.876816
outer loop
vertex 5.346506 4.930144 2.758020
vertex 6.153267 4.930144 3.195269
vertex 6.274990 5.751834 3.192623
endloop
endfacet
facet normal -0.395562 -0.038378 0.917637
outer loop
vertex 5.346506 4.930144 2.758020
vertex 6.274990 5.751834 3.192623
vertex 5.421826 5.751834 2.824853
endloop
endfacet
facet normal -0.313175 0.287781 0.905043
outer loop
vertex 6.153267 4.930144 3.195269
vertex 7.020450 4.930144 3.495343
vertex 7.198318 5.751834 3.295614
endloop
endfacet
facet normal -0.110835 0.019619 0.993645
outer loop
vertex 6.153267 4.930144 3.195269
vertex 7.198318 5.751834 3.295614
vertex 6.274990 5.751834 3.192623
endloop
endfacet
facet normal -0.268782 0.267936 0.925185
outer loop
vertex 7.020450 4.930144 3.495343
vertex 7.901649 4.930144 3.751346
vertex 8.086799 5.751834 3.567172
endloop
endfacet
facet normal -0.280295 0.283586 0.917068
outer loop
vertex 7.020450 4.930144 3.495343
vertex 8.086799 5.751834 3.567172
vertex 7.198318 5.751834 3.295614
endloop
endfacet
facet normal -0.344399 0.267304 0.899966
outer loop
vertex 7.901649 4.930144 3.751346
vertex 8.758672 4.930144 4.079312
vertex 8.950775 5.751834 3.908771
endloop
endfacet
facet normal -0.353013 0.279666 0.892843
outer loop
vertex 7.901649 4.930144 3.751346
vertex 8.950775 5.751834 3.908771
vertex 8.086799 5.751834 3.567172
endloop
endfacet
facet normal -0.307516 -0.125798 0.943191
outer loop
vertex 8.758672 4.930144 4.079312
vertex 9.631106 4.930144 4.363759
vertex 9.676928 5.751834 4.488292
endloop
endfacet
facet normal -0.596130 0.294400 0.746965
outer loop
vertex 8.758672 4.930144 4.079312
vertex 9.676928 5.751834 4.488292
vertex 8.950775 5.751834 3.908771
endloop
endfacet
facet normal -0.176686 -0.408077 0.895687
outer loop
vertex 9.631106 4.930144 4.363759
vertex 10.531389 4.930144 4.541351
vertex 10.504545 5.751834 4.910420
endloop
endfacet
facet normal -0.451655 -0.109018 0.885507
outer loop
vertex 9.631106 4.930144 4.363759
vertex 10.504545 5.751834 4.910420
vertex 9.676928 5.751834 4.488292
endloop
endfacet
facet normal -0.081913 -0.465878 0.881050
outer loop
vertex 10.531389 4.930144 4.541351
vertex 11.445082 4.930144 4.626299
vertex 11.421704 5.751834 5.058616
endloop
endfacet
facet normal -0.145538 -0.409315 0.900711
outer loop
vertex 10.531389 4.930144 4.541351
vertex 11.421704 5.751834 5.058616
vertex 10.504545 5.751834 4.910420
endloop
endfacet
facet normal 0.173634 -0.473424 0.863552
outer loop
vertex 11.445082 4.930144 4.626299
vertex 12.344709 4.930144 4.445411
vertex 12.336682 5.751834 4.897499
endloop
endfacet
facet normal 0.154287 -0.456601 0.876191
outer loop
vertex 11.445082 4.930144 4.626299
vertex 12.336682 5.751834 4.897499
vertex 11.421704 5.751834 5.058616
endloop
endfacet
facet normal 0.286562 -0.404511 0.868477
outer loop
vertex 12.344709 4.930144 4.445411
vertex 13.216130 4.930144 4.157877
vertex 13.197042 5.751834 4.546895
endloop
endfacet
facet normal 0.336748 -0.451367 0.826359
outer loop
vertex 12.344709 4.930144 4.445411
vertex 13.197042 5.751834 4.546895
vertex 12.336682 5.751834 4.897499
endloop
endfacet
facet normal 0.241628 -0.413084 0.878053
outer loop
vertex 13.216130 4.930144 4.157877
vertex 14.100875 4.930144 3.914408
vertex 14.093512 5.751834 4.303002
endloop
endfacet
facet normal 0.239330 -0.410920 0.879696
outer loop
vertex 13.216130 4.930144 4.157877
vertex 14.093512 5.751834 4.303002
vertex 13.197042 5.751834 4.546895
endloop
endfacet
facet normal 0.307029 -0.339420 0.889116
outer loop
vertex 14.100875 4.930144 3.914408
vertex 14.968248 4.930144 3.614887
vertex 14.946970 5.751834 3.935915
endloop
endfacet
facet normal 0.362864 -0.395724 0.843642
outer loop
vertex 14.100875 4.930144 3.914408
vertex 14.946970 5.751834 3.935915
vertex 14.093512 5.751834 4.303002
endloop
endfacet
facet normal 0.370510 -0.281626 0.885104
outer loop
vertex 14.968248 4.930144 3.614887
vertex 15.814710 4.930144 3.260554
vertex 15.784834 5.751834 3.534509
endloop
endfacet
facet normal 0.408918 -0.322883 0.853541
outer loop
vertex 14.968248 4.930144 3.614887
vertex 15.784834 5.751834 3.534509
vertex 14.946970 5.751834 3.935915
endloop
endfacet
facet normal 0.312763 -0.178478 0.932912
outer loop
vertex 15.814710 4.930144 3.260554
vertex 16.684750 4.930144 2.968868
vertex 16.628293 5.751834 3.144996
endloop
endfacet
facet normal 0.402941 -0.276257 0.872537
outer loop
vertex 15.814710 4.930144 3.260554
vertex 16.628293 5.751834 3.144996
vertex 15.784834 5.751834 3.534509
endloop
endfacet
facet normal 0.281338 -0.034003 0.959006
outer loop
vertex 16.684750 4.930144 2.968868
vertex 17.565275 4.930144 2.710554
vertex 17.476419 5.751834 2.765755
endloop
endfacet
facet normal 0.402584 -0.165323 0.900330
outer loop
vertex 16.684750 4.930144 2.968868
vertex 17.476419 5.751834 2.765755
vertex 16.628293 5.751834 3.144996
endloop
endfacet
facet normal 0.394791 0.123967 0.910369
outer loop
vertex 17.565275 4.930144 2.710554
vertex 18.407153 4.930144 2.345464
vertex 18.274954 5.751834 2.290902
endloop
endfacet
facet normal 0.511112 -0.002471 0.859511
outer loop
vertex 17.565275 4.930144 2.710554
vertex 18.274954 5.751834 2.290902
vertex 17.476419 5.751834 2.765755
endloop
endfacet
facet normal 0.520273 0.183352 0.834085
outer loop
vertex 18.407153 4.930144 2.345464
vertex 19.185736 4.930144 1.859812
vertex 19.043023 5.751834 1.768204
endloop
endfacet
facet normal 0.556757 0.143899 0.818116
outer loop
vertex 18.407153 4.930144 2.345464
vertex 19.043023 5.751834 1.768204
vertex 18.274954 5.751834 2.290902
endloop
endfacet
facet normal 0.587444 0.245556 0.771111
outer loop
vertex 19.185736 4.930144 1.859812
vertex 19.915682 4.930144 1.303728
vertex 19.751469 5.751834 1.167166
endloop
endfacet
facet normal 0.634691 0.193639 0.748112
outer loop
vertex 19.185736 4.930144 1.859812
vertex 19.751469 5.751834 1.167166
vertex 19.043023 5.751834 1.768204
endloop
endfacet
facet normal 0.788678 0.140845 0.598456
outer loop
vertex 19.915682 4.930144 1.303728
vertex 20.470374 4.930144 0.572724
vertex 20.386878 5.751834 0.489376
endloop
endfacet
facet normal 0.706164 0.251149 0.662010
outer loop
vertex 19.915682 4.930144 1.303728
vertex 20.386878 5.751834 0.489376
vertex 19.751469 5.751834 1.167166
endloop
endfacet
facet normal -0.750585 0.322193 0.576900
outer loop
vertex 2.739845 5.751834 0.295280
vertex 3.306008 5.751834 1.031895
vertex 3.515181 6.573525 0.845138
endloop
endfacet
facet normal -0.648471 0.107597 0.753597
outer loop
vertex 2.739845 5.751834 0.295280
vertex 3.515181 6.573525 0.845138
vertex 2.800426 6.573525 0.230091
endloop
endfacet
facet normal -0.708024 0.291224 0.643344
outer loop
vertex 3.306008 5.751834 1.031895
vertex 3.930791 5.751834 1.719492
vertex 4.126583 6.573525 1.563012
endloop
endfacet
facet normal -0.720527 0.322896 0.613661
outer loop
vertex 3.306008 5.751834 1.031895
vertex 4.126583 6.573525 1.563012
vertex 3.515181 6.573525 0.845138
endloop
endfacet
facet normal -0.617745 0.214592 0.756533
outer loop
vertex 3.930791 5.751834 1.719492
vertex 4.650416 5.751834 2.307099
vertex 4.814462 6.573525 2.207977
endloop
endfacet
facet normal -0.654795 0.289018 0.698364
outer loop
vertex 3.930791 5.751834 1.719492
vertex 4.814462 6.573525 2.207977
vertex 4.126583 6.573525 1.563012
endloop
endfacet
facet normal -0.549537 0.166235 0.818764
outer loop
vertex 4.650416 5.751834 2.307099
vertex 5.421826 5.751834 2.824853
vertex 5.577245 6.573525 2.762339
endloop
endfacet
facet normal -0.574773 0.210155 0.790867
outer loop
vertex 4.650416 5.751834 2.307099
vertex 5.577245 6.573525 2.762339
vertex 4.814462 6.573525 2.207977
endloop
endfacet
facet normal -0.390244 0.167756 0.905300
outer loop
vertex 5.421826 5.751834 2.824853
vertex 6.274990 5.751834 3.192623
vertex 6.451228 6.573525 3.116331
endloop
endfacet
facet normal -0.371705 0.140126 0.917715
outer loop
vertex 5.421826 5.751834 2.824853
vertex 6.451228 6.573525 3.116331
vertex 5.577245 6.573525 2.762339
endloop
endfacet
facet normal -0.110614 -0.066062 0.991665
outer loop
vertex 6.274990 5.751834 3.192623
vertex 7.198318 5.751834 3.295614
vertex 7.359871 6.573525 3.368373
endloop
endfacet
facet normal -0.264457 0.145242 0.953398
outer loop
vertex 6.274990 5.751834 3.192623
vertex 7.359871 6.573525 3.368373
vertex 6.451228 6.573525 3.116331
endloop
endfacet
facet normal -0.283690 -0.240850 0.928176
outer loop
vertex 7.198318 5.751834 3.295614
vertex 8.086799 5.751834 3.567172
vertex 8.191705 6.573525 3.812454
endloop
endfacet
facet normal -0.470898 0.014478 0.882069
outer loop
vertex 7.198318 5.751834 3.295614
vertex 8.191705 6.573525 3.812454
vertex 7.359871 6.573525 3.368373
endloop
endfacet
facet normal -0.315783 -0.512242 0.798680
outer loop
vertex 8.086799 5.751834 3.567172
vertex 8.950775 5.751834 3.908771
vertex 8.912356 6.573525 4.420581
endloop
endfacet
facet normal -0.638172 -0.144273 0.756255
outer loop
vertex 8.086799 5.751834 3.567172
vertex 8.912356 6.573525 4.420581
vertex 8.191705 6.573525 3.812454
endloop
endfacet
facet normal -0.558325 -0.445917 0.699594
outer loop
vertex 8.950775 5.751834 3.908771
vertex 9.676928 5.751834 4.488292
vertex 9.658413 6.573525 4.997256
endloop
endfacet
facet normal -0.542278 -0.462336 0.701556
outer loop
vertex 8.950775 5.751834 3.908771
vertex 9.658413 6.573525 4.997256
vertex 8.912356 6.573525 4.420581
endloop
endfacet
facet normal -0.421258 -0.374714 0.825912
outer loop
vertex 9.676928 5.751834 4.488292
vertex 10.504545 5.751834 4.910420
vertex 10.549360 6.573525 5.306076
endloop
endfacet
facet normal -0.281744 -0.509826 0.812833
outer loop
vertex 9.676928 5.751834 4.488292
vertex 10.549360 6.573525 5.306076
vertex 9.658413 6.573525 4.997256
endloop
endfacet
facet normal -0.147628 -0.378758 0.913646
outer loop
vertex 10.504545 5.751834 4.910420
vertex 11.421704 5.751834 5.058616
vertex 11.486596 6.573525 5.409739
endloop
endfacet
facet normal -0.099393 -0.427286 0.898636
outer loop
vertex 10.504545 5.751834 4.910420
vertex 11.486596 6.573525 5.409739
vertex 10.549360 6.573525 5.306076
endloop
endfacet
facet normal 0.165118 -0.305702 0.937700
outer loop
vertex 11.421704 5.751834 5.058616
vertex 12.336682 5.751834 4.897499
vertex 12.394540 6.573525 5.155193
endloop
endfacet
facet normal 0.247741 -0.397174 0.883673
outer loop
vertex 11.421704 5.751834 5.058616
vertex 12.394540 6.573525 5.155193
vertex 11.486596 6.573525 5.409739
endloop
endfacet
facet normal 0.372083 -0.166922 0.913067
outer loop
vertex 12.336682 5.751834 4.897499
vertex 13.197042 5.751834 4.546895
vertex 13.214706 6.573525 4.689913
endloop
endfacet
facet normal 0.471632 -0.293936 0.831363
outer loop
vertex 12.336682 5.751834 4.897499
vertex 13.214706 6.573525 4.689913
vertex 12.394540 6.573525 5.155193
endloop
endfacet
facet normal 0.260727 -0.116585 0.958347
outer loop
vertex 13.197042 5.751834 4.546895
vertex 14.093512 5.751834 4.303002
vertex 14.111368 6.573525 4.398105
endloop
endfacet
facet normal 0.304977 -0.169666 0.937125
outer loop
vertex 13.197042 5.751834 4.546895
vertex 14.111368 6.573525 4.398105
vertex 13.214706 6.573525 4.689913
endloop
endfacet
facet normal 0.395029 0.021209 0.918424
outer loop
vertex 14.093512 5.751834 4.303002
vertex 14.946970 5.751834 3.935915
vertex 14.927282 6.573525 3.925409
endloop
endfacet
facet normal 0.498232 -0.110363 0.859991
outer loop
vertex 14.093512 5.751834 4.303002
vertex 14.927282 6.573525 3.925409
vertex 14.111368 6.573525 4.398105
endloop
endfacet
facet normal 0.431564 0.047885 0.900811
outer loop
vertex 14.946970 5.751834 3.935915
vertex 15.784834 5.751834 3.534509
vertex 15.768208 6.573525 3.498795
endloop
endfacet
facet normal 0.452312 0.022238 0.891582
outer loop
vertex 14.946970 5.751834 3.935915
vertex 15.768208 6.573525 3.498795
vertex 14.927282 6.573525 3.925409
endloop
endfacet
facet normal 0.418794 0.046954 0.906866
outer loop
vertex 15.784834 5.751834 3.534509
vertex 16.628293 5.751834 3.144996
vertex 16.624605 6.573525 3.104155
endloop
endfacet
facet normal 0.418036 0.047887 0.907168
outer loop
vertex 15.784834 5.751834 3.534509
vertex 16.624605 6.573525 3.104155
vertex 15.768208 6.573525 3.498795
endloop
endfacet
facet normal 0.403845 0.145709 0.903149
outer loop
vertex 16.628293 5.751834 3.144996
vertex 17.476419 5.751834 2.765755
vertex 17.448571 6.573525 2.645640
endloop
endfacet
facet normal 0.485750 0.045567 0.872909
outer loop
vertex 16.628293 5.751834 3.144996
vertex 17.448571 6.573525 2.645640
vertex 16.624605 6.573525 3.104155
endloop
endfacet
facet normal 0.496431 0.237969 0.834822
outer loop
vertex 17.476419 5.751834 2.765755
vertex 18.274954 5.751834 2.290902
vertex 18.212984 6.573525 2.093527
endloop
endfacet
facet normal 0.579992 0.137041 0.803012
outer loop
vertex 17.476419 5.751834 2.765755
vertex 18.212984 6.573525 2.093527
vertex 17.448571 6.573525 2.645640
endloop
endfacet
facet normal 0.527804 0.346283 0.775571
outer loop
vertex 18.274954 5.751834 2.290902
vertex 19.043023 5.751834 1.768204
vertex 18.928446 6.573525 1.479303
endloop
endfacet
facet normal 0.634619 0.225426 0.739217
outer loop
vertex 18.274954 5.751834 2.290902
vertex 18.928446 6.573525 1.479303
vertex 18.212984 6.573525 2.093527
endloop
endfacet
facet normal 0.557512 0.507292 0.657141
outer loop
vertex 19.043023 5.751834 1.768204
vertex 19.751469 5.751834 1.167166
vertex 19.510407 6.573525 0.737361
endloop
endfacet
facet normal 0.747926 0.310555 0.586654
outer loop
vertex 19.043023 5.751834 1.768204
vertex 19.510407 6.573525 0.737361
vertex 18.928446 6.573525 1.479303
endloop
endfacet
facet normal 0.673324 0.384957 0.631223
outer loop
vertex 19.751469 5.751834 1.167166
vertex 20.386878 5.751834 0.489376
vertex 20.242156 6.573525 0.142635
endloop
endfacet
facet normal 0.542983 0.508755 0.668086
outer loop
vertex 19.751469 5.751834 1.167166
vertex 20.242156 6.573525 0.142635
vertex 19.510407 6.573525 0.737361
endloop
endfacet
facet normal -0.652047 0.025366 0.757754
outer loop
vertex 2.800426 6.573525 0.230091
vertex 3.515181 6.573525 0.845138
vertex 3.553765 7.395215 0.850833
endloop
endfacet
facet normal -0.661358 0.040534 0.748974
outer loop
vertex 2.800426 6.573525 0.230091
vertex 3.553765 7.395215 0.850833
vertex 2.838232 7.395215 0.219005
endloop
endfacet
facet normal -0.758129 -0.091264 0.645686
outer loop
vertex 3.515181 6.573525 0.845138
vertex 4.126583 6.573525 1.563012
vertex 4.092343 7.395215 1.638950
endloop
endfacet
facet normal -0.825128 0.034837 0.563870
outer loop
vertex 3.515181 6.573525 0.845138
vertex 4.092343 7.395215 1.638950
vertex 3.553765 7.395215 0.850833
endloop
endfacet
facet normal -0.681798 -0.079909 0.727163
outer loop
vertex 4.126583 6.573525 1.563012
vertex 4.814462 6.573525 2.207977
vertex 4.797484 7.395215 2.282355
endloop
endfacet
facet normal -0.670922 -0.095912 0.735299
outer loop
vertex 4.126583 6.573525 1.563012
vertex 4.797484 7.395215 2.282355
vertex 4.092343 7.395215 1.638950
endloop
endfacet
facet normal -0.586243 -0.075067 0.806650
outer loop
vertex 4.814462 6.573525 2.207977
vertex 5.577245 6.573525 2.762339
vertex 5.574508 7.395215 2.836817
endloop
endfacet
facet normal -0.578733 -0.085371 0.811037
outer loop
vertex 4.814462 6.573525 2.207977
vertex 5.574508 7.395215 2.836817
vertex 4.797484 7.395215 2.282355
endloop
endfacet
facet normal -0.364812 -0.235912 0.900698
outer loop
vertex 5.577245 6.573525 2.762339
vertex 6.451228 6.573525 3.116331
vertex 6.402501 7.395215 3.311813
endloop
endfacet
facet normal -0.496009 -0.080021 0.864622
outer loop
vertex 5.577245 6.573525 2.762339
vertex 6.402501 7.395215 3.311813
vertex 5.574508 7.395215 2.836817
endloop
endfacet
facet normal -0.241891 -0.425467 0.872047
outer loop
vertex 6.451228 6.573525 3.116331
vertex 7.359871 6.573525 3.368373
vertex 7.255484 7.395215 3.740316
endloop
endfacet
facet normal -0.436581 -0.232643 0.869065
outer loop
vertex 6.451228 6.573525 3.116331
vertex 7.255484 7.395215 3.740316
vertex 6.402501 7.395215 3.311813
endloop
endfacet
facet normal -0.416832 -0.465417 0.780793
outer loop
vertex 7.359871 6.573525 3.368373
vertex 8.191705 6.573525 3.812454
vertex 8.070365 7.395215 4.237471
endloop
endfacet
facet normal -0.474486 -0.412319 0.777725
outer loop
vertex 7.359871 6.573525 3.368373
vertex 8.070365 7.395215 4.237471
vertex 7.255484 7.395215 3.740316
endloop
endfacet
facet normal -0.600722 -0.363822 0.711876
outer loop
vertex 8.191705 6.573525 3.812454
vertex 8.912356 6.573525 4.420581
vertex 8.850155 7.395215 4.788037
endloop
endfacet
facet normal -0.514283 -0.452708 0.728401
outer loop
vertex 8.191705 6.573525 3.812454
vertex 8.850155 7.395215 4.788037
vertex 8.070365 7.395215 4.237471
endloop
endfacet
facet normal -0.595109 -0.230417 0.769905
outer loop
vertex 8.912356 6.573525 4.420581
vertex 9.658413 6.573525 4.997256
vertex 9.679973 7.395215 5.259837
endloop
endfacet
facet normal -0.454688 -0.392051 0.799722
outer loop
vertex 8.912356 6.573525 4.420581
vertex 9.679973 7.395215 5.259837
vertex 8.850155 7.395215 4.788037
endloop
endfacet
facet normal -0.306977 -0.348463 0.885629
outer loop
vertex 9.658413 6.573525 4.997256
vertex 10.549360 6.573525 5.306076
vertex 10.558733 7.395215 5.632631
endloop
endfacet
facet normal -0.375688 -0.273140 0.885581
outer loop
vertex 9.658413 6.573525 4.997256
vertex 10.558733 7.395215 5.632631
vertex 9.679973 7.395215 5.259837
endloop
endfacet
facet normal -0.101106 -0.392615 0.914128
outer loop
vertex 10.549360 6.573525 5.306076
vertex 11.486596 6.573525 5.409739
vertex 11.504133 7.395215 5.764592
endloop
endfacet
facet normal -0.128705 -0.364981 0.922076
outer loop
vertex 10.549360 6.573525 5.306076
vertex 11.504133 7.395215 5.764592
vertex 10.558733 7.395215 5.632631
endloop
endfacet
facet normal 0.263916 -0.210179 0.941367
outer loop
vertex 11.486596 6.573525 5.409739
vertex 12.394540 6.573525 5.155193
vertex 12.362780 7.395215 5.347556
endloop
endfacet
facet normal 0.405948 -0.369618 0.835817
outer loop
vertex 11.486596 6.573525 5.409739
vertex 12.362780 7.395215 5.347556
vertex 11.504133 7.395215 5.764592
endloop
endfacet
facet normal 0.493421 -0.005797 0.869772
outer loop
vertex 12.394540 6.573525 5.155193
vertex 13.214706 6.573525 4.689913
vertex 13.110685 7.395215 4.754401
endloop
endfacet
facet normal 0.613640 -0.157418 0.773734
outer loop
vertex 12.394540 6.573525 5.155193
vertex 13.110685 7.395215 4.754401
vertex 12.362780 7.395215 5.347556
endloop
endfacet
facet normal 0.309391 0.021618 0.950689
outer loop
vertex 13.214706 6.573525 4.689913
vertex 14.111368 6.573525 4.398105
vertex 14.002782 7.395215 4.414758
endloop
endfacet
facet normal 0.355666 -0.028291 0.934185
outer loop
vertex 13.214706 6.573525 4.689913
vertex 14.002782 7.395215 4.414758
vertex 13.110685 7.395215 4.754401
endloop
endfacet
facet normal 0.501170 -0.022270 0.865062
outer loop
vertex 14.111368 6.573525 4.398105
vertex 14.927282 6.573525 3.925409
vertex 14.856440 7.395215 3.987604
endloop
endfacet
facet normal 0.447110 0.040976 0.893540
outer loop
vertex 14.111368 6.573525 4.398105
vertex 14.856440 7.395215 3.987604
vertex 14.002782 7.395215 4.414758
endloop
endfacet
facet normal 0.452321 -0.021389 0.891599
outer loop
vertex 14.927282 6.573525 3.925409
vertex 15.768208 6.573525 3.498795
vertex 15.705068 7.395215 3.550538
endloop
endfacet
facet normal 0.457691 -0.027806 0.888676
outer loop
vertex 14.927282 6.573525 3.925409
vertex 15.705068 7.395215 3.550538
vertex 14.856440 7.395215 3.987604
endloop
endfacet
facet normal 0.418473 -0.014401 0.908115
outer loop
vertex 15.768208 6.573525 3.498795
vertex 16.624605 6.573525 3.104155
vertex 16.568321 7.395215 3.143122
endloop
endfacet
facet normal 0.426684 -0.024145 0.904078
outer loop
vertex 15.768208 6.573525 3.498795
vertex 16.568321 7.395215 3.143122
vertex 15.705068 7.395215 3.550538
endloop
endfacet
facet normal 0.486221 -0.011797 0.873756
outer loop
vertex 16.624605 6.573525 3.104155
vertex 17.448571 6.573525 2.645640
vertex 17.403896 7.395215 2.681594
endloop
endfacet
facet normal 0.483478 -0.008393 0.875316
outer loop
vertex 16.624605 6.573525 3.104155
vertex 17.403896 7.395215 2.681594
vertex 16.568321 7.395215 3.143122
endloop
endfacet
facet normal 0.584871 -0.046933 0.809767
outer loop
vertex 17.448571 6.573525 2.645640
vertex 18.212984 6.573525 2.093527
vertex 18.198041 7.395215 2.151945
endloop
endfacet
facet normal 0.554849 -0.006235 0.831928
outer loop
vertex 17.448571 6.573525 2.645640
vertex 18.198041 7.395215 2.151945
vertex 17.403896 7.395215 2.681594
endloop
endfacet
facet normal 0.643442 -0.155688 0.749495
outer loop
vertex 18.212984 6.573525 2.093527
vertex 18.928446 6.573525 1.479303
vertex 18.980552 7.395215 1.605254
endloop
endfacet
facet normal 0.572056 -0.047810 0.818820
outer loop
vertex 18.212984 6.573525 2.093527
vertex 18.980552 7.395215 1.605254
vertex 18.198041 7.395215 2.151945
endloop
endfacet
facet normal 0.785990 -0.046198 0.616511
outer loop
vertex 18.928446 6.573525 1.479303
vertex 19.510407 6.573525 0.737361
vertex 19.504048 7.395215 0.807040
endloop
endfacet
facet normal 0.828459 -0.135819 0.543331
outer loop
vertex 18.928446 6.573525 1.479303
vertex 19.504048 7.395215 0.807040
vertex 18.980552 7.395215 1.605254
endloop
endfacet
facet normal -0.606132 -0.401766 0.686432
outer loop
vertex 2.838232 7.395215 0.219005
vertex 3.553765 7.395215 0.850833
vertex 3.421382 8.216906 1.214869
endloop
endfacet
facet normal -0.670530 -0.329636 0.664627
outer loop
vertex 2.838232 7.395215 0.219005
vertex 3.421382 8.216906 1.214869
vertex 2.748792 8.216906 0.536306
endloop
endfacet
facet normal -0.819179 -0.124763 0.559804
outer loop
vertex 3.553765 7.395215 0.850833
vertex 4.092343 7.395215 1.638950
vertex 4.121596 8.216906 1.864887
endloop
endfacet
facet normal -0.624037 -0.398358 0.672227
outer loop
vertex 3.553765 7.395215 0.850833
vertex 4.121596 8.216906 1.864887
vertex 3.421382 8.216906 1.214869
endloop
endfacet
facet normal -0.670870 -0.096704 0.735243
outer loop
vertex 4.092343 7.395215 1.638950
vertex 4.797484 7.395215 2.282355
vertex 4.871007 8.216906 2.457515
endloop
endfacet
facet normal -0.608974 -0.190066 0.770082
outer loop
vertex 4.092343 7.395215 1.638950
vertex 4.871007 8.216906 2.457515
vertex 4.121596 8.216906 1.864887
endloop
endfacet
facet normal -0.577540 -0.106659 0.809365
outer loop
vertex 4.797484 7.395215 2.282355
vertex 5.574508 7.395215 2.836817
vertex 5.655482 8.216906 3.002881
endloop
endfacet
facet normal -0.566478 -0.123014 0.814844
outer loop
vertex 4.797484 7.395215 2.282355
vertex 5.655482 8.216906 3.002881
vertex 4.871007 8.216906 2.457515
endloop
endfacet
facet normal -0.493332 -0.130770 0.859955
outer loop
vertex 5.574508 7.395215 2.836817
vertex 6.402501 7.395215 3.311813
vertex 6.481901 8.216906 3.482314
endloop
endfacet
facet normal -0.497907 -0.124389 0.858263
outer loop
vertex 5.574508 7.395215 2.836817
vertex 6.481901 8.216906 3.482314
vertex 5.655482 8.216906 3.002881
endloop
endfacet
facet normal -0.439620 -0.202267 0.875113
outer loop
vertex 6.402501 7.395215 3.311813
vertex 7.255484 7.395215 3.740316
vertex 7.310543 8.216906 3.957895
endloop
endfacet
facet normal -0.493500 -0.130735 0.859864
outer loop
vertex 6.402501 7.395215 3.311813
vertex 7.310543 8.216906 3.957895
vertex 6.481901 8.216906 3.482314
endloop
endfacet
facet normal -0.510024 -0.202536 0.835975
outer loop
vertex 7.255484 7.395215 3.740316
vertex 8.070365 7.395215 4.237471
vertex 8.119371 8.216906 4.466444
endloop
endfacet
facet normal -0.523067 -0.185238 0.831918
outer loop
vertex 7.255484 7.395215 3.740316
vertex 8.119371 8.216906 4.466444
vertex 7.310543 8.216906 3.957895
endloop
endfacet
facet normal -0.573555 -0.105456 0.812350
outer loop
vertex 8.070365 7.395215 4.237471
vertex 8.850155 7.395215 4.788037
vertex 8.938983 8.216906 4.957422
endloop
endfacet
facet normal -0.503080 -0.204020 0.839814
outer loop
vertex 8.070365 7.395215 4.237471
vertex 8.938983 8.216906 4.957422
vertex 8.119371 8.216906 4.466444
endloop
endfacet
facet normal -0.491717 -0.101235 0.864850
outer loop
vertex 8.850155 7.395215 4.788037
vertex 9.679973 7.395215 5.259837
vertex 9.779119 8.216906 5.412390
endloop
endfacet
facet normal -0.472237 -0.128710 0.872024
outer loop
vertex 8.850155 7.395215 4.788037
vertex 9.779119 8.216906 5.412390
vertex 8.938983 8.216906 4.957422
endloop
endfacet
facet normal -0.385069 -0.166769 0.907695
outer loop
vertex 9.679973 7.395215 5.259837
vertex 10.558733 7.395215 5.632631
vertex 10.643444 8.216906 5.819535
endloop
endfacet
facet normal -0.423279 -0.115755 0.898574
outer loop
vertex 9.679973 7.395215 5.259837
vertex 10.643444 8.216906 5.819535
vertex 9.779119 8.216906 5.412390
endloop
endfacet
facet normal -0.135431 -0.200631 0.970261
outer loop
vertex 10.558733 7.395215 5.632631
vertex 11.504133 7.395215 5.764592
vertex 11.590383 8.216906 5.946540
endloop
endfacet
facet normal -0.130048 -0.207148 0.969627
outer loop
vertex 10.558733 7.395215 5.632631
vertex 11.590383 8.216906 5.946540
vertex 10.643444 8.216906 5.819535
endloop
endfacet
facet normal 0.435959 -0.065126 0.897607
outer loop
vertex 11.504133 7.395215 5.764592
vertex 12.362780 7.395215 5.347556
vertex 12.374927 8.216906 5.401274
endloop
endfacet
facet normal 0.554731 -0.234967 0.798163
outer loop
vertex 11.504133 7.395215 5.764592
vertex 12.374927 8.216906 5.401274
vertex 11.590383 8.216906 5.946540
endloop
endfacet
facet normal 0.621172 -0.026351 0.783231
outer loop
vertex 12.362780 7.395215 5.347556
vertex 13.110685 7.395215 4.754401
vertex 13.105795 8.216906 4.785923
endloop
endfacet
facet normal 0.642926 -0.059426 0.763620
outer loop
vertex 12.362780 7.395215 5.347556
vertex 13.105795 8.216906 4.785923
vertex 12.374927 8.216906 5.401274
endloop
endfacet
facet normal 0.355806 -0.003920 0.934552
outer loop
vertex 13.110685 7.395215 4.754401
vertex 14.002782 7.395215 4.414758
vertex 13.989680 8.216906 4.423193
endloop
endfacet
facet normal 0.379446 -0.033213 0.924618
outer loop
vertex 13.110685 7.395215 4.754401
vertex 13.989680 8.216906 4.423193
vertex 13.105795 8.216906 4.785923
endloop
endfacet
facet normal 0.447401 0.019486 0.894121
outer loop
vertex 14.002782 7.395215 4.414758
vertex 14.856440 7.395215 3.987604
vertex 14.836037 8.216906 3.979906
endloop
endfacet
facet normal 0.463971 -0.001695 0.885849
outer loop
vertex 14.002782 7.395215 4.414758
vertex 14.836037 8.216906 3.979906
vertex 13.989680 8.216906 4.423193
endloop
endfacet
facet normal 0.456211 -0.085023 0.885801
outer loop
vertex 14.856440 7.395215 3.987604
vertex 15.705068 7.395215 3.550538
vertex 15.721466 8.216906 3.620963
endloop
endfacet
facet normal 0.375631 0.018008 0.926594
outer loop
vertex 14.856440 7.395215 3.987604
vertex 15.721466 8.216906 3.620963
vertex 14.836037 8.216906 3.979906
endloop
endfacet
facet normal 0.424277 -0.108752 0.898978
outer loop
vertex 15.705068 7.395215 3.550538
vertex 16.568321 7.395215 3.143122
vertex 16.593514 8.216906 3.230634
endloop
endfacet
facet normal 0.407027 -0.086061 0.909353
outer loop
vertex 15.705068 7.395215 3.550538
vertex 16.593514 8.216906 3.230634
vertex 15.721466 8.216906 3.620963
endloop
endfacet
facet normal 0.476498 -0.169517 0.862678
outer loop
vertex 16.568321 7.395215 3.143122
vertex 17.403896 7.395215 2.681594
vertex 17.453979 8.216906 2.815394
endloop
endfacet
facet normal 0.432045 -0.108597 0.895290
outer loop
vertex 16.568321 7.395215 3.143122
vertex 17.453979 8.216906 2.815394
vertex 16.593514 8.216906 3.230634
endloop
endfacet
facet normal 0.507662 -0.403594 0.761177
outer loop
vertex 17.403896 7.395215 2.681594
vertex 18.198041 7.395215 2.151945
vertex 18.350740 8.216906 2.485782
endloop
endfacet
facet normal 0.339893 -0.171295 0.924733
outer loop
vertex 17.403896 7.395215 2.681594
vertex 18.350740 8.216906 2.485782
vertex 17.453979 8.216906 2.815394
endloop
endfacet
facet normal 0.533456 -0.363851 0.763569
outer loop
vertex 18.198041 7.395215 2.151945
vertex 18.980552 7.395215 1.605254
vertex 19.110268 8.216906 1.906177
endloop
endfacet
facet normal 0.556151 -0.399448 0.728792
outer loop
vertex 18.198041 7.395215 2.151945
vertex 19.110268 8.216906 1.906177
vertex 18.350740 8.216906 2.485782
endloop
endfacet
facet normal 0.777650 -0.367630 0.510009
outer loop
vertex 18.980552 7.395215 1.605254
vertex 19.504048 7.395215 0.807040
vertex 19.676395 8.216906 1.136551
endloop
endfacet
facet normal 0.761689 -0.325434 0.560288
outer loop
vertex 18.980552 7.395215 1.605254
vertex 19.676395 8.216906 1.136551
vertex 19.110268 8.216906 1.906177
endloop
endfacet
facet normal 0.706723 -0.386000 0.592914
outer loop
vertex 19.504048 7.395215 0.807040
vertex 20.290467 8.216906 0.404608
vertex 19.676395 8.216906 1.136551
endloop
endfacet
facet normal -0.070744 -0.593310 0.801860
outer loop
vertex 0.955418 8.216906 0.000183
vertex 1.907140 8.216906 0.084149
vertex 1.713779 9.038596 0.675072
endloop
endfacet
facet normal -0.585842 -0.117870 0.801808
outer loop
vertex 0.955418 8.216906 0.000183
vertex 1.713779 9.038596 0.675072
vertex 0.945150 9.038596 0.113473
endloop
endfacet
facet normal -0.336749 -0.702626 0.626830
outer loop
vertex 1.907140 8.216906 0.084149
vertex 2.748792 8.216906 0.536306
vertex 2.439455 9.038596 1.291171
endloop
endfacet
facet normal -0.530081 -0.573751 0.624359
outer loop
vertex 1.907140 8.216906 0.084149
vertex 2.439455 9.038596 1.291171
vertex 1.713779 9.038596 0.675072
endloop
endfacet
facet normal -0.605596 -0.522433 0.600264
outer loop
vertex 2.748792 8.216906 0.536306
vertex 3.421382 8.216906 1.214869
vertex 3.262411 9.038596 1.769635
endloop
endfacet
facet normal -0.358366 -0.701171 0.616387
outer loop
vertex 2.748792 8.216906 0.536306
vertex 3.262411 9.038596 1.769635
vertex 2.439455 9.038596 1.291171
endloop
endfacet
facet normal -0.628502 -0.382891 0.677037
outer loop
vertex 3.421382 8.216906 1.214869
vertex 4.121596 8.216906 1.864887
vertex 4.066791 9.038596 2.278709
endloop
endfacet
facet normal -0.443463 -0.558881 0.700709
outer loop
vertex 3.421382 8.216906 1.214869
vertex 4.066791 9.038596 2.278709
vertex 3.262411 9.038596 1.769635
endloop
endfacet
facet normal -0.600222 -0.252254 0.759014
outer loop
vertex 4.121596 8.216906 1.864887
vertex 4.871007 8.216906 2.457515
vertex 4.894392 9.038596 2.749093
endloop
endfacet
facet normal -0.447064 -0.425954 0.786573
outer loop
vertex 4.121596 8.216906 1.864887
vertex 4.894392 9.038596 2.749093
vertex 4.066791 9.038596 2.278709
endloop
endfacet
facet normal -0.565652 -0.134170 0.813656
outer loop
vertex 4.871007 8.216906 2.457515
vertex 5.655482 8.216906 3.002881
vertex 5.735837 9.038596 3.194239
endloop
endfacet
facet normal -0.447857 -0.287659 0.846568
outer loop
vertex 4.871007 8.216906 2.457515
vertex 5.735837 9.038596 3.194239
vertex 4.894392 9.038596 2.749093
endloop
endfacet
facet normal -0.497398 -0.132226 0.857386
outer loop
vertex 5.655482 8.216906 3.002881
vertex 6.481901 8.216906 3.482314
vertex 6.566956 9.038596 3.658379
endloop
endfacet
facet normal -0.481773 -0.153794 0.862695
outer loop
vertex 5.655482 8.216906 3.002881
vertex 6.566956 9.038596 3.658379
vertex 5.735837 9.038596 3.194239
endloop
endfacet
facet normal -0.492799 -0.141000 0.858643
outer loop
vertex 6.481901 8.216906 3.482314
vertex 7.310543 8.216906 3.957895
vertex 7.389242 9.038596 4.137994
endloop
endfacet
facet normal -0.499437 -0.131776 0.856270
outer loop
vertex 6.481901 8.216906 3.482314
vertex 7.389242 9.038596 4.137994
vertex 6.566956 9.038596 3.658379
endloop
endfacet
facet normal -0.530610 -0.079133 0.843914
outer loop
vertex 7.310543 8.216906 3.957895
vertex 8.119371 8.216906 4.466444
vertex 8.218346 9.038596 4.605723
endloop
endfacet
facet normal -0.486339 -0.142375 0.862093
outer loop
vertex 7.310543 8.216906 3.957895
vertex 8.218346 9.038596 4.605723
vertex 7.389242 9.038596 4.137994
endloop
endfacet
facet normal -0.512072 -0.084003 0.854825
outer loop
vertex 8.119371 8.216906 4.466444
vertex 8.938983 8.216906 4.957422
vertex 9.034638 9.038596 5.095470
endloop
endfacet
facet normal -0.512695 -0.083092 0.854541
outer loop
vertex 8.119371 8.216906 4.466444
vertex 9.034638 9.038596 5.095470
vertex 8.218346 9.038596 4.605723
endloop
endfacet
facet normal -0.472301 -0.127661 0.872143
outer loop
vertex 8.938983 8.216906 4.957422
vertex 9.779119 8.216906 5.412390
vertex 9.857049 9.038596 5.574868
endloop
endfacet
facet normal -0.501729 -0.086197 0.860720
outer loop
vertex 8.938983 8.216906 4.957422
vertex 9.857049 9.038596 5.574868
vertex 9.034638 9.038596 5.095470
endloop
endfacet
facet normal -0.424921 -0.075692 0.902060
outer loop
vertex 9.779119 8.216906 5.412390
vertex 10.643444 8.216906 5.819535
vertex 10.738873 9.038596 5.933436
endloop
endfacet
facet normal -0.372643 -0.145871 0.916438
outer loop
vertex 9.779119 8.216906 5.412390
vertex 10.738873 9.038596 5.933436
vertex 9.857049 9.038596 5.574868
endloop
endfacet
facet normal -0.132518 0.078730 0.988049
outer loop
vertex 10.643444 8.216906 5.819535
vertex 11.590383 8.216906 5.946540
vertex 11.690011 9.038596 5.894428
endloop
endfacet
facet normal 0.040564 -0.141813 0.989062
outer loop
vertex 10.643444 8.216906 5.819535
vertex 11.690011 9.038596 5.894428
vertex 10.738873 9.038596 5.933436
endloop
endfacet
facet normal 0.570175 -0.043271 0.820383
outer loop
vertex 11.590383 8.216906 5.946540
vertex 12.374927 8.216906 5.401274
vertex 12.483779 9.038596 5.368961
endloop
endfacet
facet normal 0.551943 -0.014044 0.833763
outer loop
vertex 11.590383 8.216906 5.946540
vertex 12.483779 9.038596 5.368961
vertex 11.690011 9.038596 5.894428
endloop
endfacet
facet normal 0.641605 0.087309 0.762050
outer loop
vertex 12.374927 8.216906 5.401274
vertex 13.105795 8.216906 4.785923
vertex 13.130808 9.038596 4.670722
endloop
endfacet
facet normal 0.731680 -0.070265 0.678017
outer loop
vertex 12.374927 8.216906 5.401274
vertex 13.130808 9.038596 4.670722
vertex 12.483779 9.038596 5.368961
endloop
endfacet
facet normal 0.377209 0.113332 0.919167
outer loop
vertex 13.105795 8.216906 4.785923
vertex 13.989680 8.216906 4.423193
vertex 14.012739 9.038596 4.312417
endloop
endfacet
facet normal 0.373784 0.117610 0.920029
outer loop
vertex 13.105795 8.216906 4.785923
vertex 14.012739 9.038596 4.312417
vertex 13.130808 9.038596 4.670722
endloop
endfacet
facet normal 0.463196 -0.057788 0.884370
outer loop
vertex 13.989680 8.216906 4.423193
vertex 14.836037 8.216906 3.979906
vertex 14.910124 9.038596 3.994795
endloop
endfacet
facet normal 0.331370 0.116918 0.936228
outer loop
vertex 13.989680 8.216906 4.423193
vertex 14.910124 9.038596 3.994795
vertex 14.012739 9.038596 4.312417
endloop
endfacet
facet normal 0.374465 -0.080762 0.923717
outer loop
vertex 14.836037 8.216906 3.979906
vertex 15.721466 8.216906 3.620963
vertex 15.801396 9.038596 3.660401
endloop
endfacet
facet normal 0.350862 -0.048580 0.935166
outer loop
vertex 14.836037 8.216906 3.979906
vertex 15.801396 9.038596 3.660401
vertex 14.910124 9.038596 3.994795
endloop
endfacet
facet normal 0.399724 -0.206646 0.893038
outer loop
vertex 15.721466 8.216906 3.620963
vertex 16.593514 8.216906 3.230634
vertex 16.707829 9.038596 3.369603
endloop
endfacet
facet normal 0.304615 -0.075204 0.949502
outer loop
vertex 15.721466 8.216906 3.620963
vertex 16.707829 9.038596 3.369603
vertex 15.801396 9.038596 3.660401
endloop
endfacet
facet normal 0.386476 -0.457446 0.800862
outer loop
vertex 16.593514 8.216906 3.230634
vertex 17.453979 8.216906 2.815394
vertex 17.643311 9.038596 3.193370
endloop
endfacet
facet normal 0.181811 -0.188516 0.965094
outer loop
vertex 16.593514 8.216906 3.230634
vertex 17.643311 9.038596 3.193370
vertex 16.707829 9.038596 3.369603
endloop
endfacet
facet normal 0.323390 -0.348295 0.879835
outer loop
vertex 17.453979 8.216906 2.815394
vertex 18.350740 8.216906 2.485782
vertex 18.490687 9.038596 2.759621
endloop
endfacet
facet normal 0.405174 -0.457471 0.791552
outer loop
vertex 17.453979 8.216906 2.815394
vertex 18.490687 9.038596 2.759621
vertex 17.643311 9.038596 3.193370
endloop
endfacet
facet normal 0.571384 -0.335987 0.748754
outer loop
vertex 18.350740 8.216906 2.485782
vertex 19.110268 8.216906 1.906177
vertex 19.241662 9.038596 2.174625
endloop
endfacet
facet normal 0.576801 -0.345004 0.740454
outer loop
vertex 18.350740 8.216906 2.485782
vertex 19.241662 9.038596 2.174625
vertex 18.490687 9.038596 2.759621
endloop
endfacet
facet normal 0.726274 -0.432571 0.534237
outer loop
vertex 19.110268 8.216906 1.906177
vertex 19.676395 8.216906 1.136551
vertex 19.904670 9.038596 1.491541
endloop
endfacet
facet normal 0.678904 -0.323842 0.658951
outer loop
vertex 19.110268 8.216906 1.906177
vertex 19.904670 9.038596 1.491541
vertex 19.241662 9.038596 2.174625
endloop
endfacet
facet normal 0.725963 -0.319420 0.609056
outer loop
vertex 19.676395 8.216906 1.136551
vertex 20.290467 8.216906 0.404608
vertex 20.414535 9.038596 0.687661
endloop
endfacet
facet normal 0.765438 -0.422388 0.485483
outer loop
vertex 19.676395 8.216906 1.136551
vertex 20.414535 9.038596 0.687661
vertex 19.904670 9.038596 1.491541
endloop
endfacet
facet normal -0.086590 -0.687257 0.721235
outer loop
vertex 0.000000 9.038596 0.000000
vertex 0.945150 9.038596 0.113473
vertex 0.675557 9.860287 0.864087
endloop
endfacet
facet normal -0.686131 -0.177726 0.705434
outer loop
vertex 0.000000 9.038596 0.000000
vertex 0.675557 9.860287 0.864087
vertex 0.000000 9.860287 0.207015
endloop
endfacet
facet normal -0.446188 -0.654215 0.610671
outer loop
vertex 0.945150 9.038596 0.113473
vertex 1.713779 9.038596 0.675072
vertex 1.467283 9.860287 1.375251
endloop
endfacet
facet normal -0.394147 -0.686993 0.610482
outer loop
vertex 0.945150 9.038596 0.113473
vertex 1.467283 9.860287 1.375251
vertex 0.675557 9.860287 0.864087
endloop
endfacet
facet normal -0.557919 -0.506835 0.657149
outer loop
vertex 1.713779 9.038596 0.675072
vertex 2.439455 9.038596 1.291171
vertex 2.303625 9.860287 1.809592
endloop
endfacet
facet normal -0.343516 -0.666689 0.661455
outer loop
vertex 1.713779 9.038596 0.675072
vertex 2.303625 9.860287 1.809592
vertex 1.467283 9.860287 1.375251
endloop
endfacet
facet normal -0.437146 -0.493525 0.751889
outer loop
vertex 2.439455 9.038596 1.291171
vertex 3.262411 9.038596 1.769635
vertex 3.142405 9.860287 2.239205
endloop
endfacet
facet normal -0.384507 -0.537201 0.750713
outer loop
vertex 2.439455 9.038596 1.291171
vertex 3.142405 9.860287 2.239205
vertex 2.303625 9.860287 1.809592
endloop
endfacet
facet normal -0.487386 -0.411564 0.770110
outer loop
vertex 3.262411 9.038596 1.769635
vertex 4.066791 9.038596 2.278709
vertex 3.983172 9.860287 2.664918
endloop
endfacet
facet normal -0.391472 -0.499000 0.773142
outer loop
vertex 3.262411 9.038596 1.769635
vertex 3.983172 9.860287 2.664918
vertex 3.142405 9.860287 2.239205
endloop
endfacet
facet normal -0.458284 -0.373944 0.806313
outer loop
vertex 4.066791 9.038596 2.278709
vertex 4.894392 9.038596 2.749093
vertex 4.824137 9.860287 3.090238
endloop
endfacet
facet normal -0.409179 -0.421909 0.809052
outer loop
vertex 4.066791 9.038596 2.278709
vertex 4.824137 9.860287 3.090238
vertex 3.983172 9.860287 2.664918
endloop
endfacet
facet normal -0.445246 -0.305628 0.841634
outer loop
vertex 4.894392 9.038596 2.749093
vertex 5.735837 9.038596 3.194239
vertex 5.687845 9.860287 3.467236
endloop
endfacet
facet normal -0.369524 -0.383075 0.846585
outer loop
vertex 4.894392 9.038596 2.749093
vertex 5.687845 9.860287 3.467236
vertex 4.824137 9.860287 3.090238
endloop
endfacet
facet normal -0.471068 -0.257992 0.843525
outer loop
vertex 5.735837 9.038596 3.194239
vertex 6.566956 9.038596 3.658379
vertex 6.530447 9.860287 3.889304
endloop
endfacet
facet normal -0.426158 -0.307547 0.850767
outer loop
vertex 5.735837 9.038596 3.194239
vertex 6.530447 9.860287 3.889304
vertex 5.687845 9.860287 3.467236
endloop
endfacet
facet normal -0.486124 -0.262780 0.833445
outer loop
vertex 6.566956 9.038596 3.658379
vertex 7.389242 9.038596 4.137994
vertex 7.341496 9.860287 4.369220
endloop
endfacet
facet normal -0.492319 -0.255700 0.832010
outer loop
vertex 6.566956 9.038596 3.658379
vertex 7.341496 9.860287 4.369220
vertex 6.530447 9.860287 3.889304
endloop
endfacet
facet normal -0.483930 -0.173069 0.857822
outer loop
vertex 7.389242 9.038596 4.137994
vertex 8.218346 9.038596 4.605723
vertex 8.198832 9.860287 4.760494
endloop
endfacet
facet normal -0.399798 -0.269743 0.876014
outer loop
vertex 7.389242 9.038596 4.137994
vertex 8.198832 9.860287 4.760494
vertex 7.341496 9.860287 4.369220
endloop
endfacet
facet normal -0.513962 -0.044604 0.856653
outer loop
vertex 8.218346 9.038596 4.605723
vertex 9.034638 9.038596 5.095470
vertex 9.056382 9.860287 5.151299
endloop
endfacet
facet normal -0.408043 -0.178340 0.895375
outer loop
vertex 8.218346 9.038596 4.605723
vertex 9.056382 9.860287 5.151299
vertex 8.198832 9.860287 4.760494
endloop
endfacet
facet normal -0.501878 0.082715 0.860975
outer loop
vertex 9.034638 9.038596 5.095470
vertex 9.857049 9.038596 5.574868
vertex 9.918560 9.860287 5.531783
endloop
endfacet
facet normal -0.403205 -0.051408 0.913665
outer loop
vertex 9.034638 9.038596 5.095470
vertex 9.918560 9.860287 5.531783
vertex 9.056382 9.860287 5.151299
endloop
endfacet
facet normal -0.364569 0.251458 0.896582
outer loop
vertex 9.857049 9.038596 5.574868
vertex 10.738873 9.038596 5.933436
vertex 10.837012 9.860287 5.742888
endloop
endfacet
facet normal -0.223494 0.067716 0.972350
outer loop
vertex 9.857049 9.038596 5.574868
vertex 10.837012 9.860287 5.742888
vertex 9.918560 9.860287 5.531783
endloop
endfacet
facet normal 0.040805 0.091878 0.994934
outer loop
vertex 10.738873 9.038596 5.933436
vertex 11.690011 9.038596 5.894428
vertex 11.776650 9.860287 5.814995
endloop
endfacet
facet normal -0.074396 0.233701 0.969458
outer loop
vertex 10.738873 9.038596 5.933436
vertex 11.776650 9.860287 5.814995
vertex 10.837012 9.860287 5.742888
endloop
endfacet
facet normal 0.546293 -0.143398 0.825228
outer loop
vertex 11.690011 9.038596 5.894428
vertex 12.483779 9.038596 5.368961
vertex 12.629945 9.860287 5.414984
endloop
endfacet
facet normal 0.424071 0.042735 0.904620
outer loop
vertex 11.690011 9.038596 5.894428
vertex 12.629945 9.860287 5.414984
vertex 11.776650 9.860287 5.814995
endloop
endfacet
facet normal 0.730800 -0.085602 0.677203
outer loop
vertex 12.483779 9.038596 5.368961
vertex 13.130808 9.038596 4.670722
vertex 13.219027 9.860287 4.679388
endloop
endfacet
facet normal 0.769020 -0.171290 0.615848
outer loop
vertex 12.483779 9.038596 5.368961
vertex 13.219027 9.860287 4.679388
vertex 12.629945 9.860287 5.414984
endloop
endfacet
facet normal 0.375649 0.062960 0.924621
outer loop
vertex 13.130808 9.038596 4.670722
vertex 14.012739 9.038596 4.312417
vertex 14.052823 9.860287 4.240180
endloop
endfacet
facet normal 0.465232 -0.059263 0.883202
outer loop
vertex 13.130808 9.038596 4.670722
vertex 14.052823 9.860287 4.240180
vertex 13.219027 9.860287 4.679388
endloop
endfacet
facet normal 0.331434 -0.115275 0.936410
outer loop
vertex 14.012739 9.038596 4.312417
vertex 14.910124 9.038596 3.994795
vertex 14.979956 9.860287 4.071231
endloop
endfacet
facet normal 0.178736 0.077508 0.980839
outer loop
vertex 14.012739 9.038596 4.312417
vertex 14.979956 9.860287 4.071231
vertex 14.052823 9.860287 4.240180
endloop
endfacet
facet normal 0.339968 -0.251700 0.906129
outer loop
vertex 14.910124 9.038596 3.994795
vertex 15.801396 9.038596 3.660401
vertex 15.896714 9.860287 3.852884
endloop
endfacet
facet normal 0.230298 -0.109520 0.966938
outer loop
vertex 14.910124 9.038596 3.994795
vertex 15.896714 9.860287 3.852884
vertex 14.979956 9.860287 4.071231
endloop
endfacet
facet normal 0.281561 -0.387902 0.877642
outer loop
vertex 15.801396 9.038596 3.660401
vertex 16.707829 9.038596 3.369603
vertex 16.825784 9.860287 3.694934
endloop
endfacet
facet normal 0.162585 -0.242884 0.956333
outer loop
vertex 15.801396 9.038596 3.660401
vertex 16.825784 9.860287 3.694934
vertex 15.896714 9.860287 3.852884
endloop
endfacet
facet normal 0.179821 -0.237791 0.954526
outer loop
vertex 16.707829 9.038596 3.369603
vertex 17.643311 9.038596 3.193370
vertex 17.715572 9.860287 3.384456
endloop
endfacet
facet normal 0.303630 -0.388109 0.870161
outer loop
vertex 16.707829 9.038596 3.369603
vertex 17.715572 9.860287 3.384456
vertex 16.825784 9.860287 3.694934
endloop
endfacet
facet normal 0.438398 -0.272554 0.856459
outer loop
vertex 17.643311 9.038596 3.193370
vertex 18.490687 9.038596 2.759621
vertex 18.567594 9.860287 2.981744
endloop
endfacet
facet normal 0.414778 -0.240552 0.877550
outer loop
vertex 17.643311 9.038596 3.193370
vertex 18.567594 9.860287 2.981744
vertex 17.715572 9.860287 3.384456
endloop
endfacet
facet normal 0.575106 -0.352419 0.738278
outer loop
vertex 18.490687 9.038596 2.759621
vertex 19.241662 9.038596 2.174625
vertex 19.361303 9.860287 2.473663
endloop
endfacet
facet normal 0.519418 -0.267962 0.811419
outer loop
vertex 18.490687 9.038596 2.759621
vertex 19.361303 9.860287 2.473663
vertex 18.567594 9.860287 2.981744
endloop
endfacet
facet normal 0.648959 -0.426727 0.629886
outer loop
vertex 19.241662 9.038596 2.174625
vertex 19.904670 9.038596 1.491541
vertex 20.081579 9.860287 1.865944
endloop
endfacet
facet normal 0.604388 -0.348695 0.716329
outer loop
vertex 19.241662 9.038596 2.174625
vertex 20.081579 9.860287 1.865944
vertex 19.361303 9.860287 2.473663
endloop
endfacet
facet normal 0.713493 -0.534918 0.452537
outer loop
vertex 19.904670 9.038596 1.491541
vertex 20.414535 9.038596 0.687661
vertex 20.721835 9.860287 1.174430
endloop
endfacet
facet normal 0.664715 -0.423538 0.615443
outer loop
vertex 19.904670 9.038596 1.491541
vertex 20.721835 9.860287 1.174430
vertex 20.081579 9.860287 1.865944
endloop
endfacet
facet normal 0.677525 -0.545585 0.493251
outer loop
vertex 20.414535 9.038596 0.687661
vertex 21.276500 9.860287 0.412546
vertex 20.721835 9.860287 1.174430
endloop
endfacet
facet normal -0.582439 -0.549703 0.598825
outer loop
vertex 0.000000 9.860287 0.207015
vertex 0.675557 9.860287 0.864087
vertex 0.703171 10.681978 1.645232
endloop
endfacet
facet normal -0.515197 -0.611046 0.600995
outer loop
vertex 0.000000 9.860287 0.207015
vertex 0.703171 10.681978 1.645232
vertex 0.000000 10.681978 1.042447
endloop
endfacet
facet normal -0.454768 -0.545014 0.704376
outer loop
vertex 0.675557 9.860287 0.864087
vertex 1.467283 9.860287 1.375251
vertex 1.534155 10.681978 2.054212
endloop
endfacet
facet normal -0.338434 -0.642343 0.687647
outer loop
vertex 0.675557 9.860287 0.864087
vertex 1.534155 10.681978 2.054212
vertex 0.703171 10.681978 1.645232
endloop
endfacet
facet normal -0.418403 -0.419360 0.805653
outer loop
vertex 1.467283 9.860287 1.375251
vertex 2.303625 9.860287 1.809592
vertex 2.426775 10.681978 2.301256
endloop
endfacet
facet normal -0.210867 -0.612400 0.761906
outer loop
vertex 1.467283 9.860287 1.375251
vertex 2.426775 10.681978 2.301256
vertex 1.534155 10.681978 2.054212
endloop
endfacet
facet normal -0.409323 -0.440215 0.799165
outer loop
vertex 2.303625 9.860287 1.809592
vertex 3.142405 9.860287 2.239205
vertex 3.241141 10.681978 2.742400
endloop
endfacet
facet normal -0.433583 -0.413947 0.800408
outer loop
vertex 2.303625 9.860287 1.809592
vertex 3.241141 10.681978 2.742400
vertex 2.426775 10.681978 2.301256
endloop
endfacet
facet normal -0.398780 -0.469786 0.787576
outer loop
vertex 3.142405 9.860287 2.239205
vertex 3.983172 9.860287 2.664918
vertex 4.052022 10.681978 3.189916
endloop
endfacet
facet normal -0.435927 -0.431335 0.789884
outer loop
vertex 3.142405 9.860287 2.239205
vertex 4.052022 10.681978 3.189916
vertex 3.241141 10.681978 2.742400
endloop
endfacet
facet normal -0.405296 -0.439928 0.801373
outer loop
vertex 3.983172 9.860287 2.664918
vertex 4.824137 9.860287 3.090238
vertex 4.893667 10.681978 3.576484
endloop
endfacet
facet normal -0.366389 -0.478976 0.797710
outer loop
vertex 3.983172 9.860287 2.664918
vertex 4.893667 10.681978 3.576484
vertex 4.052022 10.681978 3.189916
endloop
endfacet
facet normal -0.362132 -0.424904 0.829649
outer loop
vertex 4.824137 9.860287 3.090238
vertex 5.687845 9.860287 3.467236
vertex 5.754850 10.681978 3.917311
endloop
endfacet
facet normal -0.326611 -0.460723 0.825263
outer loop
vertex 4.824137 9.860287 3.090238
vertex 5.754850 10.681978 3.917311
vertex 4.893667 10.681978 3.576484
endloop
endfacet
facet normal -0.419574 -0.349780 0.837623
outer loop
vertex 5.687845 9.860287 3.467236
vertex 6.530447 9.860287 3.889304
vertex 6.610249 10.681978 4.272405
endloop
endfacet
facet normal -0.346366 -0.428778 0.834374
outer loop
vertex 5.687845 9.860287 3.467236
vertex 6.610249 10.681978 4.272405
vertex 5.754850 10.681978 3.917311
endloop
endfacet
facet normal -0.494313 -0.240405 0.835380
outer loop
vertex 6.530447 9.860287 3.889304
vertex 7.341496 9.860287 4.369220
vertex 7.447496 10.681978 4.668407
endloop
endfacet
facet normal -0.399691 -0.355171 0.845045
outer loop
vertex 6.530447 9.860287 3.889304
vertex 7.447496 10.681978 4.668407
vertex 6.610249 10.681978 4.272405
endloop
endfacet
facet normal -0.410348 -0.152247 0.899130
outer loop
vertex 7.341496 9.860287 4.369220
vertex 8.198832 9.860287 4.760494
vertex 8.327167 10.681978 4.958198
endloop
endfacet
facet normal -0.299241 -0.292140 0.908355
outer loop
vertex 7.341496 9.860287 4.369220
vertex 8.327167 10.681978 4.958198
vertex 7.447496 10.681978 4.668407
endloop
endfacet
facet normal -0.412481 0.103088 0.905114
outer loop
vertex 8.198832 9.860287 4.760494
vertex 9.056382 9.860287 5.151299
vertex 9.235459 10.681978 5.139321
endloop
endfacet
facet normal -0.191560 -0.201216 0.960633
outer loop
vertex 8.198832 9.860287 4.760494
vertex 9.235459 10.681978 5.139321
vertex 8.327167 10.681978 4.958198
endloop
endfacet
facet normal -0.379024 0.344506 0.858869
outer loop
vertex 9.056382 9.860287 5.151299
vertex 9.918560 9.860287 5.531783
vertex 10.147051 10.681978 5.303024
endloop
endfacet
facet normal -0.176505 0.052794 0.982883
outer loop
vertex 9.056382 9.860287 5.151299
vertex 10.147051 10.681978 5.303024
vertex 9.235459 10.681978 5.139321
endloop
endfacet
facet normal -0.211160 0.333794 0.918691
outer loop
vertex 9.918560 9.860287 5.531783
vertex 10.837012 9.860287 5.742888
vertex 11.053311 10.681978 5.494054
endloop
endfacet
facet normal -0.195881 0.313179 0.929273
outer loop
vertex 9.918560 9.860287 5.531783
vertex 11.053311 10.681978 5.494054
vertex 10.147051 10.681978 5.303024
endloop
endfacet
facet normal -0.075182 0.185837 0.979700
outer loop
vertex 10.837012 9.860287 5.742888
vertex 11.776650 9.860287 5.814995
vertex 11.961965 10.681978 5.673352
endloop
endfacet
facet normal -0.182831 0.328720 0.926562
outer loop
vertex 10.837012 9.860287 5.742888
vertex 11.961965 10.681978 5.673352
vertex 11.053311 10.681978 5.494054
endloop
endfacet
facet normal 0.415824 -0.200682 0.887027
outer loop
vertex 11.776650 9.860287 5.814995
vertex 12.629945 9.860287 5.414984
vertex 12.869521 10.681978 5.488575
endloop
endfacet
facet normal 0.197991 0.122981 0.972458
outer loop
vertex 11.776650 9.860287 5.814995
vertex 12.869521 10.681978 5.488575
vertex 11.961965 10.681978 5.673352
endloop
endfacet
facet normal 0.686937 -0.474859 0.550114
outer loop
vertex 12.629945 9.860287 5.414984
vertex 13.219027 9.860287 4.679388
vertex 13.597528 10.681978 4.916032
endloop
endfacet
facet normal 0.599633 -0.243117 0.762452
outer loop
vertex 12.629945 9.860287 5.414984
vertex 13.597528 10.681978 4.916032
vertex 12.869521 10.681978 5.488575
endloop
endfacet
facet normal 0.445735 -0.292038 0.846188
outer loop
vertex 13.219027 9.860287 4.679388
vertex 14.052823 9.860287 4.240180
vertex 14.345376 10.681978 4.369660
endloop
endfacet
facet normal 0.526737 -0.450272 0.720974
outer loop
vertex 13.219027 9.860287 4.679388
vertex 14.345376 10.681978 4.369660
vertex 13.597528 10.681978 4.916032
endloop
endfacet
facet normal 0.170950 -0.301204 0.938111
outer loop
vertex 14.052823 9.860287 4.240180
vertex 14.979956 9.860287 4.071231
vertex 15.267456 10.681978 4.282665
endloop
endfacet
facet normal 0.092273 -0.186967 0.978023
outer loop
vertex 14.052823 9.860287 4.240180
vertex 15.267456 10.681978 4.282665
vertex 14.345376 10.681978 4.369660
endloop
endfacet
facet normal 0.207712 -0.443039 0.872108
outer loop
vertex 14.979956 9.860287 4.071231
vertex 15.896714 9.860287 3.852884
vertex 16.189976 10.681978 4.200464
endloop
endfacet
facet normal 0.085301 -0.276178 0.957314
outer loop
vertex 14.979956 9.860287 4.071231
vertex 16.189976 10.681978 4.200464
vertex 15.267456 10.681978 4.282665
endloop
endfacet
facet normal 0.160705 -0.283953 0.945275
outer loop
vertex 15.896714 9.860287 3.852884
vertex 16.825784 9.860287 3.694934
vertex 17.066355 10.681978 3.900864
endloop
endfacet
facet normal 0.287501 -0.458351 0.840986
outer loop
vertex 15.896714 9.860287 3.852884
vertex 17.066355 10.681978 3.900864
vertex 16.189976 10.681978 4.200464
endloop
endfacet
facet normal 0.319422 -0.244904 0.915419
outer loop
vertex 16.825784 9.860287 3.694934
vertex 17.715572 9.860287 3.384456
vertex 17.916802 10.681978 3.534069
endloop
endfacet
facet normal 0.374255 -0.327044 0.867742
outer loop
vertex 16.825784 9.860287 3.694934
vertex 17.916802 10.681978 3.534069
vertex 17.066355 10.681978 3.900864
endloop
endfacet
facet normal 0.408913 -0.290384 0.865140
outer loop
vertex 17.715572 9.860287 3.384456
vertex 18.567594 9.860287 2.981744
vertex 18.765775 10.681978 3.163873
endloop
endfacet
facet normal 0.386388 -0.255967 0.886107
outer loop
vertex 17.715572 9.860287 3.384456
vertex 18.765775 10.681978 3.163873
vertex 17.916802 10.681978 3.534069
endloop
endfacet
facet normal 0.496628 -0.389192 0.775816
outer loop
vertex 18.567594 9.860287 2.981744
vertex 19.361303 9.860287 2.473663
vertex 19.589240 10.681978 2.739957
endloop
endfacet
facet normal 0.437494 -0.293886 0.849841
outer loop
vertex 18.567594 9.860287 2.981744
vertex 19.589240 10.681978 2.739957
vertex 18.765775 10.681978 3.163873
endloop
endfacet
facet normal 0.578764 -0.441013 0.685959
outer loop
vertex 19.361303 9.860287 2.473663
vertex 20.081579 9.860287 1.865944
vertex 20.330279 10.681978 2.184384
endloop
endfacet
facet normal 0.551928 -0.391686 0.736178
outer loop
vertex 19.361303 9.860287 2.473663
vertex 20.330279 10.681978 2.184384
vertex 19.589240 10.681978 2.739957
endloop
endfacet
facet normal 0.662687 -0.429400 0.613565
outer loop
vertex 20.081579 9.860287 1.865944
vertex 20.721835 9.860287 1.174430
vertex 20.953507 10.681978 1.499266
endloop
endfacet
facet normal 0.665665 -0.436145 0.605531
outer loop
vertex 20.081579 9.860287 1.865944
vertex 20.953507 10.681978 1.499266
vertex 20.330279 10.681978 2.184384
endloop
endfacet
facet normal 0.736966 -0.411124 0.536525
outer loop
vertex 20.721835 9.860287 1.174430
vertex 21.276500 9.860287 0.412546
vertex 21.492216 10.681978 0.745879
endloop
endfacet
facet normal 0.739202 -0.417371 0.528566
outer loop
vertex 20.721835 9.860287 1.174430
vertex 21.492216 10.681978 0.745879
vertex 20.953507 10.681978 1.499266
endloop
endfacet
facet normal 0.620714 -0.429139 0.656166
outer loop
vertex 21.276500 9.860287 0.412546
vertex 22.165044 10.681978 0.109403
vertex 21.492216 10.681978 0.745879
endloop
endfacet
facet normal -0.649069 0.073593 0.757162
outer loop
vertex 0.000000 10.681978 1.042447
vertex 0.703171 10.681978 1.645232
vertex 0.635182 11.503668 1.507085
endloop
endfacet
facet normal -0.716024 0.170753 0.676870
outer loop
vertex 0.000000 10.681978 1.042447
vertex 0.635182 11.503668 1.507085
vertex 0.000000 11.503668 0.835160
endloop
endfacet
facet normal -0.436786 -0.146952 0.887481
outer loop
vertex 0.703171 10.681978 1.645232
vertex 1.534155 10.681978 2.054212
vertex 1.346445 11.503668 2.097887
endloop
endfacet
facet normal -0.637100 0.076237 0.767001
outer loop
vertex 0.703171 10.681978 1.645232
vertex 1.346445 11.503668 2.097887
vertex 0.635182 11.503668 1.507085
endloop
endfacet
facet normal -0.250409 -0.344491 0.904777
outer loop
vertex 1.534155 10.681978 2.054212
vertex 2.426775 10.681978 2.301256
vertex 2.158587 11.503668 2.539888
endloop
endfacet
facet normal -0.472326 -0.154029 0.867861
outer loop
vertex 1.534155 10.681978 2.054212
vertex 2.158587 11.503668 2.539888
vertex 1.346445 11.503668 2.097887
endloop
endfacet
facet normal -0.442068 -0.372294 0.816072
outer loop
vertex 2.426775 10.681978 2.301256
vertex 3.241141 10.681978 2.742400
vertex 2.975355 11.503668 2.973281
endloop
endfacet
facet normal -0.433758 -0.378974 0.817455
outer loop
vertex 2.426775 10.681978 2.301256
vertex 2.975355 11.503668 2.973281
vertex 2.158587 11.503668 2.539888
endloop
endfacet
facet normal -0.451265 -0.357447 0.817675
outer loop
vertex 3.241141 10.681978 2.742400
vertex 4.052022 10.681978 3.189916
vertex 3.792530 11.503668 3.405908
endloop
endfacet
facet normal -0.434475 -0.371130 0.820667
outer loop
vertex 3.241141 10.681978 2.742400
vertex 3.792530 11.503668 3.405908
vertex 2.975355 11.503668 2.973281
endloop
endfacet
facet normal -0.396201 -0.314513 0.862616
outer loop
vertex 4.052022 10.681978 3.189916
vertex 4.893667 10.681978 3.576484
vertex 4.645753 11.503668 3.762209
endloop
endfacet
facet normal -0.362072 -0.342257 0.867043
outer loop
vertex 4.052022 10.681978 3.189916
vertex 4.645753 11.503668 3.762209
vertex 3.792530 11.503668 3.405908
endloop
endfacet
facet normal -0.356542 -0.247538 0.900890
outer loop
vertex 4.893667 10.681978 3.576484
vertex 5.754850 10.681978 3.917311
vertex 5.523901 11.503668 4.051685
endloop
endfacet
facet normal -0.299108 -0.295334 0.907366
outer loop
vertex 4.893667 10.681978 3.576484
vertex 5.523901 11.503668 4.051685
vertex 4.645753 11.503668 3.762209
endloop
endfacet
facet normal -0.380809 -0.116027 0.917345
outer loop
vertex 5.754850 10.681978 3.917311
vertex 6.610249 10.681978 4.272405
vertex 6.415777 11.503668 4.295604
endloop
endfacet
facet normal -0.256983 -0.225893 0.939645
outer loop
vertex 5.754850 10.681978 3.917311
vertex 6.415777 11.503668 4.295604
vertex 5.523901 11.503668 4.051685
endloop
endfacet
facet normal -0.422412 0.154826 0.893083
outer loop
vertex 6.610249 10.681978 4.272405
vertex 7.447496 10.681978 4.668407
vertex 7.324257 11.503668 4.467668
endloop
endfacet
facet normal -0.185612 -0.071599 0.980011
outer loop
vertex 6.610249 10.681978 4.272405
vertex 7.324257 11.503668 4.467668
vertex 6.415777 11.503668 4.295604
endloop
endfacet
facet normal -0.297317 0.311555 0.902516
outer loop
vertex 7.447496 10.681978 4.668407
vertex 8.327167 10.681978 4.958198
vertex 8.232069 11.503668 4.643217
endloop
endfacet
facet normal -0.185754 0.206811 0.960585
outer loop
vertex 7.447496 10.681978 4.668407
vertex 8.232069 11.503668 4.643217
vertex 7.324257 11.503668 4.467668
endloop
endfacet
facet normal -0.181903 0.367151 0.912202
outer loop
vertex 8.327167 10.681978 4.958198
vertex 9.235459 10.681978 5.139321
vertex 9.144886 11.503668 4.790539
endloop
endfacet
facet normal -0.149913 0.338716 0.928869
outer loop
vertex 8.327167 10.681978 4.958198
vertex 9.144886 11.503668 4.790539
vertex 8.232069 11.503668 4.643217
endloop
endfacet
facet normal -0.164467 0.366296 0.915848
outer loop
vertex 9.235459 10.681978 5.139321
vertex 10.147051 10.681978 5.303024
vertex 10.054276 11.503668 4.957726
endloop
endfacet
facet normal -0.168024 0.369421 0.913945
outer loop
vertex 9.235459 10.681978 5.139321
vertex 10.054276 11.503668 4.957726
vertex 9.144886 11.503668 4.790539
endloop
endfacet
facet normal -0.193181 0.350400 0.916461
outer loop
vertex 10.147051 10.681978 5.303024
vertex 11.053311 10.681978 5.494054
vertex 10.956620 11.503668 5.159508
endloop
endfacet
facet normal -0.203626 0.359666 0.910592
outer loop
vertex 10.147051 10.681978 5.303024
vertex 10.956620 11.503668 5.159508
vertex 10.054276 11.503668 4.957726
endloop
endfacet
facet normal -0.184144 0.308536 0.933218
outer loop
vertex 11.053311 10.681978 5.494054
vertex 11.961965 10.681978 5.673352
vertex 11.854458 11.503668 5.380475
endloop
endfacet
facet normal -0.224331 0.344717 0.911507
outer loop
vertex 11.053311 10.681978 5.494054
vertex 11.854458 11.503668 5.380475
vertex 10.956620 11.503668 5.159508
endloop
endfacet
facet normal 0.198705 -0.089486 0.975966
outer loop
vertex 11.961965 10.681978 5.673352
vertex 12.869521 10.681978 5.488575
vertex 12.755708 11.503668 5.587088
endloop
endfacet
facet normal -0.212935 0.303205 0.928830
outer loop
vertex 11.961965 10.681978 5.673352
vertex 12.755708 11.503668 5.587088
vertex 11.854458 11.503668 5.380475
endloop
endfacet
facet normal 0.516650 -0.549097 0.656937
outer loop
vertex 12.869521 10.681978 5.488575
vertex 13.597528 10.681978 4.916032
vertex 13.679071 11.503668 5.538707
endloop
endfacet
facet normal 0.051996 -0.111773 0.992372
outer loop
vertex 12.869521 10.681978 5.488575
vertex 13.679071 11.503668 5.538707
vertex 12.755708 11.503668 5.587088
endloop
endfacet
facet normal 0.434073 -0.677185 0.594139
outer loop
vertex 13.597528 10.681978 4.916032
vertex 14.345376 10.681978 4.369660
vertex 14.528160 11.503668 5.172662
endloop
endfacet
facet normal 0.318961 -0.592327 0.739873
outer loop
vertex 13.597528 10.681978 4.916032
vertex 14.528160 11.503668 5.172662
vertex 13.679071 11.503668 5.538707
endloop
endfacet
facet normal 0.078589 -0.547693 0.832980
outer loop
vertex 14.345376 10.681978 4.369660
vertex 15.267456 10.681978 4.282665
vertex 15.379695 11.503668 4.812346
endloop
endfacet
facet normal 0.277391 -0.702352 0.655557
outer loop
vertex 14.345376 10.681978 4.369660
vertex 15.379695 11.503668 4.812346
vertex 14.528160 11.503668 5.172662
endloop
endfacet
facet normal 0.083443 -0.340705 0.936460
outer loop
vertex 15.267456 10.681978 4.282665
vertex 16.189976 10.681978 4.200464
vertex 16.247887 11.503668 4.494253
endloop
endfacet
facet normal 0.288143 -0.546323 0.786451
outer loop
vertex 15.267456 10.681978 4.282665
vertex 16.247887 11.503668 4.494253
vertex 15.379695 11.503668 4.812346
endloop
endfacet
facet normal 0.304844 -0.334532 0.891717
outer loop
vertex 16.189976 10.681978 4.200464
vertex 17.066355 10.681978 3.900864
vertex 17.121161 11.503668 4.190390
endloop
endfacet
facet normal 0.309123 -0.339423 0.888389
outer loop
vertex 16.189976 10.681978 4.200464
vertex 17.121161 11.503668 4.190390
vertex 16.247887 11.503668 4.494253
endloop
endfacet
facet normal 0.370902 -0.350550 0.859969
outer loop
vertex 17.066355 10.681978 3.900864
vertex 17.916802 10.681978 3.534069
vertex 17.977912 11.503668 3.842658
endloop
endfacet
facet normal 0.354789 -0.331670 0.874139
outer loop
vertex 17.066355 10.681978 3.900864
vertex 17.977912 11.503668 3.842658
vertex 17.121161 11.503668 4.190390
endloop
endfacet
facet normal 0.374684 -0.348242 0.859267
outer loop
vertex 17.916802 10.681978 3.534069
vertex 18.765775 10.681978 3.163873
vertex 18.824652 11.503668 3.471213
endloop
endfacet
facet normal 0.376294 -0.350134 0.857793
outer loop
vertex 17.916802 10.681978 3.534069
vertex 18.824652 11.503668 3.471213
vertex 17.977912 11.503668 3.842658
endloop
endfacet
facet normal 0.428871 -0.349332 0.833089
outer loop
vertex 18.765775 10.681978 3.163873
vertex 19.589240 10.681978 2.739957
vertex 19.649535 11.503668 3.053470
endloop
endfacet
facet normal 0.424263 -0.343749 0.837758
outer loop
vertex 18.765775 10.681978 3.163873
vertex 19.649535 11.503668 3.053470
vertex 18.824652 11.503668 3.471213
endloop
endfacet
facet normal 0.559365 -0.361175 0.746099
outer loop
vertex 19.589240 10.681978 2.739957
vertex 20.330279 10.681978 2.184384
vertex 20.407657 11.503668 2.524140
endloop
endfacet
facet normal 0.539518 -0.334416 0.772714
outer loop
vertex 19.589240 10.681978 2.739957
vertex 20.407657 11.503668 2.524140
vertex 19.649535 11.503668 3.053470
endloop
endfacet
facet normal 0.663787 -0.441343 0.603823
outer loop
vertex 20.330279 10.681978 2.184384
vertex 20.953507 10.681978 1.499266
vertex 21.112225 11.503668 1.925371
endloop
endfacet
facet normal 0.606135 -0.351990 0.713235
outer loop
vertex 20.330279 10.681978 2.184384
vertex 21.112225 11.503668 1.925371
vertex 20.407657 11.503668 2.524140
endloop
endfacet
facet normal 0.699151 -0.511137 0.499927
outer loop
vertex 20.953507 10.681978 1.499266
vertex 21.492216 10.681978 0.745879
vertex 21.736959 11.503668 1.243720
endloop
endfacet
facet normal 0.661285 -0.442024 0.606068
outer loop
vertex 20.953507 10.681978 1.499266
vertex 21.736959 11.503668 1.243720
vertex 21.112225 11.503668 1.925371
endloop
endfacet
facet normal 0.632375 -0.391431 0.668494
outer loop
vertex 21.492216 10.681978 0.745879
vertex 22.165044 10.681978 0.109403
vertex 22.271845 11.503668 0.489507
endloop
endfacet
facet normal 0.701470 -0.510346 0.497481
outer loop
vertex 21.492216 10.681978 0.745879
vertex 22.271845 11.503668 0.489507
vertex 21.736959 11.503668 1.243720
endloop
endfacet
facet normal -0.718463 0.150110 0.679175
outer loop
vertex 0.000000 11.503668 0.835160
vertex 0.635182 11.503668 1.507085
vertex 0.564212 12.325359 1.250401
endloop
endfacet
facet normal -0.770303 0.227975 0.595534
outer loop
vertex 0.000000 11.503668 0.835160
vertex 0.564212 12.325359 1.250401
vertex 0.000000 12.325359 0.520611
endloop
endfacet
facet normal -0.634083 0.123314 0.763369
outer loop
vertex 0.635182 11.503668 1.507085
vertex 1.346445 11.503668 2.097887
vertex 1.240813 12.325359 1.877410
endloop
endfacet
facet normal -0.670055 0.167998 0.723051
outer loop
vertex 0.635182 11.503668 1.507085
vertex 1.240813 12.325359 1.877410
vertex 0.564212 12.325359 1.250401
endloop
endfacet
facet normal -0.476362 0.083472 0.875278
outer loop
vertex 1.346445 11.503668 2.097887
vertex 2.158587 11.503668 2.539888
vertex 2.012881 12.325359 2.382227
endloop
endfacet
facet normal -0.540858 0.152422 0.827188
outer loop
vertex 1.346445 11.503668 2.097887
vertex 2.012881 12.325359 2.382227
vertex 1.240813 12.325359 1.877410
endloop
endfacet
facet normal -0.468682 -0.012930 0.883272
outer loop
vertex 2.158587 11.503668 2.539888
vertex 2.975355 11.503668 2.973281
vertex 2.786290 12.325359 2.884988
endloop
endfacet
facet normal -0.543902 0.064093 0.836697
outer loop
vertex 2.158587 11.503668 2.539888
vertex 2.786290 12.325359 2.884988
vertex 2.012881 12.325359 2.382227
endloop
endfacet
facet normal -0.465874 -0.092765 0.879975
outer loop
vertex 2.975355 11.503668 2.973281
vertex 3.792530 11.503668 3.405908
vertex 3.568508 12.325359 3.373928
endloop
endfacet
facet normal -0.529789 -0.030827 0.847569
outer loop
vertex 2.975355 11.503668 2.973281
vertex 3.568508 12.325359 3.373928
vertex 2.786290 12.325359 2.884988
endloop
endfacet
facet normal -0.385181 -0.029082 0.922383
outer loop
vertex 3.792530 11.503668 3.405908
vertex 4.645753 11.503668 3.762209
vertex 4.431867 12.325359 3.698799
endloop
endfacet
facet normal -0.351556 -0.059485 0.934275
outer loop
vertex 3.792530 11.503668 3.405908
vertex 4.431867 12.325359 3.698799
vertex 3.568508 12.325359 3.373928
endloop
endfacet
facet normal -0.309993 0.139930 0.940385
outer loop
vertex 4.645753 11.503668 3.762209
vertex 5.523901 11.503668 4.051685
vertex 5.338611 12.325359 3.868338
endloop
endfacet
facet normal -0.183719 0.028004 0.982580
outer loop
vertex 4.645753 11.503668 3.762209
vertex 5.338611 12.325359 3.868338
vertex 4.431867 12.325359 3.698799
endloop
endfacet
facet normal -0.249666 0.322948 0.912892
outer loop
vertex 5.523901 11.503668 4.051685
vertex 6.415777 11.503668 4.295604
vertex 6.256371 12.325359 3.961324
endloop
endfacet
facet normal -0.098859 0.195425 0.975723
outer loop
vertex 5.523901 11.503668 4.051685
vertex 6.256371 12.325359 3.961324
vertex 5.338611 12.325359 3.868338
endloop
endfacet
facet normal -0.169737 0.409911 0.896193
outer loop
vertex 6.415777 11.503668 4.295604
vertex 7.324257 11.503668 4.467668
vertex 7.173184 12.325359 4.063221
endloop
endfacet
facet normal -0.103159 0.357584 0.928166
outer loop
vertex 6.415777 11.503668 4.295604
vertex 7.173184 12.325359 4.063221
vertex 6.256371 12.325359 3.961324
endloop
endfacet
facet normal -0.169195 0.453681 0.874955
outer loop
vertex 7.324257 11.503668 4.467668
vertex 8.232069 11.503668 4.643217
vertex 8.087012 12.325359 4.189104
endloop
endfacet
facet normal -0.123858 0.419791 0.899130
outer loop
vertex 7.324257 11.503668 4.467668
vertex 8.087012 12.325359 4.189104
vertex 7.173184 12.325359 4.063221
endloop
endfacet
facet normal -0.143323 0.436863 0.888037
outer loop
vertex 8.232069 11.503668 4.643217
vertex 9.144886 11.503668 4.790539
vertex 8.993156 12.325359 4.361826
endloop
endfacet
facet normal -0.166813 0.454205 0.875141
outer loop
vertex 8.232069 11.503668 4.643217
vertex 8.993156 12.325359 4.361826
vertex 8.087012 12.325359 4.189104
endloop
endfacet
facet normal -0.166377 0.391561 0.904986
outer loop
vertex 9.144886 11.503668 4.790539
vertex 10.054276 11.503668 4.957726
vertex 9.891295 12.325359 4.572241
endloop
endfacet
facet normal -0.206766 0.422292 0.882563
outer loop
vertex 9.144886 11.503668 4.790539
vertex 9.891295 12.325359 4.572241
vertex 8.993156 12.325359 4.361826
endloop
endfacet
facet normal -0.204099 0.353992 0.912706
outer loop
vertex 10.054276 11.503668 4.957726
vertex 10.956620 11.503668 5.159508
vertex 10.784593 12.325359 4.802347
endloop
endfacet
facet normal -0.231220 0.375245 0.897624
outer loop
vertex 10.054276 11.503668 4.957726
vertex 10.784593 12.325359 4.802347
vertex 9.891295 12.325359 4.572241
endloop
endfacet
facet normal -0.224539 0.342344 0.912350
outer loop
vertex 10.956620 11.503668 5.159508
vertex 11.854458 11.503668 5.380475
vertex 11.678794 12.325359 5.028916
endloop
endfacet
facet normal -0.230358 0.346951 0.909154
outer loop
vertex 10.956620 11.503668 5.159508
vertex 11.678794 12.325359 5.028916
vertex 10.784593 12.325359 4.802347
endloop
endfacet
facet normal -0.212649 0.307208 0.927580
outer loop
vertex 11.854458 11.503668 5.380475
vertex 12.755708 11.503668 5.587088
vertex 12.568630 12.325359 5.272062
endloop
endfacet
facet normal -0.248289 0.335689 0.908661
outer loop
vertex 11.854458 11.503668 5.380475
vertex 12.568630 12.325359 5.272062
vertex 11.678794 12.325359 5.028916
endloop
endfacet
facet normal 0.052207 0.067052 0.996383
outer loop
vertex 12.755708 11.503668 5.587088
vertex 13.679071 11.503668 5.538707
vertex 13.463821 12.325359 5.494689
endloop
endfacet
facet normal -0.230052 0.302274 0.925044
outer loop
vertex 12.755708 11.503668 5.587088
vertex 13.463821 12.325359 5.494689
vertex 12.568630 12.325359 5.272062
endloop
endfacet
facet normal 0.388272 -0.195141 0.900647
outer loop
vertex 13.679071 11.503668 5.538707
vertex 14.528160 11.503668 5.172662
vertex 14.382691 12.325359 5.413408
endloop
endfacet
facet normal 0.087858 0.076221 0.993213
outer loop
vertex 13.679071 11.503668 5.538707
vertex 14.382691 12.325359 5.413408
vertex 13.463821 12.325359 5.494689
endloop
endfacet
facet normal 0.383092 -0.183203 0.905360
outer loop
vertex 14.528160 11.503668 5.172662
vertex 15.379695 11.503668 4.812346
vertex 15.227519 12.325359 5.043009
endloop
endfacet
facet normal 0.393944 -0.193517 0.898532
outer loop
vertex 14.528160 11.503668 5.172662
vertex 15.227519 12.325359 5.043009
vertex 14.382691 12.325359 5.413408
endloop
endfacet
facet normal 0.334794 -0.230054 0.913777
outer loop
vertex 15.379695 11.503668 4.812346
vertex 16.247887 11.503668 4.494253
vertex 16.103538 12.325359 4.754011
endloop
endfacet
facet normal 0.306693 -0.204172 0.929652
outer loop
vertex 15.379695 11.503668 4.812346
vertex 16.103538 12.325359 4.754011
vertex 15.227519 12.325359 5.043009
endloop
endfacet
facet normal 0.312359 -0.310786 0.897688
outer loop
vertex 16.247887 11.503668 4.494253
vertex 17.121161 11.503668 4.190390
vertex 16.995453 12.325359 4.518606
endloop
endfacet
facet normal 0.246932 -0.252384 0.935589
outer loop
vertex 16.247887 11.503668 4.494253
vertex 16.995453 12.325359 4.518606
vertex 16.103538 12.325359 4.754011
endloop
endfacet
facet normal 0.357160 -0.313159 0.879982
outer loop
vertex 17.121161 11.503668 4.190390
vertex 17.977912 11.503668 3.842658
vertex 17.855397 12.325359 4.184799
endloop
endfacet
facet normal 0.344948 -0.302189 0.888647
outer loop
vertex 17.121161 11.503668 4.190390
vertex 17.855397 12.325359 4.184799
vertex 16.995453 12.325359 4.518606
endloop
endfacet
facet normal 0.383454 -0.298139 0.874114
outer loop
vertex 17.977912 11.503668 3.842658
vertex 18.824652 11.503668 3.471213
vertex 18.697127 12.325359 3.807414
endloop
endfacet
facet normal 0.389764 -0.303867 0.869339
outer loop
vertex 17.977912 11.503668 3.842658
vertex 18.697127 12.325359 3.807414
vertex 17.855397 12.325359 4.184799
endloop
endfacet
facet normal 0.430221 -0.305318 0.849524
outer loop
vertex 18.824652 11.503668 3.471213
vertex 19.649535 11.503668 3.053470
vertex 19.529406 12.325359 3.409621
endloop
endfacet
facet normal 0.412791 -0.289308 0.863658
outer loop
vertex 18.824652 11.503668 3.471213
vertex 19.529406 12.325359 3.409621
vertex 18.697127 12.325359 3.807414
endloop
endfacet
facet normal 0.537502 -0.344177 0.769827
outer loop
vertex 19.649535 11.503668 3.053470
vertex 20.407657 11.503668 2.524140
vertex 20.327675 12.325359 2.947349
endloop
endfacet
facet normal 0.479755 -0.288946 0.828460
outer loop
vertex 19.649535 11.503668 3.053470
vertex 20.327675 12.325359 2.947349
vertex 19.529406 12.325359 3.409621
endloop
endfacet
facet normal 0.591521 -0.406980 0.696039
outer loop
vertex 20.407657 11.503668 2.524140
vertex 21.112225 11.503668 1.925371
vertex 21.088605 12.325359 2.425894
endloop
endfacet
facet normal 0.530191 -0.346872 0.773678
outer loop
vertex 20.407657 11.503668 2.524140
vertex 21.088605 12.325359 2.425894
vertex 20.327675 12.325359 2.947349
endloop
endfacet
facet normal 0.634535 -0.509080 0.581552
outer loop
vertex 21.112225 11.503668 1.925371
vertex 21.736959 11.503668 1.243720
vertex 21.823600 12.325359 1.868479
endloop
endfacet
facet normal 0.547305 -0.423861 0.721664
outer loop
vertex 21.112225 11.503668 1.925371
vertex 21.823600 12.325359 1.868479
vertex 21.088605 12.325359 2.425894
endloop
endfacet
facet normal 0.636971 -0.624660 0.451739
outer loop
vertex 21.736959 11.503668 1.243720
vertex 22.271845 11.503668 0.489507
vertex 22.524780 12.325359 1.269083
endloop
endfacet
facet normal 0.545686 -0.542897 0.638349
outer loop
vertex 21.736959 11.503668 1.243720
vertex 22.524780 12.325359 1.269083
vertex 21.823600 12.325359 1.868479
endloop
endfacet
facet normal 0.401861 -0.565689 0.720072
outer loop
vertex 22.271845 11.503668 0.489507
vertex 23.079249 11.503668 0.038908
vertex 23.185355 12.325359 0.625213
endloop
endfacet
facet normal 0.520298 -0.666597 0.533797
outer loop
vertex 22.271845 11.503668 0.489507
vertex 23.185355 12.325359 0.625213
vertex 22.524780 12.325359 1.269083
endloop
endfacet
facet normal 0.383465 -0.568732 0.727666
outer loop
vertex 23.079249 11.503668 0.038908
vertex 24.001432 12.325359 0.195157
vertex 23.185355 12.325359 0.625213
endloop
endfacet
facet normal -0.771583 0.220955 0.596523
outer loop
vertex 0.000000 12.325359 0.520611
vertex 0.564212 12.325359 1.250401
vertex 0.537655 13.147049 0.911692
endloop
endfacet
facet normal -0.780240 0.234564 0.579832
outer loop
vertex 0.000000 12.325359 0.520611
vertex 0.537655 13.147049 0.911692
vertex 0.000000 13.147049 0.188206
endloop
endfacet
facet normal -0.666065 0.199401 0.718746
outer loop
vertex 0.564212 12.325359 1.250401
vertex 1.240813 12.325359 1.877410
vertex 1.154232 13.147049 1.569214
endloop
endfacet
facet normal -0.706259 0.250171 0.662278
outer loop
vertex 0.564212 12.325359 1.250401
vertex 1.154232 13.147049 1.569214
vertex 0.537655 13.147049 0.911692
endloop
endfacet
facet normal -0.538842 0.174635 0.824106
outer loop
vertex 1.240813 12.325359 1.877410
vertex 2.012881 12.325359 2.382227
vertex 1.871232 13.147049 2.115487
endloop
endfacet
facet normal -0.590029 0.228299 0.774433
outer loop
vertex 1.240813 12.325359 1.877410
vertex 1.871232 13.147049 2.115487
vertex 1.154232 13.147049 1.569214
endloop
endfacet
facet normal -0.535325 0.187802 0.823503
outer loop
vertex 2.012881 12.325359 2.382227
vertex 2.786290 12.325359 2.884988
vertex 2.632740 13.147049 2.597783
endloop
endfacet
facet normal -0.526410 0.179068 0.831160
outer loop
vertex 2.012881 12.325359 2.382227
vertex 2.632740 13.147049 2.597783
vertex 1.871232 13.147049 2.115487
endloop
endfacet
facet normal -0.517596 0.215421 0.828063
outer loop
vertex 2.786290 12.325359 2.884988
vertex 3.568508 12.325359 3.373928
vertex 3.407052 13.147049 3.059243
endloop
endfacet
facet normal -0.501554 0.200434 0.841588
outer loop
vertex 2.786290 12.325359 2.884988
vertex 3.407052 13.147049 3.059243
vertex 2.632740 13.147049 2.597783
endloop
endfacet
facet normal -0.328627 0.359553 0.873342
outer loop
vertex 3.568508 12.325359 3.373928
vertex 4.431867 12.325359 3.698799
vertex 4.275255 13.147049 3.301579
endloop
endfacet
facet normal -0.256349 0.301354 0.918407
outer loop
vertex 3.568508 12.325359 3.373928
vertex 4.275255 13.147049 3.301579
vertex 3.407052 13.147049 3.059243
endloop
endfacet
facet normal -0.171396 0.361008 0.916677
outer loop
vertex 4.431867 12.325359 3.698799
vertex 5.338611 12.325359 3.868338
vertex 5.152244 13.147049 3.509891
endloop
endfacet
facet normal -0.212591 0.392141 0.895003
outer loop
vertex 4.431867 12.325359 3.698799
vertex 5.152244 13.147049 3.509891
vertex 4.275255 13.147049 3.301579
endloop
endfacet
facet normal -0.089786 0.454561 0.886179
outer loop
vertex 5.338611 12.325359 3.868338
vertex 6.256371 12.325359 3.961324
vertex 6.053584 13.147049 3.519296
endloop
endfacet
facet normal -0.009571 0.397999 0.917336
outer loop
vertex 5.338611 12.325359 3.868338
vertex 6.053584 13.147049 3.519296
vertex 5.152244 13.147049 3.509891
endloop
endfacet
facet normal -0.093647 0.530369 0.842578
outer loop
vertex 6.256371 12.325359 3.961324
vertex 7.173184 12.325359 4.063221
vertex 6.954971 13.147049 3.521747
endloop
endfacet
facet normal -0.002395 0.473290 0.880903
outer loop
vertex 6.256371 12.325359 3.961324
vertex 6.954971 13.147049 3.521747
vertex 6.053584 13.147049 3.519296
endloop
endfacet
facet normal -0.117948 0.502949 0.856230
outer loop
vertex 7.173184 12.325359 4.063221
vertex 8.087012 12.325359 4.189104
vertex 7.843595 13.147049 3.672912
endloop
endfacet
facet normal -0.143479 0.517705 0.843442
outer loop
vertex 7.173184 12.325359 4.063221
vertex 7.843595 13.147049 3.672912
vertex 6.954971 13.147049 3.521747
endloop
endfacet
facet normal -0.164380 0.478837 0.862377
outer loop
vertex 8.087012 12.325359 4.189104
vertex 8.993156 12.325359 4.361826
vertex 8.726454 13.147049 3.854744
endloop
endfacet
facet normal -0.176340 0.485629 0.856195
outer loop
vertex 8.087012 12.325359 4.189104
vertex 8.726454 13.147049 3.854744
vertex 7.843595 13.147049 3.672912
endloop
endfacet
facet normal -0.206658 0.423312 0.882099
outer loop
vertex 8.993156 12.325359 4.361826
vertex 9.891295 12.325359 4.572241
vertex 9.591620 13.147049 4.107711
endloop
endfacet
facet normal -0.250890 0.448093 0.858060
outer loop
vertex 8.993156 12.325359 4.361826
vertex 9.591620 13.147049 4.107711
vertex 8.726454 13.147049 3.854744
endloop
endfacet
facet normal -0.230442 0.382864 0.894601
outer loop
vertex 9.891295 12.325359 4.572241
vertex 10.784593 12.325359 4.802347
vertex 10.455255 13.147049 4.365852
endloop
endfacet
facet normal -0.262398 0.400597 0.877878
outer loop
vertex 9.891295 12.325359 4.572241
vertex 10.455255 13.147049 4.365852
vertex 9.591620 13.147049 4.107711
endloop
endfacet
facet normal -0.226842 0.383427 0.895280
outer loop
vertex 10.784593 12.325359 4.802347
vertex 11.678794 12.325359 5.028916
vertex 11.328762 13.147049 4.588316
endloop
endfacet
facet normal -0.227880 0.383984 0.894777
outer loop
vertex 10.784593 12.325359 4.802347
vertex 11.328762 13.147049 4.588316
vertex 10.455255 13.147049 4.365852
endloop
endfacet
facet normal -0.244688 0.371807 0.895482
outer loop
vertex 11.678794 12.325359 5.028916
vertex 12.568630 12.325359 5.272062
vertex 12.197305 13.147049 4.829429
endloop
endfacet
facet normal -0.248125 0.373568 0.893801
outer loop
vertex 11.678794 12.325359 5.028916
vertex 12.197305 13.147049 4.829429
vertex 11.328762 13.147049 4.588316
endloop
endfacet
facet normal -0.224697 0.364938 0.903511
outer loop
vertex 12.568630 12.325359 5.272062
vertex 13.463821 12.325359 5.494689
vertex 13.067570 13.147049 5.064255
endloop
endfacet
facet normal -0.241685 0.373274 0.895687
outer loop
vertex 12.568630 12.325359 5.272062
vertex 13.067570 13.147049 5.064255
vertex 12.197305 13.147049 4.829429
endloop
endfacet
facet normal 0.086289 0.202456 0.975482
outer loop
vertex 13.463821 12.325359 5.494689
vertex 14.382691 12.325359 5.413408
vertex 13.942308 13.147049 5.281825
endloop
endfacet
facet normal -0.224727 0.364922 0.903510
outer loop
vertex 13.463821 12.325359 5.494689
vertex 13.942308 13.147049 5.281825
vertex 13.067570 13.147049 5.064255
endloop
endfacet
facet normal 0.399634 -0.097167 0.911510
outer loop
vertex 14.382691 12.325359 5.413408
vertex 15.227519 12.325359 5.043009
vertex 14.843535 13.147049 5.298952
endloop
endfacet
facet normal -0.018790 0.148267 0.988769
outer loop
vertex 14.382691 12.325359 5.413408
vertex 14.843535 13.147049 5.298952
vertex 13.942308 13.147049 5.281825
endloop
endfacet
facet normal 0.302775 -0.256924 0.917778
outer loop
vertex 15.227519 12.325359 5.043009
vertex 16.103538 12.325359 4.754011
vertex 15.724687 13.147049 5.109018
endloop
endfacet
facet normal 0.206377 -0.201784 0.957440
outer loop
vertex 15.227519 12.325359 5.043009
vertex 15.724687 13.147049 5.109018
vertex 14.843535 13.147049 5.298952
endloop
endfacet
facet normal 0.243995 -0.292974 0.924463
outer loop
vertex 16.103538 12.325359 4.754011
vertex 16.995453 12.325359 4.518606
vertex 16.597547 13.147049 4.884030
endloop
endfacet
facet normal 0.238857 -0.290234 0.926667
outer loop
vertex 16.103538 12.325359 4.754011
vertex 16.597547 13.147049 4.884030
vertex 15.724687 13.147049 5.109018
endloop
endfacet
facet normal 0.345613 -0.296332 0.890359
outer loop
vertex 16.995453 12.325359 4.518606
vertex 17.855397 12.325359 4.184799
vertex 17.457179 13.147049 4.612855
endloop
endfacet
facet normal 0.289817 -0.268233 0.918726
outer loop
vertex 16.995453 12.325359 4.518606
vertex 17.457179 13.147049 4.612855
vertex 16.597547 13.147049 4.884030
endloop
endfacet
facet normal 0.393978 -0.269444 0.878738
outer loop
vertex 17.855397 12.325359 4.184799
vertex 18.697127 12.325359 3.807414
vertex 18.280591 13.147049 4.246117
endloop
endfacet
facet normal 0.391921 -0.268470 0.879955
outer loop
vertex 17.855397 12.325359 4.184799
vertex 18.280591 13.147049 4.246117
vertex 17.457179 13.147049 4.612855
endloop
endfacet
facet normal 0.415034 -0.271502 0.868351
outer loop
vertex 18.697127 12.325359 3.807414
vertex 19.529406 12.325359 3.409621
vertex 19.100469 13.147049 3.871547
endloop
endfacet
facet normal 0.400676 -0.265131 0.877020
outer loop
vertex 18.697127 12.325359 3.807414
vertex 19.100469 13.147049 3.871547
vertex 18.280591 13.147049 4.246117
endloop
endfacet
facet normal 0.474051 -0.324276 0.818609
outer loop
vertex 19.529406 12.325359 3.409621
vertex 20.327675 12.325359 2.947349
vertex 19.924542 13.147049 3.506297
endloop
endfacet
facet normal 0.387859 -0.289472 0.875084
outer loop
vertex 19.529406 12.325359 3.409621
vertex 19.924542 13.147049 3.506297
vertex 19.100469 13.147049 3.871547
endloop
endfacet
facet normal 0.531052 -0.342725 0.774934
outer loop
vertex 20.327675 12.325359 2.947349
vertex 21.088605 12.325359 2.425894
vertex 20.703700 13.147049 3.053068
endloop
endfacet
facet normal 0.475858 -0.323015 0.818059
outer loop
vertex 20.327675 12.325359 2.947349
vertex 20.703700 13.147049 3.053068
vertex 19.924542 13.147049 3.506297
endloop
endfacet
facet normal 0.550640 -0.411863 0.726061
outer loop
vertex 21.088605 12.325359 2.425894
vertex 21.823600 12.325359 1.868479
vertex 21.480086 13.147049 2.595107
endloop
endfacet
facet normal 0.468518 -0.386787 0.794284
outer loop
vertex 21.088605 12.325359 2.425894
vertex 21.480086 13.147049 2.595107
vertex 20.703700 13.147049 3.053068
endloop
endfacet
facet normal 0.540314 -0.555476 0.632066
outer loop
vertex 21.823600 12.325359 1.868479
vertex 22.524780 12.325359 1.269083
vertex 22.287384 13.147049 2.194142
endloop
endfacet
facet normal 0.380422 -0.518286 0.765937
outer loop
vertex 21.823600 12.325359 1.868479
vertex 22.287384 13.147049 2.194142
vertex 21.480086 13.147049 2.595107
endloop
endfacet
facet normal 0.484106 -0.720392 0.496666
outer loop
vertex 22.524780 12.325359 1.269083
vertex 23.185355 12.325359 0.625213
vertex 23.129169 13.147049 1.871804
endloop
endfacet
facet normal 0.259514 -0.688002 0.677721
outer loop
vertex 22.524780 12.325359 1.269083
vertex 23.129169 13.147049 1.871804
vertex 22.287384 13.147049 2.194142
endloop
endfacet
facet normal 0.252612 -0.840478 0.479358
outer loop
vertex 23.185355 12.325359 0.625213
vertex 24.001432 12.325359 0.195157
vertex 23.999418 13.147049 1.636921
endloop
endfacet
facet normal 0.148155 -0.822640 0.548921
outer loop
vertex 23.185355 12.325359 0.625213
vertex 23.999418 13.147049 1.636921
vertex 23.129169 13.147049 1.871804
endloop
endfacet
facet normal -0.772711 0.270501 0.574236
outer loop
vertex 0.000000 13.147049 0.188206
vertex 0.537655 13.147049 0.911692
vertex 0.658763 13.968740 0.687591
endloop
endfacet
facet normal -0.670884 0.090544 0.736014
outer loop
vertex 0.000000 13.147049 0.188206
vertex 0.658763 13.968740 0.687591
vertex 0.000000 13.968740 0.087123
endloop
endfacet
facet normal -0.691776 0.317236 0.648697
outer loop
vertex 0.537655 13.147049 0.911692
vertex 1.154232 13.147049 1.569214
vertex 1.292301 13.968740 1.314616
endloop
endfacet
facet normal -0.674235 0.285170 0.681238
outer loop
vertex 0.537655 13.147049 0.911692
vertex 1.292301 13.968740 1.314616
vertex 0.658763 13.968740 0.687591
endloop
endfacet
facet normal -0.580449 0.287491 0.761858
outer loop
vertex 1.154232 13.147049 1.569214
vertex 1.871232 13.147049 2.115487
vertex 1.976659 13.968740 1.885740
endloop
endfacet
facet normal -0.605594 0.326603 0.725663
outer loop
vertex 1.154232 13.147049 1.569214
vertex 1.976659 13.968740 1.885740
vertex 1.292301 13.968740 1.314616
endloop
endfacet
facet normal -0.500270 0.354696 0.789887
outer loop
vertex 1.871232 13.147049 2.115487
vertex 2.632740 13.147049 2.597783
vertex 2.760673 13.968740 2.309832
endloop
endfacet
facet normal -0.454830 0.293457 0.840840
outer loop
vertex 1.871232 13.147049 2.115487
vertex 2.760673 13.968740 2.309832
vertex 1.976659 13.968740 1.885740
endloop
endfacet
facet normal -0.440958 0.508023 0.739911
outer loop
vertex 2.632740 13.147049 2.597783
vertex 3.407052 13.147049 3.059243
vertex 3.599962 13.968740 2.610038
endloop
endfacet
facet normal -0.314578 0.357177 0.879469
outer loop
vertex 2.632740 13.147049 2.597783
vertex 3.599962 13.968740 2.610038
vertex 2.760673 13.968740 2.309832
endloop
endfacet
facet normal -0.234674 0.487918 0.840752
outer loop
vertex 3.407052 13.147049 3.059243
vertex 4.275255 13.147049 3.301579
vertex 4.451382 13.968740 2.873884
endloop
endfacet
facet normal -0.254751 0.509220 0.822069
outer loop
vertex 3.407052 13.147049 3.059243
vertex 4.451382 13.968740 2.873884
vertex 3.599962 13.968740 2.610038
endloop
endfacet
facet normal -0.194135 0.542520 0.817302
outer loop
vertex 4.275255 13.147049 3.301579
vertex 5.152244 13.147049 3.509891
vertex 5.332702 13.968740 3.007323
endloop
endfacet
facet normal -0.131352 0.479713 0.867538
outer loop
vertex 4.275255 13.147049 3.301579
vertex 5.332702 13.968740 3.007323
vertex 4.451382 13.968740 2.873884
endloop
endfacet
facet normal -0.008566 0.570841 0.821016
outer loop
vertex 5.152244 13.147049 3.509891
vertex 6.053584 13.147049 3.519296
vertex 6.222205 13.968740 2.949746
endloop
endfacet
facet normal 0.055482 0.512071 0.857149
outer loop
vertex 5.152244 13.147049 3.509891
vertex 6.222205 13.968740 2.949746
vertex 5.332702 13.968740 3.007323
endloop
endfacet
facet normal -0.002244 0.564654 0.825325
outer loop
vertex 6.053584 13.147049 3.519296
vertex 6.954971 13.147049 3.521747
vertex 7.113510 13.968740 2.960011
endloop
endfacet
facet normal -0.009454 0.570959 0.820924
outer loop
vertex 6.053584 13.147049 3.519296
vertex 7.113510 13.968740 2.960011
vertex 6.222205 13.968740 2.949746
endloop
endfacet
facet normal -0.136480 0.581114 0.802296
outer loop
vertex 6.954971 13.147049 3.521747
vertex 7.843595 13.147049 3.672912
vertex 7.993296 13.968740 3.103216
endloop
endfacet
facet normal -0.131261 0.576612 0.806405
outer loop
vertex 6.954971 13.147049 3.521747
vertex 7.993296 13.968740 3.103216
vertex 7.113510 13.968740 2.960011
endloop
endfacet
facet normal -0.170324 0.535804 0.826985
outer loop
vertex 7.843595 13.147049 3.672912
vertex 8.726454 13.147049 3.854744
vertex 8.850418 13.968740 3.347901
endloop
endfacet
facet normal -0.223120 0.582536 0.781581
outer loop
vertex 7.843595 13.147049 3.672912
vertex 8.850418 13.968740 3.347901
vertex 7.993296 13.968740 3.103216
endloop
endfacet
facet normal -0.251210 0.445811 0.859154
outer loop
vertex 8.726454 13.147049 3.854744
vertex 9.591620 13.147049 4.107711
vertex 9.667738 13.968740 3.703596
endloop
endfacet
facet normal -0.338270 0.530482 0.777279
outer loop
vertex 8.726454 13.147049 3.854744
vertex 9.667738 13.968740 3.703596
vertex 8.850418 13.968740 3.347901
endloop
endfacet
facet normal -0.262271 0.401615 0.877450
outer loop
vertex 9.591620 13.147049 4.107711
vertex 10.455255 13.147049 4.365852
vertex 10.506564 13.968740 4.005095
endloop
endfacet
facet normal -0.303240 0.443016 0.843672
outer loop
vertex 9.591620 13.147049 4.107711
vertex 10.506564 13.968740 4.005095
vertex 9.667738 13.968740 3.703596
endloop
endfacet
facet normal -0.230165 0.360923 0.903747
outer loop
vertex 10.455255 13.147049 4.365852
vertex 11.328762 13.147049 4.588316
vertex 11.358367 13.968740 4.267703
endloop
endfacet
facet normal -0.269867 0.401167 0.875349
outer loop
vertex 10.455255 13.147049 4.365852
vertex 11.358367 13.968740 4.267703
vertex 10.506564 13.968740 4.005095
endloop
endfacet
facet normal -0.254097 0.312469 0.915313
outer loop
vertex 11.328762 13.147049 4.588316
vertex 12.197305 13.147049 4.829429
vertex 12.203622 13.968740 4.550675
endloop
endfacet
facet normal -0.296614 0.356394 0.886004
outer loop
vertex 11.328762 13.147049 4.588316
vertex 12.203622 13.968740 4.550675
vertex 11.358367 13.968740 4.267703
endloop
endfacet
facet normal -0.254221 0.218489 0.942143
outer loop
vertex 12.197305 13.147049 4.829429
vertex 13.067570 13.147049 5.064255
vertex 13.037505 13.968740 4.865587
endloop
endfacet
facet normal -0.336476 0.304849 0.890983
outer loop
vertex 12.197305 13.147049 4.829429
vertex 13.037505 13.968740 4.865587
vertex 12.203622 13.968740 4.550675
endloop
endfacet
facet normal -0.238929 0.141932 0.960608
outer loop
vertex 13.067570 13.147049 5.064255
vertex 13.942308 13.147049 5.281825
vertex 13.883668 13.968740 5.145834
endloop
endfacet
facet normal -0.307186 0.213012 0.927503
outer loop
vertex 13.067570 13.147049 5.064255
vertex 13.883668 13.968740 5.145834
vertex 13.037505 13.968740 4.865587
endloop
endfacet
facet normal -0.018949 -0.073398 0.997123
outer loop
vertex 13.942308 13.147049 5.281825
vertex 14.843535 13.147049 5.298952
vertex 14.749500 13.968740 5.357649
endloop
endfacet
facet normal -0.235211 0.142339 0.961465
outer loop
vertex 13.942308 13.147049 5.281825
vertex 14.749500 13.968740 5.357649
vertex 13.883668 13.968740 5.145834
endloop
endfacet
facet normal 0.206484 -0.199307 0.957936
outer loop
vertex 14.843535 13.147049 5.298952
vertex 15.724687 13.147049 5.109018
vertex 15.638898 13.968740 5.298470
endloop
endfacet
facet normal 0.066257 -0.063551 0.995777
outer loop
vertex 14.843535 13.147049 5.298952
vertex 15.638898 13.968740 5.298470
vertex 14.749500 13.968740 5.357649
endloop
endfacet
facet normal 0.240569 -0.266578 0.933307
outer loop
vertex 15.724687 13.147049 5.109018
vertex 16.597547 13.147049 4.884030
vertex 16.516016 13.968740 5.139743
endloop
endfacet
facet normal 0.174331 -0.203910 0.963343
outer loop
vertex 15.724687 13.147049 5.109018
vertex 16.516016 13.968740 5.139743
vertex 15.638898 13.968740 5.298470
endloop
endfacet
facet normal 0.292573 -0.232839 0.927463
outer loop
vertex 16.597547 13.147049 4.884030
vertex 17.457179 13.147049 4.612855
vertex 17.359012 13.968740 4.850107
endloop
endfacet
facet normal 0.314320 -0.253513 0.914841
outer loop
vertex 16.597547 13.147049 4.884030
vertex 17.359012 13.968740 4.850107
vertex 16.516016 13.968740 5.139743
endloop
endfacet
facet normal 0.395244 -0.237227 0.887415
outer loop
vertex 17.457179 13.147049 4.612855
vertex 18.280591 13.147049 4.246117
vertex 18.182684 13.968740 4.509381
endloop
endfacet
facet normal 0.373235 -0.215925 0.902259
outer loop
vertex 17.457179 13.147049 4.612855
vertex 18.182684 13.968740 4.509381
vertex 17.359012 13.968740 4.850107
endloop
endfacet
facet normal 0.403481 -0.239232 0.883160
outer loop
vertex 18.280591 13.147049 4.246117
vertex 19.100469 13.147049 3.871547
vertex 18.994966 13.968740 4.142328
endloop
endfacet
facet normal 0.400152 -0.236038 0.885531
outer loop
vertex 18.280591 13.147049 4.246117
vertex 18.994966 13.968740 4.142328
vertex 18.182684 13.968740 4.509381
endloop
endfacet
facet normal 0.387321 -0.293830 0.873869
outer loop
vertex 19.100469 13.147049 3.871547
vertex 19.924542 13.147049 3.506297
vertex 19.828064 13.968740 3.825344
endloop
endfacet
facet normal 0.343977 -0.253753 0.904041
outer loop
vertex 19.100469 13.147049 3.871547
vertex 19.828064 13.968740 3.825344
vertex 18.994966 13.968740 4.142328
endloop
endfacet
facet normal 0.475266 -0.326440 0.817043
outer loop
vertex 19.924542 13.147049 3.506297
vertex 20.703700 13.147049 3.053068
vertex 20.625418 13.968740 3.426900
endloop
endfacet
facet normal 0.428756 -0.282809 0.858014
outer loop
vertex 19.924542 13.147049 3.506297
vertex 20.625418 13.968740 3.426900
vertex 19.828064 13.968740 3.825344
endloop
endfacet
facet normal 0.463424 -0.409872 0.785648
outer loop
vertex 20.703700 13.147049 3.053068
vertex 21.480086 13.147049 2.595107
vertex 21.433708 13.968740 3.051139
endloop
endfacet
facet normal 0.395055 -0.348980 0.849791
outer loop
vertex 20.703700 13.147049 3.053068
vertex 21.433708 13.968740 3.051139
vertex 20.625418 13.968740 3.426900
endloop
endfacet
facet normal 0.388681 -0.486332 0.782565
outer loop
vertex 21.480086 13.147049 2.595107
vertex 22.287384 13.147049 2.194142
vertex 22.260530 13.968740 2.718127
endloop
endfacet
facet normal 0.334993 -0.442702 0.831742
outer loop
vertex 21.480086 13.147049 2.595107
vertex 22.260530 13.968740 2.718127
vertex 21.433708 13.968740 3.051139
endloop
endfacet
facet normal 0.287933 -0.593031 0.751937
outer loop
vertex 22.287384 13.147049 2.194142
vertex 23.129169 13.147049 1.871804
vertex 23.129530 13.968740 2.519710
endloop
endfacet
facet normal 0.189661 -0.523499 0.830649
outer loop
vertex 22.287384 13.147049 2.194142
vertex 23.129530 13.968740 2.519710
vertex 22.260530 13.968740 2.718127
endloop
endfacet
facet normal 0.201955 -0.631929 0.748251
outer loop
vertex 23.129169 13.147049 1.871804
vertex 23.999418 13.147049 1.636921
vertex 24.000593 13.968740 2.330556
endloop
endfacet
facet normal 0.168086 -0.610411 0.774045
outer loop
vertex 23.129169 13.147049 1.871804
vertex 24.000593 13.968740 2.330556
vertex 23.129530 13.968740 2.519710
endloop
endfacet
facet normal -0.588402 0.486910 0.645525
outer loop
vertex 0.000000 13.968740 0.087123
vertex 0.658763 13.968740 0.687591
vertex 0.858292 14.790431 0.249675
endloop
endfacet
facet normal -0.632923 0.436408 0.639497
outer loop
vertex 0.658763 13.968740 0.687591
vertex 1.292301 13.968740 1.314616
vertex 1.454140 14.790431 0.914050
endloop
endfacet
facet normal -0.655981 0.472832 0.588319
outer loop
vertex 0.658763 13.968740 0.687591
vertex 1.454140 14.790431 0.914050
vertex 0.858292 14.790431 0.249675
endloop
endfacet
facet normal -0.560735 0.483852 0.671910
outer loop
vertex 1.292301 13.968740 1.314616
vertex 1.976659 13.968740 1.885740
vertex 2.166108 14.790431 1.452131
endloop
endfacet
facet normal -0.537627 0.452674 0.711367
outer loop
vertex 1.292301 13.968740 1.314616
vertex 2.166108 14.790431 1.452131
vertex 1.454140 14.790431 0.914050
endloop
endfacet
facet normal -0.391713 0.567591 0.724156
outer loop
vertex 1.976659 13.968740 1.885740
vertex 2.760673 13.968740 2.309832
vertex 2.991778 14.790431 1.790804
endloop
endfacet
facet normal -0.328884 0.498943 0.801805
outer loop
vertex 1.976659 13.968740 1.885740
vertex 2.991778 14.790431 1.790804
vertex 2.166108 14.790431 1.452131
endloop
endfacet
facet normal -0.278808 0.560982 0.779465
outer loop
vertex 2.760673 13.968740 2.309832
vertex 3.599962 13.968740 2.610038
vertex 3.828748 14.790431 2.100501
endloop
endfacet
facet normal -0.285630 0.567930 0.771927
outer loop
vertex 2.760673 13.968740 2.309832
vertex 3.828748 14.790431 2.100501
vertex 2.991778 14.790431 1.790804
endloop
endfacet
facet normal -0.256295 0.500296 0.827053
outer loop
vertex 3.599962 13.968740 2.610038
vertex 4.451382 13.968740 2.873884
vertex 4.654208 14.790431 2.439685
endloop
endfacet
facet normal -0.314377 0.561969 0.765087
outer loop
vertex 3.599962 13.968740 2.610038
vertex 4.654208 14.790431 2.439685
vertex 3.828748 14.790431 2.100501
endloop
endfacet
facet normal -0.122486 0.574929 0.808983
outer loop
vertex 4.451382 13.968740 2.873884
vertex 5.332702 13.968740 3.007323
vertex 5.546493 14.790431 2.455732
endloop
endfacet
facet normal -0.015870 0.470204 0.882415
outer loop
vertex 4.451382 13.968740 2.873884
vertex 5.546493 14.790431 2.455732
vertex 4.654208 14.790431 2.439685
endloop
endfacet
facet normal 0.050373 0.625983 0.778208
outer loop
vertex 5.332702 13.968740 3.007323
vertex 6.222205 13.968740 2.949746
vertex 6.420624 14.790431 2.275942
endloop
endfacet
facet normal 0.172363 0.517704 0.838018
outer loop
vertex 5.332702 13.968740 3.007323
vertex 6.420624 14.790431 2.275942
vertex 5.546493 14.790431 2.455732
endloop
endfacet
facet normal -0.008420 0.682236 0.731083
outer loop
vertex 6.222205 13.968740 2.949746
vertex 7.113510 13.968740 2.960011
vertex 7.309418 14.790431 2.195477
endloop
endfacet
facet normal 0.070581 0.622262 0.779621
outer loop
vertex 6.222205 13.968740 2.949746
vertex 7.309418 14.790431 2.195477
vertex 6.420624 14.790431 2.275942
endloop
endfacet
facet normal -0.111510 0.719897 0.685065
outer loop
vertex 7.113510 13.968740 2.960011
vertex 7.993296 13.968740 3.103216
vertex 8.198462 14.790431 2.273141
endloop
endfacet
facet normal -0.063167 0.687855 0.723094
outer loop
vertex 7.113510 13.968740 2.960011
vertex 8.198462 14.790431 2.273141
vertex 7.309418 14.790431 2.195477
endloop
endfacet
facet normal -0.221444 0.590963 0.775710
outer loop
vertex 7.993296 13.968740 3.103216
vertex 8.850418 13.968740 3.347901
vertex 8.952197 14.790431 2.750963
endloop
endfacet
facet normal -0.381086 0.702427 0.601141
outer loop
vertex 7.993296 13.968740 3.103216
vertex 8.952197 14.790431 2.750963
vertex 8.198462 14.790431 2.273141
endloop
endfacet
facet normal -0.360528 0.428642 0.828423
outer loop
vertex 8.850418 13.968740 3.347901
vertex 9.667738 13.968740 3.703596
vertex 9.671012 14.790431 3.279863
endloop
endfacet
facet normal -0.494961 0.550001 0.672691
outer loop
vertex 8.850418 13.968740 3.347901
vertex 9.671012 14.790431 3.279863
vertex 8.952197 14.790431 2.750963
endloop
endfacet
facet normal -0.325763 0.269144 0.906333
outer loop
vertex 9.667738 13.968740 3.703596
vertex 10.506564 13.968740 4.005095
vertex 10.437836 14.790431 3.736383
endloop
endfacet
facet normal -0.467337 0.406671 0.784993
outer loop
vertex 9.667738 13.968740 3.703596
vertex 10.437836 14.790431 3.736383
vertex 9.671012 14.790431 3.279863
endloop
endfacet
facet normal -0.290713 0.162183 0.942965
outer loop
vertex 10.506564 13.968740 4.005095
vertex 11.358367 13.968740 4.267703
vertex 11.255225 14.790431 4.094580
endloop
endfacet
facet normal -0.387888 0.257019 0.885146
outer loop
vertex 10.506564 13.968740 4.005095
vertex 11.255225 14.790431 4.094580
vertex 10.437836 14.790431 3.736383
endloop
endfacet
facet normal -0.315242 0.117994 0.941648
outer loop
vertex 11.358367 13.968740 4.267703
vertex 12.203622 13.968740 4.550675
vertex 12.090158 14.790431 4.409726
endloop
endfacet
facet normal -0.349083 0.151038 0.924840
outer loop
vertex 11.358367 13.968740 4.267703
vertex 12.090158 14.790431 4.409726
vertex 11.255225 14.790431 4.094580
endloop
endfacet
facet normal -0.350923 0.115626 0.929238
outer loop
vertex 12.203622 13.968740 4.550675
vertex 13.037505 13.968740 4.865587
vertex 12.926399 14.790431 4.721384
endloop
endfacet
facet normal -0.347034 0.111806 0.931164
outer loop
vertex 12.203622 13.968740 4.550675
vertex 12.926399 14.790431 4.721384
vertex 12.090158 14.790431 4.409726
endloop
endfacet
facet normal -0.313322 0.082798 0.946030
outer loop
vertex 13.037505 13.968740 4.865587
vertex 13.883668 13.968740 5.145834
vertex 13.762377 14.790431 5.033747
endloop
endfacet
facet normal -0.347640 0.116273 0.930391
outer loop
vertex 13.037505 13.968740 4.865587
vertex 13.762377 14.790431 5.033747
vertex 12.926399 14.790431 4.721384
endloop
endfacet
facet normal -0.237436 0.040394 0.970563
outer loop
vertex 13.883668 13.968740 5.145834
vertex 14.749500 13.968740 5.357649
vertex 14.616919 14.790431 5.291017
endloop
endfacet
facet normal -0.287169 0.087726 0.953854
outer loop
vertex 13.883668 13.968740 5.145834
vertex 14.616919 14.790431 5.291017
vertex 13.762377 14.790431 5.033747
endloop
endfacet
facet normal 0.065433 -0.169267 0.983396
outer loop
vertex 14.749500 13.968740 5.357649
vertex 15.638898 13.968740 5.298470
vertex 15.495170 14.790431 5.449467
endloop
endfacet
facet normal -0.177317 0.051088 0.982827
outer loop
vertex 14.749500 13.968740 5.357649
vertex 15.495170 14.790431 5.449467
vertex 14.616919 14.790431 5.291017
endloop
endfacet
facet normal 0.173850 -0.216460 0.960688
outer loop
vertex 15.638898 13.968740 5.298470
vertex 16.516016 13.968740 5.139743
vertex 16.381942 14.790431 5.349147
endloop
endfacet
facet normal 0.110949 -0.160815 0.980729
outer loop
vertex 15.638898 13.968740 5.298470
vertex 16.381942 14.790431 5.349147
vertex 15.495170 14.790431 5.449467
endloop
endfacet
facet normal 0.316337 -0.228519 0.920712
outer loop
vertex 16.516016 13.968740 5.139743
vertex 17.359012 13.968740 4.850107
vertex 17.237641 14.790431 5.095750
endloop
endfacet
facet normal 0.278532 -0.194254 0.940577
outer loop
vertex 16.516016 13.968740 5.139743
vertex 17.237641 14.790431 5.095750
vertex 16.381942 14.790431 5.349147
endloop
endfacet
facet normal 0.369218 -0.258918 0.892547
outer loop
vertex 17.359012 13.968740 4.850107
vertex 18.182684 13.968740 4.509381
vertex 18.076645 14.790431 4.791608
endloop
endfacet
facet normal 0.332078 -0.224807 0.916071
outer loop
vertex 17.359012 13.968740 4.850107
vertex 18.076645 14.790431 4.791608
vertex 17.237641 14.790431 5.095750
endloop
endfacet
facet normal 0.397487 -0.261245 0.879634
outer loop
vertex 18.182684 13.968740 4.509381
vertex 18.994966 13.968740 4.142328
vertex 18.893507 14.790431 4.432211
endloop
endfacet
facet normal 0.389529 -0.253824 0.885348
outer loop
vertex 18.182684 13.968740 4.509381
vertex 18.893507 14.790431 4.432211
vertex 18.076645 14.790431 4.791608
endloop
endfacet
facet normal 0.341980 -0.274269 0.898792
outer loop
vertex 18.994966 13.968740 4.142328
vertex 19.828064 13.968740 3.825344
vertex 19.727421 14.790431 4.114379
endloop
endfacet
facet normal 0.342443 -0.274692 0.898486
outer loop
vertex 18.994966 13.968740 4.142328
vertex 19.727421 14.790431 4.114379
vertex 18.893507 14.790431 4.432211
endloop
endfacet
facet normal 0.418749 -0.349892 0.837989
outer loop
vertex 19.828064 13.968740 3.825344
vertex 20.625418 13.968740 3.426900
vertex 20.563072 14.790431 3.801142
endloop
endfacet
facet normal 0.337429 -0.275318 0.900190
outer loop
vertex 19.828064 13.968740 3.825344
vertex 20.563072 14.790431 3.801142
vertex 19.727421 14.790431 4.114379
endloop
endfacet
facet normal 0.384514 -0.409910 0.827117
outer loop
vertex 20.625418 13.968740 3.426900
vertex 21.433708 13.968740 3.051139
vertex 21.394410 14.790431 3.476629
endloop
endfacet
facet normal 0.338005 -0.368732 0.865904
outer loop
vertex 20.625418 13.968740 3.426900
vertex 21.394410 14.790431 3.476629
vertex 20.563072 14.790431 3.801142
endloop
endfacet
facet normal 0.331518 -0.461067 0.823112
outer loop
vertex 21.433708 13.968740 3.051139
vertex 22.260530 13.968740 2.718127
vertex 22.238611 14.790431 3.187226
endloop
endfacet
facet normal 0.292997 -0.428563 0.854685
outer loop
vertex 21.433708 13.968740 3.051139
vertex 22.238611 14.790431 3.187226
vertex 21.394410 14.790431 3.476629
endloop
endfacet
facet normal 0.192224 -0.504281 0.841873
outer loop
vertex 22.260530 13.968740 2.718127
vertex 23.129530 13.968740 2.519710
vertex 23.114337 14.790431 3.015370
endloop
endfacet
facet normal 0.168371 -0.485320 0.857972
outer loop
vertex 22.260530 13.968740 2.718127
vertex 23.114337 14.790431 3.015370
vertex 22.238611 14.790431 3.187226
endloop
endfacet
facet normal 0.173703 -0.574429 0.799912
outer loop
vertex 23.129530 13.968740 2.519710
vertex 24.000593 13.968740 2.330556
vertex 24.001697 14.790431 2.920385
endloop
endfacet
facet normal 0.091354 -0.513123 0.853440
outer loop
vertex 23.129530 13.968740 2.519710
vertex 24.001697 14.790431 2.920385
vertex 23.114337 14.790431 3.015370
endloop
endfacet
facet normal -0.579102 0.628407 0.519370
outer loop
vertex 0.858292 14.790431 0.249675
vertex 1.454140 14.790431 0.914050
vertex 1.758250 15.612121 0.258939
endloop
endfacet
facet normal -0.410061 0.733117 0.542577
outer loop
vertex 1.454140 14.790431 0.914050
vertex 2.166108 14.790431 1.452131
vertex 2.564869 15.612121 0.643252
endloop
endfacet
facet normal -0.323069 0.660181 0.678077
outer loop
vertex 1.454140 14.790431 0.914050
vertex 2.564869 15.612121 0.643252
vertex 1.758250 15.612121 0.258939
endloop
endfacet
facet normal -0.263742 0.719027 0.642993
outer loop
vertex 2.166108 14.790431 1.452131
vertex 2.991778 14.790431 1.790804
vertex 3.371436 15.612121 1.027676
endloop
endfacet
facet normal -0.289786 0.739157 0.608006
outer loop
vertex 2.166108 14.790431 1.452131
vertex 3.371436 15.612121 1.027676
vertex 2.564869 15.612121 0.643252
endloop
endfacet
facet normal -0.286107 0.565932 0.773216
outer loop
vertex 2.991778 14.790431 1.790804
vertex 3.828748 14.790431 2.100501
vertex 4.067776 15.612121 1.587536
endloop
endfacet
facet normal -0.440130 0.711768 0.547423
outer loop
vertex 2.991778 14.790431 1.790804
vertex 4.067776 15.612121 1.587536
vertex 3.371436 15.612121 1.027676
endloop
endfacet
facet normal -0.326113 0.513588 0.793649
outer loop
vertex 3.828748 14.790431 2.100501
vertex 4.654208 14.790431 2.439685
vertex 4.863491 15.612121 1.993946
endloop
endfacet
facet normal -0.374683 0.566964 0.733597
outer loop
vertex 3.828748 14.790431 2.100501
vertex 4.863491 15.612121 1.993946
vertex 4.067776 15.612121 1.587536
endloop
endfacet
facet normal -0.014127 0.618678 0.785518
outer loop
vertex 4.654208 14.790431 2.439685
vertex 5.546493 14.790431 2.455732
vertex 5.738266 15.612121 1.812014
endloop
endfacet
facet normal 0.183622 0.432174 0.882898
outer loop
vertex 4.654208 14.790431 2.439685
vertex 5.738266 15.612121 1.812014
vertex 4.863491 15.612121 1.993946
endloop
endfacet
facet normal 0.142466 0.707050 0.692664
outer loop
vertex 5.546493 14.790431 2.455732
vertex 6.420624 14.790431 2.275942
vertex 6.537762 15.612121 1.413092
endloop
endfacet
facet normal 0.383391 0.512466 0.768368
outer loop
vertex 5.546493 14.790431 2.455732
vertex 6.537762 15.612121 1.413092
vertex 5.738266 15.612121 1.812014
endloop
endfacet
facet normal 0.072358 0.596629 0.799249
outer loop
vertex 6.420624 14.790431 2.275942
vertex 7.309418 14.790431 2.195477
vertex 7.416946 15.612121 1.572361
endloop
endfacet
facet normal -0.122402 0.726968 0.675674
outer loop
vertex 6.420624 14.790431 2.275942
vertex 7.416946 15.612121 1.572361
vertex 6.537762 15.612121 1.413092
endloop
endfacet
facet normal -0.078365 0.434880 0.897072
outer loop
vertex 7.309418 14.790431 2.195477
vertex 8.198462 14.790431 2.273141
vertex 8.255874 15.612121 1.879820
endloop
endfacet
facet normal -0.274355 0.603593 0.748602
outer loop
vertex 7.309418 14.790431 2.195477
vertex 8.255874 15.612121 1.879820
vertex 7.416946 15.612121 1.572361
endloop
endfacet
facet normal -0.511292 0.296796 0.806531
outer loop
vertex 8.198462 14.790431 2.273141
vertex 8.952197 14.790431 2.750963
vertex 8.947436 15.612121 2.445571
endloop
endfacet
facet normal -0.584883 0.383093 0.714949
outer loop
vertex 8.198462 14.790431 2.273141
vertex 8.947436 15.612121 2.445571
vertex 8.255874 15.612121 1.879820
endloop
endfacet
facet normal -0.544818 0.393583 0.740450
outer loop
vertex 8.952197 14.790431 2.750963
vertex 9.671012 14.790431 3.279863
vertex 9.726154 15.612121 2.883669
endloop
endfacet
facet normal -0.466847 0.305708 0.829817
outer loop
vertex 8.952197 14.790431 2.750963
vertex 9.726154 15.612121 2.883669
vertex 8.947436 15.612121 2.445571
endloop
endfacet
facet normal -0.460779 0.434332 0.773976
outer loop
vertex 9.671012 14.790431 3.279863
vertex 10.437836 14.790431 3.736383
vertex 10.507631 15.612121 3.316827
endloop
endfacet
facet normal -0.441386 0.413582 0.796322
outer loop
vertex 9.671012 14.790431 3.279863
vertex 10.507631 15.612121 3.316827
vertex 9.726154 15.612121 2.883669
endloop
endfacet
facet normal -0.379561 0.325157 0.866144
outer loop
vertex 10.437836 14.790431 3.736383
vertex 11.255225 14.790431 4.094580
vertex 11.265237 15.612121 3.790498
endloop
endfacet
facet normal -0.478304 0.431246 0.765018
outer loop
vertex 10.437836 14.790431 3.736383
vertex 11.265237 15.612121 3.790498
vertex 10.507631 15.612121 3.316827
endloop
endfacet
facet normal -0.349091 0.150884 0.924862
outer loop
vertex 11.255225 14.790431 4.094580
vertex 12.090158 14.790431 4.409726
vertex 12.029783 15.612121 4.252885
endloop
endfacet
facet normal -0.492458 0.307334 0.814267
outer loop
vertex 11.255225 14.790431 4.094580
vertex 12.029783 15.612121 4.252885
vertex 11.265237 15.612121 3.790498
endloop
endfacet
facet normal -0.348794 0.049576 0.935887
outer loop
vertex 12.090158 14.790431 4.409726
vertex 12.926399 14.790431 4.721384
vertex 12.833499 15.612121 4.643234
endloop
endfacet
facet normal -0.432683 0.138256 0.890882
outer loop
vertex 12.090158 14.790431 4.409726
vertex 12.833499 15.612121 4.643234
vertex 12.029783 15.612121 4.252885
endloop
endfacet
facet normal -0.349793 0.035511 0.936154
outer loop
vertex 12.926399 14.790431 4.721384
vertex 13.762377 14.790431 5.033747
vertex 13.666382 15.612121 4.966709
endloop
endfacet
facet normal -0.361623 0.047671 0.931105
outer loop
vertex 12.926399 14.790431 4.721384
vertex 13.666382 15.612121 4.966709
vertex 12.833499 15.612121 4.643234
endloop
endfacet
facet normal -0.288277 0.005219 0.957533
outer loop
vertex 13.762377 14.790431 5.033747
vertex 14.616919 14.790431 5.291017
vertex 14.512096 15.612121 5.254980
endloop
endfacet
facet normal -0.322381 0.039499 0.945785
outer loop
vertex 13.762377 14.790431 5.033747
vertex 14.512096 15.612121 5.254980
vertex 13.666382 15.612121 4.966709
endloop
endfacet
facet normal -0.177091 -0.071811 0.981571
outer loop
vertex 14.616919 14.790431 5.291017
vertex 15.495170 14.790431 5.449467
vertex 15.374711 15.612121 5.487849
endloop
endfacet
facet normal -0.260616 0.009092 0.965400
outer loop
vertex 14.616919 14.790431 5.291017
vertex 15.374711 15.612121 5.487849
vertex 14.512096 15.612121 5.254980
endloop
endfacet
facet normal 0.110726 -0.172587 0.978751
outer loop
vertex 15.495170 14.790431 5.449467
vertex 16.381942 14.790431 5.349147
vertex 16.268001 15.612121 5.506929
endloop
endfacet
facet normal -0.021328 -0.049769 0.998533
outer loop
vertex 15.495170 14.790431 5.449467
vertex 16.268001 15.612121 5.506929
vertex 15.374711 15.612121 5.487849
endloop
endfacet
facet normal 0.279210 -0.181782 0.942866
outer loop
vertex 16.381942 14.790431 5.349147
vertex 17.237641 14.790431 5.095750
vertex 17.133497 15.612121 5.285010
endloop
endfacet
facet normal 0.245568 -0.149851 0.957727
outer loop
vertex 16.381942 14.790431 5.349147
vertex 17.133497 15.612121 5.285010
vertex 16.268001 15.612121 5.506929
endloop
endfacet
facet normal 0.334402 -0.192880 0.922482
outer loop
vertex 17.237641 14.790431 5.095750
vertex 18.076645 14.790431 4.791608
vertex 17.979815 15.612121 4.998516
endloop
endfacet
facet normal 0.315708 -0.174796 0.932617
outer loop
vertex 17.237641 14.790431 5.095750
vertex 17.979815 15.612121 4.998516
vertex 17.133497 15.612121 5.285010
endloop
endfacet
facet normal 0.390399 -0.245450 0.887324
outer loop
vertex 18.076645 14.790431 4.791608
vertex 18.893507 14.790431 4.432211
vertex 18.819166 15.612121 4.692214
endloop
endfacet
facet normal 0.336403 -0.192482 0.921837
outer loop
vertex 18.076645 14.790431 4.791608
vertex 18.819166 15.612121 4.692214
vertex 17.979815 15.612121 4.998516
endloop
endfacet
facet normal 0.339557 -0.301615 0.890915
outer loop
vertex 18.893507 14.790431 4.432211
vertex 19.727421 14.790431 4.114379
vertex 19.668565 15.612121 4.414990
endloop
endfacet
facet normal 0.299335 -0.263127 0.917149
outer loop
vertex 18.893507 14.790431 4.432211
vertex 19.668565 15.612121 4.414990
vertex 18.819166 15.612121 4.692214
endloop
endfacet
facet normal 0.328324 -0.353557 0.875900
outer loop
vertex 19.727421 14.790431 4.114379
vertex 20.563072 14.790431 3.801142
vertex 20.521376 15.612121 4.148447
endloop
endfacet
facet normal 0.283473 -0.311509 0.906976
outer loop
vertex 19.727421 14.790431 4.114379
vertex 20.521376 15.612121 4.148447
vertex 19.668565 15.612121 4.414990
endloop
endfacet
facet normal 0.332203 -0.406659 0.851040
outer loop
vertex 20.563072 14.790431 3.801142
vertex 21.394410 14.790431 3.476629
vertex 21.372855 15.612121 3.877678
endloop
endfacet
facet normal 0.282579 -0.361254 0.888619
outer loop
vertex 20.563072 14.790431 3.801142
vertex 21.372855 15.612121 3.877678
vertex 20.521376 15.612121 4.148447
endloop
endfacet
facet normal 0.288618 -0.455943 0.841912
outer loop
vertex 21.394410 14.790431 3.476629
vertex 22.238611 14.790431 3.187226
vertex 22.232561 15.612121 3.634292
endloop
endfacet
facet normal 0.247238 -0.419759 0.873313
outer loop
vertex 21.394410 14.790431 3.476629
vertex 22.232561 15.612121 3.634292
vertex 21.372855 15.612121 3.877678
endloop
endfacet
facet normal 0.168428 -0.484790 0.858260
outer loop
vertex 22.238611 14.790431 3.187226
vertex 23.114337 14.790431 3.015370
vertex 23.112605 15.612121 3.479843
endloop
endfacet
facet normal 0.152442 -0.471470 0.868607
outer loop
vertex 22.238611 14.790431 3.187226
vertex 23.112605 15.612121 3.479843
vertex 22.232561 15.612121 3.634292
endloop
endfacet
facet normal 0.091721 -0.507313 0.856867
outer loop
vertex 23.114337 14.790431 3.015370
vertex 24.001697 14.790431 2.920385
vertex 24.003102 15.612121 3.406722
endloop
endfacet
facet normal 0.071307 -0.490722 0.868393
outer loop
vertex 23.114337 14.790431 3.015370
vertex 24.003102 15.612121 3.406722
vertex 23.112605 15.612121 3.479843
endloop
endfacet
facet normal -0.342224 0.605768 0.718281
outer loop
vertex 1.758250 15.612121 0.258939
vertex 2.564869 15.612121 0.643252
vertex 2.701507 16.433812 0.015375
endloop
endfacet
facet normal -0.292626 0.733089 0.613963
outer loop
vertex 2.564869 15.612121 0.643252
vertex 3.371436 15.612121 1.027676
vertex 3.591677 16.433812 0.151526
endloop
endfacet
facet normal -0.119187 0.615270 0.779254
outer loop
vertex 2.564869 15.612121 0.643252
vertex 3.591677 16.433812 0.151526
vertex 2.701507 16.433812 0.015375
endloop
endfacet
facet normal -0.388357 0.784769 0.483028
outer loop
vertex 3.371436 15.612121 1.027676
vertex 4.067776 15.612121 1.587536
vertex 4.409904 16.433812 0.527619
endloop
endfacet
facet normal -0.283637 0.734004 0.617081
outer loop
vertex 3.371436 15.612121 1.027676
vertex 4.409904 16.433812 0.527619
vertex 3.591677 16.433812 0.151526
endloop
endfacet
facet normal -0.245113 0.842381 0.479910
outer loop
vertex 4.067776 15.612121 1.587536
vertex 4.863491 15.612121 1.993946
vertex 5.278899 16.433812 0.763810
endloop
endfacet
facet normal -0.155822 0.804392 0.573300
outer loop
vertex 4.067776 15.612121 1.587536
vertex 5.278899 16.433812 0.763810
vertex 4.409904 16.433812 0.527619
endloop
endfacet
facet normal 0.110815 0.838939 0.532824
outer loop
vertex 4.863491 15.612121 1.993946
vertex 5.738266 15.612121 1.812014
vertex 6.118842 16.433812 0.439099
endloop
endfacet
facet normal 0.229248 0.771876 0.593003
outer loop
vertex 4.863491 15.612121 1.993946
vertex 6.118842 16.433812 0.439099
vertex 5.278899 16.433812 0.763810
endloop
endfacet
facet normal 0.301185 0.738198 0.603616
outer loop
vertex 5.738266 15.612121 1.812014
vertex 6.537762 15.612121 1.413092
vertex 6.983066 16.433812 0.186006
endloop
endfacet
facet normal 0.157838 0.827412 0.538960
outer loop
vertex 5.738266 15.612121 1.812014
vertex 6.983066 16.433812 0.186006
vertex 6.118842 16.433812 0.439099
endloop
endfacet
facet normal -0.112667 0.774921 0.621935
outer loop
vertex 6.537762 15.612121 1.413092
vertex 7.416946 15.612121 1.572361
vertex 7.775636 16.433812 0.613526
endloop
endfacet
facet normal -0.254857 0.843693 0.472473
outer loop
vertex 6.537762 15.612121 1.413092
vertex 7.775636 16.433812 0.613526
vertex 6.983066 16.433812 0.186006
endloop
endfacet
facet normal -0.275776 0.598102 0.752477
outer loop
vertex 7.416946 15.612121 1.572361
vertex 8.255874 15.612121 1.879820
vertex 8.386967 16.433812 1.274748
endloop
endfacet
facet normal -0.490811 0.743768 0.453778
outer loop
vertex 7.416946 15.612121 1.572361
vertex 8.386967 16.433812 1.274748
vertex 7.775636 16.433812 0.613526
endloop
endfacet
facet normal -0.559579 0.467965 0.684018
outer loop
vertex 8.255874 15.612121 1.879820
vertex 8.947436 15.612121 2.445571
vertex 9.004546 16.433812 1.930138
endloop
endfacet
facet normal -0.618240 0.527625 0.582573
outer loop
vertex 8.255874 15.612121 1.879820
vertex 9.004546 16.433812 1.930138
vertex 8.386967 16.433812 1.274748
endloop
endfacet
facet normal -0.455463 0.370311 0.809582
outer loop
vertex 8.947436 15.612121 2.445571
vertex 9.726154 15.612121 2.883669
vertex 9.705097 16.433812 2.495973
endloop
endfacet
facet normal -0.554804 0.469437 0.686893
outer loop
vertex 8.947436 15.612121 2.445571
vertex 9.705097 16.433812 2.495973
vertex 9.004546 16.433812 1.930138
endloop
endfacet
facet normal -0.453724 0.352223 0.818580
outer loop
vertex 9.726154 15.612121 2.883669
vertex 10.507631 15.612121 3.316827
vertex 10.483008 16.433812 2.949619
endloop
endfacet
facet normal -0.468583 0.367117 0.803527
outer loop
vertex 9.726154 15.612121 2.883669
vertex 10.483008 16.433812 2.949619
vertex 9.705097 16.433812 2.495973
endloop
endfacet
facet normal -0.494911 0.358422 0.791579
outer loop
vertex 10.507631 15.612121 3.316827
vertex 11.265237 15.612121 3.790498
vertex 11.255534 16.433812 3.412375
endloop
endfacet
facet normal -0.482261 0.345338 0.805087
outer loop
vertex 10.507631 15.612121 3.316827
vertex 11.255534 16.433812 3.412375
vertex 10.483008 16.433812 2.949619
endloop
endfacet
facet normal -0.499642 0.260464 0.826145
outer loop
vertex 11.265237 15.612121 3.790498
vertex 12.029783 15.612121 4.252885
vertex 11.971498 16.433812 3.958577
endloop
endfacet
facet normal -0.570920 0.337639 0.748365
outer loop
vertex 11.265237 15.612121 3.790498
vertex 11.971498 16.433812 3.958577
vertex 11.255534 16.433812 3.412375
endloop
endfacet
facet normal -0.435434 0.081262 0.896545
outer loop
vertex 12.029783 15.612121 4.252885
vertex 12.833499 15.612121 4.643234
vertex 12.691309 16.433812 4.499698
endloop
endfacet
facet normal -0.583815 0.236748 0.776602
outer loop
vertex 12.029783 15.612121 4.252885
vertex 12.691309 16.433812 4.499698
vertex 11.971498 16.433812 3.958577
endloop
endfacet
facet normal -0.361517 0.053415 0.930834
outer loop
vertex 12.833499 15.612121 4.643234
vertex 13.666382 15.612121 4.966709
vertex 13.516091 16.433812 4.861187
endloop
endfacet
facet normal -0.399787 0.090159 0.912163
outer loop
vertex 12.833499 15.612121 4.643234
vertex 13.516091 16.433812 4.861187
vertex 12.691309 16.433812 4.499698
endloop
endfacet
facet normal -0.322027 0.061290 0.944745
outer loop
vertex 13.666382 15.612121 4.966709
vertex 14.512096 15.612121 5.254980
vertex 14.368156 16.433812 5.152609
endloop
endfacet
facet normal -0.322988 0.062199 0.944357
outer loop
vertex 13.666382 15.612121 4.966709
vertex 14.368156 16.433812 5.152609
vertex 13.516091 16.433812 4.861187
endloop
endfacet
facet normal -0.260503 0.030792 0.964982
outer loop
vertex 14.512096 15.612121 5.254980
vertex 15.374711 15.612121 5.487849
vertex 15.227477 16.433812 5.421882
endloop
endfacet
facet normal -0.298359 0.066358 0.952144
outer loop
vertex 14.512096 15.612121 5.254980
vertex 15.227477 16.433812 5.421882
vertex 14.368156 16.433812 5.152609
endloop
endfacet
facet normal -0.021231 -0.107218 0.994009
outer loop
vertex 15.374711 15.612121 5.487849
vertex 16.268001 15.612121 5.506929
vertex 16.111742 16.433812 5.592222
endloop
endfacet
facet normal -0.188967 0.044893 0.980957
outer loop
vertex 15.374711 15.612121 5.487849
vertex 16.111742 16.433812 5.592222
vertex 15.227477 16.433812 5.421882
endloop
endfacet
facet normal 0.244601 -0.173604 0.953956
outer loop
vertex 16.268001 15.612121 5.506929
vertex 17.133497 15.612121 5.285010
vertex 17.003633 16.433812 5.467842
endloop
endfacet
facet normal 0.137718 -0.076318 0.987527
outer loop
vertex 16.268001 15.612121 5.506929
vertex 17.003633 16.433812 5.467842
vertex 16.111742 16.433812 5.592222
endloop
endfacet
facet normal 0.314719 -0.191348 0.929698
outer loop
vertex 17.133497 15.612121 5.285010
vertex 17.979815 15.612121 4.998516
vertex 17.865362 16.433812 5.206378
endloop
endfacet
facet normal 0.286379 -0.164752 0.943845
outer loop
vertex 17.133497 15.612121 5.285010
vertex 17.865362 16.433812 5.206378
vertex 17.003633 16.433812 5.467842
endloop
endfacet
facet normal 0.329435 -0.276644 0.902741
outer loop
vertex 17.979815 15.612121 4.998516
vertex 18.819166 15.612121 4.692214
vertex 18.735530 16.433812 4.974541
endloop
endfacet
facet normal 0.252023 -0.204188 0.945934
outer loop
vertex 17.979815 15.612121 4.998516
vertex 18.735530 16.433812 4.974541
vertex 17.865362 16.433812 5.206378
endloop
endfacet
facet normal 0.295203 -0.307822 0.904489
outer loop
vertex 18.819166 15.612121 4.692214
vertex 19.668565 15.612121 4.414990
vertex 19.598581 16.433812 4.717475
endloop
endfacet
facet normal 0.273406 -0.287559 0.917910
outer loop
vertex 18.819166 15.612121 4.692214
vertex 19.598581 16.433812 4.717475
vertex 18.735530 16.433812 4.974541
endloop
endfacet
facet normal 0.281085 -0.334947 0.899334
outer loop
vertex 19.668565 15.612121 4.414990
vertex 20.521376 15.612121 4.148447
vertex 20.465025 16.433812 4.472089
endloop
endfacet
facet normal 0.258692 -0.314221 0.913424
outer loop
vertex 19.668565 15.612121 4.414990
vertex 20.465025 16.433812 4.472089
vertex 19.598581 16.433812 4.717475
endloop
endfacet
facet normal 0.278575 -0.393665 0.876027
outer loop
vertex 20.521376 15.612121 4.148447
vertex 21.372855 15.612121 3.877678
vertex 21.339606 16.433812 4.257498
endloop
endfacet
facet normal 0.223765 -0.343856 0.911972
outer loop
vertex 20.521376 15.612121 4.148447
vertex 21.339606 16.433812 4.257498
vertex 20.465025 16.433812 4.472089
endloop
endfacet
facet normal 0.245108 -0.436270 0.865789
outer loop
vertex 21.372855 15.612121 3.877678
vertex 22.232561 15.612121 3.634292
vertex 22.216570 16.433812 4.052868
endloop
endfacet
facet normal 0.207919 -0.403471 0.891056
outer loop
vertex 21.372855 15.612121 3.877678
vertex 22.216570 16.433812 4.052868
vertex 21.339606 16.433812 4.257498
endloop
endfacet
facet normal 0.153469 -0.460184 0.874459
outer loop
vertex 22.232561 15.612121 3.634292
vertex 23.112605 15.612121 3.479843
vertex 23.106224 16.433812 3.913378
endloop
endfacet
facet normal 0.138532 -0.447389 0.883545
outer loop
vertex 22.232561 15.612121 3.634292
vertex 23.106224 16.433812 3.913378
vertex 22.216570 16.433812 4.052868
endloop
endfacet
facet normal 0.071677 -0.482591 0.872908
outer loop
vertex 23.112605 15.612121 3.479843
vertex 24.003102 15.612121 3.406722
vertex 24.005211 16.433812 3.860824
endloop
endfacet
facet normal 0.051645 -0.465708 0.883430
outer loop
vertex 23.112605 15.612121 3.479843
vertex 24.005211 16.433812 3.860824
vertex 23.106224 16.433812 3.913378
endloop
endfacet
facet normal -0.354213 0.529784 0.770625
outer loop
vertex 3.591677 16.433812 0.151526
vertex 4.409904 16.433812 0.527619
vertex 4.495283 17.255502 0.001973
endloop
endfacet
facet normal -0.192539 0.679053 0.708390
outer loop
vertex 4.409904 16.433812 0.527619
vertex 5.278899 16.433812 0.763810
vertex 5.394326 17.255502 0.007521
endloop
endfacet
facet normal -0.005197 0.539258 0.842125
outer loop
vertex 4.409904 16.433812 0.527619
vertex 5.394326 17.255502 0.007521
vertex 4.495283 17.255502 0.001973
endloop
endfacet
facet normal 0.334567 0.372937 0.865438
outer loop
vertex 5.278899 16.433812 0.763810
vertex 6.118842 16.433812 0.439099
vertex 6.293329 17.255502 0.017559
endloop
endfacet
facet normal -0.008209 0.677820 0.735182
outer loop
vertex 5.278899 16.433812 0.763810
vertex 6.293329 17.255502 0.017559
vertex 5.394326 17.255502 0.007521
endloop
endfacet
facet normal 0.278464 0.135395 0.950855
outer loop
vertex 6.118842 16.433812 0.439099
vertex 6.983066 16.433812 0.186006
vertex 7.192334 17.255502 0.007717
endloop
endfacet
facet normal 0.009750 0.454792 0.890544
outer loop
vertex 6.118842 16.433812 0.439099
vertex 7.192334 17.255502 0.007717
vertex 6.293329 17.255502 0.017559
endloop
endfacet
facet normal -0.672068 0.402789 0.621358
outer loop
vertex 7.775636 16.433812 0.613526
vertex 8.386967 16.433812 1.274748
vertex 8.613489 17.255502 0.987105
endloop
endfacet
facet normal -0.692651 0.450001 0.563678
outer loop
vertex 7.775636 16.433812 0.613526
vertex 8.613489 17.255502 0.987105
vertex 8.046004 17.255502 0.289775
endloop
endfacet
facet normal -0.715079 0.186069 0.673825
outer loop
vertex 8.386967 16.433812 1.274748
vertex 9.004546 16.433812 1.930138
vertex 9.063277 17.255502 1.765564
endloop
endfacet
facet normal -0.800058 0.382381 0.462268
outer loop
vertex 8.386967 16.433812 1.274748
vertex 9.063277 17.255502 1.765564
vertex 8.613489 17.255502 0.987105
endloop
endfacet
facet normal -0.627404 0.054591 0.776778
outer loop
vertex 9.004546 16.433812 1.930138
vertex 9.705097 16.433812 2.495973
vertex 9.681025 17.255502 2.418783
endloop
endfacet
facet normal -0.713848 0.186234 0.675084
outer loop
vertex 9.004546 16.433812 1.930138
vertex 9.681025 17.255502 2.418783
vertex 9.063277 17.255502 1.765564
endloop
endfacet
facet normal -0.502651 -0.066260 0.861947
outer loop
vertex 9.705097 16.433812 2.495973
vertex 10.483008 16.433812 2.949619
vertex 10.396962 17.255502 2.962605
endloop
endfacet
facet normal -0.603896 0.056994 0.795023
outer loop
vertex 9.705097 16.433812 2.495973
vertex 10.396962 17.255502 2.962605
vertex 9.681025 17.255502 2.418783
endloop
endfacet
facet normal -0.513223 -0.050373 0.856776
outer loop
vertex 10.483008 16.433812 2.949619
vertex 11.255534 16.433812 3.412375
vertex 11.175291 17.255502 3.412618
endloop
endfacet
facet normal -0.499448 -0.065954 0.863830
outer loop
vertex 10.483008 16.433812 2.949619
vertex 11.175291 17.255502 3.412618
vertex 10.396962 17.255502 2.962605
endloop
endfacet
facet normal -0.605815 0.048851 0.794105
outer loop
vertex 11.255534 16.433812 3.412375
vertex 11.971498 16.433812 3.958577
vertex 11.940590 17.255502 3.884449
endloop
endfacet
facet normal -0.524111 -0.051434 0.850095
outer loop
vertex 11.255534 16.433812 3.412375
vertex 11.940590 17.255502 3.884449
vertex 11.175291 17.255502 3.412618
endloop
endfacet
facet normal -0.597704 0.102962 0.795078
outer loop
vertex 11.971498 16.433812 3.958577
vertex 12.691309 16.433812 4.499698
vertex 12.685021 17.255502 4.388563
endloop
endfacet
facet normal -0.559908 0.053529 0.826824
outer loop
vertex 11.971498 16.433812 3.958577
vertex 12.685021 17.255502 4.388563
vertex 11.940590 17.255502 3.884449
endloop
endfacet
facet normal -0.401291 0.025526 0.915595
outer loop
vertex 12.691309 16.433812 4.499698
vertex 13.516091 16.433812 4.861187
vertex 13.473911 17.255502 4.819793
endloop
endfacet
facet normal -0.476505 0.114255 0.871716
outer loop
vertex 12.691309 16.433812 4.499698
vertex 13.473911 17.255502 4.819793
vertex 12.685021 17.255502 4.388563
endloop
endfacet
facet normal -0.323586 0.013378 0.946104
outer loop
vertex 13.516091 16.433812 4.861187
vertex 14.368156 16.433812 5.152609
vertex 14.319780 17.255502 5.124445
endloop
endfacet
facet normal -0.338705 0.029989 0.940415
outer loop
vertex 13.516091 16.433812 4.861187
vertex 14.319780 17.255502 5.124445
vertex 13.473911 17.255502 4.819793
endloop
endfacet
facet normal -0.298994 -0.012756 0.954170
outer loop
vertex 14.368156 16.433812 5.152609
vertex 15.227477 16.433812 5.421882
vertex 15.170582 17.255502 5.415039
endloop
endfacet
facet normal -0.323190 0.013406 0.946239
outer loop
vertex 14.368156 16.433812 5.152609
vertex 15.170582 17.255502 5.415039
vertex 14.319780 17.255502 5.124445
endloop
endfacet
facet normal -0.188387 -0.090144 0.977949
outer loop
vertex 15.227477 16.433812 5.421882
vertex 16.111742 16.433812 5.592222
vertex 16.037402 17.255502 5.653642
endloop
endfacet
facet normal -0.265378 -0.010346 0.964089
outer loop
vertex 15.227477 16.433812 5.421882
vertex 16.037402 17.255502 5.653642
vertex 15.170582 17.255502 5.415039
endloop
endfacet
facet normal 0.136124 -0.169399 0.976102
outer loop
vertex 16.111742 16.433812 5.592222
vertex 17.003633 16.433812 5.467842
vertex 16.935827 17.255502 5.619899
endloop
endfacet
facet normal 0.037437 -0.071120 0.996765
outer loop
vertex 16.111742 16.433812 5.592222
vertex 16.935827 17.255502 5.619899
vertex 16.037402 17.255502 5.653642
endloop
endfacet
facet normal 0.281013 -0.251513 0.926160
outer loop
vertex 17.003633 16.433812 5.467842
vertex 17.865362 16.433812 5.206378
vertex 17.817519 17.255502 5.444037
endloop
endfacet
facet normal 0.192987 -0.163123 0.967547
outer loop
vertex 17.003633 16.433812 5.467842
vertex 17.817519 17.255502 5.444037
vertex 16.935827 17.255502 5.619899
endloop
endfacet
facet normal 0.243796 -0.321312 0.915053
outer loop
vertex 17.865362 16.433812 5.206378
vertex 18.735530 16.433812 4.974541
vertex 18.700066 17.255502 5.272519
endloop
endfacet
facet normal 0.184049 -0.263193 0.947025
outer loop
vertex 17.865362 16.433812 5.206378
vertex 18.700066 17.255502 5.272519
vertex 17.817519 17.255502 5.444037
endloop
endfacet
facet normal 0.269857 -0.326110 0.905996
outer loop
vertex 18.735530 16.433812 4.974541
vertex 19.598581 16.433812 4.717475
vertex 19.563966 17.255502 5.023551
endloop
endfacet
facet normal 0.262459 -0.318932 0.910713
outer loop
vertex 18.735530 16.433812 4.974541
vertex 19.563966 17.255502 5.023551
vertex 18.700066 17.255502 5.272519
endloop
endfacet
facet normal 0.255121 -0.351346 0.900816
outer loop
vertex 19.598581 16.433812 4.717475
vertex 20.465025 16.433812 4.472089
vertex 20.435060 17.255502 4.801060
endloop
endfacet
facet normal 0.233542 -0.330757 0.914362
outer loop
vertex 19.598581 16.433812 4.717475
vertex 20.435060 17.255502 4.801060
vertex 19.563966 17.255502 5.023551
endloop
endfacet
facet normal 0.219505 -0.389211 0.894613
outer loop
vertex 20.465025 16.433812 4.472089
vertex 21.339606 16.433812 4.257498
vertex 21.315865 17.255502 4.620809
endloop
endfacet
facet normal 0.187106 -0.359226 0.914302
outer loop
vertex 20.465025 16.433812 4.472089
vertex 21.315865 17.255502 4.620809
vertex 20.435060 17.255502 4.801060
endloop
endfacet
facet normal 0.204519 -0.435829 0.876485
outer loop
vertex 21.339606 16.433812 4.257498
vertex 22.216570 16.433812 4.052868
vertex 22.201322 17.255502 4.465008
endloop
endfacet
facet normal 0.159173 -0.395379 0.904621
outer loop
vertex 21.339606 16.433812 4.257498
vertex 22.201322 17.255502 4.465008
vertex 21.315865 17.255502 4.620809
endloop
endfacet
facet normal 0.137063 -0.465865 0.874176
outer loop
vertex 22.216570 16.433812 4.052868
vertex 23.106224 16.433812 3.913378
vertex 23.093412 17.255502 4.353281
endloop
endfacet
facet normal 0.111356 -0.443900 0.889130
outer loop
vertex 22.216570 16.433812 4.052868
vertex 23.093412 17.255502 4.353281
vertex 22.201322 17.255502 4.465008
endloop
endfacet
facet normal 0.051186 -0.480335 0.875590
outer loop
vertex 23.106224 16.433812 3.913378
vertex 24.005211 16.433812 3.860824
vertex 23.991541 17.255502 4.312390
endloop
endfacet
facet normal 0.040119 -0.471115 0.881159
outer loop
vertex 23.106224 16.433812 3.913378
vertex 23.991541 17.255502 4.312390
vertex 23.093412 17.255502 4.353281
endloop
endfacet
facet normal -0.775619 -0.002340 0.631197
outer loop
vertex 8.046004 17.255502 0.289775
vertex 8.613489 17.255502 0.987105
vertex 8.606558 18.077193 0.981636
endloop
endfacet
facet normal -0.762430 -0.024318 0.646613
outer loop
vertex 8.046004 17.255502 0.289775
vertex 8.606558 18.077193 0.981636
vertex 8.026342 18.077193 0.297495
endloop
endfacet
facet normal -0.865850 0.004615 0.500282
outer loop
vertex 8.613489 17.255502 0.987105
vertex 9.063277 17.255502 1.765564
vertex 9.061437 18.077193 1.754800
endloop
endfacet
facet normal -0.861890 -0.003894 0.507079
outer loop
vertex 8.613489 17.255502 0.987105
vertex 9.061437 18.077193 1.754800
vertex 8.606558 18.077193 0.981636
endloop
endfacet
facet normal -0.726539 -0.007372 0.687086
outer loop
vertex 9.063277 17.255502 1.765564
vertex 9.681025 17.255502 2.418783
vertex 9.668945 18.077193 2.414826
endloop
endfacet
facet normal -0.735754 0.007224 0.677210
outer loop
vertex 9.063277 17.255502 1.765564
vertex 9.668945 18.077193 2.414826
vertex 9.061437 18.077193 1.754800
endloop
endfacet
facet normal -0.604073 -0.051615 0.795256
outer loop
vertex 9.681025 17.255502 2.418783
vertex 10.396962 17.255502 2.962605
vertex 10.359455 18.077193 2.987446
endloop
endfacet
facet normal -0.638327 -0.005677 0.769745
outer loop
vertex 9.681025 17.255502 2.418783
vertex 10.359455 18.077193 2.987446
vertex 9.668945 18.077193 2.414826
endloop
endfacet
facet normal -0.500206 -0.036396 0.865141
outer loop
vertex 10.396962 17.255502 2.962605
vertex 11.175291 17.255502 3.412618
vertex 11.141175 18.077193 3.427461
endloop
endfacet
facet normal -0.489932 -0.048676 0.870401
outer loop
vertex 10.396962 17.255502 2.962605
vertex 11.141175 18.077193 3.427461
vertex 10.359455 18.077193 2.987446
endloop
endfacet
facet normal -0.523511 0.070209 0.849122
outer loop
vertex 11.175291 17.255502 3.412618
vertex 11.940590 17.255502 3.884449
vertex 11.947427 18.077193 3.820724
endloop
endfacet
facet normal -0.438136 -0.034417 0.898250
outer loop
vertex 11.175291 17.255502 3.412618
vertex 11.947427 18.077193 3.820724
vertex 11.141175 18.077193 3.427461
endloop
endfacet
facet normal -0.554621 0.146999 0.819016
outer loop
vertex 11.940590 17.255502 3.884449
vertex 12.685021 17.255502 4.388563
vertex 12.724945 18.077193 4.268120
endloop
endfacet
facet normal -0.497476 0.071189 0.864552
outer loop
vertex 11.940590 17.255502 3.884449
vertex 12.724945 18.077193 4.268120
vertex 11.947427 18.077193 3.820724
endloop
endfacet
facet normal -0.473750 0.156313 0.866676
outer loop
vertex 12.685021 17.255502 4.388563
vertex 13.473911 17.255502 4.819793
vertex 13.514557 18.077193 4.693811
endloop
endfacet
facet normal -0.469151 0.150352 0.870225
outer loop
vertex 12.685021 17.255502 4.388563
vertex 13.514557 18.077193 4.693811
vertex 12.724945 18.077193 4.268120
endloop
endfacet
facet normal -0.338188 0.062808 0.938980
outer loop
vertex 13.473911 17.255502 4.819793
vertex 14.319780 17.255502 5.124445
vertex 14.327814 18.077193 5.072376
endloop
endfacet
facet normal -0.416720 0.157869 0.895222
outer loop
vertex 13.473911 17.255502 4.819793
vertex 14.327814 18.077193 5.072376
vertex 13.514557 18.077193 4.693811
endloop
endfacet
facet normal -0.323213 0.006008 0.946307
outer loop
vertex 14.319780 17.255502 5.124445
vertex 15.170582 17.255502 5.415039
vertex 15.160381 18.077193 5.406337
endloop
endfacet
facet normal -0.371564 0.062331 0.926312
outer loop
vertex 14.319780 17.255502 5.124445
vertex 15.160381 18.077193 5.406337
vertex 14.327814 18.077193 5.072376
endloop
endfacet
facet normal -0.265232 -0.034727 0.963559
outer loop
vertex 15.170582 17.255502 5.415039
vertex 16.037402 17.255502 5.653642
vertex 16.015548 18.077193 5.677241
endloop
endfacet
facet normal -0.301988 0.006346 0.953291
outer loop
vertex 15.170582 17.255502 5.415039
vertex 16.015548 18.077193 5.677241
vertex 15.160381 18.077193 5.406337
endloop
endfacet
facet normal 0.037143 -0.143586 0.988941
outer loop
vertex 16.037402 17.255502 5.653642
vertex 16.935827 17.255502 5.619899
vertex 16.910388 18.077193 5.740157
endloop
endfacet
facet normal -0.070104 -0.030500 0.997073
outer loop
vertex 16.037402 17.255502 5.653642
vertex 16.910388 18.077193 5.740157
vertex 16.015548 18.077193 5.677241
endloop
endfacet
facet normal 0.191442 -0.205238 0.959806
outer loop
vertex 16.935827 17.255502 5.619899
vertex 17.817519 17.255502 5.444037
vertex 17.799791 18.077193 5.623277
endloop
endfacet
facet normal 0.129016 -0.139690 0.981754
outer loop
vertex 16.935827 17.255502 5.619899
vertex 17.799791 18.077193 5.623277
vertex 16.910388 18.077193 5.740157
endloop
endfacet
facet normal 0.184999 -0.244213 0.951911
outer loop
vertex 17.817519 17.255502 5.444037
vertex 18.700066 17.255502 5.272519
vertex 18.686276 18.077193 5.486004
endloop
endfacet
facet normal 0.149693 -0.207639 0.966684
outer loop
vertex 17.817519 17.255502 5.444037
vertex 18.686276 18.077193 5.486004
vertex 17.799791 18.077193 5.623277
endloop
endfacet
facet normal 0.266908 -0.266471 0.926150
outer loop
vertex 18.700066 17.255502 5.272519
vertex 19.563966 17.255502 5.023551
vertex 19.555046 18.077193 5.262537
endloop
endfacet
facet normal 0.241819 -0.240196 0.940122
outer loop
vertex 18.700066 17.255502 5.272519
vertex 19.555046 18.077193 5.262537
vertex 18.686276 18.077193 5.486004
endloop
endfacet
facet normal 0.236705 -0.291748 0.926744
outer loop
vertex 19.563966 17.255502 5.023551
vertex 20.435060 17.255502 4.801060
vertex 20.429216 18.077193 5.061228
endloop
endfacet
facet normal 0.216045 -0.270516 0.938161
outer loop
vertex 19.563966 17.255502 5.023551
vertex 20.429216 18.077193 5.061228
vertex 19.555046 18.077193 5.262537
endloop
endfacet
facet normal 0.189536 -0.325998 0.926176
outer loop
vertex 20.435060 17.255502 4.801060
vertex 21.315865 17.255502 4.620809
vertex 21.313514 18.077193 4.910511
endloop
endfacet
facet normal 0.160438 -0.296909 0.941331
outer loop
vertex 20.435060 17.255502 4.801060
vertex 21.313514 18.077193 4.910511
vertex 20.429216 18.077193 5.061228
endloop
endfacet
facet normal 0.162616 -0.345591 0.924188
outer loop
vertex 21.315865 17.255502 4.620809
vertex 22.201322 17.255502 4.465008
vertex 22.199887 18.077193 4.772524
endloop
endfacet
facet normal 0.145281 -0.328610 0.933225
outer loop
vertex 21.315865 17.255502 4.620809
vertex 22.199887 18.077193 4.772524
vertex 21.313514 18.077193 4.910511
endloop
endfacet
facet normal 0.114178 -0.394759 0.911663
outer loop
vertex 22.201322 17.255502 4.465008
vertex 23.093412 17.255502 4.353281
vertex 23.094680 18.077193 4.708923
endloop
endfacet
facet normal 0.066425 -0.349629 0.934530
outer loop
vertex 22.201322 17.255502 4.465008
vertex 23.094680 18.077193 4.708923
vertex 22.199887 18.077193 4.772524
endloop
endfacet
facet normal 0.041378 -0.415149 0.908812
outer loop
vertex 23.093412 17.255502 4.353281
vertex 23.991541 17.255502 4.312390
vertex 23.991480 18.077193 4.687744
endloop
endfacet
facet normal 0.021667 -0.397143 0.917501
outer loop
vertex 23.093412 17.255502 4.353281
vertex 23.991480 18.077193 4.687744
vertex 23.094680 18.077193 4.708923
endloop
endfacet
facet normal -0.007331 -0.773741 -0.633459
outer loop
vertex 7.527747 0.821691 -1.012807
vertex 7.579484 0.000000 -0.009748
vertex 6.737369 0.000000 -0.000002
endloop
endfacet
facet normal -0.480532 -0.458915 -0.747319
outer loop
vertex 6.803200 0.821691 -0.546917
vertex 7.527747 0.821691 -1.012807
vertex 6.737369 0.000000 -0.000002
endloop
endfacet
facet normal -0.059270 -0.851999 -0.520177
outer loop
vertex 8.278461 0.821691 -1.435241
vertex 8.416241 0.000000 -0.105090
vertex 7.579484 0.000000 -0.009748
endloop
endfacet
facet normal -0.330745 -0.738332 -0.587771
outer loop
vertex 7.527747 0.821691 -1.012807
vertex 8.278461 0.821691 -1.435241
vertex 7.579484 0.000000 -0.009748
endloop
endfacet
facet normal -0.160446 -0.849045 -0.503369
outer loop
vertex 9.095670 0.821691 -1.707620
vertex 9.218637 0.000000 -0.360850
vertex 8.416241 0.000000 -0.105090
endloop
endfacet
facet normal -0.168437 -0.846312 -0.505356
outer loop
vertex 8.278461 0.821691 -1.435241
vertex 9.095670 0.821691 -1.707620
vertex 8.416241 0.000000 -0.105090
endloop
endfacet
facet normal -0.171062 -0.819509 -0.546940
outer loop
vertex 9.949628 0.821691 -1.820658
vertex 10.022412 0.000000 -0.612240
vertex 9.218637 0.000000 -0.360850
endloop
endfacet
facet normal -0.068181 -0.854428 -0.515078
outer loop
vertex 9.095670 0.821691 -1.707620
vertex 9.949628 0.821691 -1.820658
vertex 9.218637 0.000000 -0.360850
endloop
endfacet
facet normal -0.236901 -0.770741 -0.591470
outer loop
vertex 10.793831 0.821691 -1.991955
vertex 10.804206 0.000000 -0.925370
vertex 10.022412 0.000000 -0.612240
endloop
endfacet
facet normal -0.112430 -0.824830 -0.554089
outer loop
vertex 9.949628 0.821691 -1.820658
vertex 10.793831 0.821691 -1.991955
vertex 10.022412 0.000000 -0.612240
endloop
endfacet
facet normal -0.275551 -0.663101 -0.695966
outer loop
vertex 11.653630 0.821691 -2.044568
vertex 11.587237 0.000000 -1.235393
vertex 10.804206 0.000000 -0.925370
endloop
endfacet
facet normal -0.037305 -0.791802 -0.609637
outer loop
vertex 10.793831 0.821691 -1.991955
vertex 11.653630 0.821691 -2.044568
vertex 10.804206 0.000000 -0.925370
endloop
endfacet
facet normal 0.049815 -0.681017 -0.730571
outer loop
vertex 12.508485 0.821691 -1.938532
vertex 12.427457 0.000000 -1.178101
vertex 11.587237 0.000000 -1.235393
endloop
endfacet
facet normal 0.087600 -0.702547 -0.706225
outer loop
vertex 11.653630 0.821691 -2.044568
vertex 12.508485 0.821691 -1.938532
vertex 11.587237 0.000000 -1.235393
endloop
endfacet
facet normal 0.265341 -0.750037 -0.605837
outer loop
vertex 13.356705 0.821691 -1.788383
vertex 13.198884 0.000000 -0.840236
vertex 12.427457 0.000000 -1.178101
endloop
endfacet
facet normal 0.127737 -0.680410 -0.721613
outer loop
vertex 12.508485 0.821691 -1.938532
vertex 13.356705 0.821691 -1.788383
vertex 12.427457 0.000000 -1.178101
endloop
endfacet
facet normal 0.221494 -0.826067 -0.518222
outer loop
vertex 14.215043 0.821691 -1.715727
vertex 13.973286 0.000000 -0.509248
vertex 13.198884 0.000000 -0.840236
endloop
endfacet
facet normal 0.054910 -0.759069 -0.648690
outer loop
vertex 13.356705 0.821691 -1.788383
vertex 14.215043 0.821691 -1.715727
vertex 13.198884 0.000000 -0.840236
endloop
endfacet
facet normal 0.052080 -0.816039 -0.575646
outer loop
vertex 15.064929 0.821691 -1.575318
vertex 14.812032 0.000000 -0.433364
vertex 13.973286 0.000000 -0.509248
endloop
endfacet
facet normal 0.090557 -0.831470 -0.548139
outer loop
vertex 14.215043 0.821691 -1.715727
vertex 15.064929 0.821691 -1.575318
vertex 13.973286 0.000000 -0.509248
endloop
endfacet
facet normal 0.255759 -0.770987 -0.583238
outer loop
vertex 15.780044 0.821691 -1.095076
vertex 15.583305 0.000000 -0.095150
vertex 14.812032 0.000000 -0.433364
endloop
endfacet
facet normal 0.335794 -0.798261 -0.500022
outer loop
vertex 15.064929 0.821691 -1.575318
vertex 15.780044 0.821691 -1.095076
vertex 14.812032 0.000000 -0.433364
endloop
endfacet
facet normal 0.545098 -0.697166 -0.465647
outer loop
vertex 15.780044 0.821691 -1.095076
vertex 16.339546 0.821691 -0.440111
vertex 15.583305 0.000000 -0.095150
endloop
endfacet
facet normal -0.033394 -0.680382 -0.732097
outer loop
vertex 4.978076 1.643381 -0.798262
vertex 5.167537 0.821691 -0.043258
vertex 4.307025 0.821691 -0.004006
endloop
endfacet
facet normal -0.685392 -0.132390 -0.716038
outer loop
vertex 4.346930 1.643381 -0.194128
vertex 4.978076 1.643381 -0.798262
vertex 4.307025 0.821691 -0.004006
endloop
endfacet
facet normal -0.099634 -0.838343 -0.535961
outer loop
vertex 5.602458 1.643381 -1.409386
vertex 6.014434 0.821691 -0.200694
vertex 5.167537 0.821691 -0.043258
endloop
endfacet
facet normal -0.541432 -0.633124 -0.553178
outer loop
vertex 4.978076 1.643381 -0.798262
vertex 5.602458 1.643381 -1.409386
vertex 5.167537 0.821691 -0.043258
endloop
endfacet
facet normal -0.226846 -0.825504 -0.516801
outer loop
vertex 6.428199 1.643381 -1.694829
vertex 6.803200 0.821691 -0.546917
vertex 6.014434 0.821691 -0.200694
endloop
endfacet
facet normal -0.176791 -0.840943 -0.511430
outer loop
vertex 5.602458 1.643381 -1.409386
vertex 6.428199 1.643381 -1.694829
vertex 6.014434 0.821691 -0.200694
endloop
endfacet
facet normal -0.359472 -0.747159 -0.559047
outer loop
vertex 7.265992 1.643381 -1.942675
vertex 7.527747 0.821691 -1.012807
vertex 6.803200 0.821691 -0.546917
endloop
endfacet
facet normal -0.159627 -0.826659 -0.539587
outer loop
vertex 6.428199 1.643381 -1.694829
vertex 7.265992 1.643381 -1.942675
vertex 6.803200 0.821691 -0.546917
endloop
endfacet
facet normal -0.361086 -0.676646 -0.641691
outer loop
vertex 8.100451 1.643381 -2.201524
vertex 8.278461 0.821691 -1.435241
vertex 7.527747 0.821691 -1.012807
endloop
endfacet
facet normal -0.191999 -0.761601 -0.618952
outer loop
vertex 7.265992 1.643381 -1.942675
vertex 8.100451 1.643381 -2.201524
vertex 7.527747 0.821691 -1.012807
endloop
endfacet
facet normal -0.242900 -0.640232 -0.728768
outer loop
vertex 8.955154 1.643381 -2.382652
vertex 9.095670 0.821691 -1.707620
vertex 8.278461 0.821691 -1.435241
endloop
endfacet
facet normal -0.149762 -0.691486 -0.706695
outer loop
vertex 8.100451 1.643381 -2.201524
vertex 8.955154 1.643381 -2.382652
vertex 8.278461 0.821691 -1.435241
endloop
endfacet
facet normal -0.098663 -0.659325 -0.745357
outer loop
vertex 9.816347 1.643381 -2.529864
vertex 9.949628 0.821691 -1.820658
vertex 9.095670 0.821691 -1.707620
endloop
endfacet
facet normal -0.129108 -0.642556 -0.755283
outer loop
vertex 8.955154 1.643381 -2.382652
vertex 9.816347 1.643381 -2.529864
vertex 9.095670 0.821691 -1.707620
endloop
endfacet
facet normal -0.152479 -0.641912 -0.751464
outer loop
vertex 10.678641 1.643381 -2.670483
vertex 10.793831 0.821691 -1.991955
vertex 9.949628 0.821691 -1.820658
endloop
endfacet
facet normal -0.120950 -0.659763 -0.741676
outer loop
vertex 9.816347 1.643381 -2.529864
vertex 10.678641 1.643381 -2.670483
vertex 9.949628 0.821691 -1.820658
endloop
endfacet
facet normal -0.047212 -0.634429 -0.771538
outer loop
vertex 11.551243 1.643381 -2.713972
vertex 11.653630 0.821691 -2.044568
vertex 10.793831 0.821691 -1.991955
endloop
endfacet
facet normal -0.038270 -0.639454 -0.767876
outer loop
vertex 10.678641 1.643381 -2.670483
vertex 11.551243 1.643381 -2.713972
vertex 10.793831 0.821691 -1.991955
endloop
endfacet
facet normal 0.098821 -0.596257 -0.796688
outer loop
vertex 12.412210 1.643381 -2.565443
vertex 12.508485 0.821691 -1.938532
vertex 11.653630 0.821691 -2.044568
endloop
endfacet
facet normal 0.133942 -0.615827 -0.776412
outer loop
vertex 11.551243 1.643381 -2.713972
vertex 12.412210 1.643381 -2.565443
vertex 11.653630 0.821691 -2.044568
endloop
endfacet
facet normal 0.137997 -0.610921 -0.779572
outer loop
vertex 13.277732 1.643381 -2.446290
vertex 13.356705 0.821691 -1.788383
vertex 12.508485 0.821691 -1.938532
endloop
endfacet
facet normal 0.109635 -0.594763 -0.796390
outer loop
vertex 12.412210 1.643381 -2.565443
vertex 13.277732 1.643381 -2.446290
vertex 12.508485 0.821691 -1.938532
endloop
endfacet
facet normal 0.066461 -0.615730 -0.785149
outer loop
vertex 14.147702 1.643381 -2.365813
vertex 14.215043 0.821691 -1.715727
vertex 13.356705 0.821691 -1.788383
endloop
endfacet
facet normal 0.072335 -0.619134 -0.781947
outer loop
vertex 13.277732 1.643381 -2.446290
vertex 14.147702 1.643381 -2.365813
vertex 13.356705 0.821691 -1.788383
endloop
endfacet
facet normal 0.134031 -0.569088 -0.811280
outer loop
vertex 14.997485 1.643381 -2.162851
vertex 15.064929 0.821691 -1.575318
vertex 14.215043 0.821691 -1.715727
endloop
endfacet
facet normal 0.185802 -0.600243 -0.777937
outer loop
vertex 14.147702 1.643381 -2.365813
vertex 14.997485 1.643381 -2.162851
vertex 14.215043 0.821691 -1.715727
endloop
endfacet
facet normal 0.457388 -0.571769 -0.681085
outer loop
vertex 15.783925 1.643381 -1.782277
vertex 15.780044 0.821691 -1.095076
vertex 15.064929 0.821691 -1.575318
endloop
endfacet
facet normal 0.372222 -0.519435 -0.769180
outer loop
vertex 14.997485 1.643381 -2.162851
vertex 15.783925 1.643381 -1.782277
vertex 15.064929 0.821691 -1.575318
endloop
endfacet
facet normal 0.566768 -0.666607 -0.484159
outer loop
vertex 16.537338 1.643381 -1.339903
vertex 16.339546 0.821691 -0.440111
vertex 15.780044 0.821691 -1.095076
endloop
endfacet
facet normal 0.410206 -0.586217 -0.698627
outer loop
vertex 15.783925 1.643381 -1.782277
vertex 16.537338 1.643381 -1.339903
vertex 15.780044 0.821691 -1.095076
endloop
endfacet
facet normal 0.324017 -0.690568 -0.646629
outer loop
vertex 17.263783 1.643381 -0.854514
vertex 17.109677 0.821691 -0.054209
vertex 16.339546 0.821691 -0.440111
endloop
endfacet
facet normal 0.384253 -0.722239 -0.575083
outer loop
vertex 16.537338 1.643381 -1.339903
vertex 17.263783 1.643381 -0.854514
vertex 16.339546 0.821691 -0.440111
endloop
endfacet
facet normal 0.491556 -0.653170 -0.575970
outer loop
vertex 17.263783 1.643381 -0.854514
vertex 17.928348 1.643381 -0.287348
vertex 17.109677 0.821691 -0.054209
endloop
endfacet
facet normal -0.613886 -0.460255 -0.641334
outer loop
vertex 4.811930 2.465072 -1.228915
vertex 4.978076 1.643381 -0.798262
vertex 4.346930 1.643381 -0.194128
endloop
endfacet
facet normal -0.855194 -0.143317 -0.498100
outer loop
vertex 4.362323 2.465072 -0.456980
vertex 4.811930 2.465072 -1.228915
vertex 4.346930 1.643381 -0.194128
endloop
endfacet
facet normal -0.607535 -0.495594 -0.620716
outer loop
vertex 5.418157 2.465072 -1.885055
vertex 5.602458 1.643381 -1.409386
vertex 4.978076 1.643381 -0.798262
endloop
endfacet
facet normal -0.655848 -0.450199 -0.605958
outer loop
vertex 4.811930 2.465072 -1.228915
vertex 5.418157 2.465072 -1.885055
vertex 4.978076 1.643381 -0.798262
endloop
endfacet
facet normal -0.251857 -0.636974 -0.728583
outer loop
vertex 6.191913 2.465072 -2.331524
vertex 6.428199 1.643381 -1.694829
vertex 5.602458 1.643381 -1.409386
endloop
endfacet
facet normal -0.426001 -0.522935 -0.738283
outer loop
vertex 5.418157 2.465072 -1.885055
vertex 6.191913 2.465072 -2.331524
vertex 5.602458 1.643381 -1.409386
endloop
endfacet
facet normal -0.218325 -0.638502 -0.738003
outer loop
vertex 7.047359 2.465072 -2.588903
vertex 7.265992 1.643381 -1.942675
vertex 6.428199 1.643381 -1.694829
endloop
endfacet
facet normal -0.222259 -0.636316 -0.738718
outer loop
vertex 6.191913 2.465072 -2.331524
vertex 7.047359 2.465072 -2.588903
vertex 6.428199 1.643381 -1.694829
endloop
endfacet
facet normal -0.235710 -0.605845 -0.759863
outer loop
vertex 7.915552 2.465072 -2.799310
vertex 8.100451 1.643381 -2.201524
vertex 7.265992 1.643381 -1.942675
endloop
endfacet
facet normal -0.181504 -0.637302 -0.748934
outer loop
vertex 7.047359 2.465072 -2.588903
vertex 7.915552 2.465072 -2.799310
vertex 7.265992 1.643381 -1.942675
endloop
endfacet
facet normal -0.165127 -0.604632 -0.779200
outer loop
vertex 8.789342 2.465072 -2.985116
vertex 8.955154 1.643381 -2.382652
vertex 8.100451 1.643381 -2.201524
endloop
endfacet
facet normal -0.165724 -0.604274 -0.779351
outer loop
vertex 7.915552 2.465072 -2.799310
vertex 8.789342 2.465072 -2.985116
vertex 8.100451 1.643381 -2.201524
endloop
endfacet
facet normal -0.133936 -0.606749 -0.783528
outer loop
vertex 9.668967 2.465072 -3.140972
vertex 9.816347 1.643381 -2.529864
vertex 8.955154 1.643381 -2.382652
endloop
endfacet
facet normal -0.139094 -0.603648 -0.785024
outer loop
vertex 8.789342 2.465072 -2.985116
vertex 9.668967 2.465072 -3.140972
vertex 8.955154 1.643381 -2.382652
endloop
endfacet
facet normal -0.129121 -0.596994 -0.791786
outer loop
vertex 10.552993 2.465072 -3.269535
vertex 10.678641 1.643381 -2.670483
vertex 9.816347 1.643381 -2.529864
endloop
endfacet
facet normal -0.114481 -0.605986 -0.787194
outer loop
vertex 9.668967 2.465072 -3.140972
vertex 10.552993 2.465072 -3.269535
vertex 9.816347 1.643381 -2.529864
endloop
endfacet
facet normal -0.039051 -0.620100 -0.783551
outer loop
vertex 11.441848 2.465072 -3.358804
vertex 11.551243 1.643381 -2.713972
vertex 10.678641 1.643381 -2.670483
endloop
endfacet
facet normal -0.080301 -0.595195 -0.799559
outer loop
vertex 10.552993 2.465072 -3.269535
vertex 11.441848 2.465072 -3.358804
vertex 10.678641 1.643381 -2.670483
endloop
endfacet
facet normal 0.142880 -0.541884 -0.828219
outer loop
vertex 12.303179 2.465072 -3.121865
vertex 12.412210 1.643381 -2.565443
vertex 11.551243 1.643381 -2.713972
endloop
endfacet
facet normal 0.215108 -0.585022 -0.781970
outer loop
vertex 11.441848 2.465072 -3.358804
vertex 12.303179 2.465072 -3.121865
vertex 11.551243 1.643381 -2.713972
endloop
endfacet
facet normal 0.112519 -0.565066 -0.817337
outer loop
vertex 13.191374 2.465072 -3.026254
vertex 13.277732 1.643381 -2.446290
vertex 12.412210 1.643381 -2.565443
endloop
endfacet
facet normal 0.089364 -0.550305 -0.830168
outer loop
vertex 12.303179 2.465072 -3.121865
vertex 13.191374 2.465072 -3.026254
vertex 12.412210 1.643381 -2.565443
endloop
endfacet
facet normal 0.079454 -0.505924 -0.858911
outer loop
vertex 14.068546 2.465072 -2.857136
vertex 14.147702 1.643381 -2.365813
vertex 13.277732 1.643381 -2.446290
endloop
endfacet
facet normal 0.157045 -0.558423 -0.814556
outer loop
vertex 13.191374 2.465072 -3.026254
vertex 14.068546 2.465072 -2.857136
vertex 13.277732 1.643381 -2.446290
endloop
endfacet
facet normal 0.204805 -0.471963 -0.857500
outer loop
vertex 14.932667 2.465072 -2.630586
vertex 14.997485 1.643381 -2.162851
vertex 14.147702 1.643381 -2.365813
endloop
endfacet
facet normal 0.221839 -0.484578 -0.846151
outer loop
vertex 14.068546 2.465072 -2.857136
vertex 14.932667 2.465072 -2.630586
vertex 14.147702 1.643381 -2.365813
endloop
endfacet
facet normal 0.392005 -0.436044 -0.810061
outer loop
vertex 15.739101 2.465072 -2.246272
vertex 15.783925 1.643381 -1.782277
vertex 14.997485 1.643381 -2.162851
endloop
endfacet
facet normal 0.387851 -0.432680 -0.813855
outer loop
vertex 14.932667 2.465072 -2.630586
vertex 15.739101 2.465072 -2.246272
vertex 14.997485 1.643381 -2.162851
endloop
endfacet
facet normal 0.425411 -0.542301 -0.724524
outer loop
vertex 16.575515 2.465072 -1.932517
vertex 16.537338 1.643381 -1.339903
vertex 15.783925 1.643381 -1.782277
endloop
endfacet
facet normal 0.312937 -0.454008 -0.834235
outer loop
vertex 15.739101 2.465072 -2.246272
vertex 16.575515 2.465072 -1.932517
vertex 15.783925 1.643381 -1.782277
endloop
endfacet
facet normal 0.431897 -0.629006 -0.646387
outer loop
vertex 17.391448 2.465072 -1.568808
vertex 17.263783 1.643381 -0.854514
vertex 16.537338 1.643381 -1.339903
endloop
endfacet
facet normal 0.337043 -0.560978 -0.756112
outer loop
vertex 16.575515 2.465072 -1.932517
vertex 17.391448 2.465072 -1.568808
vertex 16.537338 1.643381 -1.339903
endloop
endfacet
facet normal 0.549036 -0.533569 -0.643322
outer loop
vertex 17.995997 2.465072 -0.911121
vertex 17.928348 1.643381 -0.287348
vertex 17.263783 1.643381 -0.854514
endloop
endfacet
facet normal 0.602379 -0.574930 -0.553710
outer loop
vertex 17.391448 2.465072 -1.568808
vertex 17.995997 2.465072 -0.911121
vertex 17.263783 1.643381 -0.854514
endloop
endfacet
facet normal 0.543918 -0.535332 -0.646199
outer loop
vertex 17.995997 2.465072 -0.911121
vertex 18.679442 2.465072 -0.335852
vertex 17.928348 1.643381 -0.287348
endloop
endfacet
facet normal -0.444679 -0.305824 -0.841862
outer loop
vertex 4.292310 3.286762 -0.718494
vertex 4.362323 2.465072 -0.456980
vertex 3.572420 2.465072 -0.039746
endloop
endfacet
facet normal -0.602305 -0.123744 -0.788617
outer loop
vertex 3.578829 3.286762 -0.173575
vertex 4.292310 3.286762 -0.718494
vertex 3.572420 2.465072 -0.039746
endloop
endfacet
facet normal -0.852957 -0.160178 -0.496797
outer loop
vertex 4.793976 3.286762 -1.463022
vertex 4.811930 2.465072 -1.228915
vertex 4.362323 2.465072 -0.456980
endloop
endfacet
facet normal -0.804829 -0.241170 -0.542298
outer loop
vertex 4.292310 3.286762 -0.718494
vertex 4.793976 3.286762 -1.463022
vertex 4.362323 2.465072 -0.456980
endloop
endfacet
facet normal -0.721136 -0.189830 -0.666279
outer loop
vertex 5.412839 3.286762 -2.113407
vertex 5.418157 2.465072 -1.885055
vertex 4.811930 2.465072 -1.228915
endloop
endfacet
facet normal -0.708662 -0.207602 -0.674314
outer loop
vertex 4.793976 3.286762 -1.463022
vertex 5.412839 3.286762 -2.113407
vertex 4.811930 2.465072 -1.228915
endloop
endfacet
facet normal -0.465246 -0.365279 -0.806298
outer loop
vertex 6.122268 3.286762 -2.663590
vertex 6.191913 2.465072 -2.331524
vertex 5.418157 2.465072 -1.885055
endloop
endfacet
facet normal -0.598068 -0.218185 -0.771175
outer loop
vertex 5.412839 3.286762 -2.113407
vertex 6.122268 3.286762 -2.663590
vertex 5.418157 2.465072 -1.885055
endloop
endfacet
facet normal -0.247687 -0.510822 -0.823233
outer loop
vertex 6.926581 3.286762 -3.062429
vertex 7.047359 2.465072 -2.588903
vertex 6.191913 2.465072 -2.331524
endloop
endfacet
facet normal -0.412522 -0.371158 -0.831906
outer loop
vertex 6.122268 3.286762 -2.663590
vertex 6.926581 3.286762 -3.062429
vertex 6.191913 2.465072 -2.331524
endloop
endfacet
facet normal -0.206578 -0.480364 -0.852394
outer loop
vertex 7.807382 3.286762 -3.236156
vertex 7.915552 2.465072 -2.799310
vertex 7.047359 2.465072 -2.588903
endloop
endfacet
facet normal -0.166384 -0.510592 -0.843571
outer loop
vertex 6.926581 3.286762 -3.062429
vertex 7.807382 3.286762 -3.236156
vertex 7.047359 2.465072 -2.588903
endloop
endfacet
facet normal -0.180644 -0.495673 -0.849515
outer loop
vertex 8.681332 3.286762 -3.441586
vertex 8.789342 2.465072 -2.985116
vertex 7.915552 2.465072 -2.799310
endloop
endfacet
facet normal -0.200696 -0.480343 -0.853810
outer loop
vertex 7.807382 3.286762 -3.236156
vertex 8.681332 3.286762 -3.441586
vertex 7.915552 2.465072 -2.799310
endloop
endfacet
facet normal -0.151422 -0.496720 -0.854600
outer loop
vertex 9.564991 3.286762 -3.600141
vertex 9.668967 2.465072 -3.140972
vertex 8.789342 2.465072 -2.985116
endloop
endfacet
facet normal -0.153434 -0.495209 -0.855118
outer loop
vertex 8.681332 3.286762 -3.441586
vertex 9.564991 3.286762 -3.600141
vertex 8.789342 2.465072 -2.985116
endloop
endfacet
facet normal -0.125458 -0.489950 -0.862676
outer loop
vertex 10.454468 3.286762 -3.721879
vertex 10.552993 2.465072 -3.269535
vertex 9.668967 2.465072 -3.140972
endloop
endfacet
facet normal -0.117766 -0.495732 -0.860454
outer loop
vertex 9.564991 3.286762 -3.600141
vertex 10.454468 3.286762 -3.721879
vertex 9.668967 2.465072 -3.140972
endloop
endfacet
facet normal -0.086967 -0.492544 -0.865932
outer loop
vertex 11.347219 3.286762 -3.816679
vertex 11.441848 2.465072 -3.358804
vertex 10.552993 2.465072 -3.269535
endloop
endfacet
facet normal -0.092129 -0.488662 -0.867595
outer loop
vertex 10.454468 3.286762 -3.721879
vertex 11.347219 3.286762 -3.816679
vertex 10.552993 2.465072 -3.269535
endloop
endfacet
facet normal 0.229376 -0.502093 -0.833840
outer loop
vertex 12.226950 3.286762 -3.637612
vertex 12.303179 2.465072 -3.121865
vertex 11.441848 2.465072 -3.358804
endloop
endfacet
facet normal 0.176740 -0.463492 -0.868296
outer loop
vertex 11.347219 3.286762 -3.816679
vertex 12.226950 3.286762 -3.637612
vertex 11.441848 2.465072 -3.358804
endloop
endfacet
facet normal 0.095729 -0.447210 -0.889292
outer loop
vertex 13.104642 3.286762 -3.448805
vertex 13.191374 2.465072 -3.026254
vertex 12.303179 2.465072 -3.121865
endloop
endfacet
facet normal 0.180804 -0.510773 -0.840489
outer loop
vertex 12.226950 3.286762 -3.637612
vertex 13.104642 3.286762 -3.448805
vertex 12.303179 2.465072 -3.121865
endloop
endfacet
facet normal 0.173188 -0.403853 -0.898281
outer loop
vertex 13.978710 3.286762 -3.243876
vertex 14.068546 2.465072 -2.857136
vertex 13.191374 2.465072 -3.026254
endloop
endfacet
facet normal 0.206060 -0.430216 -0.878893
outer loop
vertex 13.104642 3.286762 -3.448805
vertex 13.978710 3.286762 -3.243876
vertex 13.191374 2.465072 -3.026254
endloop
endfacet
facet normal 0.236566 -0.360344 -0.902324
outer loop
vertex 14.837915 3.286762 -2.983570
vertex 14.932667 2.465072 -2.630586
vertex 14.068546 2.465072 -2.857136
endloop
endfacet
facet normal 0.267445 -0.386248 -0.882772
outer loop
vertex 13.978710 3.286762 -3.243876
vertex 14.837915 3.286762 -2.983570
vertex 14.068546 2.465072 -2.857136
endloop
endfacet
facet normal 0.398226 -0.378342 -0.835627
outer loop
vertex 15.671603 3.286762 -2.650471
vertex 15.739101 2.465072 -2.246272
vertex 14.932667 2.465072 -2.630586
endloop
endfacet
facet normal 0.349526 -0.335494 -0.874800
outer loop
vertex 14.837915 3.286762 -2.983570
vertex 15.671603 3.286762 -2.650471
vertex 14.932667 2.465072 -2.630586
endloop
endfacet
facet normal 0.315554 -0.439082 -0.841209
outer loop
vertex 16.527481 3.286762 -2.379429
vertex 16.575515 2.465072 -1.932517
vertex 15.739101 2.465072 -2.246272
endloop
endfacet
facet normal 0.275914 -0.405919 -0.871264
outer loop
vertex 15.671603 3.286762 -2.650471
vertex 16.527481 3.286762 -2.379429
vertex 15.739101 2.465072 -2.246272
endloop
endfacet
facet normal 0.372411 -0.404138 -0.835454
outer loop
vertex 17.336721 3.286762 -1.990683
vertex 17.391448 2.465072 -1.568808
vertex 16.575515 2.465072 -1.932517
endloop
endfacet
facet normal 0.392647 -0.421604 -0.817361
outer loop
vertex 16.527481 3.286762 -2.379429
vertex 17.336721 3.286762 -1.990683
vertex 16.575515 2.465072 -1.932517
endloop
endfacet
facet normal 0.614243 -0.551287 -0.564614
outer loop
vertex 18.129093 3.286762 -1.568620
vertex 17.995997 2.465072 -0.911121
vertex 17.391448 2.465072 -1.568808
endloop
endfacet
facet normal 0.433161 -0.388670 -0.813208
outer loop
vertex 17.336721 3.286762 -1.990683
vertex 18.129093 3.286762 -1.568620
vertex 17.391448 2.465072 -1.568808
endloop
endfacet
facet normal 0.463464 -0.694280 -0.550615
outer loop
vertex 18.929307 3.286762 -1.161620
vertex 18.679442 2.465072 -0.335852
vertex 17.995997 2.465072 -0.911121
endloop
endfacet
facet normal 0.356311 -0.618281 -0.700551
outer loop
vertex 18.129093 3.286762 -1.568620
vertex 18.929307 3.286762 -1.161620
vertex 17.995997 2.465072 -0.911121
endloop
endfacet
facet normal 0.421674 -0.703342 -0.572277
outer loop
vertex 18.929307 3.286762 -1.161620
vertex 19.652064 3.286762 -0.629066
vertex 18.679442 2.465072 -0.335852
endloop
endfacet
facet normal -0.139437 -0.519764 -0.842854
outer loop
vertex 3.472602 4.108453 -0.662714
vertex 3.578829 3.286762 -0.173575
vertex 2.693098 3.286762 -0.027044
endloop
endfacet
facet normal -0.514473 -0.163194 -0.841834
outer loop
vertex 2.699895 4.108453 -0.190488
vertex 3.472602 4.108453 -0.662714
vertex 2.693098 3.286762 -0.027044
endloop
endfacet
facet normal -0.474518 -0.623552 -0.621302
outer loop
vertex 4.051410 4.108453 -1.359174
vertex 4.292310 3.286762 -0.718494
vertex 3.578829 3.286762 -0.173575
endloop
endfacet
facet normal -0.693365 -0.432662 -0.576236
outer loop
vertex 3.472602 4.108453 -0.662714
vertex 4.051410 4.108453 -1.359174
vertex 3.578829 3.286762 -0.173575
endloop
endfacet
facet normal -0.776969 -0.349628 -0.523526
outer loop
vertex 4.745870 4.108453 -1.940378
vertex 4.793976 3.286762 -1.463022
vertex 4.292310 3.286762 -0.718494
endloop
endfacet
facet normal -0.504569 -0.618007 -0.602891
outer loop
vertex 4.051410 4.108453 -1.359174
vertex 4.745870 4.108453 -1.940378
vertex 4.292310 3.286762 -0.718494
endloop
endfacet
facet normal -0.699727 -0.258989 -0.665813
outer loop
vertex 5.466236 4.108453 -2.489146
vertex 5.412839 3.286762 -2.113407
vertex 4.793976 3.286762 -1.463022
endloop
endfacet
facet normal -0.542529 -0.445497 -0.712176
outer loop
vertex 4.745870 4.108453 -1.940378
vertex 5.466236 4.108453 -2.489146
vertex 4.793976 3.286762 -1.463022
endloop
endfacet
facet normal -0.603525 -0.173621 -0.778212
outer loop
vertex 6.248724 4.108453 -2.944981
vertex 6.122268 3.286762 -2.663590
vertex 5.412839 3.286762 -2.113407
endloop
endfacet
facet normal -0.473243 -0.340725 -0.812372
outer loop
vertex 5.466236 4.108453 -2.489146
vertex 6.248724 4.108453 -2.944981
vertex 5.412839 3.286762 -2.113407
endloop
endfacet
facet normal -0.434557 -0.207803 -0.876344
outer loop
vertex 7.069297 4.108453 -3.328041
vertex 6.926581 3.286762 -3.062429
vertex 6.122268 3.286762 -2.663590
endloop
endfacet
facet normal -0.410829 -0.238154 -0.880058
outer loop
vertex 6.248724 4.108453 -2.944981
vertex 7.069297 4.108453 -3.328041
vertex 6.122268 3.286762 -2.663590
endloop
endfacet
facet normal -0.178902 -0.381159 -0.907035
outer loop
vertex 7.931203 4.108453 -3.605874
vertex 7.807382 3.286762 -3.236156
vertex 6.926581 3.286762 -3.062429
endloop
endfacet
facet normal -0.297332 -0.246524 -0.922399
outer loop
vertex 7.069297 4.108453 -3.328041
vertex 7.931203 4.108453 -3.605874
vertex 6.926581 3.286762 -3.062429
endloop
endfacet
facet normal -0.213507 -0.359702 -0.908311
outer loop
vertex 8.816026 4.108453 -3.798647
vertex 8.681332 3.286762 -3.441586
vertex 7.807382 3.286762 -3.236156
endloop
endfacet
facet normal -0.197129 -0.377416 -0.904819
outer loop
vertex 7.931203 4.108453 -3.605874
vertex 8.816026 4.108453 -3.798647
vertex 7.807382 3.286762 -3.236156
endloop
endfacet
facet normal -0.162820 -0.387375 -0.907431
outer loop
vertex 9.704094 4.108453 -3.975874
vertex 9.564991 3.286762 -3.600141
vertex 8.681332 3.286762 -3.441586
endloop
endfacet
facet normal -0.182079 -0.366622 -0.912379
outer loop
vertex 8.816026 4.108453 -3.798647
vertex 9.704094 4.108453 -3.975874
vertex 8.681332 3.286762 -3.441586
endloop
endfacet
facet normal -0.122903 -0.422513 -0.897985
outer loop
vertex 10.596808 4.108453 -4.127976
vertex 10.454468 3.286762 -3.721879
vertex 9.564991 3.286762 -3.600141
endloop
endfacet
facet normal -0.154728 -0.389062 -0.908124
outer loop
vertex 9.704094 4.108453 -3.975874
vertex 10.596808 4.108453 -4.127976
vertex 9.564991 3.286762 -3.600141
endloop
endfacet
facet normal -0.095998 -0.416547 -0.904032
outer loop
vertex 11.498541 4.108453 -4.211355
vertex 11.347219 3.286762 -3.816679
vertex 10.454468 3.286762 -3.721879
endloop
endfacet
facet normal -0.083129 -0.429920 -0.899032
outer loop
vertex 10.596808 4.108453 -4.127976
vertex 11.498541 4.108453 -4.211355
vertex 10.454468 3.286762 -3.721879
endloop
endfacet
facet normal 0.180302 -0.427616 -0.885797
outer loop
vertex 12.379862 4.108453 -4.003155
vertex 12.226950 3.286762 -3.637612
vertex 11.347219 3.286762 -3.816679
endloop
endfacet
facet normal 0.204827 -0.454180 -0.867045
outer loop
vertex 11.498541 4.108453 -4.211355
vertex 12.379862 4.108453 -4.003155
vertex 11.347219 3.286762 -3.816679
endloop
endfacet
facet normal 0.195850 -0.364361 -0.910431
outer loop
vertex 13.248378 4.108453 -3.746731
vertex 13.104642 3.286762 -3.448805
vertex 12.226950 3.286762 -3.637612
endloop
endfacet
facet normal 0.255340 -0.432258 -0.864843
outer loop
vertex 12.379862 4.108453 -4.003155
vertex 13.248378 4.108453 -3.746731
vertex 12.226950 3.286762 -3.637612
endloop
endfacet
facet normal 0.214854 -0.337717 -0.916398
outer loop
vertex 14.123223 4.108453 -3.512808
vertex 13.978710 3.286762 -3.243876
vertex 13.104642 3.286762 -3.448805
endloop
endfacet
facet normal 0.240211 -0.367746 -0.898366
outer loop
vertex 13.248378 4.108453 -3.746731
vertex 14.123223 4.108453 -3.512808
vertex 13.104642 3.286762 -3.448805
endloop
endfacet
facet normal 0.273755 -0.329493 -0.903600
outer loop
vertex 14.986186 4.108453 -3.238275
vertex 14.837915 3.286762 -2.983570
vertex 13.978710 3.286762 -3.243876
endloop
endfacet
facet normal 0.284761 -0.343046 -0.895115
outer loop
vertex 14.123223 4.108453 -3.512808
vertex 14.986186 4.108453 -3.238275
vertex 13.978710 3.286762 -3.243876
endloop
endfacet
facet normal 0.347458 -0.350753 -0.869624
outer loop
vertex 15.833011 4.108453 -2.917400
vertex 15.671603 3.286762 -2.650471
vertex 14.837915 3.286762 -2.983570
endloop
endfacet
facet normal 0.334041 -0.333543 -0.881570
outer loop
vertex 14.986186 4.108453 -3.238275
vertex 15.833011 4.108453 -2.917400
vertex 14.837915 3.286762 -2.983570
endloop
endfacet
facet normal 0.287876 -0.301298 -0.909036
outer loop
vertex 16.682182 4.108453 -2.602786
vertex 16.527481 3.286762 -2.379429
vertex 15.671603 3.286762 -2.650471
endloop
endfacet
facet normal 0.325525 -0.349367 -0.878622
outer loop
vertex 15.833011 4.108453 -2.917400
vertex 16.682182 4.108453 -2.602786
vertex 15.671603 3.286762 -2.650471
endloop
endfacet
facet normal 0.395377 -0.407771 -0.823043
outer loop
vertex 17.536315 4.108453 -2.301902
vertex 17.336721 3.286762 -1.990683
vertex 16.527481 3.286762 -2.379429
endloop
endfacet
facet normal 0.316546 -0.303857 -0.898593
outer loop
vertex 16.682182 4.108453 -2.602786
vertex 17.536315 4.108453 -2.301902
vertex 16.527481 3.286762 -2.379429
endloop
endfacet
facet normal 0.400666 -0.523123 -0.752203
outer loop
vertex 18.390400 4.108453 -2.000882
vertex 18.129093 3.286762 -1.568620
vertex 17.336721 3.286762 -1.990683
endloop
endfacet
facet normal 0.304485 -0.401173 -0.863915
outer loop
vertex 17.536315 4.108453 -2.301902
vertex 18.390400 4.108453 -2.000882
vertex 17.336721 3.286762 -1.990683
endloop
endfacet
facet normal 0.382642 -0.536280 -0.752322
outer loop
vertex 19.205717 4.108453 -1.606762
vertex 18.929307 3.286762 -1.161620
vertex 18.129093 3.286762 -1.568620
endloop
endfacet
facet normal 0.371208 -0.522022 -0.767918
outer loop
vertex 18.390400 4.108453 -2.000882
vertex 19.205717 4.108453 -1.606762
vertex 18.129093 3.286762 -1.568620
endloop
endfacet
facet normal 0.522456 -0.473584 -0.709054
outer loop
vertex 19.884121 4.108453 -1.006893
vertex 19.652064 3.286762 -0.629066
vertex 18.929307 3.286762 -1.161620
endloop
endfacet
facet normal 0.560799 -0.532230 -0.634220
outer loop
vertex 19.205717 4.108453 -1.606762
vertex 19.884121 4.108453 -1.006893
vertex 18.929307 3.286762 -1.161620
endloop
endfacet
facet normal 0.712845 -0.449032 -0.538723
outer loop
vertex 19.884121 4.108453 -1.006893
vertex 20.430117 4.108453 -0.284424
vertex 19.652064 3.286762 -0.629066
endloop
endfacet
facet normal -0.506304 -0.239374 -0.828466
outer loop
vertex 3.392606 4.930144 -0.851243
vertex 3.472602 4.108453 -0.662714
vertex 2.699895 4.108453 -0.190488
endloop
endfacet
facet normal -0.688615 -0.002577 -0.725123
outer loop
vertex 2.727208 4.930144 -0.219345
vertex 3.392606 4.930144 -0.851243
vertex 2.699895 4.108453 -0.190488
endloop
endfacet
facet normal -0.740127 -0.271782 -0.615099
outer loop
vertex 3.939766 4.930144 -1.587901
vertex 4.051410 4.108453 -1.359174
vertex 3.472602 4.108453 -0.662714
endloop
endfacet
facet normal -0.784853 -0.210163 -0.582956
outer loop
vertex 3.392606 4.930144 -0.851243
vertex 3.939766 4.930144 -1.587901
vertex 3.472602 4.108453 -0.662714
endloop
endfacet
facet normal -0.599232 -0.358139 -0.716001
outer loop
vertex 4.597802 4.930144 -2.227463
vertex 4.745870 4.108453 -1.940378
vertex 4.051410 4.108453 -1.359174
endloop
endfacet
facet normal -0.668613 -0.282338 -0.687926
outer loop
vertex 3.939766 4.930144 -1.587901
vertex 4.597802 4.930144 -2.227463
vertex 4.051410 4.108453 -1.359174
endloop
endfacet
facet normal -0.572215 -0.329167 -0.751145
outer loop
vertex 5.346506 4.930144 -2.758020
vertex 5.466236 4.108453 -2.489146
vertex 4.745870 4.108453 -1.940378
endloop
endfacet
facet normal -0.538801 -0.362740 -0.760338
outer loop
vertex 4.597802 4.930144 -2.227463
vertex 5.346506 4.930144 -2.758020
vertex 4.745870 4.108453 -1.940378
endloop
endfacet
facet normal -0.479181 -0.306221 -0.822565
outer loop
vertex 6.153267 4.930144 -3.195269
vertex 6.248724 4.108453 -2.944981
vertex 5.466236 4.108453 -2.489146
endloop
endfacet
facet normal -0.448741 -0.336313 -0.827965
outer loop
vertex 5.346506 4.930144 -2.758020
vertex 6.153267 4.930144 -3.195269
vertex 5.466236 4.108453 -2.489146
endloop
endfacet
facet normal -0.414000 -0.205180 -0.886851
outer loop
vertex 7.020450 4.930144 -3.495343
vertex 7.069297 4.108453 -3.328041
vertex 6.248724 4.108453 -2.944981
endloop
endfacet
facet normal -0.310919 -0.309811 -0.898524
outer loop
vertex 6.153267 4.930144 -3.195269
vertex 7.020450 4.930144 -3.495343
vertex 6.248724 4.108453 -2.944981
endloop
endfacet
facet normal -0.301973 -0.176712 -0.936795
outer loop
vertex 7.901649 4.930144 -3.751346
vertex 7.931203 4.108453 -3.605874
vertex 7.069297 4.108453 -3.328041
endloop
endfacet
facet normal -0.272911 -0.207492 -0.939397
outer loop
vertex 7.020450 4.930144 -3.495343
vertex 7.901649 4.930144 -3.751346
vertex 7.069297 4.108453 -3.328041
endloop
endfacet
facet normal -0.201009 -0.329173 -0.922627
outer loop
vertex 8.758672 4.930144 -4.079312
vertex 8.816026 4.108453 -3.798647
vertex 7.931203 4.108453 -3.605874
endloop
endfacet
facet normal -0.351861 -0.175438 -0.919465
outer loop
vertex 7.901649 4.930144 -3.751346
vertex 8.758672 4.930144 -4.079312
vertex 7.931203 4.108453 -3.605874
endloop
endfacet
facet normal -0.176412 -0.432960 -0.883982
outer loop
vertex 9.631106 4.930144 -4.363759
vertex 9.704094 4.108453 -3.975874
vertex 8.816026 4.108453 -3.798647
endloop
endfacet
facet normal -0.292905 -0.327303 -0.898376
outer loop
vertex 8.758672 4.930144 -4.079312
vertex 9.631106 4.930144 -4.363759
vertex 8.816026 4.108453 -3.798647
endloop
endfacet
facet normal -0.149668 -0.453834 -0.878427
outer loop
vertex 10.531389 4.930144 -4.541351
vertex 10.596808 4.108453 -4.127976
vertex 9.704094 4.108453 -3.975874
endloop
endfacet
facet normal -0.174453 -0.432968 -0.884367
outer loop
vertex 9.631106 4.930144 -4.363759
vertex 10.531389 4.930144 -4.541351
vertex 9.704094 4.108453 -3.975874
endloop
endfacet
facet normal -0.082060 -0.453501 -0.887470
outer loop
vertex 11.445082 4.930144 -4.626299
vertex 11.498541 4.108453 -4.211355
vertex 10.596808 4.108453 -4.127976
endloop
endfacet
facet normal -0.082524 -0.453115 -0.887624
outer loop
vertex 10.531389 4.930144 -4.541351
vertex 11.445082 4.930144 -4.626299
vertex 10.596808 4.108453 -4.127976
endloop
endfacet
facet normal 0.204480 -0.457128 -0.865576
outer loop
vertex 12.344709 4.930144 -4.445411
vertex 12.379862 4.108453 -4.003155
vertex 11.498541 4.108453 -4.211355
endloop
endfacet
facet normal 0.177556 -0.434381 -0.883055
outer loop
vertex 11.445082 4.930144 -4.626299
vertex 12.344709 4.930144 -4.445411
vertex 11.498541 4.108453 -4.211355
endloop
endfacet
facet normal 0.256388 -0.424452 -0.868392
outer loop
vertex 13.216130 4.930144 -4.157877
vertex 13.248378 4.108453 -3.746731
vertex 12.379862 4.108453 -4.003155
endloop
endfacet
facet normal 0.280518 -0.445577 -0.850159
outer loop
vertex 12.344709 4.930144 -4.445411
vertex 13.216130 4.930144 -4.157877
vertex 12.379862 4.108453 -4.003155
endloop
endfacet
facet normal 0.234216 -0.421745 -0.875942
outer loop
vertex 14.100875 4.930144 -3.914408
vertex 14.123223 4.108453 -3.512808
vertex 13.248378 4.108453 -3.746731
endloop
endfacet
facet normal 0.239937 -0.426857 -0.871908
outer loop
vertex 13.216130 4.930144 -4.157877
vertex 14.100875 4.930144 -3.914408
vertex 13.248378 4.108453 -3.746731
endloop
endfacet
facet normal 0.278486 -0.395144 -0.875389
outer loop
vertex 14.968248 4.930144 -3.614887
vertex 14.986186 4.108453 -3.238275
vertex 14.123223 4.108453 -3.512808
endloop
endfacet
facet normal 0.297311 -0.412713 -0.860973
outer loop
vertex 14.100875 4.930144 -3.914408
vertex 14.968248 4.930144 -3.614887
vertex 14.123223 4.108453 -3.512808
endloop
endfacet
facet normal 0.330934 -0.357365 -0.873369
outer loop
vertex 15.814710 4.930144 -3.260554
vertex 15.833011 4.108453 -2.917400
vertex 14.986186 4.108453 -3.238275
endloop
endfacet
facet normal 0.356727 -0.382799 -0.852180
outer loop
vertex 14.968248 4.930144 -3.614887
vertex 15.814710 4.930144 -3.260554
vertex 14.986186 4.108453 -3.238275
endloop
endfacet
facet normal 0.320443 -0.386337 -0.864905
outer loop
vertex 16.684750 4.930144 -2.968868
vertex 16.682182 4.108453 -2.602786
vertex 15.833011 4.108453 -2.917400
endloop
endfacet
facet normal 0.296255 -0.362439 -0.883669
outer loop
vertex 15.814710 4.930144 -3.260554
vertex 16.684750 4.930144 -2.968868
vertex 15.833011 4.108453 -2.917400
endloop
endfacet
facet normal 0.299444 -0.433307 -0.850046
outer loop
vertex 17.565275 4.930144 -2.710554
vertex 17.536315 4.108453 -2.301902
vertex 16.682182 4.108453 -2.602786
endloop
endfacet
facet normal 0.258757 -0.393776 -0.882035
outer loop
vertex 16.684750 4.930144 -2.968868
vertex 17.565275 4.930144 -2.710554
vertex 16.682182 4.108453 -2.602786
endloop
endfacet
facet normal 0.308387 -0.373221 -0.874988
outer loop
vertex 18.407153 4.930144 -2.345464
vertex 18.390400 4.108453 -2.000882
vertex 17.536315 4.108453 -2.301902
endloop
endfacet
facet normal 0.360032 -0.425581 -0.830216
outer loop
vertex 17.565275 4.930144 -2.710554
vertex 18.407153 4.930144 -2.345464
vertex 17.536315 4.108453 -2.301902
endloop
endfacet
facet normal 0.420517 -0.257678 -0.869924
outer loop
vertex 19.185736 4.930144 -1.859812
vertex 19.205717 4.108453 -1.606762
vertex 18.390400 4.108453 -2.000882
endloop
endfacet
facet normal 0.496906 -0.344202 -0.796624
outer loop
vertex 18.407153 4.930144 -2.345464
vertex 19.185736 4.930144 -1.859812
vertex 18.390400 4.108453 -2.000882
endloop
endfacet
facet normal 0.635161 -0.283887 -0.718317
outer loop
vertex 19.915682 4.930144 -1.303728
vertex 19.884121 4.108453 -1.006893
vertex 19.205717 4.108453 -1.606762
endloop
endfacet
facet normal 0.590548 -0.224368 -0.775185
outer loop
vertex 19.185736 4.930144 -1.859812
vertex 19.915682 4.930144 -1.303728
vertex 19.205717 4.108453 -1.606762
endloop
endfacet
facet normal 0.773863 -0.243110 -0.584837
outer loop
vertex 20.470374 4.930144 -0.572724
vertex 20.430117 4.108453 -0.284424
vertex 19.884121 4.108453 -1.006893
endloop
endfacet
facet normal 0.773022 -0.241591 -0.586575
outer loop
vertex 19.915682 4.930144 -1.303728
vertex 20.470374 4.930144 -0.572724
vertex 19.884121 4.108453 -1.006893
endloop
endfacet
facet normal -0.670802 -0.225994 -0.706365
outer loop
vertex 3.306008 5.751834 -1.031895
vertex 3.392606 4.930144 -0.851243
vertex 2.727208 4.930144 -0.219345
endloop
endfacet
facet normal -0.792095 -0.044079 -0.608804
outer loop
vertex 2.739845 5.751834 -0.295280
vertex 3.306008 5.751834 -1.031895
vertex 2.727208 4.930144 -0.219345
endloop
endfacet
facet normal -0.798454 -0.103697 -0.593059
outer loop
vertex 3.930791 5.751834 -1.719492
vertex 3.939766 4.930144 -1.587901
vertex 3.392606 4.930144 -0.851243
endloop
endfacet
facet normal -0.721920 -0.220302 -0.655971
outer loop
vertex 3.306008 5.751834 -1.031895
vertex 3.930791 5.751834 -1.719492
vertex 3.392606 4.930144 -0.851243
endloop
endfacet
facet normal -0.696753 -0.024864 -0.716880
outer loop
vertex 4.650416 5.751834 -2.307099
vertex 4.597802 4.930144 -2.227463
vertex 3.939766 4.930144 -1.587901
endloop
endfacet
facet normal -0.627125 -0.129845 -0.768020
outer loop
vertex 3.930791 5.751834 -1.719492
vertex 4.650416 5.751834 -2.307099
vertex 3.939766 4.930144 -1.587901
endloop
endfacet
facet normal -0.578129 -0.013364 -0.815836
outer loop
vertex 5.421826 5.751834 -2.824853
vertex 5.346506 4.930144 -2.758020
vertex 4.597802 4.930144 -2.227463
endloop
endfacet
facet normal -0.556733 -0.044744 -0.829486
outer loop
vertex 4.650416 5.751834 -2.307099
vertex 5.421826 5.751834 -2.824853
vertex 4.597802 4.930144 -2.227463
endloop
endfacet
facet normal -0.475218 0.073221 -0.876816
outer loop
vertex 6.274990 5.751834 -3.192623
vertex 6.153267 4.930144 -3.195269
vertex 5.346506 4.930144 -2.758020
endloop
endfacet
facet normal -0.395562 -0.038378 -0.917637
outer loop
vertex 5.421826 5.751834 -2.824853
vertex 6.274990 5.751834 -3.192623
vertex 5.346506 4.930144 -2.758020
endloop
endfacet
facet normal -0.313175 0.287781 -0.905043
outer loop
vertex 7.198318 5.751834 -3.295614
vertex 7.020450 4.930144 -3.495343
vertex 6.153267 4.930144 -3.195269
endloop
endfacet
facet normal -0.110835 0.019619 -0.993645
outer loop
vertex 6.274990 5.751834 -3.192623
vertex 7.198318 5.751834 -3.295614
vertex 6.153267 4.930144 -3.195269
endloop
endfacet
facet normal -0.268782 0.267936 -0.925185
outer loop
vertex 8.086799 5.751834 -3.567172
vertex 7.901649 4.930144 -3.751346
vertex 7.020450 4.930144 -3.495343
endloop
endfacet
facet normal -0.280295 0.283586 -0.917068
outer loop
vertex 7.198318 5.751834 -3.295614
vertex 8.086799 5.751834 -3.567172
vertex 7.020450 4.930144 -3.495343
endloop
endfacet
facet normal -0.344399 0.267304 -0.899966
outer loop
vertex 8.950775 5.751834 -3.908771
vertex 8.758672 4.930144 -4.079312
vertex 7.901649 4.930144 -3.751346
endloop
endfacet
facet normal -0.353013 0.279666 -0.892843
outer loop
vertex 8.086799 5.751834 -3.567172
vertex 8.950775 5.751834 -3.908771
vertex 7.901649 4.930144 -3.751346
endloop
endfacet
facet normal -0.307516 -0.125798 -0.943191
outer loop
vertex 9.676928 5.751834 -4.488292
vertex 9.631106 4.930144 -4.363759
vertex 8.758672 4.930144 -4.079312
endloop
endfacet
facet normal -0.596130 0.294400 -0.746965
outer loop
vertex 8.950775 5.751834 -3.908771
vertex 9.676928 5.751834 -4.488292
vertex 8.758672 4.930144 -4.079312
endloop
endfacet
facet normal -0.176686 -0.408077 -0.895687
outer loop
vertex 10.504545 5.751834 -4.910420
vertex 10.531389 4.930144 -4.541351
vertex 9.631106 4.930144 -4.363759
endloop
endfacet
facet normal -0.451655 -0.109018 -0.885507
outer loop
vertex 9.676928 5.751834 -4.488292
vertex 10.504545 5.751834 -4.910420
vertex 9.631106 4.930144 -4.363759
endloop
endfacet
facet normal -0.081913 -0.465878 -0.881050
outer loop
vertex 11.421704 5.751834 -5.058616
vertex 11.445082 4.930144 -4.626299
vertex 10.531389 4.930144 -4.541351
endloop
endfacet
facet normal -0.145538 -0.409315 -0.900711
outer loop
vertex 10.504545 5.751834 -4.910420
vertex 11.421704 5.751834 -5.058616
vertex 10.531389 4.930144 -4.541351
endloop
endfacet
facet normal 0.173634 -0.473424 -0.863552
outer loop
vertex 12.336682 5.751834 -4.897499
vertex 12.344709 4.930144 -4.445411
vertex 11.445082 4.930144 -4.626299
endloop
endfacet
facet normal 0.154287 -0.456601 -0.876191
outer loop
vertex 11.421704 5.751834 -5.058616
vertex 12.336682 5.751834 -4.897499
vertex 11.445082 4.930144 -4.626299
endloop
endfacet
facet normal 0.286562 -0.404511 -0.868477
outer loop
vertex 13.197042 5.751834 -4.546895
vertex 13.216130 4.930144 -4.157877
vertex 12.344709 4.930144 -4.445411
endloop
endfacet
facet normal 0.336748 -0.451367 -0.826359
outer loop
vertex 12.336682 5.751834 -4.897499
vertex 13.197042 5.751834 -4.546895
vertex 12.344709 4.930144 -4.445411
endloop
endfacet
facet normal 0.241628 -0.413084 -0.878053
outer loop
vertex 14.093512 5.751834 -4.303002
vertex 14.100875 4.930144 -3.914408
vertex 13.216130 4.930144 -4.157877
endloop
endfacet
facet normal 0.239330 -0.410920 -0.879696
outer loop
vertex 13.197042 5.751834 -4.546895
vertex 14.093512 5.751834 -4.303002
vertex 13.216130 4.930144 -4.157877
endloop
endfacet
facet normal 0.307029 -0.339420 -0.889116
outer loop
vertex 14.946970 5.751834 -3.935915
vertex 14.968248 4.930144 -3.614887
vertex 14.100875 4.930144 -3.914408
endloop
endfacet
facet normal 0.362864 -0.395724 -0.843642
outer loop
vertex 14.093512 5.751834 -4.303002
vertex 14.946970 5.751834 -3.935915
vertex 14.100875 4.930144 -3.914408
endloop
endfacet
facet normal 0.370510 -0.281626 -0.885104
outer loop
vertex 15.784834 5.751834 -3.534509
vertex 15.814710 4.930144 -3.260554
vertex 14.968248 4.930144 -3.614887
endloop
endfacet
facet normal 0.408918 -0.322883 -0.853541
outer loop
vertex 14.946970 5.751834 -3.935915
vertex 15.784834 5.751834 -3.534509
vertex 14.968248 4.930144 -3.614887
endloop
endfacet
facet normal 0.312763 -0.178478 -0.932912
outer loop
vertex 16.628293 5.751834 -3.144996
vertex 16.684750 4.930144 -2.968868
vertex 15.814710 4.930144 -3.260554
endloop
endfacet
facet normal 0.402941 -0.276257 -0.872537
outer loop
vertex 15.784834 5.751834 -3.534509
vertex 16.628293 5.751834 -3.144996
vertex 15.814710 4.930144 -3.260554
endloop
endfacet
facet normal 0.281338 -0.034003 -0.959006
outer loop
vertex 17.476419 5.751834 -2.765755
vertex 17.565275 4.930144 -2.710554
vertex 16.684750 4.930144 -2.968868
endloop
endfacet
facet normal 0.402584 -0.165323 -0.900330
outer loop
vertex 16.628293 5.751834 -3.144996
vertex 17.476419 5.751834 -2.765755
vertex 16.684750 4.930144 -2.968868
endloop
endfacet
facet normal 0.394791 0.123967 -0.910369
outer loop
vertex 18.274954 5.751834 -2.290902
vertex 18.407153 4.930144 -2.345464
vertex 17.565275 4.930144 -2.710554
endloop
endfacet
facet normal 0.511112 -0.002471 -0.859511
outer loop
vertex 17.476419 5.751834 -2.765755
vertex 18.274954 5.751834 -2.290902
vertex 17.565275 4.930144 -2.710554
endloop
endfacet
facet normal 0.520273 0.183352 -0.834085
outer loop
vertex 19.043023 5.751834 -1.768204
vertex 19.185736 4.930144 -1.859812
vertex 18.407153 4.930144 -2.345464
endloop
endfacet
facet normal 0.556757 0.143899 -0.818116
outer loop
vertex 18.274954 5.751834 -2.290902
vertex 19.043023 5.751834 -1.768204
vertex 18.407153 4.930144 -2.345464
endloop
endfacet
facet normal 0.587444 0.245556 -0.771111
outer loop
vertex 19.751469 5.751834 -1.167166
vertex 19.915682 4.930144 -1.303728
vertex 19.185736 4.930144 -1.859812
endloop
endfacet
facet normal 0.634691 0.193639 -0.748112
outer loop
vertex 19.043023 5.751834 -1.768204
vertex 19.751469 5.751834 -1.167166
vertex 19.185736 4.930144 -1.859812
endloop
endfacet
facet normal 0.788678 0.140845 -0.598456
outer loop
vertex 20.386878 5.751834 -0.489376
vertex 20.470374 4.930144 -0.572724
vertex 19.915682 4.930144 -1.303728
endloop
endfacet
facet normal 0.706164 0.251149 -0.662010
outer loop
vertex 19.751469 5.751834 -1.167166
vertex 20.386878 5.751834 -0.489376
vertex 19.915682 4.930144 -1.303728
endloop
endfacet
facet normal -0.750585 0.322193 -0.576900
outer loop
vertex 3.515181 6.573525 -0.845138
vertex 3.306008 5.751834 -1.031895
vertex 2.739845 5.751834 -0.295280
endloop
endfacet
facet normal -0.648471 0.107597 -0.753597
outer loop
vertex 2.800426 6.573525 -0.230091
vertex 3.515181 6.573525 -0.845138
vertex 2.739845 5.751834 -0.295280
endloop
endfacet
facet normal -0.708024 0.291224 -0.643344
outer loop
vertex 4.126583 6.573525 -1.563012
vertex 3.930791 5.751834 -1.719492
vertex 3.306008 5.751834 -1.031895
endloop
endfacet
facet normal -0.720527 0.322896 -0.613661
outer loop
vertex 3.515181 6.573525 -0.845138
vertex 4.126583 6.573525 -1.563012
vertex 3.306008 5.751834 -1.031895
endloop
endfacet
facet normal -0.617745 0.214592 -0.756533
outer loop
vertex 4.814462 6.573525 -2.207977
vertex 4.650416 5.751834 -2.307099
vertex 3.930791 5.751834 -1.719492
endloop
endfacet
facet normal -0.654795 0.289018 -0.698364
outer loop
vertex 4.126583 6.573525 -1.563012
vertex 4.814462 6.573525 -2.207977
vertex 3.930791 5.751834 -1.719492
endloop
endfacet
facet normal -0.549537 0.166235 -0.818764
outer loop
vertex 5.577245 6.573525 -2.762339
vertex 5.421826 5.751834 -2.824853
vertex 4.650416 5.751834 -2.307099
endloop
endfacet
facet normal -0.574773 0.210155 -0.790867
outer loop
vertex 4.814462 6.573525 -2.207977
vertex 5.577245 6.573525 -2.762339
vertex 4.650416 5.751834 -2.307099
endloop
endfacet
facet normal -0.390244 0.167756 -0.905300
outer loop
vertex 6.451228 6.573525 -3.116331
vertex 6.274990 5.751834 -3.192623
vertex 5.421826 5.751834 -2.824853
endloop
endfacet
facet normal -0.371705 0.140126 -0.917715
outer loop
vertex 5.577245 6.573525 -2.762339
vertex 6.451228 6.573525 -3.116331
vertex 5.421826 5.751834 -2.824853
endloop
endfacet
facet normal -0.110614 -0.066062 -0.991665
outer loop
vertex 7.359871 6.573525 -3.368373
vertex 7.198318 5.751834 -3.295614
vertex 6.274990 5.751834 -3.192623
endloop
endfacet
facet normal -0.264457 0.145242 -0.953398
outer loop
vertex 6.451228 6.573525 -3.116331
vertex 7.359871 6.573525 -3.368373
vertex 6.274990 5.751834 -3.192623
endloop
endfacet
facet normal -0.283690 -0.240850 -0.928176
outer loop
vertex 8.191705 6.573525 -3.812454
vertex 8.086799 5.751834 -3.567172
vertex 7.198318 5.751834 -3.295614
endloop
endfacet
facet normal -0.470898 0.014478 -0.882069
outer loop
vertex 7.359871 6.573525 -3.368373
vertex 8.191705 6.573525 -3.812454
vertex 7.198318 5.751834 -3.295614
endloop
endfacet
facet normal -0.315783 -0.512242 -0.798680
outer loop
vertex 8.912356 6.573525 -4.420581
vertex 8.950775 5.751834 -3.908771
vertex 8.086799 5.751834 -3.567172
endloop
endfacet
facet normal -0.638172 -0.144273 -0.756255
outer loop
vertex 8.191705 6.573525 -3.812454
vertex 8.912356 6.573525 -4.420581
vertex 8.086799 5.751834 -3.567172
endloop
endfacet
facet normal -0.558325 -0.445917 -0.699594
outer loop
vertex 9.658413 6.573525 -4.997256
vertex 9.676928 5.751834 -4.488292
vertex 8.950775 5.751834 -3.908771
endloop
endfacet
facet normal -0.542278 -0.462336 -0.701556
outer loop
vertex 8.912356 6.573525 -4.420581
vertex 9.658413 6.573525 -4.997256
vertex 8.950775 5.751834 -3.908771
endloop
endfacet
facet normal -0.421258 -0.374714 -0.825912
outer loop
vertex 10.549360 6.573525 -5.306076
vertex 10.504545 5.751834 -4.910420
vertex 9.676928 5.751834 -4.488292
endloop
endfacet
facet normal -0.281744 -0.509826 -0.812833
outer loop
vertex 9.658413 6.573525 -4.997256
vertex 10.549360 6.573525 -5.306076
vertex 9.676928 5.751834 -4.488292
endloop
endfacet
facet normal -0.147628 -0.378758 -0.913646
outer loop
vertex 11.486596 6.573525 -5.409739
vertex 11.421704 5.751834 -5.058616
vertex 10.504545 5.751834 -4.910420
endloop
endfacet
facet normal -0.099393 -0.427286 -0.898636
outer loop
vertex 10.549360 6.573525 -5.306076
vertex 11.486596 6.573525 -5.409739
vertex 10.504545 5.751834 -4.910420
endloop
endfacet
facet normal 0.165118 -0.305702 -0.937700
outer loop
vertex 12.394540 6.573525 -5.155193
vertex 12.336682 5.751834 -4.897499
vertex 11.421704 5.751834 -5.058616
endloop
endfacet
facet normal 0.247741 -0.397174 -0.883673
outer loop
vertex 11.486596 6.573525 -5.409739
vertex 12.394540 6.573525 -5.155193
vertex 11.421704 5.751834 -5.058616
endloop
endfacet
facet normal 0.372083 -0.166922 -0.913067
outer loop
vertex 13.214706 6.573525 -4.689913
vertex 13.197042 5.751834 -4.546895
vertex 12.336682 5.751834 -4.897499
endloop
endfacet
facet normal 0.471632 -0.293936 -0.831363
outer loop
vertex 12.394540 6.573525 -5.155193
vertex 13.214706 6.573525 -4.689913
vertex 12.336682 5.751834 -4.897499
endloop
endfacet
facet normal 0.260727 -0.116585 -0.958347
outer loop
vertex 14.111368 6.573525 -4.398105
vertex 14.093512 5.751834 -4.303002
vertex 13.197042 5.751834 -4.546895
endloop
endfacet
facet normal 0.304977 -0.169666 -0.937125
outer loop
vertex 13.214706 6.573525 -4.689913
vertex 14.111368 6.573525 -4.398105
vertex 13.197042 5.751834 -4.546895
endloop
endfacet
facet normal 0.395029 0.021209 -0.918424
outer loop
vertex 14.927282 6.573525 -3.925409
vertex 14.946970 5.751834 -3.935915
vertex 14.093512 5.751834 -4.303002
endloop
endfacet
facet normal 0.498232 -0.110363 -0.859991
outer loop
vertex 14.111368 6.573525 -4.398105
vertex 14.927282 6.573525 -3.925409
vertex 14.093512 5.751834 -4.303002
endloop
endfacet
facet normal 0.431564 0.047885 -0.900811
outer loop
vertex 15.768208 6.573525 -3.498795
vertex 15.784834 5.751834 -3.534509
vertex 14.946970 5.751834 -3.935915
endloop
endfacet
facet normal 0.452312 0.022238 -0.891582
outer loop
vertex 14.927282 6.573525 -3.925409
vertex 15.768208 6.573525 -3.498795
vertex 14.946970 5.751834 -3.935915
endloop
endfacet
facet normal 0.418794 0.046954 -0.906866
outer loop
vertex 16.624605 6.573525 -3.104155
vertex 16.628293 5.751834 -3.144996
vertex 15.784834 5.751834 -3.534509
endloop
endfacet
facet normal 0.418036 0.047887 -0.907168
outer loop
vertex 15.768208 6.573525 -3.498795
vertex 16.624605 6.573525 -3.104155
vertex 15.784834 5.751834 -3.534509
endloop
endfacet
facet normal 0.403845 0.145709 -0.903149
outer loop
vertex 17.448571 6.573525 -2.645640
vertex 17.476419 5.751834 -2.765755
vertex 16.628293 5.751834 -3.144996
endloop
endfacet
facet normal 0.485750 0.045567 -0.872909
outer loop
vertex 16.624605 6.573525 -3.104155
vertex 17.448571 6.573525 -2.645640
vertex 16.628293 5.751834 -3.144996
endloop
endfacet
facet normal 0.496431 0.237969 -0.834822
outer loop
vertex 18.212984 6.573525 -2.093527
vertex 18.274954 5.751834 -2.290902
vertex 17.476419 5.751834 -2.765755
endloop
endfacet
facet normal 0.579992 0.137041 -0.803012
outer loop
vertex 17.448571 6.573525 -2.645640
vertex 18.212984 6.573525 -2.093527
vertex 17.476419 5.751834 -2.765755
endloop
endfacet
facet normal 0.527804 0.346283 -0.775571
outer loop
vertex 18.928446 6.573525 -1.479303
vertex 19.043023 5.751834 -1.768204
vertex 18.274954 5.751834 -2.290902
endloop
endfacet
facet normal 0.634619 0.225426 -0.739217
outer loop
vertex 18.212984 6.573525 -2.093527
vertex 18.928446 6.573525 -1.479303
vertex 18.274954 5.751834 -2.290902
endloop
endfacet
facet normal 0.557512 0.507292 -0.657141
outer loop
vertex 19.510407 6.573525 -0.737361
vertex 19.751469 5.751834 -1.167166
vertex 19.043023 5.751834 -1.768204
endloop
endfacet
facet normal 0.747926 0.310555 -0.586654
outer loop
vertex 18.928446 6.573525 -1.479303
vertex 19.510407 6.573525 -0.737361
vertex 19.043023 5.751834 -1.768204
endloop
endfacet
facet normal 0.673324 0.384957 -0.631223
outer loop
vertex 20.242156 6.573525 -0.142635
vertex 20.386878 5.751834 -0.489376
vertex 19.751469 5.751834 -1.167166
endloop
endfacet
facet normal 0.542983 0.508755 -0.668086
outer loop
vertex 19.510407 6.573525 -0.737361
vertex 20.242156 6.573525 -0.142635
vertex 19.751469 5.751834 -1.167166
endloop
endfacet
facet normal -0.652047 0.025366 -0.757754
outer loop
vertex 3.553765 7.395215 -0.850833
vertex 3.515181 6.573525 -0.845138
vertex 2.800426 6.573525 -0.230091
endloop
endfacet
facet normal -0.661358 0.040534 -0.748974
outer loop
vertex 2.838232 7.395215 -0.219005
vertex 3.553765 7.395215 -0.850833
vertex 2.800426 6.573525 -0.230091
endloop
endfacet
facet normal -0.758129 -0.091264 -0.645686
outer loop
vertex 4.092343 7.395215 -1.638950
vertex 4.126583 6.573525 -1.563012
vertex 3.515181 6.573525 -0.845138
endloop
endfacet
facet normal -0.825128 0.034837 -0.563870
outer loop
vertex 3.553765 7.395215 -0.850833
vertex 4.092343 7.395215 -1.638950
vertex 3.515181 6.573525 -0.845138
endloop
endfacet
facet normal -0.681798 -0.079909 -0.727163
outer loop
vertex 4.797484 7.395215 -2.282355
vertex 4.814462 6.573525 -2.207977
vertex 4.126583 6.573525 -1.563012
endloop
endfacet
facet normal -0.670922 -0.095912 -0.735299
outer loop
vertex 4.092343 7.395215 -1.638950
vertex 4.797484 7.395215 -2.282355
vertex 4.126583 6.573525 -1.563012
endloop
endfacet
facet normal -0.586243 -0.075067 -0.806650
outer loop
vertex 5.574508 7.395215 -2.836817
vertex 5.577245 6.573525 -2.762339
vertex 4.814462 6.573525 -2.207977
endloop
endfacet
facet normal -0.578733 -0.085371 -0.811037
outer loop
vertex 4.797484 7.395215 -2.282355
vertex 5.574508 7.395215 -2.836817
vertex 4.814462 6.573525 -2.207977
endloop
endfacet
facet normal -0.364812 -0.235912 -0.900698
outer loop
vertex 6.402501 7.395215 -3.311813
vertex 6.451228 6.573525 -3.116331
vertex 5.577245 6.573525 -2.762339
endloop
endfacet
facet normal -0.496009 -0.080021 -0.864622
outer loop
vertex 5.574508 7.395215 -2.836817
vertex 6.402501 7.395215 -3.311813
vertex 5.577245 6.573525 -2.762339
endloop
endfacet
facet normal -0.241891 -0.425467 -0.872047
outer loop
vertex 7.255484 7.395215 -3.740316
vertex 7.359871 6.573525 -3.368373
vertex 6.451228 6.573525 -3.116331
endloop
endfacet
facet normal -0.436581 -0.232643 -0.869065
outer loop
vertex 6.402501 7.395215 -3.311813
vertex 7.255484 7.395215 -3.740316
vertex 6.451228 6.573525 -3.116331
endloop
endfacet
facet normal -0.416832 -0.465417 -0.780793
outer loop
vertex 8.070365 7.395215 -4.237471
vertex 8.191705 6.573525 -3.812454
vertex 7.359871 6.573525 -3.368373
endloop
endfacet
facet normal -0.474486 -0.412319 -0.777725
outer loop
vertex 7.255484 7.395215 -3.740316
vertex 8.070365 7.395215 -4.237471
vertex 7.359871 6.573525 -3.368373
endloop
endfacet
facet normal -0.600722 -0.363822 -0.711876
outer loop
vertex 8.850155 7.395215 -4.788037
vertex 8.912356 6.573525 -4.420581
vertex 8.191705 6.573525 -3.812454
endloop
endfacet
facet normal -0.514283 -0.452708 -0.728401
outer loop
vertex 8.070365 7.395215 -4.237471
vertex 8.850155 7.395215 -4.788037
vertex 8.191705 6.573525 -3.812454
endloop
endfacet
facet normal -0.595109 -0.230417 -0.769905
outer loop
vertex 9.679973 7.395215 -5.259837
vertex 9.658413 6.573525 -4.997256
vertex 8.912356 6.573525 -4.420581
endloop
endfacet
facet normal -0.454688 -0.392051 -0.799722
outer loop
vertex 8.850155 7.395215 -4.788037
vertex 9.679973 7.395215 -5.259837
vertex 8.912356 6.573525 -4.420581
endloop
endfacet
facet normal -0.306977 -0.348463 -0.885629
outer loop
vertex 10.558733 7.395215 -5.632631
vertex 10.549360 6.573525 -5.306076
vertex 9.658413 6.573525 -4.997256
endloop
endfacet
facet normal -0.375688 -0.273140 -0.885581
outer loop
vertex 9.679973 7.395215 -5.259837
vertex 10.558733 7.395215 -5.632631
vertex 9.658413 6.573525 -4.997256
endloop
endfacet
facet normal -0.101106 -0.392615 -0.914128
outer loop
vertex 11.504133 7.395215 -5.764592
vertex 11.486596 6.573525 -5.409739
vertex 10.549360 6.573525 -5.306076
endloop
endfacet
facet normal -0.128705 -0.364981 -0.922076
outer loop
vertex 10.558733 7.395215 -5.632631
vertex 11.504133 7.395215 -5.764592
vertex 10.549360 6.573525 -5.306076
endloop
endfacet
facet normal 0.263916 -0.210179 -0.941367
outer loop
vertex 12.362780 7.395215 -5.347556
vertex 12.394540 6.573525 -5.155193
vertex 11.486596 6.573525 -5.409739
endloop
endfacet
facet normal 0.405948 -0.369618 -0.835817
outer loop
vertex 11.504133 7.395215 -5.764592
vertex 12.362780 7.395215 -5.347556
vertex 11.486596 6.573525 -5.409739
endloop
endfacet
facet normal 0.493421 -0.005797 -0.869772
outer loop
vertex 13.110685 7.395215 -4.754401
vertex 13.214706 6.573525 -4.689913
vertex 12.394540 6.573525 -5.155193
endloop
endfacet
facet normal 0.613640 -0.157418 -0.773734
outer loop
vertex 12.362780 7.395215 -5.347556
vertex 13.110685 7.395215 -4.754401
vertex 12.394540 6.573525 -5.155193
endloop
endfacet
facet normal 0.309391 0.021618 -0.950689
outer loop
vertex 14.002782 7.395215 -4.414758
vertex 14.111368 6.573525 -4.398105
vertex 13.214706 6.573525 -4.689913
endloop
endfacet
facet normal 0.355666 -0.028291 -0.934185
outer loop
vertex 13.110685 7.395215 -4.754401
vertex 14.002782 7.395215 -4.414758
vertex 13.214706 6.573525 -4.689913
endloop
endfacet
facet normal 0.501170 -0.022270 -0.865062
outer loop
vertex 14.856440 7.395215 -3.987604
vertex 14.927282 6.573525 -3.925409
vertex 14.111368 6.573525 -4.398105
endloop
endfacet
facet normal 0.447110 0.040976 -0.893540
outer loop
vertex 14.002782 7.395215 -4.414758
vertex 14.856440 7.395215 -3.987604
vertex 14.111368 6.573525 -4.398105
endloop
endfacet
facet normal 0.452321 -0.021389 -0.891599
outer loop
vertex 15.705068 7.395215 -3.550538
vertex 15.768208 6.573525 -3.498795
vertex 14.927282 6.573525 -3.925409
endloop
endfacet
facet normal 0.457691 -0.027806 -0.888676
outer loop
vertex 14.856440 7.395215 -3.987604
vertex 15.705068 7.395215 -3.550538
vertex 14.927282 6.573525 -3.925409
endloop
endfacet
facet normal 0.418473 -0.014401 -0.908115
outer loop
vertex 16.568321 7.395215 -3.143122
vertex 16.624605 6.573525 -3.104155
vertex 15.768208 6.573525 -3.498795
endloop
endfacet
facet normal 0.426684 -0.024145 -0.904078
outer loop
vertex 15.705068 7.395215 -3.550538
vertex 16.568321 7.395215 -3.143122
vertex 15.768208 6.573525 -3.498795
endloop
endfacet
facet normal 0.486221 -0.011797 -0.873756
outer loop
vertex 17.403896 7.395215 -2.681594
vertex 17.448571 6.573525 -2.645640
vertex 16.624605 6.573525 -3.104155
endloop
endfacet
facet normal 0.483478 -0.008393 -0.875316
outer loop
vertex 16.568321 7.395215 -3.143122
vertex 17.403896 7.395215 -2.681594
vertex 16.624605 6.573525 -3.104155
endloop
endfacet
facet normal 0.584871 -0.046933 -0.809767
outer loop
vertex 18.198041 7.395215 -2.151945
vertex 18.212984 6.573525 -2.093527
vertex 17.448571 6.573525 -2.645640
endloop
endfacet
facet normal 0.554849 -0.006235 -0.831928
outer loop
vertex 17.403896 7.395215 -2.681594
vertex 18.198041 7.395215 -2.151945
vertex 17.448571 6.573525 -2.645640
endloop
endfacet
facet normal 0.643442 -0.155688 -0.749495
outer loop
vertex 18.980552 7.395215 -1.605254
vertex 18.928446 6.573525 -1.479303
vertex 18.212984 6.573525 -2.093527
endloop
endfacet
facet normal 0.572056 -0.047810 -0.818820
outer loop
vertex 18.198041 7.395215 -2.151945
vertex 18.980552 7.395215 -1.605254
vertex 18.212984 6.573525 -2.093527
endloop
endfacet
facet normal 0.785990 -0.046198 -0.616511
outer loop
vertex 19.504048 7.395215 -0.807040
vertex 19.510407 6.573525 -0.737361
vertex 18.928446 6.573525 -1.479303
endloop
endfacet
facet normal 0.828459 -0.135819 -0.543331
outer loop
vertex 18.980552 7.395215 -1.605254
vertex 19.504048 7.395215 -0.807040
vertex 18.928446 6.573525 -1.479303
endloop
endfacet
facet normal -0.606132 -0.401766 -0.686432
outer loop
vertex 3.421382 8.216906 -1.214869
vertex 3.553765 7.395215 -0.850833
vertex 2.838232 7.395215 -0.219005
endloop
endfacet
facet normal -0.670530 -0.329636 -0.664627
outer loop
vertex 2.748792 8.216906 -0.536306
vertex 3.421382 8.216906 -1.214869
vertex 2.838232 7.395215 -0.219005
endloop
endfacet
facet normal -0.819179 -0.124763 -0.559804
outer loop
vertex 4.121596 8.216906 -1.864887
vertex 4.092343 7.395215 -1.638950
vertex 3.553765 7.395215 -0.850833
endloop
endfacet
facet normal -0.624037 -0.398358 -0.672227
outer loop
vertex 3.421382 8.216906 -1.214869
vertex 4.121596 8.216906 -1.864887
vertex 3.553765 7.395215 -0.850833
endloop
endfacet
facet normal -0.670870 -0.096704 -0.735243
outer loop
vertex 4.871007 8.216906 -2.457515
vertex 4.797484 7.395215 -2.282355
vertex 4.092343 7.395215 -1.638950
endloop
endfacet
facet normal -0.608974 -0.190066 -0.770082
outer loop
vertex 4.121596 8.216906 -1.864887
vertex 4.871007 8.216906 -2.457515
vertex 4.092343 7.395215 -1.638950
endloop
endfacet
facet normal -0.577540 -0.106659 -0.809365
outer loop
vertex 5.655482 8.216906 -3.002881
vertex 5.574508 7.395215 -2.836817
vertex 4.797484 7.395215 -2.282355
endloop
endfacet
facet normal -0.566478 -0.123014 -0.814844
outer loop
vertex 4.871007 8.216906 -2.457515
vertex 5.655482 8.216906 -3.002881
vertex 4.797484 7.395215 -2.282355
endloop
endfacet
facet normal -0.493332 -0.130770 -0.859955
outer loop
vertex 6.481901 8.216906 -3.482314
vertex 6.402501 7.395215 -3.311813
vertex 5.574508 7.395215 -2.836817
endloop
endfacet
facet normal -0.497907 -0.124389 -0.858263
outer loop
vertex 5.655482 8.216906 -3.002881
vertex 6.481901 8.216906 -3.482314
vertex 5.574508 7.395215 -2.836817
endloop
endfacet
facet normal -0.439620 -0.202267 -0.875113
outer loop
vertex 7.310543 8.216906 -3.957895
vertex 7.255484 7.395215 -3.740316
vertex 6.402501 7.395215 -3.311813
endloop
endfacet
facet normal -0.493500 -0.130735 -0.859864
outer loop
vertex 6.481901 8.216906 -3.482314
vertex 7.310543 8.216906 -3.957895
vertex 6.402501 7.395215 -3.311813
endloop
endfacet
facet normal -0.510024 -0.202536 -0.835975
outer loop
vertex 8.119371 8.216906 -4.466444
vertex 8.070365 7.395215 -4.237471
vertex 7.255484 7.395215 -3.740316
endloop
endfacet
facet normal -0.523067 -0.185238 -0.831918
outer loop
vertex 7.310543 8.216906 -3.957895
vertex 8.119371 8.216906 -4.466444
vertex 7.255484 7.395215 -3.740316
endloop
endfacet
facet normal -0.573555 -0.105456 -0.812350
outer loop
vertex 8.938983 8.216906 -4.957422
vertex 8.850155 7.395215 -4.788037
vertex 8.070365 7.395215 -4.237471
endloop
endfacet
facet normal -0.503080 -0.204020 -0.839814
outer loop
vertex 8.119371 8.216906 -4.466444
vertex 8.938983 8.216906 -4.957422
vertex 8.070365 7.395215 -4.237471
endloop
endfacet
facet normal -0.491717 -0.101235 -0.864850
outer loop
vertex 9.779119 8.216906 -5.412390
vertex 9.679973 7.395215 -5.259837
vertex 8.850155 7.395215 -4.788037
endloop
endfacet
facet normal -0.472237 -0.128710 -0.872024
outer loop
vertex 8.938983 8.216906 -4.957422
vertex 9.779119 8.216906 -5.412390
vertex 8.850155 7.395215 -4.788037
endloop
endfacet
facet normal -0.385069 -0.166769 -0.907695
outer loop
vertex 10.643444 8.216906 -5.819535
vertex 10.558733 7.395215 -5.632631
vertex 9.679973 7.395215 -5.259837
endloop
endfacet
facet normal -0.423279 -0.115755 -0.898574
outer loop
vertex 9.779119 8.216906 -5.412390
vertex 10.643444 8.216906 -5.819535
vertex 9.679973 7.395215 -5.259837
endloop
endfacet
facet normal -0.135431 -0.200631 -0.970261
outer loop
vertex 11.590383 8.216906 -5.946540
vertex 11.504133 7.395215 -5.764592
vertex 10.558733 7.395215 -5.632631
endloop
endfacet
facet normal -0.130048 -0.207148 -0.969627
outer loop
vertex 10.643444 8.216906 -5.819535
vertex 11.590383 8.216906 -5.946540
vertex 10.558733 7.395215 -5.632631
endloop
endfacet
facet normal 0.435959 -0.065126 -0.897607
outer loop
vertex 12.374927 8.216906 -5.401274
vertex 12.362780 7.395215 -5.347556
vertex 11.504133 7.395215 -5.764592
endloop
endfacet
facet normal 0.554731 -0.234967 -0.798163
outer loop
vertex 11.590383 8.216906 -5.946540
vertex 12.374927 8.216906 -5.401274
vertex 11.504133 7.395215 -5.764592
endloop
endfacet
facet normal 0.621172 -0.026351 -0.783231
outer loop
vertex 13.105795 8.216906 -4.785923
vertex 13.110685 7.395215 -4.754401
vertex 12.362780 7.395215 -5.347556
endloop
endfacet
facet normal 0.642926 -0.059426 -0.763620
outer loop
vertex 12.374927 8.216906 -5.401274
vertex 13.105795 8.216906 -4.785923
vertex 12.362780 7.395215 -5.347556
endloop
endfacet
facet normal 0.355806 -0.003920 -0.934552
outer loop
vertex 13.989680 8.216906 -4.423193
vertex 14.002782 7.395215 -4.414758
vertex 13.110685 7.395215 -4.754401
endloop
endfacet
facet normal 0.379446 -0.033213 -0.924618
outer loop
vertex 13.105795 8.216906 -4.785923
vertex 13.989680 8.216906 -4.423193
vertex 13.110685 7.395215 -4.754401
endloop
endfacet
facet normal 0.447401 0.019486 -0.894121
outer loop
vertex 14.836037 8.216906 -3.979906
vertex 14.856440 7.395215 -3.987604
vertex 14.002782 7.395215 -4.414758
endloop
endfacet
facet normal 0.463971 -0.001695 -0.885849
outer loop
vertex 13.989680 8.216906 -4.423193
vertex 14.836037 8.216906 -3.979906
vertex 14.002782 7.395215 -4.414758
endloop
endfacet
facet normal 0.456211 -0.085023 -0.885801
outer loop
vertex 15.721466 8.216906 -3.620963
vertex 15.705068 7.395215 -3.550538
vertex 14.856440 7.395215 -3.987604
endloop
endfacet
facet normal 0.375631 0.018008 -0.926594
outer loop
vertex 14.836037 8.216906 -3.979906
vertex 15.721466 8.216906 -3.620963
vertex 14.856440 7.395215 -3.987604
endloop
endfacet
facet normal 0.424277 -0.108752 -0.898978
outer loop
vertex 16.593514 8.216906 -3.230634
vertex 16.568321 7.395215 -3.143122
vertex 15.705068 7.395215 -3.550538
endloop
endfacet
facet normal 0.407027 -0.086061 -0.909353
outer loop
vertex 15.721466 8.216906 -3.620963
vertex 16.593514 8.216906 -3.230634
vertex 15.705068 7.395215 -3.550538
endloop
endfacet
facet normal 0.476498 -0.169517 -0.862678
outer loop
vertex 17.453979 8.216906 -2.815394
vertex 17.403896 7.395215 -2.681594
vertex 16.568321 7.395215 -3.143122
endloop
endfacet
facet normal 0.432045 -0.108597 -0.895290
outer loop
vertex 16.593514 8.216906 -3.230634
vertex 17.453979 8.216906 -2.815394
vertex 16.568321 7.395215 -3.143122
endloop
endfacet
facet normal 0.507662 -0.403594 -0.761177
outer loop
vertex 18.350740 8.216906 -2.485782
vertex 18.198041 7.395215 -2.151945
vertex 17.403896 7.395215 -2.681594
endloop
endfacet
facet normal 0.339893 -0.171295 -0.924733
outer loop
vertex 17.453979 8.216906 -2.815394
vertex 18.350740 8.216906 -2.485782
vertex 17.403896 7.395215 -2.681594
endloop
endfacet
facet normal 0.533456 -0.363851 -0.763569
outer loop
vertex 19.110268 8.216906 -1.906177
vertex 18.980552 7.395215 -1.605254
vertex 18.198041 7.395215 -2.151945
endloop
endfacet
facet normal 0.556151 -0.399448 -0.728792
outer loop
vertex 18.350740 8.216906 -2.485782
vertex 19.110268 8.216906 -1.906177
vertex 18.198041 7.395215 -2.151945
endloop
endfacet
facet normal 0.777650 -0.367630 -0.510009
outer loop
vertex 19.676395 8.216906 -1.136551
vertex 19.504048 7.395215 -0.807040
vertex 18.980552 7.395215 -1.605254
endloop
endfacet
facet normal 0.761689 -0.325434 -0.560288
outer loop
vertex 19.110268 8.216906 -1.906177
vertex 19.676395 8.216906 -1.136551
vertex 18.980552 7.395215 -1.605254
endloop
endfacet
facet normal 0.706723 -0.386000 -0.592914
outer loop
vertex 19.676395 8.216906 -1.136551
vertex 20.290467 8.216906 -0.404608
vertex 19.504048 7.395215 -0.807040
endloop
endfacet
facet normal -0.070744 -0.593310 -0.801860
outer loop
vertex 1.713779 9.038596 -0.675072
vertex 1.907140 8.216906 -0.084149
vertex 0.955418 8.216906 -0.000183
endloop
endfacet
facet normal -0.585842 -0.117870 -0.801808
outer loop
vertex 0.945150 9.038596 -0.113473
vertex 1.713779 9.038596 -0.675072
vertex 0.955418 8.216906 -0.000183
endloop
endfacet
facet normal -0.336749 -0.702626 -0.626830
outer loop
vertex 2.439455 9.038596 -1.291171
vertex 2.748792 8.216906 -0.536306
vertex 1.907140 8.216906 -0.084149
endloop
endfacet
facet normal -0.530081 -0.573751 -0.624359
outer loop
vertex 1.713779 9.038596 -0.675072
vertex 2.439455 9.038596 -1.291171
vertex 1.907140 8.216906 -0.084149
endloop
endfacet
facet normal -0.605596 -0.522433 -0.600264
outer loop
vertex 3.262411 9.038596 -1.769635
vertex 3.421382 8.216906 -1.214869
vertex 2.748792 8.216906 -0.536306
endloop
endfacet
facet normal -0.358366 -0.701171 -0.616387
outer loop
vertex 2.439455 9.038596 -1.291171
vertex 3.262411 9.038596 -1.769635
vertex 2.748792 8.216906 -0.536306
endloop
endfacet
facet normal -0.628502 -0.382891 -0.677037
outer loop
vertex 4.066791 9.038596 -2.278709
vertex 4.121596 8.216906 -1.864887
vertex 3.421382 8.216906 -1.214869
endloop
endfacet
facet normal -0.443463 -0.558881 -0.700709
outer loop
vertex 3.262411 9.038596 -1.769635
vertex 4.066791 9.038596 -2.278709
vertex 3.421382 8.216906 -1.214869
endloop
endfacet
facet normal -0.600222 -0.252254 -0.759014
outer loop
vertex 4.894392 9.038596 -2.749093
vertex 4.871007 8.216906 -2.457515
vertex 4.121596 8.216906 -1.864887
endloop
endfacet
facet normal -0.447064 -0.425954 -0.786573
outer loop
vertex 4.066791 9.038596 -2.278709
vertex 4.894392 9.038596 -2.749093
vertex 4.121596 8.216906 -1.864887
endloop
endfacet
facet normal -0.565652 -0.134170 -0.813656
outer loop
vertex 5.735837 9.038596 -3.194239
vertex 5.655482 8.216906 -3.002881
vertex 4.871007 8.216906 -2.457515
endloop
endfacet
facet normal -0.447857 -0.287659 -0.846568
outer loop
vertex 4.894392 9.038596 -2.749093
vertex 5.735837 9.038596 -3.194239
vertex 4.871007 8.216906 -2.457515
endloop
endfacet
facet normal -0.497398 -0.132226 -0.857386
outer loop
vertex 6.566956 9.038596 -3.658379
vertex 6.481901 8.216906 -3.482314
vertex 5.655482 8.216906 -3.002881
endloop
endfacet
facet normal -0.481773 -0.153794 -0.862695
outer loop
vertex 5.735837 9.038596 -3.194239
vertex 6.566956 9.038596 -3.658379
vertex 5.655482 8.216906 -3.002881
endloop
endfacet
facet normal -0.492799 -0.141000 -0.858643
outer loop
vertex 7.389242 9.038596 -4.137994
vertex 7.310543 8.216906 -3.957895
vertex 6.481901 8.216906 -3.482314
endloop
endfacet
facet normal -0.499437 -0.131776 -0.856270
outer loop
vertex 6.566956 9.038596 -3.658379
vertex 7.389242 9.038596 -4.137994
vertex 6.481901 8.216906 -3.482314
endloop
endfacet
facet normal -0.530610 -0.079133 -0.843914
outer loop
vertex 8.218346 9.038596 -4.605723
vertex 8.119371 8.216906 -4.466444
vertex 7.310543 8.216906 -3.957895
endloop
endfacet
facet normal -0.486339 -0.142375 -0.862093
outer loop
vertex 7.389242 9.038596 -4.137994
vertex 8.218346 9.038596 -4.605723
vertex 7.310543 8.216906 -3.957895
endloop
endfacet
facet normal -0.512072 -0.084003 -0.854825
outer loop
vertex 9.034638 9.038596 -5.095470
vertex 8.938983 8.216906 -4.957422
vertex 8.119371 8.216906 -4.466444
endloop
endfacet
facet normal -0.512695 -0.083092 -0.854541
outer loop
vertex 8.218346 9.038596 -4.605723
vertex 9.034638 9.038596 -5.095470
vertex 8.119371 8.216906 -4.466444
endloop
endfacet
facet normal -0.472301 -0.127661 -0.872143
outer loop
vertex 9.857049 9.038596 -5.574868
vertex 9.779119 8.216906 -5.412390
vertex 8.938983 8.216906 -4.957422
endloop
endfacet
facet normal -0.501729 -0.086197 -0.860720
outer loop
vertex 9.034638 9.038596 -5.095470
vertex 9.857049 9.038596 -5.574868
vertex 8.938983 8.216906 -4.957422
endloop
endfacet
facet normal -0.424921 -0.075692 -0.902060
outer loop
vertex 10.738873 9.038596 -5.933436
vertex 10.643444 8.216906 -5.819535
vertex 9.779119 8.216906 -5.412390
endloop
endfacet
facet normal -0.372643 -0.145871 -0.916438
outer loop
vertex 9.857049 9.038596 -5.574868
vertex 10.738873 9.038596 -5.933436
vertex 9.779119 8.216906 -5.412390
endloop
endfacet
facet normal -0.132518 0.078730 -0.988049
outer loop
vertex 11.690011 9.038596 -5.894428
vertex 11.590383 8.216906 -5.946540
vertex 10.643444 8.216906 -5.819535
endloop
endfacet
facet normal 0.040564 -0.141813 -0.989062
outer loop
vertex 10.738873 9.038596 -5.933436
vertex 11.690011 9.038596 -5.894428
vertex 10.643444 8.216906 -5.819535
endloop
endfacet
facet normal 0.570175 -0.043271 -0.820383
outer loop
vertex 12.483779 9.038596 -5.368961
vertex 12.374927 8.216906 -5.401274
vertex 11.590383 8.216906 -5.946540
endloop
endfacet
facet normal 0.551943 -0.014044 -0.833763
outer loop
vertex 11.690011 9.038596 -5.894428
vertex 12.483779 9.038596 -5.368961
vertex 11.590383 8.216906 -5.946540
endloop
endfacet
facet normal 0.641605 0.087309 -0.762050
outer loop
vertex 13.130808 9.038596 -4.670722
vertex 13.105795 8.216906 -4.785923
vertex 12.374927 8.216906 -5.401274
endloop
endfacet
facet normal 0.731680 -0.070265 -0.678017
outer loop
vertex 12.483779 9.038596 -5.368961
vertex 13.130808 9.038596 -4.670722
vertex 12.374927 8.216906 -5.401274
endloop
endfacet
facet normal 0.377209 0.113332 -0.919167
outer loop
vertex 14.012739 9.038596 -4.312417
vertex 13.989680 8.216906 -4.423193
vertex 13.105795 8.216906 -4.785923
endloop
endfacet
facet normal 0.373784 0.117610 -0.920029
outer loop
vertex 13.130808 9.038596 -4.670722
vertex 14.012739 9.038596 -4.312417
vertex 13.105795 8.216906 -4.785923
endloop
endfacet
facet normal 0.463196 -0.057788 -0.884370
outer loop
vertex 14.910124 9.038596 -3.994795
vertex 14.836037 8.216906 -3.979906
vertex 13.989680 8.216906 -4.423193
endloop
endfacet
facet normal 0.331370 0.116918 -0.936228
outer loop
vertex 14.012739 9.038596 -4.312417
vertex 14.910124 9.038596 -3.994795
vertex 13.989680 8.216906 -4.423193
endloop
endfacet
facet normal 0.374465 -0.080762 -0.923717
outer loop
vertex 15.801396 9.038596 -3.660401
vertex 15.721466 8.216906 -3.620963
vertex 14.836037 8.216906 -3.979906
endloop
endfacet
facet normal 0.350862 -0.048580 -0.935166
outer loop
vertex 14.910124 9.038596 -3.994795
vertex 15.801396 9.038596 -3.660401
vertex 14.836037 8.216906 -3.979906
endloop
endfacet
facet normal 0.399724 -0.206646 -0.893038
outer loop
vertex 16.707829 9.038596 -3.369603
vertex 16.593514 8.216906 -3.230634
vertex 15.721466 8.216906 -3.620963
endloop
endfacet
facet normal 0.304615 -0.075204 -0.949502
outer loop
vertex 15.801396 9.038596 -3.660401
vertex 16.707829 9.038596 -3.369603
vertex 15.721466 8.216906 -3.620963
endloop
endfacet
facet normal 0.386476 -0.457446 -0.800862
outer loop
vertex 17.643311 9.038596 -3.193370
vertex 17.453979 8.216906 -2.815394
vertex 16.593514 8.216906 -3.230634
endloop
endfacet
facet normal 0.181811 -0.188516 -0.965094
outer loop
vertex 16.707829 9.038596 -3.369603
vertex 17.643311 9.038596 -3.193370
vertex 16.593514 8.216906 -3.230634
endloop
endfacet
facet normal 0.323390 -0.348295 -0.879835
outer loop
vertex 18.490687 9.038596 -2.759621
vertex 18.350740 8.216906 -2.485782
vertex 17.453979 8.216906 -2.815394
endloop
endfacet
facet normal 0.405174 -0.457471 -0.791552
outer loop
vertex 17.643311 9.038596 -3.193370
vertex 18.490687 9.038596 -2.759621
vertex 17.453979 8.216906 -2.815394
endloop
endfacet
facet normal 0.571384 -0.335987 -0.748754
outer loop
vertex 19.241662 9.038596 -2.174625
vertex 19.110268 8.216906 -1.906177
vertex 18.350740 8.216906 -2.485782
endloop
endfacet
facet normal 0.576801 -0.345004 -0.740454
outer loop
vertex 18.490687 9.038596 -2.759621
vertex 19.241662 9.038596 -2.174625
vertex 18.350740 8.216906 -2.485782
endloop
endfacet
facet normal 0.726274 -0.432571 -0.534237
outer loop
vertex 19.904670 9.038596 -1.491541
vertex 19.676395 8.216906 -1.136551
vertex 19.110268 8.216906 -1.906177
endloop
endfacet
facet normal 0.678904 -0.323842 -0.658951
outer loop
vertex 19.241662 9.038596 -2.174625
vertex 19.904670 9.038596 -1.491541
vertex 19.110268 8.216906 -1.906177
endloop
endfacet
facet normal 0.725963 -0.319420 -0.609056
outer loop
vertex 20.414535 9.038596 -0.687661
vertex 20.290467 8.216906 -0.404608
vertex 19.676395 8.216906 -1.136551
endloop
endfacet
facet normal 0.765438 -0.422388 -0.485483
outer loop
vertex 19.904670 9.038596 -1.491541
vertex 20.414535 9.038596 -0.687661
vertex 19.676395 8.216906 -1.136551
endloop
endfacet
facet normal -0.086590 -0.687257 -0.721235
outer loop
vertex 0.675557 9.860287 -0.864087
vertex 0.945150 9.038596 -0.113473
vertex 0.000000 9.038596 0.000000
endloop
endfacet
facet normal -0.686131 -0.177726 -0.705434
outer loop
vertex 0.000000 9.860287 -0.207015
vertex 0.675557 9.860287 -0.864087
vertex 0.000000 9.038596 0.000000
endloop
endfacet
facet normal -0.446188 -0.654215 -0.610671
outer loop
vertex 1.467283 9.860287 -1.375251
vertex 1.713779 9.038596 -0.675072
vertex 0.945150 9.038596 -0.113473
endloop
endfacet
facet normal -0.394147 -0.686993 -0.610482
outer loop
vertex 0.675557 9.860287 -0.864087
vertex 1.467283 9.860287 -1.375251
vertex 0.945150 9.038596 -0.113473
endloop
endfacet
facet normal -0.557919 -0.506835 -0.657149
outer loop
vertex 2.303625 9.860287 -1.809592
vertex 2.439455 9.038596 -1.291171
vertex 1.713779 9.038596 -0.675072
endloop
endfacet
facet normal -0.343516 -0.666689 -0.661455
outer loop
vertex 1.467283 9.860287 -1.375251
vertex 2.303625 9.860287 -1.809592
vertex 1.713779 9.038596 -0.675072
endloop
endfacet
facet normal -0.437146 -0.493525 -0.751889
outer loop
vertex 3.142405 9.860287 -2.239205
vertex 3.262411 9.038596 -1.769635
vertex 2.439455 9.038596 -1.291171
endloop
endfacet
facet normal -0.384507 -0.537201 -0.750713
outer loop
vertex 2.303625 9.860287 -1.809592
vertex 3.142405 9.860287 -2.239205
vertex 2.439455 9.038596 -1.291171
endloop
endfacet
facet normal -0.487386 -0.411564 -0.770110
outer loop
vertex 3.983172 9.860287 -2.664918
vertex 4.066791 9.038596 -2.278709
vertex 3.262411 9.038596 -1.769635
endloop
endfacet
facet normal -0.391472 -0.499000 -0.773142
outer loop
vertex 3.142405 9.860287 -2.239205
vertex 3.983172 9.860287 -2.664918
vertex 3.262411 9.038596 -1.769635
endloop
endfacet
facet normal -0.458284 -0.373944 -0.806313
outer loop
vertex 4.824137 9.860287 -3.090238
vertex 4.894392 9.038596 -2.749093
vertex 4.066791 9.038596 -2.278709
endloop
endfacet
facet normal -0.409179 -0.421909 -0.809052
outer loop
vertex 3.983172 9.860287 -2.664918
vertex 4.824137 9.860287 -3.090238
vertex 4.066791 9.038596 -2.278709
endloop
endfacet
facet normal -0.445246 -0.305628 -0.841634
outer loop
vertex 5.687845 9.860287 -3.467236
vertex 5.735837 9.038596 -3.194239
vertex 4.894392 9.038596 -2.749093
endloop
endfacet
facet normal -0.369524 -0.383075 -0.846585
outer loop
vertex 4.824137 9.860287 -3.090238
vertex 5.687845 9.860287 -3.467236
vertex 4.894392 9.038596 -2.749093
endloop
endfacet
facet normal -0.471068 -0.257992 -0.843525
outer loop
vertex 6.530447 9.860287 -3.889304
vertex 6.566956 9.038596 -3.658379
vertex 5.735837 9.038596 -3.194239
endloop
endfacet
facet normal -0.426158 -0.307547 -0.850767
outer loop
vertex 5.687845 9.860287 -3.467236
vertex 6.530447 9.860287 -3.889304
vertex 5.735837 9.038596 -3.194239
endloop
endfacet
facet normal -0.486124 -0.262780 -0.833445
outer loop
vertex 7.341496 9.860287 -4.369220
vertex 7.389242 9.038596 -4.137994
vertex 6.566956 9.038596 -3.658379
endloop
endfacet
facet normal -0.492319 -0.255700 -0.832010
outer loop
vertex 6.530447 9.860287 -3.889304
vertex 7.341496 9.860287 -4.369220
vertex 6.566956 9.038596 -3.658379
endloop
endfacet
facet normal -0.483930 -0.173069 -0.857822
outer loop
vertex 8.198832 9.860287 -4.760494
vertex 8.218346 9.038596 -4.605723
vertex 7.389242 9.038596 -4.137994
endloop
endfacet
facet normal -0.399798 -0.269743 -0.876014
outer loop
vertex 7.341496 9.860287 -4.369220
vertex 8.198832 9.860287 -4.760494
vertex 7.389242 9.038596 -4.137994
endloop
endfacet
facet normal -0.513962 -0.044604 -0.856653
outer loop
vertex 9.056382 9.860287 -5.151299
vertex 9.034638 9.038596 -5.095470
vertex 8.218346 9.038596 -4.605723
endloop
endfacet
facet normal -0.408043 -0.178340 -0.895375
outer loop
vertex 8.198832 9.860287 -4.760494
vertex 9.056382 9.860287 -5.151299
vertex 8.218346 9.038596 -4.605723
endloop
endfacet
facet normal -0.501878 0.082715 -0.860975
outer loop
vertex 9.918560 9.860287 -5.531783
vertex 9.857049 9.038596 -5.574868
vertex 9.034638 9.038596 -5.095470
endloop
endfacet
facet normal -0.403205 -0.051408 -0.913665
outer loop
vertex 9.056382 9.860287 -5.151299
vertex 9.918560 9.860287 -5.531783
vertex 9.034638 9.038596 -5.095470
endloop
endfacet
facet normal -0.364569 0.251458 -0.896582
outer loop
vertex 10.837012 9.860287 -5.742888
vertex 10.738873 9.038596 -5.933436
vertex 9.857049 9.038596 -5.574868
endloop
endfacet
facet normal -0.223494 0.067716 -0.972350
outer loop
vertex 9.918560 9.860287 -5.531783
vertex 10.837012 9.860287 -5.742888
vertex 9.857049 9.038596 -5.574868
endloop
endfacet
facet normal 0.040805 0.091878 -0.994934
outer loop
vertex 11.776650 9.860287 -5.814995
vertex 11.690011 9.038596 -5.894428
vertex 10.738873 9.038596 -5.933436
endloop
endfacet
facet normal -0.074396 0.233701 -0.969458
outer loop
vertex 10.837012 9.860287 -5.742888
vertex 11.776650 9.860287 -5.814995
vertex 10.738873 9.038596 -5.933436
endloop
endfacet
facet normal 0.546293 -0.143398 -0.825228
outer loop
vertex 12.629945 9.860287 -5.414984
vertex 12.483779 9.038596 -5.368961
vertex 11.690011 9.038596 -5.894428
endloop
endfacet
facet normal 0.424071 0.042735 -0.904620
outer loop
vertex 11.776650 9.860287 -5.814995
vertex 12.629945 9.860287 -5.414984
vertex 11.690011 9.038596 -5.894428
endloop
endfacet
facet normal 0.730800 -0.085602 -0.677203
outer loop
vertex 13.219027 9.860287 -4.679388
vertex 13.130808 9.038596 -4.670722
vertex 12.483779 9.038596 -5.368961
endloop
endfacet
facet normal 0.769020 -0.171290 -0.615848
outer loop
vertex 12.629945 9.860287 -5.414984
vertex 13.219027 9.860287 -4.679388
vertex 12.483779 9.038596 -5.368961
endloop
endfacet
facet normal 0.375649 0.062960 -0.924621
outer loop
vertex 14.052823 9.860287 -4.240180
vertex 14.012739 9.038596 -4.312417
vertex 13.130808 9.038596 -4.670722
endloop
endfacet
facet normal 0.465232 -0.059263 -0.883202
outer loop
vertex 13.219027 9.860287 -4.679388
vertex 14.052823 9.860287 -4.240180
vertex 13.130808 9.038596 -4.670722
endloop
endfacet
facet normal 0.331434 -0.115275 -0.936410
outer loop
vertex 14.979956 9.860287 -4.071231
vertex 14.910124 9.038596 -3.994795
vertex 14.012739 9.038596 -4.312417
endloop
endfacet
facet normal 0.178736 0.077508 -0.980839
outer loop
vertex 14.052823 9.860287 -4.240180
vertex 14.979956 9.860287 -4.071231
vertex 14.012739 9.038596 -4.312417
endloop
endfacet
facet normal 0.339968 -0.251700 -0.906129
outer loop
vertex 15.896714 9.860287 -3.852884
vertex 15.801396 9.038596 -3.660401
vertex 14.910124 9.038596 -3.994795
endloop
endfacet
facet normal 0.230298 -0.109520 -0.966938
outer loop
vertex 14.979956 9.860287 -4.071231
vertex 15.896714 9.860287 -3.852884
vertex 14.910124 9.038596 -3.994795
endloop
endfacet
facet normal 0.281561 -0.387902 -0.877642
outer loop
vertex 16.825784 9.860287 -3.694934
vertex 16.707829 9.038596 -3.369603
vertex 15.801396 9.038596 -3.660401
endloop
endfacet
facet normal 0.162585 -0.242884 -0.956333
outer loop
vertex 15.896714 9.860287 -3.852884
vertex 16.825784 9.860287 -3.694934
vertex 15.801396 9.038596 -3.660401
endloop
endfacet
facet normal 0.179821 -0.237791 -0.954526
outer loop
vertex 17.715572 9.860287 -3.384456
vertex 17.643311 9.038596 -3.193370
vertex 16.707829 9.038596 -3.369603
endloop
endfacet
facet normal 0.303630 -0.388109 -0.870161
outer loop
vertex 16.825784 9.860287 -3.694934
vertex 17.715572 9.860287 -3.384456
vertex 16.707829 9.038596 -3.369603
endloop
endfacet
facet normal 0.438398 -0.272554 -0.856459
outer loop
vertex 18.567594 9.860287 -2.981744
vertex 18.490687 9.038596 -2.759621
vertex 17.643311 9.038596 -3.193370
endloop
endfacet
facet normal 0.414778 -0.240552 -0.877550
outer loop
vertex 17.715572 9.860287 -3.384456
vertex 18.567594 9.860287 -2.981744
vertex 17.643311 9.038596 -3.193370
endloop
endfacet
facet normal 0.575106 -0.352419 -0.738278
outer loop
vertex 19.361303 9.860287 -2.473663
vertex 19.241662 9.038596 -2.174625
vertex 18.490687 9.038596 -2.759621
endloop
endfacet
facet normal 0.519418 -0.267962 -0.811419
outer loop
vertex 18.567594 9.860287 -2.981744
vertex 19.361303 9.860287 -2.473663
vertex 18.490687 9.038596 -2.759621
endloop
endfacet
facet normal 0.648959 -0.426727 -0.629886
outer loop
vertex 20.081579 9.860287 -1.865944
vertex 19.904670 9.038596 -1.491541
vertex 19.241662 9.038596 -2.174625
endloop
endfacet
facet normal 0.604388 -0.348695 -0.716329
outer loop
vertex 19.361303 9.860287 -2.473663
vertex 20.081579 9.860287 -1.865944
vertex 19.241662 9.038596 -2.174625
endloop
endfacet
facet normal 0.713493 -0.534918 -0.452537
outer loop
vertex 20.721835 9.860287 -1.174430
vertex 20.414535 9.038596 -0.687661
vertex 19.904670 9.038596 -1.491541
endloop
endfacet
facet normal 0.664715 -0.423538 -0.615443
outer loop
vertex 20.081579 9.860287 -1.865944
vertex 20.721835 9.860287 -1.174430
vertex 19.904670 9.038596 -1.491541
endloop
endfacet
facet normal 0.677525 -0.545585 -0.493251
outer loop
vertex 20.721835 9.860287 -1.174430
vertex 21.276500 9.860287 -0.412546
vertex 20.414535 9.038596 -0.687661
endloop
endfacet
facet normal -0.582439 -0.549703 -0.598825
outer loop
vertex 0.703171 10.681978 -1.645232
vertex 0.675557 9.860287 -0.864087
vertex 0.000000 9.860287 -0.207015
endloop
endfacet
facet normal -0.515197 -0.611046 -0.600995
outer loop
vertex 0.000000 10.681978 -1.042447
vertex 0.703171 10.681978 -1.645232
vertex 0.000000 9.860287 -0.207015
endloop
endfacet
facet normal -0.454768 -0.545014 -0.704376
outer loop
vertex 1.534155 10.681978 -2.054212
vertex 1.467283 9.860287 -1.375251
vertex 0.675557 9.860287 -0.864087
endloop
endfacet
facet normal -0.338434 -0.642343 -0.687647
outer loop
vertex 0.703171 10.681978 -1.645232
vertex 1.534155 10.681978 -2.054212
vertex 0.675557 9.860287 -0.864087
endloop
endfacet
facet normal -0.418403 -0.419360 -0.805653
outer loop
vertex 2.426775 10.681978 -2.301256
vertex 2.303625 9.860287 -1.809592
vertex 1.467283 9.860287 -1.375251
endloop
endfacet
facet normal -0.210867 -0.612400 -0.761906
outer loop
vertex 1.534155 10.681978 -2.054212
vertex 2.426775 10.681978 -2.301256
vertex 1.467283 9.860287 -1.375251
endloop
endfacet
facet normal -0.409323 -0.440215 -0.799165
outer loop
vertex 3.241141 10.681978 -2.742400
vertex 3.142405 9.860287 -2.239205
vertex 2.303625 9.860287 -1.809592
endloop
endfacet
facet normal -0.433583 -0.413947 -0.800408
outer loop
vertex 2.426775 10.681978 -2.301256
vertex 3.241141 10.681978 -2.742400
vertex 2.303625 9.860287 -1.809592
endloop
endfacet
facet normal -0.398780 -0.469786 -0.787576
outer loop
vertex 4.052022 10.681978 -3.189916
vertex 3.983172 9.860287 -2.664918
vertex 3.142405 9.860287 -2.239205
endloop
endfacet
facet normal -0.435927 -0.431335 -0.789884
outer loop
vertex 3.241141 10.681978 -2.742400
vertex 4.052022 10.681978 -3.189916
vertex 3.142405 9.860287 -2.239205
endloop
endfacet
facet normal -0.405296 -0.439928 -0.801373
outer loop
vertex 4.893667 10.681978 -3.576484
vertex 4.824137 9.860287 -3.090238
vertex 3.983172 9.860287 -2.664918
endloop
endfacet
facet normal -0.366389 -0.478976 -0.797710
outer loop
vertex 4.052022 10.681978 -3.189916
vertex 4.893667 10.681978 -3.576484
vertex 3.983172 9.860287 -2.664918
endloop
endfacet
facet normal -0.362132 -0.424904 -0.829649
outer loop
vertex 5.754850 10.681978 -3.917311
vertex 5.687845 9.860287 -3.467236
vertex 4.824137 9.860287 -3.090238
endloop
endfacet
facet normal -0.326611 -0.460723 -0.825263
outer loop
vertex 4.893667 10.681978 -3.576484
vertex 5.754850 10.681978 -3.917311
vertex 4.824137 9.860287 -3.090238
endloop
endfacet
facet normal -0.419574 -0.349780 -0.837623
outer loop
vertex 6.610249 10.681978 -4.272405
vertex 6.530447 9.860287 -3.889304
vertex 5.687845 9.860287 -3.467236
endloop
endfacet
facet normal -0.346366 -0.428778 -0.834374
outer loop
vertex 5.754850 10.681978 -3.917311
vertex 6.610249 10.681978 -4.272405
vertex 5.687845 9.860287 -3.467236
endloop
endfacet
facet normal -0.494313 -0.240405 -0.835380
outer loop
vertex 7.447496 10.681978 -4.668407
vertex 7.341496 9.860287 -4.369220
vertex 6.530447 9.860287 -3.889304
endloop
endfacet
facet normal -0.399691 -0.355171 -0.845045
outer loop
vertex 6.610249 10.681978 -4.272405
vertex 7.447496 10.681978 -4.668407
vertex 6.530447 9.860287 -3.889304
endloop
endfacet
facet normal -0.410348 -0.152247 -0.899130
outer loop
vertex 8.327167 10.681978 -4.958198
vertex 8.198832 9.860287 -4.760494
vertex 7.341496 9.860287 -4.369220
endloop
endfacet
facet normal -0.299241 -0.292140 -0.908355
outer loop
vertex 7.447496 10.681978 -4.668407
vertex 8.327167 10.681978 -4.958198
vertex 7.341496 9.860287 -4.369220
endloop
endfacet
facet normal -0.412481 0.103088 -0.905114
outer loop
vertex 9.235459 10.681978 -5.139321
vertex 9.056382 9.860287 -5.151299
vertex 8.198832 9.860287 -4.760494
endloop
endfacet
facet normal -0.191560 -0.201216 -0.960633
outer loop
vertex 8.327167 10.681978 -4.958198
vertex 9.235459 10.681978 -5.139321
vertex 8.198832 9.860287 -4.760494
endloop
endfacet
facet normal -0.379024 0.344506 -0.858869
outer loop
vertex 10.147051 10.681978 -5.303024
vertex 9.918560 9.860287 -5.531783
vertex 9.056382 9.860287 -5.151299
endloop
endfacet
facet normal -0.176505 0.052794 -0.982883
outer loop
vertex 9.235459 10.681978 -5.139321
vertex 10.147051 10.681978 -5.303024
vertex 9.056382 9.860287 -5.151299
endloop
endfacet
facet normal -0.211160 0.333794 -0.918691
outer loop
vertex 11.053311 10.681978 -5.494054
vertex 10.837012 9.860287 -5.742888
vertex 9.918560 9.860287 -5.531783
endloop
endfacet
facet normal -0.195881 0.313179 -0.929273
outer loop
vertex 10.147051 10.681978 -5.303024
vertex 11.053311 10.681978 -5.494054
vertex 9.918560 9.860287 -5.531783
endloop
endfacet
facet normal -0.075182 0.185837 -0.979700
outer loop
vertex 11.961965 10.681978 -5.673352
vertex 11.776650 9.860287 -5.814995
vertex 10.837012 9.860287 -5.742888
endloop
endfacet
facet normal -0.182831 0.328720 -0.926562
outer loop
vertex 11.053311 10.681978 -5.494054
vertex 11.961965 10.681978 -5.673352
vertex 10.837012 9.860287 -5.742888
endloop
endfacet
facet normal 0.415824 -0.200682 -0.887027
outer loop
vertex 12.869521 10.681978 -5.488575
vertex 12.629945 9.860287 -5.414984
vertex 11.776650 9.860287 -5.814995
endloop
endfacet
facet normal 0.197991 0.122981 -0.972458
outer loop
vertex 11.961965 10.681978 -5.673352
vertex 12.869521 10.681978 -5.488575
vertex 11.776650 9.860287 -5.814995
endloop
endfacet
facet normal 0.686937 -0.474859 -0.550114
outer loop
vertex 13.597528 10.681978 -4.916032
vertex 13.219027 9.860287 -4.679388
vertex 12.629945 9.860287 -5.414984
endloop
endfacet
facet normal 0.599633 -0.243117 -0.762452
outer loop
vertex 12.869521 10.681978 -5.488575
vertex 13.597528 10.681978 -4.916032
vertex 12.629945 9.860287 -5.414984
endloop
endfacet
facet normal 0.445735 -0.292038 -0.846188
outer loop
vertex 14.345376 10.681978 -4.369660
vertex 14.052823 9.860287 -4.240180
vertex 13.219027 9.860287 -4.679388
endloop
endfacet
facet normal 0.526737 -0.450272 -0.720974
outer loop
vertex 13.597528 10.681978 -4.916032
vertex 14.345376 10.681978 -4.369660
vertex 13.219027 9.860287 -4.679388
endloop
endfacet
facet normal 0.170950 -0.301204 -0.938111
outer loop
vertex 15.267456 10.681978 -4.282665
vertex 14.979956 9.860287 -4.071231
vertex 14.052823 9.860287 -4.240180
endloop
endfacet
facet normal 0.092273 -0.186967 -0.978023
outer loop
vertex 14.345376 10.681978 -4.369660
vertex 15.267456 10.681978 -4.282665
vertex 14.052823 9.860287 -4.240180
endloop
endfacet
facet normal 0.207712 -0.443039 -0.872108
outer loop
vertex 16.189976 10.681978 -4.200464
vertex 15.896714 9.860287 -3.852884
vertex 14.979956 9.860287 -4.071231
endloop
endfacet
facet normal 0.085301 -0.276178 -0.957314
outer loop
vertex 15.267456 10.681978 -4.282665
vertex 16.189976 10.681978 -4.200464
vertex 14.979956 9.860287 -4.071231
endloop
endfacet
facet normal 0.160705 -0.283953 -0.945275
outer loop
vertex 17.066355 10.681978 -3.900864
vertex 16.825784 9.860287 -3.694934
vertex 15.896714 9.860287 -3.852884
endloop
endfacet
facet normal 0.287501 -0.458351 -0.840986
outer loop
vertex 16.189976 10.681978 -4.200464
vertex 17.066355 10.681978 -3.900864
vertex 15.896714 9.860287 -3.852884
endloop
endfacet
facet normal 0.319422 -0.244904 -0.915419
outer loop
vertex 17.916802 10.681978 -3.534069
vertex 17.715572 9.860287 -3.384456
vertex 16.825784 9.860287 -3.694934
endloop
endfacet
facet normal 0.374255 -0.327044 -0.867742
outer loop
vertex 17.066355 10.681978 -3.900864
vertex 17.916802 10.681978 -3.534069
vertex 16.825784 9.860287 -3.694934
endloop
endfacet
facet normal 0.408913 -0.290384 -0.865140
outer loop
vertex 18.765775 10.681978 -3.163873
vertex 18.567594 9.860287 -2.981744
vertex 17.715572 9.860287 -3.384456
endloop
endfacet
facet normal 0.386388 -0.255967 -0.886107
outer loop
vertex 17.916802 10.681978 -3.534069
vertex 18.765775 10.681978 -3.163873
vertex 17.715572 9.860287 -3.384456
endloop
endfacet
facet normal 0.496628 -0.389192 -0.775816
outer loop
vertex 19.589240 10.681978 -2.739957
vertex 19.361303 9.860287 -2.473663
vertex 18.567594 9.860287 -2.981744
endloop
endfacet
facet normal 0.437494 -0.293886 -0.849841
outer loop
vertex 18.765775 10.681978 -3.163873
vertex 19.589240 10.681978 -2.739957
vertex 18.567594 9.860287 -2.981744
endloop
endfacet
facet normal 0.578764 -0.441013 -0.685959
outer loop
vertex 20.330279 10.681978 -2.184384
vertex 20.081579 9.860287 -1.865944
vertex 19.361303 9.860287 -2.473663
endloop
endfacet
facet normal 0.551928 -0.391686 -0.736178
outer loop
vertex 19.589240 10.681978 -2.739957
vertex 20.330279 10.681978 -2.184384
vertex 19.361303 9.860287 -2.473663
endloop
endfacet
facet normal 0.662687 -0.429400 -0.613565
outer loop
vertex 20.953507 10.681978 -1.499266
vertex 20.721835 9.860287 -1.174430
vertex 20.081579 9.860287 -1.865944
endloop
endfacet
facet normal 0.665665 -0.436145 -0.605531
outer loop
vertex 20.330279 10.681978 -2.184384
vertex 20.953507 10.681978 -1.499266
vertex 20.081579 9.860287 -1.865944
endloop
endfacet
facet normal 0.736966 -0.411124 -0.536525
outer loop
vertex 21.492216 10.681978 -0.745879
vertex 21.276500 9.860287 -0.412546
vertex 20.721835 9.860287 -1.174430
endloop
endfacet
facet normal 0.739202 -0.417371 -0.528566
outer loop
vertex 20.953507 10.681978 -1.499266
vertex 21.492216 10.681978 -0.745879
vertex 20.721835 9.860287 -1.174430
endloop
endfacet
facet normal 0.620714 -0.429139 -0.656166
outer loop
vertex 21.492216 10.681978 -0.745879
vertex 22.165044 10.681978 -0.109403
vertex 21.276500 9.860287 -0.412546
endloop
endfacet
facet normal -0.649069 0.073593 -0.757162
outer loop
vertex 0.635182 11.503668 -1.507085
vertex 0.703171 10.681978 -1.645232
vertex 0.000000 10.681978 -1.042447
endloop
endfacet
facet normal -0.716024 0.170753 -0.676870
outer loop
vertex 0.000000 11.503668 -0.835160
vertex 0.635182 11.503668 -1.507085
vertex 0.000000 10.681978 -1.042447
endloop
endfacet
facet normal -0.436786 -0.146952 -0.887481
outer loop
vertex 1.346445 11.503668 -2.097887
vertex 1.534155 10.681978 -2.054212
vertex 0.703171 10.681978 -1.645232
endloop
endfacet
facet normal -0.637100 0.076237 -0.767001
outer loop
vertex 0.635182 11.503668 -1.507085
vertex 1.346445 11.503668 -2.097887
vertex 0.703171 10.681978 -1.645232
endloop
endfacet
facet normal -0.250409 -0.344491 -0.904777
outer loop
vertex 2.158587 11.503668 -2.539888
vertex 2.426775 10.681978 -2.301256
vertex 1.534155 10.681978 -2.054212
endloop
endfacet
facet normal -0.472326 -0.154029 -0.867861
outer loop
vertex 1.346445 11.503668 -2.097887
vertex 2.158587 11.503668 -2.539888
vertex 1.534155 10.681978 -2.054212
endloop
endfacet
facet normal -0.442068 -0.372294 -0.816072
outer loop
vertex 2.975355 11.503668 -2.973281
vertex 3.241141 10.681978 -2.742400
vertex 2.426775 10.681978 -2.301256
endloop
endfacet
facet normal -0.433758 -0.378974 -0.817455
outer loop
vertex 2.158587 11.503668 -2.539888
vertex 2.975355 11.503668 -2.973281
vertex 2.426775 10.681978 -2.301256
endloop
endfacet
facet normal -0.451265 -0.357447 -0.817675
outer loop
vertex 3.792530 11.503668 -3.405908
vertex 4.052022 10.681978 -3.189916
vertex 3.241141 10.681978 -2.742400
endloop
endfacet
facet normal -0.434475 -0.371130 -0.820667
outer loop
vertex 2.975355 11.503668 -2.973281
vertex 3.792530 11.503668 -3.405908
vertex 3.241141 10.681978 -2.742400
endloop
endfacet
facet normal -0.396201 -0.314513 -0.862616
outer loop
vertex 4.645753 11.503668 -3.762209
vertex 4.893667 10.681978 -3.576484
vertex 4.052022 10.681978 -3.189916
endloop
endfacet
facet normal -0.362072 -0.342257 -0.867043
outer loop
vertex 3.792530 11.503668 -3.405908
vertex 4.645753 11.503668 -3.762209
vertex 4.052022 10.681978 -3.189916
endloop
endfacet
facet normal -0.356542 -0.247538 -0.900890
outer loop
vertex 5.523901 11.503668 -4.051685
vertex 5.754850 10.681978 -3.917311
vertex 4.893667 10.681978 -3.576484
endloop
endfacet
facet normal -0.299108 -0.295334 -0.907366
outer loop
vertex 4.645753 11.503668 -3.762209
vertex 5.523901 11.503668 -4.051685
vertex 4.893667 10.681978 -3.576484
endloop
endfacet
facet normal -0.380809 -0.116027 -0.917345
outer loop
vertex 6.415777 11.503668 -4.295604
vertex 6.610249 10.681978 -4.272405
vertex 5.754850 10.681978 -3.917311
endloop
endfacet
facet normal -0.256983 -0.225893 -0.939645
outer loop
vertex 5.523901 11.503668 -4.051685
vertex 6.415777 11.503668 -4.295604
vertex 5.754850 10.681978 -3.917311
endloop
endfacet
facet normal -0.422412 0.154826 -0.893083
outer loop
vertex 7.324257 11.503668 -4.467668
vertex 7.447496 10.681978 -4.668407
vertex 6.610249 10.681978 -4.272405
endloop
endfacet
facet normal -0.185612 -0.071599 -0.980011
outer loop
vertex 6.415777 11.503668 -4.295604
vertex 7.324257 11.503668 -4.467668
vertex 6.610249 10.681978 -4.272405
endloop
endfacet
facet normal -0.297317 0.311555 -0.902516
outer loop
vertex 8.232069 11.503668 -4.643217
vertex 8.327167 10.681978 -4.958198
vertex 7.447496 10.681978 -4.668407
endloop
endfacet
facet normal -0.185754 0.206811 -0.960585
outer loop
vertex 7.324257 11.503668 -4.467668
vertex 8.232069 11.503668 -4.643217
vertex 7.447496 10.681978 -4.668407
endloop
endfacet
facet normal -0.181903 0.367151 -0.912202
outer loop
vertex 9.144886 11.503668 -4.790539
vertex 9.235459 10.681978 -5.139321
vertex 8.327167 10.681978 -4.958198
endloop
endfacet
facet normal -0.149913 0.338716 -0.928869
outer loop
vertex 8.232069 11.503668 -4.643217
vertex 9.144886 11.503668 -4.790539
vertex 8.327167 10.681978 -4.958198
endloop
endfacet
facet normal -0.164467 0.366296 -0.915848
outer loop
vertex 10.054276 11.503668 -4.957726
vertex 10.147051 10.681978 -5.303024
vertex 9.235459 10.681978 -5.139321
endloop
endfacet
facet normal -0.168024 0.369421 -0.913945
outer loop
vertex 9.144886 11.503668 -4.790539
vertex 10.054276 11.503668 -4.957726
vertex 9.235459 10.681978 -5.139321
endloop
endfacet
facet normal -0.193181 0.350400 -0.916461
outer loop
vertex 10.956620 11.503668 -5.159508
vertex 11.053311 10.681978 -5.494054
vertex 10.147051 10.681978 -5.303024
endloop
endfacet
facet normal -0.203626 0.359666 -0.910592
outer loop
vertex 10.054276 11.503668 -4.957726
vertex 10.956620 11.503668 -5.159508
vertex 10.147051 10.681978 -5.303024
endloop
endfacet
facet normal -0.184144 0.308536 -0.933218
outer loop
vertex 11.854458 11.503668 -5.380475
vertex 11.961965 10.681978 -5.673352
vertex 11.053311 10.681978 -5.494054
endloop
endfacet
facet normal -0.224331 0.344717 -0.911507
outer loop
vertex 10.956620 11.503668 -5.159508
vertex 11.854458 11.503668 -5.380475
vertex 11.053311 10.681978 -5.494054
endloop
endfacet
facet normal 0.198705 -0.089486 -0.975966
outer loop
vertex 12.755708 11.503668 -5.587088
vertex 12.869521 10.681978 -5.488575
vertex 11.961965 10.681978 -5.673352
endloop
endfacet
facet normal -0.212935 0.303205 -0.928830
outer loop
vertex 11.854458 11.503668 -5.380475
vertex 12.755708 11.503668 -5.587088
vertex 11.961965 10.681978 -5.673352
endloop
endfacet
facet normal 0.516650 -0.549097 -0.656937
outer loop
vertex 13.679071 11.503668 -5.538707
vertex 13.597528 10.681978 -4.916032
vertex 12.869521 10.681978 -5.488575
endloop
endfacet
facet normal 0.051996 -0.111773 -0.992372
outer loop
vertex 12.755708 11.503668 -5.587088
vertex 13.679071 11.503668 -5.538707
vertex 12.869521 10.681978 -5.488575
endloop
endfacet
facet normal 0.434073 -0.677185 -0.594139
outer loop
vertex 14.528160 11.503668 -5.172662
vertex 14.345376 10.681978 -4.369660
vertex 13.597528 10.681978 -4.916032
endloop
endfacet
facet normal 0.318961 -0.592327 -0.739873
outer loop
vertex 13.679071 11.503668 -5.538707
vertex 14.528160 11.503668 -5.172662
vertex 13.597528 10.681978 -4.916032
endloop
endfacet
facet normal 0.078589 -0.547693 -0.832980
outer loop
vertex 15.379695 11.503668 -4.812346
vertex 15.267456 10.681978 -4.282665
vertex 14.345376 10.681978 -4.369660
endloop
endfacet
facet normal 0.277391 -0.702352 -0.655557
outer loop
vertex 14.528160 11.503668 -5.172662
vertex 15.379695 11.503668 -4.812346
vertex 14.345376 10.681978 -4.369660
endloop
endfacet
facet normal 0.083443 -0.340705 -0.936460
outer loop
vertex 16.247887 11.503668 -4.494253
vertex 16.189976 10.681978 -4.200464
vertex 15.267456 10.681978 -4.282665
endloop
endfacet
facet normal 0.288143 -0.546323 -0.786451
outer loop
vertex 15.379695 11.503668 -4.812346
vertex 16.247887 11.503668 -4.494253
vertex 15.267456 10.681978 -4.282665
endloop
endfacet
facet normal 0.304844 -0.334532 -0.891717
outer loop
vertex 17.121161 11.503668 -4.190390
vertex 17.066355 10.681978 -3.900864
vertex 16.189976 10.681978 -4.200464
endloop
endfacet
facet normal 0.309123 -0.339423 -0.888389
outer loop
vertex 16.247887 11.503668 -4.494253
vertex 17.121161 11.503668 -4.190390
vertex 16.189976 10.681978 -4.200464
endloop
endfacet
facet normal 0.370902 -0.350550 -0.859969
outer loop
vertex 17.977912 11.503668 -3.842658
vertex 17.916802 10.681978 -3.534069
vertex 17.066355 10.681978 -3.900864
endloop
endfacet
facet normal 0.354789 -0.331670 -0.874139
outer loop
vertex 17.121161 11.503668 -4.190390
vertex 17.977912 11.503668 -3.842658
vertex 17.066355 10.681978 -3.900864
endloop
endfacet
facet normal 0.374684 -0.348242 -0.859267
outer loop
vertex 18.824652 11.503668 -3.471213
vertex 18.765775 10.681978 -3.163873
vertex 17.916802 10.681978 -3.534069
endloop
endfacet
facet normal 0.376294 -0.350134 -0.857793
outer loop
vertex 17.977912 11.503668 -3.842658
vertex 18.824652 11.503668 -3.471213
vertex 17.916802 10.681978 -3.534069
endloop
endfacet
facet normal 0.428871 -0.349332 -0.833089
outer loop
vertex 19.649535 11.503668 -3.053470
vertex 19.589240 10.681978 -2.739957
vertex 18.765775 10.681978 -3.163873
endloop
endfacet
facet normal 0.424263 -0.343749 -0.837758
outer loop
vertex 18.824652 11.503668 -3.471213
vertex 19.649535 11.503668 -3.053470
vertex 18.765775 10.681978 -3.163873
endloop
endfacet
facet normal 0.559365 -0.361175 -0.746099
outer loop
vertex 20.407657 11.503668 -2.524140
vertex 20.330279 10.681978 -2.184384
vertex 19.589240 10.681978 -2.739957
endloop
endfacet
facet normal 0.539518 -0.334416 -0.772714
outer loop
vertex 19.649535 11.503668 -3.053470
vertex 20.407657 11.503668 -2.524140
vertex 19.589240 10.681978 -2.739957
endloop
endfacet
facet normal 0.663787 -0.441343 -0.603823
outer loop
vertex 21.112225 11.503668 -1.925371
vertex 20.953507 10.681978 -1.499266
vertex 20.330279 10.681978 -2.184384
endloop
endfacet
facet normal 0.606135 -0.351990 -0.713235
outer loop
vertex 20.407657 11.503668 -2.524140
vertex 21.112225 11.503668 -1.925371
vertex 20.330279 10.681978 -2.184384
endloop
endfacet
facet normal 0.699151 -0.511137 -0.499927
outer loop
vertex 21.736959 11.503668 -1.243720
vertex 21.492216 10.681978 -0.745879
vertex 20.953507 10.681978 -1.499266
endloop
endfacet
facet normal 0.661285 -0.442024 -0.606068
outer loop
vertex 21.112225 11.503668 -1.925371
vertex 21.736959 11.503668 -1.243720
vertex 20.953507 10.681978 -1.499266
endloop
endfacet
facet normal 0.632375 -0.391431 -0.668494
outer loop
vertex 22.271845 11.503668 -0.489507
vertex 22.165044 10.681978 -0.109403
vertex 21.492216 10.681978 -0.745879
endloop
endfacet
facet normal 0.701470 -0.510346 -0.497481
outer loop
vertex 21.736959 11.503668 -1.243720
vertex 22.271845 11.503668 -0.489507
vertex 21.492216 10.681978 -0.745879
endloop
endfacet
facet normal -0.718463 0.150110 -0.679175
outer loop
vertex 0.564212 12.325359 -1.250401
vertex 0.635182 11.503668 -1.507085
vertex 0.000000 11.503668 -0.835160
endloop
endfacet
facet normal -0.770303 0.227975 -0.595534
outer loop
vertex 0.000000 12.325359 -0.520611
vertex 0.564212 12.325359 -1.250401
vertex 0.000000 11.503668 -0.835160
endloop
endfacet
facet normal -0.634083 0.123314 -0.763369
outer loop
vertex 1.240813 12.325359 -1.877410
vertex 1.346445 11.503668 -2.097887
vertex 0.635182 11.503668 -1.507085
endloop
endfacet
facet normal -0.670055 0.167998 -0.723051
outer loop
vertex 0.564212 12.325359 -1.250401
vertex 1.240813 12.325359 -1.877410
vertex 0.635182 11.503668 -1.507085
endloop
endfacet
facet normal -0.476362 0.083472 -0.875278
outer loop
vertex 2.012881 12.325359 -2.382227
vertex 2.158587 11.503668 -2.539888
vertex 1.346445 11.503668 -2.097887
endloop
endfacet
facet normal -0.540858 0.152422 -0.827188
outer loop
vertex 1.240813 12.325359 -1.877410
vertex 2.012881 12.325359 -2.382227
vertex 1.346445 11.503668 -2.097887
endloop
endfacet
facet normal -0.468682 -0.012930 -0.883272
outer loop
vertex 2.786290 12.325359 -2.884988
vertex 2.975355 11.503668 -2.973281
vertex 2.158587 11.503668 -2.539888
endloop
endfacet
facet normal -0.543902 0.064093 -0.836697
outer loop
vertex 2.012881 12.325359 -2.382227
vertex 2.786290 12.325359 -2.884988
vertex 2.158587 11.503668 -2.539888
endloop
endfacet
facet normal -0.465874 -0.092765 -0.879975
outer loop
vertex 3.568508 12.325359 -3.373928
vertex 3.792530 11.503668 -3.405908
vertex 2.975355 11.503668 -2.973281
endloop
endfacet
facet normal -0.529789 -0.030827 -0.847569
outer loop
vertex 2.786290 12.325359 -2.884988
vertex 3.568508 12.325359 -3.373928
vertex 2.975355 11.503668 -2.973281
endloop
endfacet
facet normal -0.385181 -0.029082 -0.922383
outer loop
vertex 4.431867 12.325359 -3.698799
vertex 4.645753 11.503668 -3.762209
vertex 3.792530 11.503668 -3.405908
endloop
endfacet
facet normal -0.351556 -0.059485 -0.934275
outer loop
vertex 3.568508 12.325359 -3.373928
vertex 4.431867 12.325359 -3.698799
vertex 3.792530 11.503668 -3.405908
endloop
endfacet
facet normal -0.309993 0.139930 -0.940385
outer loop
vertex 5.338611 12.325359 -3.868338
vertex 5.523901 11.503668 -4.051685
vertex 4.645753 11.503668 -3.762209
endloop
endfacet
facet normal -0.183719 0.028004 -0.982580
outer loop
vertex 4.431867 12.325359 -3.698799
vertex 5.338611 12.325359 -3.868338
vertex 4.645753 11.503668 -3.762209
endloop
endfacet
facet normal -0.249666 0.322948 -0.912892
outer loop
vertex 6.256371 12.325359 -3.961324
vertex 6.415777 11.503668 -4.295604
vertex 5.523901 11.503668 -4.051685
endloop
endfacet
facet normal -0.098859 0.195425 -0.975723
outer loop
vertex 5.338611 12.325359 -3.868338
vertex 6.256371 12.325359 -3.961324
vertex 5.523901 11.503668 -4.051685
endloop
endfacet
facet normal -0.169737 0.409911 -0.896193
outer loop
vertex 7.173184 12.325359 -4.063221
vertex 7.324257 11.503668 -4.467668
vertex 6.415777 11.503668 -4.295604
endloop
endfacet
facet normal -0.103159 0.357584 -0.928166
outer loop
vertex 6.256371 12.325359 -3.961324
vertex 7.173184 12.325359 -4.063221
vertex 6.415777 11.503668 -4.295604
endloop
endfacet
facet normal -0.169195 0.453681 -0.874955
outer loop
vertex 8.087012 12.325359 -4.189104
vertex 8.232069 11.503668 -4.643217
vertex 7.324257 11.503668 -4.467668
endloop
endfacet
facet normal -0.123858 0.419791 -0.899130
outer loop
vertex 7.173184 12.325359 -4.063221
vertex 8.087012 12.325359 -4.189104
vertex 7.324257 11.503668 -4.467668
endloop
endfacet
facet normal -0.143323 0.436863 -0.888037
outer loop
vertex 8.993156 12.325359 -4.361826
vertex 9.144886 11.503668 -4.790539
vertex 8.232069 11.503668 -4.643217
endloop
endfacet
facet normal -0.166813 0.454205 -0.875141
outer loop
vertex 8.087012 12.325359 -4.189104
vertex 8.993156 12.325359 -4.361826
vertex 8.232069 11.503668 -4.643217
endloop
endfacet
facet normal -0.166377 0.391561 -0.904986
outer loop
vertex 9.891295 12.325359 -4.572241
vertex 10.054276 11.503668 -4.957726
vertex 9.144886 11.503668 -4.790539
endloop
endfacet
facet normal -0.206766 0.422292 -0.882563
outer loop
vertex 8.993156 12.325359 -4.361826
vertex 9.891295 12.325359 -4.572241
vertex 9.144886 11.503668 -4.790539
endloop
endfacet
facet normal -0.204099 0.353992 -0.912706
outer loop
vertex 10.784593 12.325359 -4.802347
vertex 10.956620 11.503668 -5.159508
vertex 10.054276 11.503668 -4.957726
endloop
endfacet
facet normal -0.231220 0.375245 -0.897624
outer loop
vertex 9.891295 12.325359 -4.572241
vertex 10.784593 12.325359 -4.802347
vertex 10.054276 11.503668 -4.957726
endloop
endfacet
facet normal -0.224539 0.342344 -0.912350
outer loop
vertex 11.678794 12.325359 -5.028916
vertex 11.854458 11.503668 -5.380475
vertex 10.956620 11.503668 -5.159508
endloop
endfacet
facet normal -0.230358 0.346951 -0.909154
outer loop
vertex 10.784593 12.325359 -4.802347
vertex 11.678794 12.325359 -5.028916
vertex 10.956620 11.503668 -5.159508
endloop
endfacet
facet normal -0.212649 0.307208 -0.927580
outer loop
vertex 12.568630 12.325359 -5.272062
vertex 12.755708 11.503668 -5.587088
vertex 11.854458 11.503668 -5.380475
endloop
endfacet
facet normal -0.248289 0.335689 -0.908661
outer loop
vertex 11.678794 12.325359 -5.028916
vertex 12.568630 12.325359 -5.272062
vertex 11.854458 11.503668 -5.380475
endloop
endfacet
facet normal 0.052207 0.067052 -0.996383
outer loop
vertex 13.463821 12.325359 -5.494689
vertex 13.679071 11.503668 -5.538707
vertex 12.755708 11.503668 -5.587088
endloop
endfacet
facet normal -0.230052 0.302274 -0.925044
outer loop
vertex 12.568630 12.325359 -5.272062
vertex 13.463821 12.325359 -5.494689
vertex 12.755708 11.503668 -5.587088
endloop
endfacet
facet normal 0.388272 -0.195141 -0.900647
outer loop
vertex 14.382691 12.325359 -5.413408
vertex 14.528160 11.503668 -5.172662
vertex 13.679071 11.503668 -5.538707
endloop
endfacet
facet normal 0.087858 0.076221 -0.993213
outer loop
vertex 13.463821 12.325359 -5.494689
vertex 14.382691 12.325359 -5.413408
vertex 13.679071 11.503668 -5.538707
endloop
endfacet
facet normal 0.383092 -0.183203 -0.905360
outer loop
vertex 15.227519 12.325359 -5.043009
vertex 15.379695 11.503668 -4.812346
vertex 14.528160 11.503668 -5.172662
endloop
endfacet
facet normal 0.393944 -0.193517 -0.898532
outer loop
vertex 14.382691 12.325359 -5.413408
vertex 15.227519 12.325359 -5.043009
vertex 14.528160 11.503668 -5.172662
endloop
endfacet
facet normal 0.334794 -0.230054 -0.913777
outer loop
vertex 16.103538 12.325359 -4.754011
vertex 16.247887 11.503668 -4.494253
vertex 15.379695 11.503668 -4.812346
endloop
endfacet
facet normal 0.306693 -0.204172 -0.929652
outer loop
vertex 15.227519 12.325359 -5.043009
vertex 16.103538 12.325359 -4.754011
vertex 15.379695 11.503668 -4.812346
endloop
endfacet
facet normal 0.312359 -0.310786 -0.897688
outer loop
vertex 16.995453 12.325359 -4.518606
vertex 17.121161 11.503668 -4.190390
vertex 16.247887 11.503668 -4.494253
endloop
endfacet
facet normal 0.246932 -0.252384 -0.935589
outer loop
vertex 16.103538 12.325359 -4.754011
vertex 16.995453 12.325359 -4.518606
vertex 16.247887 11.503668 -4.494253
endloop
endfacet
facet normal 0.357160 -0.313159 -0.879982
outer loop
vertex 17.855397 12.325359 -4.184799
vertex 17.977912 11.503668 -3.842658
vertex 17.121161 11.503668 -4.190390
endloop
endfacet
facet normal 0.344948 -0.302189 -0.888647
outer loop
vertex 16.995453 12.325359 -4.518606
vertex 17.855397 12.325359 -4.184799
vertex 17.121161 11.503668 -4.190390
endloop
endfacet
facet normal 0.383454 -0.298139 -0.874114
outer loop
vertex 18.697127 12.325359 -3.807414
vertex 18.824652 11.503668 -3.471213
vertex 17.977912 11.503668 -3.842658
endloop
endfacet
facet normal 0.389764 -0.303867 -0.869339
outer loop
vertex 17.855397 12.325359 -4.184799
vertex 18.697127 12.325359 -3.807414
vertex 17.977912 11.503668 -3.842658
endloop
endfacet
facet normal 0.430221 -0.305318 -0.849524
outer loop
vertex 19.529406 12.325359 -3.409621
vertex 19.649535 11.503668 -3.053470
vertex 18.824652 11.503668 -3.471213
endloop
endfacet
facet normal 0.412791 -0.289308 -0.863658
outer loop
vertex 18.697127 12.325359 -3.807414
vertex 19.529406 12.325359 -3.409621
vertex 18.824652 11.503668 -3.471213
endloop
endfacet
facet normal 0.537502 -0.344177 -0.769827
outer loop
vertex 20.327675 12.325359 -2.947349
vertex 20.407657 11.503668 -2.524140
vertex 19.649535 11.503668 -3.053470
endloop
endfacet
facet normal 0.479755 -0.288946 -0.828460
outer loop
vertex 19.529406 12.325359 -3.409621
vertex 20.327675 12.325359 -2.947349
vertex 19.649535 11.503668 -3.053470
endloop
endfacet
facet normal 0.591521 -0.406980 -0.696039
outer loop
vertex 21.088605 12.325359 -2.425894
vertex 21.112225 11.503668 -1.925371
vertex 20.407657 11.503668 -2.524140
endloop
endfacet
facet normal 0.530191 -0.346872 -0.773678
outer loop
vertex 20.327675 12.325359 -2.947349
vertex 21.088605 12.325359 -2.425894
vertex 20.407657 11.503668 -2.524140
endloop
endfacet
facet normal 0.634535 -0.509080 -0.581552
outer loop
vertex 21.823600 12.325359 -1.868479
vertex 21.736959 11.503668 -1.243720
vertex 21.112225 11.503668 -1.925371
endloop
endfacet
facet normal 0.547305 -0.423861 -0.721664
outer loop
vertex 21.088605 12.325359 -2.425894
vertex 21.823600 12.325359 -1.868479
vertex 21.112225 11.503668 -1.925371
endloop
endfacet
facet normal 0.636971 -0.624660 -0.451739
outer loop
vertex 22.524780 12.325359 -1.269083
vertex 22.271845 11.503668 -0.489507
vertex 21.736959 11.503668 -1.243720
endloop
endfacet
facet normal 0.545686 -0.542897 -0.638349
outer loop
vertex 21.823600 12.325359 -1.868479
vertex 22.524780 12.325359 -1.269083
vertex 21.736959 11.503668 -1.243720
endloop
endfacet
facet normal 0.401861 -0.565689 -0.720072
outer loop
vertex 23.185355 12.325359 -0.625213
vertex 23.079249 11.503668 -0.038908
vertex 22.271845 11.503668 -0.489507
endloop
endfacet
facet normal 0.520298 -0.666597 -0.533797
outer loop
vertex 22.524780 12.325359 -1.269083
vertex 23.185355 12.325359 -0.625213
vertex 22.271845 11.503668 -0.489507
endloop
endfacet
facet normal 0.383465 -0.568732 -0.727666
outer loop
vertex 23.185355 12.325359 -0.625213
vertex 24.001432 12.325359 -0.195157
vertex 23.079249 11.503668 -0.038908
endloop
endfacet
facet normal -0.771583 0.220955 -0.596523
outer loop
vertex 0.537655 13.147049 -0.911692
vertex 0.564212 12.325359 -1.250401
vertex 0.000000 12.325359 -0.520611
endloop
endfacet
facet normal -0.780240 0.234564 -0.579832
outer loop
vertex 0.000000 13.147049 -0.188206
vertex 0.537655 13.147049 -0.911692
vertex 0.000000 12.325359 -0.520611
endloop
endfacet
facet normal -0.666065 0.199401 -0.718746
outer loop
vertex 1.154232 13.147049 -1.569214
vertex 1.240813 12.325359 -1.877410
vertex 0.564212 12.325359 -1.250401
endloop
endfacet
facet normal -0.706259 0.250171 -0.662278
outer loop
vertex 0.537655 13.147049 -0.911692
vertex 1.154232 13.147049 -1.569214
vertex 0.564212 12.325359 -1.250401
endloop
endfacet
facet normal -0.538842 0.174635 -0.824106
outer loop
vertex 1.871232 13.147049 -2.115487
vertex 2.012881 12.325359 -2.382227
vertex 1.240813 12.325359 -1.877410
endloop
endfacet
facet normal -0.590029 0.228299 -0.774433
outer loop
vertex 1.154232 13.147049 -1.569214
vertex 1.871232 13.147049 -2.115487
vertex 1.240813 12.325359 -1.877410
endloop
endfacet
facet normal -0.535325 0.187802 -0.823503
outer loop
vertex 2.632740 13.147049 -2.597783
vertex 2.786290 12.325359 -2.884988
vertex 2.012881 12.325359 -2.382227
endloop
endfacet
facet normal -0.526410 0.179068 -0.831160
outer loop
vertex 1.871232 13.147049 -2.115487
vertex 2.632740 13.147049 -2.597783
vertex 2.012881 12.325359 -2.382227
endloop
endfacet
facet normal -0.517596 0.215421 -0.828063
outer loop
vertex 3.407052 13.147049 -3.059243
vertex 3.568508 12.325359 -3.373928
vertex 2.786290 12.325359 -2.884988
endloop
endfacet
facet normal -0.501554 0.200434 -0.841588
outer loop
vertex 2.632740 13.147049 -2.597783
vertex 3.407052 13.147049 -3.059243
vertex 2.786290 12.325359 -2.884988
endloop
endfacet
facet normal -0.328627 0.359553 -0.873342
outer loop
vertex 4.275255 13.147049 -3.301579
vertex 4.431867 12.325359 -3.698799
vertex 3.568508 12.325359 -3.373928
endloop
endfacet
facet normal -0.256349 0.301354 -0.918407
outer loop
vertex 3.407052 13.147049 -3.059243
vertex 4.275255 13.147049 -3.301579
vertex 3.568508 12.325359 -3.373928
endloop
endfacet
facet normal -0.171396 0.361008 -0.916677
outer loop
vertex 5.152244 13.147049 -3.509891
vertex 5.338611 12.325359 -3.868338
vertex 4.431867 12.325359 -3.698799
endloop
endfacet
facet normal -0.212591 0.392141 -0.895003
outer loop
vertex 4.275255 13.147049 -3.301579
vertex 5.152244 13.147049 -3.509891
vertex 4.431867 12.325359 -3.698799
endloop
endfacet
facet normal -0.089786 0.454561 -0.886179
outer loop
vertex 6.053584 13.147049 -3.519296
vertex 6.256371 12.325359 -3.961324
vertex 5.338611 12.325359 -3.868338
endloop
endfacet
facet normal -0.009571 0.397999 -0.917336
outer loop
vertex 5.152244 13.147049 -3.509891
vertex 6.053584 13.147049 -3.519296
vertex 5.338611 12.325359 -3.868338
endloop
endfacet
facet normal -0.093647 0.530369 -0.842578
outer loop
vertex 6.954971 13.147049 -3.521747
vertex 7.173184 12.325359 -4.063221
vertex 6.256371 12.325359 -3.961324
endloop
endfacet
facet normal -0.002395 0.473290 -0.880903
outer loop
vertex 6.053584 13.147049 -3.519296
vertex 6.954971 13.147049 -3.521747
vertex 6.256371 12.325359 -3.961324
endloop
endfacet
facet normal -0.117948 0.502949 -0.856230
outer loop
vertex 7.843595 13.147049 -3.672912
vertex 8.087012 12.325359 -4.189104
vertex 7.173184 12.325359 -4.063221
endloop
endfacet
facet normal -0.143479 0.517705 -0.843442
outer loop
vertex 6.954971 13.147049 -3.521747
vertex 7.843595 13.147049 -3.672912
vertex 7.173184 12.325359 -4.063221
endloop
endfacet
facet normal -0.164380 0.478837 -0.862377
outer loop
vertex 8.726454 13.147049 -3.854744
vertex 8.993156 12.325359 -4.361826
vertex 8.087012 12.325359 -4.189104
endloop
endfacet
facet normal -0.176340 0.485629 -0.856195
outer loop
vertex 7.843595 13.147049 -3.672912
vertex 8.726454 13.147049 -3.854744
vertex 8.087012 12.325359 -4.189104
endloop
endfacet
facet normal -0.206658 0.423312 -0.882099
outer loop
vertex 9.591620 13.147049 -4.107711
vertex 9.891295 12.325359 -4.572241
vertex 8.993156 12.325359 -4.361826
endloop
endfacet
facet normal -0.250890 0.448093 -0.858060
outer loop
vertex 8.726454 13.147049 -3.854744
vertex 9.591620 13.147049 -4.107711
vertex 8.993156 12.325359 -4.361826
endloop
endfacet
facet normal -0.230442 0.382864 -0.894601
outer loop
vertex 10.455255 13.147049 -4.365852
vertex 10.784593 12.325359 -4.802347
vertex 9.891295 12.325359 -4.572241
endloop
endfacet
facet normal -0.262398 0.400597 -0.877878
outer loop
vertex 9.591620 13.147049 -4.107711
vertex 10.455255 13.147049 -4.365852
vertex 9.891295 12.325359 -4.572241
endloop
endfacet
facet normal -0.226842 0.383427 -0.895280
outer loop
vertex 11.328762 13.147049 -4.588316
vertex 11.678794 12.325359 -5.028916
vertex 10.784593 12.325359 -4.802347
endloop
endfacet
facet normal -0.227880 0.383984 -0.894777
outer loop
vertex 10.455255 13.147049 -4.365852
vertex 11.328762 13.147049 -4.588316
vertex 10.784593 12.325359 -4.802347
endloop
endfacet
facet normal -0.244688 0.371807 -0.895482
outer loop
vertex 12.197305 13.147049 -4.829429
vertex 12.568630 12.325359 -5.272062
vertex 11.678794 12.325359 -5.028916
endloop
endfacet
facet normal -0.248125 0.373568 -0.893801
outer loop
vertex 11.328762 13.147049 -4.588316
vertex 12.197305 13.147049 -4.829429
vertex 11.678794 12.325359 -5.028916
endloop
endfacet
facet normal -0.224697 0.364938 -0.903511
outer loop
vertex 13.067570 13.147049 -5.064255
vertex 13.463821 12.325359 -5.494689
vertex 12.568630 12.325359 -5.272062
endloop
endfacet
facet normal -0.241685 0.373274 -0.895687
outer loop
vertex 12.197305 13.147049 -4.829429
vertex 13.067570 13.147049 -5.064255
vertex 12.568630 12.325359 -5.272062
endloop
endfacet
facet normal 0.086289 0.202456 -0.975482
outer loop
vertex 13.942308 13.147049 -5.281825
vertex 14.382691 12.325359 -5.413408
vertex 13.463821 12.325359 -5.494689
endloop
endfacet
facet normal -0.224727 0.364922 -0.903510
outer loop
vertex 13.067570 13.147049 -5.064255
vertex 13.942308 13.147049 -5.281825
vertex 13.463821 12.325359 -5.494689
endloop
endfacet
facet normal 0.399634 -0.097167 -0.911510
outer loop
vertex 14.843535 13.147049 -5.298952
vertex 15.227519 12.325359 -5.043009
vertex 14.382691 12.325359 -5.413408
endloop
endfacet
facet normal -0.018790 0.148267 -0.988769
outer loop
vertex 13.942308 13.147049 -5.281825
vertex 14.843535 13.147049 -5.298952
vertex 14.382691 12.325359 -5.413408
endloop
endfacet
facet normal 0.302775 -0.256924 -0.917778
outer loop
vertex 15.724687 13.147049 -5.109018
vertex 16.103538 12.325359 -4.754011
vertex 15.227519 12.325359 -5.043009
endloop
endfacet
facet normal 0.206377 -0.201784 -0.957440
outer loop
vertex 14.843535 13.147049 -5.298952
vertex 15.724687 13.147049 -5.109018
vertex 15.227519 12.325359 -5.043009
endloop
endfacet
facet normal 0.243995 -0.292974 -0.924463
outer loop
vertex 16.597547 13.147049 -4.884030
vertex 16.995453 12.325359 -4.518606
vertex 16.103538 12.325359 -4.754011
endloop
endfacet
facet normal 0.238857 -0.290234 -0.926667
outer loop
vertex 15.724687 13.147049 -5.109018
vertex 16.597547 13.147049 -4.884030
vertex 16.103538 12.325359 -4.754011
endloop
endfacet
facet normal 0.345613 -0.296332 -0.890359
outer loop
vertex 17.457179 13.147049 -4.612855
vertex 17.855397 12.325359 -4.184799
vertex 16.995453 12.325359 -4.518606
endloop
endfacet
facet normal 0.289817 -0.268233 -0.918726
outer loop
vertex 16.597547 13.147049 -4.884030
vertex 17.457179 13.147049 -4.612855
vertex 16.995453 12.325359 -4.518606
endloop
endfacet
facet normal 0.393978 -0.269444 -0.878738
outer loop
vertex 18.280591 13.147049 -4.246117
vertex 18.697127 12.325359 -3.807414
vertex 17.855397 12.325359 -4.184799
endloop
endfacet
facet normal 0.391921 -0.268470 -0.879955
outer loop
vertex 17.457179 13.147049 -4.612855
vertex 18.280591 13.147049 -4.246117
vertex 17.855397 12.325359 -4.184799
endloop
endfacet
facet normal 0.415034 -0.271502 -0.868351
outer loop
vertex 19.100469 13.147049 -3.871547
vertex 19.529406 12.325359 -3.409621
vertex 18.697127 12.325359 -3.807414
endloop
endfacet
facet normal 0.400676 -0.265131 -0.877020
outer loop
vertex 18.280591 13.147049 -4.246117
vertex 19.100469 13.147049 -3.871547
vertex 18.697127 12.325359 -3.807414
endloop
endfacet
facet normal 0.474051 -0.324276 -0.818609
outer loop
vertex 19.924542 13.147049 -3.506297
vertex 20.327675 12.325359 -2.947349
vertex 19.529406 12.325359 -3.409621
endloop
endfacet
facet normal 0.387859 -0.289472 -0.875084
outer loop
vertex 19.100469 13.147049 -3.871547
vertex 19.924542 13.147049 -3.506297
vertex 19.529406 12.325359 -3.409621
endloop
endfacet
facet normal 0.531052 -0.342725 -0.774934
outer loop
vertex 20.703700 13.147049 -3.053068
vertex 21.088605 12.325359 -2.425894
vertex 20.327675 12.325359 -2.947349
endloop
endfacet
facet normal 0.475858 -0.323015 -0.818059
outer loop
vertex 19.924542 13.147049 -3.506297
vertex 20.703700 13.147049 -3.053068
vertex 20.327675 12.325359 -2.947349
endloop
endfacet
facet normal 0.550640 -0.411863 -0.726061
outer loop
vertex 21.480086 13.147049 -2.595107
vertex 21.823600 12.325359 -1.868479
vertex 21.088605 12.325359 -2.425894
endloop
endfacet
facet normal 0.468518 -0.386787 -0.794284
outer loop
vertex 20.703700 13.147049 -3.053068
vertex 21.480086 13.147049 -2.595107
vertex 21.088605 12.325359 -2.425894
endloop
endfacet
facet normal 0.540314 -0.555476 -0.632066
outer loop
vertex 22.287384 13.147049 -2.194142
vertex 22.524780 12.325359 -1.269083
vertex 21.823600 12.325359 -1.868479
endloop
endfacet
facet normal 0.380422 -0.518286 -0.765937
outer loop
vertex 21.480086 13.147049 -2.595107
vertex 22.287384 13.147049 -2.194142
vertex 21.823600 12.325359 -1.868479
endloop
endfacet
facet normal 0.484106 -0.720392 -0.496666
outer loop
vertex 23.129169 13.147049 -1.871804
vertex 23.185355 12.325359 -0.625213
vertex 22.524780 12.325359 -1.269083
endloop
endfacet
facet normal 0.259514 -0.688002 -0.677721
outer loop
vertex 22.287384 13.147049 -2.194142
vertex 23.129169 13.147049 -1.871804
vertex 22.524780 12.325359 -1.269083
endloop
endfacet
facet normal 0.252612 -0.840478 -0.479358
outer loop
vertex 23.999418 13.147049 -1.636921
vertex 24.001432 12.325359 -0.195157
vertex 23.185355 12.325359 -0.625213
endloop
endfacet
facet normal 0.148155 -0.822640 -0.548921
outer loop
vertex 23.129169 13.147049 -1.871804
vertex 23.999418 13.147049 -1.636921
vertex 23.185355 12.325359 -0.625213
endloop
endfacet
facet normal -0.772711 0.270501 -0.574236
outer loop
vertex 0.658763 13.968740 -0.687591
vertex 0.537655 13.147049 -0.911692
vertex 0.000000 13.147049 -0.188206
endloop
endfacet
facet normal -0.670884 0.090544 -0.736014
outer loop
vertex 0.000000 13.968740 -0.087123
vertex 0.658763 13.968740 -0.687591
vertex 0.000000 13.147049 -0.188206
endloop
endfacet
facet normal -0.691776 0.317236 -0.648697
outer loop
vertex 1.292301 13.968740 -1.314616
vertex 1.154232 13.147049 -1.569214
vertex 0.537655 13.147049 -0.911692
endloop
endfacet
facet normal -0.674235 0.285170 -0.681238
outer loop
vertex 0.658763 13.968740 -0.687591
vertex 1.292301 13.968740 -1.314616
vertex 0.537655 13.147049 -0.911692
endloop
endfacet
facet normal -0.580449 0.287491 -0.761858
outer loop
vertex 1.976659 13.968740 -1.885740
vertex 1.871232 13.147049 -2.115487
vertex 1.154232 13.147049 -1.569214
endloop
endfacet
facet normal -0.605594 0.326603 -0.725663
outer loop
vertex 1.292301 13.968740 -1.314616
vertex 1.976659 13.968740 -1.885740
vertex 1.154232 13.147049 -1.569214
endloop
endfacet
facet normal -0.500270 0.354696 -0.789887
outer loop
vertex 2.760673 13.968740 -2.309832
vertex 2.632740 13.147049 -2.597783
vertex 1.871232 13.147049 -2.115487
endloop
endfacet
facet normal -0.454830 0.293457 -0.840840
outer loop
vertex 1.976659 13.968740 -1.885740
vertex 2.760673 13.968740 -2.309832
vertex 1.871232 13.147049 -2.115487
endloop
endfacet
facet normal -0.440958 0.508023 -0.739911
outer loop
vertex 3.599962 13.968740 -2.610038
vertex 3.407052 13.147049 -3.059243
vertex 2.632740 13.147049 -2.597783
endloop
endfacet
facet normal -0.314578 0.357177 -0.879469
outer loop
vertex 2.760673 13.968740 -2.309832
vertex 3.599962 13.968740 -2.610038
vertex 2.632740 13.147049 -2.597783
endloop
endfacet
facet normal -0.234674 0.487918 -0.840752
outer loop
vertex 4.451382 13.968740 -2.873884
vertex 4.275255 13.147049 -3.301579
vertex 3.407052 13.147049 -3.059243
endloop
endfacet
facet normal -0.254751 0.509220 -0.822069
outer loop
vertex 3.599962 13.968740 -2.610038
vertex 4.451382 13.968740 -2.873884
vertex 3.407052 13.147049 -3.059243
endloop
endfacet
facet normal -0.194135 0.542520 -0.817302
outer loop
vertex 5.332702 13.968740 -3.007323
vertex 5.152244 13.147049 -3.509891
vertex 4.275255 13.147049 -3.301579
endloop
endfacet
facet normal -0.131352 0.479713 -0.867538
outer loop
vertex 4.451382 13.968740 -2.873884
vertex 5.332702 13.968740 -3.007323
vertex 4.275255 13.147049 -3.301579
endloop
endfacet
facet normal -0.008566 0.570841 -0.821016
outer loop
vertex 6.222205 13.968740 -2.949746
vertex 6.053584 13.147049 -3.519296
vertex 5.152244 13.147049 -3.509891
endloop
endfacet
facet normal 0.055482 0.512071 -0.857149
outer loop
vertex 5.332702 13.968740 -3.007323
vertex 6.222205 13.968740 -2.949746
vertex 5.152244 13.147049 -3.509891
endloop
endfacet
facet normal -0.002244 0.564654 -0.825325
outer loop
vertex 7.113510 13.968740 -2.960011
vertex 6.954971 13.147049 -3.521747
vertex 6.053584 13.147049 -3.519296
endloop
endfacet
facet normal -0.009454 0.570959 -0.820924
outer loop
vertex 6.222205 13.968740 -2.949746
vertex 7.113510 13.968740 -2.960011
vertex 6.053584 13.147049 -3.519296
endloop
endfacet
facet normal -0.136480 0.581114 -0.802296
outer loop
vertex 7.993296 13.968740 -3.103216
vertex 7.843595 13.147049 -3.672912
vertex 6.954971 13.147049 -3.521747
endloop
endfacet
facet normal -0.131261 0.576612 -0.806405
outer loop
vertex 7.113510 13.968740 -2.960011
vertex 7.993296 13.968740 -3.103216
vertex 6.954971 13.147049 -3.521747
endloop
endfacet
facet normal -0.170324 0.535804 -0.826985
outer loop
vertex 8.850418 13.968740 -3.347901
vertex 8.726454 13.147049 -3.854744
vertex 7.843595 13.147049 -3.672912
endloop
endfacet
facet normal -0.223120 0.582536 -0.781581
outer loop
vertex 7.993296 13.968740 -3.103216
vertex 8.850418 13.968740 -3.347901
vertex 7.843595 13.147049 -3.672912
endloop
endfacet
facet normal -0.251210 0.445811 -0.859154
outer loop
vertex 9.667738 13.968740 -3.703596
vertex 9.591620 13.147049 -4.107711
vertex 8.726454 13.147049 -3.854744
endloop
endfacet
facet normal -0.338270 0.530482 -0.777279
outer loop
vertex 8.850418 13.968740 -3.347901
vertex 9.667738 13.968740 -3.703596
vertex 8.726454 13.147049 -3.854744
endloop
endfacet
facet normal -0.262271 0.401615 -0.877450
outer loop
vertex 10.506564 13.968740 -4.005095
vertex 10.455255 13.147049 -4.365852
vertex 9.591620 13.147049 -4.107711
endloop
endfacet
facet normal -0.303240 0.443016 -0.843672
outer loop
vertex 9.667738 13.968740 -3.703596
vertex 10.506564 13.968740 -4.005095
vertex 9.591620 13.147049 -4.107711
endloop
endfacet
facet normal -0.230165 0.360923 -0.903747
outer loop
vertex 11.358367 13.968740 -4.267703
vertex 11.328762 13.147049 -4.588316
vertex 10.455255 13.147049 -4.365852
endloop
endfacet
facet normal -0.269867 0.401167 -0.875349
outer loop
vertex 10.506564 13.968740 -4.005095
vertex 11.358367 13.968740 -4.267703
vertex 10.455255 13.147049 -4.365852
endloop
endfacet
facet normal -0.254097 0.312469 -0.915313
outer loop
vertex 12.203622 13.968740 -4.550675
vertex 12.197305 13.147049 -4.829429
vertex 11.328762 13.147049 -4.588316
endloop
endfacet
facet normal -0.296614 0.356394 -0.886004
outer loop
vertex 11.358367 13.968740 -4.267703
vertex 12.203622 13.968740 -4.550675
vertex 11.328762 13.147049 -4.588316
endloop
endfacet
facet normal -0.254221 0.218489 -0.942143
outer loop
vertex 13.037505 13.968740 -4.865587
vertex 13.067570 13.147049 -5.064255
vertex 12.197305 13.147049 -4.829429
endloop
endfacet
facet normal -0.336476 0.304849 -0.890983
outer loop
vertex 12.203622 13.968740 -4.550675
vertex 13.037505 13.968740 -4.865587
vertex 12.197305 13.147049 -4.829429
endloop
endfacet
facet normal -0.238929 0.141932 -0.960608
outer loop
vertex 13.883668 13.968740 -5.145834
vertex 13.942308 13.147049 -5.281825
vertex 13.067570 13.147049 -5.064255
endloop
endfacet
facet normal -0.307186 0.213012 -0.927503
outer loop
vertex 13.037505 13.968740 -4.865587
vertex 13.883668 13.968740 -5.145834
vertex 13.067570 13.147049 -5.064255
endloop
endfacet
facet normal -0.018949 -0.073398 -0.997123
outer loop
vertex 14.749500 13.968740 -5.357649
vertex 14.843535 13.147049 -5.298952
vertex 13.942308 13.147049 -5.281825
endloop
endfacet
facet normal -0.235211 0.142339 -0.961465
outer loop
vertex 13.883668 13.968740 -5.145834
vertex 14.749500 13.968740 -5.357649
vertex 13.942308 13.147049 -5.281825
endloop
endfacet
facet normal 0.206484 -0.199307 -0.957936
outer loop
vertex 15.638898 13.968740 -5.298470
vertex 15.724687 13.147049 -5.109018
vertex 14.843535 13.147049 -5.298952
endloop
endfacet
facet normal 0.066257 -0.063551 -0.995777
outer loop
vertex 14.749500 13.968740 -5.357649
vertex 15.638898 13.968740 -5.298470
vertex 14.843535 13.147049 -5.298952
endloop
endfacet
facet normal 0.240569 -0.266578 -0.933307
outer loop
vertex 16.516016 13.968740 -5.139743
vertex 16.597547 13.147049 -4.884030
vertex 15.724687 13.147049 -5.109018
endloop
endfacet
facet normal 0.174331 -0.203910 -0.963343
outer loop
vertex 15.638898 13.968740 -5.298470
vertex 16.516016 13.968740 -5.139743
vertex 15.724687 13.147049 -5.109018
endloop
endfacet
facet normal 0.292573 -0.232839 -0.927463
outer loop
vertex 17.359012 13.968740 -4.850107
vertex 17.457179 13.147049 -4.612855
vertex 16.597547 13.147049 -4.884030
endloop
endfacet
facet normal 0.314320 -0.253513 -0.914841
outer loop
vertex 16.516016 13.968740 -5.139743
vertex 17.359012 13.968740 -4.850107
vertex 16.597547 13.147049 -4.884030
endloop
endfacet
facet normal 0.395244 -0.237227 -0.887415
outer loop
vertex 18.182684 13.968740 -4.509381
vertex 18.280591 13.147049 -4.246117
vertex 17.457179 13.147049 -4.612855
endloop
endfacet
facet normal 0.373235 -0.215925 -0.902259
outer loop
vertex 17.359012 13.968740 -4.850107
vertex 18.182684 13.968740 -4.509381
vertex 17.457179 13.147049 -4.612855
endloop
endfacet
facet normal 0.403481 -0.239232 -0.883160
outer loop
vertex 18.994966 13.968740 -4.142328
vertex 19.100469 13.147049 -3.871547
vertex 18.280591 13.147049 -4.246117
endloop
endfacet
facet normal 0.400152 -0.236038 -0.885531
outer loop
vertex 18.182684 13.968740 -4.509381
vertex 18.994966 13.968740 -4.142328
vertex 18.280591 13.147049 -4.246117
endloop
endfacet
facet normal 0.387321 -0.293830 -0.873869
outer loop
vertex 19.828064 13.968740 -3.825344
vertex 19.924542 13.147049 -3.506297
vertex 19.100469 13.147049 -3.871547
endloop
endfacet
facet normal 0.343977 -0.253753 -0.904041
outer loop
vertex 18.994966 13.968740 -4.142328
vertex 19.828064 13.968740 -3.825344
vertex 19.100469 13.147049 -3.871547
endloop
endfacet
facet normal 0.475266 -0.326440 -0.817043
outer loop
vertex 20.625418 13.968740 -3.426900
vertex 20.703700 13.147049 -3.053068
vertex 19.924542 13.147049 -3.506297
endloop
endfacet
facet normal 0.428756 -0.282809 -0.858014
outer loop
vertex 19.828064 13.968740 -3.825344
vertex 20.625418 13.968740 -3.426900
vertex 19.924542 13.147049 -3.506297
endloop
endfacet
facet normal 0.463424 -0.409872 -0.785648
outer loop
vertex 21.433708 13.968740 -3.051139
vertex 21.480086 13.147049 -2.595107
vertex 20.703700 13.147049 -3.053068
endloop
endfacet
facet normal 0.395055 -0.348980 -0.849791
outer loop
vertex 20.625418 13.968740 -3.426900
vertex 21.433708 13.968740 -3.051139
vertex 20.703700 13.147049 -3.053068
endloop
endfacet
facet normal 0.388681 -0.486332 -0.782565
outer loop
vertex 22.260530 13.968740 -2.718127
vertex 22.287384 13.147049 -2.194142
vertex 21.480086 13.147049 -2.595107
endloop
endfacet
facet normal 0.334993 -0.442702 -0.831742
outer loop
vertex 21.433708 13.968740 -3.051139
vertex 22.260530 13.968740 -2.718127
vertex 21.480086 13.147049 -2.595107
endloop
endfacet
facet normal 0.287933 -0.593031 -0.751937
outer loop
vertex 23.129530 13.968740 -2.519710
vertex 23.129169 13.147049 -1.871804
vertex 22.287384 13.147049 -2.194142
endloop
endfacet
facet normal 0.189661 -0.523499 -0.830649
outer loop
vertex 22.260530 13.968740 -2.718127
vertex 23.129530 13.968740 -2.519710
vertex 22.287384 13.147049 -2.194142
endloop
endfacet
facet normal 0.201955 -0.631929 -0.748251
outer loop
vertex 24.000593 13.968740 -2.330556
vertex 23.999418 13.147049 -1.636921
vertex 23.129169 13.147049 -1.871804
endloop
endfacet
facet normal 0.168086 -0.610411 -0.774045
outer loop
vertex 23.129530 13.968740 -2.519710
vertex 24.000593 13.968740 -2.330556
vertex 23.129169 13.147049 -1.871804
endloop
endfacet
facet normal -0.588402 0.486910 -0.645525
outer loop
vertex 0.858292 14.790431 -0.249675
vertex 0.658763 13.968740 -0.687591
vertex 0.000000 13.968740 -0.087123
endloop
endfacet
facet normal -0.632923 0.436408 -0.639497
outer loop
vertex 1.454140 14.790431 -0.914050
vertex 1.292301 13.968740 -1.314616
vertex 0.658763 13.968740 -0.687591
endloop
endfacet
facet normal -0.655981 0.472832 -0.588319
outer loop
vertex 0.858292 14.790431 -0.249675
vertex 1.454140 14.790431 -0.914050
vertex 0.658763 13.968740 -0.687591
endloop
endfacet
facet normal -0.560735 0.483852 -0.671910
outer loop
vertex 2.166108 14.790431 -1.452131
vertex 1.976659 13.968740 -1.885740
vertex 1.292301 13.968740 -1.314616
endloop
endfacet
facet normal -0.537627 0.452674 -0.711367
outer loop
vertex 1.454140 14.790431 -0.914050
vertex 2.166108 14.790431 -1.452131
vertex 1.292301 13.968740 -1.314616
endloop
endfacet
facet normal -0.391713 0.567591 -0.724156
outer loop
vertex 2.991778 14.790431 -1.790804
vertex 2.760673 13.968740 -2.309832
vertex 1.976659 13.968740 -1.885740
endloop
endfacet
facet normal -0.328884 0.498943 -0.801805
outer loop
vertex 2.166108 14.790431 -1.452131
vertex 2.991778 14.790431 -1.790804
vertex 1.976659 13.968740 -1.885740
endloop
endfacet
facet normal -0.278808 0.560982 -0.779465
outer loop
vertex 3.828748 14.790431 -2.100501
vertex 3.599962 13.968740 -2.610038
vertex 2.760673 13.968740 -2.309832
endloop
endfacet
facet normal -0.285630 0.567930 -0.771927
outer loop
vertex 2.991778 14.790431 -1.790804
vertex 3.828748 14.790431 -2.100501
vertex 2.760673 13.968740 -2.309832
endloop
endfacet
facet normal -0.256295 0.500296 -0.827053
outer loop
vertex 4.654208 14.790431 -2.439685
vertex 4.451382 13.968740 -2.873884
vertex 3.599962 13.968740 -2.610038
endloop
endfacet
facet normal -0.314377 0.561969 -0.765087
outer loop
vertex 3.828748 14.790431 -2.100501
vertex 4.654208 14.790431 -2.439685
vertex 3.599962 13.968740 -2.610038
endloop
endfacet
facet normal -0.122486 0.574929 -0.808983
outer loop
vertex 5.546493 14.790431 -2.455732
vertex 5.332702 13.968740 -3.007323
vertex 4.451382 13.968740 -2.873884
endloop
endfacet
facet normal -0.015870 0.470204 -0.882415
outer loop
vertex 4.654208 14.790431 -2.439685
vertex 5.546493 14.790431 -2.455732
vertex 4.451382 13.968740 -2.873884
endloop
endfacet
facet normal 0.050373 0.625983 -0.778208
outer loop
vertex 6.420624 14.790431 -2.275942
vertex 6.222205 13.968740 -2.949746
vertex 5.332702 13.968740 -3.007323
endloop
endfacet
facet normal 0.172363 0.517704 -0.838018
outer loop
vertex 5.546493 14.790431 -2.455732
vertex 6.420624 14.790431 -2.275942
vertex 5.332702 13.968740 -3.007323
endloop
endfacet
facet normal -0.008420 0.682236 -0.731083
outer loop
vertex 7.309418 14.790431 -2.195477
vertex 7.113510 13.968740 -2.960011
vertex 6.222205 13.968740 -2.949746
endloop
endfacet
facet normal 0.070581 0.622262 -0.779621
outer loop
vertex 6.420624 14.790431 -2.275942
vertex 7.309418 14.790431 -2.195477
vertex 6.222205 13.968740 -2.949746
endloop
endfacet
facet normal -0.111510 0.719897 -0.685065
outer loop
vertex 8.198462 14.790431 -2.273141
vertex 7.993296 13.968740 -3.103216
vertex 7.113510 13.968740 -2.960011
endloop
endfacet
facet normal -0.063167 0.687855 -0.723094
outer loop
vertex 7.309418 14.790431 -2.195477
vertex 8.198462 14.790431 -2.273141
vertex 7.113510 13.968740 -2.960011
endloop
endfacet
facet normal -0.221444 0.590963 -0.775710
outer loop
vertex 8.952197 14.790431 -2.750963
vertex 8.850418 13.968740 -3.347901
vertex 7.993296 13.968740 -3.103216
endloop
endfacet
facet normal -0.381086 0.702427 -0.601141
outer loop
vertex 8.198462 14.790431 -2.273141
vertex 8.952197 14.790431 -2.750963
vertex 7.993296 13.968740 -3.103216
endloop
endfacet
facet normal -0.360528 0.428642 -0.828423
outer loop
vertex 9.671012 14.790431 -3.279863
vertex 9.667738 13.968740 -3.703596
vertex 8.850418 13.968740 -3.347901
endloop
endfacet
facet normal -0.494961 0.550001 -0.672691
outer loop
vertex 8.952197 14.790431 -2.750963
vertex 9.671012 14.790431 -3.279863
vertex 8.850418 13.968740 -3.347901
endloop
endfacet
facet normal -0.325763 0.269144 -0.906333
outer loop
vertex 10.437836 14.790431 -3.736383
vertex 10.506564 13.968740 -4.005095
vertex 9.667738 13.968740 -3.703596
endloop
endfacet
facet normal -0.467337 0.406671 -0.784993
outer loop
vertex 9.671012 14.790431 -3.279863
vertex 10.437836 14.790431 -3.736383
vertex 9.667738 13.968740 -3.703596
endloop
endfacet
facet normal -0.290713 0.162183 -0.942965
outer loop
vertex 11.255225 14.790431 -4.094580
vertex 11.358367 13.968740 -4.267703
vertex 10.506564 13.968740 -4.005095
endloop
endfacet
facet normal -0.387888 0.257019 -0.885146
outer loop
vertex 10.437836 14.790431 -3.736383
vertex 11.255225 14.790431 -4.094580
vertex 10.506564 13.968740 -4.005095
endloop
endfacet
facet normal -0.315242 0.117994 -0.941648
outer loop
vertex 12.090158 14.790431 -4.409726
vertex 12.203622 13.968740 -4.550675
vertex 11.358367 13.968740 -4.267703
endloop
endfacet
facet normal -0.349083 0.151038 -0.924840
outer loop
vertex 11.255225 14.790431 -4.094580
vertex 12.090158 14.790431 -4.409726
vertex 11.358367 13.968740 -4.267703
endloop
endfacet
facet normal -0.350923 0.115626 -0.929238
outer loop
vertex 12.926399 14.790431 -4.721384
vertex 13.037505 13.968740 -4.865587
vertex 12.203622 13.968740 -4.550675
endloop
endfacet
facet normal -0.347034 0.111806 -0.931164
outer loop
vertex 12.090158 14.790431 -4.409726
vertex 12.926399 14.790431 -4.721384
vertex 12.203622 13.968740 -4.550675
endloop
endfacet
facet normal -0.313322 0.082798 -0.946030
outer loop
vertex 13.762377 14.790431 -5.033747
vertex 13.883668 13.968740 -5.145834
vertex 13.037505 13.968740 -4.865587
endloop
endfacet
facet normal -0.347640 0.116273 -0.930391
outer loop
vertex 12.926399 14.790431 -4.721384
vertex 13.762377 14.790431 -5.033747
vertex 13.037505 13.968740 -4.865587
endloop
endfacet
facet normal -0.237436 0.040394 -0.970563
outer loop
vertex 14.616919 14.790431 -5.291017
vertex 14.749500 13.968740 -5.357649
vertex 13.883668 13.968740 -5.145834
endloop
endfacet
facet normal -0.287169 0.087726 -0.953854
outer loop
vertex 13.762377 14.790431 -5.033747
vertex 14.616919 14.790431 -5.291017
vertex 13.883668 13.968740 -5.145834
endloop
endfacet
facet normal 0.065433 -0.169267 -0.983396
outer loop
vertex 15.495170 14.790431 -5.449467
vertex 15.638898 13.968740 -5.298470
vertex 14.749500 13.968740 -5.357649
endloop
endfacet
facet normal -0.177317 0.051088 -0.982827
outer loop
vertex 14.616919 14.790431 -5.291017
vertex 15.495170 14.790431 -5.449467
vertex 14.749500 13.968740 -5.357649
endloop
endfacet
facet normal 0.173850 -0.216460 -0.960688
outer loop
vertex 16.381942 14.790431 -5.349147
vertex 16.516016 13.968740 -5.139743
vertex 15.638898 13.968740 -5.298470
endloop
endfacet
facet normal 0.110949 -0.160815 -0.980729
outer loop
vertex 15.495170 14.790431 -5.449467
vertex 16.381942 14.790431 -5.349147
vertex 15.638898 13.968740 -5.298470
endloop
endfacet
facet normal 0.316337 -0.228519 -0.920712
outer loop
vertex 17.237641 14.790431 -5.095750
vertex 17.359012 13.968740 -4.850107
vertex 16.516016 13.968740 -5.139743
endloop
endfacet
facet normal 0.278532 -0.194254 -0.940577
outer loop
vertex 16.381942 14.790431 -5.349147
vertex 17.237641 14.790431 -5.095750
vertex 16.516016 13.968740 -5.139743
endloop
endfacet
facet normal 0.369218 -0.258918 -0.892547
outer loop
vertex 18.076645 14.790431 -4.791608
vertex 18.182684 13.968740 -4.509381
vertex 17.359012 13.968740 -4.850107
endloop
endfacet
facet normal 0.332078 -0.224807 -0.916071
outer loop
vertex 17.237641 14.790431 -5.095750
vertex 18.076645 14.790431 -4.791608
vertex 17.359012 13.968740 -4.850107
endloop
endfacet
facet normal 0.397487 -0.261245 -0.879634
outer loop
vertex 18.893507 14.790431 -4.432211
vertex 18.994966 13.968740 -4.142328
vertex 18.182684 13.968740 -4.509381
endloop
endfacet
facet normal 0.389529 -0.253824 -0.885348
outer loop
vertex 18.076645 14.790431 -4.791608
vertex 18.893507 14.790431 -4.432211
vertex 18.182684 13.968740 -4.509381
endloop
endfacet
facet normal 0.341980 -0.274269 -0.898792
outer loop
vertex 19.727421 14.790431 -4.114379
vertex 19.828064 13.968740 -3.825344
vertex 18.994966 13.968740 -4.142328
endloop
endfacet
facet normal 0.342443 -0.274692 -0.898486
outer loop
vertex 18.893507 14.790431 -4.432211
vertex 19.727421 14.790431 -4.114379
vertex 18.994966 13.968740 -4.142328
endloop
endfacet
facet normal 0.418749 -0.349892 -0.837989
outer loop
vertex 20.563072 14.790431 -3.801142
vertex 20.625418 13.968740 -3.426900
vertex 19.828064 13.968740 -3.825344
endloop
endfacet
facet normal 0.337429 -0.275318 -0.900190
outer loop
vertex 19.727421 14.790431 -4.114379
vertex 20.563072 14.790431 -3.801142
vertex 19.828064 13.968740 -3.825344
endloop
endfacet
facet normal 0.384514 -0.409910 -0.827117
outer loop
vertex 21.394410 14.790431 -3.476629
vertex 21.433708 13.968740 -3.051139
vertex 20.625418 13.968740 -3.426900
endloop
endfacet
facet normal 0.338005 -0.368732 -0.865904
outer loop
vertex 20.563072 14.790431 -3.801142
vertex 21.394410 14.790431 -3.476629
vertex 20.625418 13.968740 -3.426900
endloop
endfacet
facet normal 0.331518 -0.461067 -0.823112
outer loop
vertex 22.238611 14.790431 -3.187226
vertex 22.260530 13.968740 -2.718127
vertex 21.433708 13.968740 -3.051139
endloop
endfacet
facet normal 0.292997 -0.428563 -0.854685
outer loop
vertex 21.394410 14.790431 -3.476629
vertex 22.238611 14.790431 -3.187226
vertex 21.433708 13.968740 -3.051139
endloop
endfacet
facet normal 0.192224 -0.504281 -0.841873
outer loop
vertex 23.114337 14.790431 -3.015370
vertex 23.129530 13.968740 -2.519710
vertex 22.260530 13.968740 -2.718127
endloop
endfacet
facet normal 0.168371 -0.485320 -0.857972
outer loop
vertex 22.238611 14.790431 -3.187226
vertex 23.114337 14.790431 -3.015370
vertex 22.260530 13.968740 -2.718127
endloop
endfacet
facet normal 0.173703 -0.574429 -0.799912
outer loop
vertex 24.001697 14.790431 -2.920385
vertex 24.000593 13.968740 -2.330556
vertex 23.129530 13.968740 -2.519710
endloop
endfacet
facet normal 0.091354 -0.513123 -0.853440
outer loop
vertex 23.114337 14.790431 -3.015370
vertex 24.001697 14.790431 -2.920385
vertex 23.129530 13.968740 -2.519710
endloop
endfacet
facet normal -0.579102 0.628407 -0.519370
outer loop
vertex 1.758250 15.612121 -0.258939
vertex 1.454140 14.790431 -0.914050
vertex 0.858292 14.790431 -0.249675
endloop
endfacet
facet normal -0.410061 0.733117 -0.542577
outer loop
vertex 2.564869 15.612121 -0.643252
vertex 2.166108 14.790431 -1.452131
vertex 1.454140 14.790431 -0.914050
endloop
endfacet
facet normal -0.323069 0.660181 -0.678077
outer loop
vertex 1.758250 15.612121 -0.258939
vertex 2.564869 15.612121 -0.643252
vertex 1.454140 14.790431 -0.914050
endloop
endfacet
facet normal -0.263742 0.719027 -0.642993
outer loop
vertex 3.371436 15.612121 -1.027676
vertex 2.991778 14.790431 -1.790804
vertex 2.166108 14.790431 -1.452131
endloop
endfacet
facet normal -0.289786 0.739157 -0.608006
outer loop
vertex 2.564869 15.612121 -0.643252
vertex 3.371436 15.612121 -1.027676
vertex 2.166108 14.790431 -1.452131
endloop
endfacet
facet normal -0.286107 0.565932 -0.773216
outer loop
vertex 4.067776 15.612121 -1.587536
vertex 3.828748 14.790431 -2.100501
vertex 2.991778 14.790431 -1.790804
endloop
endfacet
facet normal -0.440130 0.711768 -0.547423
outer loop
vertex 3.371436 15.612121 -1.027676
vertex 4.067776 15.612121 -1.587536
vertex 2.991778 14.790431 -1.790804
endloop
endfacet
facet normal -0.326113 0.513588 -0.793649
outer loop
vertex 4.863491 15.612121 -1.993946
vertex 4.654208 14.790431 -2.439685
vertex 3.828748 14.790431 -2.100501
endloop
endfacet
facet normal -0.374683 0.566964 -0.733597
outer loop
vertex 4.067776 15.612121 -1.587536
vertex 4.863491 15.612121 -1.993946
vertex 3.828748 14.790431 -2.100501
endloop
endfacet
facet normal -0.014127 0.618678 -0.785518
outer loop
vertex 5.738266 15.612121 -1.812014
vertex 5.546493 14.790431 -2.455732
vertex 4.654208 14.790431 -2.439685
endloop
endfacet
facet normal 0.183622 0.432174 -0.882898
outer loop
vertex 4.863491 15.612121 -1.993946
vertex 5.738266 15.612121 -1.812014
vertex 4.654208 14.790431 -2.439685
endloop
endfacet
facet normal 0.142466 0.707050 -0.692664
outer loop
vertex 6.537762 15.612121 -1.413092
vertex 6.420624 14.790431 -2.275942
vertex 5.546493 14.790431 -2.455732
endloop
endfacet
facet normal 0.383391 0.512466 -0.768368
outer loop
vertex 5.738266 15.612121 -1.812014
vertex 6.537762 15.612121 -1.413092
vertex 5.546493 14.790431 -2.455732
endloop
endfacet
facet normal 0.072358 0.596629 -0.799249
outer loop
vertex 7.416946 15.612121 -1.572361
vertex 7.309418 14.790431 -2.195477
vertex 6.420624 14.790431 -2.275942
endloop
endfacet
facet normal -0.122402 0.726968 -0.675674
outer loop
vertex 6.537762 15.612121 -1.413092
vertex 7.416946 15.612121 -1.572361
vertex 6.420624 14.790431 -2.275942
endloop
endfacet
facet normal -0.078365 0.434880 -0.897072
outer loop
vertex 8.255874 15.612121 -1.879820
vertex 8.198462 14.790431 -2.273141
vertex 7.309418 14.790431 -2.195477
endloop
endfacet
facet normal -0.274355 0.603593 -0.748602
outer loop
vertex 7.416946 15.612121 -1.572361
vertex 8.255874 15.612121 -1.879820
vertex 7.309418 14.790431 -2.195477
endloop
endfacet
facet normal -0.511292 0.296796 -0.806531
outer loop
vertex 8.947436 15.612121 -2.445571
vertex 8.952197 14.790431 -2.750963
vertex 8.198462 14.790431 -2.273141
endloop
endfacet
facet normal -0.584883 0.383093 -0.714949
outer loop
vertex 8.255874 15.612121 -1.879820
vertex 8.947436 15.612121 -2.445571
vertex 8.198462 14.790431 -2.273141
endloop
endfacet
facet normal -0.544818 0.393583 -0.740450
outer loop
vertex 9.726154 15.612121 -2.883669
vertex 9.671012 14.790431 -3.279863
vertex 8.952197 14.790431 -2.750963
endloop
endfacet
facet normal -0.466847 0.305708 -0.829817
outer loop
vertex 8.947436 15.612121 -2.445571
vertex 9.726154 15.612121 -2.883669
vertex 8.952197 14.790431 -2.750963
endloop
endfacet
facet normal -0.460779 0.434332 -0.773976
outer loop
vertex 10.507631 15.612121 -3.316827
vertex 10.437836 14.790431 -3.736383
vertex 9.671012 14.790431 -3.279863
endloop
endfacet
facet normal -0.441386 0.413582 -0.796322
outer loop
vertex 9.726154 15.612121 -2.883669
vertex 10.507631 15.612121 -3.316827
vertex 9.671012 14.790431 -3.279863
endloop
endfacet
facet normal -0.379561 0.325157 -0.866144
outer loop
vertex 11.265237 15.612121 -3.790498
vertex 11.255225 14.790431 -4.094580
vertex 10.437836 14.790431 -3.736383
endloop
endfacet
facet normal -0.478304 0.431246 -0.765018
outer loop
vertex 10.507631 15.612121 -3.316827
vertex 11.265237 15.612121 -3.790498
vertex 10.437836 14.790431 -3.736383
endloop
endfacet
facet normal -0.349091 0.150884 -0.924862
outer loop
vertex 12.029783 15.612121 -4.252885
vertex 12.090158 14.790431 -4.409726
vertex 11.255225 14.790431 -4.094580
endloop
endfacet
facet normal -0.492458 0.307334 -0.814267
outer loop
vertex 11.265237 15.612121 -3.790498
vertex 12.029783 15.612121 -4.252885
vertex 11.255225 14.790431 -4.094580
endloop
endfacet
facet normal -0.348794 0.049576 -0.935887
outer loop
vertex 12.833499 15.612121 -4.643234
vertex 12.926399 14.790431 -4.721384
vertex 12.090158 14.790431 -4.409726
endloop
endfacet
facet normal -0.432683 0.138256 -0.890882
outer loop
vertex 12.029783 15.612121 -4.252885
vertex 12.833499 15.612121 -4.643234
vertex 12.090158 14.790431 -4.409726
endloop
endfacet
facet normal -0.349793 0.035511 -0.936154
outer loop
vertex 13.666382 15.612121 -4.966709
vertex 13.762377 14.790431 -5.033747
vertex 12.926399 14.790431 -4.721384
endloop
endfacet
facet normal -0.361623 0.047671 -0.931105
outer loop
vertex 12.833499 15.612121 -4.643234
vertex 13.666382 15.612121 -4.966709
vertex 12.926399 14.790431 -4.721384
endloop
endfacet
facet normal -0.288277 0.005219 -0.957533
outer loop
vertex 14.512096 15.612121 -5.254980
vertex 14.616919 14.790431 -5.291017
vertex 13.762377 14.790431 -5.033747
endloop
endfacet
facet normal -0.322381 0.039499 -0.945785
outer loop
vertex 13.666382 15.612121 -4.966709
vertex 14.512096 15.612121 -5.254980
vertex 13.762377 14.790431 -5.033747
endloop
endfacet
facet normal -0.177091 -0.071811 -0.981571
outer loop
vertex 15.374711 15.612121 -5.487849
vertex 15.495170 14.790431 -5.449467
vertex 14.616919 14.790431 -5.291017
endloop
endfacet
facet normal -0.260616 0.009092 -0.965400
outer loop
vertex 14.512096 15.612121 -5.254980
vertex 15.374711 15.612121 -5.487849
vertex 14.616919 14.790431 -5.291017
endloop
endfacet
facet normal 0.110726 -0.172587 -0.978751
outer loop
vertex 16.268001 15.612121 -5.506929
vertex 16.381942 14.790431 -5.349147
vertex 15.495170 14.790431 -5.449467
endloop
endfacet
facet normal -0.021328 -0.049769 -0.998533
outer loop
vertex 15.374711 15.612121 -5.487849
vertex 16.268001 15.612121 -5.506929
vertex 15.495170 14.790431 -5.449467
endloop
endfacet
facet normal 0.279210 -0.181782 -0.942866
outer loop
vertex 17.133497 15.612121 -5.285010
vertex 17.237641 14.790431 -5.095750
vertex 16.381942 14.790431 -5.349147
endloop
endfacet
facet normal 0.245568 -0.149851 -0.957727
outer loop
vertex 16.268001 15.612121 -5.506929
vertex 17.133497 15.612121 -5.285010
vertex 16.381942 14.790431 -5.349147
endloop
endfacet
facet normal 0.334402 -0.192880 -0.922482
outer loop
vertex 17.979815 15.612121 -4.998516
vertex 18.076645 14.790431 -4.791608
vertex 17.237641 14.790431 -5.095750
endloop
endfacet
facet normal 0.315708 -0.174796 -0.932617
outer loop
vertex 17.133497 15.612121 -5.285010
vertex 17.979815 15.612121 -4.998516
vertex 17.237641 14.790431 -5.095750
endloop
endfacet
facet normal 0.390399 -0.245450 -0.887324
outer loop
vertex 18.819166 15.612121 -4.692214
vertex 18.893507 14.790431 -4.432211
vertex 18.076645 14.790431 -4.791608
endloop
endfacet
facet normal 0.336403 -0.192482 -0.921837
outer loop
vertex 17.979815 15.612121 -4.998516
vertex 18.819166 15.612121 -4.692214
vertex 18.076645 14.790431 -4.791608
endloop
endfacet
facet normal 0.339557 -0.301615 -0.890915
outer loop
vertex 19.668565 15.612121 -4.414990
vertex 19.727421 14.790431 -4.114379
vertex 18.893507 14.790431 -4.432211
endloop
endfacet
facet normal 0.299335 -0.263127 -0.917149
outer loop
vertex 18.819166 15.612121 -4.692214
vertex 19.668565 15.612121 -4.414990
vertex 18.893507 14.790431 -4.432211
endloop
endfacet
facet normal 0.328324 -0.353557 -0.875900
outer loop
vertex 20.521376 15.612121 -4.148447
vertex 20.563072 14.790431 -3.801142
vertex 19.727421 14.790431 -4.114379
endloop
endfacet
facet normal 0.283473 -0.311509 -0.906976
outer loop
vertex 19.668565 15.612121 -4.414990
vertex 20.521376 15.612121 -4.148447
vertex 19.727421 14.790431 -4.114379
endloop
endfacet
facet normal 0.332203 -0.406659 -0.851040
outer loop
vertex 21.372855 15.612121 -3.877678
vertex 21.394410 14.790431 -3.476629
vertex 20.563072 14.790431 -3.801142
endloop
endfacet
facet normal 0.282579 -0.361254 -0.888619
outer loop
vertex 20.521376 15.612121 -4.148447
vertex 21.372855 15.612121 -3.877678
vertex 20.563072 14.790431 -3.801142
endloop
endfacet
facet normal 0.288618 -0.455943 -0.841912
outer loop
vertex 22.232561 15.612121 -3.634292
vertex 22.238611 14.790431 -3.187226
vertex 21.394410 14.790431 -3.476629
endloop
endfacet
facet normal 0.247238 -0.419759 -0.873313
outer loop
vertex 21.372855 15.612121 -3.877678
vertex 22.232561 15.612121 -3.634292
vertex 21.394410 14.790431 -3.476629
endloop
endfacet
facet normal 0.168428 -0.484790 -0.858260
outer loop
vertex 23.112605 15.612121 -3.479843
vertex 23.114337 14.790431 -3.015370
vertex 22.238611 14.790431 -3.187226
endloop
endfacet
facet normal 0.152442 -0.471470 -0.868607
outer loop
vertex 22.232561 15.612121 -3.634292
vertex 23.112605 15.612121 -3.479843
vertex 22.238611 14.790431 -3.187226
endloop
endfacet
facet normal 0.091721 -0.507313 -0.856867
outer loop
vertex 24.003102 15.612121 -3.406722
vertex 24.001697 14.790431 -2.920385
vertex 23.114337 14.790431 -3.015370
endloop
endfacet
facet normal 0.071307 -0.490722 -0.868393
outer loop
vertex 23.112605 15.612121 -3.479843
vertex 24.003102 15.612121 -3.406722
vertex 23.114337 14.790431 -3.015370
endloop
endfacet
facet normal -0.342224 0.605768 -0.718281
outer loop
vertex 2.701507 16.433812 -0.015375
vertex 2.564869 15.612121 -0.643252
vertex 1.758250 15.612121 -0.258939
endloop
endfacet
facet normal -0.292626 0.733089 -0.613963
outer loop
vertex 3.591677 16.433812 -0.151526
vertex 3.371436 15.612121 -1.027676
vertex 2.564869 15.612121 -0.643252
endloop
endfacet
facet normal -0.119187 0.615270 -0.779254
outer loop
vertex 2.701507 16.433812 -0.015375
vertex 3.591677 16.433812 -0.151526
vertex 2.564869 15.612121 -0.643252
endloop
endfacet
facet normal -0.388357 0.784769 -0.483028
outer loop
vertex 4.409904 16.433812 -0.527619
vertex 4.067776 15.612121 -1.587536
vertex 3.371436 15.612121 -1.027676
endloop
endfacet
facet normal -0.283637 0.734004 -0.617081
outer loop
vertex 3.591677 16.433812 -0.151526
vertex 4.409904 16.433812 -0.527619
vertex 3.371436 15.612121 -1.027676
endloop
endfacet
facet normal -0.245113 0.842381 -0.479910
outer loop
vertex 5.278899 16.433812 -0.763810
vertex 4.863491 15.612121 -1.993946
vertex 4.067776 15.612121 -1.587536
endloop
endfacet
facet normal -0.155822 0.804392 -0.573300
outer loop
vertex 4.409904 16.433812 -0.527619
vertex 5.278899 16.433812 -0.763810
vertex 4.067776 15.612121 -1.587536
endloop
endfacet
facet normal 0.110815 0.838939 -0.532824
outer loop
vertex 6.118842 16.433812 -0.439099
vertex 5.738266 15.612121 -1.812014
vertex 4.863491 15.612121 -1.993946
endloop
endfacet
facet normal 0.229248 0.771876 -0.593003
outer loop
vertex 5.278899 16.433812 -0.763810
vertex 6.118842 16.433812 -0.439099
vertex 4.863491 15.612121 -1.993946
endloop
endfacet
facet normal 0.301185 0.738198 -0.603616
outer loop
vertex 6.983066 16.433812 -0.186006
vertex 6.537762 15.612121 -1.413092
vertex 5.738266 15.612121 -1.812014
endloop
endfacet
facet normal 0.157838 0.827412 -0.538960
outer loop
vertex 6.118842 16.433812 -0.439099
vertex 6.983066 16.433812 -0.186006
vertex 5.738266 15.612121 -1.812014
endloop
endfacet
facet normal -0.112667 0.774921 -0.621935
outer loop
vertex 7.775636 16.433812 -0.613526
vertex 7.416946 15.612121 -1.572361
vertex 6.537762 15.612121 -1.413092
endloop
endfacet
facet normal -0.254857 0.843693 -0.472473
outer loop
vertex 6.983066 16.433812 -0.186006
vertex 7.775636 16.433812 -0.613526
vertex 6.537762 15.612121 -1.413092
endloop
endfacet
facet normal -0.275776 0.598102 -0.752477
outer loop
vertex 8.386967 16.433812 -1.274748
vertex 8.255874 15.612121 -1.879820
vertex 7.416946 15.612121 -1.572361
endloop
endfacet
facet normal -0.490811 0.743768 -0.453778
outer loop
vertex 7.775636 16.433812 -0.613526
vertex 8.386967 16.433812 -1.274748
vertex 7.416946 15.612121 -1.572361
endloop
endfacet
facet normal -0.559579 0.467965 -0.684018
outer loop
vertex 9.004546 16.433812 -1.930138
vertex 8.947436 15.612121 -2.445571
vertex 8.255874 15.612121 -1.879820
endloop
endfacet
facet normal -0.618240 0.527625 -0.582573
outer loop
vertex 8.386967 16.433812 -1.274748
vertex 9.004546 16.433812 -1.930138
vertex 8.255874 15.612121 -1.879820
endloop
endfacet
facet normal -0.455463 0.370311 -0.809582
outer loop
vertex 9.705097 16.433812 -2.495973
vertex 9.726154 15.612121 -2.883669
vertex 8.947436 15.612121 -2.445571
endloop
endfacet
facet normal -0.554804 0.469437 -0.686893
outer loop
vertex 9.004546 16.433812 -1.930138
vertex 9.705097 16.433812 -2.495973
vertex 8.947436 15.612121 -2.445571
endloop
endfacet
facet normal -0.453724 0.352223 -0.818580
outer loop
vertex 10.483008 16.433812 -2.949619
vertex 10.507631 15.612121 -3.316827
vertex 9.726154 15.612121 -2.883669
endloop
endfacet
facet normal -0.468583 0.367117 -0.803527
outer loop
vertex 9.705097 16.433812 -2.495973
vertex 10.483008 16.433812 -2.949619
vertex 9.726154 15.612121 -2.883669
endloop
endfacet
facet normal -0.494911 0.358422 -0.791579
outer loop
vertex 11.255534 16.433812 -3.412375
vertex 11.265237 15.612121 -3.790498
vertex 10.507631 15.612121 -3.316827
endloop
endfacet
facet normal -0.482261 0.345338 -0.805087
outer loop
vertex 10.483008 16.433812 -2.949619
vertex 11.255534 16.433812 -3.412375
vertex 10.507631 15.612121 -3.316827
endloop
endfacet
facet normal -0.499642 0.260464 -0.826145
outer loop
vertex 11.971498 16.433812 -3.958577
vertex 12.029783 15.612121 -4.252885
vertex 11.265237 15.612121 -3.790498
endloop
endfacet
facet normal -0.570920 0.337639 -0.748365
outer loop
vertex 11.255534 16.433812 -3.412375
vertex 11.971498 16.433812 -3.958577
vertex 11.265237 15.612121 -3.790498
endloop
endfacet
facet normal -0.435434 0.081262 -0.896545
outer loop
vertex 12.691309 16.433812 -4.499698
vertex 12.833499 15.612121 -4.643234
vertex 12.029783 15.612121 -4.252885
endloop
endfacet
facet normal -0.583815 0.236748 -0.776602
outer loop
vertex 11.971498 16.433812 -3.958577
vertex 12.691309 16.433812 -4.499698
vertex 12.029783 15.612121 -4.252885
endloop
endfacet
facet normal -0.361517 0.053415 -0.930834
outer loop
vertex 13.516091 16.433812 -4.861187
vertex 13.666382 15.612121 -4.966709
vertex 12.833499 15.612121 -4.643234
endloop
endfacet
facet normal -0.399787 0.090159 -0.912163
outer loop
vertex 12.691309 16.433812 -4.499698
vertex 13.516091 16.433812 -4.861187
vertex 12.833499 15.612121 -4.643234
endloop
endfacet
facet normal -0.322027 0.061290 -0.944745
outer loop
vertex 14.368156 16.433812 -5.152609
vertex 14.512096 15.612121 -5.254980
vertex 13.666382 15.612121 -4.966709
endloop
endfacet
facet normal -0.322988 0.062199 -0.944357
outer loop
vertex 13.516091 16.433812 -4.861187
vertex 14.368156 16.433812 -5.152609
vertex 13.666382 15.612121 -4.966709
endloop
endfacet
facet normal -0.260503 0.030792 -0.964982
outer loop
vertex 15.227477 16.433812 -5.421882
vertex 15.374711 15.612121 -5.487849
vertex 14.512096 15.612121 -5.254980
endloop
endfacet
facet normal -0.298359 0.066358 -0.952144
outer loop
vertex 14.368156 16.433812 -5.152609
vertex 15.227477 16.433812 -5.421882
vertex 14.512096 15.612121 -5.254980
endloop
endfacet
facet normal -0.021231 -0.107218 -0.994009
outer loop
vertex 16.111742 16.433812 -5.592222
vertex 16.268001 15.612121 -5.506929
vertex 15.374711 15.612121 -5.487849
endloop
endfacet
facet normal -0.188967 0.044893 -0.980957
outer loop
vertex 15.227477 16.433812 -5.421882
vertex 16.111742 16.433812 -5.592222
vertex 15.374711 15.612121 -5.487849
endloop
endfacet
facet normal 0.244601 -0.173604 -0.953956
outer loop
vertex 17.003633 16.433812 -5.467842
vertex 17.133497 15.612121 -5.285010
vertex 16.268001 15.612121 -5.506929
endloop
endfacet
facet normal 0.137718 -0.076318 -0.987527
outer loop
vertex 16.111742 16.433812 -5.592222
vertex 17.003633 16.433812 -5.467842
vertex 16.268001 15.612121 -5.506929
endloop
endfacet
facet normal 0.314719 -0.191348 -0.929698
outer loop
vertex 17.865362 16.433812 -5.206378
vertex 17.979815 15.612121 -4.998516
vertex 17.133497 15.612121 -5.285010
endloop
endfacet
facet normal 0.286379 -0.164752 -0.943845
outer loop
vertex 17.003633 16.433812 -5.467842
vertex 17.865362 16.433812 -5.206378
vertex 17.133497 15.612121 -5.285010
endloop
endfacet
facet normal 0.329435 -0.276644 -0.902741
outer loop
vertex 18.735530 16.433812 -4.974541
vertex 18.819166 15.612121 -4.692214
vertex 17.979815 15.612121 -4.998516
endloop
endfacet
facet normal 0.252023 -0.204188 -0.945934
outer loop
vertex 17.865362 16.433812 -5.206378
vertex 18.735530 16.433812 -4.974541
vertex 17.979815 15.612121 -4.998516
endloop
endfacet
facet normal 0.295203 -0.307822 -0.904489
outer loop
vertex 19.598581 16.433812 -4.717475
vertex 19.668565 15.612121 -4.414990
vertex 18.819166 15.612121 -4.692214
endloop
endfacet
facet normal 0.273406 -0.287559 -0.917910
outer loop
vertex 18.735530 16.433812 -4.974541
vertex 19.598581 16.433812 -4.717475
vertex 18.819166 15.612121 -4.692214
endloop
endfacet
facet normal 0.281085 -0.334947 -0.899334
outer loop
vertex 20.465025 16.433812 -4.472089
vertex 20.521376 15.612121 -4.148447
vertex 19.668565 15.612121 -4.414990
endloop
endfacet
facet normal 0.258692 -0.314221 -0.913424
outer loop
vertex 19.598581 16.433812 -4.717475
vertex 20.465025 16.433812 -4.472089
vertex 19.668565 15.612121 -4.414990
endloop
endfacet
facet normal 0.278575 -0.393665 -0.876027
outer loop
vertex 21.339606 16.433812 -4.257498
vertex 21.372855 15.612121 -3.877678
vertex 20.521376 15.612121 -4.148447
endloop
endfacet
facet normal 0.223765 -0.343856 -0.911972
outer loop
vertex 20.465025 16.433812 -4.472089
vertex 21.339606 16.433812 -4.257498
vertex 20.521376 15.612121 -4.148447
endloop
endfacet
facet normal 0.245108 -0.436270 -0.865789
outer loop
vertex 22.216570 16.433812 -4.052868
vertex 22.232561 15.612121 -3.634292
vertex 21.372855 15.612121 -3.877678
endloop
endfacet
facet normal 0.207919 -0.403471 -0.891056
outer loop
vertex 21.339606 16.433812 -4.257498
vertex 22.216570 16.433812 -4.052868
vertex 21.372855 15.612121 -3.877678
endloop
endfacet
facet normal 0.153469 -0.460184 -0.874459
outer loop
vertex 23.106224 16.433812 -3.913378
vertex 23.112605 15.612121 -3.479843
vertex 22.232561 15.612121 -3.634292
endloop
endfacet
facet normal 0.138532 -0.447389 -0.883545
outer loop
vertex 22.216570 16.433812 -4.052868
vertex 23.106224 16.433812 -3.913378
vertex 22.232561 15.612121 -3.634292
endloop
endfacet
facet normal 0.071677 -0.482591 -0.872908
outer loop
vertex 24.005211 16.433812 -3.860824
vertex 24.003102 15.612121 -3.406722
vertex 23.112605 15.612121 -3.479843
endloop
endfacet
facet normal 0.051645 -0.465708 -0.883430
outer loop
vertex 23.106224 16.433812 -3.913378
vertex 24.005211 16.433812 -3.860824
vertex 23.112605 15.612121 -3.479843
endloop
endfacet
facet normal -0.354213 0.529784 -0.770625
outer loop
vertex 4.495283 17.255502 -0.001973
vertex 4.409904 16.433812 -0.527619
vertex 3.591677 16.433812 -0.151526
endloop
endfacet
facet normal -0.192539 0.679053 -0.708390
outer loop
vertex 5.394326 17.255502 -0.007521
vertex 5.278899 16.433812 -0.763810
vertex 4.409904 16.433812 -0.527619
endloop
endfacet
facet normal -0.005197 0.539258 -0.842125
outer loop
vertex 4.495283 17.255502 -0.001973
vertex 5.394326 17.255502 -0.007521
vertex 4.409904 16.433812 -0.527619
endloop
endfacet
facet normal 0.334567 0.372937 -0.865438
outer loop
vertex 6.293329 17.255502 -0.017559
vertex 6.118842 16.433812 -0.439099
vertex 5.278899 16.433812 -0.763810
endloop
endfacet
facet normal -0.008209 0.677820 -0.735182
outer loop
vertex 5.394326 17.255502 -0.007521
vertex 6.293329 17.255502 -0.017559
vertex 5.278899 16.433812 -0.763810
endloop
endfacet
facet normal 0.278464 0.135395 -0.950855
outer loop
vertex 7.192334 17.255502 -0.007717
vertex 6.983066 16.433812 -0.186006
vertex 6.118842 16.433812 -0.439099
endloop
endfacet
facet normal 0.009750 0.454792 -0.890544
outer loop
vertex 6.293329 17.255502 -0.017559
vertex 7.192334 17.255502 -0.007717
vertex 6.118842 16.433812 -0.439099
endloop
endfacet
facet normal -0.672068 0.402789 -0.621358
outer loop
vertex 8.613489 17.255502 -0.987105
vertex 8.386967 16.433812 -1.274748
vertex 7.775636 16.433812 -0.613526
endloop
endfacet
facet normal -0.692651 0.450001 -0.563678
outer loop
vertex 8.046004 17.255502 -0.289775
vertex 8.613489 17.255502 -0.987105
vertex 7.775636 16.433812 -0.613526
endloop
endfacet
facet normal -0.715079 0.186069 -0.673825
outer loop
vertex 9.063277 17.255502 -1.765564
vertex 9.004546 16.433812 -1.930138
vertex 8.386967 16.433812 -1.274748
endloop
endfacet
facet normal -0.800058 0.382381 -0.462268
outer loop
vertex 8.613489 17.255502 -0.987105
vertex 9.063277 17.255502 -1.765564
vertex 8.386967 16.433812 -1.274748
endloop
endfacet
facet normal -0.627404 0.054591 -0.776778
outer loop
vertex 9.681025 17.255502 -2.418783
vertex 9.705097 16.433812 -2.495973
vertex 9.004546 16.433812 -1.930138
endloop
endfacet
facet normal -0.713848 0.186234 -0.675084
outer loop
vertex 9.063277 17.255502 -1.765564
vertex 9.681025 17.255502 -2.418783
vertex 9.004546 16.433812 -1.930138
endloop
endfacet
facet normal -0.502651 -0.066260 -0.861947
outer loop
vertex 10.396962 17.255502 -2.962605
vertex 10.483008 16.433812 -2.949619
vertex 9.705097 16.433812 -2.495973
endloop
endfacet
facet normal -0.603896 0.056994 -0.795023
outer loop
vertex 9.681025 17.255502 -2.418783
vertex 10.396962 17.255502 -2.962605
vertex 9.705097 16.433812 -2.495973
endloop
endfacet
facet normal -0.513223 -0.050373 -0.856776
outer loop
vertex 11.175291 17.255502 -3.412618
vertex 11.255534 16.433812 -3.412375
vertex 10.483008 16.433812 -2.949619
endloop
endfacet
facet normal -0.499448 -0.065954 -0.863830
outer loop
vertex 10.396962 17.255502 -2.962605
vertex 11.175291 17.255502 -3.412618
vertex 10.483008 16.433812 -2.949619
endloop
endfacet
facet normal -0.605815 0.048851 -0.794105
outer loop
vertex 11.940590 17.255502 -3.884449
vertex 11.971498 16.433812 -3.958577
vertex 11.255534 16.433812 -3.412375
endloop
endfacet
facet normal -0.524111 -0.051434 -0.850095
outer loop
vertex 11.175291 17.255502 -3.412618
vertex 11.940590 17.255502 -3.884449
vertex 11.255534 16.433812 -3.412375
endloop
endfacet
facet normal -0.597704 0.102962 -0.795078
outer loop
vertex 12.685021 17.255502 -4.388563
vertex 12.691309 16.433812 -4.499698
vertex 11.971498 16.433812 -3.958577
endloop
endfacet
facet normal -0.559908 0.053529 -0.826824
outer loop
vertex 11.940590 17.255502 -3.884449
vertex 12.685021 17.255502 -4.388563
vertex 11.971498 16.433812 -3.958577
endloop
endfacet
facet normal -0.401291 0.025526 -0.915595
outer loop
vertex 13.473911 17.255502 -4.819793
vertex 13.516091 16.433812 -4.861187
vertex 12.691309 16.433812 -4.499698
endloop
endfacet
facet normal -0.476505 0.114255 -0.871716
outer loop
vertex 12.685021 17.255502 -4.388563
vertex 13.473911 17.255502 -4.819793
vertex 12.691309 16.433812 -4.499698
endloop
endfacet
facet normal -0.323586 0.013378 -0.946104
outer loop
vertex 14.319780 17.255502 -5.124445
vertex 14.368156 16.433812 -5.152609
vertex 13.516091 16.433812 -4.861187
endloop
endfacet
facet normal -0.338705 0.029989 -0.940415
outer loop
vertex 13.473911 17.255502 -4.819793
vertex 14.319780 17.255502 -5.124445
vertex 13.516091 16.433812 -4.861187
endloop
endfacet
facet normal -0.298994 -0.012756 -0.954170
outer loop
vertex 15.170582 17.255502 -5.415039
vertex 15.227477 16.433812 -5.421882
vertex 14.368156 16.433812 -5.152609
endloop
endfacet
facet normal -0.323190 0.013406 -0.946239
outer loop
vertex 14.319780 17.255502 -5.124445
vertex 15.170582 17.255502 -5.415039
vertex 14.368156 16.433812 -5.152609
endloop
endfacet
facet normal -0.188387 -0.090144 -0.977949
outer loop
vertex 16.037402 17.255502 -5.653642
vertex 16.111742 16.433812 -5.592222
vertex 15.227477 16.433812 -5.421882
endloop
endfacet
facet normal -0.265378 -0.010346 -0.964089
outer loop
vertex 15.170582 17.255502 -5.415039
vertex 16.037402 17.255502 -5.653642
vertex 15.227477 16.433812 -5.421882
endloop
endfacet
facet normal 0.136124 -0.169399 -0.976102
outer loop
vertex 16.935827 17.255502 -5.619899
vertex 17.003633 16.433812 -5.467842
vertex 16.111742 16.433812 -5.592222
endloop
endfacet
facet normal 0.037437 -0.071120 -0.996765
outer loop
vertex 16.037402 17.255502 -5.653642
vertex 16.935827 17.255502 -5.619899
vertex 16.111742 16.433812 -5.592222
endloop
endfacet
facet normal 0.281013 -0.251513 -0.926160
outer loop
vertex 17.817519 17.255502 -5.444037
vertex 17.865362 16.433812 -5.206378
vertex 17.003633 16.433812 -5.467842
endloop
endfacet
facet normal 0.192987 -0.163123 -0.967547
outer loop
vertex 16.935827 17.255502 -5.619899
vertex 17.817519 17.255502 -5.444037
vertex 17.003633 16.433812 -5.467842
endloop
endfacet
facet normal 0.243796 -0.321312 -0.915053
outer loop
vertex 18.700066 17.255502 -5.272519
vertex 18.735530 16.433812 -4.974541
vertex 17.865362 16.433812 -5.206378
endloop
endfacet
facet normal 0.184049 -0.263193 -0.947025
outer loop
vertex 17.817519 17.255502 -5.444037
vertex 18.700066 17.255502 -5.272519
vertex 17.865362 16.433812 -5.206378
endloop
endfacet
facet normal 0.269857 -0.326110 -0.905996
outer loop
vertex 19.563966 17.255502 -5.023551
vertex 19.598581 16.433812 -4.717475
vertex 18.735530 16.433812 -4.974541
endloop
endfacet
facet normal 0.262459 -0.318932 -0.910713
outer loop
vertex 18.700066 17.255502 -5.272519
vertex 19.563966 17.255502 -5.023551
vertex 18.735530 16.433812 -4.974541
endloop
endfacet
facet normal 0.255121 -0.351346 -0.900816
outer loop
vertex 20.435060 17.255502 -4.801060
vertex 20.465025 16.433812 -4.472089
vertex 19.598581 16.433812 -4.717475
endloop
endfacet
facet normal 0.233542 -0.330757 -0.914362
outer loop
vertex 19.563966 17.255502 -5.023551
vertex 20.435060 17.255502 -4.801060
vertex 19.598581 16.433812 -4.717475
endloop
endfacet
facet normal 0.219505 -0.389211 -0.894613
outer loop
vertex 21.315865 17.255502 -4.620809
vertex 21.339606 16.433812 -4.257498
vertex 20.465025 16.433812 -4.472089
endloop
endfacet
facet normal 0.187106 -0.359226 -0.914302
outer loop
vertex 20.435060 17.255502 -4.801060
vertex 21.315865 17.255502 -4.620809
vertex 20.465025 16.433812 -4.472089
endloop
endfacet
facet normal 0.204519 -0.435829 -0.876485
outer loop
vertex 22.201322 17.255502 -4.465008
vertex 22.216570 16.433812 -4.052868
vertex 21.339606 16.433812 -4.257498
endloop
endfacet
facet normal 0.159173 -0.395379 -0.904621
outer loop
vertex 21.315865 17.255502 -4.620809
vertex 22.201322 17.255502 -4.465008
vertex 21.339606 16.433812 -4.257498
endloop
endfacet
facet normal 0.137063 -0.465865 -0.874176
outer loop
vertex 23.093412 17.255502 -4.353281
vertex 23.106224 16.433812 -3.913378
vertex 22.216570 16.433812 -4.052868
endloop
endfacet
facet normal 0.111356 -0.443900 -0.889130
outer loop
vertex 22.201322 17.255502 -4.465008
vertex 23.093412 17.255502 -4.353281
vertex 22.216570 16.433812 -4.052868
endloop
endfacet
facet normal 0.051186 -0.480335 -0.875590
outer loop
vertex 23.991541 17.255502 -4.312390
vertex 24.005211 16.433812 -3.860824
vertex 23.106224 16.433812 -3.913378
endloop
endfacet
facet normal 0.040119 -0.471115 -0.881159
outer loop
vertex 23.093412 17.255502 -4.353281
vertex 23.991541 17.255502 -4.312390
vertex 23.106224 16.433812 -3.913378
endloop
endfacet
facet normal -0.775619 -0.002340 -0.631197
outer loop
vertex 8.606558 18.077193 -0.981636
vertex 8.613489 17.255502 -0.987105
vertex 8.046004 17.255502 -0.289775
endloop
endfacet
facet normal -0.762430 -0.024318 -0.646613
outer loop
vertex 8.026342 18.077193 -0.297495
vertex 8.606558 18.077193 -0.981636
vertex 8.046004 17.255502 -0.289775
endloop
endfacet
facet normal -0.865850 0.004615 -0.500282
outer loop
vertex 9.061437 18.077193 -1.754800
vertex 9.063277 17.255502 -1.765564
vertex 8.613489 17.255502 -0.987105
endloop
endfacet
facet normal -0.861890 -0.003894 -0.507079
outer loop
vertex 8.606558 18.077193 -0.981636
vertex 9.061437 18.077193 -1.754800
vertex 8.613489 17.255502 -0.987105
endloop
endfacet
facet normal -0.726539 -0.007372 -0.687086
outer loop
vertex 9.668945 18.077193 -2.414826
vertex 9.681025 17.255502 -2.418783
vertex 9.063277 17.255502 -1.765564
endloop
endfacet
facet normal -0.735754 0.007224 -0.677210
outer loop
vertex 9.061437 18.077193 -1.754800
vertex 9.668945 18.077193 -2.414826
vertex 9.063277 17.255502 -1.765564
endloop
endfacet
facet normal -0.604073 -0.051615 -0.795256
outer loop
vertex 10.359455 18.077193 -2.987446
vertex 10.396962 17.255502 -2.962605
vertex 9.681025 17.255502 -2.418783
endloop
endfacet
facet normal -0.638327 -0.005677 -0.769745
outer loop
vertex 9.668945 18.077193 -2.414826
vertex 10.359455 18.077193 -2.987446
vertex 9.681025 17.255502 -2.418783
endloop
endfacet
facet normal -0.500206 -0.036396 -0.865141
outer loop
vertex 11.141175 18.077193 -3.427461
vertex 11.175291 17.255502 -3.412618
vertex 10.396962 17.255502 -2.962605
endloop
endfacet
facet normal -0.489932 -0.048676 -0.870401
outer loop
vertex 10.359455 18.077193 -2.987446
vertex 11.141175 18.077193 -3.427461
vertex 10.396962 17.255502 -2.962605
endloop
endfacet
facet normal -0.523511 0.070209 -0.849122
outer loop
vertex 11.947427 18.077193 -3.820724
vertex 11.940590 17.255502 -3.884449
vertex 11.175291 17.255502 -3.412618
endloop
endfacet
facet normal -0.438136 -0.034417 -0.898250
outer loop
vertex 11.141175 18.077193 -3.427461
vertex 11.947427 18.077193 -3.820724
vertex 11.175291 17.255502 -3.412618
endloop
endfacet
facet normal -0.554621 0.146999 -0.819016
outer loop
vertex 12.724945 18.077193 -4.268120
vertex 12.685021 17.255502 -4.388563
vertex 11.940590 17.255502 -3.884449
endloop
endfacet
facet normal -0.497476 0.071189 -0.864552
outer loop
vertex 11.947427 18.077193 -3.820724
vertex 12.724945 18.077193 -4.268120
vertex 11.940590 17.255502 -3.884449
endloop
endfacet
facet normal -0.473750 0.156313 -0.866676
outer loop
vertex 13.514557 18.077193 -4.693811
vertex 13.473911 17.255502 -4.819793
vertex 12.685021 17.255502 -4.388563
endloop
endfacet
facet normal -0.469151 0.150352 -0.870225
outer loop
vertex 12.724945 18.077193 -4.268120
vertex 13.514557 18.077193 -4.693811
vertex 12.685021 17.255502 -4.388563
endloop
endfacet
facet normal -0.338188 0.062808 -0.938980
outer loop
vertex 14.327814 18.077193 -5.072376
vertex 14.319780 17.255502 -5.124445
vertex 13.473911 17.255502 -4.819793
endloop
endfacet
facet normal -0.416720 0.157869 -0.895222
outer loop
vertex 13.514557 18.077193 -4.693811
vertex 14.327814 18.077193 -5.072376
vertex 13.473911 17.255502 -4.819793
endloop
endfacet
facet normal -0.323213 0.006008 -0.946307
outer loop
vertex 15.160381 18.077193 -5.406337
vertex 15.170582 17.255502 -5.415039
vertex 14.319780 17.255502 -5.124445
endloop
endfacet
facet normal -0.371564 0.062331 -0.926312
outer loop
vertex 14.327814 18.077193 -5.072376
vertex 15.160381 18.077193 -5.406337
vertex 14.319780 17.255502 -5.124445
endloop
endfacet
facet normal -0.265232 -0.034727 -0.963559
outer loop
vertex 16.015548 18.077193 -5.677241
vertex 16.037402 17.255502 -5.653642
vertex 15.170582 17.255502 -5.415039
endloop
endfacet
facet normal -0.301988 0.006346 -0.953291
outer loop
vertex 15.160381 18.077193 -5.406337
vertex 16.015548 18.077193 -5.677241
vertex 15.170582 17.255502 -5.415039
endloop
endfacet
facet normal 0.037143 -0.143586 -0.988941
outer loop
vertex 16.910388 18.077193 -5.740157
vertex 16.935827 17.255502 -5.619899
vertex 16.037402 17.255502 -5.653642
endloop
endfacet
facet normal -0.070104 -0.030500 -0.997073
outer loop
vertex 16.015548 18.077193 -5.677241
vertex 16.910388 18.077193 -5.740157
vertex 16.037402 17.255502 -5.653642
endloop
endfacet
facet normal 0.191442 -0.205238 -0.959806
outer loop
vertex 17.799791 18.077193 -5.623277
vertex 17.817519 17.255502 -5.444037
vertex 16.935827 17.255502 -5.619899
endloop
endfacet
facet normal 0.129016 -0.139690 -0.981754
outer loop
vertex 16.910388 18.077193 -5.740157
vertex 17.799791 18.077193 -5.623277
vertex 16.935827 17.255502 -5.619899
endloop
endfacet
facet normal 0.184999 -0.244213 -0.951911
outer loop
vertex 18.686276 18.077193 -5.486004
vertex 18.700066 17.255502 -5.272519
vertex 17.817519 17.255502 -5.444037
endloop
endfacet
facet normal 0.149693 -0.207639 -0.966684
outer loop
vertex 17.799791 18.077193 -5.623277
vertex 18.686276 18.077193 -5.486004
vertex 17.817519 17.255502 -5.444037
endloop
endfacet
facet normal 0.266908 -0.266471 -0.926150
outer loop
vertex 19.555046 18.077193 -5.262537
vertex 19.563966 17.255502 -5.023551
vertex 18.700066 17.255502 -5.272519
endloop
endfacet
facet normal 0.241819 -0.240196 -0.940122
outer loop
vertex 18.686276 18.077193 -5.486004
vertex 19.555046 18.077193 -5.262537
vertex 18.700066 17.255502 -5.272519
endloop
endfacet
facet normal 0.236705 -0.291748 -0.926744
outer loop
vertex 20.429216 18.077193 -5.061228
vertex 20.435060 17.255502 -4.801060
vertex 19.563966 17.255502 -5.023551
endloop
endfacet
facet normal 0.216045 -0.270516 -0.938161
outer loop
vertex 19.555046 18.077193 -5.262537
vertex 20.429216 18.077193 -5.061228
vertex 19.563966 17.255502 -5.023551
endloop
endfacet
facet normal 0.189536 -0.325998 -0.926176
outer loop
vertex 21.313514 18.077193 -4.910511
vertex 21.315865 17.255502 -4.620809
vertex 20.435060 17.255502 -4.801060
endloop
endfacet
facet normal 0.160438 -0.296909 -0.941331
outer loop
vertex 20.429216 18.077193 -5.061228
vertex 21.313514 18.077193 -4.910511
vertex 20.435060 17.255502 -4.801060
endloop
endfacet
facet normal 0.162616 -0.345591 -0.924188
outer loop
vertex 22.199887 18.077193 -4.772524
vertex 22.201322 17.255502 -4.465008
vertex 21.315865 17.255502 -4.620809
endloop
endfacet
facet normal 0.145281 -0.328610 -0.933225
outer loop
vertex 21.313514 18.077193 -4.910511
vertex 22.199887 18.077193 -4.772524
vertex 21.315865 17.255502 -4.620809
endloop
endfacet
facet normal 0.114178 -0.394759 -0.911663
outer loop
vertex 23.094680 18.077193 -4.708923
vertex 23.093412 17.255502 -4.353281
vertex 22.201322 17.255502 -4.465008
endloop
endfacet
facet normal 0.066425 -0.349629 -0.934530
outer loop
vertex 22.199887 18.077193 -4.772524
vertex 23.094680 18.077193 -4.708923
vertex 22.201322 17.255502 -4.465008
endloop
endfacet
facet normal 0.041378 -0.415149 -0.908812
outer loop
vertex 23.991480 18.077193 -4.687744
vertex 23.991541 17.255502 -4.312390
vertex 23.093412 17.255502 -4.353281
endloop
endfacet
facet normal 0.021667 -0.397143 -0.917501
outer loop
vertex 23.094680 18.077193 -4.708923
vertex 23.991480 18.077193 -4.687744
vertex 23.093412 17.255502 -4.353281
endloop
endfacet
facet normal 0.000000 -1.000000 0.000000
outer loop
vertex 7.579484 0.000000 0.009748
vertex 6.737369 0.000000 0.000002
vertex 6.737369 0.000000 -0.000002
endloop
endfacet
facet normal 0.000000 -1.000000 -0.000000
outer loop
vertex 7.579484 0.000000 0.009748
vertex 6.737369 0.000000 -0.000002
vertex 7.579484 0.000000 -0.009748
endloop
endfacet
facet normal -0.996806 0.079861 0.000000
outer loop
vertex 6.737369 0.000000 0.000002
vertex 6.803200 0.821691 0.546917
vertex 6.803200 0.821691 -0.546917
endloop
endfacet
facet normal -0.996806 0.079861 0.000000
outer loop
vertex 6.737369 0.000000 0.000002
vertex 6.803200 0.821691 -0.546917
vertex 6.737369 0.000000 -0.000002
endloop
endfacet
facet normal 0.000000 -1.000000 0.000000
outer loop
vertex 8.416241 0.000000 0.105090
vertex 7.579484 0.000000 0.009748
vertex 7.579484 0.000000 -0.009748
endloop
endfacet
facet normal 0.000000 -1.000000 -0.000000
outer loop
vertex 8.416241 0.000000 0.105090
vertex 7.579484 0.000000 -0.009748
vertex 8.416241 0.000000 -0.105090
endloop
endfacet
facet normal 0.000000 -1.000000 0.000000
outer loop
vertex 9.218637 0.000000 0.360850
vertex 8.416241 0.000000 0.105090
vertex 8.416241 0.000000 -0.105090
endloop
endfacet
facet normal 0.000000 -1.000000 -0.000000
outer loop
vertex 9.218637 0.000000 0.360850
vertex 8.416241 0.000000 -0.105090
vertex 9.218637 0.000000 -0.360850
endloop
endfacet
facet normal 0.000000 -1.000000 0.000000
outer loop
vertex 10.022412 0.000000 0.612240
vertex 9.218637 0.000000 0.360850
vertex 9.218637 0.000000 -0.360850
endloop
endfacet
facet normal 0.000000 -1.000000 -0.000000
outer loop
vertex 10.022412 0.000000 0.612240
vertex 9.218637 0.000000 -0.360850
vertex 10.022412 0.000000 -0.612240
endloop
endfacet
facet normal 0.000000 -1.000000 0.000000
outer loop
vertex 10.804206 0.000000 0.925370
vertex 10.022412 0.000000 0.612240
vertex 10.022412 0.000000 -0.612240
endloop
endfacet
facet normal 0.000000 -1.000000 -0.000000
outer loop
vertex 10.804206 0.000000 0.925370
vertex 10.022412 0.000000 -0.612240
vertex 10.804206 0.000000 -0.925370
endloop
endfacet
facet normal 0.000000 -1.000000 0.000000
outer loop
vertex 11.587237 0.000000 1.235393
vertex 10.804206 0.000000 0.925370
vertex 10.804206 0.000000 -0.925370
endloop
endfacet
facet normal 0.000000 -1.000000 -0.000000
outer loop
vertex 11.587237 0.000000 1.235393
vertex 10.804206 0.000000 -0.925370
vertex 11.587237 0.000000 -1.235393
endloop
endfacet
facet normal -0.000000 -1.000000 0.000000
outer loop
vertex 12.427457 0.000000 1.178101
vertex 11.587237 0.000000 1.235393
vertex 11.587237 0.000000 -1.235393
endloop
endfacet
facet normal 0.000000 -1.000000 -0.000000
outer loop
vertex 12.427457 0.000000 1.178101
vertex 11.587237 0.000000 -1.235393
vertex 12.427457 0.000000 -1.178101
endloop
endfacet
facet normal -0.000000 -1.000000 0.000000
outer loop
vertex 13.198884 0.000000 0.840236
vertex 12.427457 0.000000 1.178101
vertex 12.427457 0.000000 -1.178101
endloop
endfacet
facet normal 0.000000 -1.000000 -0.000000
outer loop
vertex 13.198884 0.000000 0.840236
vertex 12.427457 0.000000 -1.178101
vertex 13.198884 0.000000 -0.840236
endloop
endfacet
facet normal -0.000000 -1.000000 0.000000
outer loop
vertex 13.973286 0.000000 0.509248
vertex 13.198884 0.000000 0.840236
vertex 13.198884 0.000000 -0.840236
endloop
endfacet
facet normal 0.000000 -1.000000 -0.000000
outer loop
vertex 13.973286 0.000000 0.509248
vertex 13.198884 0.000000 -0.840236
vertex 13.973286 0.000000 -0.509248
endloop
endfacet
facet normal -0.000000 -1.000000 0.000000
outer loop
vertex 14.812032 0.000000 0.433364
vertex 13.973286 0.000000 0.509248
vertex 13.973286 0.000000 -0.509248
endloop
endfacet
facet normal 0.000000 -1.000000 -0.000000
outer loop
vertex 14.812032 0.000000 0.433364
vertex 13.973286 0.000000 -0.509248
vertex 14.812032 0.000000 -0.433364
endloop
endfacet
facet normal -0.000000 -1.000000 0.000000
outer loop
vertex 15.583305 0.000000 0.095150
vertex 14.812032 0.000000 0.433364
vertex 14.812032 0.000000 -0.433364
endloop
endfacet
facet normal 0.000000 -1.000000 -0.000000
outer loop
vertex 15.583305 0.000000 0.095150
vertex 14.812032 0.000000 -0.433364
vertex 15.583305 0.000000 -0.095150
endloop
endfacet
facet normal 0.735804 -0.677195 0.000000
outer loop
vertex 16.339546 0.821691 0.440111
vertex 15.583305 0.000000 0.095150
vertex 15.583305 0.000000 -0.095150
endloop
endfacet
facet normal 0.735804 -0.677195 0.000000
outer loop
vertex 16.339546 0.821691 0.440111
vertex 15.583305 0.000000 -0.095150
vertex 16.339546 0.821691 -0.440111
endloop
endfacet
facet normal 0.000000 -1.000000 0.000000
outer loop
vertex 5.167537 0.821691 0.043258
vertex 4.307025 0.821691 0.004006
vertex 4.307025 0.821691 -0.004006
endloop
endfacet
facet normal 0.000000 -1.000000 -0.000000
outer loop
vertex 5.167537 0.821691 0.043258
vertex 4.307025 0.821691 -0.004006
vertex 5.167537 0.821691 -0.043258
endloop
endfacet
facet normal -0.998823 0.048507 0.000000
outer loop
vertex 4.307025 0.821691 0.004006
vertex 4.346930 1.643381 0.194128
vertex 4.346930 1.643381 -0.194128
endloop
endfacet
facet normal -0.998823 0.048507 0.000000
outer loop
vertex 4.307025 0.821691 0.004006
vertex 4.346930 1.643381 -0.194128
vertex 4.307025 0.821691 -0.004006
endloop
endfacet
facet normal 0.000000 -1.000000 0.000000
outer loop
vertex 6.014434 0.821691 0.200694
vertex 5.167537 0.821691 0.043258
vertex 5.167537 0.821691 -0.043258
endloop
endfacet
facet normal 0.000000 -1.000000 -0.000000
outer loop
vertex 6.014434 0.821691 0.200694
vertex 5.167537 0.821691 -0.043258
vertex 6.014434 0.821691 -0.200694
endloop
endfacet
facet normal 0.000000 -1.000000 0.000000
outer loop
vertex 6.803200 0.821691 0.546917
vertex 6.014434 0.821691 0.200694
vertex 6.014434 0.821691 -0.200694
endloop
endfacet
facet normal 0.000000 -1.000000 -0.000000
outer loop
vertex 6.803200 0.821691 0.546917
vertex 6.014434 0.821691 -0.200694
vertex 6.803200 0.821691 -0.546917
endloop
endfacet
facet normal -0.000000 -1.000000 0.000000
outer loop
vertex 17.109677 0.821691 0.054209
vertex 16.339546 0.821691 0.440111
vertex 16.339546 0.821691 -0.440111
endloop
endfacet
facet normal 0.000000 -1.000000 -0.000000
outer loop
vertex 17.109677 0.821691 0.054209
vertex 16.339546 0.821691 -0.440111
vertex 17.109677 0.821691 -0.054209
endloop
endfacet
facet normal 0.708407 -0.705804 0.000000
outer loop
vertex 17.928348 1.643381 0.287348
vertex 17.109677 0.821691 0.054209
vertex 17.109677 0.821691 -0.054209
endloop
endfacet
facet normal 0.708407 -0.705804 0.000000
outer loop
vertex 17.928348 1.643381 0.287348
vertex 17.109677 0.821691 -0.054209
vertex 17.928348 1.643381 -0.287348
endloop
endfacet
facet normal -0.999825 0.018730 0.000000
outer loop
vertex 4.346930 1.643381 0.194128
vertex 4.362323 2.465072 0.456980
vertex 4.362323 2.465072 -0.456980
endloop
endfacet
facet normal -0.999825 0.018730 0.000000
outer loop
vertex 4.346930 1.643381 0.194128
vertex 4.362323 2.465072 -0.456980
vertex 4.346930 1.643381 -0.194128
endloop
endfacet
facet normal 0.738103 -0.674688 0.000000
outer loop
vertex 18.679442 2.465072 0.335852
vertex 17.928348 1.643381 0.287348
vertex 17.928348 1.643381 -0.287348
endloop
endfacet
facet normal 0.738103 -0.674688 0.000000
outer loop
vertex 18.679442 2.465072 0.335852
vertex 17.928348 1.643381 -0.287348
vertex 18.679442 2.465072 -0.335852
endloop
endfacet
facet normal 0.000000 -1.000000 0.000000
outer loop
vertex 4.362323 2.465072 0.456980
vertex 3.572420 2.465072 0.039746
vertex 3.572420 2.465072 -0.039746
endloop
endfacet
facet normal 0.000000 -1.000000 -0.000000
outer loop
vertex 4.362323 2.465072 0.456980
vertex 3.572420 2.465072 -0.039746
vertex 4.362323 2.465072 -0.456980
endloop
endfacet
facet normal -0.999970 0.007800 0.000000
outer loop
vertex 3.572420 2.465072 0.039746
vertex 3.578829 3.286762 0.173575
vertex 3.578829 3.286762 -0.173575
endloop
endfacet
facet normal -0.999970 0.007800 0.000000
outer loop
vertex 3.572420 2.465072 0.039746
vertex 3.578829 3.286762 -0.173575
vertex 3.572420 2.465072 -0.039746
endloop
endfacet
facet normal 0.645348 -0.763889 0.000000
outer loop
vertex 19.652064 3.286762 0.629066
vertex 18.679442 2.465072 0.335852
vertex 18.679442 2.465072 -0.335852
endloop
endfacet
facet normal 0.645348 -0.763889 0.000000
outer loop
vertex 19.652064 3.286762 0.629066
vertex 18.679442 2.465072 -0.335852
vertex 19.652064 3.286762 -0.629066
endloop
endfacet
facet normal 0.000000 -1.000000 0.000000
outer loop
vertex 3.578829 3.286762 0.173575
vertex 2.693098 3.286762 0.027044
vertex 2.693098 3.286762 -0.027044
endloop
endfacet
facet normal 0.000000 -1.000000 -0.000000
outer loop
vertex 3.578829 3.286762 0.173575
vertex 2.693098 3.286762 -0.027044
vertex 3.578829 3.286762 -0.173575
endloop
endfacet
facet normal -0.999966 0.008272 0.000000
outer loop
vertex 2.693098 3.286762 0.027044
vertex 2.699895 4.108453 0.190488
vertex 2.699895 4.108453 -0.190488
endloop
endfacet
facet normal -0.999966 0.008272 0.000000
outer loop
vertex 2.693098 3.286762 0.027044
vertex 2.699895 4.108453 -0.190488
vertex 2.693098 3.286762 -0.027044
endloop
endfacet
facet normal 0.726125 -0.687563 0.000000
outer loop
vertex 20.430117 4.108453 0.284424
vertex 19.652064 3.286762 0.629066
vertex 19.652064 3.286762 -0.629066
endloop
endfacet
facet normal 0.726125 -0.687563 0.000000
outer loop
vertex 20.430117 4.108453 0.284424
vertex 19.652064 3.286762 -0.629066
vertex 20.430117 4.108453 -0.284424
endloop
endfacet
facet normal -0.999448 0.033221 0.000000
outer loop
vertex 2.699895 4.108453 0.190488
vertex 2.727208 4.930144 0.219345
vertex 2.727208 4.930144 -0.219345
endloop
endfacet
facet normal -0.999448 0.033221 0.000000
outer loop
vertex 2.699895 4.108453 0.190488
vertex 2.727208 4.930144 -0.219345
vertex 2.699895 4.108453 -0.190488
endloop
endfacet
facet normal 0.998802 -0.048933 0.000000
outer loop
vertex 20.470374 4.930144 0.572724
vertex 20.430117 4.108453 0.284424
vertex 20.430117 4.108453 -0.284424
endloop
endfacet
facet normal 0.998802 -0.048933 0.000000
outer loop
vertex 20.470374 4.930144 0.572724
vertex 20.430117 4.108453 -0.284424
vertex 20.470374 4.930144 -0.572724
endloop
endfacet
facet normal -0.999882 0.015378 0.000000
outer loop
vertex 2.727208 4.930144 0.219345
vertex 2.739845 5.751834 0.295280
vertex 2.739845 5.751834 -0.295280
endloop
endfacet
facet normal -0.999882 0.015378 0.000000
outer loop
vertex 2.727208 4.930144 0.219345
vertex 2.739845 5.751834 -0.295280
vertex 2.727208 4.930144 -0.219345
endloop
endfacet
facet normal 0.994877 0.101095 0.000000
outer loop
vertex 20.386878 5.751834 0.489376
vertex 20.470374 4.930144 0.572724
vertex 20.470374 4.930144 -0.572724
endloop
endfacet
facet normal 0.994877 0.101095 0.000000
outer loop
vertex 20.386878 5.751834 0.489376
vertex 20.470374 4.930144 -0.572724
vertex 20.386878 5.751834 -0.489376
endloop
endfacet
facet normal -0.997293 0.073528 0.000000
outer loop
vertex 2.739845 5.751834 0.295280
vertex 2.800426 6.573525 0.230091
vertex 2.800426 6.573525 -0.230091
endloop
endfacet
facet normal -0.997293 0.073528 0.000000
outer loop
vertex 2.739845 5.751834 0.295280
vertex 2.800426 6.573525 -0.230091
vertex 2.739845 5.751834 -0.295280
endloop
endfacet
facet normal 0.984842 0.173456 0.000000
outer loop
vertex 20.242156 6.573525 0.142635
vertex 20.386878 5.751834 0.489376
vertex 20.386878 5.751834 -0.489376
endloop
endfacet
facet normal 0.984842 0.173456 0.000000
outer loop
vertex 20.242156 6.573525 0.142635
vertex 20.386878 5.751834 -0.489376
vertex 20.242156 6.573525 -0.142635
endloop
endfacet
facet normal 0.000000 1.000000 0.000000
outer loop
vertex 19.510407 6.573525 0.737361
vertex 20.242156 6.573525 0.142635
vertex 20.242156 6.573525 -0.142635
endloop
endfacet
facet normal 0.000000 1.000000 0.000000
outer loop
vertex 19.510407 6.573525 0.737361
vertex 20.242156 6.573525 -0.142635
vertex 19.510407 6.573525 -0.737361
endloop
endfacet
facet normal -0.998943 0.045961 0.000000
outer loop
vertex 2.800426 6.573525 0.230091
vertex 2.838232 7.395215 0.219005
vertex 2.838232 7.395215 -0.219005
endloop
endfacet
facet normal -0.998943 0.045961 0.000000
outer loop
vertex 2.800426 6.573525 0.230091
vertex 2.838232 7.395215 -0.219005
vertex 2.800426 6.573525 -0.230091
endloop
endfacet
facet normal 0.999970 0.007738 0.000000
outer loop
vertex 19.504048 7.395215 0.807040
vertex 19.510407 6.573525 0.737361
vertex 19.510407 6.573525 -0.737361
endloop
endfacet
facet normal 0.999970 0.007738 0.000000
outer loop
vertex 19.504048 7.395215 0.807040
vertex 19.510407 6.573525 -0.737361
vertex 19.504048 7.395215 -0.807040
endloop
endfacet
facet normal -0.994128 -0.108209 0.000000
outer loop
vertex 2.838232 7.395215 0.219005
vertex 2.748792 8.216906 0.536306
vertex 2.748792 8.216906 -0.536306
endloop
endfacet
facet normal -0.994128 -0.108209 -0.000000
outer loop
vertex 2.838232 7.395215 0.219005
vertex 2.748792 8.216906 -0.536306
vertex 2.838232 7.395215 -0.219005
endloop
endfacet
facet normal 0.722442 -0.691431 0.000000
outer loop
vertex 20.290467 8.216906 0.404608
vertex 19.504048 7.395215 0.807040
vertex 19.504048 7.395215 -0.807040
endloop
endfacet
facet normal 0.722442 -0.691431 0.000000
outer loop
vertex 20.290467 8.216906 0.404608
vertex 19.504048 7.395215 -0.807040
vertex 20.290467 8.216906 -0.404608
endloop
endfacet
facet normal 0.000000 -1.000000 0.000000
outer loop
vertex 1.907140 8.216906 0.084149
vertex 0.955418 8.216906 0.000183
vertex 0.955418 8.216906 -0.000183
endloop
endfacet
facet normal 0.000000 -1.000000 -0.000000
outer loop
vertex 1.907140 8.216906 0.084149
vertex 0.955418 8.216906 -0.000183
vertex 1.907140 8.216906 -0.084149
endloop
endfacet
facet normal -0.999922 -0.012496 0.000000
outer loop
vertex 0.955418 8.216906 0.000183
vertex 0.945150 9.038596 0.113473
vertex 0.945150 9.038596 -0.113473
endloop
endfacet
facet normal -0.999922 -0.012496 -0.000000
outer loop
vertex 0.955418 8.216906 0.000183
vertex 0.945150 9.038596 -0.113473
vertex 0.955418 8.216906 -0.000183
endloop
endfacet
facet normal 0.000000 -1.000000 0.000000
outer loop
vertex 2.748792 8.216906 0.536306
vertex 1.907140 8.216906 0.084149
vertex 1.907140 8.216906 -0.084149
endloop
endfacet
facet normal 0.000000 -1.000000 -0.000000
outer loop
vertex 2.748792 8.216906 0.536306
vertex 1.907140 8.216906 -0.084149
vertex 2.748792 8.216906 -0.536306
endloop
endfacet
facet normal 0.988792 -0.149299 0.000000
outer loop
vertex 20.414535 9.038596 0.687661
vertex 20.290467 8.216906 0.404608
vertex 20.290467 8.216906 -0.404608
endloop
endfacet
facet normal 0.988792 -0.149299 0.000000
outer loop
vertex 20.414535 9.038596 0.687661
vertex 20.290467 8.216906 -0.404608
vertex 20.414535 9.038596 -0.687661
endloop
endfacet
facet normal 0.000000 -1.000000 -0.000000
outer loop
vertex 0.945150 9.038596 0.113473
vertex 0.000000 9.038596 0.000000
vertex 0.945150 9.038596 -0.113473
endloop
endfacet
facet normal -1.000000 0.000000 0.000000
outer loop
vertex 0.000000 9.038596 0.000000
vertex 0.000000 9.860287 0.207015
vertex 0.000000 9.860287 -0.207015
endloop
endfacet
facet normal 0.689995 -0.723814 0.000000
outer loop
vertex 21.276500 9.860287 0.412546
vertex 20.414535 9.038596 0.687661
vertex 20.414535 9.038596 -0.687661
endloop
endfacet
facet normal 0.689995 -0.723814 0.000000
outer loop
vertex 21.276500 9.860287 0.412546
vertex 20.414535 9.038596 -0.687661
vertex 21.276500 9.860287 -0.412546
endloop
endfacet
facet normal -1.000000 0.000000 0.000000
outer loop
vertex 0.000000 9.860287 0.207015
vertex 0.000000 10.681978 1.042447
vertex 0.000000 10.681978 -1.042447
endloop
endfacet
facet normal -1.000000 0.000000 0.000000
outer loop
vertex 0.000000 9.860287 0.207015
vertex 0.000000 10.681978 -1.042447
vertex 0.000000 9.860287 -0.207015
endloop
endfacet
facet normal 0.678947 -0.734187 0.000000
outer loop
vertex 22.165044 10.681978 0.109403
vertex 21.276500 9.860287 0.412546
vertex 21.276500 9.860287 -0.412546
endloop
endfacet
facet normal 0.678947 -0.734187 0.000000
outer loop
vertex 22.165044 10.681978 0.109403
vertex 21.276500 9.860287 -0.412546
vertex 22.165044 10.681978 -0.109403
endloop
endfacet
facet normal -1.000000 0.000000 0.000000
outer loop
vertex 0.000000 10.681978 1.042447
vertex 0.000000 11.503668 0.835160
vertex 0.000000 11.503668 -0.835160
endloop
endfacet
facet normal -1.000000 0.000000 0.000000
outer loop
vertex 0.000000 10.681978 1.042447
vertex 0.000000 11.503668 -0.835160
vertex 0.000000 10.681978 -1.042447
endloop
endfacet
facet normal 0.991659 -0.128892 0.000000
outer loop
vertex 22.271845 11.503668 0.489507
vertex 22.165044 10.681978 0.109403
vertex 22.165044 10.681978 -0.109403
endloop
endfacet
facet normal 0.991659 -0.128892 0.000000
outer loop
vertex 22.271845 11.503668 0.489507
vertex 22.165044 10.681978 -0.109403
vertex 22.271845 11.503668 -0.489507
endloop
endfacet
facet normal -1.000000 0.000000 0.000000
outer loop
vertex 0.000000 11.503668 0.835160
vertex 0.000000 12.325359 0.520611
vertex 0.000000 12.325359 -0.520611
endloop
endfacet
facet normal -1.000000 0.000000 0.000000
outer loop
vertex 0.000000 11.503668 0.835160
vertex 0.000000 12.325359 -0.520611
vertex 0.000000 11.503668 -0.835160
endloop
endfacet
facet normal -0.000000 -1.000000 0.000000
outer loop
vertex 23.079249 11.503668 0.038908
vertex 22.271845 11.503668 0.489507
vertex 22.271845 11.503668 -0.489507
endloop
endfacet
facet normal 0.000000 -1.000000 -0.000000
outer loop
vertex 23.079249 11.503668 0.038908
vertex 22.271845 11.503668 -0.489507
vertex 23.079249 11.503668 -0.038908
endloop
endfacet
facet normal 0.665255 -0.746616 0.000000
outer loop
vertex 24.001432 12.325359 0.195157
vertex 23.079249 11.503668 0.038908
vertex 23.079249 11.503668 -0.038908
endloop
endfacet
facet normal 0.665255 -0.746616 0.000000
outer loop
vertex 24.001432 12.325359 0.195157
vertex 23.079249 11.503668 -0.038908
vertex 24.001432 12.325359 -0.195157
endloop
endfacet
facet normal -1.000000 0.000000 0.000000
outer loop
vertex 0.000000 12.325359 0.520611
vertex 0.000000 13.147049 0.188206
vertex 0.000000 13.147049 -0.188206
endloop
endfacet
facet normal -1.000000 0.000000 0.000000
outer loop
vertex 0.000000 12.325359 0.520611
vertex 0.000000 13.147049 -0.188206
vertex 0.000000 12.325359 -0.520611
endloop
endfacet
facet normal 0.999997 0.002450 0.000000
outer loop
vertex 23.999418 13.147049 1.636921
vertex 24.001432 12.325359 0.195157
vertex 24.001432 12.325359 -0.195157
endloop
endfacet
facet normal 0.999997 0.002450 0.000000
outer loop
vertex 23.999418 13.147049 1.636921
vertex 24.001432 12.325359 -0.195157
vertex 23.999418 13.147049 -1.636921
endloop
endfacet
facet normal -1.000000 0.000000 0.000000
outer loop
vertex 0.000000 13.147049 0.188206
vertex 0.000000 13.968740 0.087123
vertex 0.000000 13.968740 -0.087123
endloop
endfacet
facet normal -1.000000 0.000000 0.000000
outer loop
vertex 0.000000 13.147049 0.188206
vertex 0.000000 13.968740 -0.087123
vertex 0.000000 13.147049 -0.188206
endloop
endfacet
facet normal 0.999999 -0.001430 0.000000
outer loop
vertex 24.000593 13.968740 2.330556
vertex 23.999418 13.147049 1.636921
vertex 23.999418 13.147049 -1.636921
endloop
endfacet
facet normal 0.999999 -0.001430 0.000000
outer loop
vertex 24.000593 13.968740 2.330556
vertex 23.999418 13.147049 -1.636921
vertex 24.000593 13.968740 -2.330556
endloop
endfacet
facet normal -0.691537 0.722341 0.000000
outer loop
vertex 0.000000 13.968740 0.087123
vertex 0.858292 14.790431 0.249675
vertex 0.858292 14.790431 -0.249675
endloop
endfacet
facet normal -0.691537 0.722341 0.000000
outer loop
vertex 0.000000 13.968740 0.087123
vertex 0.858292 14.790431 -0.249675
vertex 0.000000 13.968740 -0.087123
endloop
endfacet
facet normal 0.999999 -0.001343 0.000000
outer loop
vertex 24.001697 14.790431 2.920385
vertex 24.000593 13.968740 2.330556
vertex 24.000593 13.968740 -2.330556
endloop
endfacet
facet normal 0.999999 -0.001343 0.000000
outer loop
vertex 24.001697 14.790431 2.920385
vertex 24.000593 13.968740 -2.330556
vertex 24.001697 14.790431 -2.920385
endloop
endfacet
facet normal -0.674265 0.738490 0.000000
outer loop
vertex 0.858292 14.790431 0.249675
vertex 1.758250 15.612121 0.258939
vertex 1.758250 15.612121 -0.258939
endloop
endfacet
facet normal -0.674265 0.738490 0.000000
outer loop
vertex 0.858292 14.790431 0.249675
vertex 1.758250 15.612121 -0.258939
vertex 0.858292 14.790431 -0.249675
endloop
endfacet
facet normal 0.999999 -0.001710 0.000000
outer loop
vertex 24.003102 15.612121 3.406722
vertex 24.001697 14.790431 2.920385
vertex 24.001697 14.790431 -2.920385
endloop
endfacet
facet normal 0.999999 -0.001710 0.000000
outer loop
vertex 24.003102 15.612121 3.406722
vertex 24.001697 14.790431 -2.920385
vertex 24.003102 15.612121 -3.406722
endloop
endfacet
facet normal -0.656846 0.754025 0.000000
outer loop
vertex 1.758250 15.612121 0.258939
vertex 2.701507 16.433812 0.015375
vertex 2.701507 16.433812 -0.015375
endloop
endfacet
facet normal -0.656846 0.754025 0.000000
outer loop
vertex 1.758250 15.612121 0.258939
vertex 2.701507 16.433812 -0.015375
vertex 1.758250 15.612121 -0.258939
endloop
endfacet
facet normal -0.000000 1.000000 0.000000
outer loop
vertex 2.701507 16.433812 0.015375
vertex 3.591677 16.433812 0.151526
vertex 3.591677 16.433812 -0.151526
endloop
endfacet
facet normal 0.000000 1.000000 0.000000
outer loop
vertex 2.701507 16.433812 0.015375
vertex 3.591677 16.433812 -0.151526
vertex 2.701507 16.433812 -0.015375
endloop
endfacet
facet normal -0.000000 1.000000 0.000000
outer loop
vertex 6.983066 16.433812 0.186006
vertex 7.775636 16.433812 0.613526
vertex 7.775636 16.433812 -0.613526
endloop
endfacet
facet normal 0.000000 1.000000 0.000000
outer loop
vertex 6.983066 16.433812 0.186006
vertex 7.775636 16.433812 -0.613526
vertex 6.983066 16.433812 -0.186006
endloop
endfacet
facet normal 0.999997 -0.002567 0.000000
outer loop
vertex 24.005211 16.433812 3.860824
vertex 24.003102 15.612121 3.406722
vertex 24.003102 15.612121 -3.406722
endloop
endfacet
facet normal 0.999997 -0.002567 0.000000
outer loop
vertex 24.005211 16.433812 3.860824
vertex 24.003102 15.612121 -3.406722
vertex 24.005211 16.433812 -3.860824
endloop
endfacet
facet normal -0.672776 0.739846 0.000000
outer loop
vertex 3.591677 16.433812 0.151526
vertex 4.495283 17.255502 0.001973
vertex 4.495283 17.255502 -0.001973
endloop
endfacet
facet normal -0.672776 0.739846 0.000000
outer loop
vertex 3.591677 16.433812 0.151526
vertex 4.495283 17.255502 -0.001973
vertex 3.591677 16.433812 -0.151526
endloop
endfacet
facet normal -0.000000 1.000000 0.000000
outer loop
vertex 4.495283 17.255502 0.001973
vertex 5.394326 17.255502 0.007521
vertex 5.394326 17.255502 -0.007521
endloop
endfacet
facet normal 0.000000 1.000000 0.000000
outer loop
vertex 4.495283 17.255502 0.001973
vertex 5.394326 17.255502 -0.007521
vertex 4.495283 17.255502 -0.001973
endloop
endfacet
facet normal -0.000000 1.000000 0.000000
outer loop
vertex 5.394326 17.255502 0.007521
vertex 6.293329 17.255502 0.017559
vertex 6.293329 17.255502 -0.017559
endloop
endfacet
facet normal 0.000000 1.000000 0.000000
outer loop
vertex 5.394326 17.255502 0.007521
vertex 6.293329 17.255502 -0.017559
vertex 5.394326 17.255502 -0.007521
endloop
endfacet
facet normal 0.969066 -0.246802 0.000000
outer loop
vertex 7.192334 17.255502 0.007717
vertex 6.983066 16.433812 0.186006
vertex 6.983066 16.433812 -0.186006
endloop
endfacet
facet normal 0.969066 -0.246802 0.000000
outer loop
vertex 7.192334 17.255502 0.007717
vertex 6.983066 16.433812 -0.186006
vertex 7.192334 17.255502 -0.007717
endloop
endfacet
facet normal 0.000000 1.000000 0.000000
outer loop
vertex 6.293329 17.255502 0.017559
vertex 7.192334 17.255502 0.007717
vertex 7.192334 17.255502 -0.007717
endloop
endfacet
facet normal 0.000000 1.000000 0.000000
outer loop
vertex 6.293329 17.255502 0.017559
vertex 7.192334 17.255502 -0.007717
vertex 6.293329 17.255502 -0.017559
endloop
endfacet
facet normal -0.949900 0.312554 0.000000
outer loop
vertex 7.775636 16.433812 0.613526
vertex 8.046004 17.255502 0.289775
vertex 8.046004 17.255502 -0.289775
endloop
endfacet
facet normal -0.949900 0.312554 0.000000
outer loop
vertex 7.775636 16.433812 0.613526
vertex 8.046004 17.255502 -0.289775
vertex 7.775636 16.433812 -0.613526
endloop
endfacet
facet normal 0.999862 0.016634 0.000000
outer loop
vertex 23.991541 17.255502 4.312390
vertex 24.005211 16.433812 3.860824
vertex 24.005211 16.433812 -3.860824
endloop
endfacet
facet normal 0.999862 0.016634 0.000000
outer loop
vertex 23.991541 17.255502 4.312390
vertex 24.005211 16.433812 -3.860824
vertex 23.991541 17.255502 -4.312390
endloop
endfacet
facet normal -0.000000 1.000000 0.000000
outer loop
vertex 8.026342 18.077193 0.297495
vertex 8.606558 18.077193 0.981636
vertex 8.606558 18.077193 -0.981636
endloop
endfacet
facet normal 0.000000 1.000000 0.000000
outer loop
vertex 8.026342 18.077193 0.297495
vertex 8.606558 18.077193 -0.981636
vertex 8.026342 18.077193 -0.297495
endloop
endfacet
facet normal -0.999714 -0.023921 0.000000
outer loop
vertex 8.046004 17.255502 0.289775
vertex 8.026342 18.077193 0.297495
vertex 8.026342 18.077193 -0.297495
endloop
endfacet
facet normal -0.999714 -0.023921 -0.000000
outer loop
vertex 8.046004 17.255502 0.289775
vertex 8.026342 18.077193 -0.297495
vertex 8.046004 17.255502 -0.289775
endloop
endfacet
facet normal -0.000000 1.000000 0.000000
outer loop
vertex 8.606558 18.077193 0.981636
vertex 9.061437 18.077193 1.754800
vertex 9.061437 18.077193 -1.754800
endloop
endfacet
facet normal 0.000000 1.000000 0.000000
outer loop
vertex 8.606558 18.077193 0.981636
vertex 9.061437 18.077193 -1.754800
vertex 8.606558 18.077193 -0.981636
endloop
endfacet
facet normal -0.000000 1.000000 0.000000
outer loop
vertex 9.061437 18.077193 1.754800
vertex 9.668945 18.077193 2.414826
vertex 9.668945 18.077193 -2.414826
endloop
endfacet
facet normal 0.000000 1.000000 0.000000
outer loop
vertex 9.061437 18.077193 1.754800
vertex 9.668945 18.077193 -2.414826
vertex 9.061437 18.077193 -1.754800
endloop
endfacet
facet normal -0.000000 1.000000 0.000000
outer loop
vertex 9.668945 18.077193 2.414826
vertex 10.359455 18.077193 2.987446
vertex 10.359455 18.077193 -2.987446
endloop
endfacet
facet normal 0.000000 1.000000 0.000000
outer loop
vertex 9.668945 18.077193 2.414826
vertex 10.359455 18.077193 -2.987446
vertex 9.668945 18.077193 -2.414826
endloop
endfacet
facet normal -0.000000 1.000000 0.000000
outer loop
vertex 10.359455 18.077193 2.987446
vertex 11.141175 18.077193 3.427461
vertex 11.141175 18.077193 -3.427461
endloop
endfacet
facet normal 0.000000 1.000000 0.000000
outer loop
vertex 10.359455 18.077193 2.987446
vertex 11.141175 18.077193 -3.427461
vertex 10.359455 18.077193 -2.987446
endloop
endfacet
facet normal -0.000000 1.000000 0.000000
outer loop
vertex 11.141175 18.077193 3.427461
vertex 11.947427 18.077193 3.820724
vertex 11.947427 18.077193 -3.820724
endloop
endfacet
facet normal 0.000000 1.000000 0.000000
outer loop
vertex 11.141175 18.077193 3.427461
vertex 11.947427 18.077193 -3.820724
vertex 11.141175 18.077193 -3.427461
endloop
endfacet
facet normal -0.000000 1.000000 0.000000
outer loop
vertex 11.947427 18.077193 3.820724
vertex 12.724945 18.077193 4.268120
vertex 12.724945 18.077193 -4.268120
endloop
endfacet
facet normal 0.000000 1.000000 0.000000
outer loop
vertex 11.947427 18.077193 3.820724
vertex 12.724945 18.077193 -4.268120
vertex 11.947427 18.077193 -3.820724
endloop
endfacet
facet normal -0.000000 1.000000 0.000000
outer loop
vertex 12.724945 18.077193 4.268120
vertex 13.514557 18.077193 4.693811
vertex 13.514557 18.077193 -4.693811
endloop
endfacet
facet normal 0.000000 1.000000 0.000000
outer loop
vertex 12.724945 18.077193 4.268120
vertex 13.514557 18.077193 -4.693811
vertex 12.724945 18.077193 -4.268120
endloop
endfacet
facet normal -0.000000 1.000000 0.000000
outer loop
vertex 13.514557 18.077193 4.693811
vertex 14.327814 18.077193 5.072376
vertex 14.327814 18.077193 -5.072376
endloop
endfacet
facet normal 0.000000 1.000000 0.000000
outer loop
vertex 13.514557 18.077193 4.693811
vertex 14.327814 18.077193 -5.072376
vertex 13.514557 18.077193 -4.693811
endloop
endfacet
facet normal -0.000000 1.000000 0.000000
outer loop
vertex 14.327814 18.077193 5.072376
vertex 15.160381 18.077193 5.406337
vertex 15.160381 18.077193 -5.406337
endloop
endfacet
facet normal 0.000000 1.000000 0.000000
outer loop
vertex 14.327814 18.077193 5.072376
vertex 15.160381 18.077193 -5.406337
vertex 14.327814 18.077193 -5.072376
endloop
endfacet
facet normal -0.000000 1.000000 0.000000
outer loop
vertex 15.160381 18.077193 5.406337
vertex 16.015548 18.077193 5.677241
vertex 16.015548 18.077193 -5.677241
endloop
endfacet
facet normal 0.000000 1.000000 0.000000
outer loop
vertex 15.160381 18.077193 5.406337
vertex 16.015548 18.077193 -5.677241
vertex 15.160381 18.077193 -5.406337
endloop
endfacet
facet normal -0.000000 1.000000 0.000000
outer loop
vertex 16.015548 18.077193 5.677241
vertex 16.910388 18.077193 5.740157
vertex 16.910388 18.077193 -5.740157
endloop
endfacet
facet normal 0.000000 1.000000 0.000000
outer loop
vertex 16.015548 18.077193 5.677241
vertex 16.910388 18.077193 -5.740157
vertex 16.015548 18.077193 -5.677241
endloop
endfacet
facet normal 0.000000 1.000000 0.000000
outer loop
vertex 16.910388 18.077193 5.740157
vertex 17.799791 18.077193 5.623277
vertex 17.799791 18.077193 -5.623277
endloop
endfacet
facet normal 0.000000 1.000000 0.000000
outer loop
vertex 16.910388 18.077193 5.740157
vertex 17.799791 18.077193 -5.623277
vertex 16.910388 18.077193 -5.740157
endloop
endfacet
facet normal 0.000000 1.000000 0.000000
outer loop
vertex 17.799791 18.077193 5.623277
vertex 18.686276 18.077193 5.486004
vertex 18.686276 18.077193 -5.486004
endloop
endfacet
facet normal 0.000000 1.000000 0.000000
outer loop
vertex 17.799791 18.077193 5.623277
vertex 18.686276 18.077193 -5.486004
vertex 17.799791 18.077193 -5.623277
endloop
endfacet
facet normal 0.000000 1.000000 0.000000
outer loop
vertex 18.686276 18.077193 5.486004
vertex 19.555046 18.077193 5.262537
vertex 19.555046 18.077193 -5.262537
endloop
endfacet
facet normal 0.000000 1.000000 0.000000
outer loop
vertex 18.686276 18.077193 5.486004
vertex 19.555046 18.077193 -5.262537
vertex 18.686276 18.077193 -5.486004
endloop
endfacet
facet normal 0.000000 1.000000 0.000000
outer loop
vertex 19.555046 18.077193 5.262537
vertex 20.429216 18.077193 5.061228
vertex 20.429216 18.077193 -5.061228
endloop
endfacet
facet normal 0.000000 1.000000 0.000000
outer loop
vertex 19.555046 18.077193 5.262537
vertex 20.429216 18.077193 -5.061228
vertex 19.555046 18.077193 -5.262537
endloop
endfacet
facet normal 0.000000 1.000000 0.000000
outer loop
vertex 20.429216 18.077193 5.061228
vertex 21.313514 18.077193 4.910511
vertex 21.313514 18.077193 -4.910511
endloop
endfacet
facet normal 0.000000 1.000000 0.000000
outer loop
vertex 20.429216 18.077193 5.061228
vertex 21.313514 18.077193 -4.910511
vertex 20.429216 18.077193 -5.061228
endloop
endfacet
facet normal 0.000000 1.000000 0.000000
outer loop
vertex 21.313514 18.077193 4.910511
vertex 22.199887 18.077193 4.772524
vertex 22.199887 18.077193 -4.772524
endloop
endfacet
facet normal 0.000000 1.000000 0.000000
outer loop
vertex 21.313514 18.077193 4.910511
vertex 22.199887 18.077193 -4.772524
vertex 21.313514 18.077193 -4.910511
endloop
endfacet
facet normal 0.000000 1.000000 0.000000
outer loop
vertex 22.199887 18.077193 4.772524
vertex 23.094680 18.077193 4.708923
vertex 23.094680 18.077193 -4.708923
endloop
endfacet
facet normal 0.000000 1.000000 0.000000
outer loop
vertex 22.199887 18.077193 4.772524
vertex 23.094680 18.077193 -4.708923
vertex 22.199887 18.077193 -4.772524
endloop
endfacet
facet normal 1.000000 0.000075 0.000000
outer loop
vertex 23.991480 18.077193 4.687744
vertex 23.991541 17.255502 4.312390
vertex 23.991541 17.255502 -4.312390
endloop
endfacet
facet normal 1.000000 0.000075 0.000000
outer loop
vertex 23.991480 18.077193 4.687744
vertex 23.991541 17.255502 -4.312390
vertex 23.991480 18.077193 -4.687744
endloop
endfacet
facet normal 0.000000 1.000000 0.000000
outer loop
vertex 23.094680 18.077193 4.708923
vertex 23.991480 18.077193 4.687744
vertex 23.991480 18.077193 -4.687744
endloop
endfacet
facet normal 0.000000 1.000000 0.000000
outer loop
vertex 23.094680 18.077193 4.708923
vertex 23.991480 18.077193 -4.687744
vertex 23.094680 18.077193 -4.708923
endloop
endfacet
endsolid foldforge
