solid foldforge
facet normal -0.089020 -0.507365 0.857121
outer loop
vertex 0.000000 0.000000 0.000000
vertex 0.884552 0.000000 0.091869
vertex 0.726536 0.827586 0.565340
endloop
endfacet
facet normal -0.614073 -0.000058 0.789249
outer loop
vertex 0.000000 0.000000 0.000000
vertex 0.726536 0.827586 0.565340
vertex 0.000000 0.827586 0.000060
endloop
endfacet
facet normal -0.625809 -0.546546 0.556462
outer loop
vertex 0.884552 0.000000 0.091869
vertex 1.475489 0.000000 0.756449
vertex 1.253770 0.827586 1.319938
endloop
endfacet
facet normal -0.737799 -0.435794 0.515496
outer loop
vertex 0.884552 0.000000 0.091869
vertex 1.253770 0.827586 1.319938
vertex 0.726536 0.827586 0.565340
endloop
endfacet
facet normal -0.290199 -0.774905 0.561522
outer loop
vertex 1.475489 0.000000 0.756449
vertex 2.265530 0.000000 1.164748
vertex 1.795733 0.827586 2.064029
endloop
endfacet
facet normal -0.687785 -0.525355 0.500953
outer loop
vertex 1.475489 0.000000 0.756449
vertex 1.795733 0.827586 2.064029
vertex 1.253770 0.827586 1.319938
endloop
endfacet
facet normal -0.101312 -0.829912 0.548618
outer loop
vertex 2.265530 0.000000 1.164748
vertex 3.140053 0.000000 1.326244
vertex 2.616206 0.827586 2.481424
endloop
endfacet
facet normal -0.286608 -0.774890 0.563384
outer loop
vertex 2.265530 0.000000 1.164748
vertex 2.616206 0.827586 2.481424
vertex 1.795733 0.827586 2.064029
endloop
endfacet
facet normal -0.041224 -0.813125 0.580628
outer loop
vertex 3.140053 0.000000 1.326244
vertex 4.027130 0.000000 1.389225
vertex 3.536193 0.827586 2.513340
endloop
endfacet
facet normal -0.019992 -0.817022 0.576260
outer loop
vertex 3.140053 0.000000 1.326244
vertex 3.536193 0.827586 2.513340
vertex 2.616206 0.827586 2.481424
endloop
endfacet
facet normal 0.007474 -0.796495 0.604598
outer loop
vertex 4.027130 0.000000 1.389225
vertex 4.916373 0.000000 1.378232
vertex 4.455900 0.827586 2.474183
endloop
endfacet
facet normal 0.025540 -0.799678 0.599886
outer loop
vertex 4.027130 0.000000 1.389225
vertex 4.455900 0.827586 2.474183
vertex 3.536193 0.827586 2.513340
endloop
endfacet
facet normal -0.014641 -0.781888 0.623247
outer loop
vertex 4.916373 0.000000 1.378232
vertex 5.805438 0.000000 1.399118
vertex 5.375244 0.827586 2.427253
endloop
endfacet
facet normal 0.031171 -0.791301 0.610632
outer loop
vertex 4.916373 0.000000 1.378232
vertex 5.375244 0.827586 2.427253
vertex 4.455900 0.827586 2.474183
endloop
endfacet
facet normal 0.020381 -0.780442 0.624896
outer loop
vertex 5.805438 0.000000 1.399118
vertex 6.694275 0.000000 1.370128
vertex 6.295724 0.827586 2.416712
endloop
endfacet
facet normal 0.007201 -0.777494 0.628849
outer loop
vertex 5.805438 0.000000 1.399118
vertex 6.295724 0.827586 2.416712
vertex 5.375244 0.827586 2.427253
endloop
endfacet
facet normal 0.043178 -0.802549 0.595021
outer loop
vertex 6.694275 0.000000 1.370128
vertex 7.581253 0.000000 1.305765
vertex 7.215715 0.827586 2.448517
endloop
endfacet
facet normal -0.021265 -0.788142 0.615126
outer loop
vertex 6.694275 0.000000 1.370128
vertex 7.215715 0.827586 2.448517
vertex 6.295724 0.827586 2.416712
endloop
endfacet
facet normal 0.226459 -0.791191 0.568096
outer loop
vertex 7.581253 0.000000 1.305765
vertex 8.407347 0.000000 0.976460
vertex 8.113723 0.827586 2.246093
endloop
endfacet
facet normal 0.137375 -0.780845 0.609434
outer loop
vertex 7.581253 0.000000 1.305765
vertex 8.113723 0.827586 2.246093
vertex 7.215715 0.827586 2.448517
endloop
endfacet
facet normal 0.143362 -0.843258 0.518038
outer loop
vertex 8.407347 0.000000 0.976460
vertex 9.264442 0.000000 0.739268
vertex 9.029386 0.827586 2.151454
endloop
endfacet
facet normal 0.057304 -0.830251 0.554436
outer loop
vertex 8.407347 0.000000 0.976460
vertex 9.029386 0.827586 2.151454
vertex 8.113723 0.827586 2.246093
endloop
endfacet
facet normal 0.036650 -0.872120 0.487918
outer loop
vertex 9.264442 0.000000 0.739268
vertex 10.151254 0.000000 0.672656
vertex 9.949794 0.827586 2.167041
endloop
endfacet
facet normal -0.008544 -0.863352 0.504530
outer loop
vertex 9.264442 0.000000 0.739268
vertex 9.949794 0.827586 2.167041
vertex 9.029386 0.827586 2.151454
endloop
endfacet
facet normal -0.340681 -0.783448 0.519755
outer loop
vertex 10.151254 0.000000 0.672656
vertex 10.895028 0.000000 1.160172
vertex 10.846367 0.827586 2.375731
endloop
endfacet
facet normal -0.109452 -0.875734 0.470224
outer loop
vertex 10.151254 0.000000 0.672656
vertex 10.846367 0.827586 2.375731
vertex 9.949794 0.827586 2.167041
endloop
endfacet
facet normal -0.046368 -0.841017 0.539018
outer loop
vertex 10.895028 0.000000 1.160172
vertex 11.781066 0.000000 1.236393
vertex 11.754662 0.827586 2.525384
endloop
endfacet
facet normal -0.091917 -0.824817 0.557878
outer loop
vertex 10.895028 0.000000 1.160172
vertex 11.754662 0.827586 2.525384
vertex 10.846367 0.827586 2.375731
endloop
endfacet
facet normal -0.150784 -0.806095 0.572254
outer loop
vertex 11.781066 0.000000 1.236393
vertex 12.641025 0.000000 1.462985
vertex 12.668532 0.827586 2.635997
endloop
endfacet
facet normal -0.065140 -0.840309 0.538179
outer loop
vertex 11.781066 0.000000 1.236393
vertex 12.668532 0.827586 2.635997
vertex 11.754662 0.827586 2.525384
endloop
endfacet
facet normal 0.234346 -0.823984 0.515881
outer loop
vertex 12.641025 0.000000 1.462985
vertex 13.450708 0.000000 1.095174
vertex 13.550336 0.827586 2.371768
endloop
endfacet
facet normal 0.169448 -0.807158 0.565494
outer loop
vertex 12.641025 0.000000 1.462985
vertex 13.550336 0.827586 2.371768
vertex 12.668532 0.827586 2.635997
endloop
endfacet
facet normal 0.133022 -0.871190 0.472582
outer loop
vertex 13.450708 0.000000 1.095174
vertex 14.306753 0.000000 0.854216
vertex 14.470096 0.827586 2.333869
endloop
endfacet
facet normal 0.022359 -0.839690 0.542606
outer loop
vertex 13.450708 0.000000 1.095174
vertex 14.470096 0.827586 2.333869
vertex 13.550336 0.827586 2.371768
endloop
endfacet
facet normal -0.248702 -0.799396 0.546913
outer loop
vertex 14.306753 0.000000 0.854216
vertex 15.116292 0.000000 1.222345
vertex 15.365973 0.827586 2.545527
endloop
endfacet
facet normal -0.116853 -0.861232 0.494596
outer loop
vertex 14.306753 0.000000 0.854216
vertex 15.365973 0.827586 2.545527
vertex 14.470096 0.827586 2.333869
endloop
endfacet
facet normal -0.243425 -0.722441 0.647166
outer loop
vertex 15.116292 0.000000 1.222345
vertex 15.948667 0.000000 1.535434
vertex 16.285622 0.827586 2.586022
endloop
endfacet
facet normal -0.023483 -0.845594 0.533309
outer loop
vertex 15.116292 0.000000 1.222345
vertex 16.285622 0.827586 2.586022
vertex 15.365973 0.827586 2.545527
endloop
endfacet
facet normal 0.114352 -0.827553 0.549618
outer loop
vertex 15.948667 0.000000 1.535434
vertex 16.819332 0.000000 1.354286
vertex 17.203819 0.827586 2.520377
endloop
endfacet
facet normal 0.043579 -0.791547 0.609553
outer loop
vertex 15.948667 0.000000 1.535434
vertex 17.203819 0.827586 2.520377
vertex 16.285622 0.827586 2.586022
endloop
endfacet
facet normal 0.020835 -0.808394 0.588273
outer loop
vertex 16.819332 0.000000 1.354286
vertex 17.708085 0.000000 1.322809
vertex 18.121303 0.827586 2.445429
endloop
endfacet
facet normal 0.046393 -0.821773 0.567924
outer loop
vertex 16.819332 0.000000 1.354286
vertex 18.121303 0.827586 2.445429
vertex 17.203819 0.827586 2.520377
endloop
endfacet
facet normal 0.151339 -0.863942 0.480314
outer loop
vertex 17.708085 0.000000 1.322809
vertex 18.556288 0.000000 1.055554
vertex 19.040271 0.827586 2.391641
endloop
endfacet
facet normal 0.034231 -0.810426 0.584840
outer loop
vertex 17.708085 0.000000 1.322809
vertex 19.040271 0.827586 2.391641
vertex 18.121303 0.827586 2.445429
endloop
endfacet
facet normal -0.015526 -0.857160 0.514816
outer loop
vertex 18.556288 0.000000 1.055554
vertex 19.445194 0.000000 1.082362
vertex 19.956964 0.827586 2.475715
endloop
endfacet
facet normal -0.049416 -0.840977 0.538810
outer loop
vertex 18.556288 0.000000 1.055554
vertex 19.956964 0.827586 2.475715
vertex 19.040271 0.827586 2.391641
endloop
endfacet
facet normal -0.038339 -0.794823 0.605630
outer loop
vertex 19.445194 0.000000 1.082362
vertex 20.332727 0.000000 1.138546
vertex 20.851264 0.827586 2.257488
endloop
endfacet
facet normal 0.116002 -0.872100 0.475379
outer loop
vertex 19.445194 0.000000 1.082362
vertex 20.851264 0.827586 2.257488
vertex 19.956964 0.827586 2.475715
endloop
endfacet
facet normal 0.243557 -0.677580 0.693949
outer loop
vertex 20.332727 0.000000 1.138546
vertex 21.171855 0.000000 0.844036
vertex 21.446853 0.827586 1.555585
endloop
endfacet
facet normal 0.453307 -0.804089 0.384647
outer loop
vertex 20.332727 0.000000 1.138546
vertex 21.446853 0.827586 1.555585
vertex 20.851264 0.827586 2.257488
endloop
endfacet
facet normal 0.616773 -0.605735 0.502669
outer loop
vertex 21.171855 0.000000 0.844036
vertex 21.733685 0.000000 0.154673
vertex 22.002729 0.827586 0.821829
endloop
endfacet
facet normal 0.627273 -0.617014 0.475207
outer loop
vertex 21.171855 0.000000 0.844036
vertex 22.002729 0.827586 0.821829
vertex 21.446853 0.827586 1.555585
endloop
endfacet
facet normal 0.623034 -0.603597 0.497493
outer loop
vertex 21.733685 0.000000 0.154673
vertex 22.577128 0.827586 0.102482
vertex 22.002729 0.827586 0.821829
endloop
endfacet
facet normal -0.544070 -0.463683 0.699275
outer loop
vertex 0.000000 0.827586 0.000060
vertex 0.726536 0.827586 0.565340
vertex 0.475202 1.655172 0.918555
endloop
endfacet
facet normal -0.862070 -0.063083 0.502848
outer loop
vertex 0.000000 0.827586 0.000060
vertex 0.475202 1.655172 0.918555
vertex 0.000000 1.655172 0.103881
endloop
endfacet
facet normal -0.722444 -0.472530 0.504768
outer loop
vertex 0.726536 0.827586 0.565340
vertex 1.253770 0.827586 1.319938
vertex 0.985984 1.655172 1.711404
endloop
endfacet
facet normal -0.755954 -0.437437 0.487013
outer loop
vertex 0.726536 0.827586 0.565340
vertex 0.985984 1.655172 1.711404
vertex 0.475202 1.655172 0.918555
endloop
endfacet
facet normal -0.738515 -0.406518 0.537902
outer loop
vertex 1.253770 0.827586 1.319938
vertex 1.795733 0.827586 2.064029
vertex 1.602930 1.655172 2.424766
endloop
endfacet
facet normal -0.661578 -0.484714 0.572161
outer loop
vertex 1.253770 0.827586 1.319938
vertex 1.602930 1.655172 2.424766
vertex 0.985984 1.655172 1.711404
endloop
endfacet
facet normal -0.372973 -0.568664 0.733153
outer loop
vertex 1.795733 0.827586 2.064029
vertex 2.616206 0.827586 2.481424
vertex 2.356873 1.655172 2.991405
endloop
endfacet
facet normal -0.539851 -0.438869 0.718300
outer loop
vertex 1.795733 0.827586 2.064029
vertex 2.356873 1.655172 2.991405
vertex 1.602930 1.655172 2.424766
endloop
endfacet
facet normal -0.026523 -0.644046 0.764527
outer loop
vertex 2.616206 0.827586 2.481424
vertex 3.536193 0.827586 2.513340
vertex 3.276314 1.655172 3.201493
endloop
endfacet
facet normal -0.185011 -0.556929 0.809692
outer loop
vertex 2.616206 0.827586 2.481424
vertex 3.276314 1.655172 3.201493
vertex 2.356873 1.655172 2.991405
endloop
endfacet
facet normal 0.032335 -0.649735 0.759473
outer loop
vertex 3.536193 0.827586 2.513340
vertex 4.455900 0.827586 2.474183
vertex 4.219406 1.655172 3.192259
endloop
endfacet
facet normal 0.007539 -0.637941 0.770048
outer loop
vertex 3.536193 0.827586 2.513340
vertex 4.219406 1.655172 3.192259
vertex 3.276314 1.655172 3.201493
endloop
endfacet
facet normal 0.038607 -0.653096 0.756291
outer loop
vertex 4.455900 0.827586 2.474183
vertex 5.375244 0.827586 2.427253
vertex 5.161719 1.655172 3.152816
endloop
endfacet
facet normal 0.031788 -0.649837 0.759409
outer loop
vertex 4.455900 0.827586 2.474183
vertex 5.161719 1.655172 3.152816
vertex 4.219406 1.655172 3.192259
endloop
endfacet
facet normal 0.008844 -0.635187 0.772308
outer loop
vertex 5.375244 0.827586 2.427253
vertex 6.295724 0.827586 2.416712
vertex 6.103352 1.655172 3.099566
endloop
endfacet
facet normal 0.042791 -0.652369 0.756693
outer loop
vertex 5.375244 0.827586 2.427253
vertex 6.103352 1.655172 3.099566
vertex 5.161719 1.655172 3.152816
endloop
endfacet
facet normal -0.025538 -0.673525 0.738723
outer loop
vertex 6.295724 0.827586 2.416712
vertex 7.215715 0.827586 2.448517
vertex 7.041440 1.655172 3.197038
endloop
endfacet
facet normal -0.078951 -0.645304 0.759835
outer loop
vertex 6.295724 0.827586 2.416712
vertex 7.041440 1.655172 3.197038
vertex 6.103352 1.655172 3.099566
endloop
endfacet
facet normal 0.156968 -0.700326 0.696351
outer loop
vertex 7.215715 0.827586 2.448517
vertex 8.113723 0.827586 2.246093
vertex 7.980408 1.655172 3.108455
endloop
endfacet
facet normal 0.070486 -0.660918 0.747141
outer loop
vertex 7.215715 0.827586 2.448517
vertex 7.980408 1.655172 3.108455
vertex 7.041440 1.655172 3.197038
endloop
endfacet
facet normal 0.072009 -0.713734 0.696705
outer loop
vertex 8.113723 0.827586 2.246093
vertex 9.029386 0.827586 2.151454
vertex 8.918469 1.655172 3.010732
endloop
endfacet
facet normal 0.072548 -0.713977 0.696400
outer loop
vertex 8.113723 0.827586 2.246093
vertex 8.918469 1.655172 3.010732
vertex 7.980408 1.655172 3.108455
endloop
endfacet
facet normal -0.011557 -0.730834 0.682457
outer loop
vertex 9.029386 0.827586 2.151454
vertex 9.949794 0.827586 2.167041
vertex 9.860713 1.655172 3.051782
endloop
endfacet
facet normal -0.030120 -0.721877 0.691365
outer loop
vertex 9.029386 0.827586 2.151454
vertex 9.860713 1.655172 3.051782
vertex 8.918469 1.655172 3.010732
endloop
endfacet
facet normal -0.165236 -0.684664 0.709882
outer loop
vertex 9.949794 0.827586 2.167041
vertex 10.846367 0.827586 2.375731
vertex 10.797329 1.655172 3.162505
endloop
endfacet
facet normal -0.079988 -0.731968 0.676628
outer loop
vertex 9.949794 0.827586 2.167041
vertex 10.797329 1.655172 3.162505
vertex 9.860713 1.655172 3.051782
endloop
endfacet
facet normal -0.119400 -0.678661 0.724681
outer loop
vertex 10.846367 0.827586 2.375731
vertex 11.754662 0.827586 2.525384
vertex 11.730900 1.655172 3.296500
endloop
endfacet
facet normal -0.103031 -0.688543 0.717839
outer loop
vertex 10.846367 0.827586 2.375731
vertex 11.730900 1.655172 3.296500
vertex 10.797329 1.655172 3.162505
endloop
endfacet
facet normal -0.086313 -0.695720 0.713108
outer loop
vertex 11.754662 0.827586 2.525384
vertex 12.668532 0.827586 2.635997
vertex 12.662638 1.655172 3.442690
endloop
endfacet
facet normal -0.113791 -0.679024 0.725244
outer loop
vertex 11.754662 0.827586 2.525384
vertex 12.662638 1.655172 3.442690
vertex 11.730900 1.655172 3.296500
endloop
endfacet
facet normal 0.201044 -0.713738 0.670939
outer loop
vertex 12.668532 0.827586 2.635997
vertex 13.550336 0.827586 2.371768
vertex 13.584178 1.655172 3.242006
endloop
endfacet
facet normal 0.154197 -0.689098 0.708073
outer loop
vertex 12.668532 0.827586 2.635997
vertex 13.584178 1.655172 3.242006
vertex 12.662638 1.655172 3.442690
endloop
endfacet
facet normal 0.029778 -0.690571 0.722651
outer loop
vertex 13.550336 0.827586 2.371768
vertex 14.470096 0.827586 2.333869
vertex 14.519735 1.655172 3.122671
endloop
endfacet
facet normal 0.087338 -0.723567 0.684707
outer loop
vertex 13.550336 0.827586 2.371768
vertex 14.519735 1.655172 3.122671
vertex 13.584178 1.655172 3.242006
endloop
endfacet
facet normal -0.182068 -0.610721 0.770630
outer loop
vertex 14.470096 0.827586 2.333869
vertex 15.365973 0.827586 2.545527
vertex 15.457520 1.655172 3.223014
endloop
endfacet
facet normal -0.077469 -0.685430 0.724006
outer loop
vertex 14.470096 0.827586 2.333869
vertex 15.457520 1.655172 3.223014
vertex 14.519735 1.655172 3.122671
endloop
endfacet
facet normal -0.033702 -0.642685 0.765389
outer loop
vertex 15.365973 0.827586 2.545527
vertex 16.285622 0.827586 2.586022
vertex 16.398558 1.655172 3.285906
endloop
endfacet
facet normal -0.051832 -0.629155 0.775550
outer loop
vertex 15.365973 0.827586 2.545527
vertex 16.398558 1.655172 3.285906
vertex 15.457520 1.655172 3.223014
endloop
endfacet
facet normal 0.052199 -0.681322 0.730121
outer loop
vertex 16.285622 0.827586 2.586022
vertex 17.203819 0.827586 2.520377
vertex 17.341691 1.655172 3.282793
endloop
endfacet
facet normal 0.002520 -0.645936 0.763387
outer loop
vertex 16.285622 0.827586 2.586022
vertex 17.341691 1.655172 3.282793
vertex 16.398558 1.655172 3.285906
endloop
endfacet
facet normal 0.059524 -0.682277 0.728667
outer loop
vertex 17.203819 0.827586 2.520377
vertex 18.121303 0.827586 2.445429
vertex 18.281795 1.655172 3.207217
endloop
endfacet
facet normal 0.058630 -0.681656 0.729320
outer loop
vertex 17.203819 0.827586 2.520377
vertex 18.281795 1.655172 3.207217
vertex 17.341691 1.655172 3.282793
endloop
endfacet
facet normal 0.041789 -0.698927 0.713971
outer loop
vertex 18.121303 0.827586 2.445429
vertex 19.040271 0.827586 2.391641
vertex 19.224793 1.655172 3.190989
endloop
endfacet
facet normal 0.012640 -0.678525 0.734468
outer loop
vertex 18.121303 0.827586 2.445429
vertex 19.224793 1.655172 3.190989
vertex 18.281795 1.655172 3.207217
endloop
endfacet
facet normal -0.067457 -0.674142 0.735515
outer loop
vertex 19.040271 0.827586 2.391641
vertex 19.956964 0.827586 2.475715
vertex 20.165864 1.655172 3.253404
endloop
endfacet
facet normal -0.048003 -0.688370 0.723769
outer loop
vertex 19.040271 0.827586 2.391641
vertex 20.165864 1.655172 3.253404
vertex 19.224793 1.655172 3.190989
endloop
endfacet
facet normal 0.196230 -0.561098 0.804154
outer loop
vertex 19.956964 0.827586 2.475715
vertex 20.851264 0.827586 2.257488
vertex 20.993051 1.655172 2.800337
endloop
endfacet
facet normal 0.349072 -0.687005 0.637317
outer loop
vertex 19.956964 0.827586 2.475715
vertex 20.993051 1.655172 2.800337
vertex 20.165864 1.655172 3.253404
endloop
endfacet
facet normal 0.624998 -0.572822 0.530333
outer loop
vertex 20.851264 0.827586 2.257488
vertex 21.446853 0.827586 1.555585
vertex 21.689129 1.655172 2.163954
endloop
endfacet
facet normal 0.578666 -0.514318 0.632947
outer loop
vertex 20.851264 0.827586 2.257488
vertex 21.689129 1.655172 2.163954
vertex 20.993051 1.655172 2.800337
endloop
endfacet
facet normal 0.667741 -0.546097 0.505865
outer loop
vertex 21.446853 0.827586 1.555585
vertex 22.002729 0.827586 0.821829
vertex 22.241774 1.655172 1.399695
endloop
endfacet
facet normal 0.673833 -0.555454 0.487257
outer loop
vertex 21.446853 0.827586 1.555585
vertex 22.241774 1.655172 1.399695
vertex 21.689129 1.655172 2.163954
endloop
endfacet
facet normal 0.666644 -0.521753 0.532315
outer loop
vertex 22.002729 0.827586 0.821829
vertex 22.577128 0.827586 0.102482
vertex 22.797496 1.655172 0.637669
endloop
endfacet
facet normal 0.679042 -0.541917 0.495204
outer loop
vertex 22.002729 0.827586 0.821829
vertex 22.797496 1.655172 0.637669
vertex 22.241774 1.655172 1.399695
endloop
endfacet
facet normal 0.561543 -0.549559 0.618590
outer loop
vertex 22.577128 0.827586 0.102482
vertex 23.495817 1.655172 0.003748
vertex 22.797496 1.655172 0.637669
endloop
endfacet
facet normal -0.832527 -0.266600 0.485616
outer loop
vertex 0.000000 1.655172 0.103881
vertex 0.475202 1.655172 0.918555
vertex 0.482244 2.482759 1.384968
endloop
endfacet
facet normal -0.826083 -0.277713 0.490369
outer loop
vertex 0.000000 1.655172 0.103881
vertex 0.482244 2.482759 1.384968
vertex 0.000000 2.482759 0.572573
endloop
endfacet
facet normal -0.812647 -0.255957 0.523537
outer loop
vertex 0.475202 1.655172 0.918555
vertex 0.985984 1.655172 1.711404
vertex 1.016843 2.482759 2.163909
endloop
endfacet
facet normal -0.787102 -0.297749 0.540200
outer loop
vertex 0.475202 1.655172 0.918555
vertex 1.016843 2.482759 2.163909
vertex 0.482244 2.482759 1.384968
endloop
endfacet
facet normal -0.734455 -0.238981 0.635188
outer loop
vertex 0.985984 1.655172 1.711404
vertex 1.602930 1.655172 2.424766
vertex 1.685369 2.482759 2.831456
endloop
endfacet
facet normal -0.664700 -0.339191 0.665675
outer loop
vertex 0.985984 1.655172 1.711404
vertex 1.685369 2.482759 2.831456
vertex 1.016843 2.482759 2.163909
endloop
endfacet
facet normal -0.571557 -0.308191 0.760487
outer loop
vertex 1.602930 1.655172 2.424766
vertex 2.356873 1.655172 2.991405
vertex 2.445063 2.482759 3.393069
endloop
endfacet
facet normal -0.563511 -0.318455 0.762261
outer loop
vertex 1.602930 1.655172 2.424766
vertex 2.445063 2.482759 3.393069
vertex 1.685369 2.482759 2.831456
endloop
endfacet
facet normal -0.186989 -0.543453 0.818348
outer loop
vertex 2.356873 1.655172 2.991405
vertex 3.276314 1.655172 3.201493
vertex 3.315616 2.482759 3.760061
endloop
endfacet
facet normal -0.359944 -0.376046 0.853833
outer loop
vertex 2.356873 1.655172 2.991405
vertex 3.315616 2.482759 3.760061
vertex 2.445063 2.482759 3.393069
endloop
endfacet
facet normal 0.007918 -0.588087 0.808759
outer loop
vertex 3.276314 1.655172 3.201493
vertex 4.219406 1.655172 3.192259
vertex 4.259765 2.482759 3.793641
endloop
endfacet
facet normal -0.029490 -0.558231 0.829161
outer loop
vertex 3.276314 1.655172 3.201493
vertex 4.259765 2.482759 3.793641
vertex 3.315616 2.482759 3.760061
endloop
endfacet
facet normal 0.034136 -0.577739 0.815507
outer loop
vertex 4.219406 1.655172 3.192259
vertex 5.161719 1.655172 3.152816
vertex 5.202835 2.482759 3.737391
endloop
endfacet
facet normal 0.048129 -0.588706 0.806913
outer loop
vertex 4.219406 1.655172 3.192259
vertex 5.202835 2.482759 3.737391
vertex 4.259765 2.482759 3.793641
endloop
endfacet
facet normal 0.044413 -0.617424 0.785376
outer loop
vertex 5.161719 1.655172 3.152816
vertex 6.103352 1.655172 3.099566
vertex 6.147525 2.482759 3.747676
endloop
endfacet
facet normal -0.008895 -0.576627 0.816959
outer loop
vertex 5.161719 1.655172 3.152816
vertex 6.147525 2.482759 3.747676
vertex 5.202835 2.482759 3.737391
endloop
endfacet
facet normal -0.084104 -0.581162 0.809430
outer loop
vertex 6.103352 1.655172 3.099566
vertex 7.041440 1.655172 3.197038
vertex 7.091015 2.482759 3.796386
endloop
endfacet
facet normal -0.040667 -0.614708 0.787706
outer loop
vertex 6.103352 1.655172 3.099566
vertex 7.091015 2.482759 3.796386
vertex 6.147525 2.482759 3.747676
endloop
endfacet
facet normal 0.075971 -0.588005 0.805282
outer loop
vertex 7.041440 1.655172 3.197038
vertex 7.980408 1.655172 3.108455
vertex 8.031609 2.482759 3.707916
endloop
endfacet
facet normal 0.075757 -0.587837 0.805425
outer loop
vertex 7.041440 1.655172 3.197038
vertex 8.031609 2.482759 3.707916
vertex 7.091015 2.482759 3.796386
endloop
endfacet
facet normal 0.077740 -0.661115 0.746246
outer loop
vertex 7.980408 1.655172 3.108455
vertex 8.918469 1.655172 3.010732
vertex 8.975878 2.482759 3.737928
endloop
endfacet
facet normal -0.025756 -0.585381 0.810349
outer loop
vertex 7.980408 1.655172 3.108455
vertex 8.975878 2.482759 3.737928
vertex 8.031609 2.482759 3.707916
endloop
endfacet
facet normal -0.033015 -0.651650 0.757801
outer loop
vertex 8.918469 1.655172 3.010732
vertex 9.860713 1.655172 3.051782
vertex 9.920206 2.482759 3.766034
endloop
endfacet
facet normal -0.022375 -0.659034 0.751780
outer loop
vertex 8.918469 1.655172 3.010732
vertex 9.920206 2.482759 3.766034
vertex 8.975878 2.482759 3.737928
endloop
endfacet
facet normal -0.089975 -0.642355 0.761107
outer loop
vertex 9.860713 1.655172 3.051782
vertex 10.797329 1.655172 3.162505
vertex 10.859401 2.482759 3.868304
endloop
endfacet
facet normal -0.082473 -0.647737 0.757387
outer loop
vertex 9.860713 1.655172 3.051782
vertex 10.859401 2.482759 3.868304
vertex 9.920206 2.482759 3.766034
endloop
endfacet
facet normal -0.109024 -0.641198 0.759592
outer loop
vertex 10.797329 1.655172 3.162505
vertex 11.730900 1.655172 3.296500
vertex 11.794322 2.482759 4.004197
endloop
endfacet
facet normal -0.110510 -0.640117 0.760288
outer loop
vertex 10.797329 1.655172 3.162505
vertex 11.794322 2.482759 4.004197
vertex 10.859401 2.482759 3.868304
endloop
endfacet
facet normal -0.119964 -0.633259 0.764586
outer loop
vertex 11.730900 1.655172 3.296500
vertex 12.662638 1.655172 3.442690
vertex 12.729457 2.482759 4.138613
endloop
endfacet
facet normal -0.109182 -0.641179 0.759584
outer loop
vertex 11.730900 1.655172 3.296500
vertex 12.729457 2.482759 4.138613
vertex 11.794322 2.482759 4.004197
endloop
endfacet
facet normal 0.162555 -0.645281 0.746450
outer loop
vertex 12.662638 1.655172 3.442690
vertex 13.584178 1.655172 3.242006
vertex 13.653585 2.482759 3.942312
endloop
endfacet
facet normal 0.159152 -0.642891 0.749241
outer loop
vertex 12.662638 1.655172 3.442690
vertex 13.653585 2.482759 3.942312
vertex 12.729457 2.482759 4.138613
endloop
endfacet
facet normal 0.098751 -0.625214 0.774180
outer loop
vertex 13.584178 1.655172 3.242006
vertex 14.519735 1.655172 3.122671
vertex 14.584754 2.482759 3.782721
endloop
endfacet
facet normal 0.128824 -0.646855 0.751653
outer loop
vertex 13.584178 1.655172 3.242006
vertex 14.584754 2.482759 3.782721
vertex 13.653585 2.482759 3.942312
endloop
endfacet
facet normal -0.085038 -0.600955 0.794747
outer loop
vertex 14.519735 1.655172 3.122671
vertex 15.457520 1.655172 3.223014
vertex 15.526638 2.482759 3.856196
endloop
endfacet
facet normal -0.061055 -0.619432 0.782672
outer loop
vertex 14.519735 1.655172 3.122671
vertex 15.526638 2.482759 3.856196
vertex 14.584754 2.482759 3.782721
endloop
endfacet
facet normal -0.050793 -0.647929 0.760005
outer loop
vertex 15.457520 1.655172 3.223014
vertex 16.398558 1.655172 3.285906
vertex 16.461039 2.482759 3.995626
endloop
endfacet
facet normal -0.118386 -0.597117 0.793370
outer loop
vertex 15.457520 1.655172 3.223014
vertex 16.461039 2.482759 3.995626
vertex 15.526638 2.482759 3.856196
endloop
endfacet
facet normal 0.002527 -0.643481 0.765458
outer loop
vertex 16.398558 1.655172 3.285906
vertex 17.341691 1.655172 3.282793
vertex 17.405626 2.482759 3.978292
endloop
endfacet
facet normal 0.013920 -0.651524 0.758500
outer loop
vertex 16.398558 1.655172 3.285906
vertex 17.405626 2.482759 3.978292
vertex 16.461039 2.482759 3.995626
endloop
endfacet
facet normal 0.060286 -0.658777 0.749919
outer loop
vertex 17.341691 1.655172 3.282793
vertex 18.281795 1.655172 3.207217
vertex 18.349076 2.482759 3.928814
endloop
endfacet
facet normal 0.040036 -0.644664 0.763417
outer loop
vertex 17.341691 1.655172 3.282793
vertex 18.349076 2.482759 3.928814
vertex 17.405626 2.482759 3.978292
endloop
endfacet
facet normal 0.013177 -0.643097 0.765672
outer loop
vertex 18.281795 1.655172 3.207217
vertex 19.224793 1.655172 3.190989
vertex 19.292801 2.482759 3.884918
endloop
endfacet
facet normal 0.034971 -0.658404 0.751852
outer loop
vertex 18.281795 1.655172 3.207217
vertex 19.292801 2.482759 3.884918
vertex 18.349076 2.482759 3.928814
endloop
endfacet
facet normal -0.056228 -0.527353 0.847784
outer loop
vertex 19.224793 1.655172 3.190989
vertex 20.165864 1.655172 3.253404
vertex 20.230835 2.482759 3.772502
endloop
endfacet
facet normal 0.091008 -0.644231 0.759397
outer loop
vertex 19.224793 1.655172 3.190989
vertex 20.230835 2.482759 3.772502
vertex 19.292801 2.482759 3.884918
endloop
endfacet
facet normal 0.419842 -0.485973 0.766526
outer loop
vertex 20.165864 1.655172 3.253404
vertex 20.993051 1.655172 2.800337
vertex 21.046472 2.482759 3.295762
endloop
endfacet
facet normal 0.436298 -0.502456 0.746446
outer loop
vertex 20.165864 1.655172 3.253404
vertex 21.046472 2.482759 3.295762
vertex 20.230835 2.482759 3.772502
endloop
endfacet
facet normal 0.583930 -0.501082 0.638704
outer loop
vertex 20.993051 1.655172 2.800337
vertex 21.689129 1.655172 2.163954
vertex 21.793678 2.482759 2.717637
endloop
endfacet
facet normal 0.544480 -0.456421 0.703720
outer loop
vertex 20.993051 1.655172 2.800337
vertex 21.793678 2.482759 2.717637
vertex 21.046472 2.482759 3.295762
endloop
endfacet
facet normal 0.669987 -0.562494 0.484476
outer loop
vertex 21.689129 1.655172 2.163954
vertex 22.241774 1.655172 1.399695
vertex 22.464561 2.482759 2.052459
endloop
endfacet
facet normal 0.613256 -0.491280 0.618515
outer loop
vertex 21.689129 1.655172 2.163954
vertex 22.464561 2.482759 2.052459
vertex 21.793678 2.482759 2.717637
endloop
endfacet
facet normal 0.673464 -0.552478 0.491136
outer loop
vertex 22.241774 1.655172 1.399695
vertex 22.797496 1.655172 0.637669
vertex 23.008149 2.482759 1.279764
endloop
endfacet
facet normal 0.678215 -0.558909 0.477122
outer loop
vertex 22.241774 1.655172 1.399695
vertex 23.008149 2.482759 1.279764
vertex 22.464561 2.482759 2.052459
endloop
endfacet
facet normal 0.619910 -0.386496 0.682885
outer loop
vertex 22.797496 1.655172 0.637669
vertex 23.495817 1.655172 0.003748
vertex 23.496828 2.482759 0.471223
endloop
endfacet
facet normal 0.727643 -0.526427 0.439785
outer loop
vertex 22.797496 1.655172 0.637669
vertex 23.496828 2.482759 0.471223
vertex 23.008149 2.482759 1.279764
endloop
endfacet
facet normal -0.832856 -0.248859 0.494389
outer loop
vertex 0.000000 2.482759 0.572573
vertex 0.482244 2.482759 1.384968
vertex 0.537384 3.310345 1.894438
endloop
endfacet
facet normal -0.758773 -0.366911 0.538182
outer loop
vertex 0.000000 2.482759 0.572573
vertex 0.537384 3.310345 1.894438
vertex 0.000000 3.310345 1.136789
endloop
endfacet
facet normal -0.812273 -0.171565 0.557475
outer loop
vertex 0.482244 2.482759 1.384968
vertex 1.016843 2.482759 2.163909
vertex 1.141410 3.310345 2.600104
endloop
endfacet
facet normal -0.717115 -0.330097 0.613826
outer loop
vertex 0.482244 2.482759 1.384968
vertex 1.141410 3.310345 2.600104
vertex 0.537384 3.310345 1.894438
endloop
endfacet
facet normal -0.692690 -0.197358 0.693707
outer loop
vertex 1.016843 2.482759 2.163909
vertex 1.685369 2.482759 2.831456
vertex 1.835776 3.310345 3.217089
endloop
endfacet
facet normal -0.637252 -0.282082 0.717175
outer loop
vertex 1.016843 2.482759 2.163909
vertex 1.835776 3.310345 3.217089
vertex 1.141410 3.310345 2.600104
endloop
endfacet
facet normal -0.575200 -0.252481 0.778073
outer loop
vertex 1.685369 2.482759 2.831456
vertex 2.445063 2.482759 3.393069
vertex 2.585518 3.310345 3.765450
endloop
endfacet
facet normal -0.570109 -0.259602 0.779476
outer loop
vertex 1.685369 2.482759 2.831456
vertex 2.585518 3.310345 3.765450
vertex 1.835776 3.310345 3.217089
endloop
endfacet
facet normal -0.360086 -0.375141 0.854170
outer loop
vertex 2.445063 2.482759 3.393069
vertex 3.315616 2.482759 3.760061
vertex 3.422379 3.310345 4.168535
endloop
endfacet
facet normal -0.411876 -0.314865 0.855113
outer loop
vertex 2.445063 2.482759 3.393069
vertex 3.422379 3.310345 4.168535
vertex 2.585518 3.310345 3.765450
endloop
endfacet
facet normal -0.030460 -0.515347 0.856440
outer loop
vertex 3.315616 2.482759 3.760061
vertex 4.259765 2.482759 3.793641
vertex 4.342666 3.310345 4.294574
endloop
endfacet
facet normal -0.122731 -0.426474 0.896134
outer loop
vertex 3.315616 2.482759 3.760061
vertex 4.342666 3.310345 4.294574
vertex 3.422379 3.310345 4.168535
endloop
endfacet
facet normal 0.051291 -0.507846 0.859920
outer loop
vertex 4.259765 2.482759 3.793641
vertex 5.202835 2.482759 3.737391
vertex 5.268720 3.310345 4.222211
endloop
endfacet
facet normal 0.066469 -0.521541 0.850633
outer loop
vertex 4.259765 2.482759 3.793641
vertex 5.268720 3.310345 4.222211
vertex 4.342666 3.310345 4.294574
endloop
endfacet
facet normal -0.009686 -0.456502 0.889670
outer loop
vertex 5.202835 2.482759 3.737391
vertex 6.147525 2.482759 3.747676
vertex 6.196286 3.310345 4.172853
endloop
endfacet
facet normal 0.045781 -0.507655 0.860343
outer loop
vertex 5.202835 2.482759 3.737391
vertex 6.196286 3.310345 4.172853
vertex 5.268720 3.310345 4.222211
endloop
endfacet
facet normal -0.045717 -0.462365 0.885511
outer loop
vertex 6.147525 2.482759 3.747676
vertex 7.091015 2.482759 3.796386
vertex 7.123393 3.310345 4.230178
endloop
endfacet
facet normal -0.054996 -0.453718 0.889447
outer loop
vertex 6.147525 2.482759 3.747676
vertex 7.123393 3.310345 4.230178
vertex 6.196286 3.310345 4.172853
endloop
endfacet
facet normal 0.079446 -0.529403 0.844643
outer loop
vertex 7.091015 2.482759 3.796386
vertex 8.031609 2.482759 3.707916
vertex 8.052254 3.310345 4.224686
endloop
endfacet
facet normal 0.005236 -0.464408 0.885606
outer loop
vertex 7.091015 2.482759 3.796386
vertex 8.052254 3.310345 4.224686
vertex 7.123393 3.310345 4.230178
endloop
endfacet
facet normal -0.026780 -0.537941 0.842557
outer loop
vertex 8.031609 2.482759 3.707916
vertex 8.975878 2.482759 3.737928
vertex 8.980192 3.310345 4.266448
endloop
endfacet
facet normal -0.038165 -0.528581 0.848025
outer loop
vertex 8.031609 2.482759 3.707916
vertex 8.980192 3.310345 4.266448
vertex 8.052254 3.310345 4.224686
endloop
endfacet
facet normal -0.024437 -0.570356 0.821034
outer loop
vertex 8.975878 2.482759 3.737928
vertex 9.920206 2.482759 3.766034
vertex 9.906111 3.310345 4.340523
endloop
endfacet
facet normal -0.067285 -0.536764 0.841045
outer loop
vertex 8.975878 2.482759 3.737928
vertex 9.906111 3.310345 4.340523
vertex 8.980192 3.310345 4.266448
endloop
endfacet
facet normal -0.087674 -0.586553 0.805152
outer loop
vertex 9.920206 2.482759 3.766034
vertex 10.859401 2.482759 3.868304
vertex 10.826256 3.310345 4.467592
endloop
endfacet
facet normal -0.112597 -0.567913 0.815351
outer loop
vertex 9.920206 2.482759 3.766034
vertex 10.826256 3.310345 4.467592
vertex 9.906111 3.310345 4.340523
endloop
endfacet
facet normal -0.119123 -0.560493 0.819547
outer loop
vertex 10.859401 2.482759 3.868304
vertex 11.794322 2.482759 4.004197
vertex 11.750141 3.310345 4.563767
endloop
endfacet
facet normal -0.083850 -0.586646 0.805491
outer loop
vertex 10.859401 2.482759 3.868304
vertex 11.750141 3.310345 4.563767
vertex 10.826256 3.310345 4.467592
endloop
endfacet
facet normal -0.133693 -0.342097 0.930105
outer loop
vertex 11.794322 2.482759 4.004197
vertex 12.729457 2.482759 4.138613
vertex 12.669974 3.310345 4.434453
endloop
endfacet
facet normal 0.116077 -0.552079 0.825673
outer loop
vertex 11.794322 2.482759 4.004197
vertex 12.669974 3.310345 4.434453
vertex 11.750141 3.310345 4.563767
endloop
endfacet
facet normal 0.182420 -0.478774 0.858778
outer loop
vertex 12.729457 2.482759 4.138613
vertex 13.653585 2.482759 3.942312
vertex 13.598655 3.310345 4.415364
endloop
endfacet
facet normal 0.019360 -0.335315 0.941907
outer loop
vertex 12.729457 2.482759 4.138613
vertex 13.598655 3.310345 4.415364
vertex 12.669974 3.310345 4.434453
endloop
endfacet
facet normal 0.138709 -0.570743 0.809328
outer loop
vertex 13.653585 2.482759 3.942312
vertex 14.584754 2.482759 3.782721
vertex 14.526710 3.310345 4.376288
endloop
endfacet
facet normal 0.036575 -0.494091 0.868640
outer loop
vertex 13.653585 2.482759 3.942312
vertex 14.526710 3.310345 4.376288
vertex 13.598655 3.310345 4.415364
endloop
endfacet
facet normal -0.063462 -0.578057 0.813525
outer loop
vertex 14.584754 2.482759 3.782721
vertex 15.526638 2.482759 3.856196
vertex 15.453499 3.310345 4.438539
endloop
endfacet
facet normal -0.054379 -0.584473 0.809589
outer loop
vertex 14.584754 2.482759 3.782721
vertex 15.453499 3.310345 4.438539
vertex 14.526710 3.310345 4.376288
endloop
endfacet
facet normal -0.117280 -0.607052 0.785960
outer loop
vertex 15.526638 2.482759 3.856196
vertex 16.461039 2.482759 3.995626
vertex 16.364398 3.310345 4.620409
endloop
endfacet
facet normal -0.159848 -0.577482 0.800602
outer loop
vertex 15.526638 2.482759 3.856196
vertex 16.364398 3.310345 4.620409
vertex 15.453499 3.310345 4.438539
endloop
endfacet
facet normal 0.014637 -0.602993 0.797612
outer loop
vertex 16.461039 2.482759 3.995626
vertex 17.405626 2.482759 3.978292
vertex 17.293164 3.310345 4.606009
endloop
endfacet
facet normal 0.012384 -0.601555 0.798735
outer loop
vertex 16.461039 2.482759 3.995626
vertex 17.293164 3.310345 4.606009
vertex 16.364398 3.310345 4.620409
endloop
endfacet
facet normal 0.042773 -0.577025 0.815606
outer loop
vertex 17.405626 2.482759 3.978292
vertex 18.349076 2.482759 3.928814
vertex 18.218160 3.310345 4.521180
endloop
endfacet
facet normal 0.073308 -0.596352 0.799368
outer loop
vertex 17.405626 2.482759 3.978292
vertex 18.218160 3.310345 4.521180
vertex 17.293164 3.310345 4.606009
endloop
endfacet
facet normal 0.038448 -0.561449 0.826618
outer loop
vertex 18.349076 2.482759 3.928814
vertex 19.292801 2.482759 3.884918
vertex 19.144599 3.310345 4.453919
endloop
endfacet
facet normal 0.059254 -0.574803 0.816144
outer loop
vertex 18.349076 2.482759 3.928814
vertex 19.144599 3.310345 4.453919
vertex 18.218160 3.310345 4.521180
endloop
endfacet
facet normal 0.106453 -0.446804 0.888276
outer loop
vertex 19.292801 2.482759 3.884918
vertex 20.230835 2.482759 3.772502
vertex 20.041284 3.310345 4.211496
endloop
endfacet
facet normal 0.222111 -0.525080 0.821558
outer loop
vertex 19.292801 2.482759 3.884918
vertex 20.041284 3.310345 4.211496
vertex 19.144599 3.310345 4.453919
endloop
endfacet
facet normal 0.466605 -0.380792 0.798297
outer loop
vertex 20.230835 2.482759 3.772502
vertex 21.046472 2.482759 3.295762
vertex 20.870684 3.310345 3.793274
endloop
endfacet
facet normal 0.422196 -0.347436 0.837280
outer loop
vertex 20.230835 2.482759 3.772502
vertex 20.870684 3.310345 3.793274
vertex 20.041284 3.310345 4.211496
endloop
endfacet
facet normal 0.555525 -0.419373 0.717996
outer loop
vertex 21.046472 2.482759 3.295762
vertex 21.793678 2.482759 2.717637
vertex 21.660361 3.310345 3.304169
endloop
endfacet
facet normal 0.489024 -0.370770 0.789547
outer loop
vertex 21.046472 2.482759 3.295762
vertex 21.660361 3.310345 3.304169
vertex 20.870684 3.310345 3.793274
endloop
endfacet
facet normal 0.640067 -0.416619 0.645556
outer loop
vertex 21.793678 2.482759 2.717637
vertex 22.464561 2.482759 2.052459
vertex 22.358619 3.310345 2.691594
endloop
endfacet
facet normal 0.606605 -0.392332 0.691452
outer loop
vertex 21.793678 2.482759 2.717637
vertex 22.358619 3.310345 2.691594
vertex 21.660361 3.310345 3.304169
endloop
endfacet
facet normal 0.748844 -0.402127 0.526809
outer loop
vertex 22.464561 2.482759 2.052459
vertex 23.008149 2.482759 1.279764
vertex 22.958349 3.310345 1.982271
endloop
endfacet
facet normal 0.708803 -0.372089 0.599290
outer loop
vertex 22.464561 2.482759 2.052459
vertex 22.958349 3.310345 1.982271
vertex 22.358619 3.310345 2.691594
endloop
endfacet
facet normal 0.775139 -0.423880 0.468492
outer loop
vertex 23.008149 2.482759 1.279764
vertex 23.496828 2.482759 0.471223
vertex 23.494545 3.310345 1.223781
endloop
endfacet
facet normal 0.747175 -0.403406 0.528198
outer loop
vertex 23.008149 2.482759 1.279764
vertex 23.494545 3.310345 1.223781
vertex 22.958349 3.310345 1.982271
endloop
endfacet
facet normal -0.809430 -0.123364 0.574112
outer loop
vertex 0.000000 3.310345 1.136789
vertex 0.537384 3.310345 1.894438
vertex 0.559791 4.137931 2.103858
endloop
endfacet
facet normal -0.788552 -0.160365 0.593691
outer loop
vertex 0.000000 3.310345 1.136789
vertex 0.559791 4.137931 2.103858
vertex 0.000000 4.137931 1.360333
endloop
endfacet
facet normal -0.756803 -0.087221 0.647797
outer loop
vertex 0.537384 3.310345 1.894438
vertex 1.141410 3.310345 2.600104
vertex 1.199715 4.137931 2.779649
endloop
endfacet
facet normal -0.717617 -0.152526 0.679531
outer loop
vertex 0.537384 3.310345 1.894438
vertex 1.199715 4.137931 2.779649
vertex 0.559791 4.137931 2.103858
endloop
endfacet
facet normal -0.663714 -0.039261 0.746956
outer loop
vertex 1.141410 3.310345 2.600104
vertex 1.835776 3.310345 3.217089
vertex 1.935673 4.137931 3.349352
endloop
endfacet
facet normal -0.607139 -0.127383 0.784318
outer loop
vertex 1.141410 3.310345 2.600104
vertex 1.935673 4.137931 3.349352
vertex 1.199715 4.137931 2.779649
endloop
endfacet
facet normal -0.590191 0.023073 0.806934
outer loop
vertex 1.835776 3.310345 3.217089
vertex 2.585518 3.310345 3.765450
vertex 2.724425 4.137931 3.843383
endloop
endfacet
facet normal -0.529472 -0.071188 0.845335
outer loop
vertex 1.835776 3.310345 3.217089
vertex 2.724425 4.137931 3.843383
vertex 1.935673 4.137931 3.349352
endloop
endfacet
facet normal -0.432642 -0.077540 0.898225
outer loop
vertex 2.585518 3.310345 3.765450
vertex 3.422379 3.310345 4.168535
vertex 3.537869 4.137931 4.295604
endloop
endfacet
facet normal -0.485896 -0.000750 0.874016
outer loop
vertex 2.585518 3.310345 3.765450
vertex 3.537869 4.137931 4.295604
vertex 2.724425 4.137931 3.843383
endloop
endfacet
facet normal -0.127698 -0.338121 0.932399
outer loop
vertex 3.422379 3.310345 4.168535
vertex 4.342666 3.310345 4.294574
vertex 4.415741 4.137931 4.604694
endloop
endfacet
facet normal -0.330507 -0.098008 0.938701
outer loop
vertex 3.422379 3.310345 4.168535
vertex 4.415741 4.137931 4.604694
vertex 3.537869 4.137931 4.295604
endloop
endfacet
facet normal 0.070633 -0.421809 0.903929
outer loop
vertex 4.342666 3.310345 4.294574
vertex 5.268720 3.310345 4.222211
vertex 5.346434 4.137931 4.602324
endloop
endfacet
facet normal 0.002385 -0.351085 0.936341
outer loop
vertex 4.342666 3.310345 4.294574
vertex 5.346434 4.137931 4.602324
vertex 4.415741 4.137931 4.604694
endloop
endfacet
facet normal 0.049009 -0.386482 0.920994
outer loop
vertex 5.268720 3.310345 4.222211
vertex 6.196286 3.310345 4.172853
vertex 6.273123 4.137931 4.516049
endloop
endfacet
facet normal 0.084022 -0.422411 0.902502
outer loop
vertex 5.268720 3.310345 4.222211
vertex 6.273123 4.137931 4.516049
vertex 5.346434 4.137931 4.602324
endloop
endfacet
facet normal -0.056772 -0.392095 0.918171
outer loop
vertex 6.196286 3.310345 4.172853
vertex 7.123393 3.310345 4.230178
vertex 7.201004 4.137931 4.588388
endloop
endfacet
facet normal -0.072010 -0.376357 0.923672
outer loop
vertex 6.196286 3.310345 4.172853
vertex 7.201004 4.137931 4.588388
vertex 6.273123 4.137931 4.516049
endloop
endfacet
facet normal 0.005092 -0.508105 0.861280
outer loop
vertex 7.123393 3.310345 4.230178
vertex 8.052254 3.310345 4.224686
vertex 8.123389 4.137931 4.712493
endloop
endfacet
facet normal -0.123098 -0.384458 0.914898
outer loop
vertex 7.123393 3.310345 4.230178
vertex 8.123389 4.137931 4.712493
vertex 7.201004 4.137931 4.588388
endloop
endfacet
facet normal -0.038899 -0.501412 0.864334
outer loop
vertex 8.052254 3.310345 4.224686
vertex 8.980192 3.310345 4.266448
vertex 9.053336 4.137931 4.749833
endloop
endfacet
facet normal -0.034623 -0.505272 0.862266
outer loop
vertex 8.052254 3.310345 4.224686
vertex 9.053336 4.137931 4.749833
vertex 8.123389 4.137931 4.712493
endloop
endfacet
facet normal -0.068763 -0.506450 0.859523
outer loop
vertex 8.980192 3.310345 4.266448
vertex 9.906111 3.310345 4.340523
vertex 9.980211 4.137931 4.834083
endloop
endfacet
facet normal -0.078519 -0.497618 0.863835
outer loop
vertex 8.980192 3.310345 4.266448
vertex 9.980211 4.137931 4.834083
vertex 9.053336 4.137931 4.749833
endloop
endfacet
facet normal -0.118500 -0.499629 0.858096
outer loop
vertex 9.906111 3.310345 4.340523
vertex 10.826256 3.310345 4.467592
vertex 10.902355 4.137931 4.959965
endloop
endfacet
facet normal -0.117062 -0.500937 0.857531
outer loop
vertex 9.906111 3.310345 4.340523
vertex 10.902355 4.137931 4.959965
vertex 9.980211 4.137931 4.834083
endloop
endfacet
facet normal -0.094084 -0.417489 0.903798
outer loop
vertex 10.826256 3.310345 4.467592
vertex 11.750141 3.310345 4.563767
vertex 11.833037 4.137931 4.954681
endloop
endfacet
facet normal 0.004879 -0.511627 0.859194
outer loop
vertex 10.826256 3.310345 4.467592
vertex 11.833037 4.137931 4.954681
vertex 10.902355 4.137931 4.959965
endloop
endfacet
facet normal 0.131696 -0.324205 0.936775
outer loop
vertex 11.750141 3.310345 4.563767
vertex 12.669974 3.310345 4.434453
vertex 12.731592 4.137931 4.712206
endloop
endfacet
facet normal 0.234678 -0.434296 0.869663
outer loop
vertex 11.750141 3.310345 4.563767
vertex 12.731592 4.137931 4.712206
vertex 11.833037 4.137931 4.954681
endloop
endfacet
facet normal 0.018743 -0.410008 0.911889
outer loop
vertex 12.669974 3.310345 4.434453
vertex 13.598655 3.310345 4.415364
vertex 13.659341 4.137931 4.786220
endloop
endfacet
facet normal -0.075550 -0.312207 0.947005
outer loop
vertex 12.669974 3.310345 4.434453
vertex 13.659341 4.137931 4.786220
vertex 12.731592 4.137931 4.712206
endloop
endfacet
facet normal 0.036283 -0.506096 0.861713
outer loop
vertex 13.598655 3.310345 4.415364
vertex 14.526710 3.310345 4.376288
vertex 14.587125 4.137931 4.859797
endloop
endfacet
facet normal -0.072336 -0.403442 0.912141
outer loop
vertex 13.598655 3.310345 4.415364
vertex 14.587125 4.137931 4.859797
vertex 13.659341 4.137931 4.786220
endloop
endfacet
facet normal -0.055393 -0.562887 0.824675
outer loop
vertex 14.526710 3.310345 4.376288
vertex 15.453499 3.310345 4.438539
vertex 15.506115 4.137931 5.006948
endloop
endfacet
facet normal -0.137635 -0.492144 0.859564
outer loop
vertex 14.526710 3.310345 4.376288
vertex 15.506115 4.137931 5.006948
vertex 14.587125 4.137931 4.859797
endloop
endfacet
facet normal -0.164226 -0.544496 0.822529
outer loop
vertex 15.453499 3.310345 4.438539
vertex 16.364398 3.310345 4.620409
vertex 16.420677 4.137931 5.179490
endloop
endfacet
facet normal -0.154505 -0.552660 0.818959
outer loop
vertex 15.453499 3.310345 4.438539
vertex 16.420677 4.137931 5.179490
vertex 15.506115 4.137931 5.006948
endloop
endfacet
facet normal 0.013077 -0.537103 0.843415
outer loop
vertex 16.364398 3.310345 4.620409
vertex 17.293164 3.310345 4.606009
vertex 17.350169 4.137931 5.132148
endloop
endfacet
facet normal 0.042100 -0.561257 0.826570
outer loop
vertex 16.364398 3.310345 4.620409
vertex 17.350169 4.137931 5.132148
vertex 16.420677 4.137931 5.179490
endloop
endfacet
facet normal 0.079846 -0.485352 0.870665
outer loop
vertex 17.293164 3.310345 4.606009
vertex 18.218160 3.310345 4.521180
vertex 18.268002 4.137931 4.977947
endloop
endfacet
facet normal 0.139653 -0.538083 0.831242
outer loop
vertex 17.293164 3.310345 4.606009
vertex 18.268002 4.137931 4.977947
vertex 17.350169 4.137931 5.132148
endloop
endfacet
facet normal 0.069309 -0.289572 0.954644
outer loop
vertex 18.218160 3.310345 4.521180
vertex 19.144599 3.310345 4.453919
vertex 19.157472 4.137931 4.704015
endloop
endfacet
facet normal 0.258418 -0.478683 0.839096
outer loop
vertex 18.218160 3.310345 4.521180
vertex 19.157472 4.137931 4.704015
vertex 18.268002 4.137931 4.977947
endloop
endfacet
facet normal 0.259961 -0.088470 0.961558
outer loop
vertex 19.144599 3.310345 4.453919
vertex 20.041284 3.310345 4.211496
vertex 19.995865 4.137931 4.299919
endloop
endfacet
facet normal 0.418217 -0.268721 0.867689
outer loop
vertex 19.144599 3.310345 4.453919
vertex 19.995865 4.137931 4.299919
vertex 19.157472 4.137931 4.704015
endloop
endfacet
facet normal 0.445742 -0.141075 0.883975
outer loop
vertex 20.041284 3.310345 4.211496
vertex 20.870684 3.310345 3.793274
vertex 20.851950 4.137931 3.934796
endloop
endfacet
facet normal 0.391161 -0.076523 0.917135
outer loop
vertex 20.041284 3.310345 4.211496
vertex 20.851950 4.137931 3.934796
vertex 19.995865 4.137931 4.299919
endloop
endfacet
facet normal 0.516880 -0.190814 0.834521
outer loop
vertex 20.870684 3.310345 3.793274
vertex 21.660361 3.310345 3.304169
vertex 21.668561 4.137931 3.488319
endloop
endfacet
facet normal 0.475144 -0.137855 0.869042
outer loop
vertex 20.870684 3.310345 3.793274
vertex 21.668561 4.137931 3.488319
vertex 20.851950 4.137931 3.934796
endloop
endfacet
facet normal 0.650078 -0.168251 0.741006
outer loop
vertex 21.660361 3.310345 3.304169
vertex 22.358619 3.310345 2.691594
vertex 22.366482 4.137931 2.872606
endloop
endfacet
facet normal 0.651833 -0.170866 0.738863
outer loop
vertex 21.660361 3.310345 3.304169
vertex 22.366482 4.137931 2.872606
vertex 21.668561 4.137931 3.488319
endloop
endfacet
facet normal 0.756246 -0.138767 0.639403
outer loop
vertex 22.358619 3.310345 2.691594
vertex 22.958349 3.310345 1.982271
vertex 22.962092 4.137931 2.157452
endloop
endfacet
facet normal 0.760207 -0.145703 0.633132
outer loop
vertex 22.358619 3.310345 2.691594
vertex 22.962092 4.137931 2.157452
vertex 22.366482 4.137931 2.872606
endloop
endfacet
facet normal 0.810596 -0.120701 0.573031
outer loop
vertex 22.958349 3.310345 1.982271
vertex 23.494545 3.310345 1.223781
vertex 23.496432 4.137931 1.395431
endloop
endfacet
facet normal 0.812419 -0.124262 0.569680
outer loop
vertex 22.958349 3.310345 1.982271
vertex 23.496432 4.137931 1.395431
vertex 22.962092 4.137931 2.157452
endloop
endfacet
facet normal -0.784578 0.188449 0.590699
outer loop
vertex 0.000000 4.137931 1.360333
vertex 0.559791 4.137931 2.103858
vertex 0.553947 4.965517 1.832074
endloop
endfacet
facet normal -0.788485 0.195331 0.583213
outer loop
vertex 0.000000 4.137931 1.360333
vertex 0.553947 4.965517 1.832074
vertex 0.000000 4.965517 1.083155
endloop
endfacet
facet normal -0.709999 0.209501 0.672317
outer loop
vertex 0.559791 4.137931 2.103858
vertex 1.199715 4.137931 2.779649
vertex 1.190571 4.965517 2.512108
endloop
endfacet
facet normal -0.713080 0.214195 0.667561
outer loop
vertex 0.559791 4.137931 2.103858
vertex 1.190571 4.965517 2.512108
vertex 0.553947 4.965517 1.832074
endloop
endfacet
facet normal -0.594384 0.239013 0.767841
outer loop
vertex 1.199715 4.137931 2.779649
vertex 1.935673 4.137931 3.349352
vertex 1.925801 4.965517 3.084100
endloop
endfacet
facet normal -0.595933 0.241047 0.766003
outer loop
vertex 1.199715 4.137931 2.779649
vertex 1.925801 4.965517 3.084100
vertex 1.190571 4.965517 2.512108
endloop
endfacet
facet normal -0.513607 0.252584 0.820006
outer loop
vertex 1.935673 4.137931 3.349352
vertex 2.724425 4.137931 3.843383
vertex 2.713381 4.965517 3.581547
endloop
endfacet
facet normal -0.516246 0.255811 0.817344
outer loop
vertex 1.935673 4.137931 3.349352
vertex 2.713381 4.965517 3.581547
vertex 1.925801 4.965517 3.084100
endloop
endfacet
facet normal -0.466523 0.279554 0.839170
outer loop
vertex 2.724425 4.137931 3.843383
vertex 3.537869 4.137931 4.295604
vertex 3.535898 4.965517 4.018813
endloop
endfacet
facet normal -0.452827 0.263450 0.851787
outer loop
vertex 2.724425 4.137931 3.843383
vertex 3.535898 4.965517 4.018813
vertex 2.713381 4.965517 3.581547
endloop
endfacet
facet normal -0.322239 0.241955 0.915216
outer loop
vertex 3.537869 4.137931 4.295604
vertex 4.415741 4.137931 4.604694
vertex 4.395118 4.965517 4.378645
endloop
endfacet
facet normal -0.369213 0.293984 0.881621
outer loop
vertex 3.537869 4.137931 4.295604
vertex 4.395118 4.965517 4.378645
vertex 3.535898 4.965517 4.018813
endloop
endfacet
facet normal 0.002547 -0.027236 0.999626
outer loop
vertex 4.415741 4.137931 4.604694
vertex 5.346434 4.137931 4.602324
vertex 5.293473 4.965517 4.625007
endloop
endfacet
facet normal -0.256158 0.248754 0.934079
outer loop
vertex 4.415741 4.137931 4.604694
vertex 5.293473 4.965517 4.625007
vertex 4.395118 4.965517 4.378645
endloop
endfacet
facet normal 0.087784 -0.321277 0.942908
outer loop
vertex 5.346434 4.137931 4.602324
vertex 6.273123 4.137931 4.516049
vertex 6.207613 4.965517 4.804132
endloop
endfacet
facet normal -0.192145 -0.039173 0.980584
outer loop
vertex 5.346434 4.137931 4.602324
vertex 6.207613 4.965517 4.804132
vertex 5.293473 4.965517 4.625007
endloop
endfacet
facet normal -0.069926 -0.436592 0.896938
outer loop
vertex 6.273123 4.137931 4.516049
vertex 7.201004 4.137931 4.588388
vertex 7.121405 4.965517 4.985017
endloop
endfacet
facet normal -0.182886 -0.336088 0.923903
outer loop
vertex 6.273123 4.137931 4.516049
vertex 7.121405 4.965517 4.985017
vertex 6.207613 4.965517 4.804132
endloop
endfacet
facet normal -0.118409 -0.459877 0.880052
outer loop
vertex 7.201004 4.137931 4.588388
vertex 8.123389 4.137931 4.712493
vertex 8.040961 4.965517 5.133863
endloop
endfacet
facet normal -0.143575 -0.438907 0.886988
outer loop
vertex 7.201004 4.137931 4.588388
vertex 8.040961 4.965517 5.133863
vertex 7.121405 4.965517 4.985017
endloop
endfacet
facet normal -0.034917 -0.492525 0.869597
outer loop
vertex 8.123389 4.137931 4.712493
vertex 9.053336 4.137931 4.749833
vertex 8.968929 4.965517 5.215175
endloop
endfacet
facet normal -0.077574 -0.458487 0.885309
outer loop
vertex 8.123389 4.137931 4.712493
vertex 8.968929 4.965517 5.215175
vertex 8.040961 4.965517 5.133863
endloop
endfacet
facet normal -0.078577 -0.496498 0.864474
outer loop
vertex 9.053336 4.137931 4.749833
vertex 9.980211 4.137931 4.834083
vertex 9.896418 4.965517 5.301778
endloop
endfacet
facet normal -0.080793 -0.494766 0.865262
outer loop
vertex 9.053336 4.137931 4.749833
vertex 9.896418 4.965517 5.301778
vertex 8.968929 4.965517 5.215175
endloop
endfacet
facet normal -0.117990 -0.488899 0.864324
outer loop
vertex 9.980211 4.137931 4.834083
vertex 10.902355 4.137931 4.959965
vertex 10.820795 4.965517 5.416950
endloop
endfacet
facet normal -0.107261 -0.497372 0.860881
outer loop
vertex 9.980211 4.137931 4.834083
vertex 10.820795 4.965517 5.416950
vertex 9.896418 4.965517 5.301778
endloop
endfacet
facet normal 0.004928 -0.496574 0.867980
outer loop
vertex 10.902355 4.137931 4.959965
vertex 11.833037 4.137931 4.954681
vertex 11.752246 4.965517 5.428604
endloop
endfacet
facet normal -0.010946 -0.484187 0.874896
outer loop
vertex 10.902355 4.137931 4.959965
vertex 11.752246 4.965517 5.428604
vertex 10.820795 4.965517 5.416950
endloop
endfacet
facet normal 0.214516 -0.567487 0.794948
outer loop
vertex 11.833037 4.137931 4.954681
vertex 12.731592 4.137931 4.712206
vertex 12.677142 4.965517 5.317686
endloop
endfacet
facet normal 0.104026 -0.486580 0.867421
outer loop
vertex 11.833037 4.137931 4.954681
vertex 12.677142 4.965517 5.317686
vertex 11.752246 4.965517 5.428604
endloop
endfacet
facet normal -0.068332 -0.511570 0.856520
outer loop
vertex 12.731592 4.137931 4.712206
vertex 13.659341 4.137931 4.786220
vertex 13.607751 4.965517 5.276393
endloop
endfacet
facet normal 0.035837 -0.588548 0.807667
outer loop
vertex 12.731592 4.137931 4.712206
vertex 13.607751 4.965517 5.276393
vertex 12.677142 4.965517 5.317686
endloop
endfacet
facet normal -0.073895 -0.355397 0.931790
outer loop
vertex 13.659341 4.137931 4.786220
vertex 14.587125 4.137931 4.859797
vertex 14.533314 4.965517 5.171182
endloop
endfacet
facet normal 0.097639 -0.502663 0.858951
outer loop
vertex 13.659341 4.137931 4.786220
vertex 14.533314 4.965517 5.171182
vertex 13.607751 4.965517 5.276393
endloop
endfacet
facet normal -0.144512 -0.405697 0.902511
outer loop
vertex 14.587125 4.137931 4.859797
vertex 15.506115 4.137931 5.006948
vertex 15.443601 4.965517 5.368955
endloop
endfacet
facet normal -0.198366 -0.356429 0.913022
outer loop
vertex 14.587125 4.137931 4.859797
vertex 15.443601 4.965517 5.368955
vertex 14.533314 4.965517 5.171182
endloop
endfacet
facet normal -0.174829 -0.332693 0.926688
outer loop
vertex 15.506115 4.137931 5.006948
vertex 16.420677 4.137931 5.179490
vertex 16.369947 4.965517 5.467033
endloop
endfacet
facet normal -0.096267 -0.404995 0.909237
outer loop
vertex 15.506115 4.137931 5.006948
vertex 16.369947 4.965517 5.467033
vertex 15.443601 4.965517 5.368955
endloop
endfacet
facet normal 0.049475 -0.232411 0.971358
outer loop
vertex 16.420677 4.137931 5.179490
vertex 17.350169 4.137931 5.132148
vertex 17.291797 4.965517 5.333132
endloop
endfacet
facet normal 0.136298 -0.317674 0.938353
outer loop
vertex 16.420677 4.137931 5.179490
vertex 17.291797 4.965517 5.333132
vertex 16.369947 4.965517 5.467033
endloop
endfacet
facet normal 0.165536 0.042016 0.985308
outer loop
vertex 17.350169 4.137931 5.132148
vertex 18.268002 4.137931 4.977947
vertex 18.146649 4.965517 4.963044
endloop
endfacet
facet normal 0.389960 -0.191249 0.900753
outer loop
vertex 17.350169 4.137931 5.132148
vertex 18.146649 4.965517 4.963044
vertex 17.291797 4.965517 5.333132
endloop
endfacet
facet normal 0.283668 0.266712 0.921085
outer loop
vertex 18.268002 4.137931 4.977947
vertex 19.157472 4.137931 4.704015
vertex 18.967604 4.965517 4.522851
endloop
endfacet
facet normal 0.470847 0.084856 0.878124
outer loop
vertex 18.268002 4.137931 4.977947
vertex 18.967604 4.965517 4.522851
vertex 18.146649 4.965517 4.963044
endloop
endfacet
facet normal 0.412208 0.314134 0.855222
outer loop
vertex 19.157472 4.137931 4.704015
vertex 19.995865 4.137931 4.299919
vertex 19.794113 4.965517 4.093178
endloop
endfacet
facet normal 0.441799 0.287394 0.849834
outer loop
vertex 19.157472 4.137931 4.704015
vertex 19.794113 4.965517 4.093178
vertex 18.967604 4.965517 4.522851
endloop
endfacet
facet normal 0.355088 0.425160 0.832557
outer loop
vertex 19.995865 4.137931 4.299919
vertex 20.851950 4.137931 3.934796
vertex 20.597036 4.965517 3.620896
endloop
endfacet
facet normal 0.480171 0.320988 0.816335
outer loop
vertex 19.995865 4.137931 4.299919
vertex 20.597036 4.965517 3.620896
vertex 19.794113 4.965517 4.093178
endloop
endfacet
facet normal 0.438363 0.406204 0.801770
outer loop
vertex 20.851950 4.137931 3.934796
vertex 21.668561 4.137931 3.488319
vertex 21.428261 4.965517 3.200418
endloop
endfacet
facet normal 0.407333 0.430892 0.805240
outer loop
vertex 20.851950 4.137931 3.934796
vertex 21.428261 4.965517 3.200418
vertex 20.597036 4.965517 3.620896
endloop
endfacet
facet normal 0.651469 0.174003 0.738452
outer loop
vertex 21.668561 4.137931 3.488319
vertex 22.366482 4.137931 2.872606
vertex 22.256691 4.965517 2.774458
endloop
endfacet
facet normal 0.418215 0.404388 0.813367
outer loop
vertex 21.668561 4.137931 3.488319
vertex 22.256691 4.965517 2.774458
vertex 21.428261 4.965517 3.200418
endloop
endfacet
facet normal 0.768016 0.031901 0.639636
outer loop
vertex 22.366482 4.137931 2.872606
vertex 22.962092 4.137931 2.157452
vertex 22.940593 4.965517 2.141991
endloop
endfacet
facet normal 0.668551 0.174427 0.722921
outer loop
vertex 22.366482 4.137931 2.872606
vertex 22.940593 4.965517 2.141991
vertex 22.256691 4.965517 2.774458
endloop
endfacet
facet normal 0.818753 0.005390 0.574121
outer loop
vertex 22.962092 4.137931 2.157452
vertex 23.496432 4.137931 1.395431
vertex 23.493286 4.965517 1.392147
endloop
endfacet
facet normal 0.804554 0.031979 0.593019
outer loop
vertex 22.962092 4.137931 2.157452
vertex 23.493286 4.965517 1.392147
vertex 22.940593 4.965517 2.141991
endloop
endfacet
facet normal -0.747512 0.368131 0.552906
outer loop
vertex 0.000000 4.965517 1.083155
vertex 0.553947 4.965517 1.832074
vertex 0.492126 5.793103 1.197477
endloop
endfacet
facet normal -0.785853 0.402447 0.469545
outer loop
vertex 0.000000 4.965517 1.083155
vertex 0.492126 5.793103 1.197477
vertex 0.000000 5.793103 0.373832
endloop
endfacet
facet normal -0.696946 0.297601 0.652457
outer loop
vertex 0.553947 4.965517 1.832074
vertex 1.190571 4.965517 2.512108
vertex 1.046415 5.793103 1.980640
endloop
endfacet
facet normal -0.762503 0.356859 0.539667
outer loop
vertex 0.553947 4.965517 1.832074
vertex 1.046415 5.793103 1.980640
vertex 0.492126 5.793103 1.197477
endloop
endfacet
facet normal -0.590310 0.275307 0.758776
outer loop
vertex 1.190571 4.965517 2.512108
vertex 1.925801 4.965517 3.084100
vertex 1.742366 5.793103 2.641119
endloop
endfacet
facet normal -0.650559 0.326901 0.685499
outer loop
vertex 1.190571 4.965517 2.512108
vertex 1.742366 5.793103 2.641119
vertex 1.046415 5.793103 1.980640
endloop
endfacet
facet normal -0.508205 0.307124 0.804613
outer loop
vertex 1.925801 4.965517 3.084100
vertex 2.713381 4.965517 3.581547
vertex 2.548465 5.793103 3.161490
endloop
endfacet
facet normal -0.515112 0.312944 0.797951
outer loop
vertex 1.925801 4.965517 3.084100
vertex 2.548465 5.793103 3.161490
vertex 1.742366 5.793103 2.641119
endloop
endfacet
facet normal -0.439262 0.352597 0.826271
outer loop
vertex 2.713381 4.965517 3.581547
vertex 3.535898 4.965517 4.018813
vertex 3.404113 5.793103 3.595595
endloop
endfacet
facet normal -0.425360 0.340787 0.838411
outer loop
vertex 2.713381 4.965517 3.581547
vertex 3.404113 5.793103 3.595595
vertex 2.548465 5.793103 3.161490
endloop
endfacet
facet normal -0.359563 0.365456 0.858578
outer loop
vertex 3.535898 4.965517 4.018813
vertex 4.395118 4.965517 4.378645
vertex 4.283390 5.793103 3.979590
endloop
endfacet
facet normal -0.370959 0.375316 0.849428
outer loop
vertex 3.535898 4.965517 4.018813
vertex 4.283390 5.793103 3.979590
vertex 3.404113 5.793103 3.595595
endloop
endfacet
facet normal -0.244992 0.376675 0.893362
outer loop
vertex 4.395118 4.965517 4.378645
vertex 5.293473 4.965517 4.625007
vertex 5.203551 5.793103 4.251406
endloop
endfacet
facet normal -0.260804 0.390509 0.882884
outer loop
vertex 4.395118 4.965517 4.378645
vertex 5.203551 5.793103 4.251406
vertex 4.283390 5.793103 3.979590
endloop
endfacet
facet normal -0.184918 0.274292 0.943700
outer loop
vertex 5.293473 4.965517 4.625007
vertex 6.207613 4.965517 4.804132
vertex 6.116745 5.793103 4.545784
endloop
endfacet
facet normal -0.285229 0.368443 0.884813
outer loop
vertex 5.293473 4.965517 4.625007
vertex 6.116745 5.793103 4.545784
vertex 5.203551 5.793103 4.251406
endloop
endfacet
facet normal -0.194139 -0.020813 0.980753
outer loop
vertex 6.207613 4.965517 4.804132
vertex 7.121405 4.965517 4.985017
vertex 6.975505 5.793103 4.973698
endloop
endfacet
facet normal -0.434602 0.224551 0.872180
outer loop
vertex 6.207613 4.965517 4.804132
vertex 6.975505 5.793103 4.973698
vertex 6.116745 5.793103 4.545784
endloop
endfacet
facet normal -0.153701 -0.273384 0.949546
outer loop
vertex 7.121405 4.965517 4.985017
vertex 8.040961 4.965517 5.133863
vertex 7.861049 5.793103 5.343012
endloop
endfacet
facet normal -0.384329 -0.055152 0.921548
outer loop
vertex 7.121405 4.965517 4.985017
vertex 7.861049 5.793103 5.343012
vertex 6.975505 5.793103 4.973698
endloop
endfacet
facet normal -0.079447 -0.414255 0.906687
outer loop
vertex 8.040961 4.965517 5.133863
vertex 8.968929 4.965517 5.215175
vertex 8.791365 5.793103 5.577731
endloop
endfacet
facet normal -0.234432 -0.285786 0.929176
outer loop
vertex 8.040961 4.965517 5.133863
vertex 8.791365 5.793103 5.577731
vertex 7.861049 5.793103 5.343012
endloop
endfacet
facet normal -0.082621 -0.458517 0.884837
outer loop
vertex 8.968929 4.965517 5.215175
vertex 9.896418 4.965517 5.301778
vertex 9.740804 5.793103 5.716098
endloop
endfacet
facet normal -0.130793 -0.421234 0.897471
outer loop
vertex 8.968929 4.965517 5.215175
vertex 9.740804 5.793103 5.716098
vertex 8.791365 5.793103 5.577731
endloop
endfacet
facet normal -0.109492 -0.464482 0.878788
outer loop
vertex 9.896418 4.965517 5.301778
vertex 10.820795 4.965517 5.416950
vertex 10.692449 5.793103 5.838379
endloop
endfacet
facet normal -0.113049 -0.461714 0.879795
outer loop
vertex 9.896418 4.965517 5.301778
vertex 10.692449 5.793103 5.838379
vertex 9.740804 5.793103 5.716098
endloop
endfacet
facet normal -0.011063 -0.467008 0.884184
outer loop
vertex 10.820795 4.965517 5.416950
vertex 11.752246 4.965517 5.428604
vertex 11.651564 5.793103 5.864459
endloop
endfacet
facet normal -0.024182 -0.456622 0.889332
outer loop
vertex 10.820795 4.965517 5.416950
vertex 11.651564 5.793103 5.864459
vertex 10.692449 5.793103 5.838379
endloop
endfacet
facet normal 0.117396 -0.167195 0.978910
outer loop
vertex 11.752246 4.965517 5.428604
vertex 12.677142 4.965517 5.317686
vertex 12.529220 5.793103 5.476774
endloop
endfacet
facet normal 0.370849 -0.397036 0.839544
outer loop
vertex 11.752246 4.965517 5.428604
vertex 12.529220 5.793103 5.476774
vertex 11.651564 5.793103 5.864459
endloop
endfacet
facet normal 0.042698 -0.268679 0.962283
outer loop
vertex 12.677142 4.965517 5.317686
vertex 13.607751 4.965517 5.276393
vertex 13.488014 5.793103 5.512777
endloop
endfacet
facet normal -0.036803 -0.194988 0.980115
outer loop
vertex 12.677142 4.965517 5.317686
vertex 13.488014 5.793103 5.512777
vertex 12.529220 5.793103 5.476774
endloop
endfacet
facet normal 0.100024 -0.464456 0.879929
outer loop
vertex 13.607751 4.965517 5.276393
vertex 14.533314 4.965517 5.171182
vertex 14.441648 5.793103 5.618430
endloop
endfacet
facet normal -0.105478 -0.287194 0.952047
outer loop
vertex 13.607751 4.965517 5.276393
vertex 14.441648 5.793103 5.618430
vertex 13.488014 5.793103 5.512777
endloop
endfacet
facet normal -0.205711 -0.247390 0.946827
outer loop
vertex 14.533314 4.965517 5.171182
vertex 15.443601 4.965517 5.368955
vertex 15.400167 5.793103 5.575753
endloop
endfacet
facet normal 0.039221 -0.471706 0.880883
outer loop
vertex 14.533314 4.965517 5.171182
vertex 15.400167 5.793103 5.575753
vertex 14.441648 5.793103 5.618430
endloop
endfacet
facet normal -0.103870 0.163569 0.981049
outer loop
vertex 15.443601 4.965517 5.368955
vertex 16.369947 4.965517 5.467033
vertex 16.326130 5.793103 5.324412
endloop
endfacet
facet normal 0.255437 -0.221745 0.941053
outer loop
vertex 15.443601 4.965517 5.368955
vertex 16.326130 5.793103 5.324412
vertex 15.400167 5.793103 5.575753
endloop
endfacet
facet normal 0.132872 0.381501 0.914769
outer loop
vertex 16.369947 4.965517 5.467033
vertex 17.291797 4.965517 5.333132
vertex 17.228096 5.793103 4.997244
endloop
endfacet
facet normal 0.335592 0.177210 0.925189
outer loop
vertex 16.369947 4.965517 5.467033
vertex 17.228096 5.793103 4.997244
vertex 16.326130 5.793103 5.324412
endloop
endfacet
facet normal 0.372748 0.346040 0.860997
outer loop
vertex 17.291797 4.965517 5.333132
vertex 18.146649 4.965517 4.963044
vertex 18.119458 5.793103 4.642204
endloop
endfacet
facet normal 0.342913 0.375811 0.860916
outer loop
vertex 17.291797 4.965517 5.333132
vertex 18.119458 5.793103 4.642204
vertex 17.228096 5.793103 4.997244
endloop
endfacet
facet normal 0.449428 0.308986 0.838178
outer loop
vertex 18.146649 4.965517 4.963044
vertex 18.967604 4.965517 4.522851
vertex 18.977348 5.793103 4.212545
endloop
endfacet
facet normal 0.421156 0.339844 0.840912
outer loop
vertex 18.146649 4.965517 4.963044
vertex 18.977348 5.793103 4.212545
vertex 18.119458 5.793103 4.642204
endloop
endfacet
facet normal 0.427819 0.373813 0.822943
outer loop
vertex 18.967604 4.965517 4.522851
vertex 19.794113 4.965517 4.093178
vertex 19.797904 5.793103 3.715285
endloop
endfacet
facet normal 0.494383 0.300069 0.815809
outer loop
vertex 18.967604 4.965517 4.522851
vertex 19.797904 5.793103 3.715285
vertex 18.977348 5.793103 4.212545
endloop
endfacet
facet normal 0.455593 0.438757 0.774550
outer loop
vertex 19.794113 4.965517 4.093178
vertex 20.597036 4.965517 3.620896
vertex 20.581313 5.793103 3.161344
endloop
endfacet
facet normal 0.541433 0.347163 0.765720
outer loop
vertex 19.794113 4.965517 4.093178
vertex 20.581313 5.793103 3.161344
vertex 19.797904 5.793103 3.715285
endloop
endfacet
facet normal 0.364496 0.589865 0.720557
outer loop
vertex 20.597036 4.965517 3.620896
vertex 21.428261 4.965517 3.200418
vertex 21.336415 5.793103 2.569397
endloop
endfacet
facet normal 0.562879 0.409405 0.718021
outer loop
vertex 20.597036 4.965517 3.620896
vertex 21.336415 5.793103 2.569397
vertex 20.581313 5.793103 3.161344
endloop
endfacet
facet normal 0.359822 0.617095 0.699801
outer loop
vertex 21.428261 4.965517 3.200418
vertex 22.256691 4.965517 2.774458
vertex 22.167767 5.793103 2.090403
endloop
endfacet
facet normal 0.405894 0.582201 0.704480
outer loop
vertex 21.428261 4.965517 3.200418
vertex 22.167767 5.793103 2.090403
vertex 21.336415 5.793103 2.569397
endloop
endfacet
facet normal 0.593330 0.486139 0.641583
outer loop
vertex 22.256691 4.965517 2.774458
vertex 22.940593 4.965517 2.141991
vertex 22.937572 5.793103 1.517707
endloop
endfacet
facet normal 0.482717 0.588191 0.648857
outer loop
vertex 22.256691 4.965517 2.774458
vertex 22.937572 5.793103 1.517707
vertex 22.167767 5.793103 2.090403
endloop
endfacet
facet normal 0.727105 0.429062 0.535933
outer loop
vertex 22.940593 4.965517 2.141991
vertex 23.493286 4.965517 1.392147
vertex 23.490397 5.793103 0.733510
endloop
endfacet
facet normal 0.748765 0.400910 0.527847
outer loop
vertex 22.940593 4.965517 2.141991
vertex 23.490397 5.793103 0.733510
vertex 22.937572 5.793103 1.517707
endloop
endfacet
facet normal -0.805013 0.347275 0.480993
outer loop
vertex 0.000000 5.793103 0.373832
vertex 0.492126 5.793103 1.197477
vertex 0.602071 6.620690 0.783973
endloop
endfacet
facet normal -0.758897 0.255177 0.599133
outer loop
vertex 0.000000 5.793103 0.373832
vertex 0.602071 6.620690 0.783973
vertex 0.000000 6.620690 0.021354
endloop
endfacet
facet normal -0.733059 0.439821 0.518827
outer loop
vertex 0.492126 5.793103 1.197477
vertex 1.046415 5.793103 1.980640
vertex 1.224221 6.620690 1.530301
endloop
endfacet
facet normal -0.707688 0.388780 0.589939
outer loop
vertex 0.492126 5.793103 1.197477
vertex 1.224221 6.620690 1.530301
vertex 0.602071 6.620690 0.783973
endloop
endfacet
facet normal -0.616897 0.443735 0.650029
outer loop
vertex 1.046415 5.793103 1.980640
vertex 1.742366 5.793103 2.641119
vertex 1.901389 6.620690 2.227094
endloop
endfacet
facet normal -0.632768 0.470579 0.614947
outer loop
vertex 1.046415 5.793103 1.980640
vertex 1.901389 6.620690 2.227094
vertex 1.224221 6.620690 1.530301
endloop
endfacet
facet normal -0.492631 0.418275 0.763126
outer loop
vertex 1.742366 5.793103 2.641119
vertex 2.548465 5.793103 3.161490
vertex 2.687754 6.620690 2.797802
endloop
endfacet
facet normal -0.521602 0.459780 0.718702
outer loop
vertex 1.742366 5.793103 2.641119
vertex 2.687754 6.620690 2.797802
vertex 1.901389 6.620690 2.227094
endloop
endfacet
facet normal -0.414669 0.400006 0.817340
outer loop
vertex 2.548465 5.793103 3.161490
vertex 3.404113 5.793103 3.595595
vertex 3.542102 6.620690 3.260582
endloop
endfacet
facet normal -0.431621 0.422816 0.796825
outer loop
vertex 2.548465 5.793103 3.161490
vertex 3.542102 6.620690 3.260582
vertex 2.687754 6.620690 2.797802
endloop
endfacet
facet normal -0.363680 0.417428 0.832761
outer loop
vertex 3.404113 5.793103 3.595595
vertex 4.283390 5.793103 3.979590
vertex 4.439551 6.620690 3.632954
endloop
endfacet
facet normal -0.351072 0.401050 0.846113
outer loop
vertex 3.404113 5.793103 3.595595
vertex 4.439551 6.620690 3.632954
vertex 3.542102 6.620690 3.260582
endloop
endfacet
facet normal -0.264507 0.358130 0.895421
outer loop
vertex 4.283390 5.793103 3.979590
vertex 5.203551 5.793103 4.251406
vertex 5.352866 6.620690 3.964515
endloop
endfacet
facet normal -0.310236 0.416480 0.854575
outer loop
vertex 4.283390 5.793103 3.979590
vertex 5.352866 6.620690 3.964515
vertex 4.439551 6.620690 3.632954
endloop
endfacet
facet normal -0.297250 0.247733 0.922101
outer loop
vertex 5.203551 5.793103 4.251406
vertex 6.116745 5.793103 4.545784
vertex 6.239083 6.620690 4.362880
endloop
endfacet
facet normal -0.381953 0.363472 0.849706
outer loop
vertex 5.203551 5.793103 4.251406
vertex 6.239083 6.620690 4.362880
vertex 5.352866 6.620690 3.964515
endloop
endfacet
facet normal -0.427876 0.282113 0.858682
outer loop
vertex 6.116745 5.793103 4.545784
vertex 6.975505 5.793103 4.973698
vertex 7.119634 6.620690 4.773620
endloop
endfacet
facet normal -0.408849 0.254152 0.876498
outer loop
vertex 6.116745 5.793103 4.545784
vertex 7.119634 6.620690 4.773620
vertex 6.239083 6.620690 4.362880
endloop
endfacet
facet normal -0.356617 0.376331 0.855102
outer loop
vertex 6.975505 5.793103 4.973698
vertex 7.861049 5.793103 5.343012
vertex 8.048977 6.620690 5.057165
endloop
endfacet
facet normal -0.280863 0.271469 0.920555
outer loop
vertex 6.975505 5.793103 4.973698
vertex 8.048977 6.620690 5.057165
vertex 7.119634 6.620690 4.773620
endloop
endfacet
facet normal -0.235060 0.277019 0.931669
outer loop
vertex 7.861049 5.793103 5.343012
vertex 8.791365 5.793103 5.577731
vertex 8.966836 6.620690 5.375931
endloop
endfacet
facet normal -0.304525 0.372015 0.876852
outer loop
vertex 7.861049 5.793103 5.343012
vertex 8.966836 6.620690 5.375931
vertex 8.048977 6.620690 5.057165
endloop
endfacet
facet normal -0.144185 -0.019501 0.989359
outer loop
vertex 8.791365 5.793103 5.577731
vertex 9.740804 5.793103 5.716098
vertex 9.863460 6.620690 5.750286
endloop
endfacet
facet normal -0.368347 0.293226 0.882235
outer loop
vertex 8.791365 5.793103 5.577731
vertex 9.863460 6.620690 5.750286
vertex 8.966836 6.620690 5.375931
endloop
endfacet
facet normal -0.126105 -0.144695 0.981408
outer loop
vertex 9.740804 5.793103 5.716098
vertex 10.692449 5.793103 5.838379
vertex 10.808675 6.620690 5.975329
endloop
endfacet
facet normal -0.231609 -0.005859 0.972791
outer loop
vertex 9.740804 5.793103 5.716098
vertex 10.808675 6.620690 5.975329
vertex 9.863460 6.620690 5.750286
endloop
endfacet
facet normal -0.026917 -0.139227 0.989895
outer loop
vertex 10.692449 5.793103 5.838379
vertex 11.651564 5.793103 5.864459
vertex 11.780270 6.620690 5.984357
endloop
endfacet
facet normal -0.009168 -0.162001 0.986748
outer loop
vertex 10.692449 5.793103 5.838379
vertex 11.780270 6.620690 5.984357
vertex 10.808675 6.620690 5.975329
endloop
endfacet
facet normal 0.358539 -0.461122 0.811675
outer loop
vertex 11.651564 5.793103 5.864459
vertex 12.529220 5.793103 5.476774
vertex 12.742922 6.620690 5.852537
endloop
endfacet
facet normal 0.133865 -0.162449 0.977594
outer loop
vertex 11.651564 5.793103 5.864459
vertex 12.742922 6.620690 5.852537
vertex 11.780270 6.620690 5.984357
endloop
endfacet
facet normal -0.035585 -0.317250 0.947674
outer loop
vertex 12.529220 5.793103 5.476774
vertex 13.488014 5.793103 5.512777
vertex 13.713042 6.620690 5.798275
endloop
endfacet
facet normal 0.050586 -0.423698 0.904390
outer loop
vertex 12.529220 5.793103 5.476774
vertex 13.713042 6.620690 5.798275
vertex 12.742922 6.620690 5.852537
endloop
endfacet
facet normal -0.108374 -0.177216 0.978187
outer loop
vertex 13.488014 5.793103 5.512777
vertex 14.441648 5.793103 5.618430
vertex 14.684673 6.620690 5.795287
endloop
endfacet
facet normal 0.002906 -0.326822 0.945082
outer loop
vertex 13.488014 5.793103 5.512777
vertex 14.684673 6.620690 5.795287
vertex 13.713042 6.620690 5.798275
endloop
endfacet
facet normal 0.043983 0.149056 0.987850
outer loop
vertex 14.441648 5.793103 5.618430
vertex 15.400167 5.793103 5.575753
vertex 15.589973 6.620690 5.442428
endloop
endfacet
facet normal 0.347289 -0.292394 0.891008
outer loop
vertex 14.441648 5.793103 5.618430
vertex 15.589973 6.620690 5.442428
vertex 14.684673 6.620690 5.795287
endloop
endfacet
facet normal 0.249593 0.303605 0.919525
outer loop
vertex 15.400167 5.793103 5.575753
vertex 16.326130 5.793103 5.324412
vertex 16.462170 6.620690 5.014236
endloop
endfacet
facet normal 0.440274 0.043501 0.896809
outer loop
vertex 15.400167 5.793103 5.575753
vertex 16.462170 6.620690 5.014236
vertex 15.589973 6.620690 5.442428
endloop
endfacet
facet normal 0.319819 0.346867 0.881703
outer loop
vertex 16.326130 5.793103 5.324412
vertex 17.228096 5.793103 4.997244
vertex 17.353025 6.620690 4.626351
endloop
endfacet
facet normal 0.384621 0.267854 0.883358
outer loop
vertex 16.326130 5.793103 5.324412
vertex 17.353025 6.620690 4.626351
vertex 16.462170 6.620690 5.014236
endloop
endfacet
facet normal 0.344498 0.365071 0.864896
outer loop
vertex 17.228096 5.793103 4.997244
vertex 18.119458 5.793103 4.642204
vertex 18.245671 6.620690 4.242609
endloop
endfacet
facet normal 0.372526 0.332122 0.866556
outer loop
vertex 17.228096 5.793103 4.997244
vertex 18.245671 6.620690 4.242609
vertex 17.353025 6.620690 4.626351
endloop
endfacet
facet normal 0.428648 0.289389 0.855871
outer loop
vertex 18.119458 5.793103 4.642204
vertex 18.977348 5.793103 4.212545
vertex 19.135908 6.620690 3.853308
endloop
endfacet
facet normal 0.374375 0.356270 0.856105
outer loop
vertex 18.119458 5.793103 4.642204
vertex 19.135908 6.620690 3.853308
vertex 18.245671 6.620690 4.242609
endloop
endfacet
facet normal 0.510893 0.168084 0.843052
outer loop
vertex 18.977348 5.793103 4.212545
vertex 19.797904 5.793103 3.715285
vertex 20.007266 6.620690 3.423410
endloop
endfacet
facet normal 0.423259 0.291303 0.857901
outer loop
vertex 18.977348 5.793103 4.212545
vertex 20.007266 6.620690 3.423410
vertex 19.135908 6.620690 3.853308
endloop
endfacet
facet normal 0.563908 0.214458 0.797506
outer loop
vertex 19.797904 5.793103 3.715285
vertex 20.581313 5.793103 3.161344
vertex 20.761768 6.620690 2.811199
endloop
endfacet
facet normal 0.625995 0.113727 0.771490
outer loop
vertex 19.797904 5.793103 3.715285
vertex 20.761768 6.620690 2.811199
vertex 20.007266 6.620690 3.423410
endloop
endfacet
facet normal 0.575466 0.360514 0.734077
outer loop
vertex 20.581313 5.793103 3.161344
vertex 21.336415 5.793103 2.569397
vertex 21.420553 6.620690 2.097001
endloop
endfacet
facet normal 0.729228 0.125584 0.672648
outer loop
vertex 20.581313 5.793103 3.161344
vertex 21.420553 6.620690 2.097001
vertex 20.761768 6.620690 2.811199
endloop
endfacet
facet normal 0.401741 0.593648 0.697271
outer loop
vertex 21.336415 5.793103 2.569397
vertex 22.167767 5.793103 2.090403
vertex 22.114237 6.620690 1.416649
endloop
endfacet
facet normal 0.663680 0.318786 0.676686
outer loop
vertex 21.336415 5.793103 2.569397
vertex 22.114237 6.620690 1.416649
vertex 21.420553 6.620690 2.097001
endloop
endfacet
facet normal 0.476089 0.603163 0.639948
outer loop
vertex 22.167767 5.793103 2.090403
vertex 22.937572 5.793103 1.517707
vertex 22.860814 6.620690 0.794797
endloop
endfacet
facet normal 0.532448 0.554859 0.639242
outer loop
vertex 22.167767 5.793103 2.090403
vertex 22.860814 6.620690 0.794797
vertex 22.114237 6.620690 1.416649
endloop
endfacet
facet normal 0.741327 0.421093 0.522604
outer loop
vertex 22.937572 5.793103 1.517707
vertex 23.490397 5.793103 0.733510
vertex 23.495648 6.620690 0.059227
endloop
endfacet
facet normal 0.637362 0.539616 0.550076
outer loop
vertex 22.937572 5.793103 1.517707
vertex 23.495648 6.620690 0.059227
vertex 22.860814 6.620690 0.794797
endloop
endfacet
facet normal -0.630226 0.596036 0.497550
outer loop
vertex 0.000000 6.620690 0.021354
vertex 0.602071 6.620690 0.783973
vertex 0.940529 7.448276 0.221283
endloop
endfacet
facet normal -0.637294 0.558232 0.531257
outer loop
vertex 0.602071 6.620690 0.783973
vertex 1.224221 6.620690 1.530301
vertex 1.509130 7.448276 1.002471
endloop
endfacet
facet normal -0.652779 0.590021 0.475137
outer loop
vertex 0.602071 6.620690 0.783973
vertex 1.509130 7.448276 1.002471
vertex 0.940529 7.448276 0.221283
endloop
endfacet
facet normal -0.606810 0.532927 0.589721
outer loop
vertex 1.224221 6.620690 1.530301
vertex 1.901389 6.620690 2.227094
vertex 2.145039 7.448276 1.729919
endloop
endfacet
facet normal -0.622886 0.561720 0.544504
outer loop
vertex 1.224221 6.620690 1.530301
vertex 2.145039 7.448276 1.729919
vertex 1.509130 7.448276 1.002471
endloop
endfacet
facet normal -0.512742 0.487812 0.706495
outer loop
vertex 1.901389 6.620690 2.227094
vertex 2.687754 6.620690 2.797802
vertex 2.875355 7.448276 2.362532
endloop
endfacet
facet normal -0.549751 0.543124 0.634657
outer loop
vertex 1.901389 6.620690 2.227094
vertex 2.875355 7.448276 2.362532
vertex 2.145039 7.448276 1.729919
endloop
endfacet
facet normal -0.419938 0.471835 0.775257
outer loop
vertex 2.687754 6.620690 2.797802
vertex 3.542102 6.620690 3.260582
vertex 3.710638 7.448276 2.848191
endloop
endfacet
facet normal -0.436943 0.494299 0.751498
outer loop
vertex 2.687754 6.620690 2.797802
vertex 3.710638 7.448276 2.848191
vertex 2.875355 7.448276 2.362532
endloop
endfacet
facet normal -0.347811 0.419948 0.838255
outer loop
vertex 3.542102 6.620690 3.260582
vertex 4.439551 6.620690 3.632954
vertex 4.577233 7.448276 3.275478
endloop
endfacet
facet normal -0.389610 0.473095 0.790181
outer loop
vertex 3.542102 6.620690 3.260582
vertex 4.577233 7.448276 3.275478
vertex 3.710638 7.448276 2.848191
endloop
endfacet
facet normal -0.323386 0.319219 0.890798
outer loop
vertex 4.439551 6.620690 3.632954
vertex 5.352866 6.620690 3.964515
vertex 5.444577 7.448276 3.701242
endloop
endfacet
facet normal -0.400168 0.418701 0.815202
outer loop
vertex 4.439551 6.620690 3.632954
vertex 5.444577 7.448276 3.701242
vertex 4.577233 7.448276 3.275478
endloop
endfacet
facet normal -0.384091 0.349815 0.854461
outer loop
vertex 5.352866 6.620690 3.964515
vertex 6.239083 6.620690 4.362880
vertex 6.338215 7.448276 4.068629
endloop
endfacet
facet normal -0.360394 0.318812 0.876627
outer loop
vertex 5.352866 6.620690 3.964515
vertex 6.338215 7.448276 4.068629
vertex 5.444577 7.448276 3.701242
endloop
endfacet
facet normal -0.377458 0.450243 0.809201
outer loop
vertex 6.239083 6.620690 4.362880
vertex 7.119634 6.620690 4.773620
vertex 7.254250 7.448276 4.375941
endloop
endfacet
facet normal -0.297790 0.351278 0.887651
outer loop
vertex 6.239083 6.620690 4.362880
vertex 7.254250 7.448276 4.375941
vertex 6.338215 7.448276 4.068629
endloop
endfacet
facet normal -0.266731 0.405670 0.874235
outer loop
vertex 7.119634 6.620690 4.773620
vertex 8.048977 6.620690 5.057165
vertex 8.161770 7.448276 4.707555
endloop
endfacet
facet normal -0.306095 0.452321 0.837682
outer loop
vertex 7.119634 6.620690 4.773620
vertex 8.161770 7.448276 4.707555
vertex 7.254250 7.448276 4.375941
endloop
endfacet
facet normal -0.306757 0.354562 0.883281
outer loop
vertex 8.048977 6.620690 5.057165
vertex 8.966836 6.620690 5.375931
vertex 9.055572 7.448276 5.074542
endloop
endfacet
facet normal -0.347329 0.404694 0.845923
outer loop
vertex 8.048977 6.620690 5.057165
vertex 9.055572 7.448276 5.074542
vertex 8.161770 7.448276 4.707555
endloop
endfacet
facet normal -0.360967 0.349633 0.864558
outer loop
vertex 8.966836 6.620690 5.375931
vertex 9.863460 6.620690 5.750286
vertex 9.945848 7.448276 5.450002
endloop
endfacet
facet normal -0.363583 0.352946 0.862112
outer loop
vertex 8.966836 6.620690 5.375931
vertex 9.945848 7.448276 5.450002
vertex 9.055572 7.448276 5.074542
endloop
endfacet
facet normal -0.209064 0.430388 0.878099
outer loop
vertex 9.863460 6.620690 5.750286
vertex 10.808675 6.620690 5.975329
vertex 10.901593 7.448276 5.591822
endloop
endfacet
facet normal -0.137500 0.349911 0.926637
outer loop
vertex 9.863460 6.620690 5.750286
vertex 10.901593 7.448276 5.591822
vertex 9.945848 7.448276 5.450002
endloop
endfacet
facet normal -0.008111 0.487771 0.872934
outer loop
vertex 10.808675 6.620690 5.975329
vertex 11.780270 6.620690 5.984357
vertex 11.865328 7.448276 5.522715
endloop
endfacet
facet normal 0.065122 0.413533 0.908157
outer loop
vertex 10.808675 6.620690 5.975329
vertex 11.865328 7.448276 5.522715
vertex 10.901593 7.448276 5.591822
endloop
endfacet
facet normal 0.128186 0.327488 0.936120
outer loop
vertex 11.780270 6.620690 5.984357
vertex 12.742922 6.620690 5.852537
vertex 12.831125 7.448276 5.550940
endloop
endfacet
facet normal -0.025482 0.488989 0.871918
outer loop
vertex 11.780270 6.620690 5.984357
vertex 12.831125 7.448276 5.550940
vertex 11.865328 7.448276 5.522715
endloop
endfacet
facet normal 0.055427 0.122299 0.990944
outer loop
vertex 12.742922 6.620690 5.852537
vertex 13.713042 6.620690 5.798275
vertex 13.786982 7.448276 5.692002
endloop
endfacet
facet normal -0.136650 0.352014 0.925966
outer loop
vertex 12.742922 6.620690 5.852537
vertex 13.786982 7.448276 5.692002
vertex 12.831125 7.448276 5.550940
endloop
endfacet
facet normal 0.003060 0.099777 0.995005
outer loop
vertex 13.713042 6.620690 5.798275
vertex 14.684673 6.620690 5.795287
vertex 14.752983 7.448276 5.712088
endloop
endfacet
facet normal -0.020615 0.129152 0.991410
outer loop
vertex 13.713042 6.620690 5.798275
vertex 14.752983 7.448276 5.712088
vertex 13.786982 7.448276 5.692002
endloop
endfacet
facet normal 0.362442 0.062860 0.929884
outer loop
vertex 14.684673 6.620690 5.795287
vertex 15.589973 6.620690 5.442428
vertex 15.653439 7.448276 5.361745
endloop
endfacet
facet normal 0.361860 0.063632 0.930058
outer loop
vertex 14.684673 6.620690 5.795287
vertex 15.653439 7.448276 5.361745
vertex 14.752983 7.448276 5.712088
endloop
endfacet
facet normal 0.435619 0.151283 0.887327
outer loop
vertex 15.589973 6.620690 5.442428
vertex 16.462170 6.620690 5.014236
vertex 16.481396 7.448276 4.863700
endloop
endfacet
facet normal 0.514964 0.043968 0.856083
outer loop
vertex 15.589973 6.620690 5.442428
vertex 16.481396 7.448276 4.863700
vertex 15.653439 7.448276 5.361745
endloop
endfacet
facet normal 0.381904 0.291227 0.877118
outer loop
vertex 16.462170 6.620690 5.014236
vertex 17.353025 6.620690 4.626351
vertex 17.311693 7.448276 4.369566
endloop
endfacet
facet normal 0.506163 0.142947 0.850509
outer loop
vertex 16.462170 6.620690 5.014236
vertex 17.311693 7.448276 4.369566
vertex 16.481396 7.448276 4.863700
endloop
endfacet
facet normal 0.361618 0.402051 0.841182
outer loop
vertex 17.353025 6.620690 4.626351
vertex 18.245671 6.620690 4.242609
vertex 18.149557 7.448276 3.888375
endloop
endfacet
facet normal 0.477806 0.282008 0.831969
outer loop
vertex 17.353025 6.620690 4.626351
vertex 18.149557 7.448276 3.888375
vertex 17.311693 7.448276 4.369566
endloop
endfacet
facet normal 0.354914 0.464045 0.811603
outer loop
vertex 18.245671 6.620690 4.242609
vertex 19.135908 6.620690 3.853308
vertex 19.004227 7.448276 3.437709
endloop
endfacet
facet normal 0.428057 0.397188 0.811794
outer loop
vertex 18.245671 6.620690 4.242609
vertex 19.004227 7.448276 3.437709
vertex 18.149557 7.448276 3.888375
endloop
endfacet
facet normal 0.387991 0.480637 0.786417
outer loop
vertex 19.135908 6.620690 3.853308
vertex 20.007266 6.620690 3.423410
vertex 19.860469 7.448276 2.990036
endloop
endfacet
facet normal 0.411283 0.460479 0.786642
outer loop
vertex 19.135908 6.620690 3.853308
vertex 19.860469 7.448276 2.990036
vertex 19.004227 7.448276 3.437709
endloop
endfacet
facet normal 0.601389 0.298336 0.741165
outer loop
vertex 20.007266 6.620690 3.423410
vertex 20.761768 6.620690 2.811199
vertex 20.706336 7.448276 2.523055
endloop
endfacet
facet normal 0.424527 0.477980 0.768968
outer loop
vertex 20.007266 6.620690 3.423410
vertex 20.706336 7.448276 2.523055
vertex 19.860469 7.448276 2.990036
endloop
endfacet
facet normal 0.734157 0.049215 0.677194
outer loop
vertex 20.761768 6.620690 2.811199
vertex 21.420553 6.620690 2.097001
vertex 21.491493 7.448276 1.959949
endloop
endfacet
facet normal 0.554754 0.306475 0.773512
outer loop
vertex 20.761768 6.620690 2.811199
vertex 21.491493 7.448276 1.959949
vertex 20.706336 7.448276 2.523055
endloop
endfacet
facet normal 0.689937 0.170689 0.703457
outer loop
vertex 21.420553 6.620690 2.097001
vertex 22.114237 6.620690 1.416649
vertex 22.111294 7.448276 1.218727
endloop
endfacet
facet normal 0.766516 0.040439 0.640951
outer loop
vertex 21.420553 6.620690 2.097001
vertex 22.111294 7.448276 1.218727
vertex 21.491493 7.448276 1.959949
endloop
endfacet
facet normal 0.558995 0.486962 0.671113
outer loop
vertex 22.114237 6.620690 1.416649
vertex 22.860814 6.620690 0.794797
vertex 22.618347 7.448276 0.396257
endloop
endfacet
facet normal 0.844289 0.127484 0.520504
outer loop
vertex 22.114237 6.620690 1.416649
vertex 22.618347 7.448276 0.396257
vertex 22.111294 7.448276 1.218727
endloop
endfacet
facet normal 0.756117 0.049431 0.652567
outer loop
vertex 22.860814 6.620690 0.794797
vertex 23.495648 6.620690 0.059227
vertex 23.497186 7.448276 -0.005244
endloop
endfacet
facet normal 0.362599 0.488450 0.793687
outer loop
vertex 22.860814 6.620690 0.794797
vertex 23.497186 7.448276 -0.005244
vertex 22.618347 7.448276 0.396257
endloop
endfacet
facet normal -0.645186 0.602661 0.469610
outer loop
vertex 0.940529 7.448276 0.221283
vertex 1.509130 7.448276 1.002471
vertex 1.848641 8.275862 0.406857
endloop
endfacet
facet normal -0.629128 0.549309 0.549961
outer loop
vertex 1.509130 7.448276 1.002471
vertex 2.145039 7.448276 1.729919
vertex 2.400800 8.275862 1.195892
endloop
endfacet
facet normal -0.655842 0.599362 0.458952
outer loop
vertex 1.509130 7.448276 1.002471
vertex 2.400800 8.275862 1.195892
vertex 1.848641 8.275862 0.406857
endloop
endfacet
facet normal -0.542206 0.560538 0.625947
outer loop
vertex 2.145039 7.448276 1.729919
vertex 2.875355 7.448276 2.362532
vertex 3.121518 8.275862 1.834657
endloop
endfacet
facet normal -0.546466 0.566750 0.616578
outer loop
vertex 2.145039 7.448276 1.729919
vertex 3.121518 8.275862 1.834657
vertex 2.400800 8.275862 1.195892
endloop
endfacet
facet normal -0.443390 0.471030 0.762585
outer loop
vertex 2.875355 7.448276 2.362532
vertex 3.710638 7.448276 2.848191
vertex 3.876004 8.275862 2.433160
endloop
endfacet
facet normal -0.512817 0.564886 0.646469
outer loop
vertex 2.875355 7.448276 2.362532
vertex 3.876004 8.275862 2.433160
vertex 3.121518 8.275862 1.834657
endloop
endfacet
facet normal -0.420521 0.309466 0.852873
outer loop
vertex 3.710638 7.448276 2.848191
vertex 4.577233 7.448276 3.275478
vertex 4.647357 8.275862 3.009762
endloop
endfacet
facet normal -0.530917 0.462267 0.710237
outer loop
vertex 3.710638 7.448276 2.848191
vertex 4.647357 8.275862 3.009762
vertex 3.876004 8.275862 2.433160
endloop
endfacet
facet normal -0.420281 0.300547 0.856175
outer loop
vertex 4.577233 7.448276 3.275478
vertex 5.444577 7.448276 3.701242
vertex 5.508017 8.275862 3.441872
endloop
endfacet
facet normal -0.426726 0.309050 0.849937
outer loop
vertex 4.577233 7.448276 3.275478
vertex 5.508017 8.275862 3.441872
vertex 4.647357 8.275862 3.009762
endloop
endfacet
facet normal -0.338769 0.454110 0.824027
outer loop
vertex 5.444577 7.448276 3.701242
vertex 6.338215 7.448276 4.068629
vertex 6.446691 8.275862 3.657153
endloop
endfacet
facet normal -0.212745 0.307028 0.927617
outer loop
vertex 5.444577 7.448276 3.701242
vertex 6.446691 8.275862 3.657153
vertex 5.508017 8.275862 3.441872
endloop
endfacet
facet normal -0.275269 0.500973 0.820520
outer loop
vertex 6.338215 7.448276 4.068629
vertex 7.254250 7.448276 4.375941
vertex 7.375581 8.275862 3.911358
endloop
endfacet
facet normal -0.234747 0.457263 0.857790
outer loop
vertex 6.338215 7.448276 4.068629
vertex 7.375581 8.275862 3.911358
vertex 6.446691 8.275862 3.657153
endloop
endfacet
facet normal -0.308338 0.439196 0.843822
outer loop
vertex 7.254250 7.448276 4.375941
vertex 8.161770 7.448276 4.707555
vertex 8.252295 8.275862 4.309888
endloop
endfacet
facet normal -0.359254 0.496328 0.790313
outer loop
vertex 7.254250 7.448276 4.375941
vertex 8.252295 8.275862 4.309888
vertex 7.375581 8.275862 3.911358
endloop
endfacet
facet normal -0.352032 0.375469 0.857378
outer loop
vertex 8.161770 7.448276 4.707555
vertex 9.055572 7.448276 5.074542
vertex 9.115569 8.275862 4.736754
endloop
endfacet
facet normal -0.399718 0.432157 0.808372
outer loop
vertex 8.161770 7.448276 4.707555
vertex 9.115569 8.275862 4.736754
vertex 8.252295 8.275862 4.309888
endloop
endfacet
facet normal -0.360517 0.373191 0.854843
outer loop
vertex 9.055572 7.448276 5.074542
vertex 9.945848 7.448276 5.450002
vertex 10.002283 8.275862 5.112512
endloop
endfacet
facet normal -0.361757 0.374663 0.853674
outer loop
vertex 9.055572 7.448276 5.074542
vertex 10.002283 8.275862 5.112512
vertex 9.115569 8.275862 4.736754
endloop
endfacet
facet normal -0.127699 0.493039 0.860584
outer loop
vertex 9.945848 7.448276 5.450002
vertex 10.901593 7.448276 5.591822
vertex 10.965217 8.275862 5.127129
endloop
endfacet
facet normal -0.014050 0.378394 0.925538
outer loop
vertex 9.945848 7.448276 5.450002
vertex 10.965217 8.275862 5.127129
vertex 10.002283 8.275862 5.112512
endloop
endfacet
facet normal 0.062987 0.473778 0.878389
outer loop
vertex 10.901593 7.448276 5.591822
vertex 11.865328 7.448276 5.522715
vertex 11.926679 8.275862 5.071940
endloop
endfacet
facet normal 0.050083 0.486057 0.872491
outer loop
vertex 10.901593 7.448276 5.591822
vertex 11.926679 8.275862 5.071940
vertex 10.965217 8.275862 5.127129
endloop
endfacet
facet normal -0.025960 0.458537 0.888296
outer loop
vertex 11.865328 7.448276 5.522715
vertex 12.831125 7.448276 5.550940
vertex 12.888238 8.275862 5.125411
endloop
endfacet
facet normal -0.048692 0.480547 0.875616
outer loop
vertex 11.865328 7.448276 5.522715
vertex 12.888238 8.275862 5.125411
vertex 11.926679 8.275862 5.071940
endloop
endfacet
facet normal -0.136676 0.351531 0.926146
outer loop
vertex 12.831125 7.448276 5.550940
vertex 13.786982 7.448276 5.692002
vertex 13.816410 8.275862 5.382223
endloop
endfacet
facet normal -0.237174 0.457123 0.857197
outer loop
vertex 12.831125 7.448276 5.550940
vertex 13.816410 8.275862 5.382223
vertex 12.888238 8.275862 5.125411
endloop
endfacet
facet normal -0.020587 0.139193 0.990051
outer loop
vertex 13.786982 7.448276 5.692002
vertex 14.752983 7.448276 5.712088
vertex 14.755476 8.275862 5.595788
endloop
endfacet
facet normal -0.207785 0.349382 0.913651
outer loop
vertex 13.786982 7.448276 5.692002
vertex 14.755476 8.275862 5.595788
vertex 13.816410 8.275862 5.382223
endloop
endfacet
facet normal 0.361917 0.061125 0.930204
outer loop
vertex 14.752983 7.448276 5.712088
vertex 15.653439 7.448276 5.361745
vertex 15.672016 8.275862 5.300136
endloop
endfacet
facet normal 0.304324 0.131663 0.943426
outer loop
vertex 14.752983 7.448276 5.712088
vertex 15.672016 8.275862 5.300136
vertex 14.755476 8.275862 5.595788
endloop
endfacet
facet normal 0.515010 0.041916 0.856159
outer loop
vertex 15.653439 7.448276 5.361745
vertex 16.481396 7.448276 4.863700
vertex 16.501609 8.275862 4.811024
endloop
endfacet
facet normal 0.507177 0.052655 0.860232
outer loop
vertex 15.653439 7.448276 5.361745
vertex 16.501609 8.275862 4.811024
vertex 15.672016 8.275862 5.300136
endloop
endfacet
facet normal 0.510276 0.066691 0.857421
outer loop
vertex 16.481396 7.448276 4.863700
vertex 17.311693 7.448276 4.369566
vertex 17.318574 8.275862 4.301100
endloop
endfacet
facet normal 0.529046 0.041029 0.847601
outer loop
vertex 16.481396 7.448276 4.863700
vertex 17.318574 8.275862 4.301100
vertex 16.501609 8.275862 4.811024
endloop
endfacet
facet normal 0.490505 0.173058 0.854081
outer loop
vertex 17.311693 7.448276 4.369566
vertex 18.149557 7.448276 3.888375
vertex 18.105524 8.275862 3.745973
endloop
endfacet
facet normal 0.575295 0.062686 0.815540
outer loop
vertex 17.311693 7.448276 4.369566
vertex 18.105524 8.275862 3.745973
vertex 17.318574 8.275862 4.301100
endloop
endfacet
facet normal 0.433797 0.367448 0.822680
outer loop
vertex 18.149557 7.448276 3.888375
vertex 19.004227 7.448276 3.437709
vertex 18.858129 8.275862 3.145107
endloop
endfacet
facet normal 0.615334 0.165358 0.770727
outer loop
vertex 18.149557 7.448276 3.888375
vertex 18.858129 8.275862 3.145107
vertex 18.105524 8.275862 3.745973
endloop
endfacet
facet normal 0.393480 0.527998 0.752590
outer loop
vertex 19.004227 7.448276 3.437709
vertex 19.860469 7.448276 2.990036
vertex 19.608334 8.275862 2.541247
endloop
endfacet
facet normal 0.584944 0.360197 0.726704
outer loop
vertex 19.004227 7.448276 3.437709
vertex 19.608334 8.275862 2.541247
vertex 18.858129 8.275862 3.145107
endloop
endfacet
facet normal 0.376379 0.627335 0.681754
outer loop
vertex 19.860469 7.448276 2.990036
vertex 20.706336 7.448276 2.523055
vertex 20.367446 8.275862 1.948621
endloop
endfacet
facet normal 0.524188 0.523818 0.671447
outer loop
vertex 19.860469 7.448276 2.990036
vertex 20.367446 8.275862 1.948621
vertex 19.608334 8.275862 2.541247
endloop
endfacet
facet normal 0.429423 0.676081 0.598758
outer loop
vertex 20.706336 7.448276 2.523055
vertex 21.491493 7.448276 1.959949
vertex 21.090810 8.275862 1.312854
endloop
endfacet
facet normal 0.517592 0.620715 0.588907
outer loop
vertex 20.706336 7.448276 2.523055
vertex 21.090810 8.275862 1.312854
vertex 20.367446 8.275862 1.948621
endloop
endfacet
facet normal 0.580593 0.653617 0.485485
outer loop
vertex 21.491493 7.448276 1.959949
vertex 22.111294 7.448276 1.218727
vertex 21.714505 8.275862 0.579055
endloop
endfacet
facet normal 0.573348 0.658629 0.487319
outer loop
vertex 21.491493 7.448276 1.959949
vertex 21.714505 8.275862 0.579055
vertex 21.090810 8.275862 1.312854
endloop
endfacet
facet normal 0.821043 0.263964 0.506173
outer loop
vertex 22.111294 7.448276 1.218727
vertex 22.618347 7.448276 0.396257
vertex 22.542640 8.275862 0.087480
endloop
endfacet
facet normal 0.377638 0.672794 0.636190
outer loop
vertex 22.111294 7.448276 1.218727
vertex 22.542640 8.275862 0.087480
vertex 21.714505 8.275862 0.579055
endloop
endfacet
facet normal -0.681258 0.555525 0.476738
outer loop
vertex 1.848641 8.275862 0.406857
vertex 2.400800 8.275862 1.195892
vertex 2.727045 9.103448 0.697740
endloop
endfacet
facet normal -0.555564 0.319928 0.767460
outer loop
vertex 1.848641 8.275862 0.406857
vertex 2.727045 9.103448 0.697740
vertex 1.938537 9.103448 0.126940
endloop
endfacet
facet normal -0.609053 0.396001 0.687195
outer loop
vertex 2.400800 8.275862 1.195892
vertex 3.121518 8.275862 1.834657
vertex 3.280410 9.103448 1.498578
endloop
endfacet
facet normal -0.684581 0.554606 0.473034
outer loop
vertex 2.400800 8.275862 1.195892
vertex 3.280410 9.103448 1.498578
vertex 2.727045 9.103448 0.697740
endloop
endfacet
facet normal -0.598053 0.271916 0.753919
outer loop
vertex 3.121518 8.275862 1.834657
vertex 3.876004 8.275862 2.433160
vertex 3.956715 9.103448 2.198698
endloop
endfacet
facet normal -0.663066 0.387413 0.640511
outer loop
vertex 3.121518 8.275862 1.834657
vertex 3.956715 9.103448 2.198698
vertex 3.280410 9.103448 1.498578
endloop
endfacet
facet normal -0.567536 0.318561 0.759224
outer loop
vertex 3.876004 8.275862 2.433160
vertex 4.647357 8.275862 3.009762
vertex 4.760808 9.103448 2.747324
endloop
endfacet
facet normal -0.541447 0.277629 0.793572
outer loop
vertex 3.876004 8.275862 2.433160
vertex 4.760808 9.103448 2.747324
vertex 3.956715 9.103448 2.198698
endloop
endfacet
facet normal -0.380968 0.528288 0.758798
outer loop
vertex 4.647357 8.275862 3.009762
vertex 5.508017 8.275862 3.441872
vertex 5.709192 9.103448 2.966696
endloop
endfacet
facet normal -0.213375 0.321775 0.922460
outer loop
vertex 4.647357 8.275862 3.009762
vertex 5.709192 9.103448 2.966696
vertex 4.760808 9.103448 2.747324
endloop
endfacet
facet normal -0.179332 0.597019 0.781926
outer loop
vertex 5.508017 8.275862 3.441872
vertex 6.446691 8.275862 3.657153
vertex 6.676242 9.103448 3.077919
endloop
endfacet
facet normal -0.098055 0.513351 0.852559
outer loop
vertex 5.508017 8.275862 3.441872
vertex 6.676242 9.103448 3.077919
vertex 5.709192 9.103448 2.966696
endloop
endfacet
facet normal -0.233137 0.468940 0.851905
outer loop
vertex 6.446691 8.275862 3.657153
vertex 7.375581 8.275862 3.911358
vertex 7.551489 9.103448 3.503944
endloop
endfacet
facet normal -0.350006 0.600364 0.719068
outer loop
vertex 6.446691 8.275862 3.657153
vertex 7.551489 9.103448 3.503944
vertex 6.676242 9.103448 3.077919
endloop
endfacet
facet normal -0.386374 0.358134 0.849973
outer loop
vertex 7.375581 8.275862 3.911358
vertex 8.252295 8.275862 4.309888
vertex 8.377927 9.103448 4.018295
endloop
endfacet
facet normal -0.466822 0.468479 0.750070
outer loop
vertex 7.375581 8.275862 3.911358
vertex 8.377927 9.103448 4.018295
vertex 7.551489 9.103448 3.503944
endloop
endfacet
facet normal -0.427178 0.266809 0.863905
outer loop
vertex 8.252295 8.275862 4.309888
vertex 9.115569 8.275862 4.736754
vertex 9.207949 9.103448 4.526841
endloop
endfacet
facet normal -0.488401 0.355008 0.797141
outer loop
vertex 8.252295 8.275862 4.309888
vertex 9.207949 9.103448 4.526841
vertex 8.377927 9.103448 4.018295
endloop
endfacet
facet normal -0.332856 0.521764 0.785474
outer loop
vertex 9.115569 8.275862 4.736754
vertex 10.002283 8.275862 5.112512
vertex 10.175227 9.103448 4.636062
endloop
endfacet
facet normal -0.108470 0.255767 0.960634
outer loop
vertex 9.115569 8.275862 4.736754
vertex 10.175227 9.103448 4.636062
vertex 9.207949 9.103448 4.526841
endloop
endfacet
facet normal -0.012790 0.538524 0.842513
outer loop
vertex 10.002283 8.275862 5.112512
vertex 10.965217 8.275862 5.127129
vertex 11.148017 9.103448 4.600921
endloop
endfacet
facet normal 0.031393 0.493752 0.869036
outer loop
vertex 10.002283 8.275862 5.112512
vertex 11.148017 9.103448 4.600921
vertex 10.175227 9.103448 4.636062
endloop
endfacet
facet normal 0.049258 0.511058 0.858134
outer loop
vertex 10.965217 8.275862 5.127129
vertex 11.926679 8.275862 5.071940
vertex 12.120883 9.103448 4.567927
endloop
endfacet
facet normal 0.028705 0.531814 0.846375
outer loop
vertex 10.965217 8.275862 5.127129
vertex 12.120883 9.103448 4.567927
vertex 11.148017 9.103448 4.600921
endloop
endfacet
facet normal -0.050618 0.410948 0.910252
outer loop
vertex 11.926679 8.275862 5.071940
vertex 12.888238 8.275862 5.125411
vertex 13.074734 9.103448 4.762155
endloop
endfacet
facet normal -0.167785 0.541195 0.823988
outer loop
vertex 11.926679 8.275862 5.071940
vertex 13.074734 9.103448 4.762155
vertex 12.120883 9.103448 4.567927
endloop
endfacet
facet normal -0.252030 0.326748 0.910888
outer loop
vertex 12.888238 8.275862 5.125411
vertex 13.816410 8.275862 5.382223
vertex 13.976161 9.103448 5.129557
endloop
endfacet
facet normal -0.338727 0.441118 0.831071
outer loop
vertex 12.888238 8.275862 5.125411
vertex 13.976161 9.103448 5.129557
vertex 13.074734 9.103448 4.762155
endloop
endfacet
facet normal -0.215293 0.239732 0.946667
outer loop
vertex 13.816410 8.275862 5.382223
vertex 14.755476 8.275862 5.595788
vertex 14.905166 9.103448 5.420255
endloop
endfacet
facet normal -0.281954 0.329525 0.901063
outer loop
vertex 13.816410 8.275862 5.382223
vertex 14.905166 9.103448 5.420255
vertex 13.976161 9.103448 5.129557
endloop
endfacet
facet normal 0.301551 0.187507 0.934830
outer loop
vertex 14.755476 8.275862 5.595788
vertex 15.672016 8.275862 5.300136
vertex 15.819599 9.103448 5.086534
endloop
endfacet
facet normal 0.339648 0.135964 0.930674
outer loop
vertex 14.755476 8.275862 5.595788
vertex 15.819599 9.103448 5.086534
vertex 14.905166 9.103448 5.420255
endloop
endfacet
facet normal 0.504950 0.107285 0.856455
outer loop
vertex 15.672016 8.275862 5.300136
vertex 16.501609 8.275862 4.811024
vertex 16.667989 9.103448 4.609261
endloop
endfacet
facet normal 0.485732 0.136232 0.863426
outer loop
vertex 15.672016 8.275862 5.300136
vertex 16.667989 9.103448 4.609261
vertex 15.819599 9.103448 5.086534
endloop
endfacet
facet normal 0.525929 0.115811 0.842607
outer loop
vertex 16.501609 8.275862 4.811024
vertex 17.318574 8.275862 4.301100
vertex 17.486570 9.103448 4.082497
endloop
endfacet
facet normal 0.538657 0.095781 0.837063
outer loop
vertex 16.501609 8.275862 4.811024
vertex 17.486570 9.103448 4.082497
vertex 16.667989 9.103448 4.609261
endloop
endfacet
facet normal 0.571211 0.134251 0.809750
outer loop
vertex 17.318574 8.275862 4.301100
vertex 18.105524 8.275862 3.745973
vertex 18.264135 9.103448 3.496878
endloop
endfacet
facet normal 0.599244 0.088526 0.795657
outer loop
vertex 17.318574 8.275862 4.301100
vertex 18.264135 9.103448 3.496878
vertex 17.486570 9.103448 4.082497
endloop
endfacet
facet normal 0.609214 0.215863 0.763061
outer loop
vertex 18.105524 8.275862 3.745973
vertex 18.858129 8.275862 3.145107
vertex 18.967349 9.103448 2.823791
endloop
endfacet
facet normal 0.688984 0.084611 0.719821
outer loop
vertex 18.105524 8.275862 3.745973
vertex 18.967349 9.103448 2.823791
vertex 18.264135 9.103448 3.496878
endloop
endfacet
facet normal 0.571586 0.411139 0.710109
outer loop
vertex 18.858129 8.275862 3.145107
vertex 19.608334 8.275862 2.541247
vertex 19.590791 9.103448 2.076212
endloop
endfacet
facet normal 0.759789 0.145737 0.633625
outer loop
vertex 18.858129 8.275862 3.145107
vertex 19.590791 9.103448 2.076212
vertex 18.967349 9.103448 2.823791
endloop
endfacet
facet normal 0.484520 0.616485 0.620635
outer loop
vertex 19.608334 8.275862 2.541247
vertex 20.367446 8.275862 1.948621
vertex 20.161306 9.103448 1.287498
endloop
endfacet
facet normal 0.765587 0.327411 0.553786
outer loop
vertex 19.608334 8.275862 2.541247
vertex 20.161306 9.103448 1.287498
vertex 19.590791 9.103448 2.076212
endloop
endfacet
facet normal 0.450199 0.731398 0.512228
outer loop
vertex 20.367446 8.275862 1.948621
vertex 21.090810 8.275862 1.312854
vertex 20.698658 9.103448 0.475828
endloop
endfacet
facet normal 0.699540 0.544210 0.463118
outer loop
vertex 20.367446 8.275862 1.948621
vertex 20.698658 9.103448 0.475828
vertex 20.161306 9.103448 1.287498
endloop
endfacet
facet normal 0.657013 0.506448 0.558430
outer loop
vertex 21.090810 8.275862 1.312854
vertex 21.714505 8.275862 0.579055
vertex 21.556054 9.103448 0.014929
endloop
endfacet
facet normal 0.316098 0.744518 0.588027
outer loop
vertex 21.090810 8.275862 1.312854
vertex 21.556054 9.103448 0.014929
vertex 20.698658 9.103448 0.475828
endloop
endfacet
facet normal -0.535031 0.409243 0.739096
outer loop
vertex 1.938537 9.103448 0.126940
vertex 2.727045 9.103448 0.697740
vertex 2.872843 9.931034 0.345043
endloop
endfacet
facet normal -0.709174 0.506898 0.490027
outer loop
vertex 2.727045 9.103448 0.697740
vertex 3.280410 9.103448 1.498578
vertex 3.557510 9.931034 1.043521
endloop
endfacet
facet normal -0.657442 0.390469 0.644441
outer loop
vertex 2.727045 9.103448 0.697740
vertex 3.557510 9.931034 1.043521
vertex 2.872843 9.931034 0.345043
endloop
endfacet
facet normal -0.642339 0.449882 0.620489
outer loop
vertex 3.280410 9.103448 1.498578
vertex 3.956715 9.103448 2.198698
vertex 4.162692 9.931034 1.811893
endloop
endfacet
facet normal -0.672669 0.516548 0.529806
outer loop
vertex 3.280410 9.103448 1.498578
vertex 4.162692 9.931034 1.811893
vertex 3.557510 9.931034 1.043521
endloop
endfacet
facet normal -0.467431 0.558713 0.685090
outer loop
vertex 3.956715 9.103448 2.198698
vertex 4.760808 9.103448 2.747324
vertex 5.033038 9.931034 2.258142
endloop
endfacet
facet normal -0.403219 0.467924 0.786423
outer loop
vertex 3.956715 9.103448 2.198698
vertex 5.033038 9.931034 2.258142
vertex 4.162692 9.931034 1.811893
endloop
endfacet
facet normal -0.174346 0.633638 0.753728
outer loop
vertex 4.760808 9.103448 2.747324
vertex 5.709192 9.103448 2.966696
vertex 6.007686 9.931034 2.340012
endloop
endfacet
facet normal -0.071251 0.524820 0.848226
outer loop
vertex 4.760808 9.103448 2.747324
vertex 6.007686 9.931034 2.340012
vertex 5.033038 9.931034 2.258142
endloop
endfacet
facet normal -0.097002 0.528456 0.843401
outer loop
vertex 5.709192 9.103448 2.966696
vertex 6.676242 9.103448 3.077919
vertex 6.952961 9.931034 2.591199
endloop
endfacet
facet normal -0.198152 0.636141 0.745694
outer loop
vertex 5.709192 9.103448 2.966696
vertex 6.952961 9.931034 2.591199
vertex 6.007686 9.931034 2.340012
endloop
endfacet
facet normal -0.402767 0.391256 0.827464
outer loop
vertex 6.676242 9.103448 3.077919
vertex 7.551489 9.103448 3.503944
vertex 7.721947 9.931034 3.195601
endloop
endfacet
facet normal -0.513606 0.556050 0.653465
outer loop
vertex 6.676242 9.103448 3.077919
vertex 7.721947 9.931034 3.195601
vertex 6.952961 9.931034 2.591199
endloop
endfacet
facet normal -0.510027 0.261357 0.819491
outer loop
vertex 7.551489 9.103448 3.503944
vertex 8.377927 9.103448 4.018295
vertex 8.477710 9.931034 3.816458
endloop
endfacet
facet normal -0.585532 0.386164 0.712762
outer loop
vertex 7.551489 9.103448 3.503944
vertex 8.477710 9.931034 3.816458
vertex 7.721947 9.931034 3.195601
endloop
endfacet
facet normal -0.477112 0.407387 0.778717
outer loop
vertex 8.377927 9.103448 4.018295
vertex 9.207949 9.103448 4.526841
vertex 9.378214 9.931034 4.198207
endloop
endfacet
facet normal -0.376660 0.262107 0.888497
outer loop
vertex 8.377927 9.103448 4.018295
vertex 9.378214 9.931034 4.198207
vertex 8.477710 9.931034 3.816458
endloop
endfacet
facet normal -0.089781 0.599775 0.795116
outer loop
vertex 9.207949 9.103448 4.526841
vertex 10.175227 9.103448 4.636062
vertex 10.341827 9.931034 4.030605
endloop
endfacet
facet normal 0.161435 0.335357 0.928156
outer loop
vertex 9.207949 9.103448 4.526841
vertex 10.341827 9.931034 4.030605
vertex 9.378214 9.931034 4.198207
endloop
endfacet
facet normal 0.027082 0.661228 0.749696
outer loop
vertex 10.175227 9.103448 4.636062
vertex 11.148017 9.103448 4.600921
vertex 11.305835 9.931034 3.865293
endloop
endfacet
facet normal 0.139307 0.566273 0.812360
outer loop
vertex 10.175227 9.103448 4.636062
vertex 11.305835 9.931034 3.865293
vertex 10.341827 9.931034 4.030605
endloop
endfacet
facet normal 0.023494 0.720815 0.692729
outer loop
vertex 11.148017 9.103448 4.600921
vertex 12.120883 9.103448 4.567927
vertex 12.270141 9.931034 3.701724
endloop
endfacet
facet normal 0.127770 0.645195 0.753259
outer loop
vertex 11.148017 9.103448 4.600921
vertex 12.270141 9.931034 3.701724
vertex 11.305835 9.931034 3.865293
endloop
endfacet
facet normal -0.165254 0.560409 0.811562
outer loop
vertex 12.120883 9.103448 4.567927
vertex 13.074734 9.103448 4.762155
vertex 13.112719 9.931034 4.198415
endloop
endfacet
facet normal -0.360299 0.704707 0.611206
outer loop
vertex 12.120883 9.103448 4.567927
vertex 13.112719 9.931034 4.198415
vertex 12.270141 9.931034 3.701724
endloop
endfacet
facet normal -0.345695 0.401380 0.848168
outer loop
vertex 13.074734 9.103448 4.762155
vertex 13.976161 9.103448 5.129557
vertex 13.938496 9.931034 4.722565
endloop
endfacet
facet normal -0.459587 0.514313 0.724059
outer loop
vertex 13.074734 9.103448 4.762155
vertex 13.938496 9.931034 4.722565
vertex 13.112719 9.931034 4.198415
endloop
endfacet
facet normal -0.284458 0.304444 0.909064
outer loop
vertex 13.976161 9.103448 5.129557
vertex 14.905166 9.103448 5.420255
vertex 14.832086 9.931034 5.120230
endloop
endfacet
facet normal -0.373402 0.395645 0.839069
outer loop
vertex 13.976161 9.103448 5.129557
vertex 14.832086 9.931034 5.120230
vertex 13.938496 9.931034 4.722565
endloop
endfacet
facet normal 0.342482 0.045113 0.938441
outer loop
vertex 14.905166 9.103448 5.420255
vertex 15.819599 9.103448 5.086534
vertex 15.807719 9.931034 5.051086
endloop
endfacet
facet normal 0.066347 0.345246 0.936164
outer loop
vertex 14.905166 9.103448 5.420255
vertex 15.807719 9.931034 5.051086
vertex 14.832086 9.931034 5.120230
endloop
endfacet
facet normal 0.490041 -0.032713 0.871085
outer loop
vertex 15.819599 9.103448 5.086534
vertex 16.667989 9.103448 4.609261
vertex 16.689636 9.931034 4.628162
endloop
endfacet
facet normal 0.431968 0.044784 0.900777
outer loop
vertex 15.819599 9.103448 5.086534
vertex 16.689636 9.931034 4.628162
vertex 15.807719 9.931034 5.051086
endloop
endfacet
facet normal 0.540542 -0.047221 0.839991
outer loop
vertex 16.667989 9.103448 4.609261
vertex 17.486570 9.103448 4.082497
vertex 17.518305 9.931034 4.108598
endloop
endfacet
facet normal 0.530915 -0.033227 0.846774
outer loop
vertex 16.667989 9.103448 4.609261
vertex 17.518305 9.931034 4.108598
vertex 16.689636 9.931034 4.628162
endloop
endfacet
facet normal 0.601605 0.001392 0.798792
outer loop
vertex 17.486570 9.103448 4.082497
vertex 18.264135 9.103448 3.496878
vertex 18.274177 9.931034 3.487874
endloop
endfacet
facet normal 0.633884 -0.048653 0.771896
outer loop
vertex 17.486570 9.103448 4.082497
vertex 18.274177 9.931034 3.487874
vertex 17.518305 9.931034 4.108598
endloop
endfacet
facet normal 0.690257 -0.059048 0.721151
outer loop
vertex 18.264135 9.103448 3.496878
vertex 18.967349 9.103448 2.823791
vertex 19.013429 9.931034 2.847447
endloop
endfacet
facet normal 0.654779 0.000279 0.755820
outer loop
vertex 18.264135 9.103448 3.496878
vertex 19.013429 9.931034 2.847447
vertex 18.274177 9.931034 3.487874
endloop
endfacet
facet normal 0.766347 -0.065351 0.639094
outer loop
vertex 18.967349 9.103448 2.823791
vertex 19.590791 9.103448 2.076212
vertex 19.642659 9.931034 2.098642
endloop
endfacet
facet normal 0.764166 -0.060904 0.642138
outer loop
vertex 18.967349 9.103448 2.823791
vertex 19.642659 9.931034 2.098642
vertex 19.013429 9.931034 2.847447
endloop
endfacet
facet normal 0.809800 -0.033184 0.585767
outer loop
vertex 19.590791 9.103448 2.076212
vertex 20.161306 9.103448 1.287498
vertex 20.193233 9.931034 1.290243
endloop
endfacet
facet normal 0.824664 -0.066907 0.561652
outer loop
vertex 19.590791 9.103448 2.076212
vertex 20.193233 9.931034 1.290243
vertex 19.642659 9.931034 2.098642
endloop
endfacet
facet normal 0.833767 0.012292 0.551980
outer loop
vertex 20.161306 9.103448 1.287498
vertex 20.698658 9.103448 0.475828
vertex 20.700796 9.931034 0.454168
endloop
endfacet
facet normal 0.854298 -0.034678 0.518626
outer loop
vertex 20.161306 9.103448 1.287498
vertex 20.700796 9.931034 0.454168
vertex 20.193233 9.931034 1.290243
endloop
endfacet
facet normal -0.598698 0.545122 0.586859
outer loop
vertex 2.872843 9.931034 0.345043
vertex 3.557510 9.931034 1.043521
vertex 3.774442 10.758621 0.496100
endloop
endfacet
facet normal -0.587704 0.663581 0.462886
outer loop
vertex 3.557510 9.931034 1.043521
vertex 4.162692 9.931034 1.811893
vertex 4.538595 10.758621 1.102753
endloop
endfacet
facet normal -0.513911 0.562899 0.647333
outer loop
vertex 3.557510 9.931034 1.043521
vertex 4.538595 10.758621 1.102753
vertex 3.774442 10.758621 0.496100
endloop
endfacet
facet normal -0.299281 0.754798 0.583705
outer loop
vertex 4.162692 9.931034 1.811893
vertex 5.033038 9.931034 2.258142
vertex 5.464846 10.758621 1.409377
endloop
endfacet
facet normal -0.227137 0.691104 0.686137
outer loop
vertex 4.162692 9.931034 1.811893
vertex 5.464846 10.758621 1.409377
vertex 4.538595 10.758621 1.102753
endloop
endfacet
facet normal -0.063989 0.644680 0.761770
outer loop
vertex 5.033038 9.931034 2.258142
vertex 6.007686 9.931034 2.340012
vertex 6.404256 10.758621 1.672944
endloop
endfacet
facet normal -0.179165 0.748407 0.638582
outer loop
vertex 5.033038 9.931034 2.258142
vertex 6.404256 10.758621 1.672944
vertex 5.464846 10.758621 1.409377
endloop
endfacet
facet normal -0.243763 0.314758 0.917337
outer loop
vertex 6.007686 9.931034 2.340012
vertex 6.952961 9.931034 2.591199
vertex 7.108235 10.758621 2.348497
endloop
endfacet
facet normal -0.511238 0.674398 0.532750
outer loop
vertex 6.007686 9.931034 2.340012
vertex 7.108235 10.758621 2.348497
vertex 6.404256 10.758621 1.672944
endloop
endfacet
facet normal -0.612166 0.136469 0.778864
outer loop
vertex 6.952961 9.931034 2.591199
vertex 7.721947 9.931034 3.195601
vertex 7.756458 10.758621 3.077719
endloop
endfacet
facet normal -0.708673 0.317707 0.629956
outer loop
vertex 6.952961 9.931034 2.591199
vertex 7.756458 10.758621 3.077719
vertex 7.108235 10.758621 2.348497
endloop
endfacet
facet normal -0.628097 0.144629 0.764576
outer loop
vertex 7.721947 9.931034 3.195601
vertex 8.477710 9.931034 3.816458
vertex 8.515404 10.758621 3.690875
endloop
endfacet
facet normal -0.622621 0.135737 0.770662
outer loop
vertex 7.721947 9.931034 3.195601
vertex 8.515404 10.758621 3.690875
vertex 7.756458 10.758621 3.077719
endloop
endfacet
facet normal -0.339905 0.491512 0.801798
outer loop
vertex 8.477710 9.931034 3.816458
vertex 9.378214 9.931034 4.198207
vertex 9.489937 10.758621 3.738249
endloop
endfacet
facet normal -0.047991 0.151992 0.987216
outer loop
vertex 8.477710 9.931034 3.816458
vertex 9.489937 10.758621 3.738249
vertex 8.515404 10.758621 3.690875
endloop
endfacet
facet normal 0.136413 0.605207 0.784293
outer loop
vertex 9.378214 9.931034 4.198207
vertex 10.341827 9.931034 4.030605
vertex 10.398321 10.758621 3.382165
endloop
endfacet
facet normal 0.330528 0.424009 0.843189
outer loop
vertex 9.378214 9.931034 4.198207
vertex 10.398321 10.758621 3.382165
vertex 9.489937 10.758621 3.738249
endloop
endfacet
facet normal 0.139485 0.564741 0.813395
outer loop
vertex 10.341827 9.931034 4.030605
vertex 11.305835 9.931034 3.865293
vertex 11.368634 10.758621 3.279930
endloop
endfacet
facet normal 0.082940 0.611120 0.787181
outer loop
vertex 10.341827 9.931034 4.030605
vertex 11.368634 10.758621 3.279930
vertex 10.398321 10.758621 3.382165
endloop
endfacet
facet normal 0.138573 0.559819 0.816946
outer loop
vertex 11.305835 9.931034 3.865293
vertex 12.270141 9.931034 3.701724
vertex 12.331802 10.758621 3.124154
endloop
endfacet
facet normal 0.131649 0.565759 0.813993
outer loop
vertex 11.305835 9.931034 3.865293
vertex 12.331802 10.758621 3.124154
vertex 11.368634 10.758621 3.279930
endloop
endfacet
facet normal -0.441447 0.494297 0.748863
outer loop
vertex 12.270141 9.931034 3.701724
vertex 13.112719 9.931034 4.198415
vertex 13.141216 10.758621 3.668954
endloop
endfacet
facet normal -0.474446 0.527289 0.704889
outer loop
vertex 12.270141 9.931034 3.701724
vertex 13.141216 10.758621 3.668954
vertex 12.331802 10.758621 3.124154
endloop
endfacet
facet normal -0.492778 0.393002 0.776350
outer loop
vertex 13.112719 9.931034 4.198415
vertex 13.938496 9.931034 4.722565
vertex 13.901663 10.758621 4.280247
endloop
endfacet
facet normal -0.555819 0.461497 0.691437
outer loop
vertex 13.112719 9.931034 4.198415
vertex 13.901663 10.758621 4.280247
vertex 13.141216 10.758621 3.668954
endloop
endfacet
facet normal -0.375217 0.385111 0.843150
outer loop
vertex 13.938496 9.931034 4.722565
vertex 14.832086 9.931034 5.120230
vertex 14.774364 10.758621 4.716540
endloop
endfacet
facet normal -0.406530 0.416520 0.813169
outer loop
vertex 13.938496 9.931034 4.722565
vertex 14.774364 10.758621 4.716540
vertex 13.901663 10.758621 4.280247
endloop
endfacet
facet normal 0.068972 0.219388 0.973197
outer loop
vertex 14.832086 9.931034 5.120230
vertex 15.807719 9.931034 5.051086
vertex 15.737989 10.758621 4.869464
endloop
endfacet
facet normal -0.141804 0.425977 0.893552
outer loop
vertex 14.832086 9.931034 5.120230
vertex 15.737989 10.758621 4.869464
vertex 14.774364 10.758621 4.716540
endloop
endfacet
facet normal 0.427123 0.155779 0.890673
outer loop
vertex 15.807719 9.931034 5.051086
vertex 16.689636 9.931034 4.628162
vertex 16.643301 10.758621 4.505638
endloop
endfacet
facet normal 0.363001 0.228814 0.903258
outer loop
vertex 15.807719 9.931034 5.051086
vertex 16.643301 10.758621 4.505638
vertex 15.737989 10.758621 4.869464
endloop
endfacet
facet normal 0.526929 0.126677 0.840416
outer loop
vertex 16.689636 9.931034 4.628162
vertex 17.518305 9.931034 4.108598
vertex 17.481792 10.758621 4.006749
endloop
endfacet
facet normal 0.505223 0.154002 0.849137
outer loop
vertex 16.689636 9.931034 4.628162
vertex 17.481792 10.758621 4.006749
vertex 16.643301 10.758621 4.505638
endloop
endfacet
facet normal 0.634147 0.039240 0.772216
outer loop
vertex 17.518305 9.931034 4.108598
vertex 18.274177 9.931034 3.487874
vertex 18.277936 10.758621 3.442733
endloop
endfacet
facet normal 0.573543 0.124940 0.809592
outer loop
vertex 17.518305 9.931034 4.108598
vertex 18.277936 10.758621 3.442733
vertex 17.481792 10.758621 4.006749
endloop
endfacet
facet normal 0.654774 0.004153 0.755814
outer loop
vertex 18.274177 9.931034 3.487874
vertex 19.013429 9.931034 2.847447
vertex 19.033546 10.758621 2.825472
endloop
endfacet
facet normal 0.632155 0.039338 0.773843
outer loop
vertex 18.274177 9.931034 3.487874
vertex 19.033546 10.758621 2.825472
vertex 18.277936 10.758621 3.442733
endloop
endfacet
facet normal 0.765389 0.022733 0.643166
outer loop
vertex 19.013429 9.931034 2.847447
vertex 19.642659 9.931034 2.098642
vertex 19.645727 10.758621 2.065739
endloop
endfacet
facet normal 0.778665 -0.002267 0.627436
outer loop
vertex 19.013429 9.931034 2.847447
vertex 19.645727 10.758621 2.065739
vertex 19.033546 10.758621 2.825472
endloop
endfacet
facet normal 0.823680 0.082775 0.560981
outer loop
vertex 19.642659 9.931034 2.098642
vertex 20.193233 9.931034 1.290243
vertex 20.150547 10.758621 1.230805
endloop
endfacet
facet normal 0.855613 0.017396 0.517323
outer loop
vertex 19.642659 9.931034 2.098642
vertex 20.150547 10.758621 1.230805
vertex 19.645727 10.758621 2.065739
endloop
endfacet
facet normal 0.854811 0.000897 0.518938
outer loop
vertex 20.193233 9.931034 1.290243
vertex 20.700796 9.931034 0.454168
vertex 20.712609 10.758621 0.433280
endloop
endfacet
facet normal 0.814564 0.083244 0.574070
outer loop
vertex 20.193233 9.931034 1.290243
vertex 20.712609 10.758621 0.433280
vertex 20.150547 10.758621 1.230805
endloop
endfacet
facet normal -0.551849 0.460727 0.695121
outer loop
vertex 3.774442 10.758621 0.496100
vertex 4.538595 10.758621 1.102753
vertex 4.660148 11.586207 0.650728
endloop
endfacet
facet normal -0.291909 0.370427 0.881801
outer loop
vertex 4.538595 10.758621 1.102753
vertex 5.464846 10.758621 1.409377
vertex 5.536473 11.586207 1.085436
endloop
endfacet
facet normal -0.388625 0.484986 0.783428
outer loop
vertex 4.538595 10.758621 1.102753
vertex 5.536473 11.586207 1.085436
vertex 4.660148 11.586207 0.650728
endloop
endfacet
facet normal -0.269936 0.038494 0.962109
outer loop
vertex 5.464846 10.758621 1.409377
vertex 6.404256 10.758621 1.672944
vertex 6.352267 11.586207 1.625246
endloop
endfacet
facet normal -0.516830 0.350463 0.781065
outer loop
vertex 5.464846 10.758621 1.409377
vertex 6.352267 11.586207 1.625246
vertex 5.536473 11.586207 1.085436
endloop
endfacet
facet normal -0.691420 -0.052887 0.720514
outer loop
vertex 6.404256 10.758621 1.672944
vertex 7.108235 10.758621 2.348497
vertex 7.028165 11.586207 2.332407
endloop
endfacet
facet normal -0.722894 -0.005590 0.690936
outer loop
vertex 6.404256 10.758621 1.672944
vertex 7.028165 11.586207 2.332407
vertex 6.352267 11.586207 1.625246
endloop
endfacet
facet normal -0.747124 0.027008 0.664136
outer loop
vertex 7.108235 10.758621 2.348497
vertex 7.756458 10.758621 3.077719
vertex 7.729784 11.586207 3.014057
endloop
endfacet
facet normal -0.695832 -0.053398 0.716216
outer loop
vertex 7.108235 10.758621 2.348497
vertex 7.729784 11.586207 3.014057
vertex 7.028165 11.586207 2.332407
endloop
endfacet
facet normal -0.588299 0.351652 0.728179
outer loop
vertex 7.756458 10.758621 3.077719
vertex 8.515404 10.758621 3.690875
vertex 8.634082 11.586207 3.387097
endloop
endfacet
facet normal -0.380688 0.058720 0.922837
outer loop
vertex 7.756458 10.758621 3.077719
vertex 8.634082 11.586207 3.387097
vertex 7.729784 11.586207 3.014057
endloop
endfacet
facet normal -0.037434 0.636879 0.770054
outer loop
vertex 8.515404 10.758621 3.690875
vertex 9.489937 10.758621 3.738249
vertex 9.554905 11.586207 3.056946
endloop
endfacet
facet normal 0.323523 0.284821 0.902336
outer loop
vertex 8.515404 10.758621 3.690875
vertex 9.554905 11.586207 3.056946
vertex 8.634082 11.586207 3.387097
endloop
endfacet
facet normal 0.304999 0.549178 0.778062
outer loop
vertex 9.489937 10.758621 3.738249
vertex 10.398321 10.758621 3.382165
vertex 10.487891 11.586207 2.762920
endloop
endfacet
facet normal 0.239123 0.605879 0.758770
outer loop
vertex 9.489937 10.758621 3.738249
vertex 10.487891 11.586207 2.762920
vertex 9.554905 11.586207 3.056946
endloop
endfacet
facet normal 0.081586 0.627496 0.774333
outer loop
vertex 10.398321 10.758621 3.382165
vertex 11.368634 10.758621 3.279930
vertex 11.452524 11.586207 2.600440
endloop
endfacet
facet normal 0.134801 0.584243 0.800306
outer loop
vertex 10.398321 10.758621 3.382165
vertex 11.452524 11.586207 2.600440
vertex 10.487891 11.586207 2.762920
endloop
endfacet
facet normal 0.140410 0.476004 0.868162
outer loop
vertex 11.368634 10.758621 3.279930
vertex 12.331802 10.758621 3.124154
vertex 12.429241 11.586207 2.654638
endloop
endfacet
facet normal -0.042729 0.636569 0.770035
outer loop
vertex 11.368634 10.758621 3.279930
vertex 12.429241 11.586207 2.654638
vertex 11.452524 11.586207 2.600440
endloop
endfacet
facet normal -0.521680 0.356542 0.775066
outer loop
vertex 12.331802 10.758621 3.124154
vertex 13.141216 10.758621 3.668954
vertex 13.162253 11.586207 3.302411
endloop
endfacet
facet normal -0.591553 0.449418 0.669394
outer loop
vertex 12.331802 10.758621 3.124154
vertex 13.162253 11.586207 3.302411
vertex 12.429241 11.586207 2.654638
endloop
endfacet
facet normal -0.607414 0.245121 0.755621
outer loop
vertex 13.141216 10.758621 3.668954
vertex 13.901663 10.758621 4.280247
vertex 13.865320 11.586207 3.982566
endloop
endfacet
facet normal -0.659090 0.318502 0.681291
outer loop
vertex 13.141216 10.758621 3.668954
vertex 13.865320 11.586207 3.982566
vertex 13.162253 11.586207 3.302411
endloop
endfacet
facet normal -0.438316 0.197964 0.876749
outer loop
vertex 13.901663 10.758621 4.280247
vertex 14.774364 10.758621 4.716540
vertex 14.700088 11.586207 4.492544
endloop
endfacet
facet normal -0.501492 0.273246 0.820879
outer loop
vertex 13.901663 10.758621 4.280247
vertex 14.700088 11.586207 4.492544
vertex 13.865320 11.586207 3.982566
endloop
endfacet
facet normal -0.155602 0.120071 0.980495
outer loop
vertex 14.774364 10.758621 4.716540
vertex 15.737989 10.758621 4.869464
vertex 15.642986 11.586207 4.753041
endloop
endfacet
facet normal -0.259121 0.230601 0.937912
outer loop
vertex 14.774364 10.758621 4.716540
vertex 15.642986 11.586207 4.753041
vertex 14.700088 11.586207 4.492544
endloop
endfacet
facet normal 0.371620 0.082586 0.924704
outer loop
vertex 15.737989 10.758621 4.869464
vertex 16.643301 10.758621 4.505638
vertex 16.575907 11.586207 4.458809
endloop
endfacet
facet normal 0.296593 0.166342 0.940406
outer loop
vertex 15.737989 10.758621 4.869464
vertex 16.575907 11.586207 4.458809
vertex 15.642986 11.586207 4.753041
endloop
endfacet
facet normal 0.507387 0.123829 0.852775
outer loop
vertex 16.643301 10.758621 4.505638
vertex 17.481792 10.758621 4.006749
vertex 17.401611 11.586207 3.934283
endloop
endfacet
facet normal 0.533977 0.091048 0.840582
outer loop
vertex 16.643301 10.758621 4.505638
vertex 17.401611 11.586207 3.934283
vertex 16.575907 11.586207 4.458809
endloop
endfacet
facet normal 0.571525 0.150078 0.806744
outer loop
vertex 17.481792 10.758621 4.006749
vertex 18.277936 10.758621 3.442733
vertex 18.188010 11.586207 3.352483
endloop
endfacet
facet normal 0.589939 0.126979 0.797401
outer loop
vertex 17.481792 10.758621 4.006749
vertex 18.188010 11.586207 3.352483
vertex 17.401611 11.586207 3.934283
endloop
endfacet
facet normal 0.622710 0.176518 0.762282
outer loop
vertex 18.277936 10.758621 3.442733
vertex 19.033546 10.758621 2.825472
vertex 18.931716 11.586207 2.717017
endloop
endfacet
facet normal 0.642094 0.151718 0.751463
outer loop
vertex 18.277936 10.758621 3.442733
vertex 18.931716 11.586207 2.717017
vertex 18.188010 11.586207 3.352483
endloop
endfacet
facet normal 0.768971 0.157316 0.619625
outer loop
vertex 19.033546 10.758621 2.825472
vertex 19.645727 10.758621 2.065739
vertex 19.557485 11.586207 1.965134
endloop
endfacet
facet normal 0.756675 0.175634 0.629758
outer loop
vertex 19.033546 10.758621 2.825472
vertex 19.557485 11.586207 1.965134
vertex 18.931716 11.586207 2.717017
endloop
endfacet
facet normal 0.837875 0.203283 0.506598
outer loop
vertex 19.645727 10.758621 2.065739
vertex 20.150547 10.758621 1.230805
vertex 20.025228 11.586207 1.105988
endloop
endfacet
facet normal 0.868331 0.150055 0.472743
outer loop
vertex 19.645727 10.758621 2.065739
vertex 20.025228 11.586207 1.105988
vertex 19.557485 11.586207 1.965134
endloop
endfacet
facet normal 0.813655 0.095626 0.573429
outer loop
vertex 20.150547 10.758621 1.230805
vertex 20.712609 10.758621 0.433280
vertex 20.663615 11.586207 0.364789
endloop
endfacet
facet normal 0.741053 0.208479 0.638261
outer loop
vertex 20.150547 10.758621 1.230805
vertex 20.663615 11.586207 0.364789
vertex 20.025228 11.586207 1.105988
endloop
endfacet
facet normal -0.431904 -0.235340 0.870674
outer loop
vertex 4.660148 11.586207 0.650728
vertex 5.536473 11.586207 1.085436
vertex 5.457776 12.413793 1.270091
endloop
endfacet
facet normal -0.626680 0.020999 0.778994
outer loop
vertex 4.660148 11.586207 0.650728
vertex 5.457776 12.413793 1.270091
vertex 4.688856 12.413793 0.651514
endloop
endfacet
facet normal -0.527637 -0.292847 0.797396
outer loop
vertex 5.536473 11.586207 1.085436
vertex 6.352267 11.586207 1.625246
vertex 6.248512 12.413793 1.860526
endloop
endfacet
facet normal -0.582348 -0.229392 0.779904
outer loop
vertex 5.536473 11.586207 1.085436
vertex 6.248512 12.413793 1.860526
vertex 5.457776 12.413793 1.270091
endloop
endfacet
facet normal -0.708207 -0.200626 0.676899
outer loop
vertex 6.352267 11.586207 1.625246
vertex 7.028165 11.586207 2.332407
vertex 6.977972 12.413793 2.525180
endloop
endfacet
facet normal -0.646060 -0.282579 0.709053
outer loop
vertex 6.352267 11.586207 1.625246
vertex 6.977972 12.413793 2.525180
vertex 6.248512 12.413793 1.860526
endloop
endfacet
facet normal -0.687352 0.164340 0.707488
outer loop
vertex 7.028165 11.586207 2.332407
vertex 7.729784 11.586207 3.014057
vertex 7.866482 12.413793 2.954628
endloop
endfacet
facet normal -0.423524 -0.229796 0.876254
outer loop
vertex 7.028165 11.586207 2.332407
vertex 7.866482 12.413793 2.954628
vertex 6.977972 12.413793 2.525180
endloop
endfacet
facet normal -0.289960 0.649502 0.702901
outer loop
vertex 7.729784 11.586207 3.014057
vertex 8.634082 11.586207 3.387097
vertex 8.819631 12.413793 2.698925
endloop
endfacet
facet normal 0.259019 0.026549 0.965507
outer loop
vertex 7.729784 11.586207 3.014057
vertex 8.819631 12.413793 2.698925
vertex 7.866482 12.413793 2.954628
endloop
endfacet
facet normal 0.279267 0.561535 0.778902
outer loop
vertex 8.634082 11.586207 3.387097
vertex 9.554905 11.586207 3.056946
vertex 9.756261 12.413793 2.388119
endloop
endfacet
facet normal 0.255758 0.583562 0.770742
outer loop
vertex 8.634082 11.586207 3.387097
vertex 9.756261 12.413793 2.388119
vertex 8.819631 12.413793 2.698925
endloop
endfacet
facet normal 0.228727 0.648786 0.725783
outer loop
vertex 9.554905 11.586207 3.056946
vertex 10.487891 11.586207 2.762920
vertex 10.650970 12.413793 1.971738
endloop
endfacet
facet normal 0.356983 0.533067 0.767074
outer loop
vertex 9.554905 11.586207 3.056946
vertex 10.650970 12.413793 1.971738
vertex 9.756261 12.413793 2.388119
endloop
endfacet
facet normal 0.131257 0.612801 0.779261
outer loop
vertex 10.487891 11.586207 2.762920
vertex 11.452524 11.586207 2.600440
vertex 11.636393 12.413793 1.918666
endloop
endfacet
facet normal 0.039106 0.686465 0.726111
outer loop
vertex 10.487891 11.586207 2.762920
vertex 11.636393 12.413793 1.918666
vertex 10.650970 12.413793 1.971738
endloop
endfacet
facet normal -0.054572 0.172707 0.983460
outer loop
vertex 11.452524 11.586207 2.600440
vertex 12.429241 11.586207 2.654638
vertex 12.427067 12.413793 2.509183
endloop
endfacet
facet normal -0.468859 0.621340 0.627779
outer loop
vertex 11.452524 11.586207 2.600440
vertex 12.427067 12.413793 2.509183
vertex 11.636393 12.413793 1.918666
endloop
endfacet
facet normal -0.661374 -0.049773 0.748403
outer loop
vertex 12.429241 11.586207 2.654638
vertex 13.162253 11.586207 3.302411
vertex 13.059560 12.413793 3.266699
endloop
endfacet
facet normal -0.762953 0.109959 0.637033
outer loop
vertex 12.429241 11.586207 2.654638
vertex 13.059560 12.413793 3.266699
vertex 12.427067 12.413793 2.509183
endloop
endfacet
facet normal -0.692950 -0.082126 0.716293
outer loop
vertex 13.162253 11.586207 3.302411
vertex 13.865320 11.586207 3.982566
vertex 13.753030 12.413793 3.968822
endloop
endfacet
facet normal -0.710285 -0.057865 0.701532
outer loop
vertex 13.162253 11.586207 3.302411
vertex 13.753030 12.413793 3.968822
vertex 13.059560 12.413793 3.266699
endloop
endfacet
facet normal -0.519301 -0.088187 0.850029
outer loop
vertex 13.865320 11.586207 3.982566
vertex 14.700088 11.586207 4.492544
vertex 14.581069 12.413793 4.505691
endloop
endfacet
facet normal -0.543049 -0.059772 0.837571
outer loop
vertex 13.865320 11.586207 3.982566
vertex 14.581069 12.413793 4.505691
vertex 13.753030 12.413793 3.968822
endloop
endfacet
facet normal -0.265723 -0.065651 0.961811
outer loop
vertex 14.700088 11.586207 4.492544
vertex 15.642986 11.586207 4.753041
vertex 15.529551 12.413793 4.778192
endloop
endfacet
facet normal -0.275715 -0.054898 0.959670
outer loop
vertex 14.700088 11.586207 4.492544
vertex 15.529551 12.413793 4.778192
vertex 14.581069 12.413793 4.505691
endloop
endfacet
facet normal 0.298741 0.116333 0.947217
outer loop
vertex 15.642986 11.586207 4.753041
vertex 16.575907 11.586207 4.458809
vertex 16.440949 12.413793 4.399733
endloop
endfacet
facet normal 0.383386 0.024491 0.923264
outer loop
vertex 15.642986 11.586207 4.753041
vertex 16.440949 12.413793 4.399733
vertex 15.529551 12.413793 4.778192
endloop
endfacet
facet normal 0.530160 0.149727 0.834573
outer loop
vertex 16.575907 11.586207 4.458809
vertex 17.401611 11.586207 3.934283
vertex 17.272276 12.413793 3.867969
endloop
endfacet
facet normal 0.533042 0.146411 0.833325
outer loop
vertex 16.575907 11.586207 4.458809
vertex 17.272276 12.413793 3.867969
vertex 16.440949 12.413793 4.399733
endloop
endfacet
facet normal 0.590333 0.121691 0.797933
outer loop
vertex 17.401611 11.586207 3.934283
vertex 18.188010 11.586207 3.352483
vertex 18.082387 12.413793 3.304413
endloop
endfacet
facet normal 0.564324 0.153195 0.811215
outer loop
vertex 17.401611 11.586207 3.934283
vertex 18.082387 12.413793 3.304413
vertex 17.272276 12.413793 3.867969
endloop
endfacet
facet normal 0.640815 0.164037 0.749965
outer loop
vertex 18.188010 11.586207 3.352483
vertex 18.931716 11.586207 2.717017
vertex 18.811163 12.413793 2.639010
endloop
endfacet
facet normal 0.668732 0.127891 0.732421
outer loop
vertex 18.188010 11.586207 3.352483
vertex 18.811163 12.413793 2.639010
vertex 18.082387 12.413793 3.304413
endloop
endfacet
facet normal 0.754203 0.192794 0.627701
outer loop
vertex 18.931716 11.586207 2.717017
vertex 19.557485 11.586207 1.965134
vertex 19.426919 12.413793 1.867827
endloop
endfacet
facet normal 0.770065 0.170130 0.614863
outer loop
vertex 18.931716 11.586207 2.717017
vertex 19.426919 12.413793 1.867827
vertex 18.811163 12.413793 2.639010
endloop
endfacet
facet normal 0.857131 0.218101 0.466645
outer loop
vertex 19.557485 11.586207 1.965134
vertex 20.025228 11.586207 1.105988
vertex 19.877794 12.413793 0.989996
endloop
endfacet
facet normal 0.873237 0.190505 0.448515
outer loop
vertex 19.557485 11.586207 1.965134
vertex 19.877794 12.413793 0.989996
vertex 19.426919 12.413793 1.867827
endloop
endfacet
facet normal 0.747089 0.166784 0.643460
outer loop
vertex 20.025228 11.586207 1.105988
vertex 20.663615 11.586207 0.364789
vertex 20.557000 12.413793 0.274066
endloop
endfacet
facet normal 0.707667 0.220168 0.671367
outer loop
vertex 20.025228 11.586207 1.105988
vertex 20.557000 12.413793 0.274066
vertex 19.877794 12.413793 0.989996
endloop
endfacet
facet normal -0.601953 -0.278862 0.748257
outer loop
vertex 4.688856 12.413793 0.651514
vertex 5.457776 12.413793 1.270091
vertex 5.363863 13.241379 1.502967
endloop
endfacet
facet normal -0.664290 -0.199358 0.720399
outer loop
vertex 4.688856 12.413793 0.651514
vertex 5.363863 13.241379 1.502967
vertex 4.629201 13.241379 0.825525
endloop
endfacet
facet normal -0.564479 -0.331464 0.755973
outer loop
vertex 5.457776 12.413793 1.270091
vertex 6.248512 12.413793 1.860526
vertex 6.134973 13.241379 2.138612
endloop
endfacet
facet normal -0.611015 -0.277914 0.741232
outer loop
vertex 5.457776 12.413793 1.270091
vertex 6.134973 13.241379 2.138612
vertex 5.363863 13.241379 1.502967
endloop
endfacet
facet normal -0.667719 -0.130847 0.732824
outer loop
vertex 6.248512 12.413793 1.860526
vertex 6.977972 12.413793 2.525180
vertex 6.978909 13.241379 2.673802
endloop
endfacet
facet normal -0.504334 -0.336420 0.795279
outer loop
vertex 6.248512 12.413793 1.860526
vertex 6.978909 13.241379 2.673802
vertex 6.134973 13.241379 2.138612
endloop
endfacet
facet normal -0.367340 0.536137 0.760012
outer loop
vertex 6.977972 12.413793 2.525180
vertex 7.866482 12.413793 2.954628
vertex 7.942060 13.241379 2.407352
endloop
endfacet
facet normal 0.262710 -0.170836 0.949631
outer loop
vertex 6.977972 12.413793 2.525180
vertex 7.942060 13.241379 2.407352
vertex 6.978909 13.241379 2.673802
endloop
endfacet
facet normal 0.172229 0.747116 0.641993
outer loop
vertex 7.866482 12.413793 2.954628
vertex 8.819631 12.413793 2.698925
vertex 8.708197 13.241379 1.765721
endloop
endfacet
facet normal 0.585873 0.409109 0.699559
outer loop
vertex 7.866482 12.413793 2.954628
vertex 8.708197 13.241379 1.765721
vertex 7.942060 13.241379 2.407352
endloop
endfacet
facet normal 0.227041 0.693052 0.684202
outer loop
vertex 8.819631 12.413793 2.698925
vertex 9.756261 12.413793 2.388119
vertex 9.688623 13.241379 1.572273
endloop
endfacet
facet normal 0.128137 0.749555 0.649421
outer loop
vertex 8.819631 12.413793 2.698925
vertex 9.688623 13.241379 1.572273
vertex 8.708197 13.241379 1.765721
endloop
endfacet
facet normal 0.327102 0.631649 0.702868
outer loop
vertex 9.756261 12.413793 2.388119
vertex 10.650970 12.413793 1.971738
vertex 10.630260 13.241379 1.237646
endloop
endfacet
facet normal 0.242008 0.691128 0.681010
outer loop
vertex 9.756261 12.413793 2.388119
vertex 10.630260 13.241379 1.237646
vertex 9.688623 13.241379 1.572273
endloop
endfacet
facet normal 0.042730 0.607205 0.793395
outer loop
vertex 10.650970 12.413793 1.971738
vertex 11.636393 12.413793 1.918666
vertex 11.628430 13.241379 1.285722
endloop
endfacet
facet normal -0.036030 0.662650 0.748062
outer loop
vertex 10.650970 12.413793 1.971738
vertex 11.628430 13.241379 1.285722
vertex 10.630260 13.241379 1.237646
endloop
endfacet
facet normal -0.547229 0.404565 0.732712
outer loop
vertex 11.636393 12.413793 1.918666
vertex 12.427067 12.413793 2.509183
vertex 12.340099 13.241379 1.987281
endloop
endfacet
facet normal -0.618262 0.473716 0.627172
outer loop
vertex 11.636393 12.413793 1.918666
vertex 12.340099 13.241379 1.987281
vertex 11.628430 13.241379 1.285722
endloop
endfacet
facet normal -0.678950 0.466538 0.566894
outer loop
vertex 12.427067 12.413793 2.509183
vertex 13.059560 12.413793 3.266699
vertex 13.100942 13.241379 2.635180
endloop
endfacet
facet normal -0.599451 0.380939 0.703949
outer loop
vertex 12.427067 12.413793 2.509183
vertex 13.100942 13.241379 2.635180
vertex 12.340099 13.241379 1.987281
endloop
endfacet
facet normal -0.589446 0.560016 0.582182
outer loop
vertex 13.059560 12.413793 3.266699
vertex 13.753030 12.413793 3.968822
vertex 13.861886 13.241379 3.282960
endloop
endfacet
facet normal -0.552531 0.522913 0.649055
outer loop
vertex 13.059560 12.413793 3.266699
vertex 13.861886 13.241379 3.282960
vertex 13.100942 13.241379 2.635180
endloop
endfacet
facet normal -0.454626 0.549224 0.701191
outer loop
vertex 13.753030 12.413793 3.968822
vertex 14.581069 12.413793 4.505691
vertex 14.647528 13.241379 3.900554
endloop
endfacet
facet normal -0.498486 0.591099 0.634125
outer loop
vertex 13.753030 12.413793 3.968822
vertex 14.647528 13.241379 3.900554
vertex 13.861886 13.241379 3.282960
endloop
endfacet
facet normal -0.261452 0.321712 0.910024
outer loop
vertex 14.581069 12.413793 4.505691
vertex 15.529551 12.413793 4.778192
vertex 15.469807 13.241379 4.468458
endloop
endfacet
facet normal -0.477064 0.543392 0.690750
outer loop
vertex 14.581069 12.413793 4.505691
vertex 15.469807 13.241379 4.468458
vertex 14.647528 13.241379 3.900554
endloop
endfacet
facet normal 0.371590 0.247290 0.894857
outer loop
vertex 15.529551 12.413793 4.778192
vertex 16.440949 12.413793 4.399733
vertex 16.425788 13.241379 4.177329
endloop
endfacet
facet normal 0.272411 0.354449 0.894516
outer loop
vertex 15.529551 12.413793 4.778192
vertex 16.425788 13.241379 4.177329
vertex 15.469807 13.241379 4.468458
endloop
endfacet
facet normal 0.519366 0.266464 0.811946
outer loop
vertex 16.440949 12.413793 4.399733
vertex 17.272276 12.413793 3.867969
vertex 17.249230 13.241379 3.611114
endloop
endfacet
facet normal 0.551958 0.225831 0.802709
outer loop
vertex 16.440949 12.413793 4.399733
vertex 17.249230 13.241379 3.611114
vertex 16.425788 13.241379 4.177329
endloop
endfacet
facet normal 0.552954 0.249843 0.794871
outer loop
vertex 17.272276 12.413793 3.867969
vertex 18.082387 12.413793 3.304413
vertex 18.075520 13.241379 3.049064
endloop
endfacet
facet normal 0.542671 0.262723 0.797800
outer loop
vertex 17.272276 12.413793 3.867969
vertex 18.075520 13.241379 3.049064
vertex 17.249230 13.241379 3.611114
endloop
endfacet
facet normal 0.657995 0.218378 0.720662
outer loop
vertex 18.082387 12.413793 3.304413
vertex 18.811163 12.413793 2.639010
vertex 18.818884 13.241379 2.381182
endloop
endfacet
facet normal 0.650599 0.228826 0.724127
outer loop
vertex 18.082387 12.413793 3.304413
vertex 18.818884 13.241379 2.381182
vertex 18.075520 13.241379 3.049064
endloop
endfacet
facet normal 0.771665 0.157810 0.616141
outer loop
vertex 18.811163 12.413793 2.639010
vertex 19.426919 12.413793 1.867827
vertex 19.459911 13.241379 1.614540
endloop
endfacet
facet normal 0.753301 0.189204 0.629872
outer loop
vertex 18.811163 12.413793 2.639010
vertex 19.459911 13.241379 1.614540
vertex 18.818884 13.241379 2.381182
endloop
endfacet
facet normal 0.885355 0.096742 0.454739
outer loop
vertex 19.426919 12.413793 1.867827
vertex 19.877794 12.413793 0.989996
vertex 19.921757 13.241379 0.728338
endloop
endfacet
facet normal 0.881849 0.105500 0.459578
outer loop
vertex 19.426919 12.413793 1.867827
vertex 19.921757 13.241379 0.728338
vertex 19.459911 13.241379 1.614540
endloop
endfacet
facet normal -0.649352 0.287130 0.704200
outer loop
vertex 4.629201 13.241379 0.825525
vertex 5.363863 13.241379 1.502967
vertex 5.510663 14.068966 1.300893
endloop
endfacet
facet normal -0.675917 0.346215 0.650594
outer loop
vertex 4.629201 13.241379 0.825525
vertex 5.510663 14.068966 1.300893
vertex 4.825646 14.068966 0.589213
endloop
endfacet
facet normal -0.629107 0.147589 0.763179
outer loop
vertex 5.363863 13.241379 1.502967
vertex 6.134973 13.241379 2.138612
vertex 6.186644 14.068966 2.021160
endloop
endfacet
facet normal -0.699098 0.284213 0.656114
outer loop
vertex 5.363863 13.241379 1.502967
vertex 6.186644 14.068966 2.021160
vertex 5.510663 14.068966 1.300893
endloop
endfacet
facet normal -0.530481 0.137258 0.836511
outer loop
vertex 6.134973 13.241379 2.138612
vertex 6.978909 13.241379 2.673802
vertex 7.014252 14.068966 2.560420
endloop
endfacet
facet normal -0.539645 0.151231 0.828198
outer loop
vertex 6.134973 13.241379 2.138612
vertex 7.014252 14.068966 2.560420
vertex 6.186644 14.068966 2.021160
endloop
endfacet
facet normal 0.264221 0.134100 0.955094
outer loop
vertex 6.978909 13.241379 2.673802
vertex 7.942060 13.241379 2.407352
vertex 7.962978 14.068966 2.285367
endloop
endfacet
facet normal 0.276478 0.118844 0.953643
outer loop
vertex 6.978909 13.241379 2.673802
vertex 7.962978 14.068966 2.285367
vertex 7.014252 14.068966 2.560420
endloop
endfacet
facet normal 0.636216 0.134644 0.759671
outer loop
vertex 7.942060 13.241379 2.407352
vertex 8.708197 13.241379 1.765721
vertex 8.699085 14.068966 1.626670
endloop
endfacet
facet normal 0.663973 0.092587 0.742003
outer loop
vertex 7.942060 13.241379 2.407352
vertex 8.699085 14.068966 1.626670
vertex 7.962978 14.068966 2.285367
endloop
endfacet
facet normal 0.169555 0.482494 0.859331
outer loop
vertex 8.708197 13.241379 1.765721
vertex 9.688623 13.241379 1.572273
vertex 9.555205 14.068966 1.133927
endloop
endfacet
facet normal 0.493232 0.149418 0.856969
outer loop
vertex 8.708197 13.241379 1.765721
vertex 9.555205 14.068966 1.133927
vertex 8.699085 14.068966 1.626670
endloop
endfacet
facet normal 0.334372 -0.053507 0.940921
outer loop
vertex 9.688623 13.241379 1.572273
vertex 10.630260 13.241379 1.237646
vertex 10.524899 14.068966 1.322150
endloop
endfacet
facet normal -0.171162 0.439468 0.881800
outer loop
vertex 9.688623 13.241379 1.572273
vertex 10.524899 14.068966 1.322150
vertex 9.555205 14.068966 1.133927
endloop
endfacet
facet normal -0.038552 -0.598176 0.800437
outer loop
vertex 10.630260 13.241379 1.237646
vertex 11.628430 13.241379 1.285722
vertex 11.333181 14.068966 1.889967
endloop
endfacet
facet normal -0.567901 -0.154844 0.808401
outer loop
vertex 10.630260 13.241379 1.237646
vertex 11.333181 14.068966 1.889967
vertex 10.524899 14.068966 1.322150
endloop
endfacet
facet normal -0.600272 -0.518543 0.608922
outer loop
vertex 11.628430 13.241379 1.285722
vertex 12.340099 13.241379 1.987281
vertex 12.125230 14.068966 2.480216
endloop
endfacet
facet normal -0.466916 -0.624039 0.626550
outer loop
vertex 11.628430 13.241379 1.285722
vertex 12.125230 14.068966 2.480216
vertex 11.333181 14.068966 1.889967
endloop
endfacet
facet normal -0.582722 -0.438364 0.684304
outer loop
vertex 12.340099 13.241379 1.987281
vertex 13.100942 13.241379 2.635180
vertex 12.944478 14.068966 3.032093
endloop
endfacet
facet normal -0.470776 -0.538489 0.698856
outer loop
vertex 12.340099 13.241379 1.987281
vertex 12.944478 14.068966 3.032093
vertex 12.125230 14.068966 2.480216
endloop
endfacet
facet normal -0.596828 -0.390216 0.701091
outer loop
vertex 13.100942 13.241379 2.635180
vertex 13.861886 13.241379 3.282960
vertex 13.729858 14.068966 3.631188
endloop
endfacet
facet normal -0.543337 -0.444337 0.712284
outer loop
vertex 13.100942 13.241379 2.635180
vertex 13.729858 14.068966 3.631188
vertex 12.944478 14.068966 3.032093
endloop
endfacet
facet normal -0.570999 -0.382558 0.726368
outer loop
vertex 13.861886 13.241379 3.282960
vertex 14.647528 13.241379 3.900554
vertex 14.514214 14.068966 4.231622
endloop
endfacet
facet normal -0.558196 -0.395872 0.729179
outer loop
vertex 13.861886 13.241379 3.282960
vertex 14.514214 14.068966 4.231622
vertex 13.729858 14.068966 3.631188
endloop
endfacet
facet normal -0.568283 0.003184 0.822827
outer loop
vertex 14.647528 13.241379 3.900554
vertex 15.469807 13.241379 4.468458
vertex 15.473377 14.068966 4.467721
endloop
endfacet
facet normal -0.219820 -0.392658 0.893028
outer loop
vertex 14.647528 13.241379 3.900554
vertex 15.473377 14.068966 4.467721
vertex 14.514214 14.068966 4.231622
endloop
endfacet
facet normal 0.286640 0.178625 0.941239
outer loop
vertex 15.469807 13.241379 4.468458
vertex 16.425788 13.241379 4.177329
vertex 16.363412 14.068966 4.039268
endloop
endfacet
facet normal 0.433748 -0.001069 0.901034
outer loop
vertex 15.469807 13.241379 4.468458
vertex 16.363412 14.068966 4.039268
vertex 15.473377 14.068966 4.467721
endloop
endfacet
facet normal 0.557721 0.176300 0.811089
outer loop
vertex 16.425788 13.241379 4.177329
vertex 17.249230 13.241379 3.611114
vertex 17.177847 14.068966 3.480312
endloop
endfacet
facet normal 0.556894 0.177339 0.811431
outer loop
vertex 16.425788 13.241379 4.177329
vertex 17.177847 14.068966 3.480312
vertex 16.363412 14.068966 4.039268
endloop
endfacet
facet normal 0.545017 0.246891 0.801250
outer loop
vertex 17.249230 13.241379 3.611114
vertex 18.075520 13.241379 3.049064
vertex 17.957781 14.068966 2.874145
endloop
endfacet
facet normal 0.604190 0.174982 0.777390
outer loop
vertex 17.249230 13.241379 3.611114
vertex 17.957781 14.068966 2.874145
vertex 17.177847 14.068966 3.480312
endloop
endfacet
facet normal 0.636097 0.306813 0.707987
outer loop
vertex 18.075520 13.241379 3.049064
vertex 18.818884 13.241379 2.381182
vertex 18.652551 14.068966 2.171983
endloop
endfacet
facet normal 0.689649 0.242345 0.682388
outer loop
vertex 18.075520 13.241379 3.049064
vertex 18.652551 14.068966 2.171983
vertex 17.957781 14.068966 2.874145
endloop
endfacet
facet normal 0.703009 0.400306 0.587821
outer loop
vertex 18.818884 13.241379 2.381182
vertex 19.459911 13.241379 1.614540
vertex 19.206441 14.068966 1.354095
endloop
endfacet
facet normal 0.791277 0.294493 0.535868
outer loop
vertex 18.818884 13.241379 2.381182
vertex 19.206441 14.068966 1.354095
vertex 18.652551 14.068966 2.171983
endloop
endfacet
facet normal 0.855755 0.262274 0.445978
outer loop
vertex 19.459911 13.241379 1.614540
vertex 19.921757 13.241379 0.728338
vertex 19.766170 14.068966 0.540191
endloop
endfacet
facet normal 0.756759 0.395560 0.520431
outer loop
vertex 19.459911 13.241379 1.614540
vertex 19.766170 14.068966 0.540191
vertex 19.206441 14.068966 1.354095
endloop
endfacet
facet normal -0.643191 0.450587 0.619094
outer loop
vertex 4.825646 14.068966 0.589213
vertex 5.510663 14.068966 1.300893
vertex 5.535126 14.896552 0.723977
endloop
endfacet
facet normal -0.674929 0.378467 0.633430
outer loop
vertex 5.510663 14.068966 1.300893
vertex 6.186644 14.068966 2.021160
vertex 6.139092 14.896552 1.476020
endloop
endfacet
facet normal -0.708459 0.417571 0.568964
outer loop
vertex 5.510663 14.068966 1.300893
vertex 6.139092 14.896552 1.476020
vertex 5.535126 14.896552 0.723977
endloop
endfacet
facet normal -0.539961 0.147397 0.828684
outer loop
vertex 6.186644 14.068966 2.021160
vertex 7.014252 14.068966 2.560420
vertex 6.737225 14.896552 2.232711
endloop
endfacet
facet normal -0.737330 0.341550 0.582828
outer loop
vertex 6.186644 14.068966 2.021160
vertex 6.737225 14.896552 2.232711
vertex 6.139092 14.896552 1.476020
endloop
endfacet
facet normal 0.260881 -0.349606 0.899843
outer loop
vertex 7.014252 14.068966 2.560420
vertex 7.962978 14.068966 2.285367
vertex 7.568962 14.896552 2.721133
endloop
endfacet
facet normal -0.499052 0.169468 0.849840
outer loop
vertex 7.014252 14.068966 2.560420
vertex 7.568962 14.896552 2.721133
vertex 6.737225 14.896552 2.232711
endloop
endfacet
facet normal 0.604870 -0.420973 0.675954
outer loop
vertex 7.962978 14.068966 2.285367
vertex 8.699085 14.068966 1.626670
vertex 8.461267 14.896552 2.354886
endloop
endfacet
facet normal 0.363057 -0.292899 0.884534
outer loop
vertex 7.962978 14.068966 2.285367
vertex 8.461267 14.896552 2.354886
vertex 7.568962 14.896552 2.721133
endloop
endfacet
facet normal 0.350370 -0.711802 0.608752
outer loop
vertex 8.699085 14.068966 1.626670
vertex 9.555205 14.068966 1.133927
vertex 9.410692 14.896552 2.184784
endloop
endfacet
facet normal 0.136674 -0.631972 0.762844
outer loop
vertex 8.699085 14.068966 1.626670
vertex 9.410692 14.896552 2.184784
vertex 8.461267 14.896552 2.354886
endloop
endfacet
facet normal -0.124733 -0.755976 0.642605
outer loop
vertex 9.555205 14.068966 1.133927
vertex 10.524899 14.068966 1.322150
vertex 10.371807 14.896552 2.266026
endloop
endfacet
facet normal -0.051856 -0.788020 0.613462
outer loop
vertex 9.555205 14.068966 1.133927
vertex 10.371807 14.896552 2.266026
vertex 9.410692 14.896552 2.184784
endloop
endfacet
facet normal -0.469946 -0.575882 0.668963
outer loop
vertex 10.524899 14.068966 1.322150
vertex 11.333181 14.068966 1.889967
vertex 11.287173 14.896552 2.570080
endloop
endfacet
facet normal -0.207805 -0.751954 0.625605
outer loop
vertex 10.524899 14.068966 1.322150
vertex 11.287173 14.896552 2.570080
vertex 10.371807 14.896552 2.266026
endloop
endfacet
facet normal -0.540587 -0.426085 0.725408
outer loop
vertex 11.333181 14.068966 1.889967
vertex 12.125230 14.068966 2.480216
vertex 12.155908 14.896552 2.989179
endloop
endfacet
facet normal -0.345215 -0.607261 0.715584
outer loop
vertex 11.333181 14.068966 1.889967
vertex 12.155908 14.896552 2.989179
vertex 11.287173 14.896552 2.570080
endloop
endfacet
facet normal -0.517509 -0.376840 0.768229
outer loop
vertex 12.125230 14.068966 2.480216
vertex 12.944478 14.068966 3.032093
vertex 12.992020 14.896552 3.470074
endloop
endfacet
facet normal -0.443313 -0.457589 0.770770
outer loop
vertex 12.125230 14.068966 2.480216
vertex 12.992020 14.896552 3.470074
vertex 12.155908 14.896552 2.989179
endloop
endfacet
facet normal -0.574179 -0.322083 0.752716
outer loop
vertex 12.944478 14.068966 3.032093
vertex 13.729858 14.068966 3.631188
vertex 13.781275 14.896552 4.024528
endloop
endfacet
facet normal -0.533717 -0.371414 0.759736
outer loop
vertex 12.944478 14.068966 3.032093
vertex 13.781275 14.896552 4.024528
vertex 12.992020 14.896552 3.470074
endloop
endfacet
facet normal -0.604759 -0.100787 0.790005
outer loop
vertex 13.729858 14.068966 3.631188
vertex 14.514214 14.068966 4.231622
vertex 14.650878 14.896552 4.441822
endloop
endfacet
facet normal -0.401464 -0.372690 0.836617
outer loop
vertex 13.729858 14.068966 3.631188
vertex 14.650878 14.896552 4.441822
vertex 13.781275 14.896552 4.024528
endloop
endfacet
facet normal -0.231841 0.243187 0.941865
outer loop
vertex 14.514214 14.068966 4.231622
vertex 15.473377 14.068966 4.467721
vertex 15.602732 14.896552 4.285882
endloop
endfacet
facet normal 0.155791 -0.267259 0.950948
outer loop
vertex 14.514214 14.068966 4.231622
vertex 15.602732 14.896552 4.285882
vertex 14.650878 14.896552 4.441822
endloop
endfacet
facet normal 0.422301 0.228228 0.877254
outer loop
vertex 15.473377 14.068966 4.467721
vertex 16.363412 14.068966 4.039268
vertex 16.430920 14.896552 3.791464
endloop
endfacet
facet normal 0.509600 0.107906 0.853618
outer loop
vertex 15.473377 14.068966 4.467721
vertex 16.430920 14.896552 3.791464
vertex 15.602732 14.896552 4.285882
endloop
endfacet
facet normal 0.552001 0.219988 0.804301
outer loop
vertex 16.363412 14.068966 4.039268
vertex 17.177847 14.068966 3.480312
vertex 17.214395 14.896552 3.228872
endloop
endfacet
facet normal 0.572421 0.192001 0.797164
outer loop
vertex 16.363412 14.068966 4.039268
vertex 17.214395 14.896552 3.228872
vertex 16.430920 14.896552 3.791464
endloop
endfacet
facet normal 0.593385 0.254914 0.763487
outer loop
vertex 17.177847 14.068966 3.480312
vertex 17.957781 14.068966 2.874145
vertex 17.949430 14.896552 2.604319
endloop
endfacet
facet normal 0.634577 0.198880 0.746832
outer loop
vertex 17.177847 14.068966 3.480312
vertex 17.949430 14.896552 2.604319
vertex 17.214395 14.896552 3.228872
endloop
endfacet
facet normal 0.678043 0.300239 0.670905
outer loop
vertex 17.957781 14.068966 2.874145
vertex 18.652551 14.068966 2.171983
vertex 18.580273 14.896552 1.874675
endloop
endfacet
facet normal 0.738663 0.215675 0.638640
outer loop
vertex 17.957781 14.068966 2.874145
vertex 18.580273 14.896552 1.874675
vertex 17.949430 14.896552 2.604319
endloop
endfacet
facet normal 0.771712 0.362397 0.522618
outer loop
vertex 18.652551 14.068966 2.171983
vertex 19.206441 14.068966 1.354095
vertex 19.039632 14.896552 1.026540
endloop
endfacet
facet normal 0.853481 0.240603 0.462255
outer loop
vertex 18.652551 14.068966 2.171983
vertex 19.039632 14.896552 1.026540
vertex 18.580273 14.896552 1.874675
endloop
endfacet
facet normal 0.801137 0.233741 0.550949
outer loop
vertex 19.206441 14.068966 1.354095
vertex 19.766170 14.068966 0.540191
vertex 19.683897 14.896552 0.308720
endloop
endfacet
facet normal 0.687519 0.382810 0.617069
outer loop
vertex 19.206441 14.068966 1.354095
vertex 19.683897 14.896552 0.308720
vertex 19.039632 14.896552 1.026540
endloop
endfacet
facet normal -0.737880 0.323060 0.592592
outer loop
vertex 5.535126 14.896552 0.723977
vertex 6.139092 14.896552 1.476020
vertex 6.236982 15.724138 1.146740
endloop
endfacet
facet normal -0.768181 0.202950 0.607215
outer loop
vertex 6.139092 14.896552 1.476020
vertex 6.737225 14.896552 2.232711
vertex 6.740817 15.724138 1.960651
endloop
endfacet
facet normal -0.812145 0.296095 0.502741
outer loop
vertex 6.139092 14.896552 1.476020
vertex 6.740817 15.724138 1.960651
vertex 6.236982 15.724138 1.146740
endloop
endfacet
facet normal -0.506375 -0.001893 0.862311
outer loop
vertex 6.737225 14.896552 2.232711
vertex 7.568962 14.896552 2.721133
vertex 7.419825 15.724138 2.635372
endloop
endfacet
facet normal -0.685980 0.229919 0.690339
outer loop
vertex 6.737225 14.896552 2.232711
vertex 7.419825 15.724138 2.635372
vertex 6.740817 15.724138 1.960651
endloop
endfacet
facet normal 0.317502 -0.548471 0.773545
outer loop
vertex 7.568962 14.896552 2.721133
vertex 8.461267 14.896552 2.354886
vertex 8.301950 15.724138 3.007065
endloop
endfacet
facet normal -0.388172 0.025514 0.921234
outer loop
vertex 7.568962 14.896552 2.721133
vertex 8.301950 15.724138 3.007065
vertex 7.419825 15.724138 2.635372
endloop
endfacet
facet normal 0.126567 -0.696373 0.706432
outer loop
vertex 8.461267 14.896552 2.354886
vertex 9.410692 14.896552 2.184784
vertex 9.258962 15.724138 3.027770
endloop
endfacet
facet normal -0.016956 -0.620878 0.783724
outer loop
vertex 8.461267 14.896552 2.354886
vertex 9.258962 15.724138 3.027770
vertex 8.301950 15.724138 3.007065
endloop
endfacet
facet normal -0.064049 -0.649434 0.757715
outer loop
vertex 9.410692 14.896552 2.184784
vertex 10.371807 14.896552 2.266026
vertex 10.213936 15.724138 2.962001
endloop
endfacet
facet normal 0.048496 -0.708378 0.704165
outer loop
vertex 9.410692 14.896552 2.184784
vertex 10.213936 15.724138 2.962001
vertex 9.258962 15.724138 3.027770
endloop
endfacet
facet normal -0.266578 -0.533726 0.802541
outer loop
vertex 10.371807 14.896552 2.266026
vertex 11.287173 14.896552 2.570080
vertex 11.163930 15.724138 3.079525
endloop
endfacet
facet normal -0.093176 -0.651179 0.753183
outer loop
vertex 10.371807 14.896552 2.266026
vertex 11.163930 15.724138 3.079525
vertex 10.213936 15.724138 2.962001
endloop
endfacet
facet normal -0.399031 -0.395750 0.827137
outer loop
vertex 11.287173 14.896552 2.570080
vertex 12.155908 14.896552 2.989179
vertex 12.082270 15.724138 3.349619
endloop
endfacet
facet normal -0.238455 -0.534601 0.810766
outer loop
vertex 11.287173 14.896552 2.570080
vertex 12.082270 15.724138 3.349619
vertex 11.163930 15.724138 3.079525
endloop
endfacet
facet normal -0.480276 -0.268422 0.835036
outer loop
vertex 12.155908 14.896552 2.989179
vertex 12.992020 14.896552 3.470074
vertex 12.964768 15.724138 3.720428
endloop
endfacet
facet normal -0.355092 -0.399660 0.845093
outer loop
vertex 12.155908 14.896552 2.989179
vertex 12.964768 15.724138 3.720428
vertex 12.082270 15.724138 3.349619
endloop
endfacet
facet normal -0.567318 -0.161201 0.807567
outer loop
vertex 12.992020 14.896552 3.470074
vertex 13.781275 14.896552 4.024528
vertex 13.793984 15.724138 4.198654
endloop
endfacet
facet normal -0.481274 -0.268294 0.834502
outer loop
vertex 12.992020 14.896552 3.470074
vertex 13.793984 15.724138 4.198654
vertex 12.964768 15.724138 3.720428
endloop
endfacet
facet normal -0.429332 0.123294 0.894691
outer loop
vertex 13.781275 14.896552 4.024528
vertex 14.650878 14.896552 4.441822
vertex 14.736009 15.724138 4.368626
endloop
endfacet
facet normal -0.173971 -0.200195 0.964187
outer loop
vertex 13.781275 14.896552 4.024528
vertex 14.736009 15.724138 4.368626
vertex 13.793984 15.724138 4.198654
endloop
endfacet
facet normal 0.155737 0.268450 0.950621
outer loop
vertex 14.650878 14.896552 4.441822
vertex 15.602732 14.896552 4.285882
vertex 15.637414 15.724138 4.046494
endloop
endfacet
facet normal 0.336125 0.048611 0.940562
outer loop
vertex 14.650878 14.896552 4.441822
vertex 15.637414 15.724138 4.046494
vertex 14.736009 15.724138 4.368626
endloop
endfacet
facet normal 0.492720 0.275746 0.825343
outer loop
vertex 15.602732 14.896552 4.285882
vertex 16.430920 14.896552 3.791464
vertex 16.432776 15.724138 3.513860
endloop
endfacet
facet normal 0.543771 0.212089 0.811992
outer loop
vertex 15.602732 14.896552 4.285882
vertex 16.432776 15.724138 3.513860
vertex 15.637414 15.724138 4.046494
endloop
endfacet
facet normal 0.551755 0.324269 0.768385
outer loop
vertex 16.430920 14.896552 3.791464
vertex 17.214395 14.896552 3.228872
vertex 17.174246 15.724138 2.908449
endloop
endfacet
facet normal 0.612343 0.250192 0.749960
outer loop
vertex 16.430920 14.896552 3.791464
vertex 17.174246 15.724138 2.908449
vertex 16.432776 15.724138 3.513860
endloop
endfacet
facet normal 0.596411 0.389371 0.701915
outer loop
vertex 17.214395 14.896552 3.228872
vertex 17.949430 14.896552 2.604319
vertex 17.849594 15.724138 2.230065
endloop
endfacet
facet normal 0.677381 0.293955 0.674348
outer loop
vertex 17.214395 14.896552 3.228872
vertex 17.849594 15.724138 2.230065
vertex 17.174246 15.724138 2.908449
endloop
endfacet
facet normal 0.691759 0.404673 0.598087
outer loop
vertex 17.949430 14.896552 2.604319
vertex 18.580273 14.896552 1.874675
vertex 18.440191 15.724138 1.476741
endloop
endfacet
facet normal 0.737124 0.350262 0.577897
outer loop
vertex 17.949430 14.896552 2.604319
vertex 18.440191 15.724138 1.476741
vertex 17.849594 15.724138 2.230065
endloop
endfacet
facet normal 0.836569 0.307990 0.453095
outer loop
vertex 18.580273 14.896552 1.874675
vertex 19.039632 14.896552 1.026540
vertex 18.934945 15.724138 0.657279
endloop
endfacet
facet normal 0.796635 0.366112 0.480972
outer loop
vertex 18.580273 14.896552 1.874675
vertex 18.934945 15.724138 0.657279
vertex 18.440191 15.724138 1.476741
endloop
endfacet
facet normal 0.721953 0.242720 0.647975
outer loop
vertex 19.039632 14.896552 1.026540
vertex 19.683897 14.896552 0.308720
vertex 19.656934 15.724138 0.028763
endloop
endfacet
facet normal 0.605457 0.386913 0.695500
outer loop
vertex 19.039632 14.896552 1.026540
vertex 19.656934 15.724138 0.028763
vertex 18.934945 15.724138 0.657279
endloop
endfacet
facet normal -0.847577 0.079563 0.524674
outer loop
vertex 6.236982 15.724138 1.146740
vertex 6.740817 15.724138 1.960651
vertex 6.730737 16.551724 1.818871
endloop
endfacet
facet normal -0.861932 0.112777 0.494323
outer loop
vertex 6.236982 15.724138 1.146740
vertex 6.730737 16.551724 1.818871
vertex 6.255735 16.551724 0.990628
endloop
endfacet
facet normal -0.702601 0.080071 0.707065
outer loop
vertex 6.740817 15.724138 1.960651
vertex 7.419825 15.724138 2.635372
vertex 7.388715 16.551724 2.510738
endloop
endfacet
facet normal -0.720346 0.108589 0.685062
outer loop
vertex 6.740817 15.724138 1.960651
vertex 7.388715 16.551724 2.510738
vertex 6.730737 16.551724 1.818871
endloop
endfacet
facet normal -0.375645 -0.253204 0.891503
outer loop
vertex 7.419825 15.724138 2.635372
vertex 8.301950 15.724138 3.007065
vertex 8.093880 16.551724 3.154443
endloop
endfacet
facet normal -0.671716 0.085567 0.735851
outer loop
vertex 7.419825 15.724138 2.635372
vertex 8.093880 16.551724 3.154443
vertex 7.388715 16.551724 2.510738
endloop
endfacet
facet normal -0.017847 -0.564961 0.824925
outer loop
vertex 8.301950 15.724138 3.007065
vertex 9.258962 15.724138 3.027770
vertex 8.944677 16.551724 3.587754
endloop
endfacet
facet normal -0.437833 -0.263172 0.859676
outer loop
vertex 8.301950 15.724138 3.007065
vertex 8.944677 16.551724 3.587754
vertex 8.093880 16.551724 3.154443
endloop
endfacet
facet normal 0.055793 -0.583601 0.810121
outer loop
vertex 9.258962 15.724138 3.027770
vertex 10.213936 15.724138 2.962001
vertex 9.899429 16.551724 3.579844
endloop
endfacet
facet normal 0.006872 -0.558605 0.829405
outer loop
vertex 9.258962 15.724138 3.027770
vertex 9.899429 16.551724 3.579844
vertex 8.944677 16.551724 3.587754
endloop
endfacet
facet normal -0.103478 -0.538174 0.836457
outer loop
vertex 10.213936 15.724138 2.962001
vertex 11.163930 15.724138 3.079525
vertex 10.854194 16.551724 3.573674
endloop
endfacet
facet normal 0.005184 -0.596960 0.802254
outer loop
vertex 10.213936 15.724138 2.962001
vertex 10.854194 16.551724 3.573674
vertex 9.899429 16.551724 3.579844
endloop
endfacet
facet normal -0.249860 -0.464590 0.849545
outer loop
vertex 11.163930 15.724138 3.079525
vertex 12.082270 15.724138 3.349619
vertex 11.797920 16.551724 3.718570
endloop
endfacet
facet normal -0.127416 -0.543204 0.829876
outer loop
vertex 11.163930 15.724138 3.079525
vertex 11.797920 16.551724 3.718570
vertex 10.854194 16.551724 3.573674
endloop
endfacet
facet normal -0.366262 -0.325622 0.871678
outer loop
vertex 12.082270 15.724138 3.349619
vertex 12.964768 15.724138 3.720428
vertex 12.728894 16.551724 3.930470
endloop
endfacet
facet normal -0.197631 -0.454999 0.868285
outer loop
vertex 12.082270 15.724138 3.349619
vertex 12.728894 16.551724 3.930470
vertex 11.797920 16.551724 3.718570
endloop
endfacet
facet normal -0.499586 0.004516 0.866253
outer loop
vertex 12.964768 15.724138 3.720428
vertex 13.793984 15.724138 4.198654
vertex 13.664721 16.551724 4.119791
endloop
endfacet
facet normal -0.189647 -0.291974 0.937436
outer loop
vertex 12.964768 15.724138 3.720428
vertex 13.664721 16.551724 4.119791
vertex 12.728894 16.551724 3.930470
endloop
endfacet
facet normal -0.170133 0.286290 0.942917
outer loop
vertex 13.793984 15.724138 4.198654
vertex 14.736009 15.724138 4.368626
vertex 14.619216 16.551724 4.096280
endloop
endfacet
facet normal 0.024504 0.098627 0.994823
outer loop
vertex 13.793984 15.724138 4.198654
vertex 14.619216 16.551724 4.096280
vertex 13.664721 16.551724 4.119791
endloop
endfacet
facet normal 0.317779 0.329080 0.889226
outer loop
vertex 14.736009 15.724138 4.368626
vertex 15.637414 15.724138 4.046494
vertex 15.520763 16.551724 3.781912
endloop
endfacet
facet normal 0.310068 0.336385 0.889215
outer loop
vertex 14.736009 15.724138 4.368626
vertex 15.520763 16.551724 3.781912
vertex 14.619216 16.551724 4.096280
endloop
endfacet
facet normal 0.526733 0.322324 0.786549
outer loop
vertex 15.637414 15.724138 4.046494
vertex 16.432776 15.724138 3.513860
vertex 16.315730 16.551724 3.253102
endloop
endfacet
facet normal 0.523690 0.325508 0.787269
outer loop
vertex 15.637414 15.724138 4.046494
vertex 16.315730 16.551724 3.253102
vertex 15.520763 16.551724 3.781912
endloop
endfacet
facet normal 0.590817 0.356850 0.723597
outer loop
vertex 16.432776 15.724138 3.513860
vertex 17.174246 15.724138 2.908449
vertex 17.029268 16.551724 2.618690
endloop
endfacet
facet normal 0.631090 0.312902 0.709802
outer loop
vertex 16.432776 15.724138 3.513860
vertex 17.029268 16.551724 2.618690
vertex 16.315730 16.551724 3.253102
endloop
endfacet
facet normal 0.655543 0.379956 0.652608
outer loop
vertex 17.174246 15.724138 2.908449
vertex 17.849594 15.724138 2.230065
vertex 17.679269 16.551724 1.919325
endloop
endfacet
facet normal 0.687710 0.344264 0.639169
outer loop
vertex 17.174246 15.724138 2.908449
vertex 17.679269 16.551724 1.919325
vertex 17.029268 16.551724 2.618690
endloop
endfacet
facet normal 0.690234 0.480363 0.541136
outer loop
vertex 17.849594 15.724138 2.230065
vertex 18.440191 15.724138 1.476741
vertex 18.162739 16.551724 1.095996
endloop
endfacet
facet normal 0.809366 0.345028 0.475270
outer loop
vertex 17.849594 15.724138 2.230065
vertex 18.162739 16.551724 1.095996
vertex 17.679269 16.551724 1.919325
endloop
endfacet
facet normal 0.812879 0.313630 0.490779
outer loop
vertex 18.440191 15.724138 1.476741
vertex 18.934945 15.724138 0.657279
vertex 18.786958 16.551724 0.373525
endloop
endfacet
facet normal 0.661768 0.484914 0.571771
outer loop
vertex 18.440191 15.724138 1.476741
vertex 18.786958 16.551724 0.373525
vertex 18.162739 16.551724 1.095996
endloop
endfacet
facet normal -0.861554 -0.116552 0.494106
outer loop
vertex 6.255735 16.551724 0.990628
vertex 6.730737 16.551724 1.818871
vertex 6.702309 17.379310 1.964516
endloop
endfacet
facet normal -0.861318 -0.117030 0.494404
outer loop
vertex 6.255735 16.551724 0.990628
vertex 6.702309 17.379310 1.964516
vertex 6.226611 17.379310 1.135787
endloop
endfacet
facet normal -0.722848 -0.070107 0.687441
outer loop
vertex 6.730737 16.551724 1.818871
vertex 7.388715 16.551724 2.510738
vertex 7.404902 17.379310 2.612159
endloop
endfacet
facet normal -0.670004 -0.150932 0.726852
outer loop
vertex 6.730737 16.551724 1.818871
vertex 7.404902 17.379310 2.612159
vertex 6.702309 17.379310 1.964516
endloop
endfacet
facet normal -0.672211 -0.076532 0.736393
outer loop
vertex 7.388715 16.551724 2.510738
vertex 8.093880 16.551724 3.154443
vertex 8.110950 17.379310 3.256035
endloop
endfacet
facet normal -0.671818 -0.077141 0.736688
outer loop
vertex 7.388715 16.551724 2.510738
vertex 8.110950 17.379310 3.256035
vertex 7.404902 17.379310 2.612159
endloop
endfacet
facet normal -0.430718 -0.315065 0.845705
outer loop
vertex 8.093880 16.551724 3.154443
vertex 8.944677 16.551724 3.587754
vertex 8.857958 17.379310 3.851903
endloop
endfacet
facet normal -0.621443 -0.082818 0.779070
outer loop
vertex 8.093880 16.551724 3.154443
vertex 8.857958 17.379310 3.851903
vertex 8.110950 17.379310 3.256035
endloop
endfacet
facet normal 0.007250 -0.483956 0.875062
outer loop
vertex 8.944677 16.551724 3.587754
vertex 9.899429 16.551724 3.579844
vertex 9.795132 17.379310 4.038407
endloop
endfacet
facet normal -0.185155 -0.316364 0.930393
outer loop
vertex 8.944677 16.551724 3.587754
vertex 9.795132 17.379310 4.038407
vertex 8.857958 17.379310 3.851903
endloop
endfacet
facet normal 0.005686 -0.475222 0.879847
outer loop
vertex 9.899429 16.551724 3.579844
vertex 10.854194 16.551724 3.573674
vertex 10.750531 17.379310 4.021339
endloop
endfacet
facet normal 0.015639 -0.483100 0.875426
outer loop
vertex 9.899429 16.551724 3.579844
vertex 10.750531 17.379310 4.021339
vertex 9.795132 17.379310 4.038407
endloop
endfacet
facet normal -0.141930 -0.354008 0.924410
outer loop
vertex 10.854194 16.551724 3.573674
vertex 11.797920 16.551724 3.718570
vertex 11.706083 17.379310 4.021399
endloop
endfacet
facet normal -0.000055 -0.475786 0.879561
outer loop
vertex 10.854194 16.551724 3.573674
vertex 11.706083 17.379310 4.021399
vertex 10.750531 17.379310 4.021339
endloop
endfacet
facet normal -0.220823 -0.099946 0.970179
outer loop
vertex 11.797920 16.551724 3.718570
vertex 12.728894 16.551724 3.930470
vertex 12.661403 17.379310 4.000365
endloop
endfacet
facet normal 0.020689 -0.341536 0.939641
outer loop
vertex 11.797920 16.551724 3.718570
vertex 12.661403 17.379310 4.000365
vertex 11.706083 17.379310 4.021399
endloop
endfacet
facet normal -0.196793 0.122514 0.972760
outer loop
vertex 12.728894 16.551724 3.930470
vertex 13.664721 16.551724 4.119791
vertex 13.616939 17.379310 4.005895
endloop
endfacet
facet normal -0.005766 -0.084623 0.996396
outer loop
vertex 12.728894 16.551724 3.930470
vertex 13.616939 17.379310 4.005895
vertex 12.661403 17.379310 4.000365
endloop
endfacet
facet normal 0.022607 0.396372 0.917812
outer loop
vertex 13.664721 16.551724 4.119791
vertex 14.619216 16.551724 4.096280
vertex 14.535025 17.379310 3.740947
endloop
endfacet
facet normal 0.274274 0.146635 0.950406
outer loop
vertex 13.664721 16.551724 4.119791
vertex 14.535025 17.379310 3.740947
vertex 13.616939 17.379310 4.005895
endloop
endfacet
facet normal 0.305668 0.371675 0.876598
outer loop
vertex 14.619216 16.551724 4.096280
vertex 15.520763 16.551724 3.781912
vertex 15.447300 17.379310 3.456634
endloop
endfacet
facet normal 0.272323 0.402879 0.873801
outer loop
vertex 14.619216 16.551724 4.096280
vertex 15.447300 17.379310 3.456634
vertex 14.535025 17.379310 3.740947
endloop
endfacet
facet normal 0.519272 0.347817 0.780628
outer loop
vertex 15.520763 16.551724 3.781912
vertex 16.315730 16.551724 3.253102
vertex 16.245390 17.379310 2.931152
endloop
endfacet
facet normal 0.514556 0.352839 0.781496
outer loop
vertex 15.520763 16.551724 3.781912
vertex 16.245390 17.379310 2.931152
vertex 15.447300 17.379310 3.456634
endloop
endfacet
facet normal 0.612386 0.388055 0.688765
outer loop
vertex 16.315730 16.551724 3.253102
vertex 17.029268 16.551724 2.618690
vertex 16.917431 17.379310 2.251858
endloop
endfacet
facet normal 0.674272 0.316815 0.667072
outer loop
vertex 16.315730 16.551724 3.253102
vertex 16.917431 17.379310 2.251858
vertex 16.245390 17.379310 2.931152
endloop
endfacet
facet normal 0.647857 0.466607 0.602129
outer loop
vertex 17.029268 16.551724 2.618690
vertex 17.679269 16.551724 1.919325
vertex 17.487146 17.379310 1.484718
endloop
endfacet
facet normal 0.752258 0.349289 0.558664
outer loop
vertex 17.029268 16.551724 2.618690
vertex 17.487146 17.379310 1.484718
vertex 16.917431 17.379310 2.251858
endloop
endfacet
facet normal 0.805560 0.356805 0.473036
outer loop
vertex 17.679269 16.551724 1.919325
vertex 18.162739 16.551724 1.095996
vertex 18.029777 17.379310 0.698187
endloop
endfacet
facet normal 0.739355 0.439510 0.510083
outer loop
vertex 17.679269 16.551724 1.919325
vertex 18.029777 17.379310 0.698187
vertex 17.487146 17.379310 1.484718
endloop
endfacet
facet normal 0.714518 0.329160 0.617348
outer loop
vertex 18.162739 16.551724 1.095996
vertex 18.786958 16.551724 0.373525
vertex 18.707349 17.379310 0.024409
endloop
endfacet
facet normal 0.642015 0.413494 0.645631
outer loop
vertex 18.162739 16.551724 1.095996
vertex 18.707349 17.379310 0.024409
vertex 18.029777 17.379310 0.698187
endloop
endfacet
facet normal -0.785920 -0.219425 0.578086
outer loop
vertex 5.660422 17.379310 0.366041
vertex 6.226611 17.379310 1.135787
vertex 6.099685 18.206897 1.277357
endloop
endfacet
facet normal -0.760593 -0.254153 0.597415
outer loop
vertex 5.660422 17.379310 0.366041
vertex 6.099685 18.206897 1.277357
vertex 5.515002 18.206897 0.532974
endloop
endfacet
facet normal -0.853004 -0.180680 0.489632
outer loop
vertex 6.226611 17.379310 1.135787
vertex 6.702309 17.379310 1.964516
vertex 6.595429 18.206897 2.083707
endloop
endfacet
facet normal -0.831942 -0.215089 0.511478
outer loop
vertex 6.226611 17.379310 1.135787
vertex 6.595429 18.206897 2.083707
vertex 6.099685 18.206897 1.277357
endloop
endfacet
facet normal -0.666585 -0.180911 0.723143
outer loop
vertex 6.702309 17.379310 1.964516
vertex 7.404902 17.379310 2.612159
vertex 7.296699 18.206897 2.719459
endloop
endfacet
facet normal -0.659426 -0.189922 0.727384
outer loop
vertex 6.702309 17.379310 1.964516
vertex 7.296699 18.206897 2.719459
vertex 6.595429 18.206897 2.083707
endloop
endfacet
facet normal -0.668983 -0.119679 0.733579
outer loop
vertex 7.404902 17.379310 2.612159
vertex 8.110950 17.379310 3.256035
vertex 8.030353 18.206897 3.317551
endloop
endfacet
facet normal -0.621530 -0.180111 0.762405
outer loop
vertex 7.404902 17.379310 2.612159
vertex 8.030353 18.206897 3.317551
vertex 7.296699 18.206897 2.719459
endloop
endfacet
facet normal -0.623484 0.018036 0.781628
outer loop
vertex 8.110950 17.379310 3.256035
vertex 8.857958 17.379310 3.851903
vertex 8.835646 18.206897 3.815009
endloop
endfacet
facet normal -0.522141 -0.113679 0.845249
outer loop
vertex 8.110950 17.379310 3.256035
vertex 8.835646 18.206897 3.815009
vertex 8.030353 18.206897 3.317551
endloop
endfacet
facet normal -0.186991 0.286619 0.939619
outer loop
vertex 8.857958 17.379310 3.851903
vertex 9.795132 17.379310 4.038407
vertex 9.781666 18.206897 3.783283
endloop
endfacet
facet normal 0.033483 0.045412 0.998407
outer loop
vertex 8.857958 17.379310 3.851903
vertex 9.781666 18.206897 3.783283
vertex 8.835646 18.206897 3.815009
endloop
endfacet
facet normal 0.016575 0.372730 0.927792
outer loop
vertex 9.795132 17.379310 4.038407
vertex 10.750531 17.379310 4.021339
vertex 10.723546 18.206897 3.689347
endloop
endfacet
facet normal 0.094833 0.294676 0.950880
outer loop
vertex 9.795132 17.379310 4.038407
vertex 10.723546 18.206897 3.689347
vertex 9.781666 18.206897 3.783283
endloop
endfacet
facet normal -0.000055 0.458124 0.888888
outer loop
vertex 10.750531 17.379310 4.021339
vertex 11.706083 17.379310 4.021399
vertex 11.665371 18.206897 3.594867
endloop
endfacet
facet normal 0.092599 0.373316 0.923071
outer loop
vertex 10.750531 17.379310 4.021339
vertex 11.665371 18.206897 3.594867
vertex 10.723546 18.206897 3.689347
endloop
endfacet
facet normal 0.019058 0.500420 0.865573
outer loop
vertex 11.706083 17.379310 4.021399
vertex 12.661403 17.379310 4.000365
vertex 12.609195 18.206897 3.523056
endloop
endfacet
facet normal 0.067375 0.459702 0.885514
outer loop
vertex 11.706083 17.379310 4.021399
vertex 12.609195 18.206897 3.523056
vertex 11.665371 18.206897 3.594867
endloop
endfacet
facet normal -0.005343 0.384027 0.923306
outer loop
vertex 12.661403 17.379310 4.000365
vertex 13.616939 17.379310 4.005895
vertex 13.545603 18.206897 3.661267
endloop
endfacet
facet normal -0.127326 0.489503 0.862656
outer loop
vertex 12.661403 17.379310 4.000365
vertex 13.545603 18.206897 3.661267
vertex 12.609195 18.206897 3.523056
endloop
endfacet
facet normal 0.258419 0.362438 0.895465
outer loop
vertex 13.616939 17.379310 4.005895
vertex 14.535025 17.379310 3.740947
vertex 14.462672 18.206897 3.426863
endloop
endfacet
facet normal 0.227927 0.390985 0.891729
outer loop
vertex 13.616939 17.379310 4.005895
vertex 14.462672 18.206897 3.426863
vertex 13.545603 18.206897 3.661267
endloop
endfacet
facet normal 0.265220 0.453255 0.851010
outer loop
vertex 14.535025 17.379310 3.740947
vertex 15.447300 17.379310 3.456634
vertex 15.331772 18.206897 3.051860
endloop
endfacet
facet normal 0.369958 0.357747 0.857408
outer loop
vertex 14.535025 17.379310 3.740947
vertex 15.331772 18.206897 3.051860
vertex 14.462672 18.206897 3.426863
endloop
endfacet
facet normal 0.489135 0.457018 0.742887
outer loop
vertex 15.447300 17.379310 3.456634
vertex 16.245390 17.379310 2.931152
vertex 16.109109 18.206897 2.511760
endloop
endfacet
facet normal 0.514142 0.433697 0.739977
outer loop
vertex 15.447300 17.379310 3.456634
vertex 16.109109 18.206897 2.511760
vertex 15.331772 18.206897 3.051860
endloop
endfacet
facet normal 0.642776 0.427149 0.635911
outer loop
vertex 16.245390 17.379310 2.931152
vertex 16.917431 17.379310 2.251858
vertex 16.775442 18.206897 1.839479
endloop
endfacet
facet normal 0.641868 0.428098 0.636190
outer loop
vertex 16.245390 17.379310 2.931152
vertex 16.775442 18.206897 1.839479
vertex 16.109109 18.206897 2.511760
endloop
endfacet
facet normal 0.705508 0.477222 0.523945
outer loop
vertex 16.917431 17.379310 2.251858
vertex 17.487146 17.379310 1.484718
vertex 17.265359 18.206897 1.029576
endloop
endfacet
facet normal 0.793143 0.375148 0.479779
outer loop
vertex 16.917431 17.379310 2.251858
vertex 17.265359 18.206897 1.029576
vertex 16.775442 18.206897 1.839479
endloop
endfacet
facet normal 0.748566 0.415862 0.516438
outer loop
vertex 17.487146 17.379310 1.484718
vertex 18.029777 17.379310 0.698187
vertex 17.853214 18.206897 0.287695
endloop
endfacet
facet normal 0.686289 0.482994 0.543805
outer loop
vertex 17.487146 17.379310 1.484718
vertex 17.853214 18.206897 0.287695
vertex 17.265359 18.206897 1.029576
endloop
endfacet
facet normal -0.786387 -0.008419 0.617676
outer loop
vertex 5.515002 18.206897 0.532974
vertex 6.099685 18.206897 1.277357
vertex 6.063150 19.034483 1.242123
endloop
endfacet
facet normal -0.778716 -0.021497 0.627008
outer loop
vertex 5.515002 18.206897 0.532974
vertex 6.063150 19.034483 1.242123
vertex 5.474997 19.034483 0.511665
endloop
endfacet
facet normal -0.851832 0.010640 0.523707
outer loop
vertex 6.099685 18.206897 1.277357
vertex 6.595429 18.206897 2.083707
vertex 6.572483 19.034483 2.029570
endloop
endfacet
facet normal -0.839581 -0.013945 0.543055
outer loop
vertex 6.099685 18.206897 1.277357
vertex 6.572483 19.034483 2.029570
vertex 6.063150 19.034483 1.242123
endloop
endfacet
facet normal -0.671535 0.018572 0.740740
outer loop
vertex 6.595429 18.206897 2.083707
vertex 7.296699 18.206897 2.719459
vertex 7.260981 19.034483 2.666329
endloop
endfacet
facet normal -0.678694 0.029187 0.733841
outer loop
vertex 6.595429 18.206897 2.083707
vertex 7.260981 19.034483 2.666329
vertex 6.572483 19.034483 2.029570
endloop
endfacet
facet normal -0.627013 0.123670 0.769130
outer loop
vertex 7.296699 18.206897 2.719459
vertex 8.030353 18.206897 3.317551
vertex 8.038313 19.034483 3.190971
endloop
endfacet
facet normal -0.559195 0.029056 0.828527
outer loop
vertex 7.296699 18.206897 2.719459
vertex 8.038313 19.034483 3.190971
vertex 7.260981 19.034483 2.666329
endloop
endfacet
facet normal -0.463879 0.470016 0.750934
outer loop
vertex 8.030353 18.206897 3.317551
vertex 8.835646 18.206897 3.815009
vertex 8.958329 19.034483 3.372802
endloop
endfacet
facet normal -0.191689 0.150190 0.969896
outer loop
vertex 8.030353 18.206897 3.317551
vertex 8.958329 19.034483 3.372802
vertex 8.038313 19.034483 3.190971
endloop
endfacet
facet normal 0.026169 0.624835 0.780318
outer loop
vertex 8.835646 18.206897 3.815009
vertex 9.781666 18.206897 3.783283
vertex 9.860848 19.034483 3.117944
endloop
endfacet
facet normal 0.245573 0.428274 0.869641
outer loop
vertex 8.835646 18.206897 3.815009
vertex 9.860848 19.034483 3.117944
vertex 8.958329 19.034483 3.372802
endloop
endfacet
facet normal 0.079081 0.604157 0.792931
outer loop
vertex 9.781666 18.206897 3.783283
vertex 10.723546 18.206897 3.689347
vertex 10.796306 19.034483 3.051529
endloop
endfacet
facet normal 0.055431 0.622381 0.780749
outer loop
vertex 9.781666 18.206897 3.783283
vertex 10.796306 19.034483 3.051529
vertex 9.860848 19.034483 3.117944
endloop
endfacet
facet normal 0.077880 0.625484 0.776341
outer loop
vertex 10.723546 18.206897 3.689347
vertex 11.665371 18.206897 3.594867
vertex 11.725144 19.034483 2.922099
endloop
endfacet
facet normal 0.110347 0.600608 0.791892
outer loop
vertex 10.723546 18.206897 3.689347
vertex 11.725144 19.034483 2.922099
vertex 10.796306 19.034483 3.051529
endloop
endfacet
facet normal 0.063911 0.538833 0.839985
outer loop
vertex 11.665371 18.206897 3.594867
vertex 12.609195 18.206897 3.523056
vertex 12.660620 19.034483 2.988263
endloop
endfacet
facet normal -0.054662 0.632223 0.772855
outer loop
vertex 11.665371 18.206897 3.594867
vertex 12.660620 19.034483 2.988263
vertex 11.725144 19.034483 2.922099
endloop
endfacet
facet normal -0.126473 0.499762 0.856880
outer loop
vertex 12.609195 18.206897 3.523056
vertex 13.545603 18.206897 3.661267
vertex 13.577915 19.034483 3.183359
endloop
endfacet
facet normal -0.174823 0.542029 0.821974
outer loop
vertex 12.609195 18.206897 3.523056
vertex 13.577915 19.034483 3.183359
vertex 12.660620 19.034483 2.988263
endloop
endfacet
facet normal 0.239356 0.256487 0.936442
outer loop
vertex 13.545603 18.206897 3.661267
vertex 14.462672 18.206897 3.426863
vertex 14.515722 19.034483 3.186631
endloop
endfacet
facet normal -0.003021 0.500165 0.865925
outer loop
vertex 13.545603 18.206897 3.661267
vertex 14.515722 19.034483 3.186631
vertex 13.577915 19.034483 3.183359
endloop
endfacet
facet normal 0.366513 0.379667 0.849424
outer loop
vertex 14.462672 18.206897 3.426863
vertex 15.331772 18.206897 3.051860
vertex 15.311640 19.034483 2.690640
endloop
endfacet
facet normal 0.517334 0.207818 0.830167
outer loop
vertex 14.462672 18.206897 3.426863
vertex 15.311640 19.034483 2.690640
vertex 14.515722 19.034483 3.186631
endloop
endfacet
facet normal 0.502656 0.473248 0.723446
outer loop
vertex 15.331772 18.206897 3.051860
vertex 16.109109 18.206897 2.511760
vertex 15.995739 19.034483 2.049157
endloop
endfacet
facet normal 0.648587 0.317676 0.691676
outer loop
vertex 15.331772 18.206897 3.051860
vertex 15.995739 19.034483 2.049157
vertex 15.311640 19.034483 2.690640
endloop
endfacet
facet normal 0.568029 0.600308 0.563004
outer loop
vertex 16.109109 18.206897 2.511760
vertex 16.775442 18.206897 1.839479
vertex 16.485622 19.034483 1.249465
endloop
endfacet
facet normal 0.789312 0.378406 0.483524
outer loop
vertex 16.109109 18.206897 2.511760
vertex 16.485622 19.034483 1.249465
vertex 15.995739 19.034483 2.049157
endloop
endfacet
facet normal 0.755842 0.468676 0.457215
outer loop
vertex 16.775442 18.206897 1.839479
vertex 17.265359 18.206897 1.029576
vertex 17.065180 19.034483 0.512169
endloop
endfacet
facet normal 0.639256 0.582111 0.502493
outer loop
vertex 16.775442 18.206897 1.839479
vertex 17.065180 19.034483 0.512169
vertex 16.485622 19.034483 1.249465
endloop
endfacet
facet normal -0.744674 0.293157 0.599599
outer loop
vertex 5.474997 19.034483 0.511665
vertex 6.063150 19.034483 1.242123
vertex 6.196775 19.862069 1.003455
endloop
endfacet
facet normal -0.816073 0.235370 0.527850
outer loop
vertex 6.063150 19.034483 1.242123
vertex 6.572483 19.034483 2.029570
vertex 6.671742 19.862069 1.814005
endloop
endfacet
facet normal -0.829718 0.274185 0.486199
outer loop
vertex 6.063150 19.034483 1.242123
vertex 6.671742 19.862069 1.814005
vertex 6.196775 19.862069 1.003455
endloop
endfacet
facet normal -0.664161 0.207808 0.718127
outer loop
vertex 6.572483 19.034483 2.029570
vertex 7.260981 19.034483 2.666329
vertex 7.326641 19.862069 2.487572
endloop
endfacet
facet normal -0.692608 0.258477 0.673412
outer loop
vertex 6.572483 19.034483 2.029570
vertex 7.326641 19.862069 2.487572
vertex 6.671742 19.862069 1.814005
endloop
endfacet
facet normal -0.523827 0.351049 0.776125
outer loop
vertex 7.260981 19.034483 2.666329
vertex 8.038313 19.034483 3.190971
vertex 8.168509 19.862069 2.904518
endloop
endfacet
facet normal -0.432637 0.223011 0.873551
outer loop
vertex 7.260981 19.034483 2.666329
vertex 8.168509 19.862069 2.904518
vertex 7.326641 19.862069 2.487572
endloop
endfacet
facet normal -0.145694 0.659809 0.737174
outer loop
vertex 8.038313 19.034483 3.190971
vertex 8.958329 19.034483 3.372802
vertex 9.074220 19.862069 2.654973
endloop
endfacet
facet normal 0.254984 0.280213 0.925453
outer loop
vertex 8.038313 19.034483 3.190971
vertex 9.074220 19.862069 2.654973
vertex 8.168509 19.862069 2.904518
endloop
endfacet
facet normal 0.202652 0.666270 0.717646
outer loop
vertex 8.958329 19.034483 3.372802
vertex 9.860848 19.034483 3.117944
vertex 9.953263 19.862069 2.323508
endloop
endfacet
facet normal 0.280610 0.606185 0.744176
outer loop
vertex 8.958329 19.034483 3.372802
vertex 9.953263 19.862069 2.323508
vertex 9.074220 19.862069 2.654973
endloop
endfacet
facet normal 0.052771 0.666899 0.743277
outer loop
vertex 9.860848 19.034483 3.117944
vertex 10.796306 19.034483 3.051529
vertex 10.892480 19.862069 2.302157
endloop
endfacet
facet normal 0.016418 0.691462 0.722226
outer loop
vertex 9.860848 19.034483 3.117944
vertex 10.892480 19.862069 2.302157
vertex 9.953263 19.862069 2.323508
endloop
endfacet
facet normal 0.105128 0.647891 0.754443
outer loop
vertex 10.796306 19.034483 3.051529
vertex 11.725144 19.034483 2.922099
vertex 11.826073 19.862069 2.197332
endloop
endfacet
facet normal 0.083480 0.663520 0.743487
outer loop
vertex 10.796306 19.034483 3.051529
vertex 11.826073 19.862069 2.197332
vertex 10.892480 19.862069 2.302157
endloop
endfacet
facet normal -0.054604 0.633242 0.772025
outer loop
vertex 11.725144 19.034483 2.922099
vertex 12.660620 19.034483 2.988263
vertex 12.757966 19.862069 2.316334
endloop
endfacet
facet normal -0.094898 0.662380 0.743133
outer loop
vertex 11.725144 19.034483 2.922099
vertex 12.757966 19.862069 2.316334
vertex 11.826073 19.862069 2.197332
endloop
endfacet
facet normal -0.180037 0.501039 0.846491
outer loop
vertex 12.660620 19.034483 2.988263
vertex 13.577915 19.034483 3.183359
vertex 13.614895 19.862069 2.701375
endloop
endfacet
facet normal -0.321793 0.619318 0.716167
outer loop
vertex 12.660620 19.034483 2.988263
vertex 13.614895 19.862069 2.701375
vertex 12.757966 19.862069 2.316334
endloop
endfacet
facet normal -0.003339 0.290210 0.956957
outer loop
vertex 13.577915 19.034483 3.183359
vertex 14.515722 19.034483 3.186631
vertex 14.524666 19.862069 2.935686
endloop
endfacet
facet normal -0.216203 0.498560 0.839461
outer loop
vertex 13.577915 19.034483 3.183359
vertex 14.524666 19.862069 2.935686
vertex 13.614895 19.862069 2.701375
endloop
endfacet
facet normal 0.522325 0.156965 0.838176
outer loop
vertex 14.515722 19.034483 3.186631
vertex 15.311640 19.034483 2.690640
vertex 15.359892 19.862069 2.505589
endloop
endfacet
facet normal 0.442579 0.255828 0.859463
outer loop
vertex 14.515722 19.034483 3.186631
vertex 15.359892 19.862069 2.505589
vertex 14.524666 19.862069 2.935686
endloop
endfacet
facet normal 0.670831 0.195430 0.715397
outer loop
vertex 15.311640 19.034483 2.690640
vertex 15.995739 19.034483 2.049157
vertex 16.000607 19.862069 1.818516
endloop
endfacet
facet normal 0.726975 0.109201 0.677925
outer loop
vertex 15.311640 19.034483 2.690640
vertex 16.000607 19.862069 1.818516
vertex 15.359892 19.862069 2.505589
endloop
endfacet
facet normal 0.831811 0.220091 0.509558
outer loop
vertex 15.995739 19.034483 2.049157
vertex 16.485622 19.034483 1.249465
vertex 16.429944 19.862069 0.982899
endloop
endfacet
facet normal 0.882904 0.121231 0.453633
outer loop
vertex 15.995739 19.034483 2.049157
vertex 16.429944 19.862069 0.982899
vertex 16.000607 19.862069 1.818516
endloop
endfacet
facet normal 0.735389 0.353624 0.578059
outer loop
vertex 16.485622 19.034483 1.249465
vertex 17.065180 19.034483 0.512169
vertex 16.924879 19.862069 0.184386
endloop
endfacet
facet normal 0.828905 0.221254 0.513773
outer loop
vertex 16.485622 19.034483 1.249465
vertex 16.924879 19.862069 0.184386
vertex 16.429944 19.862069 0.982899
endloop
endfacet
facet normal -0.857222 0.113353 0.502316
outer loop
vertex 6.196775 19.862069 1.003455
vertex 6.671742 19.862069 1.814005
vertex 6.797740 20.689655 1.842270
endloop
endfacet
facet normal -0.847915 0.085422 0.523205
outer loop
vertex 6.196775 19.862069 1.003455
vertex 6.797740 20.689655 1.842270
vertex 6.289808 20.689655 1.019109
endloop
endfacet
facet normal -0.715736 0.058704 0.695899
outer loop
vertex 6.671742 19.862069 1.814005
vertex 7.326641 19.862069 2.487572
vertex 7.456094 20.689655 2.550902
endloop
endfacet
facet normal -0.729780 0.087950 0.678002
outer loop
vertex 6.671742 19.862069 1.814005
vertex 7.456094 20.689655 2.550902
vertex 6.797740 20.689655 1.842270
endloop
endfacet
facet normal -0.388156 0.484862 0.783737
outer loop
vertex 7.326641 19.862069 2.487572
vertex 8.168509 19.862069 2.904518
vertex 8.422809 20.689655 2.518474
endloop
endfacet
facet normal 0.033414 -0.081453 0.996117
outer loop
vertex 7.326641 19.862069 2.487572
vertex 8.422809 20.689655 2.518474
vertex 7.456094 20.689655 2.550902
endloop
endfacet
facet normal 0.192249 0.690054 0.697758
outer loop
vertex 8.168509 19.862069 2.904518
vertex 9.074220 19.862069 2.654973
vertex 9.101272 20.689655 1.829070
endloop
endfacet
facet normal 0.708605 0.107557 0.697359
outer loop
vertex 8.168509 19.862069 2.904518
vertex 9.101272 20.689655 1.829070
vertex 8.422809 20.689655 2.518474
endloop
endfacet
facet normal 0.237519 0.739468 0.629898
outer loop
vertex 9.074220 19.862069 2.654973
vertex 9.953263 19.862069 2.323508
vertex 9.944533 20.689655 1.355256
endloop
endfacet
facet normal 0.372498 0.649421 0.662946
outer loop
vertex 9.074220 19.862069 2.654973
vertex 9.944533 20.689655 1.355256
vertex 9.101272 20.689655 1.829070
endloop
endfacet
facet normal 0.015446 0.733551 0.679459
outer loop
vertex 9.953263 19.862069 2.323508
vertex 10.892480 19.862069 2.302157
vertex 10.910337 20.689655 1.408281
endloop
endfacet
facet normal -0.035659 0.759523 0.649502
outer loop
vertex 9.953263 19.862069 2.323508
vertex 10.910337 20.689655 1.408281
vertex 9.944533 20.689655 1.355256
endloop
endfacet
facet normal 0.069807 0.780127 0.621715
outer loop
vertex 10.892480 19.862069 2.302157
vertex 11.826073 19.862069 2.197332
vertex 11.844339 20.689655 1.156827
endloop
endfacet
facet normal 0.180422 0.719950 0.670163
outer loop
vertex 10.892480 19.862069 2.302157
vertex 11.844339 20.689655 1.156827
vertex 10.910337 20.689655 1.408281
endloop
endfacet
facet normal -0.087581 0.722466 0.685838
outer loop
vertex 11.826073 19.862069 2.197332
vertex 12.757966 19.862069 2.316334
vertex 12.767436 20.689655 1.445758
endloop
endfacet
facet normal -0.190623 0.769910 0.609017
outer loop
vertex 11.826073 19.862069 2.197332
vertex 12.767436 20.689655 1.445758
vertex 11.844339 20.689655 1.156827
endloop
endfacet
facet normal -0.348413 0.526637 0.775411
outer loop
vertex 12.757966 19.862069 2.316334
vertex 13.614895 19.862069 2.701375
vertex 13.493550 20.689655 2.084779
endloop
endfacet
facet normal -0.516575 0.623382 0.586980
outer loop
vertex 12.757966 19.862069 2.316334
vertex 13.493550 20.689655 2.084779
vertex 12.767436 20.689655 1.445758
endloop
endfacet
facet normal -0.247407 0.126500 0.960618
outer loop
vertex 13.614895 19.862069 2.701375
vertex 14.524666 19.862069 2.935686
vertex 14.201795 20.689655 2.743549
endloop
endfacet
facet normal -0.622084 0.407081 0.668803
outer loop
vertex 13.614895 19.862069 2.701375
vertex 14.201795 20.689655 2.743549
vertex 13.493550 20.689655 2.084779
endloop
endfacet
facet normal 0.455380 -0.102966 0.884323
outer loop
vertex 14.524666 19.862069 2.935686
vertex 15.359892 19.862069 2.505589
vertex 15.168105 20.689655 2.700709
endloop
endfacet
facet normal 0.042976 0.241820 0.969369
outer loop
vertex 14.524666 19.862069 2.935686
vertex 15.168105 20.689655 2.700709
vertex 14.201795 20.689655 2.743549
endloop
endfacet
facet normal 0.730877 -0.035895 0.681564
outer loop
vertex 15.359892 19.862069 2.505589
vertex 16.000607 19.862069 1.818516
vertex 15.854296 20.689655 2.018998
endloop
endfacet
facet normal 0.704781 -0.003931 0.709414
outer loop
vertex 15.359892 19.862069 2.505589
vertex 15.854296 20.689655 2.018998
vertex 15.168105 20.689655 2.700709
endloop
endfacet
facet normal 0.889282 -0.020274 0.456910
outer loop
vertex 16.000607 19.862069 1.818516
vertex 16.429944 19.862069 0.982899
vertex 16.344800 20.689655 1.185334
endloop
endfacet
facet normal 0.861507 0.029515 0.506886
outer loop
vertex 16.000607 19.862069 1.818516
vertex 16.344800 20.689655 1.185334
vertex 15.854296 20.689655 2.018998
endloop
endfacet
facet normal -0.849845 0.052648 0.524397
outer loop
vertex 6.289808 20.689655 1.019109
vertex 6.797740 20.689655 1.842270
vertex 7.020607 21.517241 2.120364
endloop
endfacet
facet normal -0.790227 -0.105482 0.603667
outer loop
vertex 6.289808 20.689655 1.019109
vertex 7.020607 21.517241 2.120364
vertex 6.411894 21.517241 1.323532
endloop
endfacet
facet normal -0.665671 0.417627 0.618442
outer loop
vertex 6.797740 20.689655 1.842270
vertex 7.456094 20.689655 2.550902
vertex 7.942270 21.517241 2.515346
endloop
endfacet
facet normal -0.386048 -0.198740 0.900816
outer loop
vertex 6.797740 20.689655 1.842270
vertex 7.942270 21.517241 2.515346
vertex 7.020607 21.517241 2.120364
endloop
endfacet
facet normal 0.026990 0.593196 0.804605
outer loop
vertex 7.456094 20.689655 2.550902
vertex 8.422809 20.689655 2.518474
vertex 8.732393 21.517241 1.897950
endloop
endfacet
facet normal 0.585072 -0.311539 0.748756
outer loop
vertex 7.456094 20.689655 2.550902
vertex 8.732393 21.517241 1.897950
vertex 7.942270 21.517241 2.515346
endloop
endfacet
facet normal 0.639655 0.441096 0.629504
outer loop
vertex 8.422809 20.689655 2.518474
vertex 9.101272 20.689655 1.829070
vertex 9.285748 21.517241 1.061725
endloop
endfacet
facet normal 0.829657 0.101288 0.549008
outer loop
vertex 8.422809 20.689655 2.518474
vertex 9.285748 21.517241 1.061725
vertex 8.732393 21.517241 1.897950
endloop
endfacet
facet normal 0.320960 0.755441 0.571221
outer loop
vertex 9.101272 20.689655 1.829070
vertex 9.944533 20.689655 1.355256
vertex 9.912330 21.517241 0.278867
endloop
endfacet
facet normal 0.723541 0.375668 0.579105
outer loop
vertex 9.101272 20.689655 1.829070
vertex 9.912330 21.517241 0.278867
vertex 9.285748 21.517241 1.061725
endloop
endfacet
facet normal -0.029423 0.843756 0.535920
outer loop
vertex 9.944533 20.689655 1.355256
vertex 10.910337 20.689655 1.408281
vertex 10.899829 21.517241 0.104748
endloop
endfacet
facet normal 0.106508 0.789796 0.604051
outer loop
vertex 9.944533 20.689655 1.355256
vertex 10.899829 21.517241 0.104748
vertex 9.912330 21.517241 0.278867
endloop
endfacet
facet normal 0.163427 0.777687 0.607037
outer loop
vertex 10.910337 20.689655 1.408281
vertex 11.844339 20.689655 1.156827
vertex 11.902281 21.517241 0.080991
endloop
endfacet
facet normal 0.012700 0.844207 0.535867
outer loop
vertex 10.910337 20.689655 1.408281
vertex 11.902281 21.517241 0.080991
vertex 10.899829 21.517241 0.104748
endloop
endfacet
facet normal -0.218258 0.682737 0.697305
outer loop
vertex 11.844339 20.689655 1.156827
vertex 12.767436 20.689655 1.445758
vertex 12.742827 21.517241 0.627759
endloop
endfacet
facet normal -0.361745 0.748253 0.556110
outer loop
vertex 11.844339 20.689655 1.156827
vertex 12.742827 21.517241 0.627759
vertex 11.902281 21.517241 0.080991
endloop
endfacet
facet normal -0.621280 0.340057 0.705956
outer loop
vertex 12.767436 20.689655 1.445758
vertex 13.493550 20.689655 2.084779
vertex 13.264197 21.517241 1.484290
endloop
endfacet
facet normal -0.767507 0.438947 0.467181
outer loop
vertex 12.767436 20.689655 1.445758
vertex 13.264197 21.517241 1.484290
vertex 12.742827 21.517241 0.627759
endloop
endfacet
facet normal -0.674288 0.140769 0.724927
outer loop
vertex 13.493550 20.689655 2.084779
vertex 14.201795 20.689655 2.743549
vertex 13.875378 21.517241 2.279231
endloop
endfacet
facet normal -0.773842 0.217238 0.594959
outer loop
vertex 13.493550 20.689655 2.084779
vertex 13.875378 21.517241 2.279231
vertex 13.264197 21.517241 1.484290
endloop
endfacet
facet normal 0.044057 -0.102479 0.993759
outer loop
vertex 14.201795 20.689655 2.743549
vertex 15.168105 20.689655 2.700709
vertex 14.728893 21.517241 2.805524
endloop
endfacet
facet normal -0.506645 0.261157 0.821650
outer loop
vertex 14.201795 20.689655 2.743549
vertex 14.728893 21.517241 2.805524
vertex 13.875378 21.517241 2.279231
endloop
endfacet
facet normal 0.696869 -0.149473 0.701450
outer loop
vertex 15.168105 20.689655 2.700709
vertex 15.854296 20.689655 2.018998
vertex 15.646678 21.517241 2.401613
endloop
endfacet
facet normal 0.400896 0.097390 0.910932
outer loop
vertex 15.168105 20.689655 2.700709
vertex 15.646678 21.517241 2.401613
vertex 14.728893 21.517241 2.805524
endloop
endfacet
facet normal 0.848884 -0.173019 0.499459
outer loop
vertex 15.854296 20.689655 2.018998
vertex 16.344800 20.689655 1.185334
vertex 16.263160 21.517241 1.610776
endloop
endfacet
facet normal 0.785755 -0.086060 0.612521
outer loop
vertex 15.854296 20.689655 2.018998
vertex 16.263160 21.517241 1.610776
vertex 15.646678 21.517241 2.401613
endloop
endfacet
facet normal -0.794629 0.008926 0.607030
outer loop
vertex 6.411894 21.517241 1.323532
vertex 7.020607 21.517241 2.120364
vertex 7.044827 22.344828 2.139900
endloop
endfacet
facet normal -0.778193 -0.023906 0.627570
outer loop
vertex 6.411894 21.517241 1.323532
vertex 7.044827 22.344828 2.139900
vertex 6.415316 22.344828 1.359301
endloop
endfacet
facet normal -0.393160 0.061497 0.917411
outer loop
vertex 7.020607 21.517241 2.120364
vertex 7.942270 21.517241 2.515346
vertex 7.988338 22.344828 2.479613
endloop
endfacet
facet normal -0.338738 -0.012294 0.940801
outer loop
vertex 7.020607 21.517241 2.120364
vertex 7.988338 22.344828 2.479613
vertex 7.044827 22.344828 2.139900
endloop
endfacet
facet normal 0.615188 0.041288 0.787298
outer loop
vertex 7.942270 21.517241 2.515346
vertex 8.732393 21.517241 1.897950
vertex 8.756868 22.344828 1.835425
endloop
endfacet
facet normal 0.642384 -0.002669 0.766378
outer loop
vertex 7.942270 21.517241 2.515346
vertex 8.756868 22.344828 1.835425
vertex 7.988338 22.344828 2.479613
endloop
endfacet
facet normal 0.833817 0.017584 0.551761
outer loop
vertex 8.732393 21.517241 1.897950
vertex 9.285748 21.517241 1.061725
vertex 9.309878 22.344828 0.998885
endloop
endfacet
facet normal 0.834079 0.016991 0.551383
outer loop
vertex 8.732393 21.517241 1.897950
vertex 9.309878 22.344828 0.998885
vertex 8.756868 22.344828 1.835425
endloop
endfacet
facet normal 0.780375 0.029949 0.624594
outer loop
vertex 9.285748 21.517241 1.061725
vertex 9.912330 21.517241 0.278867
vertex 9.933089 22.344828 0.213248
endloop
endfacet
facet normal 0.783208 0.024339 0.621283
outer loop
vertex 9.285748 21.517241 1.061725
vertex 9.933089 22.344828 0.213248
vertex 9.309878 22.344828 0.998885
endloop
endfacet
facet normal -0.545036 -0.029757 0.837884
outer loop
vertex 11.902281 21.517241 0.080991
vertex 12.742827 21.517241 0.627759
vertex 12.738293 22.344828 0.654200
endloop
endfacet
facet normal -0.573653 0.012226 0.819007
outer loop
vertex 11.902281 21.517241 0.080991
vertex 12.738293 22.344828 0.654200
vertex 11.916927 22.344828 0.078895
endloop
endfacet
facet normal -0.853064 -0.051479 0.519260
outer loop
vertex 12.742827 21.517241 0.627759
vertex 13.264197 21.517241 1.484290
vertex 13.238151 22.344828 1.523545
endloop
endfacet
facet normal -0.866728 -0.020671 0.498353
outer loop
vertex 12.742827 21.517241 0.627759
vertex 13.238151 22.344828 1.523545
vertex 12.738293 22.344828 0.654200
endloop
endfacet
facet normal -0.792064 -0.042323 0.608969
outer loop
vertex 13.264197 21.517241 1.484290
vertex 13.875378 21.517241 2.279231
vertex 13.856894 22.344828 2.312706
endloop
endfacet
facet normal -0.785807 -0.053956 0.616114
outer loop
vertex 13.264197 21.517241 1.484290
vertex 13.856894 22.344828 2.312706
vertex 13.238151 22.344828 1.523545
endloop
endfacet
facet normal -0.524858 -0.002373 0.851187
outer loop
vertex 13.875378 21.517241 2.279231
vertex 14.728893 21.517241 2.805524
vertex 14.728930 22.344828 2.807854
endloop
endfacet
facet normal -0.493237 -0.046153 0.868670
outer loop
vertex 13.875378 21.517241 2.279231
vertex 14.728930 22.344828 2.807854
vertex 13.856894 22.344828 2.312706
endloop
endfacet
facet normal 0.402650 -0.028263 0.914918
outer loop
vertex 14.728893 21.517241 2.805524
vertex 15.646678 21.517241 2.401613
vertex 15.655135 22.344828 2.423456
endloop
endfacet
facet normal 0.383322 -0.002617 0.923611
outer loop
vertex 14.728893 21.517241 2.805524
vertex 15.655135 22.344828 2.423456
vertex 14.728930 22.344828 2.807854
endloop
endfacet
facet normal 0.788329 -0.029873 0.614528
outer loop
vertex 15.646678 21.517241 2.401613
vertex 16.263160 21.517241 1.610776
vertex 16.275310 22.344828 1.635420
endloop
endfacet
facet normal 0.785598 -0.024346 0.618257
outer loop
vertex 15.646678 21.517241 2.401613
vertex 16.275310 22.344828 1.635420
vertex 15.655135 22.344828 2.423456
endloop
endfacet
facet normal -0.801465 -0.355490 0.480916
outer loop
vertex 5.899348 22.344828 0.499420
vertex 6.415316 22.344828 1.359301
vertex 6.123096 23.172414 1.484051
endloop
endfacet
facet normal -0.641828 -0.508941 0.573617
outer loop
vertex 5.899348 22.344828 0.499420
vertex 6.123096 23.172414 1.484051
vertex 5.477959 23.172414 0.762197
endloop
endfacet
facet normal -0.776981 0.060675 0.626593
outer loop
vertex 6.415316 22.344828 1.359301
vertex 7.044827 22.344828 2.139900
vertex 6.965420 23.172414 1.961298
endloop
endfacet
facet normal -0.471486 -0.291920 0.832156
outer loop
vertex 6.415316 22.344828 1.359301
vertex 6.965420 23.172414 1.961298
vertex 6.123096 23.172414 1.484051
endloop
endfacet
facet normal -0.311354 0.394046 0.864746
outer loop
vertex 7.044827 22.344828 2.139900
vertex 7.988338 22.344828 2.479613
vertex 7.926228 23.172414 2.080137
endloop
endfacet
facet normal -0.120312 0.198378 0.972713
outer loop
vertex 7.044827 22.344828 2.139900
vertex 7.926228 23.172414 2.080137
vertex 6.965420 23.172414 1.961298
endloop
endfacet
facet normal 0.628032 0.210223 0.749255
outer loop
vertex 7.988338 22.344828 2.479613
vertex 8.756868 22.344828 1.835425
vertex 8.764897 23.172414 1.596494
endloop
endfacet
facet normal 0.454598 0.414631 0.788303
outer loop
vertex 7.988338 22.344828 2.479613
vertex 8.764897 23.172414 1.596494
vertex 7.926228 23.172414 2.080137
endloop
endfacet
facet normal 0.832668 0.060569 0.550450
outer loop
vertex 8.756868 22.344828 1.835425
vertex 9.309878 22.344828 0.998885
vertex 9.359623 23.172414 0.832573
endloop
endfacet
facet normal 0.777947 0.167308 0.605646
outer loop
vertex 8.756868 22.344828 1.835425
vertex 9.359623 23.172414 0.832573
vertex 8.764897 23.172414 1.596494
endloop
endfacet
facet normal 0.783015 0.032930 0.621130
outer loop
vertex 9.309878 22.344828 0.998885
vertex 9.933089 22.344828 0.213248
vertex 9.989921 23.172414 0.097727
endloop
endfacet
facet normal 0.756296 0.084903 0.648697
outer loop
vertex 9.309878 22.344828 0.998885
vertex 9.989921 23.172414 0.097727
vertex 9.359623 23.172414 0.832573
endloop
endfacet
facet normal -0.573068 -0.046764 0.818172
outer loop
vertex 11.916927 22.344828 0.078895
vertex 12.738293 22.344828 0.654200
vertex 12.686914 23.172414 0.665515
endloop
endfacet
facet normal -0.605676 -0.000504 0.795711
outer loop
vertex 11.916927 22.344828 0.078895
vertex 12.686914 23.172414 0.665515
vertex 11.916562 23.172414 0.079142
endloop
endfacet
facet normal -0.866591 -0.027253 0.498274
outer loop
vertex 12.738293 22.344828 0.654200
vertex 13.238151 22.344828 1.523545
vertex 13.193234 23.172414 1.490691
endloop
endfacet
facet normal -0.850807 -0.059958 0.522047
outer loop
vertex 12.738293 22.344828 0.654200
vertex 13.193234 23.172414 1.490691
vertex 12.686914 23.172414 0.665515
endloop
endfacet
facet normal -0.772021 0.193879 0.605305
outer loop
vertex 13.238151 22.344828 1.523545
vertex 13.856894 22.344828 2.312706
vertex 13.920900 23.172414 2.129265
endloop
endfacet
facet normal -0.659584 -0.005960 0.751607
outer loop
vertex 13.238151 22.344828 1.523545
vertex 13.920900 23.172414 2.129265
vertex 13.193234 23.172414 1.490691
endloop
endfacet
facet normal -0.433047 0.480428 0.762666
outer loop
vertex 13.856894 22.344828 2.312706
vertex 14.728930 22.344828 2.807854
vertex 14.860787 23.172414 2.361401
endloop
endfacet
facet normal -0.233484 0.227601 0.945348
outer loop
vertex 13.856894 22.344828 2.312706
vertex 14.860787 23.172414 2.361401
vertex 13.920900 23.172414 2.129265
endloop
endfacet
facet normal 0.371319 0.248299 0.894690
outer loop
vertex 14.728930 22.344828 2.807854
vertex 15.655135 22.344828 2.423456
vertex 15.801588 23.172414 2.132998
endloop
endfacet
facet normal 0.212136 0.437583 0.873796
outer loop
vertex 14.728930 22.344828 2.807854
vertex 15.801588 23.172414 2.132998
vertex 14.860787 23.172414 2.361401
endloop
endfacet
facet normal 0.781712 0.102261 0.615199
outer loop
vertex 15.655135 22.344828 2.423456
vertex 16.275310 22.344828 1.635420
vertex 16.384049 23.172414 1.359684
endloop
endfacet
facet normal 0.796832 0.069632 0.600175
outer loop
vertex 15.655135 22.344828 2.423456
vertex 16.384049 23.172414 1.359684
vertex 15.801588 23.172414 2.132998
endloop
endfacet
facet normal -0.640026 0.513006 0.572006
outer loop
vertex 5.477959 23.172414 0.762197
vertex 6.123096 23.172414 1.484051
vertex 6.040971 24.000000 0.649934
endloop
endfacet
facet normal -0.458562 0.418319 0.784047
outer loop
vertex 5.477959 23.172414 0.762197
vertex 6.040971 24.000000 0.649934
vertex 5.278364 24.000000 0.203912
endloop
endfacet
facet normal -0.320939 0.759038 0.566445
outer loop
vertex 6.123096 23.172414 1.484051
vertex 6.965420 23.172414 1.961298
vertex 6.907954 24.000000 0.819771
endloop
endfacet
facet normal -0.137987 0.696263 0.704398
outer loop
vertex 6.123096 23.172414 1.484051
vertex 6.907954 24.000000 0.819771
vertex 6.040971 24.000000 0.649934
endloop
endfacet
facet normal -0.067567 0.834878 0.546272
outer loop
vertex 6.965420 23.172414 1.961298
vertex 7.926228 23.172414 2.080137
vertex 7.791162 24.000000 0.798616
endloop
endfacet
facet normal 0.014046 0.809874 0.586436
outer loop
vertex 6.965420 23.172414 1.961298
vertex 7.791162 24.000000 0.798616
vertex 6.907954 24.000000 0.819771
endloop
endfacet
facet normal 0.426670 0.520134 0.739874
outer loop
vertex 7.926228 23.172414 2.080137
vertex 8.764897 23.172414 1.596494
vertex 8.622847 24.000000 1.096615
endloop
endfacet
facet normal -0.195806 0.814263 0.546476
outer loop
vertex 7.926228 23.172414 2.080137
vertex 8.622847 24.000000 1.096615
vertex 7.791162 24.000000 0.798616
endloop
endfacet
facet normal 0.788825 -0.024903 0.614114
outer loop
vertex 8.764897 23.172414 1.596494
vertex 9.359623 23.172414 0.832573
vertex 9.440559 24.000000 0.762171
endloop
endfacet
facet normal 0.321156 0.529416 0.785224
outer loop
vertex 8.764897 23.172414 1.596494
vertex 9.440559 24.000000 0.762171
vertex 8.622847 24.000000 1.096615
endloop
endfacet
facet normal 0.757722 -0.058825 0.649920
outer loop
vertex 9.359623 23.172414 0.832573
vertex 9.989921 23.172414 0.097727
vertex 10.040505 24.000000 0.113659
endloop
endfacet
facet normal 0.733987 -0.014019 0.679019
outer loop
vertex 9.359623 23.172414 0.832573
vertex 10.040505 24.000000 0.113659
vertex 9.440559 24.000000 0.762171
endloop
endfacet
facet normal -0.584205 0.263899 0.767503
outer loop
vertex 11.916562 23.172414 0.079142
vertex 12.686914 23.172414 0.665515
vertex 12.624948 24.000000 0.333791
endloop
endfacet
facet normal -0.712245 0.549285 0.437027
outer loop
vertex 12.686914 23.172414 0.665515
vertex 13.193234 23.172414 1.490691
vertex 13.391307 24.000000 0.773335
endloop
endfacet
facet normal -0.475154 0.296492 0.828445
outer loop
vertex 12.686914 23.172414 0.665515
vertex 13.391307 24.000000 0.773335
vertex 12.624948 24.000000 0.333791
endloop
endfacet
facet normal -0.420564 0.770360 0.479240
outer loop
vertex 13.193234 23.172414 1.490691
vertex 13.920900 23.172414 2.129265
vertex 14.224960 24.000000 1.065784
endloop
endfacet
facet normal -0.246398 0.667797 0.702378
outer loop
vertex 13.193234 23.172414 1.490691
vertex 14.224960 24.000000 1.065784
vertex 13.391307 24.000000 0.773335
endloop
endfacet
facet normal -0.141772 0.806478 0.574016
outer loop
vertex 13.920900 23.172414 2.129265
vertex 14.860787 23.172414 2.361401
vertex 15.087970 24.000000 1.254772
endloop
endfacet
facet normal -0.128316 0.800120 0.585955
outer loop
vertex 13.920900 23.172414 2.129265
vertex 15.087970 24.000000 1.254772
vertex 14.224960 24.000000 1.065784
endloop
endfacet
facet normal 0.171780 0.685448 0.707568
outer loop
vertex 14.860787 23.172414 2.361401
vertex 15.801588 23.172414 2.132998
vertex 15.970720 24.000000 1.290224
endloop
endfacet
facet normal -0.023918 0.802947 0.595570
outer loop
vertex 14.860787 23.172414 2.361401
vertex 15.970720 24.000000 1.290224
vertex 15.087970 24.000000 1.254772
endloop
endfacet
facet normal 0.764292 0.290633 0.575665
outer loop
vertex 15.801588 23.172414 2.132998
vertex 16.384049 23.172414 1.359684
vertex 16.593577 24.000000 0.663682
endloop
endfacet
facet normal 0.615326 0.497180 0.611707
outer loop
vertex 15.801588 23.172414 2.132998
vertex 16.593577 24.000000 0.663682
vertex 15.970720 24.000000 1.290224
endloop
endfacet
facet normal -0.089020 -0.507365 -0.857121
outer loop
vertex 0.726536 0.827586 -0.565340
vertex 0.884552 0.000000 -0.091869
vertex 0.000000 0.000000 0.000000
endloop
endfacet
facet normal -0.614073 -0.000058 -0.789249
outer loop
vertex 0.000000 0.827586 -0.000060
vertex 0.726536 0.827586 -0.565340
vertex 0.000000 0.000000 0.000000
endloop
endfacet
facet normal -0.625809 -0.546546 -0.556462
outer loop
vertex 1.253770 0.827586 -1.319938
vertex 1.475489 0.000000 -0.756449
vertex 0.884552 0.000000 -0.091869
endloop
endfacet
facet normal -0.737799 -0.435794 -0.515496
outer loop
vertex 0.726536 0.827586 -0.565340
vertex 1.253770 0.827586 -1.319938
vertex 0.884552 0.000000 -0.091869
endloop
endfacet
facet normal -0.290199 -0.774905 -0.561522
outer loop
vertex 1.795733 0.827586 -2.064029
vertex 2.265530 0.000000 -1.164748
vertex 1.475489 0.000000 -0.756449
endloop
endfacet
facet normal -0.687785 -0.525355 -0.500953
outer loop
vertex 1.253770 0.827586 -1.319938
vertex 1.795733 0.827586 -2.064029
vertex 1.475489 0.000000 -0.756449
endloop
endfacet
facet normal -0.101312 -0.829912 -0.548618
outer loop
vertex 2.616206 0.827586 -2.481424
vertex 3.140053 0.000000 -1.326244
vertex 2.265530 0.000000 -1.164748
endloop
endfacet
facet normal -0.286608 -0.774890 -0.563384
outer loop
vertex 1.795733 0.827586 -2.064029
vertex 2.616206 0.827586 -2.481424
vertex 2.265530 0.000000 -1.164748
endloop
endfacet
facet normal -0.041224 -0.813125 -0.580628
outer loop
vertex 3.536193 0.827586 -2.513340
vertex 4.027130 0.000000 -1.389225
vertex 3.140053 0.000000 -1.326244
endloop
endfacet
facet normal -0.019992 -0.817022 -0.576260
outer loop
vertex 2.616206 0.827586 -2.481424
vertex 3.536193 0.827586 -2.513340
vertex 3.140053 0.000000 -1.326244
endloop
endfacet
facet normal 0.007474 -0.796495 -0.604598
outer loop
vertex 4.455900 0.827586 -2.474183
vertex 4.916373 0.000000 -1.378232
vertex 4.027130 0.000000 -1.389225
endloop
endfacet
facet normal 0.025540 -0.799678 -0.599886
outer loop
vertex 3.536193 0.827586 -2.513340
vertex 4.455900 0.827586 -2.474183
vertex 4.027130 0.000000 -1.389225
endloop
endfacet
facet normal -0.014641 -0.781888 -0.623247
outer loop
vertex 5.375244 0.827586 -2.427253
vertex 5.805438 0.000000 -1.399118
vertex 4.916373 0.000000 -1.378232
endloop
endfacet
facet normal 0.031171 -0.791301 -0.610632
outer loop
vertex 4.455900 0.827586 -2.474183
vertex 5.375244 0.827586 -2.427253
vertex 4.916373 0.000000 -1.378232
endloop
endfacet
facet normal 0.020381 -0.780442 -0.624896
outer loop
vertex 6.295724 0.827586 -2.416712
vertex 6.694275 0.000000 -1.370128
vertex 5.805438 0.000000 -1.399118
endloop
endfacet
facet normal 0.007201 -0.777494 -0.628849
outer loop
vertex 5.375244 0.827586 -2.427253
vertex 6.295724 0.827586 -2.416712
vertex 5.805438 0.000000 -1.399118
endloop
endfacet
facet normal 0.043178 -0.802549 -0.595021
outer loop
vertex 7.215715 0.827586 -2.448517
vertex 7.581253 0.000000 -1.305765
vertex 6.694275 0.000000 -1.370128
endloop
endfacet
facet normal -0.021265 -0.788142 -0.615126
outer loop
vertex 6.295724 0.827586 -2.416712
vertex 7.215715 0.827586 -2.448517
vertex 6.694275 0.000000 -1.370128
endloop
endfacet
facet normal 0.226459 -0.791191 -0.568096
outer loop
vertex 8.113723 0.827586 -2.246093
vertex 8.407347 0.000000 -0.976460
vertex 7.581253 0.000000 -1.305765
endloop
endfacet
facet normal 0.137375 -0.780845 -0.609434
outer loop
vertex 7.215715 0.827586 -2.448517
vertex 8.113723 0.827586 -2.246093
vertex 7.581253 0.000000 -1.305765
endloop
endfacet
facet normal 0.143362 -0.843258 -0.518038
outer loop
vertex 9.029386 0.827586 -2.151454
vertex 9.264442 0.000000 -0.739268
vertex 8.407347 0.000000 -0.976460
endloop
endfacet
facet normal 0.057304 -0.830251 -0.554436
outer loop
vertex 8.113723 0.827586 -2.246093
vertex 9.029386 0.827586 -2.151454
vertex 8.407347 0.000000 -0.976460
endloop
endfacet
facet normal 0.036650 -0.872120 -0.487918
outer loop
vertex 9.949794 0.827586 -2.167041
vertex 10.151254 0.000000 -0.672656
vertex 9.264442 0.000000 -0.739268
endloop
endfacet
facet normal -0.008544 -0.863352 -0.504530
outer loop
vertex 9.029386 0.827586 -2.151454
vertex 9.949794 0.827586 -2.167041
vertex 9.264442 0.000000 -0.739268
endloop
endfacet
facet normal -0.340681 -0.783448 -0.519755
outer loop
vertex 10.846367 0.827586 -2.375731
vertex 10.895028 0.000000 -1.160172
vertex 10.151254 0.000000 -0.672656
endloop
endfacet
facet normal -0.109452 -0.875734 -0.470224
outer loop
vertex 9.949794 0.827586 -2.167041
vertex 10.846367 0.827586 -2.375731
vertex 10.151254 0.000000 -0.672656
endloop
endfacet
facet normal -0.046368 -0.841017 -0.539018
outer loop
vertex 11.754662 0.827586 -2.525384
vertex 11.781066 0.000000 -1.236393
vertex 10.895028 0.000000 -1.160172
endloop
endfacet
facet normal -0.091917 -0.824817 -0.557878
outer loop
vertex 10.846367 0.827586 -2.375731
vertex 11.754662 0.827586 -2.525384
vertex 10.895028 0.000000 -1.160172
endloop
endfacet
facet normal -0.150784 -0.806095 -0.572254
outer loop
vertex 12.668532 0.827586 -2.635997
vertex 12.641025 0.000000 -1.462985
vertex 11.781066 0.000000 -1.236393
endloop
endfacet
facet normal -0.065140 -0.840309 -0.538179
outer loop
vertex 11.754662 0.827586 -2.525384
vertex 12.668532 0.827586 -2.635997
vertex 11.781066 0.000000 -1.236393
endloop
endfacet
facet normal 0.234346 -0.823984 -0.515881
outer loop
vertex 13.550336 0.827586 -2.371768
vertex 13.450708 0.000000 -1.095174
vertex 12.641025 0.000000 -1.462985
endloop
endfacet
facet normal 0.169448 -0.807158 -0.565494
outer loop
vertex 12.668532 0.827586 -2.635997
vertex 13.550336 0.827586 -2.371768
vertex 12.641025 0.000000 -1.462985
endloop
endfacet
facet normal 0.133022 -0.871190 -0.472582
outer loop
vertex 14.470096 0.827586 -2.333869
vertex 14.306753 0.000000 -0.854216
vertex 13.450708 0.000000 -1.095174
endloop
endfacet
facet normal 0.022359 -0.839690 -0.542606
outer loop
vertex 13.550336 0.827586 -2.371768
vertex 14.470096 0.827586 -2.333869
vertex 13.450708 0.000000 -1.095174
endloop
endfacet
facet normal -0.248702 -0.799396 -0.546913
outer loop
vertex 15.365973 0.827586 -2.545527
vertex 15.116292 0.000000 -1.222345
vertex 14.306753 0.000000 -0.854216
endloop
endfacet
facet normal -0.116853 -0.861232 -0.494596
outer loop
vertex 14.470096 0.827586 -2.333869
vertex 15.365973 0.827586 -2.545527
vertex 14.306753 0.000000 -0.854216
endloop
endfacet
facet normal -0.243425 -0.722441 -0.647166
outer loop
vertex 16.285622 0.827586 -2.586022
vertex 15.948667 0.000000 -1.535434
vertex 15.116292 0.000000 -1.222345
endloop
endfacet
facet normal -0.023483 -0.845594 -0.533309
outer loop
vertex 15.365973 0.827586 -2.545527
vertex 16.285622 0.827586 -2.586022
vertex 15.116292 0.000000 -1.222345
endloop
endfacet
facet normal 0.114352 -0.827553 -0.549618
outer loop
vertex 17.203819 0.827586 -2.520377
vertex 16.819332 0.000000 -1.354286
vertex 15.948667 0.000000 -1.535434
endloop
endfacet
facet normal 0.043579 -0.791547 -0.609553
outer loop
vertex 16.285622 0.827586 -2.586022
vertex 17.203819 0.827586 -2.520377
vertex 15.948667 0.000000 -1.535434
endloop
endfacet
facet normal 0.020835 -0.808394 -0.588273
outer loop
vertex 18.121303 0.827586 -2.445429
vertex 17.708085 0.000000 -1.322809
vertex 16.819332 0.000000 -1.354286
endloop
endfacet
facet normal 0.046393 -0.821773 -0.567924
outer loop
vertex 17.203819 0.827586 -2.520377
vertex 18.121303 0.827586 -2.445429
vertex 16.819332 0.000000 -1.354286
endloop
endfacet
facet normal 0.151339 -0.863942 -0.480314
outer loop
vertex 19.040271 0.827586 -2.391641
vertex 18.556288 0.000000 -1.055554
vertex 17.708085 0.000000 -1.322809
endloop
endfacet
facet normal 0.034231 -0.810426 -0.584840
outer loop
vertex 18.121303 0.827586 -2.445429
vertex 19.040271 0.827586 -2.391641
vertex 17.708085 0.000000 -1.322809
endloop
endfacet
facet normal -0.015526 -0.857160 -0.514816
outer loop
vertex 19.956964 0.827586 -2.475715
vertex 19.445194 0.000000 -1.082362
vertex 18.556288 0.000000 -1.055554
endloop
endfacet
facet normal -0.049416 -0.840977 -0.538810
outer loop
vertex 19.040271 0.827586 -2.391641
vertex 19.956964 0.827586 -2.475715
vertex 18.556288 0.000000 -1.055554
endloop
endfacet
facet normal -0.038339 -0.794823 -0.605630
outer loop
vertex 20.851264 0.827586 -2.257488
vertex 20.332727 0.000000 -1.138546
vertex 19.445194 0.000000 -1.082362
endloop
endfacet
facet normal 0.116002 -0.872100 -0.475379
outer loop
vertex 19.956964 0.827586 -2.475715
vertex 20.851264 0.827586 -2.257488
vertex 19.445194 0.000000 -1.082362
endloop
endfacet
facet normal 0.243557 -0.677580 -0.693949
outer loop
vertex 21.446853 0.827586 -1.555585
vertex 21.171855 0.000000 -0.844036
vertex 20.332727 0.000000 -1.138546
endloop
endfacet
facet normal 0.453307 -0.804089 -0.384647
outer loop
vertex 20.851264 0.827586 -2.257488
vertex 21.446853 0.827586 -1.555585
vertex 20.332727 0.000000 -1.138546
endloop
endfacet
facet normal 0.616773 -0.605735 -0.502669
outer loop
vertex 22.002729 0.827586 -0.821829
vertex 21.733685 0.000000 -0.154673
vertex 21.171855 0.000000 -0.844036
endloop
endfacet
facet normal 0.627273 -0.617014 -0.475207
outer loop
vertex 21.446853 0.827586 -1.555585
vertex 22.002729 0.827586 -0.821829
vertex 21.171855 0.000000 -0.844036
endloop
endfacet
facet normal 0.623034 -0.603597 -0.497493
outer loop
vertex 22.002729 0.827586 -0.821829
vertex 22.577128 0.827586 -0.102482
vertex 21.733685 0.000000 -0.154673
endloop
endfacet
facet normal -0.544070 -0.463683 -0.699275
outer loop
vertex 0.475202 1.655172 -0.918555
vertex 0.726536 0.827586 -0.565340
vertex 0.000000 0.827586 -0.000060
endloop
endfacet
facet normal -0.862070 -0.063083 -0.502848
outer loop
vertex 0.000000 1.655172 -0.103881
vertex 0.475202 1.655172 -0.918555
vertex 0.000000 0.827586 -0.000060
endloop
endfacet
facet normal -0.722444 -0.472530 -0.504768
outer loop
vertex 0.985984 1.655172 -1.711404
vertex 1.253770 0.827586 -1.319938
vertex 0.726536 0.827586 -0.565340
endloop
endfacet
facet normal -0.755954 -0.437437 -0.487013
outer loop
vertex 0.475202 1.655172 -0.918555
vertex 0.985984 1.655172 -1.711404
vertex 0.726536 0.827586 -0.565340
endloop
endfacet
facet normal -0.738515 -0.406518 -0.537902
outer loop
vertex 1.602930 1.655172 -2.424766
vertex 1.795733 0.827586 -2.064029
vertex 1.253770 0.827586 -1.319938
endloop
endfacet
facet normal -0.661578 -0.484714 -0.572161
outer loop
vertex 0.985984 1.655172 -1.711404
vertex 1.602930 1.655172 -2.424766
vertex 1.253770 0.827586 -1.319938
endloop
endfacet
facet normal -0.372973 -0.568664 -0.733153
outer loop
vertex 2.356873 1.655172 -2.991405
vertex 2.616206 0.827586 -2.481424
vertex 1.795733 0.827586 -2.064029
endloop
endfacet
facet normal -0.539851 -0.438869 -0.718300
outer loop
vertex 1.602930 1.655172 -2.424766
vertex 2.356873 1.655172 -2.991405
vertex 1.795733 0.827586 -2.064029
endloop
endfacet
facet normal -0.026523 -0.644046 -0.764527
outer loop
vertex 3.276314 1.655172 -3.201493
vertex 3.536193 0.827586 -2.513340
vertex 2.616206 0.827586 -2.481424
endloop
endfacet
facet normal -0.185011 -0.556929 -0.809692
outer loop
vertex 2.356873 1.655172 -2.991405
vertex 3.276314 1.655172 -3.201493
vertex 2.616206 0.827586 -2.481424
endloop
endfacet
facet normal 0.032335 -0.649735 -0.759473
outer loop
vertex 4.219406 1.655172 -3.192259
vertex 4.455900 0.827586 -2.474183
vertex 3.536193 0.827586 -2.513340
endloop
endfacet
facet normal 0.007539 -0.637941 -0.770048
outer loop
vertex 3.276314 1.655172 -3.201493
vertex 4.219406 1.655172 -3.192259
vertex 3.536193 0.827586 -2.513340
endloop
endfacet
facet normal 0.038607 -0.653096 -0.756291
outer loop
vertex 5.161719 1.655172 -3.152816
vertex 5.375244 0.827586 -2.427253
vertex 4.455900 0.827586 -2.474183
endloop
endfacet
facet normal 0.031788 -0.649837 -0.759409
outer loop
vertex 4.219406 1.655172 -3.192259
vertex 5.161719 1.655172 -3.152816
vertex 4.455900 0.827586 -2.474183
endloop
endfacet
facet normal 0.008844 -0.635187 -0.772308
outer loop
vertex 6.103352 1.655172 -3.099566
vertex 6.295724 0.827586 -2.416712
vertex 5.375244 0.827586 -2.427253
endloop
endfacet
facet normal 0.042791 -0.652369 -0.756693
outer loop
vertex 5.161719 1.655172 -3.152816
vertex 6.103352 1.655172 -3.099566
vertex 5.375244 0.827586 -2.427253
endloop
endfacet
facet normal -0.025538 -0.673525 -0.738723
outer loop
vertex 7.041440 1.655172 -3.197038
vertex 7.215715 0.827586 -2.448517
vertex 6.295724 0.827586 -2.416712
endloop
endfacet
facet normal -0.078951 -0.645304 -0.759835
outer loop
vertex 6.103352 1.655172 -3.099566
vertex 7.041440 1.655172 -3.197038
vertex 6.295724 0.827586 -2.416712
endloop
endfacet
facet normal 0.156968 -0.700326 -0.696351
outer loop
vertex 7.980408 1.655172 -3.108455
vertex 8.113723 0.827586 -2.246093
vertex 7.215715 0.827586 -2.448517
endloop
endfacet
facet normal 0.070486 -0.660918 -0.747141
outer loop
vertex 7.041440 1.655172 -3.197038
vertex 7.980408 1.655172 -3.108455
vertex 7.215715 0.827586 -2.448517
endloop
endfacet
facet normal 0.072009 -0.713734 -0.696705
outer loop
vertex 8.918469 1.655172 -3.010732
vertex 9.029386 0.827586 -2.151454
vertex 8.113723 0.827586 -2.246093
endloop
endfacet
facet normal 0.072548 -0.713977 -0.696400
outer loop
vertex 7.980408 1.655172 -3.108455
vertex 8.918469 1.655172 -3.010732
vertex 8.113723 0.827586 -2.246093
endloop
endfacet
facet normal -0.011557 -0.730834 -0.682457
outer loop
vertex 9.860713 1.655172 -3.051782
vertex 9.949794 0.827586 -2.167041
vertex 9.029386 0.827586 -2.151454
endloop
endfacet
facet normal -0.030120 -0.721877 -0.691365
outer loop
vertex 8.918469 1.655172 -3.010732
vertex 9.860713 1.655172 -3.051782
vertex 9.029386 0.827586 -2.151454
endloop
endfacet
facet normal -0.165236 -0.684664 -0.709882
outer loop
vertex 10.797329 1.655172 -3.162505
vertex 10.846367 0.827586 -2.375731
vertex 9.949794 0.827586 -2.167041
endloop
endfacet
facet normal -0.079988 -0.731968 -0.676628
outer loop
vertex 9.860713 1.655172 -3.051782
vertex 10.797329 1.655172 -3.162505
vertex 9.949794 0.827586 -2.167041
endloop
endfacet
facet normal -0.119400 -0.678661 -0.724681
outer loop
vertex 11.730900 1.655172 -3.296500
vertex 11.754662 0.827586 -2.525384
vertex 10.846367 0.827586 -2.375731
endloop
endfacet
facet normal -0.103031 -0.688543 -0.717839
outer loop
vertex 10.797329 1.655172 -3.162505
vertex 11.730900 1.655172 -3.296500
vertex 10.846367 0.827586 -2.375731
endloop
endfacet
facet normal -0.086313 -0.695720 -0.713108
outer loop
vertex 12.662638 1.655172 -3.442690
vertex 12.668532 0.827586 -2.635997
vertex 11.754662 0.827586 -2.525384
endloop
endfacet
facet normal -0.113791 -0.679024 -0.725244
outer loop
vertex 11.730900 1.655172 -3.296500
vertex 12.662638 1.655172 -3.442690
vertex 11.754662 0.827586 -2.525384
endloop
endfacet
facet normal 0.201044 -0.713738 -0.670939
outer loop
vertex 13.584178 1.655172 -3.242006
vertex 13.550336 0.827586 -2.371768
vertex 12.668532 0.827586 -2.635997
endloop
endfacet
facet normal 0.154197 -0.689098 -0.708073
outer loop
vertex 12.662638 1.655172 -3.442690
vertex 13.584178 1.655172 -3.242006
vertex 12.668532 0.827586 -2.635997
endloop
endfacet
facet normal 0.029778 -0.690571 -0.722651
outer loop
vertex 14.519735 1.655172 -3.122671
vertex 14.470096 0.827586 -2.333869
vertex 13.550336 0.827586 -2.371768
endloop
endfacet
facet normal 0.087338 -0.723567 -0.684707
outer loop
vertex 13.584178 1.655172 -3.242006
vertex 14.519735 1.655172 -3.122671
vertex 13.550336 0.827586 -2.371768
endloop
endfacet
facet normal -0.182068 -0.610721 -0.770630
outer loop
vertex 15.457520 1.655172 -3.223014
vertex 15.365973 0.827586 -2.545527
vertex 14.470096 0.827586 -2.333869
endloop
endfacet
facet normal -0.077469 -0.685430 -0.724006
outer loop
vertex 14.519735 1.655172 -3.122671
vertex 15.457520 1.655172 -3.223014
vertex 14.470096 0.827586 -2.333869
endloop
endfacet
facet normal -0.033702 -0.642685 -0.765389
outer loop
vertex 16.398558 1.655172 -3.285906
vertex 16.285622 0.827586 -2.586022
vertex 15.365973 0.827586 -2.545527
endloop
endfacet
facet normal -0.051832 -0.629155 -0.775550
outer loop
vertex 15.457520 1.655172 -3.223014
vertex 16.398558 1.655172 -3.285906
vertex 15.365973 0.827586 -2.545527
endloop
endfacet
facet normal 0.052199 -0.681322 -0.730121
outer loop
vertex 17.341691 1.655172 -3.282793
vertex 17.203819 0.827586 -2.520377
vertex 16.285622 0.827586 -2.586022
endloop
endfacet
facet normal 0.002520 -0.645936 -0.763387
outer loop
vertex 16.398558 1.655172 -3.285906
vertex 17.341691 1.655172 -3.282793
vertex 16.285622 0.827586 -2.586022
endloop
endfacet
facet normal 0.059524 -0.682277 -0.728667
outer loop
vertex 18.281795 1.655172 -3.207217
vertex 18.121303 0.827586 -2.445429
vertex 17.203819 0.827586 -2.520377
endloop
endfacet
facet normal 0.058630 -0.681656 -0.729320
outer loop
vertex 17.341691 1.655172 -3.282793
vertex 18.281795 1.655172 -3.207217
vertex 17.203819 0.827586 -2.520377
endloop
endfacet
facet normal 0.041789 -0.698927 -0.713971
outer loop
vertex 19.224793 1.655172 -3.190989
vertex 19.040271 0.827586 -2.391641
vertex 18.121303 0.827586 -2.445429
endloop
endfacet
facet normal 0.012640 -0.678525 -0.734468
outer loop
vertex 18.281795 1.655172 -3.207217
vertex 19.224793 1.655172 -3.190989
vertex 18.121303 0.827586 -2.445429
endloop
endfacet
facet normal -0.067457 -0.674142 -0.735515
outer loop
vertex 20.165864 1.655172 -3.253404
vertex 19.956964 0.827586 -2.475715
vertex 19.040271 0.827586 -2.391641
endloop
endfacet
facet normal -0.048003 -0.688370 -0.723769
outer loop
vertex 19.224793 1.655172 -3.190989
vertex 20.165864 1.655172 -3.253404
vertex 19.040271 0.827586 -2.391641
endloop
endfacet
facet normal 0.196230 -0.561098 -0.804154
outer loop
vertex 20.993051 1.655172 -2.800337
vertex 20.851264 0.827586 -2.257488
vertex 19.956964 0.827586 -2.475715
endloop
endfacet
facet normal 0.349072 -0.687005 -0.637317
outer loop
vertex 20.165864 1.655172 -3.253404
vertex 20.993051 1.655172 -2.800337
vertex 19.956964 0.827586 -2.475715
endloop
endfacet
facet normal 0.624998 -0.572822 -0.530333
outer loop
vertex 21.689129 1.655172 -2.163954
vertex 21.446853 0.827586 -1.555585
vertex 20.851264 0.827586 -2.257488
endloop
endfacet
facet normal 0.578666 -0.514318 -0.632947
outer loop
vertex 20.993051 1.655172 -2.800337
vertex 21.689129 1.655172 -2.163954
vertex 20.851264 0.827586 -2.257488
endloop
endfacet
facet normal 0.667741 -0.546097 -0.505865
outer loop
vertex 22.241774 1.655172 -1.399695
vertex 22.002729 0.827586 -0.821829
vertex 21.446853 0.827586 -1.555585
endloop
endfacet
facet normal 0.673833 -0.555454 -0.487257
outer loop
vertex 21.689129 1.655172 -2.163954
vertex 22.241774 1.655172 -1.399695
vertex 21.446853 0.827586 -1.555585
endloop
endfacet
facet normal 0.666644 -0.521753 -0.532315
outer loop
vertex 22.797496 1.655172 -0.637669
vertex 22.577128 0.827586 -0.102482
vertex 22.002729 0.827586 -0.821829
endloop
endfacet
facet normal 0.679042 -0.541917 -0.495204
outer loop
vertex 22.241774 1.655172 -1.399695
vertex 22.797496 1.655172 -0.637669
vertex 22.002729 0.827586 -0.821829
endloop
endfacet
facet normal 0.561543 -0.549559 -0.618590
outer loop
vertex 22.797496 1.655172 -0.637669
vertex 23.495817 1.655172 -0.003748
vertex 22.577128 0.827586 -0.102482
endloop
endfacet
facet normal -0.832527 -0.266600 -0.485616
outer loop
vertex 0.482244 2.482759 -1.384968
vertex 0.475202 1.655172 -0.918555
vertex 0.000000 1.655172 -0.103881
endloop
endfacet
facet normal -0.826083 -0.277713 -0.490369
outer loop
vertex 0.000000 2.482759 -0.572573
vertex 0.482244 2.482759 -1.384968
vertex 0.000000 1.655172 -0.103881
endloop
endfacet
facet normal -0.812647 -0.255957 -0.523537
outer loop
vertex 1.016843 2.482759 -2.163909
vertex 0.985984 1.655172 -1.711404
vertex 0.475202 1.655172 -0.918555
endloop
endfacet
facet normal -0.787102 -0.297749 -0.540200
outer loop
vertex 0.482244 2.482759 -1.384968
vertex 1.016843 2.482759 -2.163909
vertex 0.475202 1.655172 -0.918555
endloop
endfacet
facet normal -0.734455 -0.238981 -0.635188
outer loop
vertex 1.685369 2.482759 -2.831456
vertex 1.602930 1.655172 -2.424766
vertex 0.985984 1.655172 -1.711404
endloop
endfacet
facet normal -0.664700 -0.339191 -0.665675
outer loop
vertex 1.016843 2.482759 -2.163909
vertex 1.685369 2.482759 -2.831456
vertex 0.985984 1.655172 -1.711404
endloop
endfacet
facet normal -0.571557 -0.308191 -0.760487
outer loop
vertex 2.445063 2.482759 -3.393069
vertex 2.356873 1.655172 -2.991405
vertex 1.602930 1.655172 -2.424766
endloop
endfacet
facet normal -0.563511 -0.318455 -0.762261
outer loop
vertex 1.685369 2.482759 -2.831456
vertex 2.445063 2.482759 -3.393069
vertex 1.602930 1.655172 -2.424766
endloop
endfacet
facet normal -0.186989 -0.543453 -0.818348
outer loop
vertex 3.315616 2.482759 -3.760061
vertex 3.276314 1.655172 -3.201493
vertex 2.356873 1.655172 -2.991405
endloop
endfacet
facet normal -0.359944 -0.376046 -0.853833
outer loop
vertex 2.445063 2.482759 -3.393069
vertex 3.315616 2.482759 -3.760061
vertex 2.356873 1.655172 -2.991405
endloop
endfacet
facet normal 0.007918 -0.588087 -0.808759
outer loop
vertex 4.259765 2.482759 -3.793641
vertex 4.219406 1.655172 -3.192259
vertex 3.276314 1.655172 -3.201493
endloop
endfacet
facet normal -0.029490 -0.558231 -0.829161
outer loop
vertex 3.315616 2.482759 -3.760061
vertex 4.259765 2.482759 -3.793641
vertex 3.276314 1.655172 -3.201493
endloop
endfacet
facet normal 0.034136 -0.577739 -0.815507
outer loop
vertex 5.202835 2.482759 -3.737391
vertex 5.161719 1.655172 -3.152816
vertex 4.219406 1.655172 -3.192259
endloop
endfacet
facet normal 0.048129 -0.588706 -0.806913
outer loop
vertex 4.259765 2.482759 -3.793641
vertex 5.202835 2.482759 -3.737391
vertex 4.219406 1.655172 -3.192259
endloop
endfacet
facet normal 0.044413 -0.617424 -0.785376
outer loop
vertex 6.147525 2.482759 -3.747676
vertex 6.103352 1.655172 -3.099566
vertex 5.161719 1.655172 -3.152816
endloop
endfacet
facet normal -0.008895 -0.576627 -0.816959
outer loop
vertex 5.202835 2.482759 -3.737391
vertex 6.147525 2.482759 -3.747676
vertex 5.161719 1.655172 -3.152816
endloop
endfacet
facet normal -0.084104 -0.581162 -0.809430
outer loop
vertex 7.091015 2.482759 -3.796386
vertex 7.041440 1.655172 -3.197038
vertex 6.103352 1.655172 -3.099566
endloop
endfacet
facet normal -0.040667 -0.614708 -0.787706
outer loop
vertex 6.147525 2.482759 -3.747676
vertex 7.091015 2.482759 -3.796386
vertex 6.103352 1.655172 -3.099566
endloop
endfacet
facet normal 0.075971 -0.588005 -0.805282
outer loop
vertex 8.031609 2.482759 -3.707916
vertex 7.980408 1.655172 -3.108455
vertex 7.041440 1.655172 -3.197038
endloop
endfacet
facet normal 0.075757 -0.587837 -0.805425
outer loop
vertex 7.091015 2.482759 -3.796386
vertex 8.031609 2.482759 -3.707916
vertex 7.041440 1.655172 -3.197038
endloop
endfacet
facet normal 0.077740 -0.661115 -0.746246
outer loop
vertex 8.975878 2.482759 -3.737928
vertex 8.918469 1.655172 -3.010732
vertex 7.980408 1.655172 -3.108455
endloop
endfacet
facet normal -0.025756 -0.585381 -0.810349
outer loop
vertex 8.031609 2.482759 -3.707916
vertex 8.975878 2.482759 -3.737928
vertex 7.980408 1.655172 -3.108455
endloop
endfacet
facet normal -0.033015 -0.651650 -0.757801
outer loop
vertex 9.920206 2.482759 -3.766034
vertex 9.860713 1.655172 -3.051782
vertex 8.918469 1.655172 -3.010732
endloop
endfacet
facet normal -0.022375 -0.659034 -0.751780
outer loop
vertex 8.975878 2.482759 -3.737928
vertex 9.920206 2.482759 -3.766034
vertex 8.918469 1.655172 -3.010732
endloop
endfacet
facet normal -0.089975 -0.642355 -0.761107
outer loop
vertex 10.859401 2.482759 -3.868304
vertex 10.797329 1.655172 -3.162505
vertex 9.860713 1.655172 -3.051782
endloop
endfacet
facet normal -0.082473 -0.647737 -0.757387
outer loop
vertex 9.920206 2.482759 -3.766034
vertex 10.859401 2.482759 -3.868304
vertex 9.860713 1.655172 -3.051782
endloop
endfacet
facet normal -0.109024 -0.641198 -0.759592
outer loop
vertex 11.794322 2.482759 -4.004197
vertex 11.730900 1.655172 -3.296500
vertex 10.797329 1.655172 -3.162505
endloop
endfacet
facet normal -0.110510 -0.640117 -0.760288
outer loop
vertex 10.859401 2.482759 -3.868304
vertex 11.794322 2.482759 -4.004197
vertex 10.797329 1.655172 -3.162505
endloop
endfacet
facet normal -0.119964 -0.633259 -0.764586
outer loop
vertex 12.729457 2.482759 -4.138613
vertex 12.662638 1.655172 -3.442690
vertex 11.730900 1.655172 -3.296500
endloop
endfacet
facet normal -0.109182 -0.641179 -0.759584
outer loop
vertex 11.794322 2.482759 -4.004197
vertex 12.729457 2.482759 -4.138613
vertex 11.730900 1.655172 -3.296500
endloop
endfacet
facet normal 0.162555 -0.645281 -0.746450
outer loop
vertex 13.653585 2.482759 -3.942312
vertex 13.584178 1.655172 -3.242006
vertex 12.662638 1.655172 -3.442690
endloop
endfacet
facet normal 0.159152 -0.642891 -0.749241
outer loop
vertex 12.729457 2.482759 -4.138613
vertex 13.653585 2.482759 -3.942312
vertex 12.662638 1.655172 -3.442690
endloop
endfacet
facet normal 0.098751 -0.625214 -0.774180
outer loop
vertex 14.584754 2.482759 -3.782721
vertex 14.519735 1.655172 -3.122671
vertex 13.584178 1.655172 -3.242006
endloop
endfacet
facet normal 0.128824 -0.646855 -0.751653
outer loop
vertex 13.653585 2.482759 -3.942312
vertex 14.584754 2.482759 -3.782721
vertex 13.584178 1.655172 -3.242006
endloop
endfacet
facet normal -0.085038 -0.600955 -0.794747
outer loop
vertex 15.526638 2.482759 -3.856196
vertex 15.457520 1.655172 -3.223014
vertex 14.519735 1.655172 -3.122671
endloop
endfacet
facet normal -0.061055 -0.619432 -0.782672
outer loop
vertex 14.584754 2.482759 -3.782721
vertex 15.526638 2.482759 -3.856196
vertex 14.519735 1.655172 -3.122671
endloop
endfacet
facet normal -0.050793 -0.647929 -0.760005
outer loop
vertex 16.461039 2.482759 -3.995626
vertex 16.398558 1.655172 -3.285906
vertex 15.457520 1.655172 -3.223014
endloop
endfacet
facet normal -0.118386 -0.597117 -0.793370
outer loop
vertex 15.526638 2.482759 -3.856196
vertex 16.461039 2.482759 -3.995626
vertex 15.457520 1.655172 -3.223014
endloop
endfacet
facet normal 0.002527 -0.643481 -0.765458
outer loop
vertex 17.405626 2.482759 -3.978292
vertex 17.341691 1.655172 -3.282793
vertex 16.398558 1.655172 -3.285906
endloop
endfacet
facet normal 0.013920 -0.651524 -0.758500
outer loop
vertex 16.461039 2.482759 -3.995626
vertex 17.405626 2.482759 -3.978292
vertex 16.398558 1.655172 -3.285906
endloop
endfacet
facet normal 0.060286 -0.658777 -0.749919
outer loop
vertex 18.349076 2.482759 -3.928814
vertex 18.281795 1.655172 -3.207217
vertex 17.341691 1.655172 -3.282793
endloop
endfacet
facet normal 0.040036 -0.644664 -0.763417
outer loop
vertex 17.405626 2.482759 -3.978292
vertex 18.349076 2.482759 -3.928814
vertex 17.341691 1.655172 -3.282793
endloop
endfacet
facet normal 0.013177 -0.643097 -0.765672
outer loop
vertex 19.292801 2.482759 -3.884918
vertex 19.224793 1.655172 -3.190989
vertex 18.281795 1.655172 -3.207217
endloop
endfacet
facet normal 0.034971 -0.658404 -0.751852
outer loop
vertex 18.349076 2.482759 -3.928814
vertex 19.292801 2.482759 -3.884918
vertex 18.281795 1.655172 -3.207217
endloop
endfacet
facet normal -0.056228 -0.527353 -0.847784
outer loop
vertex 20.230835 2.482759 -3.772502
vertex 20.165864 1.655172 -3.253404
vertex 19.224793 1.655172 -3.190989
endloop
endfacet
facet normal 0.091008 -0.644231 -0.759397
outer loop
vertex 19.292801 2.482759 -3.884918
vertex 20.230835 2.482759 -3.772502
vertex 19.224793 1.655172 -3.190989
endloop
endfacet
facet normal 0.419842 -0.485973 -0.766526
outer loop
vertex 21.046472 2.482759 -3.295762
vertex 20.993051 1.655172 -2.800337
vertex 20.165864 1.655172 -3.253404
endloop
endfacet
facet normal 0.436298 -0.502456 -0.746446
outer loop
vertex 20.230835 2.482759 -3.772502
vertex 21.046472 2.482759 -3.295762
vertex 20.165864 1.655172 -3.253404
endloop
endfacet
facet normal 0.583930 -0.501082 -0.638704
outer loop
vertex 21.793678 2.482759 -2.717637
vertex 21.689129 1.655172 -2.163954
vertex 20.993051 1.655172 -2.800337
endloop
endfacet
facet normal 0.544480 -0.456421 -0.703720
outer loop
vertex 21.046472 2.482759 -3.295762
vertex 21.793678 2.482759 -2.717637
vertex 20.993051 1.655172 -2.800337
endloop
endfacet
facet normal 0.669987 -0.562494 -0.484476
outer loop
vertex 22.464561 2.482759 -2.052459
vertex 22.241774 1.655172 -1.399695
vertex 21.689129 1.655172 -2.163954
endloop
endfacet
facet normal 0.613256 -0.491280 -0.618515
outer loop
vertex 21.793678 2.482759 -2.717637
vertex 22.464561 2.482759 -2.052459
vertex 21.689129 1.655172 -2.163954
endloop
endfacet
facet normal 0.673464 -0.552478 -0.491136
outer loop
vertex 23.008149 2.482759 -1.279764
vertex 22.797496 1.655172 -0.637669
vertex 22.241774 1.655172 -1.399695
endloop
endfacet
facet normal 0.678215 -0.558909 -0.477122
outer loop
vertex 22.464561 2.482759 -2.052459
vertex 23.008149 2.482759 -1.279764
vertex 22.241774 1.655172 -1.399695
endloop
endfacet
facet normal 0.619910 -0.386496 -0.682885
outer loop
vertex 23.496828 2.482759 -0.471223
vertex 23.495817 1.655172 -0.003748
vertex 22.797496 1.655172 -0.637669
endloop
endfacet
facet normal 0.727643 -0.526427 -0.439785
outer loop
vertex 23.008149 2.482759 -1.279764
vertex 23.496828 2.482759 -0.471223
vertex 22.797496 1.655172 -0.637669
endloop
endfacet
facet normal -0.832856 -0.248859 -0.494389
outer loop
vertex 0.537384 3.310345 -1.894438
vertex 0.482244 2.482759 -1.384968
vertex 0.000000 2.482759 -0.572573
endloop
endfacet
facet normal -0.758773 -0.366911 -0.538182
outer loop
vertex 0.000000 3.310345 -1.136789
vertex 0.537384 3.310345 -1.894438
vertex 0.000000 2.482759 -0.572573
endloop
endfacet
facet normal -0.812273 -0.171565 -0.557475
outer loop
vertex 1.141410 3.310345 -2.600104
vertex 1.016843 2.482759 -2.163909
vertex 0.482244 2.482759 -1.384968
endloop
endfacet
facet normal -0.717115 -0.330097 -0.613826
outer loop
vertex 0.537384 3.310345 -1.894438
vertex 1.141410 3.310345 -2.600104
vertex 0.482244 2.482759 -1.384968
endloop
endfacet
facet normal -0.692690 -0.197358 -0.693707
outer loop
vertex 1.835776 3.310345 -3.217089
vertex 1.685369 2.482759 -2.831456
vertex 1.016843 2.482759 -2.163909
endloop
endfacet
facet normal -0.637252 -0.282082 -0.717175
outer loop
vertex 1.141410 3.310345 -2.600104
vertex 1.835776 3.310345 -3.217089
vertex 1.016843 2.482759 -2.163909
endloop
endfacet
facet normal -0.575200 -0.252481 -0.778073
outer loop
vertex 2.585518 3.310345 -3.765450
vertex 2.445063 2.482759 -3.393069
vertex 1.685369 2.482759 -2.831456
endloop
endfacet
facet normal -0.570109 -0.259602 -0.779476
outer loop
vertex 1.835776 3.310345 -3.217089
vertex 2.585518 3.310345 -3.765450
vertex 1.685369 2.482759 -2.831456
endloop
endfacet
facet normal -0.360086 -0.375141 -0.854170
outer loop
vertex 3.422379 3.310345 -4.168535
vertex 3.315616 2.482759 -3.760061
vertex 2.445063 2.482759 -3.393069
endloop
endfacet
facet normal -0.411876 -0.314865 -0.855113
outer loop
vertex 2.585518 3.310345 -3.765450
vertex 3.422379 3.310345 -4.168535
vertex 2.445063 2.482759 -3.393069
endloop
endfacet
facet normal -0.030460 -0.515347 -0.856440
outer loop
vertex 4.342666 3.310345 -4.294574
vertex 4.259765 2.482759 -3.793641
vertex 3.315616 2.482759 -3.760061
endloop
endfacet
facet normal -0.122731 -0.426474 -0.896134
outer loop
vertex 3.422379 3.310345 -4.168535
vertex 4.342666 3.310345 -4.294574
vertex 3.315616 2.482759 -3.760061
endloop
endfacet
facet normal 0.051291 -0.507846 -0.859920
outer loop
vertex 5.268720 3.310345 -4.222211
vertex 5.202835 2.482759 -3.737391
vertex 4.259765 2.482759 -3.793641
endloop
endfacet
facet normal 0.066469 -0.521541 -0.850633
outer loop
vertex 4.342666 3.310345 -4.294574
vertex 5.268720 3.310345 -4.222211
vertex 4.259765 2.482759 -3.793641
endloop
endfacet
facet normal -0.009686 -0.456502 -0.889670
outer loop
vertex 6.196286 3.310345 -4.172853
vertex 6.147525 2.482759 -3.747676
vertex 5.202835 2.482759 -3.737391
endloop
endfacet
facet normal 0.045781 -0.507655 -0.860343
outer loop
vertex 5.268720 3.310345 -4.222211
vertex 6.196286 3.310345 -4.172853
vertex 5.202835 2.482759 -3.737391
endloop
endfacet
facet normal -0.045717 -0.462365 -0.885511
outer loop
vertex 7.123393 3.310345 -4.230178
vertex 7.091015 2.482759 -3.796386
vertex 6.147525 2.482759 -3.747676
endloop
endfacet
facet normal -0.054996 -0.453718 -0.889447
outer loop
vertex 6.196286 3.310345 -4.172853
vertex 7.123393 3.310345 -4.230178
vertex 6.147525 2.482759 -3.747676
endloop
endfacet
facet normal 0.079446 -0.529403 -0.844643
outer loop
vertex 8.052254 3.310345 -4.224686
vertex 8.031609 2.482759 -3.707916
vertex 7.091015 2.482759 -3.796386
endloop
endfacet
facet normal 0.005236 -0.464408 -0.885606
outer loop
vertex 7.123393 3.310345 -4.230178
vertex 8.052254 3.310345 -4.224686
vertex 7.091015 2.482759 -3.796386
endloop
endfacet
facet normal -0.026780 -0.537941 -0.842557
outer loop
vertex 8.980192 3.310345 -4.266448
vertex 8.975878 2.482759 -3.737928
vertex 8.031609 2.482759 -3.707916
endloop
endfacet
facet normal -0.038165 -0.528581 -0.848025
outer loop
vertex 8.052254 3.310345 -4.224686
vertex 8.980192 3.310345 -4.266448
vertex 8.031609 2.482759 -3.707916
endloop
endfacet
facet normal -0.024437 -0.570356 -0.821034
outer loop
vertex 9.906111 3.310345 -4.340523
vertex 9.920206 2.482759 -3.766034
vertex 8.975878 2.482759 -3.737928
endloop
endfacet
facet normal -0.067285 -0.536764 -0.841045
outer loop
vertex 8.980192 3.310345 -4.266448
vertex 9.906111 3.310345 -4.340523
vertex 8.975878 2.482759 -3.737928
endloop
endfacet
facet normal -0.087674 -0.586553 -0.805152
outer loop
vertex 10.826256 3.310345 -4.467592
vertex 10.859401 2.482759 -3.868304
vertex 9.920206 2.482759 -3.766034
endloop
endfacet
facet normal -0.112597 -0.567913 -0.815351
outer loop
vertex 9.906111 3.310345 -4.340523
vertex 10.826256 3.310345 -4.467592
vertex 9.920206 2.482759 -3.766034
endloop
endfacet
facet normal -0.119123 -0.560493 -0.819547
outer loop
vertex 11.750141 3.310345 -4.563767
vertex 11.794322 2.482759 -4.004197
vertex 10.859401 2.482759 -3.868304
endloop
endfacet
facet normal -0.083850 -0.586646 -0.805491
outer loop
vertex 10.826256 3.310345 -4.467592
vertex 11.750141 3.310345 -4.563767
vertex 10.859401 2.482759 -3.868304
endloop
endfacet
facet normal -0.133693 -0.342097 -0.930105
outer loop
vertex 12.669974 3.310345 -4.434453
vertex 12.729457 2.482759 -4.138613
vertex 11.794322 2.482759 -4.004197
endloop
endfacet
facet normal 0.116077 -0.552079 -0.825673
outer loop
vertex 11.750141 3.310345 -4.563767
vertex 12.669974 3.310345 -4.434453
vertex 11.794322 2.482759 -4.004197
endloop
endfacet
facet normal 0.182420 -0.478774 -0.858778
outer loop
vertex 13.598655 3.310345 -4.415364
vertex 13.653585 2.482759 -3.942312
vertex 12.729457 2.482759 -4.138613
endloop
endfacet
facet normal 0.019360 -0.335315 -0.941907
outer loop
vertex 12.669974 3.310345 -4.434453
vertex 13.598655 3.310345 -4.415364
vertex 12.729457 2.482759 -4.138613
endloop
endfacet
facet normal 0.138709 -0.570743 -0.809328
outer loop
vertex 14.526710 3.310345 -4.376288
vertex 14.584754 2.482759 -3.782721
vertex 13.653585 2.482759 -3.942312
endloop
endfacet
facet normal 0.036575 -0.494091 -0.868640
outer loop
vertex 13.598655 3.310345 -4.415364
vertex 14.526710 3.310345 -4.376288
vertex 13.653585 2.482759 -3.942312
endloop
endfacet
facet normal -0.063462 -0.578057 -0.813525
outer loop
vertex 15.453499 3.310345 -4.438539
vertex 15.526638 2.482759 -3.856196
vertex 14.584754 2.482759 -3.782721
endloop
endfacet
facet normal -0.054379 -0.584473 -0.809589
outer loop
vertex 14.526710 3.310345 -4.376288
vertex 15.453499 3.310345 -4.438539
vertex 14.584754 2.482759 -3.782721
endloop
endfacet
facet normal -0.117280 -0.607052 -0.785960
outer loop
vertex 16.364398 3.310345 -4.620409
vertex 16.461039 2.482759 -3.995626
vertex 15.526638 2.482759 -3.856196
endloop
endfacet
facet normal -0.159848 -0.577482 -0.800602
outer loop
vertex 15.453499 3.310345 -4.438539
vertex 16.364398 3.310345 -4.620409
vertex 15.526638 2.482759 -3.856196
endloop
endfacet
facet normal 0.014637 -0.602993 -0.797612
outer loop
vertex 17.293164 3.310345 -4.606009
vertex 17.405626 2.482759 -3.978292
vertex 16.461039 2.482759 -3.995626
endloop
endfacet
facet normal 0.012384 -0.601555 -0.798735
outer loop
vertex 16.364398 3.310345 -4.620409
vertex 17.293164 3.310345 -4.606009
vertex 16.461039 2.482759 -3.995626
endloop
endfacet
facet normal 0.042773 -0.577025 -0.815606
outer loop
vertex 18.218160 3.310345 -4.521180
vertex 18.349076 2.482759 -3.928814
vertex 17.405626 2.482759 -3.978292
endloop
endfacet
facet normal 0.073308 -0.596352 -0.799368
outer loop
vertex 17.293164 3.310345 -4.606009
vertex 18.218160 3.310345 -4.521180
vertex 17.405626 2.482759 -3.978292
endloop
endfacet
facet normal 0.038448 -0.561449 -0.826618
outer loop
vertex 19.144599 3.310345 -4.453919
vertex 19.292801 2.482759 -3.884918
vertex 18.349076 2.482759 -3.928814
endloop
endfacet
facet normal 0.059254 -0.574803 -0.816144
outer loop
vertex 18.218160 3.310345 -4.521180
vertex 19.144599 3.310345 -4.453919
vertex 18.349076 2.482759 -3.928814
endloop
endfacet
facet normal 0.106453 -0.446804 -0.888276
outer loop
vertex 20.041284 3.310345 -4.211496
vertex 20.230835 2.482759 -3.772502
vertex 19.292801 2.482759 -3.884918
endloop
endfacet
facet normal 0.222111 -0.525080 -0.821558
outer loop
vertex 19.144599 3.310345 -4.453919
vertex 20.041284 3.310345 -4.211496
vertex 19.292801 2.482759 -3.884918
endloop
endfacet
facet normal 0.466605 -0.380792 -0.798297
outer loop
vertex 20.870684 3.310345 -3.793274
vertex 21.046472 2.482759 -3.295762
vertex 20.230835 2.482759 -3.772502
endloop
endfacet
facet normal 0.422196 -0.347436 -0.837280
outer loop
vertex 20.041284 3.310345 -4.211496
vertex 20.870684 3.310345 -3.793274
vertex 20.230835 2.482759 -3.772502
endloop
endfacet
facet normal 0.555525 -0.419373 -0.717996
outer loop
vertex 21.660361 3.310345 -3.304169
vertex 21.793678 2.482759 -2.717637
vertex 21.046472 2.482759 -3.295762
endloop
endfacet
facet normal 0.489024 -0.370770 -0.789547
outer loop
vertex 20.870684 3.310345 -3.793274
vertex 21.660361 3.310345 -3.304169
vertex 21.046472 2.482759 -3.295762
endloop
endfacet
facet normal 0.640067 -0.416619 -0.645556
outer loop
vertex 22.358619 3.310345 -2.691594
vertex 22.464561 2.482759 -2.052459
vertex 21.793678 2.482759 -2.717637
endloop
endfacet
facet normal 0.606605 -0.392332 -0.691452
outer loop
vertex 21.660361 3.310345 -3.304169
vertex 22.358619 3.310345 -2.691594
vertex 21.793678 2.482759 -2.717637
endloop
endfacet
facet normal 0.748844 -0.402127 -0.526809
outer loop
vertex 22.958349 3.310345 -1.982271
vertex 23.008149 2.482759 -1.279764
vertex 22.464561 2.482759 -2.052459
endloop
endfacet
facet normal 0.708803 -0.372089 -0.599290
outer loop
vertex 22.358619 3.310345 -2.691594
vertex 22.958349 3.310345 -1.982271
vertex 22.464561 2.482759 -2.052459
endloop
endfacet
facet normal 0.775139 -0.423880 -0.468492
outer loop
vertex 23.494545 3.310345 -1.223781
vertex 23.496828 2.482759 -0.471223
vertex 23.008149 2.482759 -1.279764
endloop
endfacet
facet normal 0.747175 -0.403406 -0.528198
outer loop
vertex 22.958349 3.310345 -1.982271
vertex 23.494545 3.310345 -1.223781
vertex 23.008149 2.482759 -1.279764
endloop
endfacet
facet normal -0.809430 -0.123364 -0.574112
outer loop
vertex 0.559791 4.137931 -2.103858
vertex 0.537384 3.310345 -1.894438
vertex 0.000000 3.310345 -1.136789
endloop
endfacet
facet normal -0.788552 -0.160365 -0.593691
outer loop
vertex 0.000000 4.137931 -1.360333
vertex 0.559791 4.137931 -2.103858
vertex 0.000000 3.310345 -1.136789
endloop
endfacet
facet normal -0.756803 -0.087221 -0.647797
outer loop
vertex 1.199715 4.137931 -2.779649
vertex 1.141410 3.310345 -2.600104
vertex 0.537384 3.310345 -1.894438
endloop
endfacet
facet normal -0.717617 -0.152526 -0.679531
outer loop
vertex 0.559791 4.137931 -2.103858
vertex 1.199715 4.137931 -2.779649
vertex 0.537384 3.310345 -1.894438
endloop
endfacet
facet normal -0.663714 -0.039261 -0.746956
outer loop
vertex 1.935673 4.137931 -3.349352
vertex 1.835776 3.310345 -3.217089
vertex 1.141410 3.310345 -2.600104
endloop
endfacet
facet normal -0.607139 -0.127383 -0.784318
outer loop
vertex 1.199715 4.137931 -2.779649
vertex 1.935673 4.137931 -3.349352
vertex 1.141410 3.310345 -2.600104
endloop
endfacet
facet normal -0.590191 0.023073 -0.806934
outer loop
vertex 2.724425 4.137931 -3.843383
vertex 2.585518 3.310345 -3.765450
vertex 1.835776 3.310345 -3.217089
endloop
endfacet
facet normal -0.529472 -0.071188 -0.845335
outer loop
vertex 1.935673 4.137931 -3.349352
vertex 2.724425 4.137931 -3.843383
vertex 1.835776 3.310345 -3.217089
endloop
endfacet
facet normal -0.432642 -0.077540 -0.898225
outer loop
vertex 3.537869 4.137931 -4.295604
vertex 3.422379 3.310345 -4.168535
vertex 2.585518 3.310345 -3.765450
endloop
endfacet
facet normal -0.485896 -0.000750 -0.874016
outer loop
vertex 2.724425 4.137931 -3.843383
vertex 3.537869 4.137931 -4.295604
vertex 2.585518 3.310345 -3.765450
endloop
endfacet
facet normal -0.127698 -0.338121 -0.932399
outer loop
vertex 4.415741 4.137931 -4.604694
vertex 4.342666 3.310345 -4.294574
vertex 3.422379 3.310345 -4.168535
endloop
endfacet
facet normal -0.330507 -0.098008 -0.938701
outer loop
vertex 3.537869 4.137931 -4.295604
vertex 4.415741 4.137931 -4.604694
vertex 3.422379 3.310345 -4.168535
endloop
endfacet
facet normal 0.070633 -0.421809 -0.903929
outer loop
vertex 5.346434 4.137931 -4.602324
vertex 5.268720 3.310345 -4.222211
vertex 4.342666 3.310345 -4.294574
endloop
endfacet
facet normal 0.002385 -0.351085 -0.936341
outer loop
vertex 4.415741 4.137931 -4.604694
vertex 5.346434 4.137931 -4.602324
vertex 4.342666 3.310345 -4.294574
endloop
endfacet
facet normal 0.049009 -0.386482 -0.920994
outer loop
vertex 6.273123 4.137931 -4.516049
vertex 6.196286 3.310345 -4.172853
vertex 5.268720 3.310345 -4.222211
endloop
endfacet
facet normal 0.084022 -0.422411 -0.902502
outer loop
vertex 5.346434 4.137931 -4.602324
vertex 6.273123 4.137931 -4.516049
vertex 5.268720 3.310345 -4.222211
endloop
endfacet
facet normal -0.056772 -0.392095 -0.918171
outer loop
vertex 7.201004 4.137931 -4.588388
vertex 7.123393 3.310345 -4.230178
vertex 6.196286 3.310345 -4.172853
endloop
endfacet
facet normal -0.072010 -0.376357 -0.923672
outer loop
vertex 6.273123 4.137931 -4.516049
vertex 7.201004 4.137931 -4.588388
vertex 6.196286 3.310345 -4.172853
endloop
endfacet
facet normal 0.005092 -0.508105 -0.861280
outer loop
vertex 8.123389 4.137931 -4.712493
vertex 8.052254 3.310345 -4.224686
vertex 7.123393 3.310345 -4.230178
endloop
endfacet
facet normal -0.123098 -0.384458 -0.914898
outer loop
vertex 7.201004 4.137931 -4.588388
vertex 8.123389 4.137931 -4.712493
vertex 7.123393 3.310345 -4.230178
endloop
endfacet
facet normal -0.038899 -0.501412 -0.864334
outer loop
vertex 9.053336 4.137931 -4.749833
vertex 8.980192 3.310345 -4.266448
vertex 8.052254 3.310345 -4.224686
endloop
endfacet
facet normal -0.034623 -0.505272 -0.862266
outer loop
vertex 8.123389 4.137931 -4.712493
vertex 9.053336 4.137931 -4.749833
vertex 8.052254 3.310345 -4.224686
endloop
endfacet
facet normal -0.068763 -0.506450 -0.859523
outer loop
vertex 9.980211 4.137931 -4.834083
vertex 9.906111 3.310345 -4.340523
vertex 8.980192 3.310345 -4.266448
endloop
endfacet
facet normal -0.078519 -0.497618 -0.863835
outer loop
vertex 9.053336 4.137931 -4.749833
vertex 9.980211 4.137931 -4.834083
vertex 8.980192 3.310345 -4.266448
endloop
endfacet
facet normal -0.118500 -0.499629 -0.858096
outer loop
vertex 10.902355 4.137931 -4.959965
vertex 10.826256 3.310345 -4.467592
vertex 9.906111 3.310345 -4.340523
endloop
endfacet
facet normal -0.117062 -0.500937 -0.857531
outer loop
vertex 9.980211 4.137931 -4.834083
vertex 10.902355 4.137931 -4.959965
vertex 9.906111 3.310345 -4.340523
endloop
endfacet
facet normal -0.094084 -0.417489 -0.903798
outer loop
vertex 11.833037 4.137931 -4.954681
vertex 11.750141 3.310345 -4.563767
vertex 10.826256 3.310345 -4.467592
endloop
endfacet
facet normal 0.004879 -0.511627 -0.859194
outer loop
vertex 10.902355 4.137931 -4.959965
vertex 11.833037 4.137931 -4.954681
vertex 10.826256 3.310345 -4.467592
endloop
endfacet
facet normal 0.131696 -0.324205 -0.936775
outer loop
vertex 12.731592 4.137931 -4.712206
vertex 12.669974 3.310345 -4.434453
vertex 11.750141 3.310345 -4.563767
endloop
endfacet
facet normal 0.234678 -0.434296 -0.869663
outer loop
vertex 11.833037 4.137931 -4.954681
vertex 12.731592 4.137931 -4.712206
vertex 11.750141 3.310345 -4.563767
endloop
endfacet
facet normal 0.018743 -0.410008 -0.911889
outer loop
vertex 13.659341 4.137931 -4.786220
vertex 13.598655 3.310345 -4.415364
vertex 12.669974 3.310345 -4.434453
endloop
endfacet
facet normal -0.075550 -0.312207 -0.947005
outer loop
vertex 12.731592 4.137931 -4.712206
vertex 13.659341 4.137931 -4.786220
vertex 12.669974 3.310345 -4.434453
endloop
endfacet
facet normal 0.036283 -0.506096 -0.861713
outer loop
vertex 14.587125 4.137931 -4.859797
vertex 14.526710 3.310345 -4.376288
vertex 13.598655 3.310345 -4.415364
endloop
endfacet
facet normal -0.072336 -0.403442 -0.912141
outer loop
vertex 13.659341 4.137931 -4.786220
vertex 14.587125 4.137931 -4.859797
vertex 13.598655 3.310345 -4.415364
endloop
endfacet
facet normal -0.055393 -0.562887 -0.824675
outer loop
vertex 15.506115 4.137931 -5.006948
vertex 15.453499 3.310345 -4.438539
vertex 14.526710 3.310345 -4.376288
endloop
endfacet
facet normal -0.137635 -0.492144 -0.859564
outer loop
vertex 14.587125 4.137931 -4.859797
vertex 15.506115 4.137931 -5.006948
vertex 14.526710 3.310345 -4.376288
endloop
endfacet
facet normal -0.164226 -0.544496 -0.822529
outer loop
vertex 16.420677 4.137931 -5.179490
vertex 16.364398 3.310345 -4.620409
vertex 15.453499 3.310345 -4.438539
endloop
endfacet
facet normal -0.154505 -0.552660 -0.818959
outer loop
vertex 15.506115 4.137931 -5.006948
vertex 16.420677 4.137931 -5.179490
vertex 15.453499 3.310345 -4.438539
endloop
endfacet
facet normal 0.013077 -0.537103 -0.843415
outer loop
vertex 17.350169 4.137931 -5.132148
vertex 17.293164 3.310345 -4.606009
vertex 16.364398 3.310345 -4.620409
endloop
endfacet
facet normal 0.042100 -0.561257 -0.826570
outer loop
vertex 16.420677 4.137931 -5.179490
vertex 17.350169 4.137931 -5.132148
vertex 16.364398 3.310345 -4.620409
endloop
endfacet
facet normal 0.079846 -0.485352 -0.870665
outer loop
vertex 18.268002 4.137931 -4.977947
vertex 18.218160 3.310345 -4.521180
vertex 17.293164 3.310345 -4.606009
endloop
endfacet
facet normal 0.139653 -0.538083 -0.831242
outer loop
vertex 17.350169 4.137931 -5.132148
vertex 18.268002 4.137931 -4.977947
vertex 17.293164 3.310345 -4.606009
endloop
endfacet
facet normal 0.069309 -0.289572 -0.954644
outer loop
vertex 19.157472 4.137931 -4.704015
vertex 19.144599 3.310345 -4.453919
vertex 18.218160 3.310345 -4.521180
endloop
endfacet
facet normal 0.258418 -0.478683 -0.839096
outer loop
vertex 18.268002 4.137931 -4.977947
vertex 19.157472 4.137931 -4.704015
vertex 18.218160 3.310345 -4.521180
endloop
endfacet
facet normal 0.259961 -0.088470 -0.961558
outer loop
vertex 19.995865 4.137931 -4.299919
vertex 20.041284 3.310345 -4.211496
vertex 19.144599 3.310345 -4.453919
endloop
endfacet
facet normal 0.418217 -0.268721 -0.867689
outer loop
vertex 19.157472 4.137931 -4.704015
vertex 19.995865 4.137931 -4.299919
vertex 19.144599 3.310345 -4.453919
endloop
endfacet
facet normal 0.445742 -0.141075 -0.883975
outer loop
vertex 20.851950 4.137931 -3.934796
vertex 20.870684 3.310345 -3.793274
vertex 20.041284 3.310345 -4.211496
endloop
endfacet
facet normal 0.391161 -0.076523 -0.917135
outer loop
vertex 19.995865 4.137931 -4.299919
vertex 20.851950 4.137931 -3.934796
vertex 20.041284 3.310345 -4.211496
endloop
endfacet
facet normal 0.516880 -0.190814 -0.834521
outer loop
vertex 21.668561 4.137931 -3.488319
vertex 21.660361 3.310345 -3.304169
vertex 20.870684 3.310345 -3.793274
endloop
endfacet
facet normal 0.475144 -0.137855 -0.869042
outer loop
vertex 20.851950 4.137931 -3.934796
vertex 21.668561 4.137931 -3.488319
vertex 20.870684 3.310345 -3.793274
endloop
endfacet
facet normal 0.650078 -0.168251 -0.741006
outer loop
vertex 22.366482 4.137931 -2.872606
vertex 22.358619 3.310345 -2.691594
vertex 21.660361 3.310345 -3.304169
endloop
endfacet
facet normal 0.651833 -0.170866 -0.738863
outer loop
vertex 21.668561 4.137931 -3.488319
vertex 22.366482 4.137931 -2.872606
vertex 21.660361 3.310345 -3.304169
endloop
endfacet
facet normal 0.756246 -0.138767 -0.639403
outer loop
vertex 22.962092 4.137931 -2.157452
vertex 22.958349 3.310345 -1.982271
vertex 22.358619 3.310345 -2.691594
endloop
endfacet
facet normal 0.760207 -0.145703 -0.633132
outer loop
vertex 22.366482 4.137931 -2.872606
vertex 22.962092 4.137931 -2.157452
vertex 22.358619 3.310345 -2.691594
endloop
endfacet
facet normal 0.810596 -0.120701 -0.573031
outer loop
vertex 23.496432 4.137931 -1.395431
vertex 23.494545 3.310345 -1.223781
vertex 22.958349 3.310345 -1.982271
endloop
endfacet
facet normal 0.812419 -0.124262 -0.569680
outer loop
vertex 22.962092 4.137931 -2.157452
vertex 23.496432 4.137931 -1.395431
vertex 22.958349 3.310345 -1.982271
endloop
endfacet
facet normal -0.784578 0.188449 -0.590699
outer loop
vertex 0.553947 4.965517 -1.832074
vertex 0.559791 4.137931 -2.103858
vertex 0.000000 4.137931 -1.360333
endloop
endfacet
facet normal -0.788485 0.195331 -0.583213
outer loop
vertex 0.000000 4.965517 -1.083155
vertex 0.553947 4.965517 -1.832074
vertex 0.000000 4.137931 -1.360333
endloop
endfacet
facet normal -0.709999 0.209501 -0.672317
outer loop
vertex 1.190571 4.965517 -2.512108
vertex 1.199715 4.137931 -2.779649
vertex 0.559791 4.137931 -2.103858
endloop
endfacet
facet normal -0.713080 0.214195 -0.667561
outer loop
vertex 0.553947 4.965517 -1.832074
vertex 1.190571 4.965517 -2.512108
vertex 0.559791 4.137931 -2.103858
endloop
endfacet
facet normal -0.594384 0.239013 -0.767841
outer loop
vertex 1.925801 4.965517 -3.084100
vertex 1.935673 4.137931 -3.349352
vertex 1.199715 4.137931 -2.779649
endloop
endfacet
facet normal -0.595933 0.241047 -0.766003
outer loop
vertex 1.190571 4.965517 -2.512108
vertex 1.925801 4.965517 -3.084100
vertex 1.199715 4.137931 -2.779649
endloop
endfacet
facet normal -0.513607 0.252584 -0.820006
outer loop
vertex 2.713381 4.965517 -3.581547
vertex 2.724425 4.137931 -3.843383
vertex 1.935673 4.137931 -3.349352
endloop
endfacet
facet normal -0.516246 0.255811 -0.817344
outer loop
vertex 1.925801 4.965517 -3.084100
vertex 2.713381 4.965517 -3.581547
vertex 1.935673 4.137931 -3.349352
endloop
endfacet
facet normal -0.466523 0.279554 -0.839170
outer loop
vertex 3.535898 4.965517 -4.018813
vertex 3.537869 4.137931 -4.295604
vertex 2.724425 4.137931 -3.843383
endloop
endfacet
facet normal -0.452827 0.263450 -0.851787
outer loop
vertex 2.713381 4.965517 -3.581547
vertex 3.535898 4.965517 -4.018813
vertex 2.724425 4.137931 -3.843383
endloop
endfacet
facet normal -0.322239 0.241955 -0.915216
outer loop
vertex 4.395118 4.965517 -4.378645
vertex 4.415741 4.137931 -4.604694
vertex 3.537869 4.137931 -4.295604
endloop
endfacet
facet normal -0.369213 0.293984 -0.881621
outer loop
vertex 3.535898 4.965517 -4.018813
vertex 4.395118 4.965517 -4.378645
vertex 3.537869 4.137931 -4.295604
endloop
endfacet
facet normal 0.002547 -0.027236 -0.999626
outer loop
vertex 5.293473 4.965517 -4.625007
vertex 5.346434 4.137931 -4.602324
vertex 4.415741 4.137931 -4.604694
endloop
endfacet
facet normal -0.256158 0.248754 -0.934079
outer loop
vertex 4.395118 4.965517 -4.378645
vertex 5.293473 4.965517 -4.625007
vertex 4.415741 4.137931 -4.604694
endloop
endfacet
facet normal 0.087784 -0.321277 -0.942908
outer loop
vertex 6.207613 4.965517 -4.804132
vertex 6.273123 4.137931 -4.516049
vertex 5.346434 4.137931 -4.602324
endloop
endfacet
facet normal -0.192145 -0.039173 -0.980584
outer loop
vertex 5.293473 4.965517 -4.625007
vertex 6.207613 4.965517 -4.804132
vertex 5.346434 4.137931 -4.602324
endloop
endfacet
facet normal -0.069926 -0.436592 -0.896938
outer loop
vertex 7.121405 4.965517 -4.985017
vertex 7.201004 4.137931 -4.588388
vertex 6.273123 4.137931 -4.516049
endloop
endfacet
facet normal -0.182886 -0.336088 -0.923903
outer loop
vertex 6.207613 4.965517 -4.804132
vertex 7.121405 4.965517 -4.985017
vertex 6.273123 4.137931 -4.516049
endloop
endfacet
facet normal -0.118409 -0.459877 -0.880052
outer loop
vertex 8.040961 4.965517 -5.133863
vertex 8.123389 4.137931 -4.712493
vertex 7.201004 4.137931 -4.588388
endloop
endfacet
facet normal -0.143575 -0.438907 -0.886988
outer loop
vertex 7.121405 4.965517 -4.985017
vertex 8.040961 4.965517 -5.133863
vertex 7.201004 4.137931 -4.588388
endloop
endfacet
facet normal -0.034917 -0.492525 -0.869597
outer loop
vertex 8.968929 4.965517 -5.215175
vertex 9.053336 4.137931 -4.749833
vertex 8.123389 4.137931 -4.712493
endloop
endfacet
facet normal -0.077574 -0.458487 -0.885309
outer loop
vertex 8.040961 4.965517 -5.133863
vertex 8.968929 4.965517 -5.215175
vertex 8.123389 4.137931 -4.712493
endloop
endfacet
facet normal -0.078577 -0.496498 -0.864474
outer loop
vertex 9.896418 4.965517 -5.301778
vertex 9.980211 4.137931 -4.834083
vertex 9.053336 4.137931 -4.749833
endloop
endfacet
facet normal -0.080793 -0.494766 -0.865262
outer loop
vertex 8.968929 4.965517 -5.215175
vertex 9.896418 4.965517 -5.301778
vertex 9.053336 4.137931 -4.749833
endloop
endfacet
facet normal -0.117990 -0.488899 -0.864324
outer loop
vertex 10.820795 4.965517 -5.416950
vertex 10.902355 4.137931 -4.959965
vertex 9.980211 4.137931 -4.834083
endloop
endfacet
facet normal -0.107261 -0.497372 -0.860881
outer loop
vertex 9.896418 4.965517 -5.301778
vertex 10.820795 4.965517 -5.416950
vertex 9.980211 4.137931 -4.834083
endloop
endfacet
facet normal 0.004928 -0.496574 -0.867980
outer loop
vertex 11.752246 4.965517 -5.428604
vertex 11.833037 4.137931 -4.954681
vertex 10.902355 4.137931 -4.959965
endloop
endfacet
facet normal -0.010946 -0.484187 -0.874896
outer loop
vertex 10.820795 4.965517 -5.416950
vertex 11.752246 4.965517 -5.428604
vertex 10.902355 4.137931 -4.959965
endloop
endfacet
facet normal 0.214516 -0.567487 -0.794948
outer loop
vertex 12.677142 4.965517 -5.317686
vertex 12.731592 4.137931 -4.712206
vertex 11.833037 4.137931 -4.954681
endloop
endfacet
facet normal 0.104026 -0.486580 -0.867421
outer loop
vertex 11.752246 4.965517 -5.428604
vertex 12.677142 4.965517 -5.317686
vertex 11.833037 4.137931 -4.954681
endloop
endfacet
facet normal -0.068332 -0.511570 -0.856520
outer loop
vertex 13.607751 4.965517 -5.276393
vertex 13.659341 4.137931 -4.786220
vertex 12.731592 4.137931 -4.712206
endloop
endfacet
facet normal 0.035837 -0.588548 -0.807667
outer loop
vertex 12.677142 4.965517 -5.317686
vertex 13.607751 4.965517 -5.276393
vertex 12.731592 4.137931 -4.712206
endloop
endfacet
facet normal -0.073895 -0.355397 -0.931790
outer loop
vertex 14.533314 4.965517 -5.171182
vertex 14.587125 4.137931 -4.859797
vertex 13.659341 4.137931 -4.786220
endloop
endfacet
facet normal 0.097639 -0.502663 -0.858951
outer loop
vertex 13.607751 4.965517 -5.276393
vertex 14.533314 4.965517 -5.171182
vertex 13.659341 4.137931 -4.786220
endloop
endfacet
facet normal -0.144512 -0.405697 -0.902511
outer loop
vertex 15.443601 4.965517 -5.368955
vertex 15.506115 4.137931 -5.006948
vertex 14.587125 4.137931 -4.859797
endloop
endfacet
facet normal -0.198366 -0.356429 -0.913022
outer loop
vertex 14.533314 4.965517 -5.171182
vertex 15.443601 4.965517 -5.368955
vertex 14.587125 4.137931 -4.859797
endloop
endfacet
facet normal -0.174829 -0.332693 -0.926688
outer loop
vertex 16.369947 4.965517 -5.467033
vertex 16.420677 4.137931 -5.179490
vertex 15.506115 4.137931 -5.006948
endloop
endfacet
facet normal -0.096267 -0.404995 -0.909237
outer loop
vertex 15.443601 4.965517 -5.368955
vertex 16.369947 4.965517 -5.467033
vertex 15.506115 4.137931 -5.006948
endloop
endfacet
facet normal 0.049475 -0.232411 -0.971358
outer loop
vertex 17.291797 4.965517 -5.333132
vertex 17.350169 4.137931 -5.132148
vertex 16.420677 4.137931 -5.179490
endloop
endfacet
facet normal 0.136298 -0.317674 -0.938353
outer loop
vertex 16.369947 4.965517 -5.467033
vertex 17.291797 4.965517 -5.333132
vertex 16.420677 4.137931 -5.179490
endloop
endfacet
facet normal 0.165536 0.042016 -0.985308
outer loop
vertex 18.146649 4.965517 -4.963044
vertex 18.268002 4.137931 -4.977947
vertex 17.350169 4.137931 -5.132148
endloop
endfacet
facet normal 0.389960 -0.191249 -0.900753
outer loop
vertex 17.291797 4.965517 -5.333132
vertex 18.146649 4.965517 -4.963044
vertex 17.350169 4.137931 -5.132148
endloop
endfacet
facet normal 0.283668 0.266712 -0.921085
outer loop
vertex 18.967604 4.965517 -4.522851
vertex 19.157472 4.137931 -4.704015
vertex 18.268002 4.137931 -4.977947
endloop
endfacet
facet normal 0.470847 0.084856 -0.878124
outer loop
vertex 18.146649 4.965517 -4.963044
vertex 18.967604 4.965517 -4.522851
vertex 18.268002 4.137931 -4.977947
endloop
endfacet
facet normal 0.412208 0.314134 -0.855222
outer loop
vertex 19.794113 4.965517 -4.093178
vertex 19.995865 4.137931 -4.299919
vertex 19.157472 4.137931 -4.704015
endloop
endfacet
facet normal 0.441799 0.287394 -0.849834
outer loop
vertex 18.967604 4.965517 -4.522851
vertex 19.794113 4.965517 -4.093178
vertex 19.157472 4.137931 -4.704015
endloop
endfacet
facet normal 0.355088 0.425160 -0.832557
outer loop
vertex 20.597036 4.965517 -3.620896
vertex 20.851950 4.137931 -3.934796
vertex 19.995865 4.137931 -4.299919
endloop
endfacet
facet normal 0.480171 0.320988 -0.816335
outer loop
vertex 19.794113 4.965517 -4.093178
vertex 20.597036 4.965517 -3.620896
vertex 19.995865 4.137931 -4.299919
endloop
endfacet
facet normal 0.438363 0.406204 -0.801770
outer loop
vertex 21.428261 4.965517 -3.200418
vertex 21.668561 4.137931 -3.488319
vertex 20.851950 4.137931 -3.934796
endloop
endfacet
facet normal 0.407333 0.430892 -0.805240
outer loop
vertex 20.597036 4.965517 -3.620896
vertex 21.428261 4.965517 -3.200418
vertex 20.851950 4.137931 -3.934796
endloop
endfacet
facet normal 0.651469 0.174003 -0.738452
outer loop
vertex 22.256691 4.965517 -2.774458
vertex 22.366482 4.137931 -2.872606
vertex 21.668561 4.137931 -3.488319
endloop
endfacet
facet normal 0.418215 0.404388 -0.813367
outer loop
vertex 21.428261 4.965517 -3.200418
vertex 22.256691 4.965517 -2.774458
vertex 21.668561 4.137931 -3.488319
endloop
endfacet
facet normal 0.768016 0.031901 -0.639636
outer loop
vertex 22.940593 4.965517 -2.141991
vertex 22.962092 4.137931 -2.157452
vertex 22.366482 4.137931 -2.872606
endloop
endfacet
facet normal 0.668551 0.174427 -0.722921
outer loop
vertex 22.256691 4.965517 -2.774458
vertex 22.940593 4.965517 -2.141991
vertex 22.366482 4.137931 -2.872606
endloop
endfacet
facet normal 0.818753 0.005390 -0.574121
outer loop
vertex 23.493286 4.965517 -1.392147
vertex 23.496432 4.137931 -1.395431
vertex 22.962092 4.137931 -2.157452
endloop
endfacet
facet normal 0.804554 0.031979 -0.593019
outer loop
vertex 22.940593 4.965517 -2.141991
vertex 23.493286 4.965517 -1.392147
vertex 22.962092 4.137931 -2.157452
endloop
endfacet
facet normal -0.747512 0.368131 -0.552906
outer loop
vertex 0.492126 5.793103 -1.197477
vertex 0.553947 4.965517 -1.832074
vertex 0.000000 4.965517 -1.083155
endloop
endfacet
facet normal -0.785853 0.402447 -0.469545
outer loop
vertex 0.000000 5.793103 -0.373832
vertex 0.492126 5.793103 -1.197477
vertex 0.000000 4.965517 -1.083155
endloop
endfacet
facet normal -0.696946 0.297601 -0.652457
outer loop
vertex 1.046415 5.793103 -1.980640
vertex 1.190571 4.965517 -2.512108
vertex 0.553947 4.965517 -1.832074
endloop
endfacet
facet normal -0.762503 0.356859 -0.539667
outer loop
vertex 0.492126 5.793103 -1.197477
vertex 1.046415 5.793103 -1.980640
vertex 0.553947 4.965517 -1.832074
endloop
endfacet
facet normal -0.590310 0.275307 -0.758776
outer loop
vertex 1.742366 5.793103 -2.641119
vertex 1.925801 4.965517 -3.084100
vertex 1.190571 4.965517 -2.512108
endloop
endfacet
facet normal -0.650559 0.326901 -0.685499
outer loop
vertex 1.046415 5.793103 -1.980640
vertex 1.742366 5.793103 -2.641119
vertex 1.190571 4.965517 -2.512108
endloop
endfacet
facet normal -0.508205 0.307124 -0.804613
outer loop
vertex 2.548465 5.793103 -3.161490
vertex 2.713381 4.965517 -3.581547
vertex 1.925801 4.965517 -3.084100
endloop
endfacet
facet normal -0.515112 0.312944 -0.797951
outer loop
vertex 1.742366 5.793103 -2.641119
vertex 2.548465 5.793103 -3.161490
vertex 1.925801 4.965517 -3.084100
endloop
endfacet
facet normal -0.439262 0.352597 -0.826271
outer loop
vertex 3.404113 5.793103 -3.595595
vertex 3.535898 4.965517 -4.018813
vertex 2.713381 4.965517 -3.581547
endloop
endfacet
facet normal -0.425360 0.340787 -0.838411
outer loop
vertex 2.548465 5.793103 -3.161490
vertex 3.404113 5.793103 -3.595595
vertex 2.713381 4.965517 -3.581547
endloop
endfacet
facet normal -0.359563 0.365456 -0.858578
outer loop
vertex 4.283390 5.793103 -3.979590
vertex 4.395118 4.965517 -4.378645
vertex 3.535898 4.965517 -4.018813
endloop
endfacet
facet normal -0.370959 0.375316 -0.849428
outer loop
vertex 3.404113 5.793103 -3.595595
vertex 4.283390 5.793103 -3.979590
vertex 3.535898 4.965517 -4.018813
endloop
endfacet
facet normal -0.244992 0.376675 -0.893362
outer loop
vertex 5.203551 5.793103 -4.251406
vertex 5.293473 4.965517 -4.625007
vertex 4.395118 4.965517 -4.378645
endloop
endfacet
facet normal -0.260804 0.390509 -0.882884
outer loop
vertex 4.283390 5.793103 -3.979590
vertex 5.203551 5.793103 -4.251406
vertex 4.395118 4.965517 -4.378645
endloop
endfacet
facet normal -0.184918 0.274292 -0.943700
outer loop
vertex 6.116745 5.793103 -4.545784
vertex 6.207613 4.965517 -4.804132
vertex 5.293473 4.965517 -4.625007
endloop
endfacet
facet normal -0.285229 0.368443 -0.884813
outer loop
vertex 5.203551 5.793103 -4.251406
vertex 6.116745 5.793103 -4.545784
vertex 5.293473 4.965517 -4.625007
endloop
endfacet
facet normal -0.194139 -0.020813 -0.980753
outer loop
vertex 6.975505 5.793103 -4.973698
vertex 7.121405 4.965517 -4.985017
vertex 6.207613 4.965517 -4.804132
endloop
endfacet
facet normal -0.434602 0.224551 -0.872180
outer loop
vertex 6.116745 5.793103 -4.545784
vertex 6.975505 5.793103 -4.973698
vertex 6.207613 4.965517 -4.804132
endloop
endfacet
facet normal -0.153701 -0.273384 -0.949546
outer loop
vertex 7.861049 5.793103 -5.343012
vertex 8.040961 4.965517 -5.133863
vertex 7.121405 4.965517 -4.985017
endloop
endfacet
facet normal -0.384329 -0.055152 -0.921548
outer loop
vertex 6.975505 5.793103 -4.973698
vertex 7.861049 5.793103 -5.343012
vertex 7.121405 4.965517 -4.985017
endloop
endfacet
facet normal -0.079447 -0.414255 -0.906687
outer loop
vertex 8.791365 5.793103 -5.577731
vertex 8.968929 4.965517 -5.215175
vertex 8.040961 4.965517 -5.133863
endloop
endfacet
facet normal -0.234432 -0.285786 -0.929176
outer loop
vertex 7.861049 5.793103 -5.343012
vertex 8.791365 5.793103 -5.577731
vertex 8.040961 4.965517 -5.133863
endloop
endfacet
facet normal -0.082621 -0.458517 -0.884837
outer loop
vertex 9.740804 5.793103 -5.716098
vertex 9.896418 4.965517 -5.301778
vertex 8.968929 4.965517 -5.215175
endloop
endfacet
facet normal -0.130793 -0.421234 -0.897471
outer loop
vertex 8.791365 5.793103 -5.577731
vertex 9.740804 5.793103 -5.716098
vertex 8.968929 4.965517 -5.215175
endloop
endfacet
facet normal -0.109492 -0.464482 -0.878788
outer loop
vertex 10.692449 5.793103 -5.838379
vertex 10.820795 4.965517 -5.416950
vertex 9.896418 4.965517 -5.301778
endloop
endfacet
facet normal -0.113049 -0.461714 -0.879795
outer loop
vertex 9.740804 5.793103 -5.716098
vertex 10.692449 5.793103 -5.838379
vertex 9.896418 4.965517 -5.301778
endloop
endfacet
facet normal -0.011063 -0.467008 -0.884184
outer loop
vertex 11.651564 5.793103 -5.864459
vertex 11.752246 4.965517 -5.428604
vertex 10.820795 4.965517 -5.416950
endloop
endfacet
facet normal -0.024182 -0.456622 -0.889332
outer loop
vertex 10.692449 5.793103 -5.838379
vertex 11.651564 5.793103 -5.864459
vertex 10.820795 4.965517 -5.416950
endloop
endfacet
facet normal 0.117396 -0.167195 -0.978910
outer loop
vertex 12.529220 5.793103 -5.476774
vertex 12.677142 4.965517 -5.317686
vertex 11.752246 4.965517 -5.428604
endloop
endfacet
facet normal 0.370849 -0.397036 -0.839544
outer loop
vertex 11.651564 5.793103 -5.864459
vertex 12.529220 5.793103 -5.476774
vertex 11.752246 4.965517 -5.428604
endloop
endfacet
facet normal 0.042698 -0.268679 -0.962283
outer loop
vertex 13.488014 5.793103 -5.512777
vertex 13.607751 4.965517 -5.276393
vertex 12.677142 4.965517 -5.317686
endloop
endfacet
facet normal -0.036803 -0.194988 -0.980115
outer loop
vertex 12.529220 5.793103 -5.476774
vertex 13.488014 5.793103 -5.512777
vertex 12.677142 4.965517 -5.317686
endloop
endfacet
facet normal 0.100024 -0.464456 -0.879929
outer loop
vertex 14.441648 5.793103 -5.618430
vertex 14.533314 4.965517 -5.171182
vertex 13.607751 4.965517 -5.276393
endloop
endfacet
facet normal -0.105478 -0.287194 -0.952047
outer loop
vertex 13.488014 5.793103 -5.512777
vertex 14.441648 5.793103 -5.618430
vertex 13.607751 4.965517 -5.276393
endloop
endfacet
facet normal -0.205711 -0.247390 -0.946827
outer loop
vertex 15.400167 5.793103 -5.575753
vertex 15.443601 4.965517 -5.368955
vertex 14.533314 4.965517 -5.171182
endloop
endfacet
facet normal 0.039221 -0.471706 -0.880883
outer loop
vertex 14.441648 5.793103 -5.618430
vertex 15.400167 5.793103 -5.575753
vertex 14.533314 4.965517 -5.171182
endloop
endfacet
facet normal -0.103870 0.163569 -0.981049
outer loop
vertex 16.326130 5.793103 -5.324412
vertex 16.369947 4.965517 -5.467033
vertex 15.443601 4.965517 -5.368955
endloop
endfacet
facet normal 0.255437 -0.221745 -0.941053
outer loop
vertex 15.400167 5.793103 -5.575753
vertex 16.326130 5.793103 -5.324412
vertex 15.443601 4.965517 -5.368955
endloop
endfacet
facet normal 0.132872 0.381501 -0.914769
outer loop
vertex 17.228096 5.793103 -4.997244
vertex 17.291797 4.965517 -5.333132
vertex 16.369947 4.965517 -5.467033
endloop
endfacet
facet normal 0.335592 0.177210 -0.925189
outer loop
vertex 16.326130 5.793103 -5.324412
vertex 17.228096 5.793103 -4.997244
vertex 16.369947 4.965517 -5.467033
endloop
endfacet
facet normal 0.372748 0.346040 -0.860997
outer loop
vertex 18.119458 5.793103 -4.642204
vertex 18.146649 4.965517 -4.963044
vertex 17.291797 4.965517 -5.333132
endloop
endfacet
facet normal 0.342913 0.375811 -0.860916
outer loop
vertex 17.228096 5.793103 -4.997244
vertex 18.119458 5.793103 -4.642204
vertex 17.291797 4.965517 -5.333132
endloop
endfacet
facet normal 0.449428 0.308986 -0.838178
outer loop
vertex 18.977348 5.793103 -4.212545
vertex 18.967604 4.965517 -4.522851
vertex 18.146649 4.965517 -4.963044
endloop
endfacet
facet normal 0.421156 0.339844 -0.840912
outer loop
vertex 18.119458 5.793103 -4.642204
vertex 18.977348 5.793103 -4.212545
vertex 18.146649 4.965517 -4.963044
endloop
endfacet
facet normal 0.427819 0.373813 -0.822943
outer loop
vertex 19.797904 5.793103 -3.715285
vertex 19.794113 4.965517 -4.093178
vertex 18.967604 4.965517 -4.522851
endloop
endfacet
facet normal 0.494383 0.300069 -0.815809
outer loop
vertex 18.977348 5.793103 -4.212545
vertex 19.797904 5.793103 -3.715285
vertex 18.967604 4.965517 -4.522851
endloop
endfacet
facet normal 0.455593 0.438757 -0.774550
outer loop
vertex 20.581313 5.793103 -3.161344
vertex 20.597036 4.965517 -3.620896
vertex 19.794113 4.965517 -4.093178
endloop
endfacet
facet normal 0.541433 0.347163 -0.765720
outer loop
vertex 19.797904 5.793103 -3.715285
vertex 20.581313 5.793103 -3.161344
vertex 19.794113 4.965517 -4.093178
endloop
endfacet
facet normal 0.364496 0.589865 -0.720557
outer loop
vertex 21.336415 5.793103 -2.569397
vertex 21.428261 4.965517 -3.200418
vertex 20.597036 4.965517 -3.620896
endloop
endfacet
facet normal 0.562879 0.409405 -0.718021
outer loop
vertex 20.581313 5.793103 -3.161344
vertex 21.336415 5.793103 -2.569397
vertex 20.597036 4.965517 -3.620896
endloop
endfacet
facet normal 0.359822 0.617095 -0.699801
outer loop
vertex 22.167767 5.793103 -2.090403
vertex 22.256691 4.965517 -2.774458
vertex 21.428261 4.965517 -3.200418
endloop
endfacet
facet normal 0.405894 0.582201 -0.704480
outer loop
vertex 21.336415 5.793103 -2.569397
vertex 22.167767 5.793103 -2.090403
vertex 21.428261 4.965517 -3.200418
endloop
endfacet
facet normal 0.593330 0.486139 -0.641583
outer loop
vertex 22.937572 5.793103 -1.517707
vertex 22.940593 4.965517 -2.141991
vertex 22.256691 4.965517 -2.774458
endloop
endfacet
facet normal 0.482717 0.588191 -0.648857
outer loop
vertex 22.167767 5.793103 -2.090403
vertex 22.937572 5.793103 -1.517707
vertex 22.256691 4.965517 -2.774458
endloop
endfacet
facet normal 0.727105 0.429062 -0.535933
outer loop
vertex 23.490397 5.793103 -0.733510
vertex 23.493286 4.965517 -1.392147
vertex 22.940593 4.965517 -2.141991
endloop
endfacet
facet normal 0.748765 0.400910 -0.527847
outer loop
vertex 22.937572 5.793103 -1.517707
vertex 23.490397 5.793103 -0.733510
vertex 22.940593 4.965517 -2.141991
endloop
endfacet
facet normal -0.805013 0.347275 -0.480993
outer loop
vertex 0.602071 6.620690 -0.783973
vertex 0.492126 5.793103 -1.197477
vertex 0.000000 5.793103 -0.373832
endloop
endfacet
facet normal -0.758897 0.255177 -0.599133
outer loop
vertex 0.000000 6.620690 -0.021354
vertex 0.602071 6.620690 -0.783973
vertex 0.000000 5.793103 -0.373832
endloop
endfacet
facet normal -0.733059 0.439821 -0.518827
outer loop
vertex 1.224221 6.620690 -1.530301
vertex 1.046415 5.793103 -1.980640
vertex 0.492126 5.793103 -1.197477
endloop
endfacet
facet normal -0.707688 0.388780 -0.589939
outer loop
vertex 0.602071 6.620690 -0.783973
vertex 1.224221 6.620690 -1.530301
vertex 0.492126 5.793103 -1.197477
endloop
endfacet
facet normal -0.616897 0.443735 -0.650029
outer loop
vertex 1.901389 6.620690 -2.227094
vertex 1.742366 5.793103 -2.641119
vertex 1.046415 5.793103 -1.980640
endloop
endfacet
facet normal -0.632768 0.470579 -0.614947
outer loop
vertex 1.224221 6.620690 -1.530301
vertex 1.901389 6.620690 -2.227094
vertex 1.046415 5.793103 -1.980640
endloop
endfacet
facet normal -0.492631 0.418275 -0.763126
outer loop
vertex 2.687754 6.620690 -2.797802
vertex 2.548465 5.793103 -3.161490
vertex 1.742366 5.793103 -2.641119
endloop
endfacet
facet normal -0.521602 0.459780 -0.718702
outer loop
vertex 1.901389 6.620690 -2.227094
vertex 2.687754 6.620690 -2.797802
vertex 1.742366 5.793103 -2.641119
endloop
endfacet
facet normal -0.414669 0.400006 -0.817340
outer loop
vertex 3.542102 6.620690 -3.260582
vertex 3.404113 5.793103 -3.595595
vertex 2.548465 5.793103 -3.161490
endloop
endfacet
facet normal -0.431621 0.422816 -0.796825
outer loop
vertex 2.687754 6.620690 -2.797802
vertex 3.542102 6.620690 -3.260582
vertex 2.548465 5.793103 -3.161490
endloop
endfacet
facet normal -0.363680 0.417428 -0.832761
outer loop
vertex 4.439551 6.620690 -3.632954
vertex 4.283390 5.793103 -3.979590
vertex 3.404113 5.793103 -3.595595
endloop
endfacet
facet normal -0.351072 0.401050 -0.846113
outer loop
vertex 3.542102 6.620690 -3.260582
vertex 4.439551 6.620690 -3.632954
vertex 3.404113 5.793103 -3.595595
endloop
endfacet
facet normal -0.264507 0.358130 -0.895421
outer loop
vertex 5.352866 6.620690 -3.964515
vertex 5.203551 5.793103 -4.251406
vertex 4.283390 5.793103 -3.979590
endloop
endfacet
facet normal -0.310236 0.416480 -0.854575
outer loop
vertex 4.439551 6.620690 -3.632954
vertex 5.352866 6.620690 -3.964515
vertex 4.283390 5.793103 -3.979590
endloop
endfacet
facet normal -0.297250 0.247733 -0.922101
outer loop
vertex 6.239083 6.620690 -4.362880
vertex 6.116745 5.793103 -4.545784
vertex 5.203551 5.793103 -4.251406
endloop
endfacet
facet normal -0.381953 0.363472 -0.849706
outer loop
vertex 5.352866 6.620690 -3.964515
vertex 6.239083 6.620690 -4.362880
vertex 5.203551 5.793103 -4.251406
endloop
endfacet
facet normal -0.427876 0.282113 -0.858682
outer loop
vertex 7.119634 6.620690 -4.773620
vertex 6.975505 5.793103 -4.973698
vertex 6.116745 5.793103 -4.545784
endloop
endfacet
facet normal -0.408849 0.254152 -0.876498
outer loop
vertex 6.239083 6.620690 -4.362880
vertex 7.119634 6.620690 -4.773620
vertex 6.116745 5.793103 -4.545784
endloop
endfacet
facet normal -0.356617 0.376331 -0.855102
outer loop
vertex 8.048977 6.620690 -5.057165
vertex 7.861049 5.793103 -5.343012
vertex 6.975505 5.793103 -4.973698
endloop
endfacet
facet normal -0.280863 0.271469 -0.920555
outer loop
vertex 7.119634 6.620690 -4.773620
vertex 8.048977 6.620690 -5.057165
vertex 6.975505 5.793103 -4.973698
endloop
endfacet
facet normal -0.235060 0.277019 -0.931669
outer loop
vertex 8.966836 6.620690 -5.375931
vertex 8.791365 5.793103 -5.577731
vertex 7.861049 5.793103 -5.343012
endloop
endfacet
facet normal -0.304525 0.372015 -0.876852
outer loop
vertex 8.048977 6.620690 -5.057165
vertex 8.966836 6.620690 -5.375931
vertex 7.861049 5.793103 -5.343012
endloop
endfacet
facet normal -0.144185 -0.019501 -0.989359
outer loop
vertex 9.863460 6.620690 -5.750286
vertex 9.740804 5.793103 -5.716098
vertex 8.791365 5.793103 -5.577731
endloop
endfacet
facet normal -0.368347 0.293226 -0.882235
outer loop
vertex 8.966836 6.620690 -5.375931
vertex 9.863460 6.620690 -5.750286
vertex 8.791365 5.793103 -5.577731
endloop
endfacet
facet normal -0.126105 -0.144695 -0.981408
outer loop
vertex 10.808675 6.620690 -5.975329
vertex 10.692449 5.793103 -5.838379
vertex 9.740804 5.793103 -5.716098
endloop
endfacet
facet normal -0.231609 -0.005859 -0.972791
outer loop
vertex 9.863460 6.620690 -5.750286
vertex 10.808675 6.620690 -5.975329
vertex 9.740804 5.793103 -5.716098
endloop
endfacet
facet normal -0.026917 -0.139227 -0.989895
outer loop
vertex 11.780270 6.620690 -5.984357
vertex 11.651564 5.793103 -5.864459
vertex 10.692449 5.793103 -5.838379
endloop
endfacet
facet normal -0.009168 -0.162001 -0.986748
outer loop
vertex 10.808675 6.620690 -5.975329
vertex 11.780270 6.620690 -5.984357
vertex 10.692449 5.793103 -5.838379
endloop
endfacet
facet normal 0.358539 -0.461122 -0.811675
outer loop
vertex 12.742922 6.620690 -5.852537
vertex 12.529220 5.793103 -5.476774
vertex 11.651564 5.793103 -5.864459
endloop
endfacet
facet normal 0.133865 -0.162449 -0.977594
outer loop
vertex 11.780270 6.620690 -5.984357
vertex 12.742922 6.620690 -5.852537
vertex 11.651564 5.793103 -5.864459
endloop
endfacet
facet normal -0.035585 -0.317250 -0.947674
outer loop
vertex 13.713042 6.620690 -5.798275
vertex 13.488014 5.793103 -5.512777
vertex 12.529220 5.793103 -5.476774
endloop
endfacet
facet normal 0.050586 -0.423698 -0.904390
outer loop
vertex 12.742922 6.620690 -5.852537
vertex 13.713042 6.620690 -5.798275
vertex 12.529220 5.793103 -5.476774
endloop
endfacet
facet normal -0.108374 -0.177216 -0.978187
outer loop
vertex 14.684673 6.620690 -5.795287
vertex 14.441648 5.793103 -5.618430
vertex 13.488014 5.793103 -5.512777
endloop
endfacet
facet normal 0.002906 -0.326822 -0.945082
outer loop
vertex 13.713042 6.620690 -5.798275
vertex 14.684673 6.620690 -5.795287
vertex 13.488014 5.793103 -5.512777
endloop
endfacet
facet normal 0.043983 0.149056 -0.987850
outer loop
vertex 15.589973 6.620690 -5.442428
vertex 15.400167 5.793103 -5.575753
vertex 14.441648 5.793103 -5.618430
endloop
endfacet
facet normal 0.347289 -0.292394 -0.891008
outer loop
vertex 14.684673 6.620690 -5.795287
vertex 15.589973 6.620690 -5.442428
vertex 14.441648 5.793103 -5.618430
endloop
endfacet
facet normal 0.249593 0.303605 -0.919525
outer loop
vertex 16.462170 6.620690 -5.014236
vertex 16.326130 5.793103 -5.324412
vertex 15.400167 5.793103 -5.575753
endloop
endfacet
facet normal 0.440274 0.043501 -0.896809
outer loop
vertex 15.589973 6.620690 -5.442428
vertex 16.462170 6.620690 -5.014236
vertex 15.400167 5.793103 -5.575753
endloop
endfacet
facet normal 0.319819 0.346867 -0.881703
outer loop
vertex 17.353025 6.620690 -4.626351
vertex 17.228096 5.793103 -4.997244
vertex 16.326130 5.793103 -5.324412
endloop
endfacet
facet normal 0.384621 0.267854 -0.883358
outer loop
vertex 16.462170 6.620690 -5.014236
vertex 17.353025 6.620690 -4.626351
vertex 16.326130 5.793103 -5.324412
endloop
endfacet
facet normal 0.344498 0.365071 -0.864896
outer loop
vertex 18.245671 6.620690 -4.242609
vertex 18.119458 5.793103 -4.642204
vertex 17.228096 5.793103 -4.997244
endloop
endfacet
facet normal 0.372526 0.332122 -0.866556
outer loop
vertex 17.353025 6.620690 -4.626351
vertex 18.245671 6.620690 -4.242609
vertex 17.228096 5.793103 -4.997244
endloop
endfacet
facet normal 0.428648 0.289389 -0.855871
outer loop
vertex 19.135908 6.620690 -3.853308
vertex 18.977348 5.793103 -4.212545
vertex 18.119458 5.793103 -4.642204
endloop
endfacet
facet normal 0.374375 0.356270 -0.856105
outer loop
vertex 18.245671 6.620690 -4.242609
vertex 19.135908 6.620690 -3.853308
vertex 18.119458 5.793103 -4.642204
endloop
endfacet
facet normal 0.510893 0.168084 -0.843052
outer loop
vertex 20.007266 6.620690 -3.423410
vertex 19.797904 5.793103 -3.715285
vertex 18.977348 5.793103 -4.212545
endloop
endfacet
facet normal 0.423259 0.291303 -0.857901
outer loop
vertex 19.135908 6.620690 -3.853308
vertex 20.007266 6.620690 -3.423410
vertex 18.977348 5.793103 -4.212545
endloop
endfacet
facet normal 0.563908 0.214458 -0.797506
outer loop
vertex 20.761768 6.620690 -2.811199
vertex 20.581313 5.793103 -3.161344
vertex 19.797904 5.793103 -3.715285
endloop
endfacet
facet normal 0.625995 0.113727 -0.771490
outer loop
vertex 20.007266 6.620690 -3.423410
vertex 20.761768 6.620690 -2.811199
vertex 19.797904 5.793103 -3.715285
endloop
endfacet
facet normal 0.575466 0.360514 -0.734077
outer loop
vertex 21.420553 6.620690 -2.097001
vertex 21.336415 5.793103 -2.569397
vertex 20.581313 5.793103 -3.161344
endloop
endfacet
facet normal 0.729228 0.125584 -0.672648
outer loop
vertex 20.761768 6.620690 -2.811199
vertex 21.420553 6.620690 -2.097001
vertex 20.581313 5.793103 -3.161344
endloop
endfacet
facet normal 0.401741 0.593648 -0.697271
outer loop
vertex 22.114237 6.620690 -1.416649
vertex 22.167767 5.793103 -2.090403
vertex 21.336415 5.793103 -2.569397
endloop
endfacet
facet normal 0.663680 0.318786 -0.676686
outer loop
vertex 21.420553 6.620690 -2.097001
vertex 22.114237 6.620690 -1.416649
vertex 21.336415 5.793103 -2.569397
endloop
endfacet
facet normal 0.476089 0.603163 -0.639948
outer loop
vertex 22.860814 6.620690 -0.794797
vertex 22.937572 5.793103 -1.517707
vertex 22.167767 5.793103 -2.090403
endloop
endfacet
facet normal 0.532448 0.554859 -0.639242
outer loop
vertex 22.114237 6.620690 -1.416649
vertex 22.860814 6.620690 -0.794797
vertex 22.167767 5.793103 -2.090403
endloop
endfacet
facet normal 0.741327 0.421093 -0.522604
outer loop
vertex 23.495648 6.620690 -0.059227
vertex 23.490397 5.793103 -0.733510
vertex 22.937572 5.793103 -1.517707
endloop
endfacet
facet normal 0.637362 0.539616 -0.550076
outer loop
vertex 22.860814 6.620690 -0.794797
vertex 23.495648 6.620690 -0.059227
vertex 22.937572 5.793103 -1.517707
endloop
endfacet
facet normal -0.630226 0.596036 -0.497550
outer loop
vertex 0.940529 7.448276 -0.221283
vertex 0.602071 6.620690 -0.783973
vertex 0.000000 6.620690 -0.021354
endloop
endfacet
facet normal -0.637294 0.558232 -0.531257
outer loop
vertex 1.509130 7.448276 -1.002471
vertex 1.224221 6.620690 -1.530301
vertex 0.602071 6.620690 -0.783973
endloop
endfacet
facet normal -0.652779 0.590021 -0.475137
outer loop
vertex 0.940529 7.448276 -0.221283
vertex 1.509130 7.448276 -1.002471
vertex 0.602071 6.620690 -0.783973
endloop
endfacet
facet normal -0.606810 0.532927 -0.589721
outer loop
vertex 2.145039 7.448276 -1.729919
vertex 1.901389 6.620690 -2.227094
vertex 1.224221 6.620690 -1.530301
endloop
endfacet
facet normal -0.622886 0.561720 -0.544504
outer loop
vertex 1.509130 7.448276 -1.002471
vertex 2.145039 7.448276 -1.729919
vertex 1.224221 6.620690 -1.530301
endloop
endfacet
facet normal -0.512742 0.487812 -0.706495
outer loop
vertex 2.875355 7.448276 -2.362532
vertex 2.687754 6.620690 -2.797802
vertex 1.901389 6.620690 -2.227094
endloop
endfacet
facet normal -0.549751 0.543124 -0.634657
outer loop
vertex 2.145039 7.448276 -1.729919
vertex 2.875355 7.448276 -2.362532
vertex 1.901389 6.620690 -2.227094
endloop
endfacet
facet normal -0.419938 0.471835 -0.775257
outer loop
vertex 3.710638 7.448276 -2.848191
vertex 3.542102 6.620690 -3.260582
vertex 2.687754 6.620690 -2.797802
endloop
endfacet
facet normal -0.436943 0.494299 -0.751498
outer loop
vertex 2.875355 7.448276 -2.362532
vertex 3.710638 7.448276 -2.848191
vertex 2.687754 6.620690 -2.797802
endloop
endfacet
facet normal -0.347811 0.419948 -0.838255
outer loop
vertex 4.577233 7.448276 -3.275478
vertex 4.439551 6.620690 -3.632954
vertex 3.542102 6.620690 -3.260582
endloop
endfacet
facet normal -0.389610 0.473095 -0.790181
outer loop
vertex 3.710638 7.448276 -2.848191
vertex 4.577233 7.448276 -3.275478
vertex 3.542102 6.620690 -3.260582
endloop
endfacet
facet normal -0.323386 0.319219 -0.890798
outer loop
vertex 5.444577 7.448276 -3.701242
vertex 5.352866 6.620690 -3.964515
vertex 4.439551 6.620690 -3.632954
endloop
endfacet
facet normal -0.400168 0.418701 -0.815202
outer loop
vertex 4.577233 7.448276 -3.275478
vertex 5.444577 7.448276 -3.701242
vertex 4.439551 6.620690 -3.632954
endloop
endfacet
facet normal -0.384091 0.349815 -0.854461
outer loop
vertex 6.338215 7.448276 -4.068629
vertex 6.239083 6.620690 -4.362880
vertex 5.352866 6.620690 -3.964515
endloop
endfacet
facet normal -0.360394 0.318812 -0.876627
outer loop
vertex 5.444577 7.448276 -3.701242
vertex 6.338215 7.448276 -4.068629
vertex 5.352866 6.620690 -3.964515
endloop
endfacet
facet normal -0.377458 0.450243 -0.809201
outer loop
vertex 7.254250 7.448276 -4.375941
vertex 7.119634 6.620690 -4.773620
vertex 6.239083 6.620690 -4.362880
endloop
endfacet
facet normal -0.297790 0.351278 -0.887651
outer loop
vertex 6.338215 7.448276 -4.068629
vertex 7.254250 7.448276 -4.375941
vertex 6.239083 6.620690 -4.362880
endloop
endfacet
facet normal -0.266731 0.405670 -0.874235
outer loop
vertex 8.161770 7.448276 -4.707555
vertex 8.048977 6.620690 -5.057165
vertex 7.119634 6.620690 -4.773620
endloop
endfacet
facet normal -0.306095 0.452321 -0.837682
outer loop
vertex 7.254250 7.448276 -4.375941
vertex 8.161770 7.448276 -4.707555
vertex 7.119634 6.620690 -4.773620
endloop
endfacet
facet normal -0.306757 0.354562 -0.883281
outer loop
vertex 9.055572 7.448276 -5.074542
vertex 8.966836 6.620690 -5.375931
vertex 8.048977 6.620690 -5.057165
endloop
endfacet
facet normal -0.347329 0.404694 -0.845923
outer loop
vertex 8.161770 7.448276 -4.707555
vertex 9.055572 7.448276 -5.074542
vertex 8.048977 6.620690 -5.057165
endloop
endfacet
facet normal -0.360967 0.349633 -0.864558
outer loop
vertex 9.945848 7.448276 -5.450002
vertex 9.863460 6.620690 -5.750286
vertex 8.966836 6.620690 -5.375931
endloop
endfacet
facet normal -0.363583 0.352946 -0.862112
outer loop
vertex 9.055572 7.448276 -5.074542
vertex 9.945848 7.448276 -5.450002
vertex 8.966836 6.620690 -5.375931
endloop
endfacet
facet normal -0.209064 0.430388 -0.878099
outer loop
vertex 10.901593 7.448276 -5.591822
vertex 10.808675 6.620690 -5.975329
vertex 9.863460 6.620690 -5.750286
endloop
endfacet
facet normal -0.137500 0.349911 -0.926637
outer loop
vertex 9.945848 7.448276 -5.450002
vertex 10.901593 7.448276 -5.591822
vertex 9.863460 6.620690 -5.750286
endloop
endfacet
facet normal -0.008111 0.487771 -0.872934
outer loop
vertex 11.865328 7.448276 -5.522715
vertex 11.780270 6.620690 -5.984357
vertex 10.808675 6.620690 -5.975329
endloop
endfacet
facet normal 0.065122 0.413533 -0.908157
outer loop
vertex 10.901593 7.448276 -5.591822
vertex 11.865328 7.448276 -5.522715
vertex 10.808675 6.620690 -5.975329
endloop
endfacet
facet normal 0.128186 0.327488 -0.936120
outer loop
vertex 12.831125 7.448276 -5.550940
vertex 12.742922 6.620690 -5.852537
vertex 11.780270 6.620690 -5.984357
endloop
endfacet
facet normal -0.025482 0.488989 -0.871918
outer loop
vertex 11.865328 7.448276 -5.522715
vertex 12.831125 7.448276 -5.550940
vertex 11.780270 6.620690 -5.984357
endloop
endfacet
facet normal 0.055427 0.122299 -0.990944
outer loop
vertex 13.786982 7.448276 -5.692002
vertex 13.713042 6.620690 -5.798275
vertex 12.742922 6.620690 -5.852537
endloop
endfacet
facet normal -0.136650 0.352014 -0.925966
outer loop
vertex 12.831125 7.448276 -5.550940
vertex 13.786982 7.448276 -5.692002
vertex 12.742922 6.620690 -5.852537
endloop
endfacet
facet normal 0.003060 0.099777 -0.995005
outer loop
vertex 14.752983 7.448276 -5.712088
vertex 14.684673 6.620690 -5.795287
vertex 13.713042 6.620690 -5.798275
endloop
endfacet
facet normal -0.020615 0.129152 -0.991410
outer loop
vertex 13.786982 7.448276 -5.692002
vertex 14.752983 7.448276 -5.712088
vertex 13.713042 6.620690 -5.798275
endloop
endfacet
facet normal 0.362442 0.062860 -0.929884
outer loop
vertex 15.653439 7.448276 -5.361745
vertex 15.589973 6.620690 -5.442428
vertex 14.684673 6.620690 -5.795287
endloop
endfacet
facet normal 0.361860 0.063632 -0.930058
outer loop
vertex 14.752983 7.448276 -5.712088
vertex 15.653439 7.448276 -5.361745
vertex 14.684673 6.620690 -5.795287
endloop
endfacet
facet normal 0.435619 0.151283 -0.887327
outer loop
vertex 16.481396 7.448276 -4.863700
vertex 16.462170 6.620690 -5.014236
vertex 15.589973 6.620690 -5.442428
endloop
endfacet
facet normal 0.514964 0.043968 -0.856083
outer loop
vertex 15.653439 7.448276 -5.361745
vertex 16.481396 7.448276 -4.863700
vertex 15.589973 6.620690 -5.442428
endloop
endfacet
facet normal 0.381904 0.291227 -0.877118
outer loop
vertex 17.311693 7.448276 -4.369566
vertex 17.353025 6.620690 -4.626351
vertex 16.462170 6.620690 -5.014236
endloop
endfacet
facet normal 0.506163 0.142947 -0.850509
outer loop
vertex 16.481396 7.448276 -4.863700
vertex 17.311693 7.448276 -4.369566
vertex 16.462170 6.620690 -5.014236
endloop
endfacet
facet normal 0.361618 0.402051 -0.841182
outer loop
vertex 18.149557 7.448276 -3.888375
vertex 18.245671 6.620690 -4.242609
vertex 17.353025 6.620690 -4.626351
endloop
endfacet
facet normal 0.477806 0.282008 -0.831969
outer loop
vertex 17.311693 7.448276 -4.369566
vertex 18.149557 7.448276 -3.888375
vertex 17.353025 6.620690 -4.626351
endloop
endfacet
facet normal 0.354914 0.464045 -0.811603
outer loop
vertex 19.004227 7.448276 -3.437709
vertex 19.135908 6.620690 -3.853308
vertex 18.245671 6.620690 -4.242609
endloop
endfacet
facet normal 0.428057 0.397188 -0.811794
outer loop
vertex 18.149557 7.448276 -3.888375
vertex 19.004227 7.448276 -3.437709
vertex 18.245671 6.620690 -4.242609
endloop
endfacet
facet normal 0.387991 0.480637 -0.786417
outer loop
vertex 19.860469 7.448276 -2.990036
vertex 20.007266 6.620690 -3.423410
vertex 19.135908 6.620690 -3.853308
endloop
endfacet
facet normal 0.411283 0.460479 -0.786642
outer loop
vertex 19.004227 7.448276 -3.437709
vertex 19.860469 7.448276 -2.990036
vertex 19.135908 6.620690 -3.853308
endloop
endfacet
facet normal 0.601389 0.298336 -0.741165
outer loop
vertex 20.706336 7.448276 -2.523055
vertex 20.761768 6.620690 -2.811199
vertex 20.007266 6.620690 -3.423410
endloop
endfacet
facet normal 0.424527 0.477980 -0.768968
outer loop
vertex 19.860469 7.448276 -2.990036
vertex 20.706336 7.448276 -2.523055
vertex 20.007266 6.620690 -3.423410
endloop
endfacet
facet normal 0.734157 0.049215 -0.677194
outer loop
vertex 21.491493 7.448276 -1.959949
vertex 21.420553 6.620690 -2.097001
vertex 20.761768 6.620690 -2.811199
endloop
endfacet
facet normal 0.554754 0.306475 -0.773512
outer loop
vertex 20.706336 7.448276 -2.523055
vertex 21.491493 7.448276 -1.959949
vertex 20.761768 6.620690 -2.811199
endloop
endfacet
facet normal 0.689937 0.170689 -0.703457
outer loop
vertex 22.111294 7.448276 -1.218727
vertex 22.114237 6.620690 -1.416649
vertex 21.420553 6.620690 -2.097001
endloop
endfacet
facet normal 0.766516 0.040439 -0.640951
outer loop
vertex 21.491493 7.448276 -1.959949
vertex 22.111294 7.448276 -1.218727
vertex 21.420553 6.620690 -2.097001
endloop
endfacet
facet normal 0.558995 0.486962 -0.671113
outer loop
vertex 22.618347 7.448276 -0.396257
vertex 22.860814 6.620690 -0.794797
vertex 22.114237 6.620690 -1.416649
endloop
endfacet
facet normal 0.844289 0.127484 -0.520504
outer loop
vertex 22.111294 7.448276 -1.218727
vertex 22.618347 7.448276 -0.396257
vertex 22.114237 6.620690 -1.416649
endloop
endfacet
facet normal 0.756117 0.049431 -0.652567
outer loop
vertex 23.497186 7.448276 0.005244
vertex 23.495648 6.620690 -0.059227
vertex 22.860814 6.620690 -0.794797
endloop
endfacet
facet normal 0.362599 0.488450 -0.793687
outer loop
vertex 22.618347 7.448276 -0.396257
vertex 23.497186 7.448276 0.005244
vertex 22.860814 6.620690 -0.794797
endloop
endfacet
facet normal -0.645186 0.602661 -0.469610
outer loop
vertex 1.848641 8.275862 -0.406857
vertex 1.509130 7.448276 -1.002471
vertex 0.940529 7.448276 -0.221283
endloop
endfacet
facet normal -0.629128 0.549309 -0.549961
outer loop
vertex 2.400800 8.275862 -1.195892
vertex 2.145039 7.448276 -1.729919
vertex 1.509130 7.448276 -1.002471
endloop
endfacet
facet normal -0.655842 0.599362 -0.458952
outer loop
vertex 1.848641 8.275862 -0.406857
vertex 2.400800 8.275862 -1.195892
vertex 1.509130 7.448276 -1.002471
endloop
endfacet
facet normal -0.542206 0.560538 -0.625947
outer loop
vertex 3.121518 8.275862 -1.834657
vertex 2.875355 7.448276 -2.362532
vertex 2.145039 7.448276 -1.729919
endloop
endfacet
facet normal -0.546466 0.566750 -0.616578
outer loop
vertex 2.400800 8.275862 -1.195892
vertex 3.121518 8.275862 -1.834657
vertex 2.145039 7.448276 -1.729919
endloop
endfacet
facet normal -0.443390 0.471030 -0.762585
outer loop
vertex 3.876004 8.275862 -2.433160
vertex 3.710638 7.448276 -2.848191
vertex 2.875355 7.448276 -2.362532
endloop
endfacet
facet normal -0.512817 0.564886 -0.646469
outer loop
vertex 3.121518 8.275862 -1.834657
vertex 3.876004 8.275862 -2.433160
vertex 2.875355 7.448276 -2.362532
endloop
endfacet
facet normal -0.420521 0.309466 -0.852873
outer loop
vertex 4.647357 8.275862 -3.009762
vertex 4.577233 7.448276 -3.275478
vertex 3.710638 7.448276 -2.848191
endloop
endfacet
facet normal -0.530917 0.462267 -0.710237
outer loop
vertex 3.876004 8.275862 -2.433160
vertex 4.647357 8.275862 -3.009762
vertex 3.710638 7.448276 -2.848191
endloop
endfacet
facet normal -0.420281 0.300547 -0.856175
outer loop
vertex 5.508017 8.275862 -3.441872
vertex 5.444577 7.448276 -3.701242
vertex 4.577233 7.448276 -3.275478
endloop
endfacet
facet normal -0.426726 0.309050 -0.849937
outer loop
vertex 4.647357 8.275862 -3.009762
vertex 5.508017 8.275862 -3.441872
vertex 4.577233 7.448276 -3.275478
endloop
endfacet
facet normal -0.338769 0.454110 -0.824027
outer loop
vertex 6.446691 8.275862 -3.657153
vertex 6.338215 7.448276 -4.068629
vertex 5.444577 7.448276 -3.701242
endloop
endfacet
facet normal -0.212745 0.307028 -0.927617
outer loop
vertex 5.508017 8.275862 -3.441872
vertex 6.446691 8.275862 -3.657153
vertex 5.444577 7.448276 -3.701242
endloop
endfacet
facet normal -0.275269 0.500973 -0.820520
outer loop
vertex 7.375581 8.275862 -3.911358
vertex 7.254250 7.448276 -4.375941
vertex 6.338215 7.448276 -4.068629
endloop
endfacet
facet normal -0.234747 0.457263 -0.857790
outer loop
vertex 6.446691 8.275862 -3.657153
vertex 7.375581 8.275862 -3.911358
vertex 6.338215 7.448276 -4.068629
endloop
endfacet
facet normal -0.308338 0.439196 -0.843822
outer loop
vertex 8.252295 8.275862 -4.309888
vertex 8.161770 7.448276 -4.707555
vertex 7.254250 7.448276 -4.375941
endloop
endfacet
facet normal -0.359254 0.496328 -0.790313
outer loop
vertex 7.375581 8.275862 -3.911358
vertex 8.252295 8.275862 -4.309888
vertex 7.254250 7.448276 -4.375941
endloop
endfacet
facet normal -0.352032 0.375469 -0.857378
outer loop
vertex 9.115569 8.275862 -4.736754
vertex 9.055572 7.448276 -5.074542
vertex 8.161770 7.448276 -4.707555
endloop
endfacet
facet normal -0.399718 0.432157 -0.808372
outer loop
vertex 8.252295 8.275862 -4.309888
vertex 9.115569 8.275862 -4.736754
vertex 8.161770 7.448276 -4.707555
endloop
endfacet
facet normal -0.360517 0.373191 -0.854843
outer loop
vertex 10.002283 8.275862 -5.112512
vertex 9.945848 7.448276 -5.450002
vertex 9.055572 7.448276 -5.074542
endloop
endfacet
facet normal -0.361757 0.374663 -0.853674
outer loop
vertex 9.115569 8.275862 -4.736754
vertex 10.002283 8.275862 -5.112512
vertex 9.055572 7.448276 -5.074542
endloop
endfacet
facet normal -0.127699 0.493039 -0.860584
outer loop
vertex 10.965217 8.275862 -5.127129
vertex 10.901593 7.448276 -5.591822
vertex 9.945848 7.448276 -5.450002
endloop
endfacet
facet normal -0.014050 0.378394 -0.925538
outer loop
vertex 10.002283 8.275862 -5.112512
vertex 10.965217 8.275862 -5.127129
vertex 9.945848 7.448276 -5.450002
endloop
endfacet
facet normal 0.062987 0.473778 -0.878389
outer loop
vertex 11.926679 8.275862 -5.071940
vertex 11.865328 7.448276 -5.522715
vertex 10.901593 7.448276 -5.591822
endloop
endfacet
facet normal 0.050083 0.486057 -0.872491
outer loop
vertex 10.965217 8.275862 -5.127129
vertex 11.926679 8.275862 -5.071940
vertex 10.901593 7.448276 -5.591822
endloop
endfacet
facet normal -0.025960 0.458537 -0.888296
outer loop
vertex 12.888238 8.275862 -5.125411
vertex 12.831125 7.448276 -5.550940
vertex 11.865328 7.448276 -5.522715
endloop
endfacet
facet normal -0.048692 0.480547 -0.875616
outer loop
vertex 11.926679 8.275862 -5.071940
vertex 12.888238 8.275862 -5.125411
vertex 11.865328 7.448276 -5.522715
endloop
endfacet
facet normal -0.136676 0.351531 -0.926146
outer loop
vertex 13.816410 8.275862 -5.382223
vertex 13.786982 7.448276 -5.692002
vertex 12.831125 7.448276 -5.550940
endloop
endfacet
facet normal -0.237174 0.457123 -0.857197
outer loop
vertex 12.888238 8.275862 -5.125411
vertex 13.816410 8.275862 -5.382223
vertex 12.831125 7.448276 -5.550940
endloop
endfacet
facet normal -0.020587 0.139193 -0.990051
outer loop
vertex 14.755476 8.275862 -5.595788
vertex 14.752983 7.448276 -5.712088
vertex 13.786982 7.448276 -5.692002
endloop
endfacet
facet normal -0.207785 0.349382 -0.913651
outer loop
vertex 13.816410 8.275862 -5.382223
vertex 14.755476 8.275862 -5.595788
vertex 13.786982 7.448276 -5.692002
endloop
endfacet
facet normal 0.361917 0.061125 -0.930204
outer loop
vertex 15.672016 8.275862 -5.300136
vertex 15.653439 7.448276 -5.361745
vertex 14.752983 7.448276 -5.712088
endloop
endfacet
facet normal 0.304324 0.131663 -0.943426
outer loop
vertex 14.755476 8.275862 -5.595788
vertex 15.672016 8.275862 -5.300136
vertex 14.752983 7.448276 -5.712088
endloop
endfacet
facet normal 0.515010 0.041916 -0.856159
outer loop
vertex 16.501609 8.275862 -4.811024
vertex 16.481396 7.448276 -4.863700
vertex 15.653439 7.448276 -5.361745
endloop
endfacet
facet normal 0.507177 0.052655 -0.860232
outer loop
vertex 15.672016 8.275862 -5.300136
vertex 16.501609 8.275862 -4.811024
vertex 15.653439 7.448276 -5.361745
endloop
endfacet
facet normal 0.510276 0.066691 -0.857421
outer loop
vertex 17.318574 8.275862 -4.301100
vertex 17.311693 7.448276 -4.369566
vertex 16.481396 7.448276 -4.863700
endloop
endfacet
facet normal 0.529046 0.041029 -0.847601
outer loop
vertex 16.501609 8.275862 -4.811024
vertex 17.318574 8.275862 -4.301100
vertex 16.481396 7.448276 -4.863700
endloop
endfacet
facet normal 0.490505 0.173058 -0.854081
outer loop
vertex 18.105524 8.275862 -3.745973
vertex 18.149557 7.448276 -3.888375
vertex 17.311693 7.448276 -4.369566
endloop
endfacet
facet normal 0.575295 0.062686 -0.815540
outer loop
vertex 17.318574 8.275862 -4.301100
vertex 18.105524 8.275862 -3.745973
vertex 17.311693 7.448276 -4.369566
endloop
endfacet
facet normal 0.433797 0.367448 -0.822680
outer loop
vertex 18.858129 8.275862 -3.145107
vertex 19.004227 7.448276 -3.437709
vertex 18.149557 7.448276 -3.888375
endloop
endfacet
facet normal 0.615334 0.165358 -0.770727
outer loop
vertex 18.105524 8.275862 -3.745973
vertex 18.858129 8.275862 -3.145107
vertex 18.149557 7.448276 -3.888375
endloop
endfacet
facet normal 0.393480 0.527998 -0.752590
outer loop
vertex 19.608334 8.275862 -2.541247
vertex 19.860469 7.448276 -2.990036
vertex 19.004227 7.448276 -3.437709
endloop
endfacet
facet normal 0.584944 0.360197 -0.726704
outer loop
vertex 18.858129 8.275862 -3.145107
vertex 19.608334 8.275862 -2.541247
vertex 19.004227 7.448276 -3.437709
endloop
endfacet
facet normal 0.376379 0.627335 -0.681754
outer loop
vertex 20.367446 8.275862 -1.948621
vertex 20.706336 7.448276 -2.523055
vertex 19.860469 7.448276 -2.990036
endloop
endfacet
facet normal 0.524188 0.523818 -0.671447
outer loop
vertex 19.608334 8.275862 -2.541247
vertex 20.367446 8.275862 -1.948621
vertex 19.860469 7.448276 -2.990036
endloop
endfacet
facet normal 0.429423 0.676081 -0.598758
outer loop
vertex 21.090810 8.275862 -1.312854
vertex 21.491493 7.448276 -1.959949
vertex 20.706336 7.448276 -2.523055
endloop
endfacet
facet normal 0.517592 0.620715 -0.588907
outer loop
vertex 20.367446 8.275862 -1.948621
vertex 21.090810 8.275862 -1.312854
vertex 20.706336 7.448276 -2.523055
endloop
endfacet
facet normal 0.580593 0.653617 -0.485485
outer loop
vertex 21.714505 8.275862 -0.579055
vertex 22.111294 7.448276 -1.218727
vertex 21.491493 7.448276 -1.959949
endloop
endfacet
facet normal 0.573348 0.658629 -0.487319
outer loop
vertex 21.090810 8.275862 -1.312854
vertex 21.714505 8.275862 -0.579055
vertex 21.491493 7.448276 -1.959949
endloop
endfacet
facet normal 0.821043 0.263964 -0.506173
outer loop
vertex 22.542640 8.275862 -0.087480
vertex 22.618347 7.448276 -0.396257
vertex 22.111294 7.448276 -1.218727
endloop
endfacet
facet normal 0.377638 0.672794 -0.636190
outer loop
vertex 21.714505 8.275862 -0.579055
vertex 22.542640 8.275862 -0.087480
vertex 22.111294 7.448276 -1.218727
endloop
endfacet
facet normal -0.681258 0.555525 -0.476738
outer loop
vertex 2.727045 9.103448 -0.697740
vertex 2.400800 8.275862 -1.195892
vertex 1.848641 8.275862 -0.406857
endloop
endfacet
facet normal -0.555564 0.319928 -0.767460
outer loop
vertex 1.938537 9.103448 -0.126940
vertex 2.727045 9.103448 -0.697740
vertex 1.848641 8.275862 -0.406857
endloop
endfacet
facet normal -0.609053 0.396001 -0.687195
outer loop
vertex 3.280410 9.103448 -1.498578
vertex 3.121518 8.275862 -1.834657
vertex 2.400800 8.275862 -1.195892
endloop
endfacet
facet normal -0.684581 0.554606 -0.473034
outer loop
vertex 2.727045 9.103448 -0.697740
vertex 3.280410 9.103448 -1.498578
vertex 2.400800 8.275862 -1.195892
endloop
endfacet
facet normal -0.598053 0.271916 -0.753919
outer loop
vertex 3.956715 9.103448 -2.198698
vertex 3.876004 8.275862 -2.433160
vertex 3.121518 8.275862 -1.834657
endloop
endfacet
facet normal -0.663066 0.387413 -0.640511
outer loop
vertex 3.280410 9.103448 -1.498578
vertex 3.956715 9.103448 -2.198698
vertex 3.121518 8.275862 -1.834657
endloop
endfacet
facet normal -0.567536 0.318561 -0.759224
outer loop
vertex 4.760808 9.103448 -2.747324
vertex 4.647357 8.275862 -3.009762
vertex 3.876004 8.275862 -2.433160
endloop
endfacet
facet normal -0.541447 0.277629 -0.793572
outer loop
vertex 3.956715 9.103448 -2.198698
vertex 4.760808 9.103448 -2.747324
vertex 3.876004 8.275862 -2.433160
endloop
endfacet
facet normal -0.380968 0.528288 -0.758798
outer loop
vertex 5.709192 9.103448 -2.966696
vertex 5.508017 8.275862 -3.441872
vertex 4.647357 8.275862 -3.009762
endloop
endfacet
facet normal -0.213375 0.321775 -0.922460
outer loop
vertex 4.760808 9.103448 -2.747324
vertex 5.709192 9.103448 -2.966696
vertex 4.647357 8.275862 -3.009762
endloop
endfacet
facet normal -0.179332 0.597019 -0.781926
outer loop
vertex 6.676242 9.103448 -3.077919
vertex 6.446691 8.275862 -3.657153
vertex 5.508017 8.275862 -3.441872
endloop
endfacet
facet normal -0.098055 0.513351 -0.852559
outer loop
vertex 5.709192 9.103448 -2.966696
vertex 6.676242 9.103448 -3.077919
vertex 5.508017 8.275862 -3.441872
endloop
endfacet
facet normal -0.233137 0.468940 -0.851905
outer loop
vertex 7.551489 9.103448 -3.503944
vertex 7.375581 8.275862 -3.911358
vertex 6.446691 8.275862 -3.657153
endloop
endfacet
facet normal -0.350006 0.600364 -0.719068
outer loop
vertex 6.676242 9.103448 -3.077919
vertex 7.551489 9.103448 -3.503944
vertex 6.446691 8.275862 -3.657153
endloop
endfacet
facet normal -0.386374 0.358134 -0.849973
outer loop
vertex 8.377927 9.103448 -4.018295
vertex 8.252295 8.275862 -4.309888
vertex 7.375581 8.275862 -3.911358
endloop
endfacet
facet normal -0.466822 0.468479 -0.750070
outer loop
vertex 7.551489 9.103448 -3.503944
vertex 8.377927 9.103448 -4.018295
vertex 7.375581 8.275862 -3.911358
endloop
endfacet
facet normal -0.427178 0.266809 -0.863905
outer loop
vertex 9.207949 9.103448 -4.526841
vertex 9.115569 8.275862 -4.736754
vertex 8.252295 8.275862 -4.309888
endloop
endfacet
facet normal -0.488401 0.355008 -0.797141
outer loop
vertex 8.377927 9.103448 -4.018295
vertex 9.207949 9.103448 -4.526841
vertex 8.252295 8.275862 -4.309888
endloop
endfacet
facet normal -0.332856 0.521764 -0.785474
outer loop
vertex 10.175227 9.103448 -4.636062
vertex 10.002283 8.275862 -5.112512
vertex 9.115569 8.275862 -4.736754
endloop
endfacet
facet normal -0.108470 0.255767 -0.960634
outer loop
vertex 9.207949 9.103448 -4.526841
vertex 10.175227 9.103448 -4.636062
vertex 9.115569 8.275862 -4.736754
endloop
endfacet
facet normal -0.012790 0.538524 -0.842513
outer loop
vertex 11.148017 9.103448 -4.600921
vertex 10.965217 8.275862 -5.127129
vertex 10.002283 8.275862 -5.112512
endloop
endfacet
facet normal 0.031393 0.493752 -0.869036
outer loop
vertex 10.175227 9.103448 -4.636062
vertex 11.148017 9.103448 -4.600921
vertex 10.002283 8.275862 -5.112512
endloop
endfacet
facet normal 0.049258 0.511058 -0.858134
outer loop
vertex 12.120883 9.103448 -4.567927
vertex 11.926679 8.275862 -5.071940
vertex 10.965217 8.275862 -5.127129
endloop
endfacet
facet normal 0.028705 0.531814 -0.846375
outer loop
vertex 11.148017 9.103448 -4.600921
vertex 12.120883 9.103448 -4.567927
vertex 10.965217 8.275862 -5.127129
endloop
endfacet
facet normal -0.050618 0.410948 -0.910252
outer loop
vertex 13.074734 9.103448 -4.762155
vertex 12.888238 8.275862 -5.125411
vertex 11.926679 8.275862 -5.071940
endloop
endfacet
facet normal -0.167785 0.541195 -0.823988
outer loop
vertex 12.120883 9.103448 -4.567927
vertex 13.074734 9.103448 -4.762155
vertex 11.926679 8.275862 -5.071940
endloop
endfacet
facet normal -0.252030 0.326748 -0.910888
outer loop
vertex 13.976161 9.103448 -5.129557
vertex 13.816410 8.275862 -5.382223
vertex 12.888238 8.275862 -5.125411
endloop
endfacet
facet normal -0.338727 0.441118 -0.831071
outer loop
vertex 13.074734 9.103448 -4.762155
vertex 13.976161 9.103448 -5.129557
vertex 12.888238 8.275862 -5.125411
endloop
endfacet
facet normal -0.215293 0.239732 -0.946667
outer loop
vertex 14.905166 9.103448 -5.420255
vertex 14.755476 8.275862 -5.595788
vertex 13.816410 8.275862 -5.382223
endloop
endfacet
facet normal -0.281954 0.329525 -0.901063
outer loop
vertex 13.976161 9.103448 -5.129557
vertex 14.905166 9.103448 -5.420255
vertex 13.816410 8.275862 -5.382223
endloop
endfacet
facet normal 0.301551 0.187507 -0.934830
outer loop
vertex 15.819599 9.103448 -5.086534
vertex 15.672016 8.275862 -5.300136
vertex 14.755476 8.275862 -5.595788
endloop
endfacet
facet normal 0.339648 0.135964 -0.930674
outer loop
vertex 14.905166 9.103448 -5.420255
vertex 15.819599 9.103448 -5.086534
vertex 14.755476 8.275862 -5.595788
endloop
endfacet
facet normal 0.504950 0.107285 -0.856455
outer loop
vertex 16.667989 9.103448 -4.609261
vertex 16.501609 8.275862 -4.811024
vertex 15.672016 8.275862 -5.300136
endloop
endfacet
facet normal 0.485732 0.136232 -0.863426
outer loop
vertex 15.819599 9.103448 -5.086534
vertex 16.667989 9.103448 -4.609261
vertex 15.672016 8.275862 -5.300136
endloop
endfacet
facet normal 0.525929 0.115811 -0.842607
outer loop
vertex 17.486570 9.103448 -4.082497
vertex 17.318574 8.275862 -4.301100
vertex 16.501609 8.275862 -4.811024
endloop
endfacet
facet normal 0.538657 0.095781 -0.837063
outer loop
vertex 16.667989 9.103448 -4.609261
vertex 17.486570 9.103448 -4.082497
vertex 16.501609 8.275862 -4.811024
endloop
endfacet
facet normal 0.571211 0.134251 -0.809750
outer loop
vertex 18.264135 9.103448 -3.496878
vertex 18.105524 8.275862 -3.745973
vertex 17.318574 8.275862 -4.301100
endloop
endfacet
facet normal 0.599244 0.088526 -0.795657
outer loop
vertex 17.486570 9.103448 -4.082497
vertex 18.264135 9.103448 -3.496878
vertex 17.318574 8.275862 -4.301100
endloop
endfacet
facet normal 0.609214 0.215863 -0.763061
outer loop
vertex 18.967349 9.103448 -2.823791
vertex 18.858129 8.275862 -3.145107
vertex 18.105524 8.275862 -3.745973
endloop
endfacet
facet normal 0.688984 0.084611 -0.719821
outer loop
vertex 18.264135 9.103448 -3.496878
vertex 18.967349 9.103448 -2.823791
vertex 18.105524 8.275862 -3.745973
endloop
endfacet
facet normal 0.571586 0.411139 -0.710109
outer loop
vertex 19.590791 9.103448 -2.076212
vertex 19.608334 8.275862 -2.541247
vertex 18.858129 8.275862 -3.145107
endloop
endfacet
facet normal 0.759789 0.145737 -0.633625
outer loop
vertex 18.967349 9.103448 -2.823791
vertex 19.590791 9.103448 -2.076212
vertex 18.858129 8.275862 -3.145107
endloop
endfacet
facet normal 0.484520 0.616485 -0.620635
outer loop
vertex 20.161306 9.103448 -1.287498
vertex 20.367446 8.275862 -1.948621
vertex 19.608334 8.275862 -2.541247
endloop
endfacet
facet normal 0.765587 0.327411 -0.553786
outer loop
vertex 19.590791 9.103448 -2.076212
vertex 20.161306 9.103448 -1.287498
vertex 19.608334 8.275862 -2.541247
endloop
endfacet
facet normal 0.450199 0.731398 -0.512228
outer loop
vertex 20.698658 9.103448 -0.475828
vertex 21.090810 8.275862 -1.312854
vertex 20.367446 8.275862 -1.948621
endloop
endfacet
facet normal 0.699540 0.544210 -0.463118
outer loop
vertex 20.161306 9.103448 -1.287498
vertex 20.698658 9.103448 -0.475828
vertex 20.367446 8.275862 -1.948621
endloop
endfacet
facet normal 0.657013 0.506448 -0.558430
outer loop
vertex 21.556054 9.103448 -0.014929
vertex 21.714505 8.275862 -0.579055
vertex 21.090810 8.275862 -1.312854
endloop
endfacet
facet normal 0.316098 0.744518 -0.588027
outer loop
vertex 20.698658 9.103448 -0.475828
vertex 21.556054 9.103448 -0.014929
vertex 21.090810 8.275862 -1.312854
endloop
endfacet
facet normal -0.535031 0.409243 -0.739096
outer loop
vertex 2.872843 9.931034 -0.345043
vertex 2.727045 9.103448 -0.697740
vertex 1.938537 9.103448 -0.126940
endloop
endfacet
facet normal -0.709174 0.506898 -0.490027
outer loop
vertex 3.557510 9.931034 -1.043521
vertex 3.280410 9.103448 -1.498578
vertex 2.727045 9.103448 -0.697740
endloop
endfacet
facet normal -0.657442 0.390469 -0.644441
outer loop
vertex 2.872843 9.931034 -0.345043
vertex 3.557510 9.931034 -1.043521
vertex 2.727045 9.103448 -0.697740
endloop
endfacet
facet normal -0.642339 0.449882 -0.620489
outer loop
vertex 4.162692 9.931034 -1.811893
vertex 3.956715 9.103448 -2.198698
vertex 3.280410 9.103448 -1.498578
endloop
endfacet
facet normal -0.672669 0.516548 -0.529806
outer loop
vertex 3.557510 9.931034 -1.043521
vertex 4.162692 9.931034 -1.811893
vertex 3.280410 9.103448 -1.498578
endloop
endfacet
facet normal -0.467431 0.558713 -0.685090
outer loop
vertex 5.033038 9.931034 -2.258142
vertex 4.760808 9.103448 -2.747324
vertex 3.956715 9.103448 -2.198698
endloop
endfacet
facet normal -0.403219 0.467924 -0.786423
outer loop
vertex 4.162692 9.931034 -1.811893
vertex 5.033038 9.931034 -2.258142
vertex 3.956715 9.103448 -2.198698
endloop
endfacet
facet normal -0.174346 0.633638 -0.753728
outer loop
vertex 6.007686 9.931034 -2.340012
vertex 5.709192 9.103448 -2.966696
vertex 4.760808 9.103448 -2.747324
endloop
endfacet
facet normal -0.071251 0.524820 -0.848226
outer loop
vertex 5.033038 9.931034 -2.258142
vertex 6.007686 9.931034 -2.340012
vertex 4.760808 9.103448 -2.747324
endloop
endfacet
facet normal -0.097002 0.528456 -0.843401
outer loop
vertex 6.952961 9.931034 -2.591199
vertex 6.676242 9.103448 -3.077919
vertex 5.709192 9.103448 -2.966696
endloop
endfacet
facet normal -0.198152 0.636141 -0.745694
outer loop
vertex 6.007686 9.931034 -2.340012
vertex 6.952961 9.931034 -2.591199
vertex 5.709192 9.103448 -2.966696
endloop
endfacet
facet normal -0.402767 0.391256 -0.827464
outer loop
vertex 7.721947 9.931034 -3.195601
vertex 7.551489 9.103448 -3.503944
vertex 6.676242 9.103448 -3.077919
endloop
endfacet
facet normal -0.513606 0.556050 -0.653465
outer loop
vertex 6.952961 9.931034 -2.591199
vertex 7.721947 9.931034 -3.195601
vertex 6.676242 9.103448 -3.077919
endloop
endfacet
facet normal -0.510027 0.261357 -0.819491
outer loop
vertex 8.477710 9.931034 -3.816458
vertex 8.377927 9.103448 -4.018295
vertex 7.551489 9.103448 -3.503944
endloop
endfacet
facet normal -0.585532 0.386164 -0.712762
outer loop
vertex 7.721947 9.931034 -3.195601
vertex 8.477710 9.931034 -3.816458
vertex 7.551489 9.103448 -3.503944
endloop
endfacet
facet normal -0.477112 0.407387 -0.778717
outer loop
vertex 9.378214 9.931034 -4.198207
vertex 9.207949 9.103448 -4.526841
vertex 8.377927 9.103448 -4.018295
endloop
endfacet
facet normal -0.376660 0.262107 -0.888497
outer loop
vertex 8.477710 9.931034 -3.816458
vertex 9.378214 9.931034 -4.198207
vertex 8.377927 9.103448 -4.018295
endloop
endfacet
facet normal -0.089781 0.599775 -0.795116
outer loop
vertex 10.341827 9.931034 -4.030605
vertex 10.175227 9.103448 -4.636062
vertex 9.207949 9.103448 -4.526841
endloop
endfacet
facet normal 0.161435 0.335357 -0.928156
outer loop
vertex 9.378214 9.931034 -4.198207
vertex 10.341827 9.931034 -4.030605
vertex 9.207949 9.103448 -4.526841
endloop
endfacet
facet normal 0.027082 0.661228 -0.749696
outer loop
vertex 11.305835 9.931034 -3.865293
vertex 11.148017 9.103448 -4.600921
vertex 10.175227 9.103448 -4.636062
endloop
endfacet
facet normal 0.139307 0.566273 -0.812360
outer loop
vertex 10.341827 9.931034 -4.030605
vertex 11.305835 9.931034 -3.865293
vertex 10.175227 9.103448 -4.636062
endloop
endfacet
facet normal 0.023494 0.720815 -0.692729
outer loop
vertex 12.270141 9.931034 -3.701724
vertex 12.120883 9.103448 -4.567927
vertex 11.148017 9.103448 -4.600921
endloop
endfacet
facet normal 0.127770 0.645195 -0.753259
outer loop
vertex 11.305835 9.931034 -3.865293
vertex 12.270141 9.931034 -3.701724
vertex 11.148017 9.103448 -4.600921
endloop
endfacet
facet normal -0.165254 0.560409 -0.811562
outer loop
vertex 13.112719 9.931034 -4.198415
vertex 13.074734 9.103448 -4.762155
vertex 12.120883 9.103448 -4.567927
endloop
endfacet
facet normal -0.360299 0.704707 -0.611206
outer loop
vertex 12.270141 9.931034 -3.701724
vertex 13.112719 9.931034 -4.198415
vertex 12.120883 9.103448 -4.567927
endloop
endfacet
facet normal -0.345695 0.401380 -0.848168
outer loop
vertex 13.938496 9.931034 -4.722565
vertex 13.976161 9.103448 -5.129557
vertex 13.074734 9.103448 -4.762155
endloop
endfacet
facet normal -0.459587 0.514313 -0.724059
outer loop
vertex 13.112719 9.931034 -4.198415
vertex 13.938496 9.931034 -4.722565
vertex 13.074734 9.103448 -4.762155
endloop
endfacet
facet normal -0.284458 0.304444 -0.909064
outer loop
vertex 14.832086 9.931034 -5.120230
vertex 14.905166 9.103448 -5.420255
vertex 13.976161 9.103448 -5.129557
endloop
endfacet
facet normal -0.373402 0.395645 -0.839069
outer loop
vertex 13.938496 9.931034 -4.722565
vertex 14.832086 9.931034 -5.120230
vertex 13.976161 9.103448 -5.129557
endloop
endfacet
facet normal 0.342482 0.045113 -0.938441
outer loop
vertex 15.807719 9.931034 -5.051086
vertex 15.819599 9.103448 -5.086534
vertex 14.905166 9.103448 -5.420255
endloop
endfacet
facet normal 0.066347 0.345246 -0.936164
outer loop
vertex 14.832086 9.931034 -5.120230
vertex 15.807719 9.931034 -5.051086
vertex 14.905166 9.103448 -5.420255
endloop
endfacet
facet normal 0.490041 -0.032713 -0.871085
outer loop
vertex 16.689636 9.931034 -4.628162
vertex 16.667989 9.103448 -4.609261
vertex 15.819599 9.103448 -5.086534
endloop
endfacet
facet normal 0.431968 0.044784 -0.900777
outer loop
vertex 15.807719 9.931034 -5.051086
vertex 16.689636 9.931034 -4.628162
vertex 15.819599 9.103448 -5.086534
endloop
endfacet
facet normal 0.540542 -0.047221 -0.839991
outer loop
vertex 17.518305 9.931034 -4.108598
vertex 17.486570 9.103448 -4.082497
vertex 16.667989 9.103448 -4.609261
endloop
endfacet
facet normal 0.530915 -0.033227 -0.846774
outer loop
vertex 16.689636 9.931034 -4.628162
vertex 17.518305 9.931034 -4.108598
vertex 16.667989 9.103448 -4.609261
endloop
endfacet
facet normal 0.601605 0.001392 -0.798792
outer loop
vertex 18.274177 9.931034 -3.487874
vertex 18.264135 9.103448 -3.496878
vertex 17.486570 9.103448 -4.082497
endloop
endfacet
facet normal 0.633884 -0.048653 -0.771896
outer loop
vertex 17.518305 9.931034 -4.108598
vertex 18.274177 9.931034 -3.487874
vertex 17.486570 9.103448 -4.082497
endloop
endfacet
facet normal 0.690257 -0.059048 -0.721151
outer loop
vertex 19.013429 9.931034 -2.847447
vertex 18.967349 9.103448 -2.823791
vertex 18.264135 9.103448 -3.496878
endloop
endfacet
facet normal 0.654779 0.000279 -0.755820
outer loop
vertex 18.274177 9.931034 -3.487874
vertex 19.013429 9.931034 -2.847447
vertex 18.264135 9.103448 -3.496878
endloop
endfacet
facet normal 0.766347 -0.065351 -0.639094
outer loop
vertex 19.642659 9.931034 -2.098642
vertex 19.590791 9.103448 -2.076212
vertex 18.967349 9.103448 -2.823791
endloop
endfacet
facet normal 0.764166 -0.060904 -0.642138
outer loop
vertex 19.013429 9.931034 -2.847447
vertex 19.642659 9.931034 -2.098642
vertex 18.967349 9.103448 -2.823791
endloop
endfacet
facet normal 0.809800 -0.033184 -0.585767
outer loop
vertex 20.193233 9.931034 -1.290243
vertex 20.161306 9.103448 -1.287498
vertex 19.590791 9.103448 -2.076212
endloop
endfacet
facet normal 0.824664 -0.066907 -0.561652
outer loop
vertex 19.642659 9.931034 -2.098642
vertex 20.193233 9.931034 -1.290243
vertex 19.590791 9.103448 -2.076212
endloop
endfacet
facet normal 0.833767 0.012292 -0.551980
outer loop
vertex 20.700796 9.931034 -0.454168
vertex 20.698658 9.103448 -0.475828
vertex 20.161306 9.103448 -1.287498
endloop
endfacet
facet normal 0.854298 -0.034678 -0.518626
outer loop
vertex 20.193233 9.931034 -1.290243
vertex 20.700796 9.931034 -0.454168
vertex 20.161306 9.103448 -1.287498
endloop
endfacet
facet normal -0.598698 0.545122 -0.586859
outer loop
vertex 3.774442 10.758621 -0.496100
vertex 3.557510 9.931034 -1.043521
vertex 2.872843 9.931034 -0.345043
endloop
endfacet
facet normal -0.587704 0.663581 -0.462886
outer loop
vertex 4.538595 10.758621 -1.102753
vertex 4.162692 9.931034 -1.811893
vertex 3.557510 9.931034 -1.043521
endloop
endfacet
facet normal -0.513911 0.562899 -0.647333
outer loop
vertex 3.774442 10.758621 -0.496100
vertex 4.538595 10.758621 -1.102753
vertex 3.557510 9.931034 -1.043521
endloop
endfacet
facet normal -0.299281 0.754798 -0.583705
outer loop
vertex 5.464846 10.758621 -1.409377
vertex 5.033038 9.931034 -2.258142
vertex 4.162692 9.931034 -1.811893
endloop
endfacet
facet normal -0.227137 0.691104 -0.686137
outer loop
vertex 4.538595 10.758621 -1.102753
vertex 5.464846 10.758621 -1.409377
vertex 4.162692 9.931034 -1.811893
endloop
endfacet
facet normal -0.063989 0.644680 -0.761770
outer loop
vertex 6.404256 10.758621 -1.672944
vertex 6.007686 9.931034 -2.340012
vertex 5.033038 9.931034 -2.258142
endloop
endfacet
facet normal -0.179165 0.748407 -0.638582
outer loop
vertex 5.464846 10.758621 -1.409377
vertex 6.404256 10.758621 -1.672944
vertex 5.033038 9.931034 -2.258142
endloop
endfacet
facet normal -0.243763 0.314758 -0.917337
outer loop
vertex 7.108235 10.758621 -2.348497
vertex 6.952961 9.931034 -2.591199
vertex 6.007686 9.931034 -2.340012
endloop
endfacet
facet normal -0.511238 0.674398 -0.532750
outer loop
vertex 6.404256 10.758621 -1.672944
vertex 7.108235 10.758621 -2.348497
vertex 6.007686 9.931034 -2.340012
endloop
endfacet
facet normal -0.612166 0.136469 -0.778864
outer loop
vertex 7.756458 10.758621 -3.077719
vertex 7.721947 9.931034 -3.195601
vertex 6.952961 9.931034 -2.591199
endloop
endfacet
facet normal -0.708673 0.317707 -0.629956
outer loop
vertex 7.108235 10.758621 -2.348497
vertex 7.756458 10.758621 -3.077719
vertex 6.952961 9.931034 -2.591199
endloop
endfacet
facet normal -0.628097 0.144629 -0.764576
outer loop
vertex 8.515404 10.758621 -3.690875
vertex 8.477710 9.931034 -3.816458
vertex 7.721947 9.931034 -3.195601
endloop
endfacet
facet normal -0.622621 0.135737 -0.770662
outer loop
vertex 7.756458 10.758621 -3.077719
vertex 8.515404 10.758621 -3.690875
vertex 7.721947 9.931034 -3.195601
endloop
endfacet
facet normal -0.339905 0.491512 -0.801798
outer loop
vertex 9.489937 10.758621 -3.738249
vertex 9.378214 9.931034 -4.198207
vertex 8.477710 9.931034 -3.816458
endloop
endfacet
facet normal -0.047991 0.151992 -0.987216
outer loop
vertex 8.515404 10.758621 -3.690875
vertex 9.489937 10.758621 -3.738249
vertex 8.477710 9.931034 -3.816458
endloop
endfacet
facet normal 0.136413 0.605207 -0.784293
outer loop
vertex 10.398321 10.758621 -3.382165
vertex 10.341827 9.931034 -4.030605
vertex 9.378214 9.931034 -4.198207
endloop
endfacet
facet normal 0.330528 0.424009 -0.843189
outer loop
vertex 9.489937 10.758621 -3.738249
vertex 10.398321 10.758621 -3.382165
vertex 9.378214 9.931034 -4.198207
endloop
endfacet
facet normal 0.139485 0.564741 -0.813395
outer loop
vertex 11.368634 10.758621 -3.279930
vertex 11.305835 9.931034 -3.865293
vertex 10.341827 9.931034 -4.030605
endloop
endfacet
facet normal 0.082940 0.611120 -0.787181
outer loop
vertex 10.398321 10.758621 -3.382165
vertex 11.368634 10.758621 -3.279930
vertex 10.341827 9.931034 -4.030605
endloop
endfacet
facet normal 0.138573 0.559819 -0.816946
outer loop
vertex 12.331802 10.758621 -3.124154
vertex 12.270141 9.931034 -3.701724
vertex 11.305835 9.931034 -3.865293
endloop
endfacet
facet normal 0.131649 0.565759 -0.813993
outer loop
vertex 11.368634 10.758621 -3.279930
vertex 12.331802 10.758621 -3.124154
vertex 11.305835 9.931034 -3.865293
endloop
endfacet
facet normal -0.441447 0.494297 -0.748863
outer loop
vertex 13.141216 10.758621 -3.668954
vertex 13.112719 9.931034 -4.198415
vertex 12.270141 9.931034 -3.701724
endloop
endfacet
facet normal -0.474446 0.527289 -0.704889
outer loop
vertex 12.331802 10.758621 -3.124154
vertex 13.141216 10.758621 -3.668954
vertex 12.270141 9.931034 -3.701724
endloop
endfacet
facet normal -0.492778 0.393002 -0.776350
outer loop
vertex 13.901663 10.758621 -4.280247
vertex 13.938496 9.931034 -4.722565
vertex 13.112719 9.931034 -4.198415
endloop
endfacet
facet normal -0.555819 0.461497 -0.691437
outer loop
vertex 13.141216 10.758621 -3.668954
vertex 13.901663 10.758621 -4.280247
vertex 13.112719 9.931034 -4.198415
endloop
endfacet
facet normal -0.375217 0.385111 -0.843150
outer loop
vertex 14.774364 10.758621 -4.716540
vertex 14.832086 9.931034 -5.120230
vertex 13.938496 9.931034 -4.722565
endloop
endfacet
facet normal -0.406530 0.416520 -0.813169
outer loop
vertex 13.901663 10.758621 -4.280247
vertex 14.774364 10.758621 -4.716540
vertex 13.938496 9.931034 -4.722565
endloop
endfacet
facet normal 0.068972 0.219388 -0.973197
outer loop
vertex 15.737989 10.758621 -4.869464
vertex 15.807719 9.931034 -5.051086
vertex 14.832086 9.931034 -5.120230
endloop
endfacet
facet normal -0.141804 0.425977 -0.893552
outer loop
vertex 14.774364 10.758621 -4.716540
vertex 15.737989 10.758621 -4.869464
vertex 14.832086 9.931034 -5.120230
endloop
endfacet
facet normal 0.427123 0.155779 -0.890673
outer loop
vertex 16.643301 10.758621 -4.505638
vertex 16.689636 9.931034 -4.628162
vertex 15.807719 9.931034 -5.051086
endloop
endfacet
facet normal 0.363001 0.228814 -0.903258
outer loop
vertex 15.737989 10.758621 -4.869464
vertex 16.643301 10.758621 -4.505638
vertex 15.807719 9.931034 -5.051086
endloop
endfacet
facet normal 0.526929 0.126677 -0.840416
outer loop
vertex 17.481792 10.758621 -4.006749
vertex 17.518305 9.931034 -4.108598
vertex 16.689636 9.931034 -4.628162
endloop
endfacet
facet normal 0.505223 0.154002 -0.849137
outer loop
vertex 16.643301 10.758621 -4.505638
vertex 17.481792 10.758621 -4.006749
vertex 16.689636 9.931034 -4.628162
endloop
endfacet
facet normal 0.634147 0.039240 -0.772216
outer loop
vertex 18.277936 10.758621 -3.442733
vertex 18.274177 9.931034 -3.487874
vertex 17.518305 9.931034 -4.108598
endloop
endfacet
facet normal 0.573543 0.124940 -0.809592
outer loop
vertex 17.481792 10.758621 -4.006749
vertex 18.277936 10.758621 -3.442733
vertex 17.518305 9.931034 -4.108598
endloop
endfacet
facet normal 0.654774 0.004153 -0.755814
outer loop
vertex 19.033546 10.758621 -2.825472
vertex 19.013429 9.931034 -2.847447
vertex 18.274177 9.931034 -3.487874
endloop
endfacet
facet normal 0.632155 0.039338 -0.773843
outer loop
vertex 18.277936 10.758621 -3.442733
vertex 19.033546 10.758621 -2.825472
vertex 18.274177 9.931034 -3.487874
endloop
endfacet
facet normal 0.765389 0.022733 -0.643166
outer loop
vertex 19.645727 10.758621 -2.065739
vertex 19.642659 9.931034 -2.098642
vertex 19.013429 9.931034 -2.847447
endloop
endfacet
facet normal 0.778665 -0.002267 -0.627436
outer loop
vertex 19.033546 10.758621 -2.825472
vertex 19.645727 10.758621 -2.065739
vertex 19.013429 9.931034 -2.847447
endloop
endfacet
facet normal 0.823680 0.082775 -0.560981
outer loop
vertex 20.150547 10.758621 -1.230805
vertex 20.193233 9.931034 -1.290243
vertex 19.642659 9.931034 -2.098642
endloop
endfacet
facet normal 0.855613 0.017396 -0.517323
outer loop
vertex 19.645727 10.758621 -2.065739
vertex 20.150547 10.758621 -1.230805
vertex 19.642659 9.931034 -2.098642
endloop
endfacet
facet normal 0.854811 0.000897 -0.518938
outer loop
vertex 20.712609 10.758621 -0.433280
vertex 20.700796 9.931034 -0.454168
vertex 20.193233 9.931034 -1.290243
endloop
endfacet
facet normal 0.814564 0.083244 -0.574070
outer loop
vertex 20.150547 10.758621 -1.230805
vertex 20.712609 10.758621 -0.433280
vertex 20.193233 9.931034 -1.290243
endloop
endfacet
facet normal -0.551849 0.460727 -0.695121
outer loop
vertex 4.660148 11.586207 -0.650728
vertex 4.538595 10.758621 -1.102753
vertex 3.774442 10.758621 -0.496100
endloop
endfacet
facet normal -0.291909 0.370427 -0.881801
outer loop
vertex 5.536473 11.586207 -1.085436
vertex 5.464846 10.758621 -1.409377
vertex 4.538595 10.758621 -1.102753
endloop
endfacet
facet normal -0.388625 0.484986 -0.783428
outer loop
vertex 4.660148 11.586207 -0.650728
vertex 5.536473 11.586207 -1.085436
vertex 4.538595 10.758621 -1.102753
endloop
endfacet
facet normal -0.269936 0.038494 -0.962109
outer loop
vertex 6.352267 11.586207 -1.625246
vertex 6.404256 10.758621 -1.672944
vertex 5.464846 10.758621 -1.409377
endloop
endfacet
facet normal -0.516830 0.350463 -0.781065
outer loop
vertex 5.536473 11.586207 -1.085436
vertex 6.352267 11.586207 -1.625246
vertex 5.464846 10.758621 -1.409377
endloop
endfacet
facet normal -0.691420 -0.052887 -0.720514
outer loop
vertex 7.028165 11.586207 -2.332407
vertex 7.108235 10.758621 -2.348497
vertex 6.404256 10.758621 -1.672944
endloop
endfacet
facet normal -0.722894 -0.005590 -0.690936
outer loop
vertex 6.352267 11.586207 -1.625246
vertex 7.028165 11.586207 -2.332407
vertex 6.404256 10.758621 -1.672944
endloop
endfacet
facet normal -0.747124 0.027008 -0.664136
outer loop
vertex 7.729784 11.586207 -3.014057
vertex 7.756458 10.758621 -3.077719
vertex 7.108235 10.758621 -2.348497
endloop
endfacet
facet normal -0.695832 -0.053398 -0.716216
outer loop
vertex 7.028165 11.586207 -2.332407
vertex 7.729784 11.586207 -3.014057
vertex 7.108235 10.758621 -2.348497
endloop
endfacet
facet normal -0.588299 0.351652 -0.728179
outer loop
vertex 8.634082 11.586207 -3.387097
vertex 8.515404 10.758621 -3.690875
vertex 7.756458 10.758621 -3.077719
endloop
endfacet
facet normal -0.380688 0.058720 -0.922837
outer loop
vertex 7.729784 11.586207 -3.014057
vertex 8.634082 11.586207 -3.387097
vertex 7.756458 10.758621 -3.077719
endloop
endfacet
facet normal -0.037434 0.636879 -0.770054
outer loop
vertex 9.554905 11.586207 -3.056946
vertex 9.489937 10.758621 -3.738249
vertex 8.515404 10.758621 -3.690875
endloop
endfacet
facet normal 0.323523 0.284821 -0.902336
outer loop
vertex 8.634082 11.586207 -3.387097
vertex 9.554905 11.586207 -3.056946
vertex 8.515404 10.758621 -3.690875
endloop
endfacet
facet normal 0.304999 0.549178 -0.778062
outer loop
vertex 10.487891 11.586207 -2.762920
vertex 10.398321 10.758621 -3.382165
vertex 9.489937 10.758621 -3.738249
endloop
endfacet
facet normal 0.239123 0.605879 -0.758770
outer loop
vertex 9.554905 11.586207 -3.056946
vertex 10.487891 11.586207 -2.762920
vertex 9.489937 10.758621 -3.738249
endloop
endfacet
facet normal 0.081586 0.627496 -0.774333
outer loop
vertex 11.452524 11.586207 -2.600440
vertex 11.368634 10.758621 -3.279930
vertex 10.398321 10.758621 -3.382165
endloop
endfacet
facet normal 0.134801 0.584243 -0.800306
outer loop
vertex 10.487891 11.586207 -2.762920
vertex 11.452524 11.586207 -2.600440
vertex 10.398321 10.758621 -3.382165
endloop
endfacet
facet normal 0.140410 0.476004 -0.868162
outer loop
vertex 12.429241 11.586207 -2.654638
vertex 12.331802 10.758621 -3.124154
vertex 11.368634 10.758621 -3.279930
endloop
endfacet
facet normal -0.042729 0.636569 -0.770035
outer loop
vertex 11.452524 11.586207 -2.600440
vertex 12.429241 11.586207 -2.654638
vertex 11.368634 10.758621 -3.279930
endloop
endfacet
facet normal -0.521680 0.356542 -0.775066
outer loop
vertex 13.162253 11.586207 -3.302411
vertex 13.141216 10.758621 -3.668954
vertex 12.331802 10.758621 -3.124154
endloop
endfacet
facet normal -0.591553 0.449418 -0.669394
outer loop
vertex 12.429241 11.586207 -2.654638
vertex 13.162253 11.586207 -3.302411
vertex 12.331802 10.758621 -3.124154
endloop
endfacet
facet normal -0.607414 0.245121 -0.755621
outer loop
vertex 13.865320 11.586207 -3.982566
vertex 13.901663 10.758621 -4.280247
vertex 13.141216 10.758621 -3.668954
endloop
endfacet
facet normal -0.659090 0.318502 -0.681291
outer loop
vertex 13.162253 11.586207 -3.302411
vertex 13.865320 11.586207 -3.982566
vertex 13.141216 10.758621 -3.668954
endloop
endfacet
facet normal -0.438316 0.197964 -0.876749
outer loop
vertex 14.700088 11.586207 -4.492544
vertex 14.774364 10.758621 -4.716540
vertex 13.901663 10.758621 -4.280247
endloop
endfacet
facet normal -0.501492 0.273246 -0.820879
outer loop
vertex 13.865320 11.586207 -3.982566
vertex 14.700088 11.586207 -4.492544
vertex 13.901663 10.758621 -4.280247
endloop
endfacet
facet normal -0.155602 0.120071 -0.980495
outer loop
vertex 15.642986 11.586207 -4.753041
vertex 15.737989 10.758621 -4.869464
vertex 14.774364 10.758621 -4.716540
endloop
endfacet
facet normal -0.259121 0.230601 -0.937912
outer loop
vertex 14.700088 11.586207 -4.492544
vertex 15.642986 11.586207 -4.753041
vertex 14.774364 10.758621 -4.716540
endloop
endfacet
facet normal 0.371620 0.082586 -0.924704
outer loop
vertex 16.575907 11.586207 -4.458809
vertex 16.643301 10.758621 -4.505638
vertex 15.737989 10.758621 -4.869464
endloop
endfacet
facet normal 0.296593 0.166342 -0.940406
outer loop
vertex 15.642986 11.586207 -4.753041
vertex 16.575907 11.586207 -4.458809
vertex 15.737989 10.758621 -4.869464
endloop
endfacet
facet normal 0.507387 0.123829 -0.852775
outer loop
vertex 17.401611 11.586207 -3.934283
vertex 17.481792 10.758621 -4.006749
vertex 16.643301 10.758621 -4.505638
endloop
endfacet
facet normal 0.533977 0.091048 -0.840582
outer loop
vertex 16.575907 11.586207 -4.458809
vertex 17.401611 11.586207 -3.934283
vertex 16.643301 10.758621 -4.505638
endloop
endfacet
facet normal 0.571525 0.150078 -0.806744
outer loop
vertex 18.188010 11.586207 -3.352483
vertex 18.277936 10.758621 -3.442733
vertex 17.481792 10.758621 -4.006749
endloop
endfacet
facet normal 0.589939 0.126979 -0.797401
outer loop
vertex 17.401611 11.586207 -3.934283
vertex 18.188010 11.586207 -3.352483
vertex 17.481792 10.758621 -4.006749
endloop
endfacet
facet normal 0.622710 0.176518 -0.762282
outer loop
vertex 18.931716 11.586207 -2.717017
vertex 19.033546 10.758621 -2.825472
vertex 18.277936 10.758621 -3.442733
endloop
endfacet
facet normal 0.642094 0.151718 -0.751463
outer loop
vertex 18.188010 11.586207 -3.352483
vertex 18.931716 11.586207 -2.717017
vertex 18.277936 10.758621 -3.442733
endloop
endfacet
facet normal 0.768971 0.157316 -0.619625
outer loop
vertex 19.557485 11.586207 -1.965134
vertex 19.645727 10.758621 -2.065739
vertex 19.033546 10.758621 -2.825472
endloop
endfacet
facet normal 0.756675 0.175634 -0.629758
outer loop
vertex 18.931716 11.586207 -2.717017
vertex 19.557485 11.586207 -1.965134
vertex 19.033546 10.758621 -2.825472
endloop
endfacet
facet normal 0.837875 0.203283 -0.506598
outer loop
vertex 20.025228 11.586207 -1.105988
vertex 20.150547 10.758621 -1.230805
vertex 19.645727 10.758621 -2.065739
endloop
endfacet
facet normal 0.868331 0.150055 -0.472743
outer loop
vertex 19.557485 11.586207 -1.965134
vertex 20.025228 11.586207 -1.105988
vertex 19.645727 10.758621 -2.065739
endloop
endfacet
facet normal 0.813655 0.095626 -0.573429
outer loop
vertex 20.663615 11.586207 -0.364789
vertex 20.712609 10.758621 -0.433280
vertex 20.150547 10.758621 -1.230805
endloop
endfacet
facet normal 0.741053 0.208479 -0.638261
outer loop
vertex 20.025228 11.586207 -1.105988
vertex 20.663615 11.586207 -0.364789
vertex 20.150547 10.758621 -1.230805
endloop
endfacet
facet normal -0.431904 -0.235340 -0.870674
outer loop
vertex 5.457776 12.413793 -1.270091
vertex 5.536473 11.586207 -1.085436
vertex 4.660148 11.586207 -0.650728
endloop
endfacet
facet normal -0.626680 0.020999 -0.778994
outer loop
vertex 4.688856 12.413793 -0.651514
vertex 5.457776 12.413793 -1.270091
vertex 4.660148 11.586207 -0.650728
endloop
endfacet
facet normal -0.527637 -0.292847 -0.797396
outer loop
vertex 6.248512 12.413793 -1.860526
vertex 6.352267 11.586207 -1.625246
vertex 5.536473 11.586207 -1.085436
endloop
endfacet
facet normal -0.582348 -0.229392 -0.779904
outer loop
vertex 5.457776 12.413793 -1.270091
vertex 6.248512 12.413793 -1.860526
vertex 5.536473 11.586207 -1.085436
endloop
endfacet
facet normal -0.708207 -0.200626 -0.676899
outer loop
vertex 6.977972 12.413793 -2.525180
vertex 7.028165 11.586207 -2.332407
vertex 6.352267 11.586207 -1.625246
endloop
endfacet
facet normal -0.646060 -0.282579 -0.709053
outer loop
vertex 6.248512 12.413793 -1.860526
vertex 6.977972 12.413793 -2.525180
vertex 6.352267 11.586207 -1.625246
endloop
endfacet
facet normal -0.687352 0.164340 -0.707488
outer loop
vertex 7.866482 12.413793 -2.954628
vertex 7.729784 11.586207 -3.014057
vertex 7.028165 11.586207 -2.332407
endloop
endfacet
facet normal -0.423524 -0.229796 -0.876254
outer loop
vertex 6.977972 12.413793 -2.525180
vertex 7.866482 12.413793 -2.954628
vertex 7.028165 11.586207 -2.332407
endloop
endfacet
facet normal -0.289960 0.649502 -0.702901
outer loop
vertex 8.819631 12.413793 -2.698925
vertex 8.634082 11.586207 -3.387097
vertex 7.729784 11.586207 -3.014057
endloop
endfacet
facet normal 0.259019 0.026549 -0.965507
outer loop
vertex 7.866482 12.413793 -2.954628
vertex 8.819631 12.413793 -2.698925
vertex 7.729784 11.586207 -3.014057
endloop
endfacet
facet normal 0.279267 0.561535 -0.778902
outer loop
vertex 9.756261 12.413793 -2.388119
vertex 9.554905 11.586207 -3.056946
vertex 8.634082 11.586207 -3.387097
endloop
endfacet
facet normal 0.255758 0.583562 -0.770742
outer loop
vertex 8.819631 12.413793 -2.698925
vertex 9.756261 12.413793 -2.388119
vertex 8.634082 11.586207 -3.387097
endloop
endfacet
facet normal 0.228727 0.648786 -0.725783
outer loop
vertex 10.650970 12.413793 -1.971738
vertex 10.487891 11.586207 -2.762920
vertex 9.554905 11.586207 -3.056946
endloop
endfacet
facet normal 0.356983 0.533067 -0.767074
outer loop
vertex 9.756261 12.413793 -2.388119
vertex 10.650970 12.413793 -1.971738
vertex 9.554905 11.586207 -3.056946
endloop
endfacet
facet normal 0.131257 0.612801 -0.779261
outer loop
vertex 11.636393 12.413793 -1.918666
vertex 11.452524 11.586207 -2.600440
vertex 10.487891 11.586207 -2.762920
endloop
endfacet
facet normal 0.039106 0.686465 -0.726111
outer loop
vertex 10.650970 12.413793 -1.971738
vertex 11.636393 12.413793 -1.918666
vertex 10.487891 11.586207 -2.762920
endloop
endfacet
facet normal -0.054572 0.172707 -0.983460
outer loop
vertex 12.427067 12.413793 -2.509183
vertex 12.429241 11.586207 -2.654638
vertex 11.452524 11.586207 -2.600440
endloop
endfacet
facet normal -0.468859 0.621340 -0.627779
outer loop
vertex 11.636393 12.413793 -1.918666
vertex 12.427067 12.413793 -2.509183
vertex 11.452524 11.586207 -2.600440
endloop
endfacet
facet normal -0.661374 -0.049773 -0.748403
outer loop
vertex 13.059560 12.413793 -3.266699
vertex 13.162253 11.586207 -3.302411
vertex 12.429241 11.586207 -2.654638
endloop
endfacet
facet normal -0.762953 0.109959 -0.637033
outer loop
vertex 12.427067 12.413793 -2.509183
vertex 13.059560 12.413793 -3.266699
vertex 12.429241 11.586207 -2.654638
endloop
endfacet
facet normal -0.692950 -0.082126 -0.716293
outer loop
vertex 13.753030 12.413793 -3.968822
vertex 13.865320 11.586207 -3.982566
vertex 13.162253 11.586207 -3.302411
endloop
endfacet
facet normal -0.710285 -0.057865 -0.701532
outer loop
vertex 13.059560 12.413793 -3.266699
vertex 13.753030 12.413793 -3.968822
vertex 13.162253 11.586207 -3.302411
endloop
endfacet
facet normal -0.519301 -0.088187 -0.850029
outer loop
vertex 14.581069 12.413793 -4.505691
vertex 14.700088 11.586207 -4.492544
vertex 13.865320 11.586207 -3.982566
endloop
endfacet
facet normal -0.543049 -0.059772 -0.837571
outer loop
vertex 13.753030 12.413793 -3.968822
vertex 14.581069 12.413793 -4.505691
vertex 13.865320 11.586207 -3.982566
endloop
endfacet
facet normal -0.265723 -0.065651 -0.961811
outer loop
vertex 15.529551 12.413793 -4.778192
vertex 15.642986 11.586207 -4.753041
vertex 14.700088 11.586207 -4.492544
endloop
endfacet
facet normal -0.275715 -0.054898 -0.959670
outer loop
vertex 14.581069 12.413793 -4.505691
vertex 15.529551 12.413793 -4.778192
vertex 14.700088 11.586207 -4.492544
endloop
endfacet
facet normal 0.298741 0.116333 -0.947217
outer loop
vertex 16.440949 12.413793 -4.399733
vertex 16.575907 11.586207 -4.458809
vertex 15.642986 11.586207 -4.753041
endloop
endfacet
facet normal 0.383386 0.024491 -0.923264
outer loop
vertex 15.529551 12.413793 -4.778192
vertex 16.440949 12.413793 -4.399733
vertex 15.642986 11.586207 -4.753041
endloop
endfacet
facet normal 0.530160 0.149727 -0.834573
outer loop
vertex 17.272276 12.413793 -3.867969
vertex 17.401611 11.586207 -3.934283
vertex 16.575907 11.586207 -4.458809
endloop
endfacet
facet normal 0.533042 0.146411 -0.833325
outer loop
vertex 16.440949 12.413793 -4.399733
vertex 17.272276 12.413793 -3.867969
vertex 16.575907 11.586207 -4.458809
endloop
endfacet
facet normal 0.590333 0.121691 -0.797933
outer loop
vertex 18.082387 12.413793 -3.304413
vertex 18.188010 11.586207 -3.352483
vertex 17.401611 11.586207 -3.934283
endloop
endfacet
facet normal 0.564324 0.153195 -0.811215
outer loop
vertex 17.272276 12.413793 -3.867969
vertex 18.082387 12.413793 -3.304413
vertex 17.401611 11.586207 -3.934283
endloop
endfacet
facet normal 0.640815 0.164037 -0.749965
outer loop
vertex 18.811163 12.413793 -2.639010
vertex 18.931716 11.586207 -2.717017
vertex 18.188010 11.586207 -3.352483
endloop
endfacet
facet normal 0.668732 0.127891 -0.732421
outer loop
vertex 18.082387 12.413793 -3.304413
vertex 18.811163 12.413793 -2.639010
vertex 18.188010 11.586207 -3.352483
endloop
endfacet
facet normal 0.754203 0.192794 -0.627701
outer loop
vertex 19.426919 12.413793 -1.867827
vertex 19.557485 11.586207 -1.965134
vertex 18.931716 11.586207 -2.717017
endloop
endfacet
facet normal 0.770065 0.170130 -0.614863
outer loop
vertex 18.811163 12.413793 -2.639010
vertex 19.426919 12.413793 -1.867827
vertex 18.931716 11.586207 -2.717017
endloop
endfacet
facet normal 0.857131 0.218101 -0.466645
outer loop
vertex 19.877794 12.413793 -0.989996
vertex 20.025228 11.586207 -1.105988
vertex 19.557485 11.586207 -1.965134
endloop
endfacet
facet normal 0.873237 0.190505 -0.448515
outer loop
vertex 19.426919 12.413793 -1.867827
vertex 19.877794 12.413793 -0.989996
vertex 19.557485 11.586207 -1.965134
endloop
endfacet
facet normal 0.747089 0.166784 -0.643460
outer loop
vertex 20.557000 12.413793 -0.274066
vertex 20.663615 11.586207 -0.364789
vertex 20.025228 11.586207 -1.105988
endloop
endfacet
facet normal 0.707667 0.220168 -0.671367
outer loop
vertex 19.877794 12.413793 -0.989996
vertex 20.557000 12.413793 -0.274066
vertex 20.025228 11.586207 -1.105988
endloop
endfacet
facet normal -0.601953 -0.278862 -0.748257
outer loop
vertex 5.363863 13.241379 -1.502967
vertex 5.457776 12.413793 -1.270091
vertex 4.688856 12.413793 -0.651514
endloop
endfacet
facet normal -0.664290 -0.199358 -0.720399
outer loop
vertex 4.629201 13.241379 -0.825525
vertex 5.363863 13.241379 -1.502967
vertex 4.688856 12.413793 -0.651514
endloop
endfacet
facet normal -0.564479 -0.331464 -0.755973
outer loop
vertex 6.134973 13.241379 -2.138612
vertex 6.248512 12.413793 -1.860526
vertex 5.457776 12.413793 -1.270091
endloop
endfacet
facet normal -0.611015 -0.277914 -0.741232
outer loop
vertex 5.363863 13.241379 -1.502967
vertex 6.134973 13.241379 -2.138612
vertex 5.457776 12.413793 -1.270091
endloop
endfacet
facet normal -0.667719 -0.130847 -0.732824
outer loop
vertex 6.978909 13.241379 -2.673802
vertex 6.977972 12.413793 -2.525180
vertex 6.248512 12.413793 -1.860526
endloop
endfacet
facet normal -0.504334 -0.336420 -0.795279
outer loop
vertex 6.134973 13.241379 -2.138612
vertex 6.978909 13.241379 -2.673802
vertex 6.248512 12.413793 -1.860526
endloop
endfacet
facet normal -0.367340 0.536137 -0.760012
outer loop
vertex 7.942060 13.241379 -2.407352
vertex 7.866482 12.413793 -2.954628
vertex 6.977972 12.413793 -2.525180
endloop
endfacet
facet normal 0.262710 -0.170836 -0.949631
outer loop
vertex 6.978909 13.241379 -2.673802
vertex 7.942060 13.241379 -2.407352
vertex 6.977972 12.413793 -2.525180
endloop
endfacet
facet normal 0.172229 0.747116 -0.641993
outer loop
vertex 8.708197 13.241379 -1.765721
vertex 8.819631 12.413793 -2.698925
vertex 7.866482 12.413793 -2.954628
endloop
endfacet
facet normal 0.585873 0.409109 -0.699559
outer loop
vertex 7.942060 13.241379 -2.407352
vertex 8.708197 13.241379 -1.765721
vertex 7.866482 12.413793 -2.954628
endloop
endfacet
facet normal 0.227041 0.693052 -0.684202
outer loop
vertex 9.688623 13.241379 -1.572273
vertex 9.756261 12.413793 -2.388119
vertex 8.819631 12.413793 -2.698925
endloop
endfacet
facet normal 0.128137 0.749555 -0.649421
outer loop
vertex 8.708197 13.241379 -1.765721
vertex 9.688623 13.241379 -1.572273
vertex 8.819631 12.413793 -2.698925
endloop
endfacet
facet normal 0.327102 0.631649 -0.702868
outer loop
vertex 10.630260 13.241379 -1.237646
vertex 10.650970 12.413793 -1.971738
vertex 9.756261 12.413793 -2.388119
endloop
endfacet
facet normal 0.242008 0.691128 -0.681010
outer loop
vertex 9.688623 13.241379 -1.572273
vertex 10.630260 13.241379 -1.237646
vertex 9.756261 12.413793 -2.388119
endloop
endfacet
facet normal 0.042730 0.607205 -0.793395
outer loop
vertex 11.628430 13.241379 -1.285722
vertex 11.636393 12.413793 -1.918666
vertex 10.650970 12.413793 -1.971738
endloop
endfacet
facet normal -0.036030 0.662650 -0.748062
outer loop
vertex 10.630260 13.241379 -1.237646
vertex 11.628430 13.241379 -1.285722
vertex 10.650970 12.413793 -1.971738
endloop
endfacet
facet normal -0.547229 0.404565 -0.732712
outer loop
vertex 12.340099 13.241379 -1.987281
vertex 12.427067 12.413793 -2.509183
vertex 11.636393 12.413793 -1.918666
endloop
endfacet
facet normal -0.618262 0.473716 -0.627172
outer loop
vertex 11.628430 13.241379 -1.285722
vertex 12.340099 13.241379 -1.987281
vertex 11.636393 12.413793 -1.918666
endloop
endfacet
facet normal -0.678950 0.466538 -0.566894
outer loop
vertex 13.100942 13.241379 -2.635180
vertex 13.059560 12.413793 -3.266699
vertex 12.427067 12.413793 -2.509183
endloop
endfacet
facet normal -0.599451 0.380939 -0.703949
outer loop
vertex 12.340099 13.241379 -1.987281
vertex 13.100942 13.241379 -2.635180
vertex 12.427067 12.413793 -2.509183
endloop
endfacet
facet normal -0.589446 0.560016 -0.582182
outer loop
vertex 13.861886 13.241379 -3.282960
vertex 13.753030 12.413793 -3.968822
vertex 13.059560 12.413793 -3.266699
endloop
endfacet
facet normal -0.552531 0.522913 -0.649055
outer loop
vertex 13.100942 13.241379 -2.635180
vertex 13.861886 13.241379 -3.282960
vertex 13.059560 12.413793 -3.266699
endloop
endfacet
facet normal -0.454626 0.549224 -0.701191
outer loop
vertex 14.647528 13.241379 -3.900554
vertex 14.581069 12.413793 -4.505691
vertex 13.753030 12.413793 -3.968822
endloop
endfacet
facet normal -0.498486 0.591099 -0.634125
outer loop
vertex 13.861886 13.241379 -3.282960
vertex 14.647528 13.241379 -3.900554
vertex 13.753030 12.413793 -3.968822
endloop
endfacet
facet normal -0.261452 0.321712 -0.910024
outer loop
vertex 15.469807 13.241379 -4.468458
vertex 15.529551 12.413793 -4.778192
vertex 14.581069 12.413793 -4.505691
endloop
endfacet
facet normal -0.477064 0.543392 -0.690750
outer loop
vertex 14.647528 13.241379 -3.900554
vertex 15.469807 13.241379 -4.468458
vertex 14.581069 12.413793 -4.505691
endloop
endfacet
facet normal 0.371590 0.247290 -0.894857
outer loop
vertex 16.425788 13.241379 -4.177329
vertex 16.440949 12.413793 -4.399733
vertex 15.529551 12.413793 -4.778192
endloop
endfacet
facet normal 0.272411 0.354449 -0.894516
outer loop
vertex 15.469807 13.241379 -4.468458
vertex 16.425788 13.241379 -4.177329
vertex 15.529551 12.413793 -4.778192
endloop
endfacet
facet normal 0.519366 0.266464 -0.811946
outer loop
vertex 17.249230 13.241379 -3.611114
vertex 17.272276 12.413793 -3.867969
vertex 16.440949 12.413793 -4.399733
endloop
endfacet
facet normal 0.551958 0.225831 -0.802709
outer loop
vertex 16.425788 13.241379 -4.177329
vertex 17.249230 13.241379 -3.611114
vertex 16.440949 12.413793 -4.399733
endloop
endfacet
facet normal 0.552954 0.249843 -0.794871
outer loop
vertex 18.075520 13.241379 -3.049064
vertex 18.082387 12.413793 -3.304413
vertex 17.272276 12.413793 -3.867969
endloop
endfacet
facet normal 0.542671 0.262723 -0.797800
outer loop
vertex 17.249230 13.241379 -3.611114
vertex 18.075520 13.241379 -3.049064
vertex 17.272276 12.413793 -3.867969
endloop
endfacet
facet normal 0.657995 0.218378 -0.720662
outer loop
vertex 18.818884 13.241379 -2.381182
vertex 18.811163 12.413793 -2.639010
vertex 18.082387 12.413793 -3.304413
endloop
endfacet
facet normal 0.650599 0.228826 -0.724127
outer loop
vertex 18.075520 13.241379 -3.049064
vertex 18.818884 13.241379 -2.381182
vertex 18.082387 12.413793 -3.304413
endloop
endfacet
facet normal 0.771665 0.157810 -0.616141
outer loop
vertex 19.459911 13.241379 -1.614540
vertex 19.426919 12.413793 -1.867827
vertex 18.811163 12.413793 -2.639010
endloop
endfacet
facet normal 0.753301 0.189204 -0.629872
outer loop
vertex 18.818884 13.241379 -2.381182
vertex 19.459911 13.241379 -1.614540
vertex 18.811163 12.413793 -2.639010
endloop
endfacet
facet normal 0.885355 0.096742 -0.454739
outer loop
vertex 19.921757 13.241379 -0.728338
vertex 19.877794 12.413793 -0.989996
vertex 19.426919 12.413793 -1.867827
endloop
endfacet
facet normal 0.881849 0.105500 -0.459578
outer loop
vertex 19.459911 13.241379 -1.614540
vertex 19.921757 13.241379 -0.728338
vertex 19.426919 12.413793 -1.867827
endloop
endfacet
facet normal -0.649352 0.287130 -0.704200
outer loop
vertex 5.510663 14.068966 -1.300893
vertex 5.363863 13.241379 -1.502967
vertex 4.629201 13.241379 -0.825525
endloop
endfacet
facet normal -0.675917 0.346215 -0.650594
outer loop
vertex 4.825646 14.068966 -0.589213
vertex 5.510663 14.068966 -1.300893
vertex 4.629201 13.241379 -0.825525
endloop
endfacet
facet normal -0.629107 0.147589 -0.763179
outer loop
vertex 6.186644 14.068966 -2.021160
vertex 6.134973 13.241379 -2.138612
vertex 5.363863 13.241379 -1.502967
endloop
endfacet
facet normal -0.699098 0.284213 -0.656114
outer loop
vertex 5.510663 14.068966 -1.300893
vertex 6.186644 14.068966 -2.021160
vertex 5.363863 13.241379 -1.502967
endloop
endfacet
facet normal -0.530481 0.137258 -0.836511
outer loop
vertex 7.014252 14.068966 -2.560420
vertex 6.978909 13.241379 -2.673802
vertex 6.134973 13.241379 -2.138612
endloop
endfacet
facet normal -0.539645 0.151231 -0.828198
outer loop
vertex 6.186644 14.068966 -2.021160
vertex 7.014252 14.068966 -2.560420
vertex 6.134973 13.241379 -2.138612
endloop
endfacet
facet normal 0.264221 0.134100 -0.955094
outer loop
vertex 7.962978 14.068966 -2.285367
vertex 7.942060 13.241379 -2.407352
vertex 6.978909 13.241379 -2.673802
endloop
endfacet
facet normal 0.276478 0.118844 -0.953643
outer loop
vertex 7.014252 14.068966 -2.560420
vertex 7.962978 14.068966 -2.285367
vertex 6.978909 13.241379 -2.673802
endloop
endfacet
facet normal 0.636216 0.134644 -0.759671
outer loop
vertex 8.699085 14.068966 -1.626670
vertex 8.708197 13.241379 -1.765721
vertex 7.942060 13.241379 -2.407352
endloop
endfacet
facet normal 0.663973 0.092587 -0.742003
outer loop
vertex 7.962978 14.068966 -2.285367
vertex 8.699085 14.068966 -1.626670
vertex 7.942060 13.241379 -2.407352
endloop
endfacet
facet normal 0.169555 0.482494 -0.859331
outer loop
vertex 9.555205 14.068966 -1.133927
vertex 9.688623 13.241379 -1.572273
vertex 8.708197 13.241379 -1.765721
endloop
endfacet
facet normal 0.493232 0.149418 -0.856969
outer loop
vertex 8.699085 14.068966 -1.626670
vertex 9.555205 14.068966 -1.133927
vertex 8.708197 13.241379 -1.765721
endloop
endfacet
facet normal 0.334372 -0.053507 -0.940921
outer loop
vertex 10.524899 14.068966 -1.322150
vertex 10.630260 13.241379 -1.237646
vertex 9.688623 13.241379 -1.572273
endloop
endfacet
facet normal -0.171162 0.439468 -0.881800
outer loop
vertex 9.555205 14.068966 -1.133927
vertex 10.524899 14.068966 -1.322150
vertex 9.688623 13.241379 -1.572273
endloop
endfacet
facet normal -0.038552 -0.598176 -0.800437
outer loop
vertex 11.333181 14.068966 -1.889967
vertex 11.628430 13.241379 -1.285722
vertex 10.630260 13.241379 -1.237646
endloop
endfacet
facet normal -0.567901 -0.154844 -0.808401
outer loop
vertex 10.524899 14.068966 -1.322150
vertex 11.333181 14.068966 -1.889967
vertex 10.630260 13.241379 -1.237646
endloop
endfacet
facet normal -0.600272 -0.518543 -0.608922
outer loop
vertex 12.125230 14.068966 -2.480216
vertex 12.340099 13.241379 -1.987281
vertex 11.628430 13.241379 -1.285722
endloop
endfacet
facet normal -0.466916 -0.624039 -0.626550
outer loop
vertex 11.333181 14.068966 -1.889967
vertex 12.125230 14.068966 -2.480216
vertex 11.628430 13.241379 -1.285722
endloop
endfacet
facet normal -0.582722 -0.438364 -0.684304
outer loop
vertex 12.944478 14.068966 -3.032093
vertex 13.100942 13.241379 -2.635180
vertex 12.340099 13.241379 -1.987281
endloop
endfacet
facet normal -0.470776 -0.538489 -0.698856
outer loop
vertex 12.125230 14.068966 -2.480216
vertex 12.944478 14.068966 -3.032093
vertex 12.340099 13.241379 -1.987281
endloop
endfacet
facet normal -0.596828 -0.390216 -0.701091
outer loop
vertex 13.729858 14.068966 -3.631188
vertex 13.861886 13.241379 -3.282960
vertex 13.100942 13.241379 -2.635180
endloop
endfacet
facet normal -0.543337 -0.444337 -0.712284
outer loop
vertex 12.944478 14.068966 -3.032093
vertex 13.729858 14.068966 -3.631188
vertex 13.100942 13.241379 -2.635180
endloop
endfacet
facet normal -0.570999 -0.382558 -0.726368
outer loop
vertex 14.514214 14.068966 -4.231622
vertex 14.647528 13.241379 -3.900554
vertex 13.861886 13.241379 -3.282960
endloop
endfacet
facet normal -0.558196 -0.395872 -0.729179
outer loop
vertex 13.729858 14.068966 -3.631188
vertex 14.514214 14.068966 -4.231622
vertex 13.861886 13.241379 -3.282960
endloop
endfacet
facet normal -0.568283 0.003184 -0.822827
outer loop
vertex 15.473377 14.068966 -4.467721
vertex 15.469807 13.241379 -4.468458
vertex 14.647528 13.241379 -3.900554
endloop
endfacet
facet normal -0.219820 -0.392658 -0.893028
outer loop
vertex 14.514214 14.068966 -4.231622
vertex 15.473377 14.068966 -4.467721
vertex 14.647528 13.241379 -3.900554
endloop
endfacet
facet normal 0.286640 0.178625 -0.941239
outer loop
vertex 16.363412 14.068966 -4.039268
vertex 16.425788 13.241379 -4.177329
vertex 15.469807 13.241379 -4.468458
endloop
endfacet
facet normal 0.433748 -0.001069 -0.901034
outer loop
vertex 15.473377 14.068966 -4.467721
vertex 16.363412 14.068966 -4.039268
vertex 15.469807 13.241379 -4.468458
endloop
endfacet
facet normal 0.557721 0.176300 -0.811089
outer loop
vertex 17.177847 14.068966 -3.480312
vertex 17.249230 13.241379 -3.611114
vertex 16.425788 13.241379 -4.177329
endloop
endfacet
facet normal 0.556894 0.177339 -0.811431
outer loop
vertex 16.363412 14.068966 -4.039268
vertex 17.177847 14.068966 -3.480312
vertex 16.425788 13.241379 -4.177329
endloop
endfacet
facet normal 0.545017 0.246891 -0.801250
outer loop
vertex 17.957781 14.068966 -2.874145
vertex 18.075520 13.241379 -3.049064
vertex 17.249230 13.241379 -3.611114
endloop
endfacet
facet normal 0.604190 0.174982 -0.777390
outer loop
vertex 17.177847 14.068966 -3.480312
vertex 17.957781 14.068966 -2.874145
vertex 17.249230 13.241379 -3.611114
endloop
endfacet
facet normal 0.636097 0.306813 -0.707987
outer loop
vertex 18.652551 14.068966 -2.171983
vertex 18.818884 13.241379 -2.381182
vertex 18.075520 13.241379 -3.049064
endloop
endfacet
facet normal 0.689649 0.242345 -0.682388
outer loop
vertex 17.957781 14.068966 -2.874145
vertex 18.652551 14.068966 -2.171983
vertex 18.075520 13.241379 -3.049064
endloop
endfacet
facet normal 0.703009 0.400306 -0.587821
outer loop
vertex 19.206441 14.068966 -1.354095
vertex 19.459911 13.241379 -1.614540
vertex 18.818884 13.241379 -2.381182
endloop
endfacet
facet normal 0.791277 0.294493 -0.535868
outer loop
vertex 18.652551 14.068966 -2.171983
vertex 19.206441 14.068966 -1.354095
vertex 18.818884 13.241379 -2.381182
endloop
endfacet
facet normal 0.855755 0.262274 -0.445978
outer loop
vertex 19.766170 14.068966 -0.540191
vertex 19.921757 13.241379 -0.728338
vertex 19.459911 13.241379 -1.614540
endloop
endfacet
facet normal 0.756759 0.395560 -0.520431
outer loop
vertex 19.206441 14.068966 -1.354095
vertex 19.766170 14.068966 -0.540191
vertex 19.459911 13.241379 -1.614540
endloop
endfacet
facet normal -0.643191 0.450587 -0.619094
outer loop
vertex 5.535126 14.896552 -0.723977
vertex 5.510663 14.068966 -1.300893
vertex 4.825646 14.068966 -0.589213
endloop
endfacet
facet normal -0.674929 0.378467 -0.633430
outer loop
vertex 6.139092 14.896552 -1.476020
vertex 6.186644 14.068966 -2.021160
vertex 5.510663 14.068966 -1.300893
endloop
endfacet
facet normal -0.708459 0.417571 -0.568964
outer loop
vertex 5.535126 14.896552 -0.723977
vertex 6.139092 14.896552 -1.476020
vertex 5.510663 14.068966 -1.300893
endloop
endfacet
facet normal -0.539961 0.147397 -0.828684
outer loop
vertex 6.737225 14.896552 -2.232711
vertex 7.014252 14.068966 -2.560420
vertex 6.186644 14.068966 -2.021160
endloop
endfacet
facet normal -0.737330 0.341550 -0.582828
outer loop
vertex 6.139092 14.896552 -1.476020
vertex 6.737225 14.896552 -2.232711
vertex 6.186644 14.068966 -2.021160
endloop
endfacet
facet normal 0.260881 -0.349606 -0.899843
outer loop
vertex 7.568962 14.896552 -2.721133
vertex 7.962978 14.068966 -2.285367
vertex 7.014252 14.068966 -2.560420
endloop
endfacet
facet normal -0.499052 0.169468 -0.849840
outer loop
vertex 6.737225 14.896552 -2.232711
vertex 7.568962 14.896552 -2.721133
vertex 7.014252 14.068966 -2.560420
endloop
endfacet
facet normal 0.604870 -0.420973 -0.675954
outer loop
vertex 8.461267 14.896552 -2.354886
vertex 8.699085 14.068966 -1.626670
vertex 7.962978 14.068966 -2.285367
endloop
endfacet
facet normal 0.363057 -0.292899 -0.884534
outer loop
vertex 7.568962 14.896552 -2.721133
vertex 8.461267 14.896552 -2.354886
vertex 7.962978 14.068966 -2.285367
endloop
endfacet
facet normal 0.350370 -0.711802 -0.608752
outer loop
vertex 9.410692 14.896552 -2.184784
vertex 9.555205 14.068966 -1.133927
vertex 8.699085 14.068966 -1.626670
endloop
endfacet
facet normal 0.136674 -0.631972 -0.762844
outer loop
vertex 8.461267 14.896552 -2.354886
vertex 9.410692 14.896552 -2.184784
vertex 8.699085 14.068966 -1.626670
endloop
endfacet
facet normal -0.124733 -0.755976 -0.642605
outer loop
vertex 10.371807 14.896552 -2.266026
vertex 10.524899 14.068966 -1.322150
vertex 9.555205 14.068966 -1.133927
endloop
endfacet
facet normal -0.051856 -0.788020 -0.613462
outer loop
vertex 9.410692 14.896552 -2.184784
vertex 10.371807 14.896552 -2.266026
vertex 9.555205 14.068966 -1.133927
endloop
endfacet
facet normal -0.469946 -0.575882 -0.668963
outer loop
vertex 11.287173 14.896552 -2.570080
vertex 11.333181 14.068966 -1.889967
vertex 10.524899 14.068966 -1.322150
endloop
endfacet
facet normal -0.207805 -0.751954 -0.625605
outer loop
vertex 10.371807 14.896552 -2.266026
vertex 11.287173 14.896552 -2.570080
vertex 10.524899 14.068966 -1.322150
endloop
endfacet
facet normal -0.540587 -0.426085 -0.725408
outer loop
vertex 12.155908 14.896552 -2.989179
vertex 12.125230 14.068966 -2.480216
vertex 11.333181 14.068966 -1.889967
endloop
endfacet
facet normal -0.345215 -0.607261 -0.715584
outer loop
vertex 11.287173 14.896552 -2.570080
vertex 12.155908 14.896552 -2.989179
vertex 11.333181 14.068966 -1.889967
endloop
endfacet
facet normal -0.517509 -0.376840 -0.768229
outer loop
vertex 12.992020 14.896552 -3.470074
vertex 12.944478 14.068966 -3.032093
vertex 12.125230 14.068966 -2.480216
endloop
endfacet
facet normal -0.443313 -0.457589 -0.770770
outer loop
vertex 12.155908 14.896552 -2.989179
vertex 12.992020 14.896552 -3.470074
vertex 12.125230 14.068966 -2.480216
endloop
endfacet
facet normal -0.574179 -0.322083 -0.752716
outer loop
vertex 13.781275 14.896552 -4.024528
vertex 13.729858 14.068966 -3.631188
vertex 12.944478 14.068966 -3.032093
endloop
endfacet
facet normal -0.533717 -0.371414 -0.759736
outer loop
vertex 12.992020 14.896552 -3.470074
vertex 13.781275 14.896552 -4.024528
vertex 12.944478 14.068966 -3.032093
endloop
endfacet
facet normal -0.604759 -0.100787 -0.790005
outer loop
vertex 14.650878 14.896552 -4.441822
vertex 14.514214 14.068966 -4.231622
vertex 13.729858 14.068966 -3.631188
endloop
endfacet
facet normal -0.401464 -0.372690 -0.836617
outer loop
vertex 13.781275 14.896552 -4.024528
vertex 14.650878 14.896552 -4.441822
vertex 13.729858 14.068966 -3.631188
endloop
endfacet
facet normal -0.231841 0.243187 -0.941865
outer loop
vertex 15.602732 14.896552 -4.285882
vertex 15.473377 14.068966 -4.467721
vertex 14.514214 14.068966 -4.231622
endloop
endfacet
facet normal 0.155791 -0.267259 -0.950948
outer loop
vertex 14.650878 14.896552 -4.441822
vertex 15.602732 14.896552 -4.285882
vertex 14.514214 14.068966 -4.231622
endloop
endfacet
facet normal 0.422301 0.228228 -0.877254
outer loop
vertex 16.430920 14.896552 -3.791464
vertex 16.363412 14.068966 -4.039268
vertex 15.473377 14.068966 -4.467721
endloop
endfacet
facet normal 0.509600 0.107906 -0.853618
outer loop
vertex 15.602732 14.896552 -4.285882
vertex 16.430920 14.896552 -3.791464
vertex 15.473377 14.068966 -4.467721
endloop
endfacet
facet normal 0.552001 0.219988 -0.804301
outer loop
vertex 17.214395 14.896552 -3.228872
vertex 17.177847 14.068966 -3.480312
vertex 16.363412 14.068966 -4.039268
endloop
endfacet
facet normal 0.572421 0.192001 -0.797164
outer loop
vertex 16.430920 14.896552 -3.791464
vertex 17.214395 14.896552 -3.228872
vertex 16.363412 14.068966 -4.039268
endloop
endfacet
facet normal 0.593385 0.254914 -0.763487
outer loop
vertex 17.949430 14.896552 -2.604319
vertex 17.957781 14.068966 -2.874145
vertex 17.177847 14.068966 -3.480312
endloop
endfacet
facet normal 0.634577 0.198880 -0.746832
outer loop
vertex 17.214395 14.896552 -3.228872
vertex 17.949430 14.896552 -2.604319
vertex 17.177847 14.068966 -3.480312
endloop
endfacet
facet normal 0.678043 0.300239 -0.670905
outer loop
vertex 18.580273 14.896552 -1.874675
vertex 18.652551 14.068966 -2.171983
vertex 17.957781 14.068966 -2.874145
endloop
endfacet
facet normal 0.738663 0.215675 -0.638640
outer loop
vertex 17.949430 14.896552 -2.604319
vertex 18.580273 14.896552 -1.874675
vertex 17.957781 14.068966 -2.874145
endloop
endfacet
facet normal 0.771712 0.362397 -0.522618
outer loop
vertex 19.039632 14.896552 -1.026540
vertex 19.206441 14.068966 -1.354095
vertex 18.652551 14.068966 -2.171983
endloop
endfacet
facet normal 0.853481 0.240603 -0.462255
outer loop
vertex 18.580273 14.896552 -1.874675
vertex 19.039632 14.896552 -1.026540
vertex 18.652551 14.068966 -2.171983
endloop
endfacet
facet normal 0.801137 0.233741 -0.550949
outer loop
vertex 19.683897 14.896552 -0.308720
vertex 19.766170 14.068966 -0.540191
vertex 19.206441 14.068966 -1.354095
endloop
endfacet
facet normal 0.687519 0.382810 -0.617069
outer loop
vertex 19.039632 14.896552 -1.026540
vertex 19.683897 14.896552 -0.308720
vertex 19.206441 14.068966 -1.354095
endloop
endfacet
facet normal -0.737880 0.323060 -0.592592
outer loop
vertex 6.236982 15.724138 -1.146740
vertex 6.139092 14.896552 -1.476020
vertex 5.535126 14.896552 -0.723977
endloop
endfacet
facet normal -0.768181 0.202950 -0.607215
outer loop
vertex 6.740817 15.724138 -1.960651
vertex 6.737225 14.896552 -2.232711
vertex 6.139092 14.896552 -1.476020
endloop
endfacet
facet normal -0.812145 0.296095 -0.502741
outer loop
vertex 6.236982 15.724138 -1.146740
vertex 6.740817 15.724138 -1.960651
vertex 6.139092 14.896552 -1.476020
endloop
endfacet
facet normal -0.506375 -0.001893 -0.862311
outer loop
vertex 7.419825 15.724138 -2.635372
vertex 7.568962 14.896552 -2.721133
vertex 6.737225 14.896552 -2.232711
endloop
endfacet
facet normal -0.685980 0.229919 -0.690339
outer loop
vertex 6.740817 15.724138 -1.960651
vertex 7.419825 15.724138 -2.635372
vertex 6.737225 14.896552 -2.232711
endloop
endfacet
facet normal 0.317502 -0.548471 -0.773545
outer loop
vertex 8.301950 15.724138 -3.007065
vertex 8.461267 14.896552 -2.354886
vertex 7.568962 14.896552 -2.721133
endloop
endfacet
facet normal -0.388172 0.025514 -0.921234
outer loop
vertex 7.419825 15.724138 -2.635372
vertex 8.301950 15.724138 -3.007065
vertex 7.568962 14.896552 -2.721133
endloop
endfacet
facet normal 0.126567 -0.696373 -0.706432
outer loop
vertex 9.258962 15.724138 -3.027770
vertex 9.410692 14.896552 -2.184784
vertex 8.461267 14.896552 -2.354886
endloop
endfacet
facet normal -0.016956 -0.620878 -0.783724
outer loop
vertex 8.301950 15.724138 -3.007065
vertex 9.258962 15.724138 -3.027770
vertex 8.461267 14.896552 -2.354886
endloop
endfacet
facet normal -0.064049 -0.649434 -0.757715
outer loop
vertex 10.213936 15.724138 -2.962001
vertex 10.371807 14.896552 -2.266026
vertex 9.410692 14.896552 -2.184784
endloop
endfacet
facet normal 0.048496 -0.708378 -0.704165
outer loop
vertex 9.258962 15.724138 -3.027770
vertex 10.213936 15.724138 -2.962001
vertex 9.410692 14.896552 -2.184784
endloop
endfacet
facet normal -0.266578 -0.533726 -0.802541
outer loop
vertex 11.163930 15.724138 -3.079525
vertex 11.287173 14.896552 -2.570080
vertex 10.371807 14.896552 -2.266026
endloop
endfacet
facet normal -0.093176 -0.651179 -0.753183
outer loop
vertex 10.213936 15.724138 -2.962001
vertex 11.163930 15.724138 -3.079525
vertex 10.371807 14.896552 -2.266026
endloop
endfacet
facet normal -0.399031 -0.395750 -0.827137
outer loop
vertex 12.082270 15.724138 -3.349619
vertex 12.155908 14.896552 -2.989179
vertex 11.287173 14.896552 -2.570080
endloop
endfacet
facet normal -0.238455 -0.534601 -0.810766
outer loop
vertex 11.163930 15.724138 -3.079525
vertex 12.082270 15.724138 -3.349619
vertex 11.287173 14.896552 -2.570080
endloop
endfacet
facet normal -0.480276 -0.268422 -0.835036
outer loop
vertex 12.964768 15.724138 -3.720428
vertex 12.992020 14.896552 -3.470074
vertex 12.155908 14.896552 -2.989179
endloop
endfacet
facet normal -0.355092 -0.399660 -0.845093
outer loop
vertex 12.082270 15.724138 -3.349619
vertex 12.964768 15.724138 -3.720428
vertex 12.155908 14.896552 -2.989179
endloop
endfacet
facet normal -0.567318 -0.161201 -0.807567
outer loop
vertex 13.793984 15.724138 -4.198654
vertex 13.781275 14.896552 -4.024528
vertex 12.992020 14.896552 -3.470074
endloop
endfacet
facet normal -0.481274 -0.268294 -0.834502
outer loop
vertex 12.964768 15.724138 -3.720428
vertex 13.793984 15.724138 -4.198654
vertex 12.992020 14.896552 -3.470074
endloop
endfacet
facet normal -0.429332 0.123294 -0.894691
outer loop
vertex 14.736009 15.724138 -4.368626
vertex 14.650878 14.896552 -4.441822
vertex 13.781275 14.896552 -4.024528
endloop
endfacet
facet normal -0.173971 -0.200195 -0.964187
outer loop
vertex 13.793984 15.724138 -4.198654
vertex 14.736009 15.724138 -4.368626
vertex 13.781275 14.896552 -4.024528
endloop
endfacet
facet normal 0.155737 0.268450 -0.950621
outer loop
vertex 15.637414 15.724138 -4.046494
vertex 15.602732 14.896552 -4.285882
vertex 14.650878 14.896552 -4.441822
endloop
endfacet
facet normal 0.336125 0.048611 -0.940562
outer loop
vertex 14.736009 15.724138 -4.368626
vertex 15.637414 15.724138 -4.046494
vertex 14.650878 14.896552 -4.441822
endloop
endfacet
facet normal 0.492720 0.275746 -0.825343
outer loop
vertex 16.432776 15.724138 -3.513860
vertex 16.430920 14.896552 -3.791464
vertex 15.602732 14.896552 -4.285882
endloop
endfacet
facet normal 0.543771 0.212089 -0.811992
outer loop
vertex 15.637414 15.724138 -4.046494
vertex 16.432776 15.724138 -3.513860
vertex 15.602732 14.896552 -4.285882
endloop
endfacet
facet normal 0.551755 0.324269 -0.768385
outer loop
vertex 17.174246 15.724138 -2.908449
vertex 17.214395 14.896552 -3.228872
vertex 16.430920 14.896552 -3.791464
endloop
endfacet
facet normal 0.612343 0.250192 -0.749960
outer loop
vertex 16.432776 15.724138 -3.513860
vertex 17.174246 15.724138 -2.908449
vertex 16.430920 14.896552 -3.791464
endloop
endfacet
facet normal 0.596411 0.389371 -0.701915
outer loop
vertex 17.849594 15.724138 -2.230065
vertex 17.949430 14.896552 -2.604319
vertex 17.214395 14.896552 -3.228872
endloop
endfacet
facet normal 0.677381 0.293955 -0.674348
outer loop
vertex 17.174246 15.724138 -2.908449
vertex 17.849594 15.724138 -2.230065
vertex 17.214395 14.896552 -3.228872
endloop
endfacet
facet normal 0.691759 0.404673 -0.598087
outer loop
vertex 18.440191 15.724138 -1.476741
vertex 18.580273 14.896552 -1.874675
vertex 17.949430 14.896552 -2.604319
endloop
endfacet
facet normal 0.737124 0.350262 -0.577897
outer loop
vertex 17.849594 15.724138 -2.230065
vertex 18.440191 15.724138 -1.476741
vertex 17.949430 14.896552 -2.604319
endloop
endfacet
facet normal 0.836569 0.307990 -0.453095
outer loop
vertex 18.934945 15.724138 -0.657279
vertex 19.039632 14.896552 -1.026540
vertex 18.580273 14.896552 -1.874675
endloop
endfacet
facet normal 0.796635 0.366112 -0.480972
outer loop
vertex 18.440191 15.724138 -1.476741
vertex 18.934945 15.724138 -0.657279
vertex 18.580273 14.896552 -1.874675
endloop
endfacet
facet normal 0.721953 0.242720 -0.647975
outer loop
vertex 19.656934 15.724138 -0.028763
vertex 19.683897 14.896552 -0.308720
vertex 19.039632 14.896552 -1.026540
endloop
endfacet
facet normal 0.605457 0.386913 -0.695500
outer loop
vertex 18.934945 15.724138 -0.657279
vertex 19.656934 15.724138 -0.028763
vertex 19.039632 14.896552 -1.026540
endloop
endfacet
facet normal -0.847577 0.079563 -0.524674
outer loop
vertex 6.730737 16.551724 -1.818871
vertex 6.740817 15.724138 -1.960651
vertex 6.236982 15.724138 -1.146740
endloop
endfacet
facet normal -0.861932 0.112777 -0.494323
outer loop
vertex 6.255735 16.551724 -0.990628
vertex 6.730737 16.551724 -1.818871
vertex 6.236982 15.724138 -1.146740
endloop
endfacet
facet normal -0.702601 0.080071 -0.707065
outer loop
vertex 7.388715 16.551724 -2.510738
vertex 7.419825 15.724138 -2.635372
vertex 6.740817 15.724138 -1.960651
endloop
endfacet
facet normal -0.720346 0.108589 -0.685062
outer loop
vertex 6.730737 16.551724 -1.818871
vertex 7.388715 16.551724 -2.510738
vertex 6.740817 15.724138 -1.960651
endloop
endfacet
facet normal -0.375645 -0.253204 -0.891503
outer loop
vertex 8.093880 16.551724 -3.154443
vertex 8.301950 15.724138 -3.007065
vertex 7.419825 15.724138 -2.635372
endloop
endfacet
facet normal -0.671716 0.085567 -0.735851
outer loop
vertex 7.388715 16.551724 -2.510738
vertex 8.093880 16.551724 -3.154443
vertex 7.419825 15.724138 -2.635372
endloop
endfacet
facet normal -0.017847 -0.564961 -0.824925
outer loop
vertex 8.944677 16.551724 -3.587754
vertex 9.258962 15.724138 -3.027770
vertex 8.301950 15.724138 -3.007065
endloop
endfacet
facet normal -0.437833 -0.263172 -0.859676
outer loop
vertex 8.093880 16.551724 -3.154443
vertex 8.944677 16.551724 -3.587754
vertex 8.301950 15.724138 -3.007065
endloop
endfacet
facet normal 0.055793 -0.583601 -0.810121
outer loop
vertex 9.899429 16.551724 -3.579844
vertex 10.213936 15.724138 -2.962001
vertex 9.258962 15.724138 -3.027770
endloop
endfacet
facet normal 0.006872 -0.558605 -0.829405
outer loop
vertex 8.944677 16.551724 -3.587754
vertex 9.899429 16.551724 -3.579844
vertex 9.258962 15.724138 -3.027770
endloop
endfacet
facet normal -0.103478 -0.538174 -0.836457
outer loop
vertex 10.854194 16.551724 -3.573674
vertex 11.163930 15.724138 -3.079525
vertex 10.213936 15.724138 -2.962001
endloop
endfacet
facet normal 0.005184 -0.596960 -0.802254
outer loop
vertex 9.899429 16.551724 -3.579844
vertex 10.854194 16.551724 -3.573674
vertex 10.213936 15.724138 -2.962001
endloop
endfacet
facet normal -0.249860 -0.464590 -0.849545
outer loop
vertex 11.797920 16.551724 -3.718570
vertex 12.082270 15.724138 -3.349619
vertex 11.163930 15.724138 -3.079525
endloop
endfacet
facet normal -0.127416 -0.543204 -0.829876
outer loop
vertex 10.854194 16.551724 -3.573674
vertex 11.797920 16.551724 -3.718570
vertex 11.163930 15.724138 -3.079525
endloop
endfacet
facet normal -0.366262 -0.325622 -0.871678
outer loop
vertex 12.728894 16.551724 -3.930470
vertex 12.964768 15.724138 -3.720428
vertex 12.082270 15.724138 -3.349619
endloop
endfacet
facet normal -0.197631 -0.454999 -0.868285
outer loop
vertex 11.797920 16.551724 -3.718570
vertex 12.728894 16.551724 -3.930470
vertex 12.082270 15.724138 -3.349619
endloop
endfacet
facet normal -0.499586 0.004516 -0.866253
outer loop
vertex 13.664721 16.551724 -4.119791
vertex 13.793984 15.724138 -4.198654
vertex 12.964768 15.724138 -3.720428
endloop
endfacet
facet normal -0.189647 -0.291974 -0.937436
outer loop
vertex 12.728894 16.551724 -3.930470
vertex 13.664721 16.551724 -4.119791
vertex 12.964768 15.724138 -3.720428
endloop
endfacet
facet normal -0.170133 0.286290 -0.942917
outer loop
vertex 14.619216 16.551724 -4.096280
vertex 14.736009 15.724138 -4.368626
vertex 13.793984 15.724138 -4.198654
endloop
endfacet
facet normal 0.024504 0.098627 -0.994823
outer loop
vertex 13.664721 16.551724 -4.119791
vertex 14.619216 16.551724 -4.096280
vertex 13.793984 15.724138 -4.198654
endloop
endfacet
facet normal 0.317779 0.329080 -0.889226
outer loop
vertex 15.520763 16.551724 -3.781912
vertex 15.637414 15.724138 -4.046494
vertex 14.736009 15.724138 -4.368626
endloop
endfacet
facet normal 0.310068 0.336385 -0.889215
outer loop
vertex 14.619216 16.551724 -4.096280
vertex 15.520763 16.551724 -3.781912
vertex 14.736009 15.724138 -4.368626
endloop
endfacet
facet normal 0.526733 0.322324 -0.786549
outer loop
vertex 16.315730 16.551724 -3.253102
vertex 16.432776 15.724138 -3.513860
vertex 15.637414 15.724138 -4.046494
endloop
endfacet
facet normal 0.523690 0.325508 -0.787269
outer loop
vertex 15.520763 16.551724 -3.781912
vertex 16.315730 16.551724 -3.253102
vertex 15.637414 15.724138 -4.046494
endloop
endfacet
facet normal 0.590817 0.356850 -0.723597
outer loop
vertex 17.029268 16.551724 -2.618690
vertex 17.174246 15.724138 -2.908449
vertex 16.432776 15.724138 -3.513860
endloop
endfacet
facet normal 0.631090 0.312902 -0.709802
outer loop
vertex 16.315730 16.551724 -3.253102
vertex 17.029268 16.551724 -2.618690
vertex 16.432776 15.724138 -3.513860
endloop
endfacet
facet normal 0.655543 0.379956 -0.652608
outer loop
vertex 17.679269 16.551724 -1.919325
vertex 17.849594 15.724138 -2.230065
vertex 17.174246 15.724138 -2.908449
endloop
endfacet
facet normal 0.687710 0.344264 -0.639169
outer loop
vertex 17.029268 16.551724 -2.618690
vertex 17.679269 16.551724 -1.919325
vertex 17.174246 15.724138 -2.908449
endloop
endfacet
facet normal 0.690234 0.480363 -0.541136
outer loop
vertex 18.162739 16.551724 -1.095996
vertex 18.440191 15.724138 -1.476741
vertex 17.849594 15.724138 -2.230065
endloop
endfacet
facet normal 0.809366 0.345028 -0.475270
outer loop
vertex 17.679269 16.551724 -1.919325
vertex 18.162739 16.551724 -1.095996
vertex 17.849594 15.724138 -2.230065
endloop
endfacet
facet normal 0.812879 0.313630 -0.490779
outer loop
vertex 18.786958 16.551724 -0.373525
vertex 18.934945 15.724138 -0.657279
vertex 18.440191 15.724138 -1.476741
endloop
endfacet
facet normal 0.661768 0.484914 -0.571771
outer loop
vertex 18.162739 16.551724 -1.095996
vertex 18.786958 16.551724 -0.373525
vertex 18.440191 15.724138 -1.476741
endloop
endfacet
facet normal -0.861554 -0.116552 -0.494106
outer loop
vertex 6.702309 17.379310 -1.964516
vertex 6.730737 16.551724 -1.818871
vertex 6.255735 16.551724 -0.990628
endloop
endfacet
facet normal -0.861318 -0.117030 -0.494404
outer loop
vertex 6.226611 17.379310 -1.135787
vertex 6.702309 17.379310 -1.964516
vertex 6.255735 16.551724 -0.990628
endloop
endfacet
facet normal -0.722848 -0.070107 -0.687441
outer loop
vertex 7.404902 17.379310 -2.612159
vertex 7.388715 16.551724 -2.510738
vertex 6.730737 16.551724 -1.818871
endloop
endfacet
facet normal -0.670004 -0.150932 -0.726852
outer loop
vertex 6.702309 17.379310 -1.964516
vertex 7.404902 17.379310 -2.612159
vertex 6.730737 16.551724 -1.818871
endloop
endfacet
facet normal -0.672211 -0.076532 -0.736393
outer loop
vertex 8.110950 17.379310 -3.256035
vertex 8.093880 16.551724 -3.154443
vertex 7.388715 16.551724 -2.510738
endloop
endfacet
facet normal -0.671818 -0.077141 -0.736688
outer loop
vertex 7.404902 17.379310 -2.612159
vertex 8.110950 17.379310 -3.256035
vertex 7.388715 16.551724 -2.510738
endloop
endfacet
facet normal -0.430718 -0.315065 -0.845705
outer loop
vertex 8.857958 17.379310 -3.851903
vertex 8.944677 16.551724 -3.587754
vertex 8.093880 16.551724 -3.154443
endloop
endfacet
facet normal -0.621443 -0.082818 -0.779070
outer loop
vertex 8.110950 17.379310 -3.256035
vertex 8.857958 17.379310 -3.851903
vertex 8.093880 16.551724 -3.154443
endloop
endfacet
facet normal 0.007250 -0.483956 -0.875062
outer loop
vertex 9.795132 17.379310 -4.038407
vertex 9.899429 16.551724 -3.579844
vertex 8.944677 16.551724 -3.587754
endloop
endfacet
facet normal -0.185155 -0.316364 -0.930393
outer loop
vertex 8.857958 17.379310 -3.851903
vertex 9.795132 17.379310 -4.038407
vertex 8.944677 16.551724 -3.587754
endloop
endfacet
facet normal 0.005686 -0.475222 -0.879847
outer loop
vertex 10.750531 17.379310 -4.021339
vertex 10.854194 16.551724 -3.573674
vertex 9.899429 16.551724 -3.579844
endloop
endfacet
facet normal 0.015639 -0.483100 -0.875426
outer loop
vertex 9.795132 17.379310 -4.038407
vertex 10.750531 17.379310 -4.021339
vertex 9.899429 16.551724 -3.579844
endloop
endfacet
facet normal -0.141930 -0.354008 -0.924410
outer loop
vertex 11.706083 17.379310 -4.021399
vertex 11.797920 16.551724 -3.718570
vertex 10.854194 16.551724 -3.573674
endloop
endfacet
facet normal -0.000055 -0.475786 -0.879561
outer loop
vertex 10.750531 17.379310 -4.021339
vertex 11.706083 17.379310 -4.021399
vertex 10.854194 16.551724 -3.573674
endloop
endfacet
facet normal -0.220823 -0.099946 -0.970179
outer loop
vertex 12.661403 17.379310 -4.000365
vertex 12.728894 16.551724 -3.930470
vertex 11.797920 16.551724 -3.718570
endloop
endfacet
facet normal 0.020689 -0.341536 -0.939641
outer loop
vertex 11.706083 17.379310 -4.021399
vertex 12.661403 17.379310 -4.000365
vertex 11.797920 16.551724 -3.718570
endloop
endfacet
facet normal -0.196793 0.122514 -0.972760
outer loop
vertex 13.616939 17.379310 -4.005895
vertex 13.664721 16.551724 -4.119791
vertex 12.728894 16.551724 -3.930470
endloop
endfacet
facet normal -0.005766 -0.084623 -0.996396
outer loop
vertex 12.661403 17.379310 -4.000365
vertex 13.616939 17.379310 -4.005895
vertex 12.728894 16.551724 -3.930470
endloop
endfacet
facet normal 0.022607 0.396372 -0.917812
outer loop
vertex 14.535025 17.379310 -3.740947
vertex 14.619216 16.551724 -4.096280
vertex 13.664721 16.551724 -4.119791
endloop
endfacet
facet normal 0.274274 0.146635 -0.950406
outer loop
vertex 13.616939 17.379310 -4.005895
vertex 14.535025 17.379310 -3.740947
vertex 13.664721 16.551724 -4.119791
endloop
endfacet
facet normal 0.305668 0.371675 -0.876598
outer loop
vertex 15.447300 17.379310 -3.456634
vertex 15.520763 16.551724 -3.781912
vertex 14.619216 16.551724 -4.096280
endloop
endfacet
facet normal 0.272323 0.402879 -0.873801
outer loop
vertex 14.535025 17.379310 -3.740947
vertex 15.447300 17.379310 -3.456634
vertex 14.619216 16.551724 -4.096280
endloop
endfacet
facet normal 0.519272 0.347817 -0.780628
outer loop
vertex 16.245390 17.379310 -2.931152
vertex 16.315730 16.551724 -3.253102
vertex 15.520763 16.551724 -3.781912
endloop
endfacet
facet normal 0.514556 0.352839 -0.781496
outer loop
vertex 15.447300 17.379310 -3.456634
vertex 16.245390 17.379310 -2.931152
vertex 15.520763 16.551724 -3.781912
endloop
endfacet
facet normal 0.612386 0.388055 -0.688765
outer loop
vertex 16.917431 17.379310 -2.251858
vertex 17.029268 16.551724 -2.618690
vertex 16.315730 16.551724 -3.253102
endloop
endfacet
facet normal 0.674272 0.316815 -0.667072
outer loop
vertex 16.245390 17.379310 -2.931152
vertex 16.917431 17.379310 -2.251858
vertex 16.315730 16.551724 -3.253102
endloop
endfacet
facet normal 0.647857 0.466607 -0.602129
outer loop
vertex 17.487146 17.379310 -1.484718
vertex 17.679269 16.551724 -1.919325
vertex 17.029268 16.551724 -2.618690
endloop
endfacet
facet normal 0.752258 0.349289 -0.558664
outer loop
vertex 16.917431 17.379310 -2.251858
vertex 17.487146 17.379310 -1.484718
vertex 17.029268 16.551724 -2.618690
endloop
endfacet
facet normal 0.805560 0.356805 -0.473036
outer loop
vertex 18.029777 17.379310 -0.698187
vertex 18.162739 16.551724 -1.095996
vertex 17.679269 16.551724 -1.919325
endloop
endfacet
facet normal 0.739355 0.439510 -0.510083
outer loop
vertex 17.487146 17.379310 -1.484718
vertex 18.029777 17.379310 -0.698187
vertex 17.679269 16.551724 -1.919325
endloop
endfacet
facet normal 0.714518 0.329160 -0.617348
outer loop
vertex 18.707349 17.379310 -0.024409
vertex 18.786958 16.551724 -0.373525
vertex 18.162739 16.551724 -1.095996
endloop
endfacet
facet normal 0.642015 0.413494 -0.645631
outer loop
vertex 18.029777 17.379310 -0.698187
vertex 18.707349 17.379310 -0.024409
vertex 18.162739 16.551724 -1.095996
endloop
endfacet
facet normal -0.785920 -0.219425 -0.578086
outer loop
vertex 6.099685 18.206897 -1.277357
vertex 6.226611 17.379310 -1.135787
vertex 5.660422 17.379310 -0.366041
endloop
endfacet
facet normal -0.760593 -0.254153 -0.597415
outer loop
vertex 5.515002 18.206897 -0.532974
vertex 6.099685 18.206897 -1.277357
vertex 5.660422 17.379310 -0.366041
endloop
endfacet
facet normal -0.853004 -0.180680 -0.489632
outer loop
vertex 6.595429 18.206897 -2.083707
vertex 6.702309 17.379310 -1.964516
vertex 6.226611 17.379310 -1.135787
endloop
endfacet
facet normal -0.831942 -0.215089 -0.511478
outer loop
vertex 6.099685 18.206897 -1.277357
vertex 6.595429 18.206897 -2.083707
vertex 6.226611 17.379310 -1.135787
endloop
endfacet
facet normal -0.666585 -0.180911 -0.723143
outer loop
vertex 7.296699 18.206897 -2.719459
vertex 7.404902 17.379310 -2.612159
vertex 6.702309 17.379310 -1.964516
endloop
endfacet
facet normal -0.659426 -0.189922 -0.727384
outer loop
vertex 6.595429 18.206897 -2.083707
vertex 7.296699 18.206897 -2.719459
vertex 6.702309 17.379310 -1.964516
endloop
endfacet
facet normal -0.668983 -0.119679 -0.733579
outer loop
vertex 8.030353 18.206897 -3.317551
vertex 8.110950 17.379310 -3.256035
vertex 7.404902 17.379310 -2.612159
endloop
endfacet
facet normal -0.621530 -0.180111 -0.762405
outer loop
vertex 7.296699 18.206897 -2.719459
vertex 8.030353 18.206897 -3.317551
vertex 7.404902 17.379310 -2.612159
endloop
endfacet
facet normal -0.623484 0.018036 -0.781628
outer loop
vertex 8.835646 18.206897 -3.815009
vertex 8.857958 17.379310 -3.851903
vertex 8.110950 17.379310 -3.256035
endloop
endfacet
facet normal -0.522141 -0.113679 -0.845249
outer loop
vertex 8.030353 18.206897 -3.317551
vertex 8.835646 18.206897 -3.815009
vertex 8.110950 17.379310 -3.256035
endloop
endfacet
facet normal -0.186991 0.286619 -0.939619
outer loop
vertex 9.781666 18.206897 -3.783283
vertex 9.795132 17.379310 -4.038407
vertex 8.857958 17.379310 -3.851903
endloop
endfacet
facet normal 0.033483 0.045412 -0.998407
outer loop
vertex 8.835646 18.206897 -3.815009
vertex 9.781666 18.206897 -3.783283
vertex 8.857958 17.379310 -3.851903
endloop
endfacet
facet normal 0.016575 0.372730 -0.927792
outer loop
vertex 10.723546 18.206897 -3.689347
vertex 10.750531 17.379310 -4.021339
vertex 9.795132 17.379310 -4.038407
endloop
endfacet
facet normal 0.094833 0.294676 -0.950880
outer loop
vertex 9.781666 18.206897 -3.783283
vertex 10.723546 18.206897 -3.689347
vertex 9.795132 17.379310 -4.038407
endloop
endfacet
facet normal -0.000055 0.458124 -0.888888
outer loop
vertex 11.665371 18.206897 -3.594867
vertex 11.706083 17.379310 -4.021399
vertex 10.750531 17.379310 -4.021339
endloop
endfacet
facet normal 0.092599 0.373316 -0.923071
outer loop
vertex 10.723546 18.206897 -3.689347
vertex 11.665371 18.206897 -3.594867
vertex 10.750531 17.379310 -4.021339
endloop
endfacet
facet normal 0.019058 0.500420 -0.865573
outer loop
vertex 12.609195 18.206897 -3.523056
vertex 12.661403 17.379310 -4.000365
vertex 11.706083 17.379310 -4.021399
endloop
endfacet
facet normal 0.067375 0.459702 -0.885514
outer loop
vertex 11.665371 18.206897 -3.594867
vertex 12.609195 18.206897 -3.523056
vertex 11.706083 17.379310 -4.021399
endloop
endfacet
facet normal -0.005343 0.384027 -0.923306
outer loop
vertex 13.545603 18.206897 -3.661267
vertex 13.616939 17.379310 -4.005895
vertex 12.661403 17.379310 -4.000365
endloop
endfacet
facet normal -0.127326 0.489503 -0.862656
outer loop
vertex 12.609195 18.206897 -3.523056
vertex 13.545603 18.206897 -3.661267
vertex 12.661403 17.379310 -4.000365
endloop
endfacet
facet normal 0.258419 0.362438 -0.895465
outer loop
vertex 14.462672 18.206897 -3.426863
vertex 14.535025 17.379310 -3.740947
vertex 13.616939 17.379310 -4.005895
endloop
endfacet
facet normal 0.227927 0.390985 -0.891729
outer loop
vertex 13.545603 18.206897 -3.661267
vertex 14.462672 18.206897 -3.426863
vertex 13.616939 17.379310 -4.005895
endloop
endfacet
facet normal 0.265220 0.453255 -0.851010
outer loop
vertex 15.331772 18.206897 -3.051860
vertex 15.447300 17.379310 -3.456634
vertex 14.535025 17.379310 -3.740947
endloop
endfacet
facet normal 0.369958 0.357747 -0.857408
outer loop
vertex 14.462672 18.206897 -3.426863
vertex 15.331772 18.206897 -3.051860
vertex 14.535025 17.379310 -3.740947
endloop
endfacet
facet normal 0.489135 0.457018 -0.742887
outer loop
vertex 16.109109 18.206897 -2.511760
vertex 16.245390 17.379310 -2.931152
vertex 15.447300 17.379310 -3.456634
endloop
endfacet
facet normal 0.514142 0.433697 -0.739977
outer loop
vertex 15.331772 18.206897 -3.051860
vertex 16.109109 18.206897 -2.511760
vertex 15.447300 17.379310 -3.456634
endloop
endfacet
facet normal 0.642776 0.427149 -0.635911
outer loop
vertex 16.775442 18.206897 -1.839479
vertex 16.917431 17.379310 -2.251858
vertex 16.245390 17.379310 -2.931152
endloop
endfacet
facet normal 0.641868 0.428098 -0.636190
outer loop
vertex 16.109109 18.206897 -2.511760
vertex 16.775442 18.206897 -1.839479
vertex 16.245390 17.379310 -2.931152
endloop
endfacet
facet normal 0.705508 0.477222 -0.523945
outer loop
vertex 17.265359 18.206897 -1.029576
vertex 17.487146 17.379310 -1.484718
vertex 16.917431 17.379310 -2.251858
endloop
endfacet
facet normal 0.793143 0.375148 -0.479779
outer loop
vertex 16.775442 18.206897 -1.839479
vertex 17.265359 18.206897 -1.029576
vertex 16.917431 17.379310 -2.251858
endloop
endfacet
facet normal 0.748566 0.415862 -0.516438
outer loop
vertex 17.853214 18.206897 -0.287695
vertex 18.029777 17.379310 -0.698187
vertex 17.487146 17.379310 -1.484718
endloop
endfacet
facet normal 0.686289 0.482994 -0.543805
outer loop
vertex 17.265359 18.206897 -1.029576
vertex 17.853214 18.206897 -0.287695
vertex 17.487146 17.379310 -1.484718
endloop
endfacet
facet normal -0.786387 -0.008419 -0.617676
outer loop
vertex 6.063150 19.034483 -1.242123
vertex 6.099685 18.206897 -1.277357
vertex 5.515002 18.206897 -0.532974
endloop
endfacet
facet normal -0.778716 -0.021497 -0.627008
outer loop
vertex 5.474997 19.034483 -0.511665
vertex 6.063150 19.034483 -1.242123
vertex 5.515002 18.206897 -0.532974
endloop
endfacet
facet normal -0.851832 0.010640 -0.523707
outer loop
vertex 6.572483 19.034483 -2.029570
vertex 6.595429 18.206897 -2.083707
vertex 6.099685 18.206897 -1.277357
endloop
endfacet
facet normal -0.839581 -0.013945 -0.543055
outer loop
vertex 6.063150 19.034483 -1.242123
vertex 6.572483 19.034483 -2.029570
vertex 6.099685 18.206897 -1.277357
endloop
endfacet
facet normal -0.671535 0.018572 -0.740740
outer loop
vertex 7.260981 19.034483 -2.666329
vertex 7.296699 18.206897 -2.719459
vertex 6.595429 18.206897 -2.083707
endloop
endfacet
facet normal -0.678694 0.029187 -0.733841
outer loop
vertex 6.572483 19.034483 -2.029570
vertex 7.260981 19.034483 -2.666329
vertex 6.595429 18.206897 -2.083707
endloop
endfacet
facet normal -0.627013 0.123670 -0.769130
outer loop
vertex 8.038313 19.034483 -3.190971
vertex 8.030353 18.206897 -3.317551
vertex 7.296699 18.206897 -2.719459
endloop
endfacet
facet normal -0.559195 0.029056 -0.828527
outer loop
vertex 7.260981 19.034483 -2.666329
vertex 8.038313 19.034483 -3.190971
vertex 7.296699 18.206897 -2.719459
endloop
endfacet
facet normal -0.463879 0.470016 -0.750934
outer loop
vertex 8.958329 19.034483 -3.372802
vertex 8.835646 18.206897 -3.815009
vertex 8.030353 18.206897 -3.317551
endloop
endfacet
facet normal -0.191689 0.150190 -0.969896
outer loop
vertex 8.038313 19.034483 -3.190971
vertex 8.958329 19.034483 -3.372802
vertex 8.030353 18.206897 -3.317551
endloop
endfacet
facet normal 0.026169 0.624835 -0.780318
outer loop
vertex 9.860848 19.034483 -3.117944
vertex 9.781666 18.206897 -3.783283
vertex 8.835646 18.206897 -3.815009
endloop
endfacet
facet normal 0.245573 0.428274 -0.869641
outer loop
vertex 8.958329 19.034483 -3.372802
vertex 9.860848 19.034483 -3.117944
vertex 8.835646 18.206897 -3.815009
endloop
endfacet
facet normal 0.079081 0.604157 -0.792931
outer loop
vertex 10.796306 19.034483 -3.051529
vertex 10.723546 18.206897 -3.689347
vertex 9.781666 18.206897 -3.783283
endloop
endfacet
facet normal 0.055431 0.622381 -0.780749
outer loop
vertex 9.860848 19.034483 -3.117944
vertex 10.796306 19.034483 -3.051529
vertex 9.781666 18.206897 -3.783283
endloop
endfacet
facet normal 0.077880 0.625484 -0.776341
outer loop
vertex 11.725144 19.034483 -2.922099
vertex 11.665371 18.206897 -3.594867
vertex 10.723546 18.206897 -3.689347
endloop
endfacet
facet normal 0.110347 0.600608 -0.791892
outer loop
vertex 10.796306 19.034483 -3.051529
vertex 11.725144 19.034483 -2.922099
vertex 10.723546 18.206897 -3.689347
endloop
endfacet
facet normal 0.063911 0.538833 -0.839985
outer loop
vertex 12.660620 19.034483 -2.988263
vertex 12.609195 18.206897 -3.523056
vertex 11.665371 18.206897 -3.594867
endloop
endfacet
facet normal -0.054662 0.632223 -0.772855
outer loop
vertex 11.725144 19.034483 -2.922099
vertex 12.660620 19.034483 -2.988263
vertex 11.665371 18.206897 -3.594867
endloop
endfacet
facet normal -0.126473 0.499762 -0.856880
outer loop
vertex 13.577915 19.034483 -3.183359
vertex 13.545603 18.206897 -3.661267
vertex 12.609195 18.206897 -3.523056
endloop
endfacet
facet normal -0.174823 0.542029 -0.821974
outer loop
vertex 12.660620 19.034483 -2.988263
vertex 13.577915 19.034483 -3.183359
vertex 12.609195 18.206897 -3.523056
endloop
endfacet
facet normal 0.239356 0.256487 -0.936442
outer loop
vertex 14.515722 19.034483 -3.186631
vertex 14.462672 18.206897 -3.426863
vertex 13.545603 18.206897 -3.661267
endloop
endfacet
facet normal -0.003021 0.500165 -0.865925
outer loop
vertex 13.577915 19.034483 -3.183359
vertex 14.515722 19.034483 -3.186631
vertex 13.545603 18.206897 -3.661267
endloop
endfacet
facet normal 0.366513 0.379667 -0.849424
outer loop
vertex 15.311640 19.034483 -2.690640
vertex 15.331772 18.206897 -3.051860
vertex 14.462672 18.206897 -3.426863
endloop
endfacet
facet normal 0.517334 0.207818 -0.830167
outer loop
vertex 14.515722 19.034483 -3.186631
vertex 15.311640 19.034483 -2.690640
vertex 14.462672 18.206897 -3.426863
endloop
endfacet
facet normal 0.502656 0.473248 -0.723446
outer loop
vertex 15.995739 19.034483 -2.049157
vertex 16.109109 18.206897 -2.511760
vertex 15.331772 18.206897 -3.051860
endloop
endfacet
facet normal 0.648587 0.317676 -0.691676
outer loop
vertex 15.311640 19.034483 -2.690640
vertex 15.995739 19.034483 -2.049157
vertex 15.331772 18.206897 -3.051860
endloop
endfacet
facet normal 0.568029 0.600308 -0.563004
outer loop
vertex 16.485622 19.034483 -1.249465
vertex 16.775442 18.206897 -1.839479
vertex 16.109109 18.206897 -2.511760
endloop
endfacet
facet normal 0.789312 0.378406 -0.483524
outer loop
vertex 15.995739 19.034483 -2.049157
vertex 16.485622 19.034483 -1.249465
vertex 16.109109 18.206897 -2.511760
endloop
endfacet
facet normal 0.755842 0.468676 -0.457215
outer loop
vertex 17.065180 19.034483 -0.512169
vertex 17.265359 18.206897 -1.029576
vertex 16.775442 18.206897 -1.839479
endloop
endfacet
facet normal 0.639256 0.582111 -0.502493
outer loop
vertex 16.485622 19.034483 -1.249465
vertex 17.065180 19.034483 -0.512169
vertex 16.775442 18.206897 -1.839479
endloop
endfacet
facet normal -0.744674 0.293157 -0.599599
outer loop
vertex 6.196775 19.862069 -1.003455
vertex 6.063150 19.034483 -1.242123
vertex 5.474997 19.034483 -0.511665
endloop
endfacet
facet normal -0.816073 0.235370 -0.527850
outer loop
vertex 6.671742 19.862069 -1.814005
vertex 6.572483 19.034483 -2.029570
vertex 6.063150 19.034483 -1.242123
endloop
endfacet
facet normal -0.829718 0.274185 -0.486199
outer loop
vertex 6.196775 19.862069 -1.003455
vertex 6.671742 19.862069 -1.814005
vertex 6.063150 19.034483 -1.242123
endloop
endfacet
facet normal -0.664161 0.207808 -0.718127
outer loop
vertex 7.326641 19.862069 -2.487572
vertex 7.260981 19.034483 -2.666329
vertex 6.572483 19.034483 -2.029570
endloop
endfacet
facet normal -0.692608 0.258477 -0.673412
outer loop
vertex 6.671742 19.862069 -1.814005
vertex 7.326641 19.862069 -2.487572
vertex 6.572483 19.034483 -2.029570
endloop
endfacet
facet normal -0.523827 0.351049 -0.776125
outer loop
vertex 8.168509 19.862069 -2.904518
vertex 8.038313 19.034483 -3.190971
vertex 7.260981 19.034483 -2.666329
endloop
endfacet
facet normal -0.432637 0.223011 -0.873551
outer loop
vertex 7.326641 19.862069 -2.487572
vertex 8.168509 19.862069 -2.904518
vertex 7.260981 19.034483 -2.666329
endloop
endfacet
facet normal -0.145694 0.659809 -0.737174
outer loop
vertex 9.074220 19.862069 -2.654973
vertex 8.958329 19.034483 -3.372802
vertex 8.038313 19.034483 -3.190971
endloop
endfacet
facet normal 0.254984 0.280213 -0.925453
outer loop
vertex 8.168509 19.862069 -2.904518
vertex 9.074220 19.862069 -2.654973
vertex 8.038313 19.034483 -3.190971
endloop
endfacet
facet normal 0.202652 0.666270 -0.717646
outer loop
vertex 9.953263 19.862069 -2.323508
vertex 9.860848 19.034483 -3.117944
vertex 8.958329 19.034483 -3.372802
endloop
endfacet
facet normal 0.280610 0.606185 -0.744176
outer loop
vertex 9.074220 19.862069 -2.654973
vertex 9.953263 19.862069 -2.323508
vertex 8.958329 19.034483 -3.372802
endloop
endfacet
facet normal 0.052771 0.666899 -0.743277
outer loop
vertex 10.892480 19.862069 -2.302157
vertex 10.796306 19.034483 -3.051529
vertex 9.860848 19.034483 -3.117944
endloop
endfacet
facet normal 0.016418 0.691462 -0.722226
outer loop
vertex 9.953263 19.862069 -2.323508
vertex 10.892480 19.862069 -2.302157
vertex 9.860848 19.034483 -3.117944
endloop
endfacet
facet normal 0.105128 0.647891 -0.754443
outer loop
vertex 11.826073 19.862069 -2.197332
vertex 11.725144 19.034483 -2.922099
vertex 10.796306 19.034483 -3.051529
endloop
endfacet
facet normal 0.083480 0.663520 -0.743487
outer loop
vertex 10.892480 19.862069 -2.302157
vertex 11.826073 19.862069 -2.197332
vertex 10.796306 19.034483 -3.051529
endloop
endfacet
facet normal -0.054604 0.633242 -0.772025
outer loop
vertex 12.757966 19.862069 -2.316334
vertex 12.660620 19.034483 -2.988263
vertex 11.725144 19.034483 -2.922099
endloop
endfacet
facet normal -0.094898 0.662380 -0.743133
outer loop
vertex 11.826073 19.862069 -2.197332
vertex 12.757966 19.862069 -2.316334
vertex 11.725144 19.034483 -2.922099
endloop
endfacet
facet normal -0.180037 0.501039 -0.846491
outer loop
vertex 13.614895 19.862069 -2.701375
vertex 13.577915 19.034483 -3.183359
vertex 12.660620 19.034483 -2.988263
endloop
endfacet
facet normal -0.321793 0.619318 -0.716167
outer loop
vertex 12.757966 19.862069 -2.316334
vertex 13.614895 19.862069 -2.701375
vertex 12.660620 19.034483 -2.988263
endloop
endfacet
facet normal -0.003339 0.290210 -0.956957
outer loop
vertex 14.524666 19.862069 -2.935686
vertex 14.515722 19.034483 -3.186631
vertex 13.577915 19.034483 -3.183359
endloop
endfacet
facet normal -0.216203 0.498560 -0.839461
outer loop
vertex 13.614895 19.862069 -2.701375
vertex 14.524666 19.862069 -2.935686
vertex 13.577915 19.034483 -3.183359
endloop
endfacet
facet normal 0.522325 0.156965 -0.838176
outer loop
vertex 15.359892 19.862069 -2.505589
vertex 15.311640 19.034483 -2.690640
vertex 14.515722 19.034483 -3.186631
endloop
endfacet
facet normal 0.442579 0.255828 -0.859463
outer loop
vertex 14.524666 19.862069 -2.935686
vertex 15.359892 19.862069 -2.505589
vertex 14.515722 19.034483 -3.186631
endloop
endfacet
facet normal 0.670831 0.195430 -0.715397
outer loop
vertex 16.000607 19.862069 -1.818516
vertex 15.995739 19.034483 -2.049157
vertex 15.311640 19.034483 -2.690640
endloop
endfacet
facet normal 0.726975 0.109201 -0.677925
outer loop
vertex 15.359892 19.862069 -2.505589
vertex 16.000607 19.862069 -1.818516
vertex 15.311640 19.034483 -2.690640
endloop
endfacet
facet normal 0.831811 0.220091 -0.509558
outer loop
vertex 16.429944 19.862069 -0.982899
vertex 16.485622 19.034483 -1.249465
vertex 15.995739 19.034483 -2.049157
endloop
endfacet
facet normal 0.882904 0.121231 -0.453633
outer loop
vertex 16.000607 19.862069 -1.818516
vertex 16.429944 19.862069 -0.982899
vertex 15.995739 19.034483 -2.049157
endloop
endfacet
facet normal 0.735389 0.353624 -0.578059
outer loop
vertex 16.924879 19.862069 -0.184386
vertex 17.065180 19.034483 -0.512169
vertex 16.485622 19.034483 -1.249465
endloop
endfacet
facet normal 0.828905 0.221254 -0.513773
outer loop
vertex 16.429944 19.862069 -0.982899
vertex 16.924879 19.862069 -0.184386
vertex 16.485622 19.034483 -1.249465
endloop
endfacet
facet normal -0.857222 0.113353 -0.502316
outer loop
vertex 6.797740 20.689655 -1.842270
vertex 6.671742 19.862069 -1.814005
vertex 6.196775 19.862069 -1.003455
endloop
endfacet
facet normal -0.847915 0.085422 -0.523205
outer loop
vertex 6.289808 20.689655 -1.019109
vertex 6.797740 20.689655 -1.842270
vertex 6.196775 19.862069 -1.003455
endloop
endfacet
facet normal -0.715736 0.058704 -0.695899
outer loop
vertex 7.456094 20.689655 -2.550902
vertex 7.326641 19.862069 -2.487572
vertex 6.671742 19.862069 -1.814005
endloop
endfacet
facet normal -0.729780 0.087950 -0.678002
outer loop
vertex 6.797740 20.689655 -1.842270
vertex 7.456094 20.689655 -2.550902
vertex 6.671742 19.862069 -1.814005
endloop
endfacet
facet normal -0.388156 0.484862 -0.783737
outer loop
vertex 8.422809 20.689655 -2.518474
vertex 8.168509 19.862069 -2.904518
vertex 7.326641 19.862069 -2.487572
endloop
endfacet
facet normal 0.033414 -0.081453 -0.996117
outer loop
vertex 7.456094 20.689655 -2.550902
vertex 8.422809 20.689655 -2.518474
vertex 7.326641 19.862069 -2.487572
endloop
endfacet
facet normal 0.192249 0.690054 -0.697758
outer loop
vertex 9.101272 20.689655 -1.829070
vertex 9.074220 19.862069 -2.654973
vertex 8.168509 19.862069 -2.904518
endloop
endfacet
facet normal 0.708605 0.107557 -0.697359
outer loop
vertex 8.422809 20.689655 -2.518474
vertex 9.101272 20.689655 -1.829070
vertex 8.168509 19.862069 -2.904518
endloop
endfacet
facet normal 0.237519 0.739468 -0.629898
outer loop
vertex 9.944533 20.689655 -1.355256
vertex 9.953263 19.862069 -2.323508
vertex 9.074220 19.862069 -2.654973
endloop
endfacet
facet normal 0.372498 0.649421 -0.662946
outer loop
vertex 9.101272 20.689655 -1.829070
vertex 9.944533 20.689655 -1.355256
vertex 9.074220 19.862069 -2.654973
endloop
endfacet
facet normal 0.015446 0.733551 -0.679459
outer loop
vertex 10.910337 20.689655 -1.408281
vertex 10.892480 19.862069 -2.302157
vertex 9.953263 19.862069 -2.323508
endloop
endfacet
facet normal -0.035659 0.759523 -0.649502
outer loop
vertex 9.944533 20.689655 -1.355256
vertex 10.910337 20.689655 -1.408281
vertex 9.953263 19.862069 -2.323508
endloop
endfacet
facet normal 0.069807 0.780127 -0.621715
outer loop
vertex 11.844339 20.689655 -1.156827
vertex 11.826073 19.862069 -2.197332
vertex 10.892480 19.862069 -2.302157
endloop
endfacet
facet normal 0.180422 0.719950 -0.670163
outer loop
vertex 10.910337 20.689655 -1.408281
vertex 11.844339 20.689655 -1.156827
vertex 10.892480 19.862069 -2.302157
endloop
endfacet
facet normal -0.087581 0.722466 -0.685838
outer loop
vertex 12.767436 20.689655 -1.445758
vertex 12.757966 19.862069 -2.316334
vertex 11.826073 19.862069 -2.197332
endloop
endfacet
facet normal -0.190623 0.769910 -0.609017
outer loop
vertex 11.844339 20.689655 -1.156827
vertex 12.767436 20.689655 -1.445758
vertex 11.826073 19.862069 -2.197332
endloop
endfacet
facet normal -0.348413 0.526637 -0.775411
outer loop
vertex 13.493550 20.689655 -2.084779
vertex 13.614895 19.862069 -2.701375
vertex 12.757966 19.862069 -2.316334
endloop
endfacet
facet normal -0.516575 0.623382 -0.586980
outer loop
vertex 12.767436 20.689655 -1.445758
vertex 13.493550 20.689655 -2.084779
vertex 12.757966 19.862069 -2.316334
endloop
endfacet
facet normal -0.247407 0.126500 -0.960618
outer loop
vertex 14.201795 20.689655 -2.743549
vertex 14.524666 19.862069 -2.935686
vertex 13.614895 19.862069 -2.701375
endloop
endfacet
facet normal -0.622084 0.407081 -0.668803
outer loop
vertex 13.493550 20.689655 -2.084779
vertex 14.201795 20.689655 -2.743549
vertex 13.614895 19.862069 -2.701375
endloop
endfacet
facet normal 0.455380 -0.102966 -0.884323
outer loop
vertex 15.168105 20.689655 -2.700709
vertex 15.359892 19.862069 -2.505589
vertex 14.524666 19.862069 -2.935686
endloop
endfacet
facet normal 0.042976 0.241820 -0.969369
outer loop
vertex 14.201795 20.689655 -2.743549
vertex 15.168105 20.689655 -2.700709
vertex 14.524666 19.862069 -2.935686
endloop
endfacet
facet normal 0.730877 -0.035895 -0.681564
outer loop
vertex 15.854296 20.689655 -2.018998
vertex 16.000607 19.862069 -1.818516
vertex 15.359892 19.862069 -2.505589
endloop
endfacet
facet normal 0.704781 -0.003931 -0.709414
outer loop
vertex 15.168105 20.689655 -2.700709
vertex 15.854296 20.689655 -2.018998
vertex 15.359892 19.862069 -2.505589
endloop
endfacet
facet normal 0.889282 -0.020274 -0.456910
outer loop
vertex 16.344800 20.689655 -1.185334
vertex 16.429944 19.862069 -0.982899
vertex 16.000607 19.862069 -1.818516
endloop
endfacet
facet normal 0.861507 0.029515 -0.506886
outer loop
vertex 15.854296 20.689655 -2.018998
vertex 16.344800 20.689655 -1.185334
vertex 16.000607 19.862069 -1.818516
endloop
endfacet
facet normal -0.849845 0.052648 -0.524397
outer loop
vertex 7.020607 21.517241 -2.120364
vertex 6.797740 20.689655 -1.842270
vertex 6.289808 20.689655 -1.019109
endloop
endfacet
facet normal -0.790227 -0.105482 -0.603667
outer loop
vertex 6.411894 21.517241 -1.323532
vertex 7.020607 21.517241 -2.120364
vertex 6.289808 20.689655 -1.019109
endloop
endfacet
facet normal -0.665671 0.417627 -0.618442
outer loop
vertex 7.942270 21.517241 -2.515346
vertex 7.456094 20.689655 -2.550902
vertex 6.797740 20.689655 -1.842270
endloop
endfacet
facet normal -0.386048 -0.198740 -0.900816
outer loop
vertex 7.020607 21.517241 -2.120364
vertex 7.942270 21.517241 -2.515346
vertex 6.797740 20.689655 -1.842270
endloop
endfacet
facet normal 0.026990 0.593196 -0.804605
outer loop
vertex 8.732393 21.517241 -1.897950
vertex 8.422809 20.689655 -2.518474
vertex 7.456094 20.689655 -2.550902
endloop
endfacet
facet normal 0.585072 -0.311539 -0.748756
outer loop
vertex 7.942270 21.517241 -2.515346
vertex 8.732393 21.517241 -1.897950
vertex 7.456094 20.689655 -2.550902
endloop
endfacet
facet normal 0.639655 0.441096 -0.629504
outer loop
vertex 9.285748 21.517241 -1.061725
vertex 9.101272 20.689655 -1.829070
vertex 8.422809 20.689655 -2.518474
endloop
endfacet
facet normal 0.829657 0.101288 -0.549008
outer loop
vertex 8.732393 21.517241 -1.897950
vertex 9.285748 21.517241 -1.061725
vertex 8.422809 20.689655 -2.518474
endloop
endfacet
facet normal 0.320960 0.755441 -0.571221
outer loop
vertex 9.912330 21.517241 -0.278867
vertex 9.944533 20.689655 -1.355256
vertex 9.101272 20.689655 -1.829070
endloop
endfacet
facet normal 0.723541 0.375668 -0.579105
outer loop
vertex 9.285748 21.517241 -1.061725
vertex 9.912330 21.517241 -0.278867
vertex 9.101272 20.689655 -1.829070
endloop
endfacet
facet normal -0.029423 0.843756 -0.535920
outer loop
vertex 10.899829 21.517241 -0.104748
vertex 10.910337 20.689655 -1.408281
vertex 9.944533 20.689655 -1.355256
endloop
endfacet
facet normal 0.106508 0.789796 -0.604051
outer loop
vertex 9.912330 21.517241 -0.278867
vertex 10.899829 21.517241 -0.104748
vertex 9.944533 20.689655 -1.355256
endloop
endfacet
facet normal 0.163427 0.777687 -0.607037
outer loop
vertex 11.902281 21.517241 -0.080991
vertex 11.844339 20.689655 -1.156827
vertex 10.910337 20.689655 -1.408281
endloop
endfacet
facet normal 0.012700 0.844207 -0.535867
outer loop
vertex 10.899829 21.517241 -0.104748
vertex 11.902281 21.517241 -0.080991
vertex 10.910337 20.689655 -1.408281
endloop
endfacet
facet normal -0.218258 0.682737 -0.697305
outer loop
vertex 12.742827 21.517241 -0.627759
vertex 12.767436 20.689655 -1.445758
vertex 11.844339 20.689655 -1.156827
endloop
endfacet
facet normal -0.361745 0.748253 -0.556110
outer loop
vertex 11.902281 21.517241 -0.080991
vertex 12.742827 21.517241 -0.627759
vertex 11.844339 20.689655 -1.156827
endloop
endfacet
facet normal -0.621280 0.340057 -0.705956
outer loop
vertex 13.264197 21.517241 -1.484290
vertex 13.493550 20.689655 -2.084779
vertex 12.767436 20.689655 -1.445758
endloop
endfacet
facet normal -0.767507 0.438947 -0.467181
outer loop
vertex 12.742827 21.517241 -0.627759
vertex 13.264197 21.517241 -1.484290
vertex 12.767436 20.689655 -1.445758
endloop
endfacet
facet normal -0.674288 0.140769 -0.724927
outer loop
vertex 13.875378 21.517241 -2.279231
vertex 14.201795 20.689655 -2.743549
vertex 13.493550 20.689655 -2.084779
endloop
endfacet
facet normal -0.773842 0.217238 -0.594959
outer loop
vertex 13.264197 21.517241 -1.484290
vertex 13.875378 21.517241 -2.279231
vertex 13.493550 20.689655 -2.084779
endloop
endfacet
facet normal 0.044057 -0.102479 -0.993759
outer loop
vertex 14.728893 21.517241 -2.805524
vertex 15.168105 20.689655 -2.700709
vertex 14.201795 20.689655 -2.743549
endloop
endfacet
facet normal -0.506645 0.261157 -0.821650
outer loop
vertex 13.875378 21.517241 -2.279231
vertex 14.728893 21.517241 -2.805524
vertex 14.201795 20.689655 -2.743549
endloop
endfacet
facet normal 0.696869 -0.149473 -0.701450
outer loop
vertex 15.646678 21.517241 -2.401613
vertex 15.854296 20.689655 -2.018998
vertex 15.168105 20.689655 -2.700709
endloop
endfacet
facet normal 0.400896 0.097390 -0.910932
outer loop
vertex 14.728893 21.517241 -2.805524
vertex 15.646678 21.517241 -2.401613
vertex 15.168105 20.689655 -2.700709
endloop
endfacet
facet normal 0.848884 -0.173019 -0.499459
outer loop
vertex 16.263160 21.517241 -1.610776
vertex 16.344800 20.689655 -1.185334
vertex 15.854296 20.689655 -2.018998
endloop
endfacet
facet normal 0.785755 -0.086060 -0.612521
outer loop
vertex 15.646678 21.517241 -2.401613
vertex 16.263160 21.517241 -1.610776
vertex 15.854296 20.689655 -2.018998
endloop
endfacet
facet normal -0.794629 0.008926 -0.607030
outer loop
vertex 7.044827 22.344828 -2.139900
vertex 7.020607 21.517241 -2.120364
vertex 6.411894 21.517241 -1.323532
endloop
endfacet
facet normal -0.778193 -0.023906 -0.627570
outer loop
vertex 6.415316 22.344828 -1.359301
vertex 7.044827 22.344828 -2.139900
vertex 6.411894 21.517241 -1.323532
endloop
endfacet
facet normal -0.393160 0.061497 -0.917411
outer loop
vertex 7.988338 22.344828 -2.479613
vertex 7.942270 21.517241 -2.515346
vertex 7.020607 21.517241 -2.120364
endloop
endfacet
facet normal -0.338738 -0.012294 -0.940801
outer loop
vertex 7.044827 22.344828 -2.139900
vertex 7.988338 22.344828 -2.479613
vertex 7.020607 21.517241 -2.120364
endloop
endfacet
facet normal 0.615188 0.041288 -0.787298
outer loop
vertex 8.756868 22.344828 -1.835425
vertex 8.732393 21.517241 -1.897950
vertex 7.942270 21.517241 -2.515346
endloop
endfacet
facet normal 0.642384 -0.002669 -0.766378
outer loop
vertex 7.988338 22.344828 -2.479613
vertex 8.756868 22.344828 -1.835425
vertex 7.942270 21.517241 -2.515346
endloop
endfacet
facet normal 0.833817 0.017584 -0.551761
outer loop
vertex 9.309878 22.344828 -0.998885
vertex 9.285748 21.517241 -1.061725
vertex 8.732393 21.517241 -1.897950
endloop
endfacet
facet normal 0.834079 0.016991 -0.551383
outer loop
vertex 8.756868 22.344828 -1.835425
vertex 9.309878 22.344828 -0.998885
vertex 8.732393 21.517241 -1.897950
endloop
endfacet
facet normal 0.780375 0.029949 -0.624594
outer loop
vertex 9.933089 22.344828 -0.213248
vertex 9.912330 21.517241 -0.278867
vertex 9.285748 21.517241 -1.061725
endloop
endfacet
facet normal 0.783208 0.024339 -0.621283
outer loop
vertex 9.309878 22.344828 -0.998885
vertex 9.933089 22.344828 -0.213248
vertex 9.285748 21.517241 -1.061725
endloop
endfacet
facet normal -0.545036 -0.029757 -0.837884
outer loop
vertex 12.738293 22.344828 -0.654200
vertex 12.742827 21.517241 -0.627759
vertex 11.902281 21.517241 -0.080991
endloop
endfacet
facet normal -0.573653 0.012226 -0.819007
outer loop
vertex 11.916927 22.344828 -0.078895
vertex 12.738293 22.344828 -0.654200
vertex 11.902281 21.517241 -0.080991
endloop
endfacet
facet normal -0.853064 -0.051479 -0.519260
outer loop
vertex 13.238151 22.344828 -1.523545
vertex 13.264197 21.517241 -1.484290
vertex 12.742827 21.517241 -0.627759
endloop
endfacet
facet normal -0.866728 -0.020671 -0.498353
outer loop
vertex 12.738293 22.344828 -0.654200
vertex 13.238151 22.344828 -1.523545
vertex 12.742827 21.517241 -0.627759
endloop
endfacet
facet normal -0.792064 -0.042323 -0.608969
outer loop
vertex 13.856894 22.344828 -2.312706
vertex 13.875378 21.517241 -2.279231
vertex 13.264197 21.517241 -1.484290
endloop
endfacet
facet normal -0.785807 -0.053956 -0.616114
outer loop
vertex 13.238151 22.344828 -1.523545
vertex 13.856894 22.344828 -2.312706
vertex 13.264197 21.517241 -1.484290
endloop
endfacet
facet normal -0.524858 -0.002373 -0.851187
outer loop
vertex 14.728930 22.344828 -2.807854
vertex 14.728893 21.517241 -2.805524
vertex 13.875378 21.517241 -2.279231
endloop
endfacet
facet normal -0.493237 -0.046153 -0.868670
outer loop
vertex 13.856894 22.344828 -2.312706
vertex 14.728930 22.344828 -2.807854
vertex 13.875378 21.517241 -2.279231
endloop
endfacet
facet normal 0.402650 -0.028263 -0.914918
outer loop
vertex 15.655135 22.344828 -2.423456
vertex 15.646678 21.517241 -2.401613
vertex 14.728893 21.517241 -2.805524
endloop
endfacet
facet normal 0.383322 -0.002617 -0.923611
outer loop
vertex 14.728930 22.344828 -2.807854
vertex 15.655135 22.344828 -2.423456
vertex 14.728893 21.517241 -2.805524
endloop
endfacet
facet normal 0.788329 -0.029873 -0.614528
outer loop
vertex 16.275310 22.344828 -1.635420
vertex 16.263160 21.517241 -1.610776
vertex 15.646678 21.517241 -2.401613
endloop
endfacet
facet normal 0.785598 -0.024346 -0.618257
outer loop
vertex 15.655135 22.344828 -2.423456
vertex 16.275310 22.344828 -1.635420
vertex 15.646678 21.517241 -2.401613
endloop
endfacet
facet normal -0.801465 -0.355490 -0.480916
outer loop
vertex 6.123096 23.172414 -1.484051
vertex 6.415316 22.344828 -1.359301
vertex 5.899348 22.344828 -0.499420
endloop
endfacet
facet normal -0.641828 -0.508941 -0.573617
outer loop
vertex 5.477959 23.172414 -0.762197
vertex 6.123096 23.172414 -1.484051
vertex 5.899348 22.344828 -0.499420
endloop
endfacet
facet normal -0.776981 0.060675 -0.626593
outer loop
vertex 6.965420 23.172414 -1.961298
vertex 7.044827 22.344828 -2.139900
vertex 6.415316 22.344828 -1.359301
endloop
endfacet
facet normal -0.471486 -0.291920 -0.832156
outer loop
vertex 6.123096 23.172414 -1.484051
vertex 6.965420 23.172414 -1.961298
vertex 6.415316 22.344828 -1.359301
endloop
endfacet
facet normal -0.311354 0.394046 -0.864746
outer loop
vertex 7.926228 23.172414 -2.080137
vertex 7.988338 22.344828 -2.479613
vertex 7.044827 22.344828 -2.139900
endloop
endfacet
facet normal -0.120312 0.198378 -0.972713
outer loop
vertex 6.965420 23.172414 -1.961298
vertex 7.926228 23.172414 -2.080137
vertex 7.044827 22.344828 -2.139900
endloop
endfacet
facet normal 0.628032 0.210223 -0.749255
outer loop
vertex 8.764897 23.172414 -1.596494
vertex 8.756868 22.344828 -1.835425
vertex 7.988338 22.344828 -2.479613
endloop
endfacet
facet normal 0.454598 0.414631 -0.788303
outer loop
vertex 7.926228 23.172414 -2.080137
vertex 8.764897 23.172414 -1.596494
vertex 7.988338 22.344828 -2.479613
endloop
endfacet
facet normal 0.832668 0.060569 -0.550450
outer loop
vertex 9.359623 23.172414 -0.832573
vertex 9.309878 22.344828 -0.998885
vertex 8.756868 22.344828 -1.835425
endloop
endfacet
facet normal 0.777947 0.167308 -0.605646
outer loop
vertex 8.764897 23.172414 -1.596494
vertex 9.359623 23.172414 -0.832573
vertex 8.756868 22.344828 -1.835425
endloop
endfacet
facet normal 0.783015 0.032930 -0.621130
outer loop
vertex 9.989921 23.172414 -0.097727
vertex 9.933089 22.344828 -0.213248
vertex 9.309878 22.344828 -0.998885
endloop
endfacet
facet normal 0.756296 0.084903 -0.648697
outer loop
vertex 9.359623 23.172414 -0.832573
vertex 9.989921 23.172414 -0.097727
vertex 9.309878 22.344828 -0.998885
endloop
endfacet
facet normal -0.573068 -0.046764 -0.818172
outer loop
vertex 12.686914 23.172414 -0.665515
vertex 12.738293 22.344828 -0.654200
vertex 11.916927 22.344828 -0.078895
endloop
endfacet
facet normal -0.605676 -0.000504 -0.795711
outer loop
vertex 11.916562 23.172414 -0.079142
vertex 12.686914 23.172414 -0.665515
vertex 11.916927 22.344828 -0.078895
endloop
endfacet
facet normal -0.866591 -0.027253 -0.498274
outer loop
vertex 13.193234 23.172414 -1.490691
vertex 13.238151 22.344828 -1.523545
vertex 12.738293 22.344828 -0.654200
endloop
endfacet
facet normal -0.850807 -0.059958 -0.522047
outer loop
vertex 12.686914 23.172414 -0.665515
vertex 13.193234 23.172414 -1.490691
vertex 12.738293 22.344828 -0.654200
endloop
endfacet
facet normal -0.772021 0.193879 -0.605305
outer loop
vertex 13.920900 23.172414 -2.129265
vertex 13.856894 22.344828 -2.312706
vertex 13.238151 22.344828 -1.523545
endloop
endfacet
facet normal -0.659584 -0.005960 -0.751607
outer loop
vertex 13.193234 23.172414 -1.490691
vertex 13.920900 23.172414 -2.129265
vertex 13.238151 22.344828 -1.523545
endloop
endfacet
facet normal -0.433047 0.480428 -0.762666
outer loop
vertex 14.860787 23.172414 -2.361401
vertex 14.728930 22.344828 -2.807854
vertex 13.856894 22.344828 -2.312706
endloop
endfacet
facet normal -0.233484 0.227601 -0.945348
outer loop
vertex 13.920900 23.172414 -2.129265
vertex 14.860787 23.172414 -2.361401
vertex 13.856894 22.344828 -2.312706
endloop
endfacet
facet normal 0.371319 0.248299 -0.894690
outer loop
vertex 15.801588 23.172414 -2.132998
vertex 15.655135 22.344828 -2.423456
vertex 14.728930 22.344828 -2.807854
endloop
endfacet
facet normal 0.212136 0.437583 -0.873796
outer loop
vertex 14.860787 23.172414 -2.361401
vertex 15.801588 23.172414 -2.132998
vertex 14.728930 22.344828 -2.807854
endloop
endfacet
facet normal 0.781712 0.102261 -0.615199
outer loop
vertex 16.384049 23.172414 -1.359684
vertex 16.275310 22.344828 -1.635420
vertex 15.655135 22.344828 -2.423456
endloop
endfacet
facet normal 0.796832 0.069632 -0.600175
outer loop
vertex 15.801588 23.172414 -2.132998
vertex 16.384049 23.172414 -1.359684
vertex 15.655135 22.344828 -2.423456
endloop
endfacet
facet normal -0.640026 0.513006 -0.572006
outer loop
vertex 6.040971 24.000000 -0.649934
vertex 6.123096 23.172414 -1.484051
vertex 5.477959 23.172414 -0.762197
endloop
endfacet
facet normal -0.458562 0.418319 -0.784047
outer loop
vertex 5.278364 24.000000 -0.203912
vertex 6.040971 24.000000 -0.649934
vertex 5.477959 23.172414 -0.762197
endloop
endfacet
facet normal -0.320939 0.759038 -0.566445
outer loop
vertex 6.907954 24.000000 -0.819771
vertex 6.965420 23.172414 -1.961298
vertex 6.123096 23.172414 -1.484051
endloop
endfacet
facet normal -0.137987 0.696263 -0.704398
outer loop
vertex 6.040971 24.000000 -0.649934
vertex 6.907954 24.000000 -0.819771
vertex 6.123096 23.172414 -1.484051
endloop
endfacet
facet normal -0.067567 0.834878 -0.546272
outer loop
vertex 7.791162 24.000000 -0.798616
vertex 7.926228 23.172414 -2.080137
vertex 6.965420 23.172414 -1.961298
endloop
endfacet
facet normal 0.014046 0.809874 -0.586436
outer loop
vertex 6.907954 24.000000 -0.819771
vertex 7.791162 24.000000 -0.798616
vertex 6.965420 23.172414 -1.961298
endloop
endfacet
facet normal 0.426670 0.520134 -0.739874
outer loop
vertex 8.622847 24.000000 -1.096615
vertex 8.764897 23.172414 -1.596494
vertex 7.926228 23.172414 -2.080137
endloop
endfacet
facet normal -0.195806 0.814263 -0.546476
outer loop
vertex 7.791162 24.000000 -0.798616
vertex 8.622847 24.000000 -1.096615
vertex 7.926228 23.172414 -2.080137
endloop
endfacet
facet normal 0.788825 -0.024903 -0.614114
outer loop
vertex 9.440559 24.000000 -0.762171
vertex 9.359623 23.172414 -0.832573
vertex 8.764897 23.172414 -1.596494
endloop
endfacet
facet normal 0.321156 0.529416 -0.785224
outer loop
vertex 8.622847 24.000000 -1.096615
vertex 9.440559 24.000000 -0.762171
vertex 8.764897 23.172414 -1.596494
endloop
endfacet
facet normal 0.757722 -0.058825 -0.649920
outer loop
vertex 10.040505 24.000000 -0.113659
vertex 9.989921 23.172414 -0.097727
vertex 9.359623 23.172414 -0.832573
endloop
endfacet
facet normal 0.733987 -0.014019 -0.679019
outer loop
vertex 9.440559 24.000000 -0.762171
vertex 10.040505 24.000000 -0.113659
vertex 9.359623 23.172414 -0.832573
endloop
endfacet
facet normal -0.584205 0.263899 -0.767503
outer loop
vertex 12.624948 24.000000 -0.333791
vertex 12.686914 23.172414 -0.665515
vertex 11.916562 23.172414 -0.079142
endloop
endfacet
facet normal -0.712245 0.549285 -0.437027
outer loop
vertex 13.391307 24.000000 -0.773335
vertex 13.193234 23.172414 -1.490691
vertex 12.686914 23.172414 -0.665515
endloop
endfacet
facet normal -0.475154 0.296492 -0.828445
outer loop
vertex 12.624948 24.000000 -0.333791
vertex 13.391307 24.000000 -0.773335
vertex 12.686914 23.172414 -0.665515
endloop
endfacet
facet normal -0.420564 0.770360 -0.479240
outer loop
vertex 14.224960 24.000000 -1.065784
vertex 13.920900 23.172414 -2.129265
vertex 13.193234 23.172414 -1.490691
endloop
endfacet
facet normal -0.246398 0.667797 -0.702378
outer loop
vertex 13.391307 24.000000 -0.773335
vertex 14.224960 24.000000 -1.065784
vertex 13.193234 23.172414 -1.490691
endloop
endfacet
facet normal -0.141772 0.806478 -0.574016
outer loop
vertex 15.087970 24.000000 -1.254772
vertex 14.860787 23.172414 -2.361401
vertex 13.920900 23.172414 -2.129265
endloop
endfacet
facet normal -0.128316 0.800120 -0.585955
outer loop
vertex 14.224960 24.000000 -1.065784
vertex 15.087970 24.000000 -1.254772
vertex 13.920900 23.172414 -2.129265
endloop
endfacet
facet normal 0.171780 0.685448 -0.707568
outer loop
vertex 15.970720 24.000000 -1.290224
vertex 15.801588 23.172414 -2.132998
vertex 14.860787 23.172414 -2.361401
endloop
endfacet
facet normal -0.023918 0.802947 -0.595570
outer loop
vertex 15.087970 24.000000 -1.254772
vertex 15.970720 24.000000 -1.290224
vertex 14.860787 23.172414 -2.361401
endloop
endfacet
facet normal 0.764292 0.290633 -0.575665
outer loop
vertex 16.593577 24.000000 -0.663682
vertex 16.384049 23.172414 -1.359684
vertex 15.801588 23.172414 -2.132998
endloop
endfacet
facet normal 0.615326 0.497180 -0.611707
outer loop
vertex 15.970720 24.000000 -1.290224
vertex 16.593577 24.000000 -0.663682
vertex 15.801588 23.172414 -2.132998
endloop
endfacet
facet normal 0.000000 -1.000000 -0.000000
outer loop
vertex 0.884552 0.000000 0.091869
vertex 0.000000 0.000000 0.000000
vertex 0.884552 0.000000 -0.091869
endloop
endfacet
facet normal -1.000000 0.000000 0.000000
outer loop
vertex 0.000000 0.000000 0.000000
vertex 0.000000 0.827586 0.000060
vertex 0.000000 0.827586 -0.000060
endloop
endfacet
facet normal 0.000000 -1.000000 0.000000
outer loop
vertex 1.475489 0.000000 0.756449
vertex 0.884552 0.000000 0.091869
vertex 0.884552 0.000000 -0.091869
endloop
endfacet
facet normal 0.000000 -1.000000 -0.000000
outer loop
vertex 1.475489 0.000000 0.756449
vertex 0.884552 0.000000 -0.091869
vertex 1.475489 0.000000 -0.756449
endloop
endfacet
facet normal 0.000000 -1.000000 0.000000
outer loop
vertex 2.265530 0.000000 1.164748
vertex 1.475489 0.000000 0.756449
vertex 1.475489 0.000000 -0.756449
endloop
endfacet
facet normal 0.000000 -1.000000 -0.000000
outer loop
vertex 2.265530 0.000000 1.164748
vertex 1.475489 0.000000 -0.756449
vertex 2.265530 0.000000 -1.164748
endloop
endfacet
facet normal 0.000000 -1.000000 0.000000
outer loop
vertex 3.140053 0.000000 1.326244
vertex 2.265530 0.000000 1.164748
vertex 2.265530 0.000000 -1.164748
endloop
endfacet
facet normal 0.000000 -1.000000 -0.000000
outer loop
vertex 3.140053 0.000000 1.326244
vertex 2.265530 0.000000 -1.164748
vertex 3.140053 0.000000 -1.326244
endloop
endfacet
facet normal 0.000000 -1.000000 0.000000
outer loop
vertex 4.027130 0.000000 1.389225
vertex 3.140053 0.000000 1.326244
vertex 3.140053 0.000000 -1.326244
endloop
endfacet
facet normal 0.000000 -1.000000 -0.000000
outer loop
vertex 4.027130 0.000000 1.389225
vertex 3.140053 0.000000 -1.326244
vertex 4.027130 0.000000 -1.389225
endloop
endfacet
facet normal -0.000000 -1.000000 0.000000
outer loop
vertex 4.916373 0.000000 1.378232
vertex 4.027130 0.000000 1.389225
vertex 4.027130 0.000000 -1.389225
endloop
endfacet
facet normal 0.000000 -1.000000 -0.000000
outer loop
vertex 4.916373 0.000000 1.378232
vertex 4.027130 0.000000 -1.389225
vertex 4.916373 0.000000 -1.378232
endloop
endfacet
facet normal 0.000000 -1.000000 0.000000
outer loop
vertex 5.805438 0.000000 1.399118
vertex 4.916373 0.000000 1.378232
vertex 4.916373 0.000000 -1.378232
endloop
endfacet
facet normal 0.000000 -1.000000 -0.000000
outer loop
vertex 5.805438 0.000000 1.399118
vertex 4.916373 0.000000 -1.378232
vertex 5.805438 0.000000 -1.399118
endloop
endfacet
facet normal -0.000000 -1.000000 0.000000
outer loop
vertex 6.694275 0.000000 1.370128
vertex 5.805438 0.000000 1.399118
vertex 5.805438 0.000000 -1.399118
endloop
endfacet
facet normal 0.000000 -1.000000 -0.000000
outer loop
vertex 6.694275 0.000000 1.370128
vertex 5.805438 0.000000 -1.399118
vertex 6.694275 0.000000 -1.370128
endloop
endfacet
facet normal -0.000000 -1.000000 0.000000
outer loop
vertex 7.581253 0.000000 1.305765
vertex 6.694275 0.000000 1.370128
vertex 6.694275 0.000000 -1.370128
endloop
endfacet
facet normal 0.000000 -1.000000 -0.000000
outer loop
vertex 7.581253 0.000000 1.305765
vertex 6.694275 0.000000 -1.370128
vertex 7.581253 0.000000 -1.305765
endloop
endfacet
facet normal -0.000000 -1.000000 0.000000
outer loop
vertex 8.407347 0.000000 0.976460
vertex 7.581253 0.000000 1.305765
vertex 7.581253 0.000000 -1.305765
endloop
endfacet
facet normal 0.000000 -1.000000 -0.000000
outer loop
vertex 8.407347 0.000000 0.976460
vertex 7.581253 0.000000 -1.305765
vertex 8.407347 0.000000 -0.976460
endloop
endfacet
facet normal -0.000000 -1.000000 0.000000
outer loop
vertex 9.264442 0.000000 0.739268
vertex 8.407347 0.000000 0.976460
vertex 8.407347 0.000000 -0.976460
endloop
endfacet
facet normal 0.000000 -1.000000 -0.000000
outer loop
vertex 9.264442 0.000000 0.739268
vertex 8.407347 0.000000 -0.976460
vertex 9.264442 0.000000 -0.739268
endloop
endfacet
facet normal -0.000000 -1.000000 0.000000
outer loop
vertex 10.151254 0.000000 0.672656
vertex 9.264442 0.000000 0.739268
vertex 9.264442 0.000000 -0.739268
endloop
endfacet
facet normal 0.000000 -1.000000 -0.000000
outer loop
vertex 10.151254 0.000000 0.672656
vertex 9.264442 0.000000 -0.739268
vertex 10.151254 0.000000 -0.672656
endloop
endfacet
facet normal 0.000000 -1.000000 0.000000
outer loop
vertex 10.895028 0.000000 1.160172
vertex 10.151254 0.000000 0.672656
vertex 10.151254 0.000000 -0.672656
endloop
endfacet
facet normal 0.000000 -1.000000 -0.000000
outer loop
vertex 10.895028 0.000000 1.160172
vertex 10.151254 0.000000 -0.672656
vertex 10.895028 0.000000 -1.160172
endloop
endfacet
facet normal 0.000000 -1.000000 0.000000
outer loop
vertex 11.781066 0.000000 1.236393
vertex 10.895028 0.000000 1.160172
vertex 10.895028 0.000000 -1.160172
endloop
endfacet
facet normal 0.000000 -1.000000 -0.000000
outer loop
vertex 11.781066 0.000000 1.236393
vertex 10.895028 0.000000 -1.160172
vertex 11.781066 0.000000 -1.236393
endloop
endfacet
facet normal 0.000000 -1.000000 0.000000
outer loop
vertex 12.641025 0.000000 1.462985
vertex 11.781066 0.000000 1.236393
vertex 11.781066 0.000000 -1.236393
endloop
endfacet
facet normal 0.000000 -1.000000 -0.000000
outer loop
vertex 12.641025 0.000000 1.462985
vertex 11.781066 0.000000 -1.236393
vertex 12.641025 0.000000 -1.462985
endloop
endfacet
facet normal -0.000000 -1.000000 0.000000
outer loop
vertex 13.450708 0.000000 1.095174
vertex 12.641025 0.000000 1.462985
vertex 12.641025 0.000000 -1.462985
endloop
endfacet
facet normal 0.000000 -1.000000 -0.000000
outer loop
vertex 13.450708 0.000000 1.095174
vertex 12.641025 0.000000 -1.462985
vertex 13.450708 0.000000 -1.095174
endloop
endfacet
facet normal -0.000000 -1.000000 0.000000
outer loop
vertex 14.306753 0.000000 0.854216
vertex 13.450708 0.000000 1.095174
vertex 13.450708 0.000000 -1.095174
endloop
endfacet
facet normal 0.000000 -1.000000 -0.000000
outer loop
vertex 14.306753 0.000000 0.854216
vertex 13.450708 0.000000 -1.095174
vertex 14.306753 0.000000 -0.854216
endloop
endfacet
facet normal 0.000000 -1.000000 0.000000
outer loop
vertex 15.116292 0.000000 1.222345
vertex 14.306753 0.000000 0.854216
vertex 14.306753 0.000000 -0.854216
endloop
endfacet
facet normal 0.000000 -1.000000 -0.000000
outer loop
vertex 15.116292 0.000000 1.222345
vertex 14.306753 0.000000 -0.854216
vertex 15.116292 0.000000 -1.222345
endloop
endfacet
facet normal 0.000000 -1.000000 0.000000
outer loop
vertex 15.948667 0.000000 1.535434
vertex 15.116292 0.000000 1.222345
vertex 15.116292 0.000000 -1.222345
endloop
endfacet
facet normal 0.000000 -1.000000 -0.000000
outer loop
vertex 15.948667 0.000000 1.535434
vertex 15.116292 0.000000 -1.222345
vertex 15.948667 0.000000 -1.535434
endloop
endfacet
facet normal -0.000000 -1.000000 0.000000
outer loop
vertex 16.819332 0.000000 1.354286
vertex 15.948667 0.000000 1.535434
vertex 15.948667 0.000000 -1.535434
endloop
endfacet
facet normal 0.000000 -1.000000 -0.000000
outer loop
vertex 16.819332 0.000000 1.354286
vertex 15.948667 0.000000 -1.535434
vertex 16.819332 0.000000 -1.354286
endloop
endfacet
facet normal -0.000000 -1.000000 0.000000
outer loop
vertex 17.708085 0.000000 1.322809
vertex 16.819332 0.000000 1.354286
vertex 16.819332 0.000000 -1.354286
endloop
endfacet
facet normal 0.000000 -1.000000 -0.000000
outer loop
vertex 17.708085 0.000000 1.322809
vertex 16.819332 0.000000 -1.354286
vertex 17.708085 0.000000 -1.322809
endloop
endfacet
facet normal -0.000000 -1.000000 0.000000
outer loop
vertex 18.556288 0.000000 1.055554
vertex 17.708085 0.000000 1.322809
vertex 17.708085 0.000000 -1.322809
endloop
endfacet
facet normal 0.000000 -1.000000 -0.000000
outer loop
vertex 18.556288 0.000000 1.055554
vertex 17.708085 0.000000 -1.322809
vertex 18.556288 0.000000 -1.055554
endloop
endfacet
facet normal 0.000000 -1.000000 0.000000
outer loop
vertex 19.445194 0.000000 1.082362
vertex 18.556288 0.000000 1.055554
vertex 18.556288 0.000000 -1.055554
endloop
endfacet
facet normal 0.000000 -1.000000 -0.000000
outer loop
vertex 19.445194 0.000000 1.082362
vertex 18.556288 0.000000 -1.055554
vertex 19.445194 0.000000 -1.082362
endloop
endfacet
facet normal 0.000000 -1.000000 0.000000
outer loop
vertex 20.332727 0.000000 1.138546
vertex 19.445194 0.000000 1.082362
vertex 19.445194 0.000000 -1.082362
endloop
endfacet
facet normal 0.000000 -1.000000 -0.000000
outer loop
vertex 20.332727 0.000000 1.138546
vertex 19.445194 0.000000 -1.082362
vertex 20.332727 0.000000 -1.138546
endloop
endfacet
facet normal -0.000000 -1.000000 0.000000
outer loop
vertex 21.171855 0.000000 0.844036
vertex 20.332727 0.000000 1.138546
vertex 20.332727 0.000000 -1.138546
endloop
endfacet
facet normal 0.000000 -1.000000 -0.000000
outer loop
vertex 21.171855 0.000000 0.844036
vertex 20.332727 0.000000 -1.138546
vertex 21.171855 0.000000 -0.844036
endloop
endfacet
facet normal -0.000000 -1.000000 0.000000
outer loop
vertex 21.733685 0.000000 0.154673
vertex 21.171855 0.000000 0.844036
vertex 21.171855 0.000000 -0.844036
endloop
endfacet
facet normal 0.000000 -1.000000 -0.000000
outer loop
vertex 21.733685 0.000000 0.154673
vertex 21.171855 0.000000 -0.844036
vertex 21.733685 0.000000 -0.154673
endloop
endfacet
facet normal 0.700365 -0.713785 0.000000
outer loop
vertex 22.577128 0.827586 0.102482
vertex 21.733685 0.000000 0.154673
vertex 21.733685 0.000000 -0.154673
endloop
endfacet
facet normal 0.700365 -0.713785 0.000000
outer loop
vertex 22.577128 0.827586 0.102482
vertex 21.733685 0.000000 -0.154673
vertex 22.577128 0.827586 -0.102482
endloop
endfacet
facet normal -1.000000 0.000000 0.000000
outer loop
vertex 0.000000 0.827586 0.000060
vertex 0.000000 1.655172 0.103881
vertex 0.000000 1.655172 -0.103881
endloop
endfacet
facet normal -1.000000 0.000000 0.000000
outer loop
vertex 0.000000 0.827586 0.000060
vertex 0.000000 1.655172 -0.103881
vertex 0.000000 0.827586 -0.000060
endloop
endfacet
facet normal 0.669307 -0.742986 0.000000
outer loop
vertex 23.495817 1.655172 0.003748
vertex 22.577128 0.827586 0.102482
vertex 22.577128 0.827586 -0.102482
endloop
endfacet
facet normal 0.669307 -0.742986 0.000000
outer loop
vertex 23.495817 1.655172 0.003748
vertex 22.577128 0.827586 -0.102482
vertex 23.495817 1.655172 -0.003748
endloop
endfacet
facet normal -1.000000 0.000000 0.000000
outer loop
vertex 0.000000 1.655172 0.103881
vertex 0.000000 2.482759 0.572573
vertex 0.000000 2.482759 -0.572573
endloop
endfacet
facet normal -1.000000 0.000000 0.000000
outer loop
vertex 0.000000 1.655172 0.103881
vertex 0.000000 2.482759 -0.572573
vertex 0.000000 1.655172 -0.103881
endloop
endfacet
facet normal 0.999999 -0.001222 0.000000
outer loop
vertex 23.496828 2.482759 0.471223
vertex 23.495817 1.655172 0.003748
vertex 23.495817 1.655172 -0.003748
endloop
endfacet
facet normal 0.999999 -0.001222 0.000000
outer loop
vertex 23.496828 2.482759 0.471223
vertex 23.495817 1.655172 -0.003748
vertex 23.496828 2.482759 -0.471223
endloop
endfacet
facet normal -1.000000 0.000000 0.000000
outer loop
vertex 0.000000 2.482759 0.572573
vertex 0.000000 3.310345 1.136789
vertex 0.000000 3.310345 -1.136789
endloop
endfacet
facet normal -1.000000 0.000000 0.000000
outer loop
vertex 0.000000 2.482759 0.572573
vertex 0.000000 3.310345 -1.136789
vertex 0.000000 2.482759 -0.572573
endloop
endfacet
facet normal 0.999996 0.002759 0.000000
outer loop
vertex 23.494545 3.310345 1.223781
vertex 23.496828 2.482759 0.471223
vertex 23.496828 2.482759 -0.471223
endloop
endfacet
facet normal 0.999996 0.002759 0.000000
outer loop
vertex 23.494545 3.310345 1.223781
vertex 23.496828 2.482759 -0.471223
vertex 23.494545 3.310345 -1.223781
endloop
endfacet
facet normal -1.000000 0.000000 0.000000
outer loop
vertex 0.000000 3.310345 1.136789
vertex 0.000000 4.137931 1.360333
vertex 0.000000 4.137931 -1.360333
endloop
endfacet
facet normal -1.000000 0.000000 0.000000
outer loop
vertex 0.000000 3.310345 1.136789
vertex 0.000000 4.137931 -1.360333
vertex 0.000000 3.310345 -1.136789
endloop
endfacet
facet normal 0.999997 -0.002280 0.000000
outer loop
vertex 23.496432 4.137931 1.395431
vertex 23.494545 3.310345 1.223781
vertex 23.494545 3.310345 -1.223781
endloop
endfacet
facet normal 0.999997 -0.002280 0.000000
outer loop
vertex 23.496432 4.137931 1.395431
vertex 23.494545 3.310345 -1.223781
vertex 23.496432 4.137931 -1.395431
endloop
endfacet
facet normal -1.000000 0.000000 0.000000
outer loop
vertex 0.000000 4.137931 1.360333
vertex 0.000000 4.965517 1.083155
vertex 0.000000 4.965517 -1.083155
endloop
endfacet
facet normal -1.000000 0.000000 0.000000
outer loop
vertex 0.000000 4.137931 1.360333
vertex 0.000000 4.965517 -1.083155
vertex 0.000000 4.137931 -1.360333
endloop
endfacet
facet normal 0.999993 0.003801 0.000000
outer loop
vertex 23.493286 4.965517 1.392147
vertex 23.496432 4.137931 1.395431
vertex 23.496432 4.137931 -1.395431
endloop
endfacet
facet normal 0.999993 0.003801 0.000000
outer loop
vertex 23.493286 4.965517 1.392147
vertex 23.496432 4.137931 -1.395431
vertex 23.493286 4.965517 -1.392147
endloop
endfacet
facet normal -1.000000 0.000000 0.000000
outer loop
vertex 0.000000 4.965517 1.083155
vertex 0.000000 5.793103 0.373832
vertex 0.000000 5.793103 -0.373832
endloop
endfacet
facet normal -1.000000 0.000000 0.000000
outer loop
vertex 0.000000 4.965517 1.083155
vertex 0.000000 5.793103 -0.373832
vertex 0.000000 4.965517 -1.083155
endloop
endfacet
facet normal 0.999994 0.003491 0.000000
outer loop
vertex 23.490397 5.793103 0.733510
vertex 23.493286 4.965517 1.392147
vertex 23.493286 4.965517 -1.392147
endloop
endfacet
facet normal 0.999994 0.003491 0.000000
outer loop
vertex 23.490397 5.793103 0.733510
vertex 23.493286 4.965517 -1.392147
vertex 23.490397 5.793103 -0.733510
endloop
endfacet
facet normal -1.000000 0.000000 0.000000
outer loop
vertex 0.000000 5.793103 0.373832
vertex 0.000000 6.620690 0.021354
vertex 0.000000 6.620690 -0.021354
endloop
endfacet
facet normal -1.000000 0.000000 0.000000
outer loop
vertex 0.000000 5.793103 0.373832
vertex 0.000000 6.620690 -0.021354
vertex 0.000000 5.793103 -0.373832
endloop
endfacet
facet normal 0.999980 -0.006344 0.000000
outer loop
vertex 23.495648 6.620690 0.059227
vertex 23.490397 5.793103 0.733510
vertex 23.490397 5.793103 -0.733510
endloop
endfacet
facet normal 0.999980 -0.006344 0.000000
outer loop
vertex 23.495648 6.620690 0.059227
vertex 23.490397 5.793103 -0.733510
vertex 23.495648 6.620690 -0.059227
endloop
endfacet
facet normal -0.660592 0.750745 0.000000
outer loop
vertex 0.000000 6.620690 0.021354
vertex 0.940529 7.448276 0.221283
vertex 0.940529 7.448276 -0.221283
endloop
endfacet
facet normal -0.660592 0.750745 0.000000
outer loop
vertex 0.000000 6.620690 0.021354
vertex 0.940529 7.448276 -0.221283
vertex 0.000000 6.620690 -0.021354
endloop
endfacet
facet normal 0.999998 -0.001859 0.000000
outer loop
vertex 23.497186 7.448276 -0.005244
vertex 23.495648 6.620690 0.059227
vertex 23.495648 6.620690 -0.059227
endloop
endfacet
facet normal -0.999998 0.001859 0.000000
outer loop
vertex 23.497186 7.448276 -0.005244
vertex 23.495648 6.620690 -0.059227
vertex 23.497186 7.448276 0.005244
endloop
endfacet
facet normal 0.000000 -1.000000 0.000000
outer loop
vertex 22.618347 7.448276 0.396257
vertex 23.497186 7.448276 -0.005244
vertex 23.497186 7.448276 0.005244
endloop
endfacet
facet normal 0.000000 1.000000 0.000000
outer loop
vertex 22.618347 7.448276 0.396257
vertex 23.497186 7.448276 0.005244
vertex 22.618347 7.448276 -0.396257
endloop
endfacet
facet normal -0.673577 0.739117 0.000000
outer loop
vertex 0.940529 7.448276 0.221283
vertex 1.848641 8.275862 0.406857
vertex 1.848641 8.275862 -0.406857
endloop
endfacet
facet normal -0.673577 0.739117 0.000000
outer loop
vertex 0.940529 7.448276 0.221283
vertex 1.848641 8.275862 -0.406857
vertex 0.940529 7.448276 -0.221283
endloop
endfacet
facet normal 0.995842 0.091099 0.000000
outer loop
vertex 22.542640 8.275862 0.087480
vertex 22.618347 7.448276 0.396257
vertex 22.618347 7.448276 -0.396257
endloop
endfacet
facet normal 0.995842 0.091099 0.000000
outer loop
vertex 22.542640 8.275862 0.087480
vertex 22.618347 7.448276 -0.396257
vertex 22.542640 8.275862 -0.087480
endloop
endfacet
facet normal 0.000000 1.000000 0.000000
outer loop
vertex 21.714505 8.275862 0.579055
vertex 22.542640 8.275862 0.087480
vertex 22.542640 8.275862 -0.087480
endloop
endfacet
facet normal 0.000000 1.000000 0.000000
outer loop
vertex 21.714505 8.275862 0.579055
vertex 22.542640 8.275862 -0.087480
vertex 21.714505 8.275862 -0.579055
endloop
endfacet
facet normal -0.994152 0.107989 0.000000
outer loop
vertex 1.848641 8.275862 0.406857
vertex 1.938537 9.103448 0.126940
vertex 1.938537 9.103448 -0.126940
endloop
endfacet
facet normal -0.994152 0.107989 0.000000
outer loop
vertex 1.848641 8.275862 0.406857
vertex 1.938537 9.103448 -0.126940
vertex 1.848641 8.275862 -0.406857
endloop
endfacet
facet normal 0.982160 0.188045 0.000000
outer loop
vertex 21.556054 9.103448 0.014929
vertex 21.714505 8.275862 0.579055
vertex 21.714505 8.275862 -0.579055
endloop
endfacet
facet normal 0.982160 0.188045 0.000000
outer loop
vertex 21.556054 9.103448 0.014929
vertex 21.714505 8.275862 -0.579055
vertex 21.556054 9.103448 -0.014929
endloop
endfacet
facet normal 0.000000 1.000000 0.000000
outer loop
vertex 20.698658 9.103448 0.475828
vertex 21.556054 9.103448 0.014929
vertex 21.556054 9.103448 -0.014929
endloop
endfacet
facet normal 0.000000 1.000000 0.000000
outer loop
vertex 20.698658 9.103448 0.475828
vertex 21.556054 9.103448 -0.014929
vertex 20.698658 9.103448 -0.475828
endloop
endfacet
facet normal -0.663061 0.748565 0.000000
outer loop
vertex 1.938537 9.103448 0.126940
vertex 2.872843 9.931034 0.345043
vertex 2.872843 9.931034 -0.345043
endloop
endfacet
facet normal -0.663061 0.748565 0.000000
outer loop
vertex 1.938537 9.103448 0.126940
vertex 2.872843 9.931034 -0.345043
vertex 1.938537 9.103448 -0.126940
endloop
endfacet
facet normal 0.999997 -0.002584 0.000000
outer loop
vertex 20.700796 9.931034 0.454168
vertex 20.698658 9.103448 0.475828
vertex 20.698658 9.103448 -0.475828
endloop
endfacet
facet normal 0.999997 -0.002584 0.000000
outer loop
vertex 20.700796 9.931034 0.454168
vertex 20.698658 9.103448 -0.475828
vertex 20.700796 9.931034 -0.454168
endloop
endfacet
facet normal -0.676222 0.736698 0.000000
outer loop
vertex 2.872843 9.931034 0.345043
vertex 3.774442 10.758621 0.496100
vertex 3.774442 10.758621 -0.496100
endloop
endfacet
facet normal -0.676222 0.736698 0.000000
outer loop
vertex 2.872843 9.931034 0.345043
vertex 3.774442 10.758621 -0.496100
vertex 2.872843 9.931034 -0.345043
endloop
endfacet
facet normal 0.999898 -0.014272 0.000000
outer loop
vertex 20.712609 10.758621 0.433280
vertex 20.700796 9.931034 0.454168
vertex 20.700796 9.931034 -0.454168
endloop
endfacet
facet normal 0.999898 -0.014272 0.000000
outer loop
vertex 20.712609 10.758621 0.433280
vertex 20.700796 9.931034 -0.454168
vertex 20.712609 10.758621 -0.433280
endloop
endfacet
facet normal -0.682727 0.730674 0.000000
outer loop
vertex 3.774442 10.758621 0.496100
vertex 4.660148 11.586207 0.650728
vertex 4.660148 11.586207 -0.650728
endloop
endfacet
facet normal -0.682727 0.730674 0.000000
outer loop
vertex 3.774442 10.758621 0.496100
vertex 4.660148 11.586207 -0.650728
vertex 3.774442 10.758621 -0.496100
endloop
endfacet
facet normal 0.998252 0.059097 0.000000
outer loop
vertex 20.663615 11.586207 0.364789
vertex 20.712609 10.758621 0.433280
vertex 20.712609 10.758621 -0.433280
endloop
endfacet
facet normal 0.998252 0.059097 0.000000
outer loop
vertex 20.663615 11.586207 0.364789
vertex 20.712609 10.758621 -0.433280
vertex 20.663615 11.586207 -0.364789
endloop
endfacet
facet normal -0.999399 0.034667 0.000000
outer loop
vertex 4.660148 11.586207 0.650728
vertex 4.688856 12.413793 0.651514
vertex 4.688856 12.413793 -0.651514
endloop
endfacet
facet normal -0.999399 0.034667 0.000000
outer loop
vertex 4.660148 11.586207 0.650728
vertex 4.688856 12.413793 -0.651514
vertex 4.660148 11.586207 -0.650728
endloop
endfacet
facet normal 0.991804 0.127771 0.000000
outer loop
vertex 20.557000 12.413793 0.274066
vertex 20.663615 11.586207 0.364789
vertex 20.663615 11.586207 -0.364789
endloop
endfacet
facet normal 0.991804 0.127771 0.000000
outer loop
vertex 20.557000 12.413793 0.274066
vertex 20.663615 11.586207 -0.364789
vertex 20.557000 12.413793 -0.274066
endloop
endfacet
facet normal 0.000000 1.000000 0.000000
outer loop
vertex 19.877794 12.413793 0.989996
vertex 20.557000 12.413793 0.274066
vertex 20.557000 12.413793 -0.274066
endloop
endfacet
facet normal 0.000000 1.000000 0.000000
outer loop
vertex 19.877794 12.413793 0.989996
vertex 20.557000 12.413793 -0.274066
vertex 19.877794 12.413793 -0.989996
endloop
endfacet
facet normal -0.997412 -0.071896 0.000000
outer loop
vertex 4.688856 12.413793 0.651514
vertex 4.629201 13.241379 0.825525
vertex 4.629201 13.241379 -0.825525
endloop
endfacet
facet normal -0.997412 -0.071896 -0.000000
outer loop
vertex 4.688856 12.413793 0.651514
vertex 4.629201 13.241379 -0.825525
vertex 4.688856 12.413793 -0.651514
endloop
endfacet
facet normal 0.998592 -0.053048 0.000000
outer loop
vertex 19.921757 13.241379 0.728338
vertex 19.877794 12.413793 0.989996
vertex 19.877794 12.413793 -0.989996
endloop
endfacet
facet normal 0.998592 -0.053048 0.000000
outer loop
vertex 19.921757 13.241379 0.728338
vertex 19.877794 12.413793 -0.989996
vertex 19.921757 13.241379 -0.728338
endloop
endfacet
facet normal -0.972965 0.230953 0.000000
outer loop
vertex 4.629201 13.241379 0.825525
vertex 4.825646 14.068966 0.589213
vertex 4.825646 14.068966 -0.589213
endloop
endfacet
facet normal -0.972965 0.230953 0.000000
outer loop
vertex 4.629201 13.241379 0.825525
vertex 4.825646 14.068966 -0.589213
vertex 4.629201 13.241379 -0.825525
endloop
endfacet
facet normal 0.982783 0.184764 0.000000
outer loop
vertex 19.766170 14.068966 0.540191
vertex 19.921757 13.241379 0.728338
vertex 19.921757 13.241379 -0.728338
endloop
endfacet
facet normal 0.982783 0.184764 0.000000
outer loop
vertex 19.766170 14.068966 0.540191
vertex 19.921757 13.241379 -0.728338
vertex 19.766170 14.068966 -0.540191
endloop
endfacet
facet normal -0.759202 0.650855 0.000000
outer loop
vertex 4.825646 14.068966 0.589213
vertex 5.535126 14.896552 0.723977
vertex 5.535126 14.896552 -0.723977
endloop
endfacet
facet normal -0.759202 0.650855 0.000000
outer loop
vertex 4.825646 14.068966 0.589213
vertex 5.535126 14.896552 -0.723977
vertex 4.825646 14.068966 -0.589213
endloop
endfacet
facet normal 0.995095 0.098926 0.000000
outer loop
vertex 19.683897 14.896552 0.308720
vertex 19.766170 14.068966 0.540191
vertex 19.766170 14.068966 -0.540191
endloop
endfacet
facet normal 0.995095 0.098926 0.000000
outer loop
vertex 19.683897 14.896552 0.308720
vertex 19.766170 14.068966 -0.540191
vertex 19.683897 14.896552 -0.308720
endloop
endfacet
facet normal -0.762663 0.646796 0.000000
outer loop
vertex 5.535126 14.896552 0.723977
vertex 6.236982 15.724138 1.146740
vertex 6.236982 15.724138 -1.146740
endloop
endfacet
facet normal -0.762663 0.646796 0.000000
outer loop
vertex 5.535126 14.896552 0.723977
vertex 6.236982 15.724138 -1.146740
vertex 5.535126 14.896552 -0.723977
endloop
endfacet
facet normal 0.999470 0.032563 0.000000
outer loop
vertex 19.656934 15.724138 0.028763
vertex 19.683897 14.896552 0.308720
vertex 19.683897 14.896552 -0.308720
endloop
endfacet
facet normal 0.999470 0.032563 0.000000
outer loop
vertex 19.656934 15.724138 0.028763
vertex 19.683897 14.896552 -0.308720
vertex 19.656934 15.724138 -0.028763
endloop
endfacet
facet normal 0.000000 1.000000 0.000000
outer loop
vertex 18.934945 15.724138 0.657279
vertex 19.656934 15.724138 0.028763
vertex 19.656934 15.724138 -0.028763
endloop
endfacet
facet normal 0.000000 1.000000 0.000000
outer loop
vertex 18.934945 15.724138 0.657279
vertex 19.656934 15.724138 -0.028763
vertex 18.934945 15.724138 -0.657279
endloop
endfacet
facet normal -0.999743 0.022654 0.000000
outer loop
vertex 6.236982 15.724138 1.146740
vertex 6.255735 16.551724 0.990628
vertex 6.255735 16.551724 -0.990628
endloop
endfacet
facet normal -0.999743 0.022654 0.000000
outer loop
vertex 6.236982 15.724138 1.146740
vertex 6.255735 16.551724 -0.990628
vertex 6.236982 15.724138 -1.146740
endloop
endfacet
facet normal 0.984386 0.176025 0.000000
outer loop
vertex 18.786958 16.551724 0.373525
vertex 18.934945 15.724138 0.657279
vertex 18.934945 15.724138 -0.657279
endloop
endfacet
facet normal 0.984386 0.176025 0.000000
outer loop
vertex 18.786958 16.551724 0.373525
vertex 18.934945 15.724138 -0.657279
vertex 18.786958 16.551724 -0.373525
endloop
endfacet
facet normal -0.999381 -0.035170 0.000000
outer loop
vertex 6.255735 16.551724 0.990628
vertex 6.226611 17.379310 1.135787
vertex 6.226611 17.379310 -1.135787
endloop
endfacet
facet normal -0.999381 -0.035170 -0.000000
outer loop
vertex 6.255735 16.551724 0.990628
vertex 6.226611 17.379310 -1.135787
vertex 6.255735 16.551724 -0.990628
endloop
endfacet
facet normal 0.995405 0.095753 0.000000
outer loop
vertex 18.707349 17.379310 0.024409
vertex 18.786958 16.551724 0.373525
vertex 18.786958 16.551724 -0.373525
endloop
endfacet
facet normal 0.995405 0.095753 0.000000
outer loop
vertex 18.707349 17.379310 0.024409
vertex 18.786958 16.551724 -0.373525
vertex 18.707349 17.379310 -0.024409
endloop
endfacet
facet normal 0.000000 1.000000 0.000000
outer loop
vertex 18.029777 17.379310 0.698187
vertex 18.707349 17.379310 0.024409
vertex 18.707349 17.379310 -0.024409
endloop
endfacet
facet normal 0.000000 1.000000 0.000000
outer loop
vertex 18.029777 17.379310 0.698187
vertex 18.707349 17.379310 -0.024409
vertex 18.029777 17.379310 -0.698187
endloop
endfacet
facet normal 0.000000 -1.000000 0.000000
outer loop
vertex 6.226611 17.379310 1.135787
vertex 5.660422 17.379310 0.366041
vertex 5.660422 17.379310 -0.366041
endloop
endfacet
facet normal 0.000000 -1.000000 -0.000000
outer loop
vertex 6.226611 17.379310 1.135787
vertex 5.660422 17.379310 -0.366041
vertex 6.226611 17.379310 -1.135787
endloop
endfacet
facet normal -0.984911 -0.173064 0.000000
outer loop
vertex 5.660422 17.379310 0.366041
vertex 5.515002 18.206897 0.532974
vertex 5.515002 18.206897 -0.532974
endloop
endfacet
facet normal -0.984911 -0.173064 -0.000000
outer loop
vertex 5.660422 17.379310 0.366041
vertex 5.515002 18.206897 -0.532974
vertex 5.660422 17.379310 -0.366041
endloop
endfacet
facet normal 0.977990 0.208650 0.000000
outer loop
vertex 17.853214 18.206897 0.287695
vertex 18.029777 17.379310 0.698187
vertex 18.029777 17.379310 -0.698187
endloop
endfacet
facet normal 0.977990 0.208650 0.000000
outer loop
vertex 17.853214 18.206897 0.287695
vertex 18.029777 17.379310 -0.698187
vertex 17.853214 18.206897 -0.287695
endloop
endfacet
facet normal 0.000000 1.000000 0.000000
outer loop
vertex 17.265359 18.206897 1.029576
vertex 17.853214 18.206897 0.287695
vertex 17.853214 18.206897 -0.287695
endloop
endfacet
facet normal 0.000000 1.000000 0.000000
outer loop
vertex 17.265359 18.206897 1.029576
vertex 17.853214 18.206897 -0.287695
vertex 17.265359 18.206897 -1.029576
endloop
endfacet
facet normal -0.998834 -0.048282 0.000000
outer loop
vertex 5.515002 18.206897 0.532974
vertex 5.474997 19.034483 0.511665
vertex 5.474997 19.034483 -0.511665
endloop
endfacet
facet normal -0.998834 -0.048282 -0.000000
outer loop
vertex 5.515002 18.206897 0.532974
vertex 5.474997 19.034483 -0.511665
vertex 5.515002 18.206897 -0.532974
endloop
endfacet
facet normal 0.971971 0.235103 0.000000
outer loop
vertex 17.065180 19.034483 0.512169
vertex 17.265359 18.206897 1.029576
vertex 17.265359 18.206897 -1.029576
endloop
endfacet
facet normal 0.971971 0.235103 0.000000
outer loop
vertex 17.065180 19.034483 0.512169
vertex 17.265359 18.206897 -1.029576
vertex 17.065180 19.034483 -0.512169
endloop
endfacet
facet normal -0.753641 0.657287 0.000000
outer loop
vertex 5.474997 19.034483 0.511665
vertex 6.196775 19.862069 1.003455
vertex 6.196775 19.862069 -1.003455
endloop
endfacet
facet normal -0.753641 0.657287 0.000000
outer loop
vertex 5.474997 19.034483 0.511665
vertex 6.196775 19.862069 -1.003455
vertex 5.474997 19.034483 -0.511665
endloop
endfacet
facet normal 0.985932 0.167146 0.000000
outer loop
vertex 16.924879 19.862069 0.184386
vertex 17.065180 19.034483 0.512169
vertex 17.065180 19.034483 -0.512169
endloop
endfacet
facet normal 0.985932 0.167146 0.000000
outer loop
vertex 16.924879 19.862069 0.184386
vertex 17.065180 19.034483 -0.512169
vertex 16.924879 19.862069 -0.184386
endloop
endfacet
facet normal 0.000000 1.000000 0.000000
outer loop
vertex 16.429944 19.862069 0.982899
vertex 16.924879 19.862069 0.184386
vertex 16.924879 19.862069 -0.184386
endloop
endfacet
facet normal 0.000000 1.000000 0.000000
outer loop
vertex 16.429944 19.862069 0.982899
vertex 16.924879 19.862069 -0.184386
vertex 16.429944 19.862069 -0.982899
endloop
endfacet
facet normal -0.993741 0.111711 0.000000
outer loop
vertex 6.196775 19.862069 1.003455
vertex 6.289808 20.689655 1.019109
vertex 6.289808 20.689655 -1.019109
endloop
endfacet
facet normal -0.993741 0.111711 0.000000
outer loop
vertex 6.196775 19.862069 1.003455
vertex 6.289808 20.689655 -1.019109
vertex 6.196775 19.862069 -1.003455
endloop
endfacet
facet normal 0.994749 0.102341 0.000000
outer loop
vertex 16.344800 20.689655 1.185334
vertex 16.429944 19.862069 0.982899
vertex 16.429944 19.862069 -0.982899
endloop
endfacet
facet normal 0.994749 0.102341 0.000000
outer loop
vertex 16.344800 20.689655 1.185334
vertex 16.429944 19.862069 -0.982899
vertex 16.344800 20.689655 -1.185334
endloop
endfacet
facet normal -0.989293 0.145941 0.000000
outer loop
vertex 6.289808 20.689655 1.019109
vertex 6.411894 21.517241 1.323532
vertex 6.411894 21.517241 -1.323532
endloop
endfacet
facet normal -0.989293 0.145941 0.000000
outer loop
vertex 6.289808 20.689655 1.019109
vertex 6.411894 21.517241 -1.323532
vertex 6.289808 20.689655 -1.019109
endloop
endfacet
facet normal 0.000000 1.000000 0.000000
outer loop
vertex 9.912330 21.517241 0.278867
vertex 10.899829 21.517241 0.104748
vertex 10.899829 21.517241 -0.104748
endloop
endfacet
facet normal 0.000000 1.000000 0.000000
outer loop
vertex 9.912330 21.517241 0.278867
vertex 10.899829 21.517241 -0.104748
vertex 9.912330 21.517241 -0.278867
endloop
endfacet
facet normal 0.000000 1.000000 0.000000
outer loop
vertex 10.899829 21.517241 0.104748
vertex 11.902281 21.517241 0.080991
vertex 11.902281 21.517241 -0.080991
endloop
endfacet
facet normal 0.000000 1.000000 0.000000
outer loop
vertex 10.899829 21.517241 0.104748
vertex 11.902281 21.517241 -0.080991
vertex 10.899829 21.517241 -0.104748
endloop
endfacet
facet normal 0.995169 0.098172 0.000000
outer loop
vertex 16.263160 21.517241 1.610776
vertex 16.344800 20.689655 1.185334
vertex 16.344800 20.689655 -1.185334
endloop
endfacet
facet normal 0.995169 0.098172 0.000000
outer loop
vertex 16.263160 21.517241 1.610776
vertex 16.344800 20.689655 -1.185334
vertex 16.263160 21.517241 -1.610776
endloop
endfacet
facet normal -0.999991 0.004135 0.000000
outer loop
vertex 6.411894 21.517241 1.323532
vertex 6.415316 22.344828 1.359301
vertex 6.415316 22.344828 -1.359301
endloop
endfacet
facet normal -0.999991 0.004135 0.000000
outer loop
vertex 6.411894 21.517241 1.323532
vertex 6.415316 22.344828 -1.359301
vertex 6.411894 21.517241 -1.323532
endloop
endfacet
facet normal 0.999686 -0.025076 0.000000
outer loop
vertex 9.933089 22.344828 0.213248
vertex 9.912330 21.517241 0.278867
vertex 9.912330 21.517241 -0.278867
endloop
endfacet
facet normal 0.999686 -0.025076 0.000000
outer loop
vertex 9.933089 22.344828 0.213248
vertex 9.912330 21.517241 -0.278867
vertex 9.933089 22.344828 -0.213248
endloop
endfacet
facet normal -0.999843 0.017695 0.000000
outer loop
vertex 11.902281 21.517241 0.080991
vertex 11.916927 22.344828 0.078895
vertex 11.916927 22.344828 -0.078895
endloop
endfacet
facet normal -0.999843 0.017695 0.000000
outer loop
vertex 11.902281 21.517241 0.080991
vertex 11.916927 22.344828 -0.078895
vertex 11.902281 21.517241 -0.080991
endloop
endfacet
facet normal 0.999892 -0.014680 0.000000
outer loop
vertex 16.275310 22.344828 1.635420
vertex 16.263160 21.517241 1.610776
vertex 16.263160 21.517241 -1.610776
endloop
endfacet
facet normal 0.999892 -0.014680 0.000000
outer loop
vertex 16.275310 22.344828 1.635420
vertex 16.263160 21.517241 -1.610776
vertex 16.275310 22.344828 -1.635420
endloop
endfacet
facet normal 0.000000 -1.000000 0.000000
outer loop
vertex 6.415316 22.344828 1.359301
vertex 5.899348 22.344828 0.499420
vertex 5.899348 22.344828 -0.499420
endloop
endfacet
facet normal 0.000000 -1.000000 -0.000000
outer loop
vertex 6.415316 22.344828 1.359301
vertex 5.899348 22.344828 -0.499420
vertex 6.415316 22.344828 -1.359301
endloop
endfacet
facet normal -0.891132 -0.453745 0.000000
outer loop
vertex 5.899348 22.344828 0.499420
vertex 5.477959 23.172414 0.762197
vertex 5.477959 23.172414 -0.762197
endloop
endfacet
facet normal -0.891132 -0.453745 -0.000000
outer loop
vertex 5.899348 22.344828 0.499420
vertex 5.477959 23.172414 -0.762197
vertex 5.899348 22.344828 -0.499420
endloop
endfacet
facet normal 0.997650 -0.068511 0.000000
outer loop
vertex 9.989921 23.172414 0.097727
vertex 9.933089 22.344828 0.213248
vertex 9.933089 22.344828 -0.213248
endloop
endfacet
facet normal 0.997650 -0.068511 0.000000
outer loop
vertex 9.989921 23.172414 0.097727
vertex 9.933089 22.344828 -0.213248
vertex 9.989921 23.172414 -0.097727
endloop
endfacet
facet normal -1.000000 -0.000440 0.000000
outer loop
vertex 11.916927 22.344828 0.078895
vertex 11.916562 23.172414 0.079142
vertex 11.916562 23.172414 -0.079142
endloop
endfacet
facet normal -1.000000 -0.000440 -0.000000
outer loop
vertex 11.916927 22.344828 0.078895
vertex 11.916562 23.172414 -0.079142
vertex 11.916927 22.344828 -0.078895
endloop
endfacet
facet normal 0.991478 -0.130273 0.000000
outer loop
vertex 16.384049 23.172414 1.359684
vertex 16.275310 22.344828 1.635420
vertex 16.275310 22.344828 -1.635420
endloop
endfacet
facet normal 0.991478 -0.130273 0.000000
outer loop
vertex 16.384049 23.172414 1.359684
vertex 16.275310 22.344828 -1.635420
vertex 16.384049 23.172414 -1.359684
endloop
endfacet
facet normal -0.000000 1.000000 0.000000
outer loop
vertex 5.278364 24.000000 0.203912
vertex 6.040971 24.000000 0.649934
vertex 6.040971 24.000000 -0.649934
endloop
endfacet
facet normal 0.000000 1.000000 0.000000
outer loop
vertex 5.278364 24.000000 0.203912
vertex 6.040971 24.000000 -0.649934
vertex 5.278364 24.000000 -0.203912
endloop
endfacet
facet normal -0.972127 -0.234455 0.000000
outer loop
vertex 5.477959 23.172414 0.762197
vertex 5.278364 24.000000 0.203912
vertex 5.278364 24.000000 -0.203912
endloop
endfacet
facet normal -0.972127 -0.234455 -0.000000
outer loop
vertex 5.477959 23.172414 0.762197
vertex 5.278364 24.000000 -0.203912
vertex 5.477959 23.172414 -0.762197
endloop
endfacet
facet normal -0.000000 1.000000 0.000000
outer loop
vertex 6.040971 24.000000 0.649934
vertex 6.907954 24.000000 0.819771
vertex 6.907954 24.000000 -0.819771
endloop
endfacet
facet normal 0.000000 1.000000 0.000000
outer loop
vertex 6.040971 24.000000 0.649934
vertex 6.907954 24.000000 -0.819771
vertex 6.040971 24.000000 -0.649934
endloop
endfacet
facet normal 0.000000 1.000000 0.000000
outer loop
vertex 6.907954 24.000000 0.819771
vertex 7.791162 24.000000 0.798616
vertex 7.791162 24.000000 -0.798616
endloop
endfacet
facet normal 0.000000 1.000000 0.000000
outer loop
vertex 6.907954 24.000000 0.819771
vertex 7.791162 24.000000 -0.798616
vertex 6.907954 24.000000 -0.819771
endloop
endfacet
facet normal -0.000000 1.000000 0.000000
outer loop
vertex 7.791162 24.000000 0.798616
vertex 8.622847 24.000000 1.096615
vertex 8.622847 24.000000 -1.096615
endloop
endfacet
facet normal 0.000000 1.000000 0.000000
outer loop
vertex 7.791162 24.000000 0.798616
vertex 8.622847 24.000000 -1.096615
vertex 7.791162 24.000000 -0.798616
endloop
endfacet
facet normal 0.000000 1.000000 0.000000
outer loop
vertex 8.622847 24.000000 1.096615
vertex 9.440559 24.000000 0.762171
vertex 9.440559 24.000000 -0.762171
endloop
endfacet
facet normal 0.000000 1.000000 0.000000
outer loop
vertex 8.622847 24.000000 1.096615
vertex 9.440559 24.000000 -0.762171
vertex 8.622847 24.000000 -1.096615
endloop
endfacet
facet normal 0.998137 -0.061008 0.000000
outer loop
vertex 10.040505 24.000000 0.113659
vertex 9.989921 23.172414 0.097727
vertex 9.989921 23.172414 -0.097727
endloop
endfacet
facet normal 0.998137 -0.061008 0.000000
outer loop
vertex 10.040505 24.000000 0.113659
vertex 9.989921 23.172414 -0.097727
vertex 10.040505 24.000000 -0.113659
endloop
endfacet
facet normal 0.000000 1.000000 0.000000
outer loop
vertex 9.440559 24.000000 0.762171
vertex 10.040505 24.000000 0.113659
vertex 10.040505 24.000000 -0.113659
endloop
endfacet
facet normal 0.000000 1.000000 0.000000
outer loop
vertex 9.440559 24.000000 0.762171
vertex 10.040505 24.000000 -0.113659
vertex 9.440559 24.000000 -0.762171
endloop
endfacet
facet normal -0.759698 0.650276 0.000000
outer loop
vertex 11.916562 23.172414 0.079142
vertex 12.624948 24.000000 0.333791
vertex 12.624948 24.000000 -0.333791
endloop
endfacet
facet normal -0.759698 0.650276 0.000000
outer loop
vertex 11.916562 23.172414 0.079142
vertex 12.624948 24.000000 -0.333791
vertex 11.916562 23.172414 -0.079142
endloop
endfacet
facet normal -0.000000 1.000000 0.000000
outer loop
vertex 12.624948 24.000000 0.333791
vertex 13.391307 24.000000 0.773335
vertex 13.391307 24.000000 -0.773335
endloop
endfacet
facet normal 0.000000 1.000000 0.000000
outer loop
vertex 12.624948 24.000000 0.333791
vertex 13.391307 24.000000 -0.773335
vertex 12.624948 24.000000 -0.333791
endloop
endfacet
facet normal -0.000000 1.000000 0.000000
outer loop
vertex 13.391307 24.000000 0.773335
vertex 14.224960 24.000000 1.065784
vertex 14.224960 24.000000 -1.065784
endloop
endfacet
facet normal 0.000000 1.000000 0.000000
outer loop
vertex 13.391307 24.000000 0.773335
vertex 14.224960 24.000000 -1.065784
vertex 13.391307 24.000000 -0.773335
endloop
endfacet
facet normal -0.000000 1.000000 0.000000
outer loop
vertex 14.224960 24.000000 1.065784
vertex 15.087970 24.000000 1.254772
vertex 15.087970 24.000000 -1.254772
endloop
endfacet
facet normal 0.000000 1.000000 0.000000
outer loop
vertex 14.224960 24.000000 1.065784
vertex 15.087970 24.000000 -1.254772
vertex 14.224960 24.000000 -1.065784
endloop
endfacet
facet normal -0.000000 1.000000 0.000000
outer loop
vertex 15.087970 24.000000 1.254772
vertex 15.970720 24.000000 1.290224
vertex 15.970720 24.000000 -1.290224
endloop
endfacet
facet normal 0.000000 1.000000 0.000000
outer loop
vertex 15.087970 24.000000 1.254772
vertex 15.970720 24.000000 -1.290224
vertex 15.087970 24.000000 -1.254772
endloop
endfacet
facet normal 0.969413 -0.245435 0.000000
outer loop
vertex 16.593577 24.000000 0.663682
vertex 16.384049 23.172414 1.359684
vertex 16.384049 23.172414 -1.359684
endloop
endfacet
facet normal 0.969413 -0.245435 0.000000
outer loop
vertex 16.593577 24.000000 0.663682
vertex 16.384049 23.172414 -1.359684
vertex 16.593577 24.000000 -0.663682
endloop
endfacet
facet normal 0.000000 1.000000 0.000000
outer loop
vertex 15.970720 24.000000 1.290224
vertex 16.593577 24.000000 0.663682
vertex 16.593577 24.000000 -0.663682
endloop
endfacet
facet normal 0.000000 1.000000 0.000000
outer loop
vertex 15.970720 24.000000 1.290224
vertex 16.593577 24.000000 -0.663682
vertex 15.970720 24.000000 -1.290224
endloop
endfacet
endsolid foldforge
