solid foldforge
facet normal -0.063419 -0.571400 0.818218
outer loop
vertex 0.000000 0.000000 2.434484
vertex 1.951060 0.000000 2.585709
vertex 1.201275 1.792791 3.779584
endloop
endfacet
facet normal -0.839510 0.177129 0.513662
outer loop
vertex 0.000000 0.000000 2.434484
vertex 1.201275 1.792791 3.779584
vertex 0.000000 1.792791 1.816264
endloop
endfacet
facet normal 0.391422 -0.806952 0.442286
outer loop
vertex 1.951060 0.000000 2.585709
vertex 3.416502 0.000000 1.288796
vertex 3.341681 1.792791 4.625961
endloop
endfacet
facet normal -0.290926 -0.611614 0.735724
outer loop
vertex 1.951060 0.000000 2.585709
vertex 3.341681 1.792791 4.625961
vertex 1.201275 1.792791 3.779584
endloop
endfacet
facet normal 0.312299 -0.796662 0.517494
outer loop
vertex 3.416502 0.000000 1.288796
vertex 5.091960 0.000000 0.277685
vertex 5.037951 1.792791 3.070212
endloop
endfacet
facet normal 0.403558 -0.802205 0.440009
outer loop
vertex 3.416502 0.000000 1.288796
vertex 5.037951 1.792791 3.070212
vertex 3.341681 1.792791 4.625961
endloop
endfacet
facet normal 0.113276 -0.559230 0.821237
outer loop
vertex 5.091960 0.000000 0.277685
vertex 7.030517 0.000000 0.010292
vertex 6.512155 1.792791 1.302611
endloop
endfacet
facet normal 0.549993 -0.697925 0.458702
outer loop
vertex 5.091960 0.000000 0.277685
vertex 6.512155 1.792791 1.302611
vertex 5.037951 1.792791 3.070212
endloop
endfacet
facet normal 0.001859 -0.050222 0.998736
outer loop
vertex 7.030517 0.000000 0.010292
vertex 8.987426 0.000000 0.006649
vertex 8.473281 1.792791 0.097757
endloop
endfacet
facet normal 0.475054 -0.420028 0.773240
outer loop
vertex 7.030517 0.000000 0.010292
vertex 8.473281 1.792791 0.097757
vertex 6.512155 1.792791 1.302611
endloop
endfacet
facet normal 0.000000 -0.032460 0.999473
outer loop
vertex 8.987426 0.000000 0.006649
vertex 10.944338 0.000000 0.006649
vertex 10.774717 1.792791 0.064874
endloop
endfacet
facet normal 0.014271 -0.046666 0.998809
outer loop
vertex 8.987426 0.000000 0.006649
vertex 10.774717 1.792791 0.064874
vertex 8.473281 1.792791 0.097757
endloop
endfacet
facet normal 0.000000 -0.032460 0.999473
outer loop
vertex 10.944338 0.000000 0.006649
vertex 12.901250 0.000000 0.006649
vertex 13.076388 1.792791 0.064874
endloop
endfacet
facet normal -0.000000 -0.032460 0.999473
outer loop
vertex 10.944338 0.000000 0.006649
vertex 13.076388 1.792791 0.064874
vertex 10.774717 1.792791 0.064874
endloop
endfacet
facet normal 0.000000 -0.039898 0.999204
outer loop
vertex 12.901250 0.000000 0.006649
vertex 14.858162 0.000000 0.006649
vertex 15.378021 1.792791 0.078234
endloop
endfacet
facet normal -0.005802 -0.031893 0.999474
outer loop
vertex 12.901250 0.000000 0.006649
vertex 15.378021 1.792791 0.078234
vertex 13.076388 1.792791 0.064874
endloop
endfacet
facet normal -0.000141 -0.477359 0.878709
outer loop
vertex 14.858162 0.000000 0.006649
vertex 16.815074 0.000000 0.006962
vertex 17.495258 1.792791 0.981005
endloop
endfacet
facet normal -0.391067 0.076777 0.917154
outer loop
vertex 14.858162 0.000000 0.006649
vertex 17.495258 1.792791 0.981005
vertex 15.378021 1.792791 0.078234
endloop
endfacet
facet normal -0.041698 -0.812840 0.580993
outer loop
vertex 16.815074 0.000000 0.006962
vertex 18.766965 0.000000 0.147049
vertex 19.052654 1.792791 2.675764
endloop
endfacet
facet normal -0.733465 -0.087924 0.674017
outer loop
vertex 16.815074 0.000000 0.006962
vertex 19.052654 1.792791 2.675764
vertex 17.495258 1.792791 0.981005
endloop
endfacet
facet normal -0.233752 -0.848458 0.474847
outer loop
vertex 18.766965 0.000000 0.147049
vertex 20.522677 0.000000 1.011330
vertex 20.687574 1.792791 4.295864
endloop
endfacet
facet normal -0.525866 -0.664716 0.530677
outer loop
vertex 18.766965 0.000000 0.147049
vertex 20.687574 1.792791 4.295864
vertex 19.052654 1.792791 2.675764
endloop
endfacet
facet normal -0.587589 -0.343118 0.732809
outer loop
vertex 20.522677 0.000000 1.011330
vertex 22.049404 0.000000 2.235506
vertex 22.931134 1.792791 3.781930
endloop
endfacet
facet normal 0.108146 -0.874883 0.472106
outer loop
vertex 20.522677 0.000000 1.011330
vertex 22.931134 1.792791 3.781930
vertex 20.687574 1.792791 4.295864
endloop
endfacet
facet normal 0.020286 0.198067 0.979978
outer loop
vertex 22.049404 0.000000 2.235506
vertex 24.005897 0.000000 2.195006
vertex 24.150300 1.792791 1.829669
endloop
endfacet
facet normal 0.638629 -0.658102 0.398817
outer loop
vertex 22.049404 0.000000 2.235506
vertex 24.150300 1.792791 1.829669
vertex 22.931134 1.792791 3.781930
endloop
endfacet
facet normal -0.811391 0.308504 0.496457
outer loop
vertex 0.000000 1.792791 1.816264
vertex 1.201275 1.792791 3.779584
vertex 1.178156 3.585582 2.627740
endloop
endfacet
facet normal -0.826763 0.340698 0.447648
outer loop
vertex 0.000000 1.792791 1.816264
vertex 1.178156 3.585582 2.627740
vertex 0.000000 3.585582 0.451797
endloop
endfacet
facet normal -0.366650 -0.076334 0.927222
outer loop
vertex 1.201275 1.792791 3.779584
vertex 3.341681 1.792791 4.625961
vertex 2.749340 3.585582 4.539326
endloop
endfacet
facet normal -0.717778 0.369786 0.589961
outer loop
vertex 1.201275 1.792791 3.779584
vertex 2.749340 3.585582 4.539326
vertex 1.178156 3.585582 2.627740
endloop
endfacet
facet normal 0.554146 -0.572595 0.604199
outer loop
vertex 3.341681 1.792791 4.625961
vertex 5.037951 1.792791 3.070212
vertex 5.223034 3.585582 4.599477
endloop
endfacet
facet normal -0.024289 0.040245 0.998895
outer loop
vertex 3.341681 1.792791 4.625961
vertex 5.223034 3.585582 4.599477
vertex 2.749340 3.585582 4.539326
endloop
endfacet
facet normal 0.634794 -0.562800 0.529427
outer loop
vertex 5.037951 1.792791 3.070212
vertex 6.512155 1.792791 1.302611
vertex 6.882668 3.585582 2.764158
endloop
endfacet
facet normal 0.622257 -0.544220 0.562691
outer loop
vertex 5.037951 1.792791 3.070212
vertex 6.882668 3.585582 2.764158
vertex 5.223034 3.585582 4.599477
endloop
endfacet
facet normal 0.488703 -0.358354 0.795457
outer loop
vertex 6.512155 1.792791 1.302611
vertex 8.473281 1.792791 0.097757
vertex 8.498335 3.585582 0.890018
endloop
endfacet
facet normal 0.623743 -0.567276 0.537720
outer loop
vertex 6.512155 1.792791 1.302611
vertex 8.498335 3.585582 0.890018
vertex 6.882668 3.585582 2.764158
endloop
endfacet
facet normal 0.014265 0.055604 0.998351
outer loop
vertex 8.473281 1.792791 0.097757
vertex 10.774717 1.792791 0.064874
vertex 10.793259 3.585582 -0.035242
endloop
endfacet
facet normal 0.345359 -0.383369 0.856595
outer loop
vertex 8.473281 1.792791 0.097757
vertex 10.793259 3.585582 -0.035242
vertex 8.498335 3.585582 0.890018
endloop
endfacet
facet normal -0.000000 0.059798 0.998211
outer loop
vertex 10.774717 1.792791 0.064874
vertex 13.076388 1.792791 0.064874
vertex 13.267674 3.585582 -0.042523
endloop
endfacet
facet normal 0.002938 0.055726 0.998442
outer loop
vertex 10.774717 1.792791 0.064874
vertex 13.267674 3.585582 -0.042523
vertex 10.793259 3.585582 -0.035242
endloop
endfacet
facet normal -0.005531 -0.303576 0.952791
outer loop
vertex 13.076388 1.792791 0.064874
vertex 15.378021 1.792791 0.078234
vertex 15.642926 3.585582 0.650985
endloop
endfacet
facet normal -0.279206 0.087076 0.956275
outer loop
vertex 13.076388 1.792791 0.064874
vertex 15.642926 3.585582 0.650985
vertex 13.267674 3.585582 -0.042523
endloop
endfacet
facet normal -0.306502 -0.623974 0.718827
outer loop
vertex 15.378021 1.792791 0.078234
vertex 17.495258 1.792791 0.981005
vertex 17.325835 3.585582 2.464986
endloop
endfacet
facet normal -0.728787 -0.108316 0.676119
outer loop
vertex 15.378021 1.792791 0.078234
vertex 17.325835 3.585582 2.464986
vertex 15.642926 3.585582 0.650985
endloop
endfacet
facet normal -0.607458 -0.565140 0.558222
outer loop
vertex 17.495258 1.792791 0.981005
vertex 19.052654 1.792791 2.675764
vertex 18.925707 3.585582 4.352628
endloop
endfacet
facet normal -0.652043 -0.519066 0.552639
outer loop
vertex 17.495258 1.792791 0.981005
vertex 18.925707 3.585582 4.352628
vertex 17.325835 3.585582 2.464986
endloop
endfacet
facet normal -0.693315 0.172611 0.699657
outer loop
vertex 19.052654 1.792791 2.675764
vertex 20.687574 1.792791 4.295864
vertex 21.392110 3.585582 4.551718
endloop
endfacet
facet normal -0.058683 -0.684136 0.726990
outer loop
vertex 19.052654 1.792791 2.675764
vertex 21.392110 3.585582 4.551718
vertex 18.925707 3.585582 4.352628
endloop
endfacet
facet normal 0.193946 0.495520 0.846667
outer loop
vertex 20.687574 1.792791 4.295864
vertex 22.931134 1.792791 3.781930
vertex 23.041689 3.585582 2.707357
endloop
endfacet
facet normal 0.694883 -0.361772 0.621497
outer loop
vertex 20.687574 1.792791 4.295864
vertex 23.041689 3.585582 2.707357
vertex 21.392110 3.585582 4.551718
endloop
endfacet
facet normal 0.801145 0.328421 0.500306
outer loop
vertex 22.931134 1.792791 3.781930
vertex 24.150300 1.792791 1.829669
vertex 24.224524 3.585582 0.533953
endloop
endfacet
facet normal 0.855555 0.226327 0.465620
outer loop
vertex 22.931134 1.792791 3.781930
vertex 24.224524 3.585582 0.533953
vertex 23.041689 3.585582 2.707357
endloop
endfacet
facet normal -0.832949 0.320621 0.450997
outer loop
vertex 0.000000 3.585582 0.451797
vertex 1.178156 3.585582 2.627740
vertex 1.593397 5.378372 2.120126
endloop
endfacet
facet normal -0.790091 0.148859 0.594640
outer loop
vertex 0.000000 3.585582 0.451797
vertex 1.593397 5.378372 2.120126
vertex 0.000000 5.378372 0.002999
endloop
endfacet
facet normal -0.756782 0.200928 0.622020
outer loop
vertex 1.178156 3.585582 2.627740
vertex 2.749340 3.585582 4.539326
vertex 3.054044 5.378372 4.330929
endloop
endfacet
facet normal -0.787669 0.329785 0.520402
outer loop
vertex 1.178156 3.585582 2.627740
vertex 3.054044 5.378372 4.330929
vertex 1.593397 5.378372 2.120126
endloop
endfacet
facet normal -0.020077 -0.563827 0.825649
outer loop
vertex 2.749340 3.585582 4.539326
vertex 5.223034 3.585582 4.599477
vertex 5.242917 5.378372 5.824240
endloop
endfacet
facet normal -0.553479 0.188374 0.811281
outer loop
vertex 2.749340 3.585582 4.539326
vertex 5.242917 5.378372 5.824240
vertex 3.054044 5.378372 4.330929
endloop
endfacet
facet normal 0.606557 -0.575538 0.548494
outer loop
vertex 5.223034 3.585582 4.599477
vertex 6.882668 3.585582 2.764158
vertex 7.312691 5.378372 4.169799
endloop
endfacet
facet normal 0.549266 -0.475527 0.687154
outer loop
vertex 5.223034 3.585582 4.599477
vertex 7.312691 5.378372 4.169799
vertex 5.242917 5.378372 5.824240
endloop
endfacet
facet normal 0.677413 -0.447291 0.583988
outer loop
vertex 6.882668 3.585582 2.764158
vertex 8.498335 3.585582 0.890018
vertex 8.765181 5.378372 1.953628
endloop
endfacet
facet normal 0.707519 -0.533281 0.463712
outer loop
vertex 6.882668 3.585582 2.764158
vertex 8.765181 5.378372 1.953628
vertex 7.312691 5.378372 4.169799
endloop
endfacet
facet normal 0.371910 -0.103780 0.922449
outer loop
vertex 8.498335 3.585582 0.890018
vertex 10.793259 3.585582 -0.035242
vertex 10.740659 5.378372 0.187664
endloop
endfacet
facet normal 0.586058 -0.476172 0.655588
outer loop
vertex 8.498335 3.585582 0.890018
vertex 10.740659 5.378372 0.187664
vertex 8.765181 5.378372 1.953628
endloop
endfacet
facet normal 0.002917 -0.132178 0.991222
outer loop
vertex 10.793259 3.585582 -0.035242
vertex 13.267674 3.585582 -0.042523
vertex 13.390389 5.378372 0.196181
endloop
endfacet
facet normal -0.003190 -0.123476 0.992342
outer loop
vertex 10.793259 3.585582 -0.035242
vertex 13.390389 5.378372 0.196181
vertex 10.740659 5.378372 0.187664
endloop
endfacet
facet normal -0.227306 -0.585014 0.778519
outer loop
vertex 13.267674 3.585582 -0.042523
vertex 15.642926 3.585582 0.650985
vertex 15.397222 5.378372 1.926429
endloop
endfacet
facet normal -0.651960 -0.056057 0.756178
outer loop
vertex 13.267674 3.585582 -0.042523
vertex 15.397222 5.378372 1.926429
vertex 13.390389 5.378372 0.196181
endloop
endfacet
facet normal -0.563855 -0.639083 0.523107
outer loop
vertex 15.642926 3.585582 0.650985
vertex 17.325835 3.585582 2.464986
vertex 16.850035 5.378372 4.142389
endloop
endfacet
facet normal -0.746599 -0.450553 0.489481
outer loop
vertex 15.642926 3.585582 0.650985
vertex 16.850035 5.378372 4.142389
vertex 15.397222 5.378372 1.926429
endloop
endfacet
facet normal -0.669002 -0.480553 0.567013
outer loop
vertex 17.325835 3.585582 2.464986
vertex 18.925707 3.585582 4.352628
vertex 18.891478 5.378372 5.831663
endloop
endfacet
facet normal -0.476219 -0.664844 0.575498
outer loop
vertex 17.325835 3.585582 2.464986
vertex 18.891478 5.378372 5.831663
vertex 16.850035 5.378372 4.142389
endloop
endfacet
facet normal -0.080267 0.069086 0.994376
outer loop
vertex 18.925707 3.585582 4.352628
vertex 21.392110 3.585582 4.551718
vertex 21.124732 5.378372 4.405577
endloop
endfacet
facet normal 0.444006 -0.565151 0.695315
outer loop
vertex 18.925707 3.585582 4.352628
vertex 21.124732 5.378372 4.405577
vertex 18.891478 5.378372 5.831663
endloop
endfacet
facet normal 0.699835 0.344161 0.625926
outer loop
vertex 21.392110 3.585582 4.551718
vertex 23.041689 3.585582 2.707357
vertex 22.606113 5.378372 2.208614
endloop
endfacet
facet normal 0.817500 0.166856 0.551229
outer loop
vertex 21.392110 3.585582 4.551718
vertex 22.606113 5.378372 2.208614
vertex 21.124732 5.378372 4.405577
endloop
endfacet
facet normal 0.862491 0.189149 0.469395
outer loop
vertex 23.041689 3.585582 2.707357
vertex 24.224524 3.585582 0.533953
vertex 24.108007 5.378372 0.025621
endloop
endfacet
facet normal 0.775682 0.336923 0.533667
outer loop
vertex 23.041689 3.585582 2.707357
vertex 24.108007 5.378372 0.025621
vertex 22.606113 5.378372 2.208614
endloop
endfacet
facet normal -0.754241 0.329977 0.567658
outer loop
vertex 0.000000 5.378372 0.002999
vertex 1.593397 5.378372 2.120126
vertex 1.994601 7.171163 1.611058
endloop
endfacet
facet normal -0.628345 0.001301 0.777934
outer loop
vertex 0.000000 5.378372 0.002999
vertex 1.994601 7.171163 1.611058
vertex 0.000000 7.171163 0.000000
endloop
endfacet
facet normal -0.804428 0.265387 0.531474
outer loop
vertex 1.593397 5.378372 2.120126
vertex 3.054044 5.378372 4.330929
vertex 3.304676 7.171163 3.815065
endloop
endfacet
facet normal -0.814482 0.319741 0.484133
outer loop
vertex 1.593397 5.378372 2.120126
vertex 3.304676 7.171163 3.815065
vertex 1.994601 7.171163 1.611058
endloop
endfacet
facet normal -0.553120 0.191666 0.810755
outer loop
vertex 3.054044 5.378372 4.330929
vertex 5.242917 5.378372 5.824240
vertex 5.292623 7.171163 5.434327
endloop
endfacet
facet normal -0.602987 0.297308 0.740280
outer loop
vertex 3.054044 5.378372 4.330929
vertex 5.292623 7.171163 5.434327
vertex 3.304676 7.171163 3.815065
endloop
endfacet
facet normal 0.548227 -0.478593 0.685854
outer loop
vertex 5.242917 5.378372 5.824240
vertex 7.312691 5.378372 4.169799
vertex 7.821874 7.171163 5.013810
endloop
endfacet
facet normal 0.160509 0.205514 0.965402
outer loop
vertex 5.242917 5.378372 5.824240
vertex 7.821874 7.171163 5.013810
vertex 5.292623 7.171163 5.434327
endloop
endfacet
facet normal 0.685413 -0.573068 0.449224
outer loop
vertex 7.312691 5.378372 4.169799
vertex 8.765181 5.378372 1.953628
vertex 9.518419 7.171163 3.091396
endloop
endfacet
facet normal 0.664002 -0.464459 0.585986
outer loop
vertex 7.312691 5.378372 4.169799
vertex 9.518419 7.171163 3.091396
vertex 7.821874 7.171163 5.013810
endloop
endfacet
facet normal 0.625045 -0.347042 0.699200
outer loop
vertex 8.765181 5.378372 1.953628
vertex 10.740659 5.378372 0.187664
vertex 10.902324 7.171163 0.932982
endloop
endfacet
facet normal 0.690869 -0.571387 0.442963
outer loop
vertex 8.765181 5.378372 1.953628
vertex 10.902324 7.171163 0.932982
vertex 9.518419 7.171163 3.091396
endloop
endfacet
facet normal -0.002904 -0.428560 0.903509
outer loop
vertex 10.740659 5.378372 0.187664
vertex 13.390389 5.378372 0.196181
vertex 13.463767 7.171163 1.046789
endloop
endfacet
facet normal -0.041050 -0.380397 0.923912
outer loop
vertex 10.740659 5.378372 0.187664
vertex 13.463767 7.171163 1.046789
vertex 10.902324 7.171163 0.932982
endloop
endfacet
facet normal -0.529289 -0.585648 0.613897
outer loop
vertex 13.390389 5.378372 0.196181
vertex 15.397222 5.378372 1.926429
vertex 14.875630 7.171163 3.187019
endloop
endfacet
facet normal -0.814006 -0.221460 0.536982
outer loop
vertex 13.390389 5.378372 0.196181
vertex 14.875630 7.171163 3.187019
vertex 13.463767 7.171163 1.046789
endloop
endfacet
facet normal -0.765165 -0.403568 0.501653
outer loop
vertex 15.397222 5.378372 1.926429
vertex 16.850035 5.378372 4.142389
vertex 16.550742 7.171163 5.128138
endloop
endfacet
facet normal -0.626149 -0.562110 0.540343
outer loop
vertex 15.397222 5.378372 1.926429
vertex 16.550742 7.171163 5.128138
vertex 14.875630 7.171163 3.187019
endloop
endfacet
facet normal -0.631694 0.134929 0.763385
outer loop
vertex 16.850035 5.378372 4.142389
vertex 18.891478 5.378372 5.831663
vertex 19.060134 7.171163 5.654346
endloop
endfacet
facet normal -0.178116 -0.496773 0.849406
outer loop
vertex 16.850035 5.378372 4.142389
vertex 19.060134 7.171163 5.654346
vertex 16.550742 7.171163 5.128138
endloop
endfacet
facet normal 0.518876 0.265543 0.812561
outer loop
vertex 18.891478 5.378372 5.831663
vertex 21.124732 5.378372 4.405577
vertex 20.955573 7.171163 3.927716
endloop
endfacet
facet normal 0.673388 0.009765 0.739224
outer loop
vertex 18.891478 5.378372 5.831663
vertex 20.955573 7.171163 3.927716
vertex 19.060134 7.171163 5.654346
endloop
endfacet
facet normal 0.793833 0.288642 0.535271
outer loop
vertex 21.124732 5.378372 4.405577
vertex 22.606113 5.378372 2.208614
vertex 22.276739 7.171163 1.730339
endloop
endfacet
facet normal 0.837318 0.213194 0.503435
outer loop
vertex 21.124732 5.378372 4.405577
vertex 22.276739 7.171163 1.730339
vertex 20.955573 7.171163 3.927716
endloop
endfacet
facet normal 0.823073 -0.043445 0.566272
outer loop
vertex 22.606113 5.378372 2.208614
vertex 24.108007 5.378372 0.025621
vertex 24.197951 7.171163 0.032433
endloop
endfacet
facet normal 0.630426 0.306124 0.713338
outer loop
vertex 22.606113 5.378372 2.208614
vertex 24.197951 7.171163 0.032433
vertex 22.276739 7.171163 1.730339
endloop
endfacet
facet normal -0.552865 0.475206 0.684485
outer loop
vertex 0.000000 7.171163 0.000000
vertex 1.994601 7.171163 1.611058
vertex 2.200484 8.963954 0.532702
endloop
endfacet
facet normal -0.235288 0.000000 0.971926
outer loop
vertex 0.000000 7.171163 0.000000
vertex 2.200484 8.963954 0.532702
vertex 0.000000 8.963954 0.000000
endloop
endfacet
facet normal -0.679696 0.612197 0.404015
outer loop
vertex 1.994601 7.171163 1.611058
vertex 3.304676 7.171163 3.815065
vertex 3.874463 8.963954 2.057068
endloop
endfacet
facet normal -0.596855 0.462784 0.655435
outer loop
vertex 1.994601 7.171163 1.611058
vertex 3.874463 8.963954 2.057068
vertex 2.200484 8.963954 0.532702
endloop
endfacet
facet normal -0.420574 0.746001 0.516333
outer loop
vertex 3.304676 7.171163 3.815065
vertex 5.292623 7.171163 5.434327
vertex 5.796118 8.963954 3.254209
endloop
endfacet
facet normal -0.373826 0.707230 0.600066
outer loop
vertex 3.304676 7.171163 3.815065
vertex 5.796118 8.963954 3.254209
vertex 3.874463 8.963954 2.057068
endloop
endfacet
facet normal 0.164007 -0.005925 0.986441
outer loop
vertex 5.292623 7.171163 5.434327
vertex 7.821874 7.171163 5.013810
vertex 7.022190 8.963954 5.157535
endloop
endfacet
facet normal -0.626537 0.666754 0.403598
outer loop
vertex 5.292623 7.171163 5.434327
vertex 7.022190 8.963954 5.157535
vertex 5.796118 8.963954 3.254209
endloop
endfacet
facet normal 0.648207 -0.502582 0.572048
outer loop
vertex 7.821874 7.171163 5.013810
vertex 9.518419 7.171163 3.091396
vertex 9.275885 8.963954 4.941304
endloop
endfacet
facet normal 0.095440 -0.037174 0.994741
outer loop
vertex 7.821874 7.171163 5.013810
vertex 9.275885 8.963954 4.941304
vertex 7.022190 8.963954 5.157535
endloop
endfacet
facet normal 0.653823 -0.629903 0.419210
outer loop
vertex 9.518419 7.171163 3.091396
vertex 10.902324 7.171163 0.932982
vertex 11.000220 8.963954 3.474139
endloop
endfacet
facet normal 0.531331 -0.572479 0.624464
outer loop
vertex 9.518419 7.171163 3.091396
vertex 11.000220 8.963954 3.474139
vertex 9.275885 8.963954 4.941304
endloop
endfacet
facet normal -0.025997 -0.810528 0.585123
outer loop
vertex 10.902324 7.171163 0.932982
vertex 13.463767 7.171163 1.046789
vertex 13.263773 8.963954 3.521326
endloop
endfacet
facet normal -0.012023 -0.816837 0.576743
outer loop
vertex 10.902324 7.171163 0.932982
vertex 13.263773 8.963954 3.521326
vertex 11.000220 8.963954 3.474139
endloop
endfacet
facet normal -0.766974 -0.394663 0.505956
outer loop
vertex 13.463767 7.171163 1.046789
vertex 14.875630 7.171163 3.187019
vertex 15.072220 8.963954 4.883464
endloop
endfacet
facet normal -0.390968 -0.760072 0.519070
outer loop
vertex 13.463767 7.171163 1.046789
vertex 15.072220 8.963954 4.883464
vertex 13.263773 8.963954 3.521326
endloop
endfacet
facet normal -0.753151 0.101689 0.649941
outer loop
vertex 14.875630 7.171163 3.187019
vertex 16.550742 7.171163 5.128138
vertex 17.214291 8.963954 5.616561
endloop
endfacet
facet normal -0.245528 -0.651941 0.717419
outer loop
vertex 14.875630 7.171163 3.187019
vertex 17.214291 8.963954 5.616561
vertex 15.072220 8.963954 4.883464
endloop
endfacet
facet normal -0.153537 0.663569 0.732190
outer loop
vertex 16.550742 7.171163 5.128138
vertex 19.060134 7.171163 5.654346
vertex 18.766004 8.963954 3.967899
endloop
endfacet
facet normal 0.662499 -0.415081 0.623541
outer loop
vertex 16.550742 7.171163 5.128138
vertex 18.766004 8.963954 3.967899
vertex 17.214291 8.963954 5.616561
endloop
endfacet
facet normal 0.544415 0.588590 0.597641
outer loop
vertex 19.060134 7.171163 5.654346
vertex 20.955573 7.171163 3.927716
vertex 20.530502 8.963954 2.549291
endloop
endfacet
facet normal 0.480739 0.641357 0.597955
outer loop
vertex 19.060134 7.171163 5.654346
vertex 20.530502 8.963954 2.549291
vertex 18.766004 8.963954 3.967899
endloop
endfacet
facet normal 0.796764 0.368344 0.479052
outer loop
vertex 20.955573 7.171163 3.927716
vertex 22.276739 7.171163 1.730339
vertex 21.994107 8.963954 0.821935
endloop
endfacet
facet normal 0.631510 0.561142 0.535084
outer loop
vertex 20.955573 7.171163 3.927716
vertex 21.994107 8.963954 0.821935
vertex 20.530502 8.963954 2.549291
endloop
endfacet
facet normal 0.662202 -0.006829 0.749294
outer loop
vertex 22.276739 7.171163 1.730339
vertex 24.197951 7.171163 0.032433
vertex 24.139971 8.963954 0.100013
endloop
endfacet
facet normal 0.281679 0.468651 0.837272
outer loop
vertex 22.276739 7.171163 1.730339
vertex 24.139971 8.963954 0.100013
vertex 21.994107 8.963954 0.821935
endloop
endfacet
facet normal -0.233268 0.130742 0.963583
outer loop
vertex 0.000000 8.963954 0.000000
vertex 2.200484 8.963954 0.532702
vertex 2.334191 10.756745 0.321818
endloop
endfacet
facet normal -0.136579 0.000000 0.990629
outer loop
vertex 0.000000 8.963954 0.000000
vertex 2.334191 10.756745 0.321818
vertex 0.000000 10.756745 0.000000
endloop
endfacet
facet normal -0.661863 0.183485 0.726823
outer loop
vertex 2.200484 8.963954 0.532702
vertex 3.874463 8.963954 2.057068
vertex 4.134836 10.756745 1.841584
endloop
endfacet
facet normal -0.638933 0.136699 0.757019
outer loop
vertex 2.200484 8.963954 0.532702
vertex 4.134836 10.756745 1.841584
vertex 2.334191 10.756745 0.321818
endloop
endfacet
facet normal -0.505856 -0.291143 0.812001
outer loop
vertex 3.874463 8.963954 2.057068
vertex 5.796118 8.963954 3.254209
vertex 5.536747 10.756745 3.735432
endloop
endfacet
facet normal -0.789875 0.184994 0.584701
outer loop
vertex 3.874463 8.963954 2.057068
vertex 5.536747 10.756745 3.735432
vertex 4.134836 10.756745 1.841584
endloop
endfacet
facet normal -0.838579 0.070563 0.540191
outer loop
vertex 5.796118 8.963954 3.254209
vertex 7.022190 8.963954 5.157535
vertex 7.278919 10.756745 5.321890
endloop
endfacet
facet normal -0.645626 -0.283715 0.708995
outer loop
vertex 5.796118 8.963954 3.254209
vertex 7.278919 10.756745 5.321890
vertex 5.536747 10.756745 3.735432
endloop
endfacet
facet normal 0.094358 -0.154634 0.983456
outer loop
vertex 7.022190 8.963954 5.157535
vertex 9.275885 8.963954 4.941304
vertex 9.631444 10.756745 5.189080
endloop
endfacet
facet normal 0.056087 -0.099111 0.993494
outer loop
vertex 7.022190 8.963954 5.157535
vertex 9.631444 10.756745 5.189080
vertex 7.278919 10.756745 5.321890
endloop
endfacet
facet normal 0.645100 0.094959 0.758175
outer loop
vertex 9.275885 8.963954 4.941304
vertex 11.000220 8.963954 3.474139
vertex 10.986397 10.756745 3.261358
endloop
endfacet
facet normal 0.795220 -0.234963 0.558943
outer loop
vertex 9.275885 8.963954 4.941304
vertex 10.986397 10.756745 3.261358
vertex 9.631444 10.756745 5.189080
endloop
endfacet
facet normal -0.020533 0.171531 0.984965
outer loop
vertex 11.000220 8.963954 3.474139
vertex 13.263773 8.963954 3.521326
vertex 13.342124 10.756745 3.210745
endloop
endfacet
facet normal 0.021330 0.117995 0.992785
outer loop
vertex 11.000220 8.963954 3.474139
vertex 13.342124 10.756745 3.210745
vertex 10.986397 10.756745 3.261358
endloop
endfacet
facet normal -0.586412 -0.223555 0.778552
outer loop
vertex 13.263773 8.963954 3.521326
vertex 15.072220 8.963954 4.883464
vertex 14.712657 10.756745 5.127423
endloop
endfacet
facet normal -0.805983 0.135066 0.576323
outer loop
vertex 13.263773 8.963954 3.521326
vertex 14.712657 10.756745 5.127423
vertex 13.342124 10.756745 3.210745
endloop
endfacet
facet normal -0.323728 -0.021040 0.945916
outer loop
vertex 15.072220 8.963954 4.883464
vertex 17.214291 8.963954 5.616561
vertex 17.022889 10.756745 5.590933
endloop
endfacet
facet normal -0.193838 -0.170345 0.966131
outer loop
vertex 15.072220 8.963954 4.883464
vertex 17.022889 10.756745 5.590933
vertex 14.712657 10.756745 5.127423
endloop
endfacet
facet normal 0.728128 0.013393 0.685310
outer loop
vertex 17.214291 8.963954 5.616561
vertex 18.766004 8.963954 3.967899
vertex 18.732036 10.756745 3.968951
endloop
endfacet
facet normal 0.685961 0.083568 0.722824
outer loop
vertex 17.214291 8.963954 5.616561
vertex 18.732036 10.756745 3.968951
vertex 17.022889 10.756745 5.590933
endloop
endfacet
facet normal 0.605113 0.259521 0.752654
outer loop
vertex 18.766004 8.963954 3.967899
vertex 20.530502 8.963954 2.549291
vertex 20.243826 10.756745 2.161603
endloop
endfacet
facet normal 0.766960 0.014155 0.641538
outer loop
vertex 18.766004 8.963954 3.967899
vertex 20.243826 10.756745 2.161603
vertex 18.732036 10.756745 3.968951
endloop
endfacet
facet normal 0.750049 0.183127 0.635524
outer loop
vertex 20.530502 8.963954 2.549291
vertex 21.994107 8.963954 0.821935
vertex 21.867828 10.756745 0.454375
endloop
endfacet
facet normal 0.700389 0.256070 0.666246
outer loop
vertex 20.530502 8.963954 2.549291
vertex 21.867828 10.756745 0.454375
vertex 20.243826 10.756745 2.161603
endloop
endfacet
facet normal 0.318698 0.032182 0.947310
outer loop
vertex 21.994107 8.963954 0.821935
vertex 24.139971 8.963954 0.100013
vertex 24.184486 10.756745 0.024132
endloop
endfacet
facet normal 0.178536 0.209669 0.961334
outer loop
vertex 21.994107 8.963954 0.821935
vertex 24.184486 10.756745 0.024132
vertex 21.867828 10.756745 0.454375
endloop
endfacet
facet normal -0.134171 -0.186962 0.973161
outer loop
vertex 0.000000 10.756745 0.000000
vertex 2.334191 10.756745 0.321818
vertex 2.386339 12.549535 0.673436
endloop
endfacet
facet normal -0.271597 0.000000 0.962411
outer loop
vertex 0.000000 10.756745 0.000000
vertex 2.386339 12.549535 0.673436
vertex 0.000000 12.549535 0.000000
endloop
endfacet
facet normal -0.566687 -0.477557 0.671421
outer loop
vertex 2.334191 10.756745 0.321818
vertex 4.134836 10.756745 1.841584
vertex 3.718085 12.549535 2.764987
endloop
endfacet
facet normal -0.840782 -0.080541 0.535348
outer loop
vertex 2.334191 10.756745 0.321818
vertex 3.718085 12.549535 2.764987
vertex 2.386339 12.549535 0.673436
endloop
endfacet
facet normal -0.745113 -0.374941 0.551566
outer loop
vertex 4.134836 10.756745 1.841584
vertex 5.536747 10.756745 3.735432
vertex 5.318306 12.549535 4.659036
endloop
endfacet
facet normal -0.680489 -0.454309 0.574924
outer loop
vertex 4.134836 10.756745 1.841584
vertex 5.318306 12.549535 4.659036
vertex 3.718085 12.549535 2.764987
endloop
endfacet
facet normal -0.627308 0.363221 0.688879
outer loop
vertex 5.536747 10.756745 3.735432
vertex 7.278919 10.756745 5.321890
vertex 7.791019 12.549535 4.842945
endloop
endfacet
facet normal -0.065730 -0.463301 0.883760
outer loop
vertex 5.536747 10.756745 3.735432
vertex 7.791019 12.549535 4.842945
vertex 5.318306 12.549535 4.659036
endloop
endfacet
facet normal 0.039843 0.707332 0.705757
outer loop
vertex 7.278919 10.756745 5.321890
vertex 9.631444 10.756745 5.189080
vertex 9.795219 12.549535 3.383043
endloop
endfacet
facet normal 0.588109 0.047701 0.807374
outer loop
vertex 7.278919 10.756745 5.321890
vertex 9.795219 12.549535 3.383043
vertex 7.791019 12.549535 4.842945
endloop
endfacet
facet normal 0.673331 0.568015 0.473270
outer loop
vertex 9.631444 10.756745 5.189080
vertex 10.986397 10.756745 3.261358
vertex 10.935925 12.549535 1.181471
endloop
endfacet
facet normal 0.829344 0.357123 0.429710
outer loop
vertex 9.631444 10.756745 5.189080
vertex 10.935925 12.549535 1.181471
vertex 9.795219 12.549535 3.383043
endloop
endfacet
facet normal 0.013316 0.784663 0.619780
outer loop
vertex 10.986397 10.756745 3.261358
vertex 13.342124 10.756745 3.210745
vertex 13.403651 12.549535 0.939690
endloop
endfacet
facet normal 0.063752 0.756672 0.650679
outer loop
vertex 10.986397 10.756745 3.261358
vertex 13.403651 12.549535 0.939690
vertex 10.935925 12.549535 1.181471
endloop
endfacet
facet normal -0.697455 0.514622 0.498720
outer loop
vertex 13.342124 10.756745 3.210745
vertex 14.712657 10.756745 5.127423
vertex 14.595693 12.549535 3.113894
endloop
endfacet
facet normal -0.738856 0.538512 0.405089
outer loop
vertex 13.342124 10.756745 3.210745
vertex 14.595693 12.549535 3.113894
vertex 13.403651 12.549535 0.939690
endloop
endfacet
facet normal -0.178766 0.417315 0.891006
outer loop
vertex 14.712657 10.756745 5.127423
vertex 17.022889 10.756745 5.590933
vertex 16.538830 12.549535 4.654137
endloop
endfacet
facet normal -0.475727 0.643026 0.600167
outer loop
vertex 14.712657 10.756745 5.127423
vertex 16.538830 12.549535 4.654137
vertex 14.595693 12.549535 3.113894
endloop
endfacet
facet normal 0.647258 -0.340406 0.682041
outer loop
vertex 17.022889 10.756745 5.590933
vertex 18.732036 10.756745 3.968951
vertex 19.017612 12.549535 4.592720
endloop
endfacet
facet normal 0.021894 0.467647 0.883644
outer loop
vertex 17.022889 10.756745 5.590933
vertex 19.017612 12.549535 4.592720
vertex 16.538830 12.549535 4.654137
endloop
endfacet
facet normal 0.687910 -0.442353 0.575415
outer loop
vertex 18.732036 10.756745 3.968951
vertex 20.243826 10.756745 2.161603
vertex 20.802651 12.549535 2.871742
endloop
endfacet
facet normal 0.652826 -0.339584 0.677127
outer loop
vertex 18.732036 10.756745 3.968951
vertex 20.802651 12.549535 2.871742
vertex 19.017612 12.549535 4.592720
endloop
endfacet
facet normal 0.720459 -0.106075 0.685337
outer loop
vertex 20.243826 10.756745 2.161603
vertex 21.867828 10.756745 0.454375
vertex 21.932050 12.549535 0.664348
endloop
endfacet
facet normal 0.809416 -0.416342 0.414132
outer loop
vertex 20.243826 10.756745 2.161603
vertex 21.932050 12.549535 0.664348
vertex 20.802651 12.549535 2.871742
endloop
endfacet
facet normal 0.182050 0.077243 0.980251
outer loop
vertex 21.867828 10.756745 0.454375
vertex 24.184486 10.756745 0.024132
vertex 24.279298 12.549535 -0.134748
endloop
endfacet
facet normal 0.319887 -0.121509 0.939632
outer loop
vertex 21.867828 10.756745 0.454375
vertex 24.279298 12.549535 -0.134748
vertex 21.932050 12.549535 0.664348
endloop
endfacet
facet normal -0.270759 0.078472 0.959443
outer loop
vertex 0.000000 12.549535 0.000000
vertex 2.386339 12.549535 0.673436
vertex 2.471407 14.342326 0.550812
endloop
endfacet
facet normal -0.217536 0.000000 0.976052
outer loop
vertex 0.000000 12.549535 0.000000
vertex 2.471407 14.342326 0.550812
vertex 0.000000 14.342326 0.000000
endloop
endfacet
facet normal -0.814381 0.260580 0.518538
outer loop
vertex 2.386339 12.549535 0.673436
vertex 3.718085 12.549535 2.764987
vertex 4.110657 14.342326 2.480606
endloop
endfacet
facet normal -0.759695 0.080186 0.645317
outer loop
vertex 2.386339 12.549535 0.673436
vertex 4.110657 14.342326 2.480606
vertex 2.471407 14.342326 0.550812
endloop
endfacet
facet normal -0.763246 -0.040432 0.644842
outer loop
vertex 3.718085 12.549535 2.764987
vertex 5.318306 12.549535 4.659036
vertex 5.280212 14.342326 4.726354
endloop
endfacet
facet normal -0.856810 0.258398 0.446215
outer loop
vertex 3.718085 12.549535 2.764987
vertex 5.280212 14.342326 4.726354
vertex 4.110657 14.342326 2.480606
endloop
endfacet
facet normal -0.073110 0.168497 0.982987
outer loop
vertex 5.318306 12.549535 4.659036
vertex 7.791019 12.549535 4.842945
vertex 7.805142 14.342326 4.536687
endloop
endfacet
facet normal 0.074859 -0.035830 0.996550
outer loop
vertex 5.318306 12.549535 4.659036
vertex 7.805142 14.342326 4.536687
vertex 5.280212 14.342326 4.726354
endloop
endfacet
facet normal 0.528636 0.440297 0.725729
outer loop
vertex 7.791019 12.549535 4.842945
vertex 9.795219 12.549535 3.383043
vertex 9.408556 14.342326 2.577017
endloop
endfacet
facet normal 0.769947 0.101552 0.629975
outer loop
vertex 7.791019 12.549535 4.842945
vertex 9.408556 14.342326 2.577017
vertex 7.805142 14.342326 4.536687
endloop
endfacet
facet normal 0.865198 0.224658 0.448287
outer loop
vertex 9.795219 12.549535 3.383043
vertex 10.935925 12.549535 1.181471
vertex 10.832241 14.342326 0.483128
endloop
endfacet
facet normal 0.759383 0.395916 0.516322
outer loop
vertex 9.795219 12.549535 3.383043
vertex 10.832241 14.342326 0.483128
vertex 9.408556 14.342326 2.577017
endloop
endfacet
facet normal 0.095073 0.222196 0.970356
outer loop
vertex 10.935925 12.549535 1.181471
vertex 13.403651 12.549535 0.939690
vertex 13.363792 14.342326 0.533075
endloop
endfacet
facet normal -0.018388 0.361979 0.932005
outer loop
vertex 10.935925 12.549535 1.181471
vertex 13.363792 14.342326 0.533075
vertex 10.832241 14.342326 0.483128
endloop
endfacet
facet normal -0.775684 0.466315 0.425281
outer loop
vertex 13.403651 12.549535 0.939690
vertex 14.595693 12.549535 3.113894
vertex 15.209080 14.342326 2.266902
endloop
endfacet
facet normal -0.677172 0.148404 0.720704
outer loop
vertex 13.403651 12.549535 0.939690
vertex 15.209080 14.342326 2.266902
vertex 13.363792 14.342326 0.533075
endloop
endfacet
facet normal -0.613708 0.154636 0.774241
outer loop
vertex 14.595693 12.549535 3.113894
vertex 16.538830 12.549535 4.654137
vertex 16.626141 14.342326 4.365278
endloop
endfacet
facet normal -0.726775 0.480535 0.490800
outer loop
vertex 14.595693 12.549535 3.113894
vertex 16.626141 14.342326 4.365278
vertex 15.209080 14.342326 2.266902
endloop
endfacet
facet normal 0.024221 -0.209223 0.977568
outer loop
vertex 16.538830 12.549535 4.654137
vertex 19.017612 12.549535 4.592720
vertex 19.083731 14.342326 4.974782
endloop
endfacet
facet normal -0.237385 0.165782 0.957165
outer loop
vertex 16.538830 12.549535 4.654137
vertex 19.083731 14.342326 4.974782
vertex 16.626141 14.342326 4.365278
endloop
endfacet
facet normal 0.687178 0.140581 0.712757
outer loop
vertex 19.017612 12.549535 4.592720
vertex 20.802651 12.549535 2.871742
vertex 20.459420 14.342326 2.849052
endloop
endfacet
facet normal 0.830635 -0.145193 0.537554
outer loop
vertex 19.017612 12.549535 4.592720
vertex 20.459420 14.342326 2.849052
vertex 19.083731 14.342326 4.974782
endloop
endfacet
facet normal 0.890009 -0.022909 0.455367
outer loop
vertex 20.802651 12.549535 2.871742
vertex 21.932050 12.549535 0.664348
vertex 21.919008 14.342326 0.780032
endloop
endfacet
facet normal 0.806397 0.161585 0.568871
outer loop
vertex 20.802651 12.549535 2.871742
vertex 21.919008 14.342326 0.780032
vertex 20.459420 14.342326 2.849052
endloop
endfacet
facet normal 0.319873 -0.121874 0.939589
outer loop
vertex 21.932050 12.549535 0.664348
vertex 24.279298 12.549535 -0.134748
vertex 24.350497 14.342326 0.073557
endloop
endfacet
facet normal 0.278514 -0.059828 0.958567
outer loop
vertex 21.932050 12.549535 0.664348
vertex 24.350497 14.342326 0.073557
vertex 21.919008 14.342326 0.780032
endloop
endfacet
facet normal -0.214928 0.154409 0.964346
outer loop
vertex 0.000000 14.342326 0.000000
vertex 2.471407 14.342326 0.550812
vertex 2.487089 16.135117 0.267249
endloop
endfacet
facet normal -0.106840 0.000000 0.994276
outer loop
vertex 0.000000 14.342326 0.000000
vertex 2.487089 16.135117 0.267249
vertex 0.000000 16.135117 0.000000
endloop
endfacet
facet normal -0.741765 0.229726 0.630087
outer loop
vertex 2.471407 14.342326 0.550812
vertex 4.110657 14.342326 2.480606
vertex 4.273278 16.135117 2.018410
endloop
endfacet
facet normal -0.695160 0.118232 0.709065
outer loop
vertex 2.471407 14.342326 0.550812
vertex 4.273278 16.135117 2.018410
vertex 2.487089 16.135117 0.267249
endloop
endfacet
facet normal -0.876506 0.152874 0.456472
outer loop
vertex 4.110657 14.342326 2.480606
vertex 5.280212 14.342326 4.726354
vertex 5.356783 16.135117 4.272972
endloop
endfacet
facet normal -0.884915 0.189909 0.425276
outer loop
vertex 4.110657 14.342326 2.480606
vertex 5.356783 16.135117 4.272972
vertex 4.273278 16.135117 2.018410
endloop
endfacet
facet normal 0.072877 0.231207 0.970171
outer loop
vertex 5.280212 14.342326 4.726354
vertex 7.805142 14.342326 4.536687
vertex 7.852602 16.135117 4.105872
endloop
endfacet
facet normal 0.064816 0.242055 0.968095
outer loop
vertex 5.280212 14.342326 4.726354
vertex 7.852602 16.135117 4.105872
vertex 5.356783 16.135117 4.272972
endloop
endfacet
facet normal 0.726988 0.343032 0.594826
outer loop
vertex 7.805142 14.342326 4.536687
vertex 9.408556 14.342326 2.577017
vertex 9.090279 16.135117 1.932121
endloop
endfacet
facet normal 0.865043 0.095457 0.492533
outer loop
vertex 7.805142 14.342326 4.536687
vertex 9.090279 16.135117 1.932121
vertex 7.852602 16.135117 4.105872
endloop
endfacet
facet normal 0.826661 0.026708 0.562066
outer loop
vertex 9.408556 14.342326 2.577017
vertex 10.832241 14.342326 0.483128
vertex 10.936590 16.135117 0.244469
endloop
endfacet
facet normal 0.629569 0.359525 0.688756
outer loop
vertex 9.408556 14.342326 2.577017
vertex 10.936590 16.135117 0.244469
vertex 9.090279 16.135117 1.932121
endloop
endfacet
facet normal -0.019352 0.193758 0.980859
outer loop
vertex 10.832241 14.342326 0.483128
vertex 13.363792 14.342326 0.533075
vertex 13.437175 16.135117 0.180377
endloop
endfacet
facet normal 0.025403 0.130462 0.991128
outer loop
vertex 10.832241 14.342326 0.483128
vertex 13.437175 16.135117 0.180377
vertex 10.936590 16.135117 0.244469
endloop
endfacet
facet normal -0.642372 0.346349 0.683667
outer loop
vertex 13.363792 14.342326 0.533075
vertex 15.209080 14.342326 2.266902
vertex 15.484546 16.135117 1.617494
endloop
endfacet
facet normal -0.564984 0.181475 0.804898
outer loop
vertex 13.363792 14.342326 0.533075
vertex 15.484546 16.135117 1.617494
vertex 13.437175 16.135117 0.180377
endloop
endfacet
facet normal -0.811825 0.200944 0.548236
outer loop
vertex 15.209080 14.342326 2.266902
vertex 16.626141 14.342326 4.365278
vertex 16.693221 16.135117 3.807503
endloop
endfacet
facet normal -0.836356 0.295711 0.461588
outer loop
vertex 15.209080 14.342326 2.266902
vertex 16.693221 16.135117 3.807503
vertex 15.484546 16.135117 1.617494
endloop
endfacet
facet normal -0.240675 0.018599 0.970428
outer loop
vertex 16.626141 14.342326 4.365278
vertex 19.083731 14.342326 4.974782
vertex 18.940994 16.135117 4.905023
endloop
endfacet
facet normal -0.420718 0.283820 0.861651
outer loop
vertex 16.626141 14.342326 4.365278
vertex 18.940994 16.135117 4.905023
vertex 16.693221 16.135117 3.807503
endloop
endfacet
facet normal 0.823450 0.194790 0.532904
outer loop
vertex 19.083731 14.342326 4.974782
vertex 20.459420 14.342326 2.849052
vertex 20.129277 16.135117 2.703882
endloop
endfacet
facet normal 0.876532 0.088200 0.473194
outer loop
vertex 19.083731 14.342326 4.974782
vertex 20.129277 16.135117 2.703882
vertex 18.940994 16.135117 4.905023
endloop
endfacet
facet normal 0.816149 0.049092 0.575752
outer loop
vertex 20.459420 14.342326 2.849052
vertex 21.919008 14.342326 0.780032
vertex 21.779884 16.135117 0.824380
endloop
endfacet
facet normal 0.737928 0.188366 0.648059
outer loop
vertex 20.459420 14.342326 2.849052
vertex 21.779884 16.135117 0.824380
vertex 20.129277 16.135117 2.703882
endloop
endfacet
facet normal 0.277511 -0.103640 0.955116
outer loop
vertex 21.919008 14.342326 0.780032
vertex 24.350497 14.342326 0.073557
vertex 24.226584 16.135117 0.304097
endloop
endfacet
facet normal 0.207989 -0.008055 0.978098
outer loop
vertex 21.919008 14.342326 0.780032
vertex 24.226584 16.135117 0.304097
vertex 21.779884 16.135117 0.824380
endloop
endfacet
facet normal -0.106607 0.065921 0.992114
outer loop
vertex 0.000000 16.135117 0.000000
vertex 2.487089 16.135117 0.267249
vertex 2.027859 17.927908 0.098780
endloop
endfacet
facet normal -0.048654 0.000000 0.998816
outer loop
vertex 0.000000 16.135117 0.000000
vertex 2.027859 17.927908 0.098780
vertex 0.000000 17.927908 0.000000
endloop
endfacet
facet normal -0.682028 0.225568 0.695670
outer loop
vertex 2.487089 16.135117 0.267249
vertex 4.273278 16.135117 2.018410
vertex 3.840655 17.927908 1.012967
endloop
endfacet
facet normal -0.450058 -0.031421 0.892446
outer loop
vertex 2.487089 16.135117 0.267249
vertex 3.840655 17.927908 1.012967
vertex 2.027859 17.927908 0.098780
endloop
endfacet
facet normal -0.771686 0.516685 0.370860
outer loop
vertex 4.273278 16.135117 2.018410
vertex 5.356783 16.135117 4.272972
vertex 5.530945 17.927908 2.137639
endloop
endfacet
facet normal -0.525542 0.316146 0.789846
outer loop
vertex 4.273278 16.135117 2.018410
vertex 5.530945 17.927908 2.137639
vertex 3.840655 17.927908 1.012967
endloop
endfacet
facet normal 0.041546 0.783079 0.620533
outer loop
vertex 5.356783 16.135117 4.272972
vertex 7.852602 16.135117 4.105872
vertex 7.542712 17.927908 1.864214
endloop
endfacet
facet normal 0.087625 0.759385 0.644714
outer loop
vertex 5.356783 16.135117 4.272972
vertex 7.542712 17.927908 1.864214
vertex 5.530945 17.927908 2.137639
endloop
endfacet
facet normal 0.769501 0.464659 0.438134
outer loop
vertex 7.852602 16.135117 4.105872
vertex 9.090279 16.135117 1.932121
vertex 8.904007 17.927908 0.357946
endloop
endfacet
facet normal 0.533436 0.695004 0.482095
outer loop
vertex 7.852602 16.135117 4.105872
vertex 8.904007 17.927908 0.357946
vertex 7.542712 17.927908 1.864214
endloop
endfacet
facet normal 0.669502 0.123676 0.732442
outer loop
vertex 9.090279 16.135117 1.932121
vertex 10.936590 16.135117 0.244469
vertex 10.898183 17.927908 -0.023147
endloop
endfacet
facet normal 0.140777 0.661453 0.736655
outer loop
vertex 9.090279 16.135117 1.932121
vertex 10.898183 17.927908 -0.023147
vertex 8.904007 17.927908 0.357946
endloop
endfacet
facet normal 0.025433 0.121219 0.992300
outer loop
vertex 10.936590 16.135117 0.244469
vertex 13.437175 16.135117 0.180377
vertex 12.928445 17.927908 -0.025591
endloop
endfacet
facet normal 0.001191 0.147662 0.989037
outer loop
vertex 10.936590 16.135117 0.244469
vertex 12.928445 17.927908 -0.025591
vertex 10.898183 17.927908 -0.023147
endloop
endfacet
facet normal -0.503519 0.481564 0.717332
outer loop
vertex 13.437175 16.135117 0.180377
vertex 15.484546 16.135117 1.617494
vertex 14.957515 17.927908 0.044005
endloop
endfacet
facet normal -0.034092 0.104517 0.993939
outer loop
vertex 13.437175 16.135117 0.180377
vertex 14.957515 17.927908 0.044005
vertex 12.928445 17.927908 -0.025591
endloop
endfacet
facet normal -0.689391 0.616422 0.380478
outer loop
vertex 15.484546 16.135117 1.617494
vertex 16.693221 16.135117 3.807503
vertex 16.747713 17.927908 1.001688
endloop
endfacet
facet normal -0.398163 0.536193 0.744287
outer loop
vertex 15.484546 16.135117 1.617494
vertex 16.747713 17.927908 1.001688
vertex 14.957515 17.927908 0.044005
endloop
endfacet
facet normal -0.276282 0.776849 0.565839
outer loop
vertex 16.693221 16.135117 3.807503
vertex 18.940994 16.135117 4.905023
vertex 18.401039 17.927908 2.180027
endloop
endfacet
facet normal -0.355218 0.790830 0.498406
outer loop
vertex 16.693221 16.135117 3.807503
vertex 18.401039 17.927908 2.180027
vertex 16.747713 17.927908 1.001688
endloop
endfacet
facet normal 0.818857 0.366138 0.442059
outer loop
vertex 18.940994 16.135117 4.905023
vertex 20.129277 16.135117 2.703882
vertex 20.158875 17.927908 1.164164
endloop
endfacet
facet normal 0.281865 0.826237 0.487735
outer loop
vertex 18.940994 16.135117 4.905023
vertex 20.158875 17.927908 1.164164
vertex 18.401039 17.927908 2.180027
endloop
endfacet
facet normal 0.750027 0.059943 0.658685
outer loop
vertex 20.129277 16.135117 2.703882
vertex 21.779884 16.135117 0.824380
vertex 22.030060 17.927908 0.376359
endloop
endfacet
facet normal 0.305201 0.617542 0.724910
outer loop
vertex 20.129277 16.135117 2.703882
vertex 22.030060 17.927908 0.376359
vertex 20.158875 17.927908 1.164164
endloop
endfacet
facet normal 0.203097 0.215758 0.955092
outer loop
vertex 21.779884 16.135117 0.824380
vertex 24.226584 16.135117 0.304097
vertex 24.013827 17.927908 -0.055657
endloop
endfacet
facet normal 0.208056 0.209715 0.955370
outer loop
vertex 21.779884 16.135117 0.824380
vertex 24.013827 17.927908 -0.055657
vertex 22.030060 17.927908 0.376359
endloop
endfacet
facet normal -0.043934 -0.429668 0.901918
outer loop
vertex 0.000000 17.927908 0.000000
vertex 2.027859 17.927908 0.098780
vertex 1.661704 19.720698 0.935018
endloop
endfacet
facet normal -0.490385 0.000000 0.871506
outer loop
vertex 0.000000 17.927908 0.000000
vertex 1.661704 19.720698 0.935018
vertex 0.000000 19.720698 0.000000
endloop
endfacet
facet normal -0.441671 0.194610 0.875816
outer loop
vertex 2.027859 17.927908 0.098780
vertex 3.840655 17.927908 1.012967
vertex 3.504369 19.720698 0.445013
endloop
endfacet
facet normal 0.238750 -0.370022 0.897821
outer loop
vertex 2.027859 17.927908 0.098780
vertex 3.504369 19.720698 0.445013
vertex 1.661704 19.720698 0.935018
endloop
endfacet
facet normal -0.405638 0.681026 0.609640
outer loop
vertex 3.840655 17.927908 1.012967
vertex 5.530945 17.927908 2.137639
vertex 5.363970 19.720698 0.023822
endloop
endfacet
facet normal 0.208472 0.330694 0.920424
outer loop
vertex 3.840655 17.927908 1.012967
vertex 5.363970 19.720698 0.023822
vertex 3.504369 19.720698 0.445013
endloop
endfacet
facet normal 0.092887 0.724082 0.683430
outer loop
vertex 5.530945 17.927908 2.137639
vertex 7.542712 17.927908 1.864214
vertex 7.270546 19.720698 0.001776
endloop
endfacet
facet normal 0.007475 0.762913 0.646458
outer loop
vertex 5.530945 17.927908 2.137639
vertex 7.270546 19.720698 0.001776
vertex 5.363970 19.720698 0.023822
endloop
endfacet
facet normal 0.741645 0.026636 0.670264
outer loop
vertex 7.542712 17.927908 1.864214
vertex 8.904007 17.927908 0.357946
vertex 9.177171 19.720698 -0.015553
endloop
endfacet
facet normal 0.006299 0.720895 0.693016
outer loop
vertex 7.542712 17.927908 1.864214
vertex 9.177171 19.720698 -0.015553
vertex 7.270546 19.720698 0.001776
endloop
endfacet
facet normal 0.187655 -0.023354 0.981957
outer loop
vertex 8.904007 17.927908 0.357946
vertex 10.898183 17.927908 -0.023147
vertex 11.083874 19.720698 -0.015995
endloop
endfacet
facet normal 0.000227 0.203922 0.978987
outer loop
vertex 8.904007 17.927908 0.357946
vertex 11.083874 19.720698 -0.015995
vertex 9.177171 19.720698 -0.015553
endloop
endfacet
facet normal 0.001204 -0.005395 0.999985
outer loop
vertex 10.898183 17.927908 -0.023147
vertex 12.928445 17.927908 -0.025591
vertex 12.990578 19.720698 -0.015995
endloop
endfacet
facet normal 0.000000 -0.003989 0.999992
outer loop
vertex 10.898183 17.927908 -0.023147
vertex 12.990578 19.720698 -0.015995
vertex 11.083874 19.720698 -0.015995
endloop
endfacet
facet normal -0.034262 0.032279 0.998891
outer loop
vertex 12.928445 17.927908 -0.025591
vertex 14.957515 17.927908 0.044005
vertex 14.897282 19.720698 -0.015995
endloop
endfacet
facet normal 0.000000 -0.005353 0.999986
outer loop
vertex 12.928445 17.927908 -0.025591
vertex 14.897282 19.720698 -0.015995
vertex 12.990578 19.720698 -0.015995
endloop
endfacet
facet normal -0.419301 0.458087 0.783800
outer loop
vertex 14.957515 17.927908 0.044005
vertex 16.747713 17.927908 1.001688
vertex 16.803985 19.720698 -0.015994
endloop
endfacet
facet normal -0.000001 0.033448 0.999440
outer loop
vertex 14.957515 17.927908 0.044005
vertex 16.803985 19.720698 -0.015994
vertex 14.897282 19.720698 -0.015995
endloop
endfacet
facet normal -0.390868 0.739223 0.548426
outer loop
vertex 16.747713 17.927908 1.001688
vertex 18.401039 17.927908 2.180027
vertex 18.710689 19.720698 -0.015783
endloop
endfacet
facet normal -0.000096 0.493663 0.869653
outer loop
vertex 16.747713 17.927908 1.001688
vertex 18.710689 19.720698 -0.015783
vertex 16.803985 19.720698 -0.015994
endloop
endfacet
facet normal 0.473298 0.324416 0.818989
outer loop
vertex 18.401039 17.927908 2.180027
vertex 20.158875 17.927908 1.164164
vertex 20.605613 19.720698 0.195835
endloop
endfacet
facet normal -0.069794 0.777521 0.624972
outer loop
vertex 18.401039 17.927908 2.180027
vertex 20.605613 19.720698 0.195835
vertex 18.710689 19.720698 -0.015783
endloop
endfacet
facet normal 0.362591 -0.356125 0.861222
outer loop
vertex 20.158875 17.927908 1.164164
vertex 22.030060 17.927908 0.376359
vertex 22.340409 19.720698 0.987036
endloop
endfacet
facet normal -0.356634 0.511223 0.781961
outer loop
vertex 20.158875 17.927908 1.164164
vertex 22.340409 19.720698 0.987036
vertex 20.605613 19.720698 0.195835
endloop
endfacet
facet normal 0.212518 -0.050381 0.975857
outer loop
vertex 22.030060 17.927908 0.376359
vertex 24.013827 17.927908 -0.055657
vertex 23.995770 19.720698 0.040833
endloop
endfacet
facet normal 0.463635 -0.356551 0.811119
outer loop
vertex 22.030060 17.927908 0.376359
vertex 23.995770 19.720698 0.040833
vertex 22.340409 19.720698 0.987036
endloop
endfacet
facet normal -0.063419 -0.571400 -0.818218
outer loop
vertex 1.201275 1.792791 -3.779584
vertex 1.951060 0.000000 -2.585709
vertex 0.000000 0.000000 -2.434484
endloop
endfacet
facet normal -0.839510 0.177129 -0.513662
outer loop
vertex 0.000000 1.792791 -1.816264
vertex 1.201275 1.792791 -3.779584
vertex 0.000000 0.000000 -2.434484
endloop
endfacet
facet normal 0.391422 -0.806952 -0.442286
outer loop
vertex 3.341681 1.792791 -4.625961
vertex 3.416502 0.000000 -1.288796
vertex 1.951060 0.000000 -2.585709
endloop
endfacet
facet normal -0.290926 -0.611614 -0.735724
outer loop
vertex 1.201275 1.792791 -3.779584
vertex 3.341681 1.792791 -4.625961
vertex 1.951060 0.000000 -2.585709
endloop
endfacet
facet normal 0.312299 -0.796662 -0.517494
outer loop
vertex 5.037951 1.792791 -3.070212
vertex 5.091960 0.000000 -0.277685
vertex 3.416502 0.000000 -1.288796
endloop
endfacet
facet normal 0.403558 -0.802205 -0.440009
outer loop
vertex 3.341681 1.792791 -4.625961
vertex 5.037951 1.792791 -3.070212
vertex 3.416502 0.000000 -1.288796
endloop
endfacet
facet normal 0.113276 -0.559230 -0.821237
outer loop
vertex 6.512155 1.792791 -1.302611
vertex 7.030517 0.000000 -0.010292
vertex 5.091960 0.000000 -0.277685
endloop
endfacet
facet normal 0.549993 -0.697925 -0.458702
outer loop
vertex 5.037951 1.792791 -3.070212
vertex 6.512155 1.792791 -1.302611
vertex 5.091960 0.000000 -0.277685
endloop
endfacet
facet normal 0.001859 -0.050222 -0.998736
outer loop
vertex 8.473281 1.792791 -0.097757
vertex 8.987426 0.000000 -0.006649
vertex 7.030517 0.000000 -0.010292
endloop
endfacet
facet normal 0.475054 -0.420028 -0.773240
outer loop
vertex 6.512155 1.792791 -1.302611
vertex 8.473281 1.792791 -0.097757
vertex 7.030517 0.000000 -0.010292
endloop
endfacet
facet normal 0.000000 -0.032460 -0.999473
outer loop
vertex 10.774717 1.792791 -0.064874
vertex 10.944338 0.000000 -0.006649
vertex 8.987426 0.000000 -0.006649
endloop
endfacet
facet normal 0.014271 -0.046666 -0.998809
outer loop
vertex 8.473281 1.792791 -0.097757
vertex 10.774717 1.792791 -0.064874
vertex 8.987426 0.000000 -0.006649
endloop
endfacet
facet normal 0.000000 -0.032460 -0.999473
outer loop
vertex 13.076388 1.792791 -0.064874
vertex 12.901250 0.000000 -0.006649
vertex 10.944338 0.000000 -0.006649
endloop
endfacet
facet normal -0.000000 -0.032460 -0.999473
outer loop
vertex 10.774717 1.792791 -0.064874
vertex 13.076388 1.792791 -0.064874
vertex 10.944338 0.000000 -0.006649
endloop
endfacet
facet normal 0.000000 -0.039898 -0.999204
outer loop
vertex 15.378021 1.792791 -0.078234
vertex 14.858162 0.000000 -0.006649
vertex 12.901250 0.000000 -0.006649
endloop
endfacet
facet normal -0.005802 -0.031893 -0.999474
outer loop
vertex 13.076388 1.792791 -0.064874
vertex 15.378021 1.792791 -0.078234
vertex 12.901250 0.000000 -0.006649
endloop
endfacet
facet normal -0.000141 -0.477359 -0.878709
outer loop
vertex 17.495258 1.792791 -0.981005
vertex 16.815074 0.000000 -0.006962
vertex 14.858162 0.000000 -0.006649
endloop
endfacet
facet normal -0.391067 0.076777 -0.917154
outer loop
vertex 15.378021 1.792791 -0.078234
vertex 17.495258 1.792791 -0.981005
vertex 14.858162 0.000000 -0.006649
endloop
endfacet
facet normal -0.041698 -0.812840 -0.580993
outer loop
vertex 19.052654 1.792791 -2.675764
vertex 18.766965 0.000000 -0.147049
vertex 16.815074 0.000000 -0.006962
endloop
endfacet
facet normal -0.733465 -0.087924 -0.674017
outer loop
vertex 17.495258 1.792791 -0.981005
vertex 19.052654 1.792791 -2.675764
vertex 16.815074 0.000000 -0.006962
endloop
endfacet
facet normal -0.233752 -0.848458 -0.474847
outer loop
vertex 20.687574 1.792791 -4.295864
vertex 20.522677 0.000000 -1.011330
vertex 18.766965 0.000000 -0.147049
endloop
endfacet
facet normal -0.525866 -0.664716 -0.530677
outer loop
vertex 19.052654 1.792791 -2.675764
vertex 20.687574 1.792791 -4.295864
vertex 18.766965 0.000000 -0.147049
endloop
endfacet
facet normal -0.587589 -0.343118 -0.732809
outer loop
vertex 22.931134 1.792791 -3.781930
vertex 22.049404 0.000000 -2.235506
vertex 20.522677 0.000000 -1.011330
endloop
endfacet
facet normal 0.108146 -0.874883 -0.472106
outer loop
vertex 20.687574 1.792791 -4.295864
vertex 22.931134 1.792791 -3.781930
vertex 20.522677 0.000000 -1.011330
endloop
endfacet
facet normal 0.020286 0.198067 -0.979978
outer loop
vertex 24.150300 1.792791 -1.829669
vertex 24.005897 0.000000 -2.195006
vertex 22.049404 0.000000 -2.235506
endloop
endfacet
facet normal 0.638629 -0.658102 -0.398817
outer loop
vertex 22.931134 1.792791 -3.781930
vertex 24.150300 1.792791 -1.829669
vertex 22.049404 0.000000 -2.235506
endloop
endfacet
facet normal -0.811391 0.308504 -0.496457
outer loop
vertex 1.178156 3.585582 -2.627740
vertex 1.201275 1.792791 -3.779584
vertex 0.000000 1.792791 -1.816264
endloop
endfacet
facet normal -0.826763 0.340698 -0.447648
outer loop
vertex 0.000000 3.585582 -0.451797
vertex 1.178156 3.585582 -2.627740
vertex 0.000000 1.792791 -1.816264
endloop
endfacet
facet normal -0.366650 -0.076334 -0.927222
outer loop
vertex 2.749340 3.585582 -4.539326
vertex 3.341681 1.792791 -4.625961
vertex 1.201275 1.792791 -3.779584
endloop
endfacet
facet normal -0.717778 0.369786 -0.589961
outer loop
vertex 1.178156 3.585582 -2.627740
vertex 2.749340 3.585582 -4.539326
vertex 1.201275 1.792791 -3.779584
endloop
endfacet
facet normal 0.554146 -0.572595 -0.604199
outer loop
vertex 5.223034 3.585582 -4.599477
vertex 5.037951 1.792791 -3.070212
vertex 3.341681 1.792791 -4.625961
endloop
endfacet
facet normal -0.024289 0.040245 -0.998895
outer loop
vertex 2.749340 3.585582 -4.539326
vertex 5.223034 3.585582 -4.599477
vertex 3.341681 1.792791 -4.625961
endloop
endfacet
facet normal 0.634794 -0.562800 -0.529427
outer loop
vertex 6.882668 3.585582 -2.764158
vertex 6.512155 1.792791 -1.302611
vertex 5.037951 1.792791 -3.070212
endloop
endfacet
facet normal 0.622257 -0.544220 -0.562691
outer loop
vertex 5.223034 3.585582 -4.599477
vertex 6.882668 3.585582 -2.764158
vertex 5.037951 1.792791 -3.070212
endloop
endfacet
facet normal 0.488703 -0.358354 -0.795457
outer loop
vertex 8.498335 3.585582 -0.890018
vertex 8.473281 1.792791 -0.097757
vertex 6.512155 1.792791 -1.302611
endloop
endfacet
facet normal 0.623743 -0.567276 -0.537720
outer loop
vertex 6.882668 3.585582 -2.764158
vertex 8.498335 3.585582 -0.890018
vertex 6.512155 1.792791 -1.302611
endloop
endfacet
facet normal 0.014265 0.055604 -0.998351
outer loop
vertex 10.793259 3.585582 0.035242
vertex 10.774717 1.792791 -0.064874
vertex 8.473281 1.792791 -0.097757
endloop
endfacet
facet normal 0.345359 -0.383369 -0.856595
outer loop
vertex 8.498335 3.585582 -0.890018
vertex 10.793259 3.585582 0.035242
vertex 8.473281 1.792791 -0.097757
endloop
endfacet
facet normal -0.000000 0.059798 -0.998211
outer loop
vertex 13.267674 3.585582 0.042523
vertex 13.076388 1.792791 -0.064874
vertex 10.774717 1.792791 -0.064874
endloop
endfacet
facet normal 0.002938 0.055726 -0.998442
outer loop
vertex 10.793259 3.585582 0.035242
vertex 13.267674 3.585582 0.042523
vertex 10.774717 1.792791 -0.064874
endloop
endfacet
facet normal -0.005531 -0.303576 -0.952791
outer loop
vertex 15.642926 3.585582 -0.650985
vertex 15.378021 1.792791 -0.078234
vertex 13.076388 1.792791 -0.064874
endloop
endfacet
facet normal -0.279206 0.087076 -0.956275
outer loop
vertex 13.267674 3.585582 0.042523
vertex 15.642926 3.585582 -0.650985
vertex 13.076388 1.792791 -0.064874
endloop
endfacet
facet normal -0.306502 -0.623974 -0.718827
outer loop
vertex 17.325835 3.585582 -2.464986
vertex 17.495258 1.792791 -0.981005
vertex 15.378021 1.792791 -0.078234
endloop
endfacet
facet normal -0.728787 -0.108316 -0.676119
outer loop
vertex 15.642926 3.585582 -0.650985
vertex 17.325835 3.585582 -2.464986
vertex 15.378021 1.792791 -0.078234
endloop
endfacet
facet normal -0.607458 -0.565140 -0.558222
outer loop
vertex 18.925707 3.585582 -4.352628
vertex 19.052654 1.792791 -2.675764
vertex 17.495258 1.792791 -0.981005
endloop
endfacet
facet normal -0.652043 -0.519066 -0.552639
outer loop
vertex 17.325835 3.585582 -2.464986
vertex 18.925707 3.585582 -4.352628
vertex 17.495258 1.792791 -0.981005
endloop
endfacet
facet normal -0.693315 0.172611 -0.699657
outer loop
vertex 21.392110 3.585582 -4.551718
vertex 20.687574 1.792791 -4.295864
vertex 19.052654 1.792791 -2.675764
endloop
endfacet
facet normal -0.058683 -0.684136 -0.726990
outer loop
vertex 18.925707 3.585582 -4.352628
vertex 21.392110 3.585582 -4.551718
vertex 19.052654 1.792791 -2.675764
endloop
endfacet
facet normal 0.193946 0.495520 -0.846667
outer loop
vertex 23.041689 3.585582 -2.707357
vertex 22.931134 1.792791 -3.781930
vertex 20.687574 1.792791 -4.295864
endloop
endfacet
facet normal 0.694883 -0.361772 -0.621497
outer loop
vertex 21.392110 3.585582 -4.551718
vertex 23.041689 3.585582 -2.707357
vertex 20.687574 1.792791 -4.295864
endloop
endfacet
facet normal 0.801145 0.328421 -0.500306
outer loop
vertex 24.224524 3.585582 -0.533953
vertex 24.150300 1.792791 -1.829669
vertex 22.931134 1.792791 -3.781930
endloop
endfacet
facet normal 0.855555 0.226327 -0.465620
outer loop
vertex 23.041689 3.585582 -2.707357
vertex 24.224524 3.585582 -0.533953
vertex 22.931134 1.792791 -3.781930
endloop
endfacet
facet normal -0.832949 0.320621 -0.450997
outer loop
vertex 1.593397 5.378372 -2.120126
vertex 1.178156 3.585582 -2.627740
vertex 0.000000 3.585582 -0.451797
endloop
endfacet
facet normal -0.790091 0.148859 -0.594640
outer loop
vertex 0.000000 5.378372 -0.002999
vertex 1.593397 5.378372 -2.120126
vertex 0.000000 3.585582 -0.451797
endloop
endfacet
facet normal -0.756782 0.200928 -0.622020
outer loop
vertex 3.054044 5.378372 -4.330929
vertex 2.749340 3.585582 -4.539326
vertex 1.178156 3.585582 -2.627740
endloop
endfacet
facet normal -0.787669 0.329785 -0.520402
outer loop
vertex 1.593397 5.378372 -2.120126
vertex 3.054044 5.378372 -4.330929
vertex 1.178156 3.585582 -2.627740
endloop
endfacet
facet normal -0.020077 -0.563827 -0.825649
outer loop
vertex 5.242917 5.378372 -5.824240
vertex 5.223034 3.585582 -4.599477
vertex 2.749340 3.585582 -4.539326
endloop
endfacet
facet normal -0.553479 0.188374 -0.811281
outer loop
vertex 3.054044 5.378372 -4.330929
vertex 5.242917 5.378372 -5.824240
vertex 2.749340 3.585582 -4.539326
endloop
endfacet
facet normal 0.606557 -0.575538 -0.548494
outer loop
vertex 7.312691 5.378372 -4.169799
vertex 6.882668 3.585582 -2.764158
vertex 5.223034 3.585582 -4.599477
endloop
endfacet
facet normal 0.549266 -0.475527 -0.687154
outer loop
vertex 5.242917 5.378372 -5.824240
vertex 7.312691 5.378372 -4.169799
vertex 5.223034 3.585582 -4.599477
endloop
endfacet
facet normal 0.677413 -0.447291 -0.583988
outer loop
vertex 8.765181 5.378372 -1.953628
vertex 8.498335 3.585582 -0.890018
vertex 6.882668 3.585582 -2.764158
endloop
endfacet
facet normal 0.707519 -0.533281 -0.463712
outer loop
vertex 7.312691 5.378372 -4.169799
vertex 8.765181 5.378372 -1.953628
vertex 6.882668 3.585582 -2.764158
endloop
endfacet
facet normal 0.371910 -0.103780 -0.922449
outer loop
vertex 10.740659 5.378372 -0.187664
vertex 10.793259 3.585582 0.035242
vertex 8.498335 3.585582 -0.890018
endloop
endfacet
facet normal 0.586058 -0.476172 -0.655588
outer loop
vertex 8.765181 5.378372 -1.953628
vertex 10.740659 5.378372 -0.187664
vertex 8.498335 3.585582 -0.890018
endloop
endfacet
facet normal 0.002917 -0.132178 -0.991222
outer loop
vertex 13.390389 5.378372 -0.196181
vertex 13.267674 3.585582 0.042523
vertex 10.793259 3.585582 0.035242
endloop
endfacet
facet normal -0.003190 -0.123476 -0.992342
outer loop
vertex 10.740659 5.378372 -0.187664
vertex 13.390389 5.378372 -0.196181
vertex 10.793259 3.585582 0.035242
endloop
endfacet
facet normal -0.227306 -0.585014 -0.778519
outer loop
vertex 15.397222 5.378372 -1.926429
vertex 15.642926 3.585582 -0.650985
vertex 13.267674 3.585582 0.042523
endloop
endfacet
facet normal -0.651960 -0.056057 -0.756178
outer loop
vertex 13.390389 5.378372 -0.196181
vertex 15.397222 5.378372 -1.926429
vertex 13.267674 3.585582 0.042523
endloop
endfacet
facet normal -0.563855 -0.639083 -0.523107
outer loop
vertex 16.850035 5.378372 -4.142389
vertex 17.325835 3.585582 -2.464986
vertex 15.642926 3.585582 -0.650985
endloop
endfacet
facet normal -0.746599 -0.450553 -0.489481
outer loop
vertex 15.397222 5.378372 -1.926429
vertex 16.850035 5.378372 -4.142389
vertex 15.642926 3.585582 -0.650985
endloop
endfacet
facet normal -0.669002 -0.480553 -0.567013
outer loop
vertex 18.891478 5.378372 -5.831663
vertex 18.925707 3.585582 -4.352628
vertex 17.325835 3.585582 -2.464986
endloop
endfacet
facet normal -0.476219 -0.664844 -0.575498
outer loop
vertex 16.850035 5.378372 -4.142389
vertex 18.891478 5.378372 -5.831663
vertex 17.325835 3.585582 -2.464986
endloop
endfacet
facet normal -0.080267 0.069086 -0.994376
outer loop
vertex 21.124732 5.378372 -4.405577
vertex 21.392110 3.585582 -4.551718
vertex 18.925707 3.585582 -4.352628
endloop
endfacet
facet normal 0.444006 -0.565151 -0.695315
outer loop
vertex 18.891478 5.378372 -5.831663
vertex 21.124732 5.378372 -4.405577
vertex 18.925707 3.585582 -4.352628
endloop
endfacet
facet normal 0.699835 0.344161 -0.625926
outer loop
vertex 22.606113 5.378372 -2.208614
vertex 23.041689 3.585582 -2.707357
vertex 21.392110 3.585582 -4.551718
endloop
endfacet
facet normal 0.817500 0.166856 -0.551229
outer loop
vertex 21.124732 5.378372 -4.405577
vertex 22.606113 5.378372 -2.208614
vertex 21.392110 3.585582 -4.551718
endloop
endfacet
facet normal 0.862491 0.189149 -0.469395
outer loop
vertex 24.108007 5.378372 -0.025621
vertex 24.224524 3.585582 -0.533953
vertex 23.041689 3.585582 -2.707357
endloop
endfacet
facet normal 0.775682 0.336923 -0.533667
outer loop
vertex 22.606113 5.378372 -2.208614
vertex 24.108007 5.378372 -0.025621
vertex 23.041689 3.585582 -2.707357
endloop
endfacet
facet normal -0.754241 0.329977 -0.567658
outer loop
vertex 1.994601 7.171163 -1.611058
vertex 1.593397 5.378372 -2.120126
vertex 0.000000 5.378372 -0.002999
endloop
endfacet
facet normal -0.628345 0.001301 -0.777934
outer loop
vertex 0.000000 7.171163 0.000000
vertex 1.994601 7.171163 -1.611058
vertex 0.000000 5.378372 -0.002999
endloop
endfacet
facet normal -0.804428 0.265387 -0.531474
outer loop
vertex 3.304676 7.171163 -3.815065
vertex 3.054044 5.378372 -4.330929
vertex 1.593397 5.378372 -2.120126
endloop
endfacet
facet normal -0.814482 0.319741 -0.484133
outer loop
vertex 1.994601 7.171163 -1.611058
vertex 3.304676 7.171163 -3.815065
vertex 1.593397 5.378372 -2.120126
endloop
endfacet
facet normal -0.553120 0.191666 -0.810755
outer loop
vertex 5.292623 7.171163 -5.434327
vertex 5.242917 5.378372 -5.824240
vertex 3.054044 5.378372 -4.330929
endloop
endfacet
facet normal -0.602987 0.297308 -0.740280
outer loop
vertex 3.304676 7.171163 -3.815065
vertex 5.292623 7.171163 -5.434327
vertex 3.054044 5.378372 -4.330929
endloop
endfacet
facet normal 0.548227 -0.478593 -0.685854
outer loop
vertex 7.821874 7.171163 -5.013810
vertex 7.312691 5.378372 -4.169799
vertex 5.242917 5.378372 -5.824240
endloop
endfacet
facet normal 0.160509 0.205514 -0.965402
outer loop
vertex 5.292623 7.171163 -5.434327
vertex 7.821874 7.171163 -5.013810
vertex 5.242917 5.378372 -5.824240
endloop
endfacet
facet normal 0.685413 -0.573068 -0.449224
outer loop
vertex 9.518419 7.171163 -3.091396
vertex 8.765181 5.378372 -1.953628
vertex 7.312691 5.378372 -4.169799
endloop
endfacet
facet normal 0.664002 -0.464459 -0.585986
outer loop
vertex 7.821874 7.171163 -5.013810
vertex 9.518419 7.171163 -3.091396
vertex 7.312691 5.378372 -4.169799
endloop
endfacet
facet normal 0.625045 -0.347042 -0.699200
outer loop
vertex 10.902324 7.171163 -0.932982
vertex 10.740659 5.378372 -0.187664
vertex 8.765181 5.378372 -1.953628
endloop
endfacet
facet normal 0.690869 -0.571387 -0.442963
outer loop
vertex 9.518419 7.171163 -3.091396
vertex 10.902324 7.171163 -0.932982
vertex 8.765181 5.378372 -1.953628
endloop
endfacet
facet normal -0.002904 -0.428560 -0.903509
outer loop
vertex 13.463767 7.171163 -1.046789
vertex 13.390389 5.378372 -0.196181
vertex 10.740659 5.378372 -0.187664
endloop
endfacet
facet normal -0.041050 -0.380397 -0.923912
outer loop
vertex 10.902324 7.171163 -0.932982
vertex 13.463767 7.171163 -1.046789
vertex 10.740659 5.378372 -0.187664
endloop
endfacet
facet normal -0.529289 -0.585648 -0.613897
outer loop
vertex 14.875630 7.171163 -3.187019
vertex 15.397222 5.378372 -1.926429
vertex 13.390389 5.378372 -0.196181
endloop
endfacet
facet normal -0.814006 -0.221460 -0.536982
outer loop
vertex 13.463767 7.171163 -1.046789
vertex 14.875630 7.171163 -3.187019
vertex 13.390389 5.378372 -0.196181
endloop
endfacet
facet normal -0.765165 -0.403568 -0.501653
outer loop
vertex 16.550742 7.171163 -5.128138
vertex 16.850035 5.378372 -4.142389
vertex 15.397222 5.378372 -1.926429
endloop
endfacet
facet normal -0.626149 -0.562110 -0.540343
outer loop
vertex 14.875630 7.171163 -3.187019
vertex 16.550742 7.171163 -5.128138
vertex 15.397222 5.378372 -1.926429
endloop
endfacet
facet normal -0.631694 0.134929 -0.763385
outer loop
vertex 19.060134 7.171163 -5.654346
vertex 18.891478 5.378372 -5.831663
vertex 16.850035 5.378372 -4.142389
endloop
endfacet
facet normal -0.178116 -0.496773 -0.849406
outer loop
vertex 16.550742 7.171163 -5.128138
vertex 19.060134 7.171163 -5.654346
vertex 16.850035 5.378372 -4.142389
endloop
endfacet
facet normal 0.518876 0.265543 -0.812561
outer loop
vertex 20.955573 7.171163 -3.927716
vertex 21.124732 5.378372 -4.405577
vertex 18.891478 5.378372 -5.831663
endloop
endfacet
facet normal 0.673388 0.009765 -0.739224
outer loop
vertex 19.060134 7.171163 -5.654346
vertex 20.955573 7.171163 -3.927716
vertex 18.891478 5.378372 -5.831663
endloop
endfacet
facet normal 0.793833 0.288642 -0.535271
outer loop
vertex 22.276739 7.171163 -1.730339
vertex 22.606113 5.378372 -2.208614
vertex 21.124732 5.378372 -4.405577
endloop
endfacet
facet normal 0.837318 0.213194 -0.503435
outer loop
vertex 20.955573 7.171163 -3.927716
vertex 22.276739 7.171163 -1.730339
vertex 21.124732 5.378372 -4.405577
endloop
endfacet
facet normal 0.823073 -0.043445 -0.566272
outer loop
vertex 24.197951 7.171163 -0.032433
vertex 24.108007 5.378372 -0.025621
vertex 22.606113 5.378372 -2.208614
endloop
endfacet
facet normal 0.630426 0.306124 -0.713338
outer loop
vertex 22.276739 7.171163 -1.730339
vertex 24.197951 7.171163 -0.032433
vertex 22.606113 5.378372 -2.208614
endloop
endfacet
facet normal -0.552865 0.475206 -0.684485
outer loop
vertex 2.200484 8.963954 -0.532702
vertex 1.994601 7.171163 -1.611058
vertex 0.000000 7.171163 0.000000
endloop
endfacet
facet normal -0.235288 -0.000000 -0.971926
outer loop
vertex 0.000000 8.963954 0.000000
vertex 2.200484 8.963954 -0.532702
vertex 0.000000 7.171163 0.000000
endloop
endfacet
facet normal -0.679696 0.612197 -0.404015
outer loop
vertex 3.874463 8.963954 -2.057068
vertex 3.304676 7.171163 -3.815065
vertex 1.994601 7.171163 -1.611058
endloop
endfacet
facet normal -0.596855 0.462784 -0.655435
outer loop
vertex 2.200484 8.963954 -0.532702
vertex 3.874463 8.963954 -2.057068
vertex 1.994601 7.171163 -1.611058
endloop
endfacet
facet normal -0.420574 0.746001 -0.516333
outer loop
vertex 5.796118 8.963954 -3.254209
vertex 5.292623 7.171163 -5.434327
vertex 3.304676 7.171163 -3.815065
endloop
endfacet
facet normal -0.373826 0.707230 -0.600066
outer loop
vertex 3.874463 8.963954 -2.057068
vertex 5.796118 8.963954 -3.254209
vertex 3.304676 7.171163 -3.815065
endloop
endfacet
facet normal 0.164007 -0.005925 -0.986441
outer loop
vertex 7.022190 8.963954 -5.157535
vertex 7.821874 7.171163 -5.013810
vertex 5.292623 7.171163 -5.434327
endloop
endfacet
facet normal -0.626537 0.666754 -0.403598
outer loop
vertex 5.796118 8.963954 -3.254209
vertex 7.022190 8.963954 -5.157535
vertex 5.292623 7.171163 -5.434327
endloop
endfacet
facet normal 0.648207 -0.502582 -0.572048
outer loop
vertex 9.275885 8.963954 -4.941304
vertex 9.518419 7.171163 -3.091396
vertex 7.821874 7.171163 -5.013810
endloop
endfacet
facet normal 0.095440 -0.037174 -0.994741
outer loop
vertex 7.022190 8.963954 -5.157535
vertex 9.275885 8.963954 -4.941304
vertex 7.821874 7.171163 -5.013810
endloop
endfacet
facet normal 0.653823 -0.629903 -0.419210
outer loop
vertex 11.000220 8.963954 -3.474139
vertex 10.902324 7.171163 -0.932982
vertex 9.518419 7.171163 -3.091396
endloop
endfacet
facet normal 0.531331 -0.572479 -0.624464
outer loop
vertex 9.275885 8.963954 -4.941304
vertex 11.000220 8.963954 -3.474139
vertex 9.518419 7.171163 -3.091396
endloop
endfacet
facet normal -0.025997 -0.810528 -0.585123
outer loop
vertex 13.263773 8.963954 -3.521326
vertex 13.463767 7.171163 -1.046789
vertex 10.902324 7.171163 -0.932982
endloop
endfacet
facet normal -0.012023 -0.816837 -0.576743
outer loop
vertex 11.000220 8.963954 -3.474139
vertex 13.263773 8.963954 -3.521326
vertex 10.902324 7.171163 -0.932982
endloop
endfacet
facet normal -0.766974 -0.394663 -0.505956
outer loop
vertex 15.072220 8.963954 -4.883464
vertex 14.875630 7.171163 -3.187019
vertex 13.463767 7.171163 -1.046789
endloop
endfacet
facet normal -0.390968 -0.760072 -0.519070
outer loop
vertex 13.263773 8.963954 -3.521326
vertex 15.072220 8.963954 -4.883464
vertex 13.463767 7.171163 -1.046789
endloop
endfacet
facet normal -0.753151 0.101689 -0.649941
outer loop
vertex 17.214291 8.963954 -5.616561
vertex 16.550742 7.171163 -5.128138
vertex 14.875630 7.171163 -3.187019
endloop
endfacet
facet normal -0.245528 -0.651941 -0.717419
outer loop
vertex 15.072220 8.963954 -4.883464
vertex 17.214291 8.963954 -5.616561
vertex 14.875630 7.171163 -3.187019
endloop
endfacet
facet normal -0.153537 0.663569 -0.732190
outer loop
vertex 18.766004 8.963954 -3.967899
vertex 19.060134 7.171163 -5.654346
vertex 16.550742 7.171163 -5.128138
endloop
endfacet
facet normal 0.662499 -0.415081 -0.623541
outer loop
vertex 17.214291 8.963954 -5.616561
vertex 18.766004 8.963954 -3.967899
vertex 16.550742 7.171163 -5.128138
endloop
endfacet
facet normal 0.544415 0.588590 -0.597641
outer loop
vertex 20.530502 8.963954 -2.549291
vertex 20.955573 7.171163 -3.927716
vertex 19.060134 7.171163 -5.654346
endloop
endfacet
facet normal 0.480739 0.641357 -0.597955
outer loop
vertex 18.766004 8.963954 -3.967899
vertex 20.530502 8.963954 -2.549291
vertex 19.060134 7.171163 -5.654346
endloop
endfacet
facet normal 0.796764 0.368344 -0.479052
outer loop
vertex 21.994107 8.963954 -0.821935
vertex 22.276739 7.171163 -1.730339
vertex 20.955573 7.171163 -3.927716
endloop
endfacet
facet normal 0.631510 0.561142 -0.535084
outer loop
vertex 20.530502 8.963954 -2.549291
vertex 21.994107 8.963954 -0.821935
vertex 20.955573 7.171163 -3.927716
endloop
endfacet
facet normal 0.662202 -0.006829 -0.749294
outer loop
vertex 24.139971 8.963954 -0.100013
vertex 24.197951 7.171163 -0.032433
vertex 22.276739 7.171163 -1.730339
endloop
endfacet
facet normal 0.281679 0.468651 -0.837272
outer loop
vertex 21.994107 8.963954 -0.821935
vertex 24.139971 8.963954 -0.100013
vertex 22.276739 7.171163 -1.730339
endloop
endfacet
facet normal -0.233268 0.130742 -0.963583
outer loop
vertex 2.334191 10.756745 -0.321818
vertex 2.200484 8.963954 -0.532702
vertex 0.000000 8.963954 0.000000
endloop
endfacet
facet normal -0.136579 -0.000000 -0.990629
outer loop
vertex 0.000000 10.756745 0.000000
vertex 2.334191 10.756745 -0.321818
vertex 0.000000 8.963954 0.000000
endloop
endfacet
facet normal -0.661863 0.183485 -0.726823
outer loop
vertex 4.134836 10.756745 -1.841584
vertex 3.874463 8.963954 -2.057068
vertex 2.200484 8.963954 -0.532702
endloop
endfacet
facet normal -0.638933 0.136699 -0.757019
outer loop
vertex 2.334191 10.756745 -0.321818
vertex 4.134836 10.756745 -1.841584
vertex 2.200484 8.963954 -0.532702
endloop
endfacet
facet normal -0.505856 -0.291143 -0.812001
outer loop
vertex 5.536747 10.756745 -3.735432
vertex 5.796118 8.963954 -3.254209
vertex 3.874463 8.963954 -2.057068
endloop
endfacet
facet normal -0.789875 0.184994 -0.584701
outer loop
vertex 4.134836 10.756745 -1.841584
vertex 5.536747 10.756745 -3.735432
vertex 3.874463 8.963954 -2.057068
endloop
endfacet
facet normal -0.838579 0.070563 -0.540191
outer loop
vertex 7.278919 10.756745 -5.321890
vertex 7.022190 8.963954 -5.157535
vertex 5.796118 8.963954 -3.254209
endloop
endfacet
facet normal -0.645626 -0.283715 -0.708995
outer loop
vertex 5.536747 10.756745 -3.735432
vertex 7.278919 10.756745 -5.321890
vertex 5.796118 8.963954 -3.254209
endloop
endfacet
facet normal 0.094358 -0.154634 -0.983456
outer loop
vertex 9.631444 10.756745 -5.189080
vertex 9.275885 8.963954 -4.941304
vertex 7.022190 8.963954 -5.157535
endloop
endfacet
facet normal 0.056087 -0.099111 -0.993494
outer loop
vertex 7.278919 10.756745 -5.321890
vertex 9.631444 10.756745 -5.189080
vertex 7.022190 8.963954 -5.157535
endloop
endfacet
facet normal 0.645100 0.094959 -0.758175
outer loop
vertex 10.986397 10.756745 -3.261358
vertex 11.000220 8.963954 -3.474139
vertex 9.275885 8.963954 -4.941304
endloop
endfacet
facet normal 0.795220 -0.234963 -0.558943
outer loop
vertex 9.631444 10.756745 -5.189080
vertex 10.986397 10.756745 -3.261358
vertex 9.275885 8.963954 -4.941304
endloop
endfacet
facet normal -0.020533 0.171531 -0.984965
outer loop
vertex 13.342124 10.756745 -3.210745
vertex 13.263773 8.963954 -3.521326
vertex 11.000220 8.963954 -3.474139
endloop
endfacet
facet normal 0.021330 0.117995 -0.992785
outer loop
vertex 10.986397 10.756745 -3.261358
vertex 13.342124 10.756745 -3.210745
vertex 11.000220 8.963954 -3.474139
endloop
endfacet
facet normal -0.586412 -0.223555 -0.778552
outer loop
vertex 14.712657 10.756745 -5.127423
vertex 15.072220 8.963954 -4.883464
vertex 13.263773 8.963954 -3.521326
endloop
endfacet
facet normal -0.805983 0.135066 -0.576323
outer loop
vertex 13.342124 10.756745 -3.210745
vertex 14.712657 10.756745 -5.127423
vertex 13.263773 8.963954 -3.521326
endloop
endfacet
facet normal -0.323728 -0.021040 -0.945916
outer loop
vertex 17.022889 10.756745 -5.590933
vertex 17.214291 8.963954 -5.616561
vertex 15.072220 8.963954 -4.883464
endloop
endfacet
facet normal -0.193838 -0.170345 -0.966131
outer loop
vertex 14.712657 10.756745 -5.127423
vertex 17.022889 10.756745 -5.590933
vertex 15.072220 8.963954 -4.883464
endloop
endfacet
facet normal 0.728128 0.013393 -0.685310
outer loop
vertex 18.732036 10.756745 -3.968951
vertex 18.766004 8.963954 -3.967899
vertex 17.214291 8.963954 -5.616561
endloop
endfacet
facet normal 0.685961 0.083568 -0.722824
outer loop
vertex 17.022889 10.756745 -5.590933
vertex 18.732036 10.756745 -3.968951
vertex 17.214291 8.963954 -5.616561
endloop
endfacet
facet normal 0.605113 0.259521 -0.752654
outer loop
vertex 20.243826 10.756745 -2.161603
vertex 20.530502 8.963954 -2.549291
vertex 18.766004 8.963954 -3.967899
endloop
endfacet
facet normal 0.766960 0.014155 -0.641538
outer loop
vertex 18.732036 10.756745 -3.968951
vertex 20.243826 10.756745 -2.161603
vertex 18.766004 8.963954 -3.967899
endloop
endfacet
facet normal 0.750049 0.183127 -0.635524
outer loop
vertex 21.867828 10.756745 -0.454375
vertex 21.994107 8.963954 -0.821935
vertex 20.530502 8.963954 -2.549291
endloop
endfacet
facet normal 0.700389 0.256070 -0.666246
outer loop
vertex 20.243826 10.756745 -2.161603
vertex 21.867828 10.756745 -0.454375
vertex 20.530502 8.963954 -2.549291
endloop
endfacet
facet normal 0.318698 0.032182 -0.947310
outer loop
vertex 24.184486 10.756745 -0.024132
vertex 24.139971 8.963954 -0.100013
vertex 21.994107 8.963954 -0.821935
endloop
endfacet
facet normal 0.178536 0.209669 -0.961334
outer loop
vertex 21.867828 10.756745 -0.454375
vertex 24.184486 10.756745 -0.024132
vertex 21.994107 8.963954 -0.821935
endloop
endfacet
facet normal -0.134171 -0.186962 -0.973161
outer loop
vertex 2.386339 12.549535 -0.673436
vertex 2.334191 10.756745 -0.321818
vertex 0.000000 10.756745 0.000000
endloop
endfacet
facet normal -0.271597 -0.000000 -0.962411
outer loop
vertex 0.000000 12.549535 0.000000
vertex 2.386339 12.549535 -0.673436
vertex 0.000000 10.756745 0.000000
endloop
endfacet
facet normal -0.566687 -0.477557 -0.671421
outer loop
vertex 3.718085 12.549535 -2.764987
vertex 4.134836 10.756745 -1.841584
vertex 2.334191 10.756745 -0.321818
endloop
endfacet
facet normal -0.840782 -0.080541 -0.535348
outer loop
vertex 2.386339 12.549535 -0.673436
vertex 3.718085 12.549535 -2.764987
vertex 2.334191 10.756745 -0.321818
endloop
endfacet
facet normal -0.745113 -0.374941 -0.551566
outer loop
vertex 5.318306 12.549535 -4.659036
vertex 5.536747 10.756745 -3.735432
vertex 4.134836 10.756745 -1.841584
endloop
endfacet
facet normal -0.680489 -0.454309 -0.574924
outer loop
vertex 3.718085 12.549535 -2.764987
vertex 5.318306 12.549535 -4.659036
vertex 4.134836 10.756745 -1.841584
endloop
endfacet
facet normal -0.627308 0.363221 -0.688879
outer loop
vertex 7.791019 12.549535 -4.842945
vertex 7.278919 10.756745 -5.321890
vertex 5.536747 10.756745 -3.735432
endloop
endfacet
facet normal -0.065730 -0.463301 -0.883760
outer loop
vertex 5.318306 12.549535 -4.659036
vertex 7.791019 12.549535 -4.842945
vertex 5.536747 10.756745 -3.735432
endloop
endfacet
facet normal 0.039843 0.707332 -0.705757
outer loop
vertex 9.795219 12.549535 -3.383043
vertex 9.631444 10.756745 -5.189080
vertex 7.278919 10.756745 -5.321890
endloop
endfacet
facet normal 0.588109 0.047701 -0.807374
outer loop
vertex 7.791019 12.549535 -4.842945
vertex 9.795219 12.549535 -3.383043
vertex 7.278919 10.756745 -5.321890
endloop
endfacet
facet normal 0.673331 0.568015 -0.473270
outer loop
vertex 10.935925 12.549535 -1.181471
vertex 10.986397 10.756745 -3.261358
vertex 9.631444 10.756745 -5.189080
endloop
endfacet
facet normal 0.829344 0.357123 -0.429710
outer loop
vertex 9.795219 12.549535 -3.383043
vertex 10.935925 12.549535 -1.181471
vertex 9.631444 10.756745 -5.189080
endloop
endfacet
facet normal 0.013316 0.784663 -0.619780
outer loop
vertex 13.403651 12.549535 -0.939690
vertex 13.342124 10.756745 -3.210745
vertex 10.986397 10.756745 -3.261358
endloop
endfacet
facet normal 0.063752 0.756672 -0.650679
outer loop
vertex 10.935925 12.549535 -1.181471
vertex 13.403651 12.549535 -0.939690
vertex 10.986397 10.756745 -3.261358
endloop
endfacet
facet normal -0.697455 0.514622 -0.498720
outer loop
vertex 14.595693 12.549535 -3.113894
vertex 14.712657 10.756745 -5.127423
vertex 13.342124 10.756745 -3.210745
endloop
endfacet
facet normal -0.738856 0.538512 -0.405089
outer loop
vertex 13.403651 12.549535 -0.939690
vertex 14.595693 12.549535 -3.113894
vertex 13.342124 10.756745 -3.210745
endloop
endfacet
facet normal -0.178766 0.417315 -0.891006
outer loop
vertex 16.538830 12.549535 -4.654137
vertex 17.022889 10.756745 -5.590933
vertex 14.712657 10.756745 -5.127423
endloop
endfacet
facet normal -0.475727 0.643026 -0.600167
outer loop
vertex 14.595693 12.549535 -3.113894
vertex 16.538830 12.549535 -4.654137
vertex 14.712657 10.756745 -5.127423
endloop
endfacet
facet normal 0.647258 -0.340406 -0.682041
outer loop
vertex 19.017612 12.549535 -4.592720
vertex 18.732036 10.756745 -3.968951
vertex 17.022889 10.756745 -5.590933
endloop
endfacet
facet normal 0.021894 0.467647 -0.883644
outer loop
vertex 16.538830 12.549535 -4.654137
vertex 19.017612 12.549535 -4.592720
vertex 17.022889 10.756745 -5.590933
endloop
endfacet
facet normal 0.687910 -0.442353 -0.575415
outer loop
vertex 20.802651 12.549535 -2.871742
vertex 20.243826 10.756745 -2.161603
vertex 18.732036 10.756745 -3.968951
endloop
endfacet
facet normal 0.652826 -0.339584 -0.677127
outer loop
vertex 19.017612 12.549535 -4.592720
vertex 20.802651 12.549535 -2.871742
vertex 18.732036 10.756745 -3.968951
endloop
endfacet
facet normal 0.720459 -0.106075 -0.685337
outer loop
vertex 21.932050 12.549535 -0.664348
vertex 21.867828 10.756745 -0.454375
vertex 20.243826 10.756745 -2.161603
endloop
endfacet
facet normal 0.809416 -0.416342 -0.414132
outer loop
vertex 20.802651 12.549535 -2.871742
vertex 21.932050 12.549535 -0.664348
vertex 20.243826 10.756745 -2.161603
endloop
endfacet
facet normal 0.182050 0.077243 -0.980251
outer loop
vertex 24.279298 12.549535 0.134748
vertex 24.184486 10.756745 -0.024132
vertex 21.867828 10.756745 -0.454375
endloop
endfacet
facet normal 0.319887 -0.121509 -0.939632
outer loop
vertex 21.932050 12.549535 -0.664348
vertex 24.279298 12.549535 0.134748
vertex 21.867828 10.756745 -0.454375
endloop
endfacet
facet normal -0.270759 0.078472 -0.959443
outer loop
vertex 2.471407 14.342326 -0.550812
vertex 2.386339 12.549535 -0.673436
vertex 0.000000 12.549535 0.000000
endloop
endfacet
facet normal -0.217536 -0.000000 -0.976052
outer loop
vertex 0.000000 14.342326 0.000000
vertex 2.471407 14.342326 -0.550812
vertex 0.000000 12.549535 0.000000
endloop
endfacet
facet normal -0.814381 0.260580 -0.518538
outer loop
vertex 4.110657 14.342326 -2.480606
vertex 3.718085 12.549535 -2.764987
vertex 2.386339 12.549535 -0.673436
endloop
endfacet
facet normal -0.759695 0.080186 -0.645317
outer loop
vertex 2.471407 14.342326 -0.550812
vertex 4.110657 14.342326 -2.480606
vertex 2.386339 12.549535 -0.673436
endloop
endfacet
facet normal -0.763246 -0.040432 -0.644842
outer loop
vertex 5.280212 14.342326 -4.726354
vertex 5.318306 12.549535 -4.659036
vertex 3.718085 12.549535 -2.764987
endloop
endfacet
facet normal -0.856810 0.258398 -0.446215
outer loop
vertex 4.110657 14.342326 -2.480606
vertex 5.280212 14.342326 -4.726354
vertex 3.718085 12.549535 -2.764987
endloop
endfacet
facet normal -0.073110 0.168497 -0.982987
outer loop
vertex 7.805142 14.342326 -4.536687
vertex 7.791019 12.549535 -4.842945
vertex 5.318306 12.549535 -4.659036
endloop
endfacet
facet normal 0.074859 -0.035830 -0.996550
outer loop
vertex 5.280212 14.342326 -4.726354
vertex 7.805142 14.342326 -4.536687
vertex 5.318306 12.549535 -4.659036
endloop
endfacet
facet normal 0.528636 0.440297 -0.725729
outer loop
vertex 9.408556 14.342326 -2.577017
vertex 9.795219 12.549535 -3.383043
vertex 7.791019 12.549535 -4.842945
endloop
endfacet
facet normal 0.769947 0.101552 -0.629975
outer loop
vertex 7.805142 14.342326 -4.536687
vertex 9.408556 14.342326 -2.577017
vertex 7.791019 12.549535 -4.842945
endloop
endfacet
facet normal 0.865198 0.224658 -0.448287
outer loop
vertex 10.832241 14.342326 -0.483128
vertex 10.935925 12.549535 -1.181471
vertex 9.795219 12.549535 -3.383043
endloop
endfacet
facet normal 0.759383 0.395916 -0.516322
outer loop
vertex 9.408556 14.342326 -2.577017
vertex 10.832241 14.342326 -0.483128
vertex 9.795219 12.549535 -3.383043
endloop
endfacet
facet normal 0.095073 0.222196 -0.970356
outer loop
vertex 13.363792 14.342326 -0.533075
vertex 13.403651 12.549535 -0.939690
vertex 10.935925 12.549535 -1.181471
endloop
endfacet
facet normal -0.018388 0.361979 -0.932005
outer loop
vertex 10.832241 14.342326 -0.483128
vertex 13.363792 14.342326 -0.533075
vertex 10.935925 12.549535 -1.181471
endloop
endfacet
facet normal -0.775684 0.466315 -0.425281
outer loop
vertex 15.209080 14.342326 -2.266902
vertex 14.595693 12.549535 -3.113894
vertex 13.403651 12.549535 -0.939690
endloop
endfacet
facet normal -0.677172 0.148404 -0.720704
outer loop
vertex 13.363792 14.342326 -0.533075
vertex 15.209080 14.342326 -2.266902
vertex 13.403651 12.549535 -0.939690
endloop
endfacet
facet normal -0.613708 0.154636 -0.774241
outer loop
vertex 16.626141 14.342326 -4.365278
vertex 16.538830 12.549535 -4.654137
vertex 14.595693 12.549535 -3.113894
endloop
endfacet
facet normal -0.726775 0.480535 -0.490800
outer loop
vertex 15.209080 14.342326 -2.266902
vertex 16.626141 14.342326 -4.365278
vertex 14.595693 12.549535 -3.113894
endloop
endfacet
facet normal 0.024221 -0.209223 -0.977568
outer loop
vertex 19.083731 14.342326 -4.974782
vertex 19.017612 12.549535 -4.592720
vertex 16.538830 12.549535 -4.654137
endloop
endfacet
facet normal -0.237385 0.165782 -0.957165
outer loop
vertex 16.626141 14.342326 -4.365278
vertex 19.083731 14.342326 -4.974782
vertex 16.538830 12.549535 -4.654137
endloop
endfacet
facet normal 0.687178 0.140581 -0.712757
outer loop
vertex 20.459420 14.342326 -2.849052
vertex 20.802651 12.549535 -2.871742
vertex 19.017612 12.549535 -4.592720
endloop
endfacet
facet normal 0.830635 -0.145193 -0.537554
outer loop
vertex 19.083731 14.342326 -4.974782
vertex 20.459420 14.342326 -2.849052
vertex 19.017612 12.549535 -4.592720
endloop
endfacet
facet normal 0.890009 -0.022909 -0.455367
outer loop
vertex 21.919008 14.342326 -0.780032
vertex 21.932050 12.549535 -0.664348
vertex 20.802651 12.549535 -2.871742
endloop
endfacet
facet normal 0.806397 0.161585 -0.568871
outer loop
vertex 20.459420 14.342326 -2.849052
vertex 21.919008 14.342326 -0.780032
vertex 20.802651 12.549535 -2.871742
endloop
endfacet
facet normal 0.319873 -0.121874 -0.939589
outer loop
vertex 24.350497 14.342326 -0.073557
vertex 24.279298 12.549535 0.134748
vertex 21.932050 12.549535 -0.664348
endloop
endfacet
facet normal 0.278514 -0.059828 -0.958567
outer loop
vertex 21.919008 14.342326 -0.780032
vertex 24.350497 14.342326 -0.073557
vertex 21.932050 12.549535 -0.664348
endloop
endfacet
facet normal -0.214928 0.154409 -0.964346
outer loop
vertex 2.487089 16.135117 -0.267249
vertex 2.471407 14.342326 -0.550812
vertex 0.000000 14.342326 0.000000
endloop
endfacet
facet normal -0.106840 -0.000000 -0.994276
outer loop
vertex 0.000000 16.135117 0.000000
vertex 2.487089 16.135117 -0.267249
vertex 0.000000 14.342326 0.000000
endloop
endfacet
facet normal -0.741765 0.229726 -0.630087
outer loop
vertex 4.273278 16.135117 -2.018410
vertex 4.110657 14.342326 -2.480606
vertex 2.471407 14.342326 -0.550812
endloop
endfacet
facet normal -0.695160 0.118232 -0.709065
outer loop
vertex 2.487089 16.135117 -0.267249
vertex 4.273278 16.135117 -2.018410
vertex 2.471407 14.342326 -0.550812
endloop
endfacet
facet normal -0.876506 0.152874 -0.456472
outer loop
vertex 5.356783 16.135117 -4.272972
vertex 5.280212 14.342326 -4.726354
vertex 4.110657 14.342326 -2.480606
endloop
endfacet
facet normal -0.884915 0.189909 -0.425276
outer loop
vertex 4.273278 16.135117 -2.018410
vertex 5.356783 16.135117 -4.272972
vertex 4.110657 14.342326 -2.480606
endloop
endfacet
facet normal 0.072877 0.231207 -0.970171
outer loop
vertex 7.852602 16.135117 -4.105872
vertex 7.805142 14.342326 -4.536687
vertex 5.280212 14.342326 -4.726354
endloop
endfacet
facet normal 0.064816 0.242055 -0.968095
outer loop
vertex 5.356783 16.135117 -4.272972
vertex 7.852602 16.135117 -4.105872
vertex 5.280212 14.342326 -4.726354
endloop
endfacet
facet normal 0.726988 0.343032 -0.594826
outer loop
vertex 9.090279 16.135117 -1.932121
vertex 9.408556 14.342326 -2.577017
vertex 7.805142 14.342326 -4.536687
endloop
endfacet
facet normal 0.865043 0.095457 -0.492533
outer loop
vertex 7.852602 16.135117 -4.105872
vertex 9.090279 16.135117 -1.932121
vertex 7.805142 14.342326 -4.536687
endloop
endfacet
facet normal 0.826661 0.026708 -0.562066
outer loop
vertex 10.936590 16.135117 -0.244469
vertex 10.832241 14.342326 -0.483128
vertex 9.408556 14.342326 -2.577017
endloop
endfacet
facet normal 0.629569 0.359525 -0.688756
outer loop
vertex 9.090279 16.135117 -1.932121
vertex 10.936590 16.135117 -0.244469
vertex 9.408556 14.342326 -2.577017
endloop
endfacet
facet normal -0.019352 0.193758 -0.980859
outer loop
vertex 13.437175 16.135117 -0.180377
vertex 13.363792 14.342326 -0.533075
vertex 10.832241 14.342326 -0.483128
endloop
endfacet
facet normal 0.025403 0.130462 -0.991128
outer loop
vertex 10.936590 16.135117 -0.244469
vertex 13.437175 16.135117 -0.180377
vertex 10.832241 14.342326 -0.483128
endloop
endfacet
facet normal -0.642372 0.346349 -0.683667
outer loop
vertex 15.484546 16.135117 -1.617494
vertex 15.209080 14.342326 -2.266902
vertex 13.363792 14.342326 -0.533075
endloop
endfacet
facet normal -0.564984 0.181475 -0.804898
outer loop
vertex 13.437175 16.135117 -0.180377
vertex 15.484546 16.135117 -1.617494
vertex 13.363792 14.342326 -0.533075
endloop
endfacet
facet normal -0.811825 0.200944 -0.548236
outer loop
vertex 16.693221 16.135117 -3.807503
vertex 16.626141 14.342326 -4.365278
vertex 15.209080 14.342326 -2.266902
endloop
endfacet
facet normal -0.836356 0.295711 -0.461588
outer loop
vertex 15.484546 16.135117 -1.617494
vertex 16.693221 16.135117 -3.807503
vertex 15.209080 14.342326 -2.266902
endloop
endfacet
facet normal -0.240675 0.018599 -0.970428
outer loop
vertex 18.940994 16.135117 -4.905023
vertex 19.083731 14.342326 -4.974782
vertex 16.626141 14.342326 -4.365278
endloop
endfacet
facet normal -0.420718 0.283820 -0.861651
outer loop
vertex 16.693221 16.135117 -3.807503
vertex 18.940994 16.135117 -4.905023
vertex 16.626141 14.342326 -4.365278
endloop
endfacet
facet normal 0.823450 0.194790 -0.532904
outer loop
vertex 20.129277 16.135117 -2.703882
vertex 20.459420 14.342326 -2.849052
vertex 19.083731 14.342326 -4.974782
endloop
endfacet
facet normal 0.876532 0.088200 -0.473194
outer loop
vertex 18.940994 16.135117 -4.905023
vertex 20.129277 16.135117 -2.703882
vertex 19.083731 14.342326 -4.974782
endloop
endfacet
facet normal 0.816149 0.049092 -0.575752
outer loop
vertex 21.779884 16.135117 -0.824380
vertex 21.919008 14.342326 -0.780032
vertex 20.459420 14.342326 -2.849052
endloop
endfacet
facet normal 0.737928 0.188366 -0.648059
outer loop
vertex 20.129277 16.135117 -2.703882
vertex 21.779884 16.135117 -0.824380
vertex 20.459420 14.342326 -2.849052
endloop
endfacet
facet normal 0.277511 -0.103640 -0.955116
outer loop
vertex 24.226584 16.135117 -0.304097
vertex 24.350497 14.342326 -0.073557
vertex 21.919008 14.342326 -0.780032
endloop
endfacet
facet normal 0.207989 -0.008055 -0.978098
outer loop
vertex 21.779884 16.135117 -0.824380
vertex 24.226584 16.135117 -0.304097
vertex 21.919008 14.342326 -0.780032
endloop
endfacet
facet normal -0.106607 0.065921 -0.992114
outer loop
vertex 2.027859 17.927908 -0.098780
vertex 2.487089 16.135117 -0.267249
vertex 0.000000 16.135117 0.000000
endloop
endfacet
facet normal -0.048654 -0.000000 -0.998816
outer loop
vertex 0.000000 17.927908 0.000000
vertex 2.027859 17.927908 -0.098780
vertex 0.000000 16.135117 0.000000
endloop
endfacet
facet normal -0.682028 0.225568 -0.695670
outer loop
vertex 3.840655 17.927908 -1.012967
vertex 4.273278 16.135117 -2.018410
vertex 2.487089 16.135117 -0.267249
endloop
endfacet
facet normal -0.450058 -0.031421 -0.892446
outer loop
vertex 2.027859 17.927908 -0.098780
vertex 3.840655 17.927908 -1.012967
vertex 2.487089 16.135117 -0.267249
endloop
endfacet
facet normal -0.771686 0.516685 -0.370860
outer loop
vertex 5.530945 17.927908 -2.137639
vertex 5.356783 16.135117 -4.272972
vertex 4.273278 16.135117 -2.018410
endloop
endfacet
facet normal -0.525542 0.316146 -0.789846
outer loop
vertex 3.840655 17.927908 -1.012967
vertex 5.530945 17.927908 -2.137639
vertex 4.273278 16.135117 -2.018410
endloop
endfacet
facet normal 0.041546 0.783079 -0.620533
outer loop
vertex 7.542712 17.927908 -1.864214
vertex 7.852602 16.135117 -4.105872
vertex 5.356783 16.135117 -4.272972
endloop
endfacet
facet normal 0.087625 0.759385 -0.644714
outer loop
vertex 5.530945 17.927908 -2.137639
vertex 7.542712 17.927908 -1.864214
vertex 5.356783 16.135117 -4.272972
endloop
endfacet
facet normal 0.769501 0.464659 -0.438134
outer loop
vertex 8.904007 17.927908 -0.357946
vertex 9.090279 16.135117 -1.932121
vertex 7.852602 16.135117 -4.105872
endloop
endfacet
facet normal 0.533436 0.695004 -0.482095
outer loop
vertex 7.542712 17.927908 -1.864214
vertex 8.904007 17.927908 -0.357946
vertex 7.852602 16.135117 -4.105872
endloop
endfacet
facet normal 0.669502 0.123676 -0.732442
outer loop
vertex 10.898183 17.927908 0.023147
vertex 10.936590 16.135117 -0.244469
vertex 9.090279 16.135117 -1.932121
endloop
endfacet
facet normal 0.140777 0.661453 -0.736655
outer loop
vertex 8.904007 17.927908 -0.357946
vertex 10.898183 17.927908 0.023147
vertex 9.090279 16.135117 -1.932121
endloop
endfacet
facet normal 0.025433 0.121219 -0.992300
outer loop
vertex 12.928445 17.927908 0.025591
vertex 13.437175 16.135117 -0.180377
vertex 10.936590 16.135117 -0.244469
endloop
endfacet
facet normal 0.001191 0.147662 -0.989037
outer loop
vertex 10.898183 17.927908 0.023147
vertex 12.928445 17.927908 0.025591
vertex 10.936590 16.135117 -0.244469
endloop
endfacet
facet normal -0.503519 0.481564 -0.717332
outer loop
vertex 14.957515 17.927908 -0.044005
vertex 15.484546 16.135117 -1.617494
vertex 13.437175 16.135117 -0.180377
endloop
endfacet
facet normal -0.034092 0.104517 -0.993939
outer loop
vertex 12.928445 17.927908 0.025591
vertex 14.957515 17.927908 -0.044005
vertex 13.437175 16.135117 -0.180377
endloop
endfacet
facet normal -0.689391 0.616422 -0.380478
outer loop
vertex 16.747713 17.927908 -1.001688
vertex 16.693221 16.135117 -3.807503
vertex 15.484546 16.135117 -1.617494
endloop
endfacet
facet normal -0.398163 0.536193 -0.744287
outer loop
vertex 14.957515 17.927908 -0.044005
vertex 16.747713 17.927908 -1.001688
vertex 15.484546 16.135117 -1.617494
endloop
endfacet
facet normal -0.276282 0.776849 -0.565839
outer loop
vertex 18.401039 17.927908 -2.180027
vertex 18.940994 16.135117 -4.905023
vertex 16.693221 16.135117 -3.807503
endloop
endfacet
facet normal -0.355218 0.790830 -0.498406
outer loop
vertex 16.747713 17.927908 -1.001688
vertex 18.401039 17.927908 -2.180027
vertex 16.693221 16.135117 -3.807503
endloop
endfacet
facet normal 0.818857 0.366138 -0.442059
outer loop
vertex 20.158875 17.927908 -1.164164
vertex 20.129277 16.135117 -2.703882
vertex 18.940994 16.135117 -4.905023
endloop
endfacet
facet normal 0.281865 0.826237 -0.487735
outer loop
vertex 18.401039 17.927908 -2.180027
vertex 20.158875 17.927908 -1.164164
vertex 18.940994 16.135117 -4.905023
endloop
endfacet
facet normal 0.750027 0.059943 -0.658685
outer loop
vertex 22.030060 17.927908 -0.376359
vertex 21.779884 16.135117 -0.824380
vertex 20.129277 16.135117 -2.703882
endloop
endfacet
facet normal 0.305201 0.617542 -0.724910
outer loop
vertex 20.158875 17.927908 -1.164164
vertex 22.030060 17.927908 -0.376359
vertex 20.129277 16.135117 -2.703882
endloop
endfacet
facet normal 0.203097 0.215758 -0.955092
outer loop
vertex 24.013827 17.927908 0.055657
vertex 24.226584 16.135117 -0.304097
vertex 21.779884 16.135117 -0.824380
endloop
endfacet
facet normal 0.208056 0.209715 -0.955370
outer loop
vertex 22.030060 17.927908 -0.376359
vertex 24.013827 17.927908 0.055657
vertex 21.779884 16.135117 -0.824380
endloop
endfacet
facet normal -0.043934 -0.429668 -0.901918
outer loop
vertex 1.661704 19.720698 -0.935018
vertex 2.027859 17.927908 -0.098780
vertex 0.000000 17.927908 0.000000
endloop
endfacet
facet normal -0.490385 -0.000000 -0.871506
outer loop
vertex 0.000000 19.720698 0.000000
vertex 1.661704 19.720698 -0.935018
vertex 0.000000 17.927908 0.000000
endloop
endfacet
facet normal -0.441671 0.194610 -0.875816
outer loop
vertex 3.504369 19.720698 -0.445013
vertex 3.840655 17.927908 -1.012967
vertex 2.027859 17.927908 -0.098780
endloop
endfacet
facet normal 0.238750 -0.370022 -0.897821
outer loop
vertex 1.661704 19.720698 -0.935018
vertex 3.504369 19.720698 -0.445013
vertex 2.027859 17.927908 -0.098780
endloop
endfacet
facet normal -0.405638 0.681026 -0.609640
outer loop
vertex 5.363970 19.720698 -0.023822
vertex 5.530945 17.927908 -2.137639
vertex 3.840655 17.927908 -1.012967
endloop
endfacet
facet normal 0.208472 0.330694 -0.920424
outer loop
vertex 3.504369 19.720698 -0.445013
vertex 5.363970 19.720698 -0.023822
vertex 3.840655 17.927908 -1.012967
endloop
endfacet
facet normal 0.092887 0.724082 -0.683430
outer loop
vertex 7.270546 19.720698 -0.001776
vertex 7.542712 17.927908 -1.864214
vertex 5.530945 17.927908 -2.137639
endloop
endfacet
facet normal 0.007475 0.762913 -0.646458
outer loop
vertex 5.363970 19.720698 -0.023822
vertex 7.270546 19.720698 -0.001776
vertex 5.530945 17.927908 -2.137639
endloop
endfacet
facet normal 0.741645 0.026636 -0.670264
outer loop
vertex 9.177171 19.720698 0.015553
vertex 8.904007 17.927908 -0.357946
vertex 7.542712 17.927908 -1.864214
endloop
endfacet
facet normal 0.006299 0.720895 -0.693016
outer loop
vertex 7.270546 19.720698 -0.001776
vertex 9.177171 19.720698 0.015553
vertex 7.542712 17.927908 -1.864214
endloop
endfacet
facet normal 0.187655 -0.023354 -0.981957
outer loop
vertex 11.083874 19.720698 0.015995
vertex 10.898183 17.927908 0.023147
vertex 8.904007 17.927908 -0.357946
endloop
endfacet
facet normal 0.000227 0.203922 -0.978987
outer loop
vertex 9.177171 19.720698 0.015553
vertex 11.083874 19.720698 0.015995
vertex 8.904007 17.927908 -0.357946
endloop
endfacet
facet normal 0.001204 -0.005395 -0.999985
outer loop
vertex 12.990578 19.720698 0.015995
vertex 12.928445 17.927908 0.025591
vertex 10.898183 17.927908 0.023147
endloop
endfacet
facet normal 0.000000 -0.003989 -0.999992
outer loop
vertex 11.083874 19.720698 0.015995
vertex 12.990578 19.720698 0.015995
vertex 10.898183 17.927908 0.023147
endloop
endfacet
facet normal -0.034262 0.032279 -0.998891
outer loop
vertex 14.897282 19.720698 0.015995
vertex 14.957515 17.927908 -0.044005
vertex 12.928445 17.927908 0.025591
endloop
endfacet
facet normal 0.000000 -0.005353 -0.999986
outer loop
vertex 12.990578 19.720698 0.015995
vertex 14.897282 19.720698 0.015995
vertex 12.928445 17.927908 0.025591
endloop
endfacet
facet normal -0.419301 0.458087 -0.783800
outer loop
vertex 16.803985 19.720698 0.015994
vertex 16.747713 17.927908 -1.001688
vertex 14.957515 17.927908 -0.044005
endloop
endfacet
facet normal -0.000001 0.033448 -0.999440
outer loop
vertex 14.897282 19.720698 0.015995
vertex 16.803985 19.720698 0.015994
vertex 14.957515 17.927908 -0.044005
endloop
endfacet
facet normal -0.390868 0.739223 -0.548426
outer loop
vertex 18.710689 19.720698 0.015783
vertex 18.401039 17.927908 -2.180027
vertex 16.747713 17.927908 -1.001688
endloop
endfacet
facet normal -0.000096 0.493663 -0.869653
outer loop
vertex 16.803985 19.720698 0.015994
vertex 18.710689 19.720698 0.015783
vertex 16.747713 17.927908 -1.001688
endloop
endfacet
facet normal 0.473298 0.324416 -0.818989
outer loop
vertex 20.605613 19.720698 -0.195835
vertex 20.158875 17.927908 -1.164164
vertex 18.401039 17.927908 -2.180027
endloop
endfacet
facet normal -0.069794 0.777521 -0.624972
outer loop
vertex 18.710689 19.720698 0.015783
vertex 20.605613 19.720698 -0.195835
vertex 18.401039 17.927908 -2.180027
endloop
endfacet
facet normal 0.362591 -0.356125 -0.861222
outer loop
vertex 22.340409 19.720698 -0.987036
vertex 22.030060 17.927908 -0.376359
vertex 20.158875 17.927908 -1.164164
endloop
endfacet
facet normal -0.356634 0.511223 -0.781961
outer loop
vertex 20.605613 19.720698 -0.195835
vertex 22.340409 19.720698 -0.987036
vertex 20.158875 17.927908 -1.164164
endloop
endfacet
facet normal 0.212518 -0.050381 -0.975857
outer loop
vertex 23.995770 19.720698 -0.040833
vertex 24.013827 17.927908 0.055657
vertex 22.030060 17.927908 -0.376359
endloop
endfacet
facet normal 0.463635 -0.356551 -0.811119
outer loop
vertex 22.340409 19.720698 -0.987036
vertex 23.995770 19.720698 -0.040833
vertex 22.030060 17.927908 -0.376359
endloop
endfacet
facet normal 0.000000 -1.000000 0.000000
outer loop
vertex 1.951060 0.000000 2.585709
vertex 0.000000 0.000000 2.434484
vertex 0.000000 0.000000 -2.434484
endloop
endfacet
facet normal 0.000000 -1.000000 -0.000000
outer loop
vertex 1.951060 0.000000 2.585709
vertex 0.000000 0.000000 -2.434484
vertex 1.951060 0.000000 -2.585709
endloop
endfacet
facet normal -1.000000 0.000000 0.000000
outer loop
vertex 0.000000 0.000000 2.434484
vertex 0.000000 1.792791 1.816264
vertex 0.000000 1.792791 -1.816264
endloop
endfacet
facet normal -1.000000 0.000000 0.000000
outer loop
vertex 0.000000 0.000000 2.434484
vertex 0.000000 1.792791 -1.816264
vertex 0.000000 0.000000 -2.434484
endloop
endfacet
facet normal -0.000000 -1.000000 0.000000
outer loop
vertex 3.416502 0.000000 1.288796
vertex 1.951060 0.000000 2.585709
vertex 1.951060 0.000000 -2.585709
endloop
endfacet
facet normal 0.000000 -1.000000 -0.000000
outer loop
vertex 3.416502 0.000000 1.288796
vertex 1.951060 0.000000 -2.585709
vertex 3.416502 0.000000 -1.288796
endloop
endfacet
facet normal -0.000000 -1.000000 0.000000
outer loop
vertex 5.091960 0.000000 0.277685
vertex 3.416502 0.000000 1.288796
vertex 3.416502 0.000000 -1.288796
endloop
endfacet
facet normal 0.000000 -1.000000 -0.000000
outer loop
vertex 5.091960 0.000000 0.277685
vertex 3.416502 0.000000 -1.288796
vertex 5.091960 0.000000 -0.277685
endloop
endfacet
facet normal -0.000000 -1.000000 0.000000
outer loop
vertex 7.030517 0.000000 0.010292
vertex 5.091960 0.000000 0.277685
vertex 5.091960 0.000000 -0.277685
endloop
endfacet
facet normal 0.000000 -1.000000 -0.000000
outer loop
vertex 7.030517 0.000000 0.010292
vertex 5.091960 0.000000 -0.277685
vertex 7.030517 0.000000 -0.010292
endloop
endfacet
facet normal -0.000000 -1.000000 0.000000
outer loop
vertex 8.987426 0.000000 0.006649
vertex 7.030517 0.000000 0.010292
vertex 7.030517 0.000000 -0.010292
endloop
endfacet
facet normal 0.000000 -1.000000 -0.000000
outer loop
vertex 8.987426 0.000000 0.006649
vertex 7.030517 0.000000 -0.010292
vertex 8.987426 0.000000 -0.006649
endloop
endfacet
facet normal -0.000000 -1.000000 0.000000
outer loop
vertex 10.944338 0.000000 0.006649
vertex 8.987426 0.000000 0.006649
vertex 8.987426 0.000000 -0.006649
endloop
endfacet
facet normal 0.000000 -1.000000 -0.000000
outer loop
vertex 10.944338 0.000000 0.006649
vertex 8.987426 0.000000 -0.006649
vertex 10.944338 0.000000 -0.006649
endloop
endfacet
facet normal -0.000000 -1.000000 0.000000
outer loop
vertex 12.901250 0.000000 0.006649
vertex 10.944338 0.000000 0.006649
vertex 10.944338 0.000000 -0.006649
endloop
endfacet
facet normal 0.000000 -1.000000 -0.000000
outer loop
vertex 12.901250 0.000000 0.006649
vertex 10.944338 0.000000 -0.006649
vertex 12.901250 0.000000 -0.006649
endloop
endfacet
facet normal -0.000000 -1.000000 0.000000
outer loop
vertex 14.858162 0.000000 0.006649
vertex 12.901250 0.000000 0.006649
vertex 12.901250 0.000000 -0.006649
endloop
endfacet
facet normal 0.000000 -1.000000 -0.000000
outer loop
vertex 14.858162 0.000000 0.006649
vertex 12.901250 0.000000 -0.006649
vertex 14.858162 0.000000 -0.006649
endloop
endfacet
facet normal 0.000000 -1.000000 0.000000
outer loop
vertex 16.815074 0.000000 0.006962
vertex 14.858162 0.000000 0.006649
vertex 14.858162 0.000000 -0.006649
endloop
endfacet
facet normal 0.000000 -1.000000 -0.000000
outer loop
vertex 16.815074 0.000000 0.006962
vertex 14.858162 0.000000 -0.006649
vertex 16.815074 0.000000 -0.006962
endloop
endfacet
facet normal 0.000000 -1.000000 0.000000
outer loop
vertex 18.766965 0.000000 0.147049
vertex 16.815074 0.000000 0.006962
vertex 16.815074 0.000000 -0.006962
endloop
endfacet
facet normal 0.000000 -1.000000 -0.000000
outer loop
vertex 18.766965 0.000000 0.147049
vertex 16.815074 0.000000 -0.006962
vertex 18.766965 0.000000 -0.147049
endloop
endfacet
facet normal 0.000000 -1.000000 0.000000
outer loop
vertex 20.522677 0.000000 1.011330
vertex 18.766965 0.000000 0.147049
vertex 18.766965 0.000000 -0.147049
endloop
endfacet
facet normal 0.000000 -1.000000 -0.000000
outer loop
vertex 20.522677 0.000000 1.011330
vertex 18.766965 0.000000 -0.147049
vertex 20.522677 0.000000 -1.011330
endloop
endfacet
facet normal 0.000000 -1.000000 0.000000
outer loop
vertex 22.049404 0.000000 2.235506
vertex 20.522677 0.000000 1.011330
vertex 20.522677 0.000000 -1.011330
endloop
endfacet
facet normal 0.000000 -1.000000 -0.000000
outer loop
vertex 22.049404 0.000000 2.235506
vertex 20.522677 0.000000 -1.011330
vertex 22.049404 0.000000 -2.235506
endloop
endfacet
facet normal -0.000000 -1.000000 0.000000
outer loop
vertex 24.005897 0.000000 2.195006
vertex 22.049404 0.000000 2.235506
vertex 22.049404 0.000000 -2.235506
endloop
endfacet
facet normal 0.000000 -1.000000 -0.000000
outer loop
vertex 24.005897 0.000000 2.195006
vertex 22.049404 0.000000 -2.235506
vertex 24.005897 0.000000 -2.195006
endloop
endfacet
facet normal 0.996772 -0.080286 0.000000
outer loop
vertex 24.150300 1.792791 1.829669
vertex 24.005897 0.000000 2.195006
vertex 24.005897 0.000000 -2.195006
endloop
endfacet
facet normal 0.996772 -0.080286 0.000000
outer loop
vertex 24.150300 1.792791 1.829669
vertex 24.005897 0.000000 -2.195006
vertex 24.150300 1.792791 -1.829669
endloop
endfacet
facet normal -1.000000 0.000000 0.000000
outer loop
vertex 0.000000 1.792791 1.816264
vertex 0.000000 3.585582 0.451797
vertex 0.000000 3.585582 -0.451797
endloop
endfacet
facet normal -1.000000 0.000000 0.000000
outer loop
vertex 0.000000 1.792791 1.816264
vertex 0.000000 3.585582 -0.451797
vertex 0.000000 1.792791 -1.816264
endloop
endfacet
facet normal 0.999144 -0.041366 0.000000
outer loop
vertex 24.224524 3.585582 0.533953
vertex 24.150300 1.792791 1.829669
vertex 24.150300 1.792791 -1.829669
endloop
endfacet
facet normal 0.999144 -0.041366 0.000000
outer loop
vertex 24.224524 3.585582 0.533953
vertex 24.150300 1.792791 -1.829669
vertex 24.224524 3.585582 -0.533953
endloop
endfacet
facet normal -1.000000 0.000000 0.000000
outer loop
vertex 0.000000 3.585582 0.451797
vertex 0.000000 5.378372 0.002999
vertex 0.000000 5.378372 -0.002999
endloop
endfacet
facet normal -1.000000 0.000000 0.000000
outer loop
vertex 0.000000 3.585582 0.451797
vertex 0.000000 5.378372 -0.002999
vertex 0.000000 3.585582 -0.451797
endloop
endfacet
facet normal 0.997895 0.064856 0.000000
outer loop
vertex 24.108007 5.378372 0.025621
vertex 24.224524 3.585582 0.533953
vertex 24.224524 3.585582 -0.533953
endloop
endfacet
facet normal 0.997895 0.064856 0.000000
outer loop
vertex 24.108007 5.378372 0.025621
vertex 24.224524 3.585582 -0.533953
vertex 24.108007 5.378372 -0.025621
endloop
endfacet
facet normal -1.000000 0.000000 0.000000
outer loop
vertex 0.000000 5.378372 0.002999
vertex 0.000000 7.171163 0.000000
vertex 0.000000 5.378372 -0.002999
endloop
endfacet
facet normal 0.998744 -0.050107 0.000000
outer loop
vertex 24.197951 7.171163 0.032433
vertex 24.108007 5.378372 0.025621
vertex 24.108007 5.378372 -0.025621
endloop
endfacet
facet normal 0.998744 -0.050107 0.000000
outer loop
vertex 24.197951 7.171163 0.032433
vertex 24.108007 5.378372 -0.025621
vertex 24.197951 7.171163 -0.032433
endloop
endfacet
facet normal 0.999477 0.032324 0.000000
outer loop
vertex 24.139971 8.963954 0.100013
vertex 24.197951 7.171163 0.032433
vertex 24.197951 7.171163 -0.032433
endloop
endfacet
facet normal 0.999477 0.032324 0.000000
outer loop
vertex 24.139971 8.963954 0.100013
vertex 24.197951 7.171163 -0.032433
vertex 24.139971 8.963954 -0.100013
endloop
endfacet
facet normal 0.999692 -0.024823 0.000000
outer loop
vertex 24.184486 10.756745 0.024132
vertex 24.139971 8.963954 0.100013
vertex 24.139971 8.963954 -0.100013
endloop
endfacet
facet normal 0.999692 -0.024823 0.000000
outer loop
vertex 24.184486 10.756745 0.024132
vertex 24.139971 8.963954 -0.100013
vertex 24.184486 10.756745 -0.024132
endloop
endfacet
facet normal 0.998604 -0.052812 0.000000
outer loop
vertex 24.279298 12.549535 -0.134748
vertex 24.184486 10.756745 0.024132
vertex 24.184486 10.756745 -0.024132
endloop
endfacet
facet normal -0.998604 0.052812 0.000000
outer loop
vertex 24.279298 12.549535 -0.134748
vertex 24.184486 10.756745 -0.024132
vertex 24.279298 12.549535 0.134748
endloop
endfacet
facet normal -0.999212 0.039682 0.000000
outer loop
vertex 24.350497 14.342326 0.073557
vertex 24.279298 12.549535 -0.134748
vertex 24.279298 12.549535 0.134748
endloop
endfacet
facet normal 0.999212 -0.039682 0.000000
outer loop
vertex 24.350497 14.342326 0.073557
vertex 24.279298 12.549535 0.134748
vertex 24.350497 14.342326 -0.073557
endloop
endfacet
facet normal 0.997620 0.068953 0.000000
outer loop
vertex 24.226584 16.135117 0.304097
vertex 24.350497 14.342326 0.073557
vertex 24.350497 14.342326 -0.073557
endloop
endfacet
facet normal 0.997620 0.068953 0.000000
outer loop
vertex 24.226584 16.135117 0.304097
vertex 24.350497 14.342326 -0.073557
vertex 24.226584 16.135117 -0.304097
endloop
endfacet
facet normal 0.993032 0.117847 0.000000
outer loop
vertex 24.013827 17.927908 -0.055657
vertex 24.226584 16.135117 0.304097
vertex 24.226584 16.135117 -0.304097
endloop
endfacet
facet normal -0.993032 -0.117847 0.000000
outer loop
vertex 24.013827 17.927908 -0.055657
vertex 24.226584 16.135117 -0.304097
vertex 24.013827 17.927908 0.055657
endloop
endfacet
facet normal -0.000000 1.000000 0.000000
outer loop
vertex 0.000000 19.720698 0.000000
vertex 1.661704 19.720698 0.935018
vertex 1.661704 19.720698 -0.935018
endloop
endfacet
facet normal 0.000000 1.000000 0.000000
outer loop
vertex 1.661704 19.720698 0.935018
vertex 3.504369 19.720698 0.445013
vertex 3.504369 19.720698 -0.445013
endloop
endfacet
facet normal 0.000000 1.000000 0.000000
outer loop
vertex 1.661704 19.720698 0.935018
vertex 3.504369 19.720698 -0.445013
vertex 1.661704 19.720698 -0.935018
endloop
endfacet
facet normal 0.000000 1.000000 0.000000
outer loop
vertex 3.504369 19.720698 0.445013
vertex 5.363970 19.720698 0.023822
vertex 5.363970 19.720698 -0.023822
endloop
endfacet
facet normal 0.000000 1.000000 0.000000
outer loop
vertex 3.504369 19.720698 0.445013
vertex 5.363970 19.720698 -0.023822
vertex 3.504369 19.720698 -0.445013
endloop
endfacet
facet normal 0.000000 1.000000 0.000000
outer loop
vertex 5.363970 19.720698 0.023822
vertex 7.270546 19.720698 0.001776
vertex 7.270546 19.720698 -0.001776
endloop
endfacet
facet normal 0.000000 1.000000 0.000000
outer loop
vertex 5.363970 19.720698 0.023822
vertex 7.270546 19.720698 -0.001776
vertex 5.363970 19.720698 -0.023822
endloop
endfacet
facet normal 0.000000 -1.000000 0.000000
outer loop
vertex 7.270546 19.720698 0.001776
vertex 9.177171 19.720698 -0.015553
vertex 9.177171 19.720698 0.015553
endloop
endfacet
facet normal -0.000000 1.000000 0.000000
outer loop
vertex 7.270546 19.720698 0.001776
vertex 9.177171 19.720698 0.015553
vertex 7.270546 19.720698 -0.001776
endloop
endfacet
facet normal 0.000000 -1.000000 0.000000
outer loop
vertex 9.177171 19.720698 -0.015553
vertex 11.083874 19.720698 -0.015995
vertex 11.083874 19.720698 0.015995
endloop
endfacet
facet normal 0.000000 -1.000000 0.000000
outer loop
vertex 9.177171 19.720698 -0.015553
vertex 11.083874 19.720698 0.015995
vertex 9.177171 19.720698 0.015553
endloop
endfacet
facet normal 0.000000 -1.000000 0.000000
outer loop
vertex 11.083874 19.720698 -0.015995
vertex 12.990578 19.720698 -0.015995
vertex 12.990578 19.720698 0.015995
endloop
endfacet
facet normal 0.000000 -1.000000 0.000000
outer loop
vertex 11.083874 19.720698 -0.015995
vertex 12.990578 19.720698 0.015995
vertex 11.083874 19.720698 0.015995
endloop
endfacet
facet normal 0.000000 -1.000000 0.000000
outer loop
vertex 12.990578 19.720698 -0.015995
vertex 14.897282 19.720698 -0.015995
vertex 14.897282 19.720698 0.015995
endloop
endfacet
facet normal 0.000000 -1.000000 0.000000
outer loop
vertex 12.990578 19.720698 -0.015995
vertex 14.897282 19.720698 0.015995
vertex 12.990578 19.720698 0.015995
endloop
endfacet
facet normal 0.000000 -1.000000 0.000000
outer loop
vertex 14.897282 19.720698 -0.015995
vertex 16.803985 19.720698 -0.015994
vertex 16.803985 19.720698 0.015994
endloop
endfacet
facet normal 0.000000 -1.000000 0.000000
outer loop
vertex 14.897282 19.720698 -0.015995
vertex 16.803985 19.720698 0.015994
vertex 14.897282 19.720698 0.015995
endloop
endfacet
facet normal 0.000000 -1.000000 0.000000
outer loop
vertex 16.803985 19.720698 -0.015994
vertex 18.710689 19.720698 -0.015783
vertex 18.710689 19.720698 0.015783
endloop
endfacet
facet normal 0.000000 -1.000000 0.000000
outer loop
vertex 16.803985 19.720698 -0.015994
vertex 18.710689 19.720698 0.015783
vertex 16.803985 19.720698 0.015994
endloop
endfacet
facet normal -0.000000 1.000000 0.000000
outer loop
vertex 18.710689 19.720698 -0.015783
vertex 20.605613 19.720698 0.195835
vertex 20.605613 19.720698 -0.195835
endloop
endfacet
facet normal 0.000000 -1.000000 0.000000
outer loop
vertex 18.710689 19.720698 -0.015783
vertex 20.605613 19.720698 -0.195835
vertex 18.710689 19.720698 0.015783
endloop
endfacet
facet normal -0.000000 1.000000 0.000000
outer loop
vertex 20.605613 19.720698 0.195835
vertex 22.340409 19.720698 0.987036
vertex 22.340409 19.720698 -0.987036
endloop
endfacet
facet normal 0.000000 1.000000 0.000000
outer loop
vertex 20.605613 19.720698 0.195835
vertex 22.340409 19.720698 -0.987036
vertex 20.605613 19.720698 -0.195835
endloop
endfacet
facet normal -0.999949 -0.010072 0.000000
outer loop
vertex 23.995770 19.720698 0.040833
vertex 24.013827 17.927908 -0.055657
vertex 24.013827 17.927908 0.055657
endloop
endfacet
facet normal 0.999949 0.010072 0.000000
outer loop
vertex 23.995770 19.720698 0.040833
vertex 24.013827 17.927908 0.055657
vertex 23.995770 19.720698 -0.040833
endloop
endfacet
facet normal 0.000000 1.000000 0.000000
outer loop
vertex 22.340409 19.720698 0.987036
vertex 23.995770 19.720698 0.040833
vertex 23.995770 19.720698 -0.040833
endloop
endfacet
facet normal 0.000000 1.000000 0.000000
outer loop
vertex 22.340409 19.720698 0.987036
vertex 23.995770 19.720698 -0.040833
vertex 22.340409 19.720698 -0.987036
endloop
endfacet
endsolid foldforge
