solid foldforge
facet normal 0.070921 -0.754640 0.652295
outer loop
vertex 20.018851 0.000000 0.618144
vertex 20.648721 0.000000 0.549661
vertex 21.313057 0.613499 1.187188
endloop
endfacet
facet normal 0.216348 -0.869056 0.444899
outer loop
vertex 20.018851 0.000000 0.618144
vertex 21.313057 0.613499 1.187188
vertex 20.709606 0.613499 1.480638
endloop
endfacet
facet normal 0.351734 -0.738985 0.574617
outer loop
vertex 20.648721 0.000000 0.549661
vertex 21.189103 0.000000 0.218883
vertex 21.740795 0.613499 0.670171
endloop
endfacet
facet normal 0.428035 -0.831495 0.354122
outer loop
vertex 20.648721 0.000000 0.549661
vertex 21.740795 0.613499 0.670171
vertex 21.313057 0.613499 1.187188
endloop
endfacet
facet normal 0.315847 -0.294066 0.902090
outer loop
vertex 21.189103 0.000000 0.218883
vertex 21.787091 0.000000 0.009511
vertex 22.096478 0.613499 0.101176
endloop
endfacet
facet normal 0.555739 -0.755295 0.347396
outer loop
vertex 21.189103 0.000000 0.218883
vertex 22.096478 0.613499 0.101176
vertex 21.740795 0.613499 0.670171
endloop
endfacet
facet normal -0.208235 -0.040998 0.977219
outer loop
vertex 21.787091 0.000000 0.009511
vertex 22.752762 0.613499 0.241023
vertex 22.096478 0.613499 0.101176
endloop
endfacet
facet normal -0.333896 -0.819171 0.466340
outer loop
vertex 23.033908 0.000000 0.144810
vertex 23.549059 0.000000 0.513654
vertex 23.345078 0.613499 1.445277
endloop
endfacet
facet normal -0.808829 -0.433048 0.397825
outer loop
vertex 23.033908 0.000000 0.144810
vertex 23.345078 0.613499 1.445277
vertex 23.048920 0.613499 0.843150
endloop
endfacet
facet normal -0.658220 -0.332438 0.675450
outer loop
vertex 23.549059 0.000000 0.513654
vertex 24.002819 0.000000 0.955839
vertex 23.983634 0.613499 1.239091
endloop
endfacet
facet normal 0.183519 -0.802054 0.568357
outer loop
vertex 23.549059 0.000000 0.513654
vertex 23.983634 0.613499 1.239091
vertex 23.345078 0.613499 1.445277
endloop
endfacet
facet normal 0.374660 -0.515782 0.770453
outer loop
vertex 20.709606 0.613499 1.480638
vertex 21.313057 0.613499 1.187188
vertex 21.276751 1.226999 1.615552
endloop
endfacet
facet normal 0.563902 -0.636904 0.525707
outer loop
vertex 20.709606 0.613499 1.480638
vertex 21.276751 1.226999 1.615552
vertex 20.809122 1.226999 2.117157
endloop
endfacet
facet normal 0.765522 -0.113432 0.633332
outer loop
vertex 21.313057 0.613499 1.187188
vertex 21.740795 0.613499 0.670171
vertex 21.564545 1.226999 0.993089
endloop
endfacet
facet normal 0.882755 -0.232736 0.408139
outer loop
vertex 21.313057 0.613499 1.187188
vertex 21.564545 1.226999 0.993089
vertex 21.276751 1.226999 1.615552
endloop
endfacet
facet normal 0.844821 -0.085929 0.528103
outer loop
vertex 21.740795 0.613499 0.670171
vertex 22.096478 0.613499 0.101176
vertex 21.954128 1.226999 0.428722
endloop
endfacet
facet normal 0.821357 -0.062468 0.566983
outer loop
vertex 21.740795 0.613499 0.670171
vertex 21.954128 1.226999 0.428722
vertex 21.564545 1.226999 0.993089
endloop
endfacet
facet normal -0.172859 -0.558626 0.811207
outer loop
vertex 22.096478 0.613499 0.101176
vertex 22.752762 0.613499 0.241023
vertex 22.608823 1.226999 0.632829
endloop
endfacet
facet normal -0.257598 -0.500915 0.826273
outer loop
vertex 22.096478 0.613499 0.101176
vertex 22.608823 1.226999 0.632829
vertex 21.954128 1.226999 0.428722
endloop
endfacet
facet normal -0.773340 -0.460043 0.436240
outer loop
vertex 22.752762 0.613499 0.241023
vertex 22.945756 1.226999 1.230124
vertex 22.608823 1.226999 0.632829
endloop
endfacet
facet normal -0.777574 0.499109 0.382452
outer loop
vertex 23.048920 0.613499 0.843150
vertex 23.345078 0.613499 1.445277
vertex 23.631523 1.226999 1.227024
endloop
endfacet
facet normal 0.003824 -0.533037 0.846084
outer loop
vertex 23.048920 0.613499 0.843150
vertex 23.631523 1.226999 1.227024
vertex 22.945756 1.226999 1.230124
endloop
endfacet
facet normal 0.232200 0.654938 0.719124
outer loop
vertex 23.345078 0.613499 1.445277
vertex 23.983634 0.613499 1.239091
vertex 24.026588 1.226999 0.666481
endloop
endfacet
facet normal 0.804919 -0.174002 0.567299
outer loop
vertex 23.345078 0.613499 1.445277
vertex 24.026588 1.226999 0.666481
vertex 23.631523 1.226999 1.227024
endloop
endfacet
facet normal -0.314017 -0.160417 0.935767
outer loop
vertex 20.158978 1.226999 1.898988
vertex 20.809122 1.226999 2.117157
vertex 20.466355 1.840498 2.107305
endloop
endfacet
facet normal -0.800520 0.210553 0.561101
outer loop
vertex 20.158978 1.226999 1.898988
vertex 20.466355 1.840498 2.107305
vertex 20.081280 1.840498 1.557921
endloop
endfacet
facet normal 0.607087 -0.557787 0.565967
outer loop
vertex 20.809122 1.226999 2.117157
vertex 21.276751 1.226999 1.615552
vertex 20.929263 1.840498 2.592920
endloop
endfacet
facet normal -0.673595 -0.366032 0.642099
outer loop
vertex 20.809122 1.226999 2.117157
vertex 20.929263 1.840498 2.592920
vertex 20.466355 1.840498 2.107305
endloop
endfacet
facet normal 0.705846 -0.628713 0.326345
outer loop
vertex 21.276751 1.226999 1.615552
vertex 21.564545 1.226999 0.993089
vertex 21.519117 1.840498 2.273268
endloop
endfacet
facet normal 0.315630 -0.749100 0.582432
outer loop
vertex 21.276751 1.226999 1.615552
vertex 21.519117 1.840498 2.273268
vertex 20.929263 1.840498 2.592920
endloop
endfacet
facet normal 0.526735 -0.768337 0.363605
outer loop
vertex 21.564545 1.226999 0.993089
vertex 21.954128 1.226999 0.428722
vertex 21.937675 1.840498 1.748944
endloop
endfacet
facet normal 0.489654 -0.779390 0.390883
outer loop
vertex 21.564545 1.226999 0.993089
vertex 21.937675 1.840498 1.748944
vertex 21.519117 1.840498 2.273268
endloop
endfacet
facet normal -0.182298 -0.790472 0.584741
outer loop
vertex 21.954128 1.226999 0.428722
vertex 22.608823 1.226999 0.632829
vertex 22.532340 1.840498 1.438334
endloop
endfacet
facet normal 0.216074 -0.884413 0.413674
outer loop
vertex 21.954128 1.226999 0.428722
vertex 22.532340 1.840498 1.438334
vertex 21.937675 1.840498 1.748944
endloop
endfacet
facet normal -0.830097 0.302777 0.468257
outer loop
vertex 22.608823 1.226999 0.632829
vertex 22.945756 1.226999 1.230124
vertex 23.038727 1.840498 0.998245
endloop
endfacet
facet normal 0.485342 -0.672732 0.558458
outer loop
vertex 22.608823 1.226999 0.632829
vertex 23.038727 1.840498 0.998245
vertex 22.532340 1.840498 1.438334
endloop
endfacet
facet normal 0.002880 0.770656 0.637245
outer loop
vertex 22.945756 1.226999 1.230124
vertex 23.631523 1.226999 1.227024
vertex 23.471754 1.840498 0.485807
endloop
endfacet
facet normal 0.757608 0.127162 0.640203
outer loop
vertex 22.945756 1.226999 1.230124
vertex 23.471754 1.840498 0.485807
vertex 23.038727 1.840498 0.998245
endloop
endfacet
facet normal 0.683687 0.548076 0.481856
outer loop
vertex 23.631523 1.226999 1.227024
vertex 24.026588 1.226999 0.666481
vertex 23.974896 1.840498 0.042012
endloop
endfacet
facet normal 0.449794 0.733240 0.509944
outer loop
vertex 23.631523 1.226999 1.227024
vertex 23.974896 1.840498 0.042012
vertex 23.471754 1.840498 0.485807
endloop
endfacet
facet normal -0.734617 -0.495291 0.463708
outer loop
vertex 19.723168 1.840498 0.990593
vertex 20.081280 1.840498 1.557921
vertex 20.072832 2.453998 2.199821
endloop
endfacet
facet normal -0.483379 -0.716331 0.503204
outer loop
vertex 19.723168 1.840498 0.990593
vertex 20.072832 2.453998 2.199821
vertex 19.584912 2.453998 1.731125
endloop
endfacet
facet normal -0.780592 -0.302196 0.547133
outer loop
vertex 20.081280 1.840498 1.557921
vertex 20.466355 1.840498 2.107305
vertex 20.595128 2.453998 2.629878
endloop
endfacet
facet normal -0.492375 -0.632444 0.597981
outer loop
vertex 20.081280 1.840498 1.557921
vertex 20.595128 2.453998 2.629878
vertex 20.072832 2.453998 2.199821
endloop
endfacet
facet normal -0.716162 0.145136 0.682676
outer loop
vertex 20.466355 1.840498 2.107305
vertex 20.929263 1.840498 2.592920
vertex 21.250178 2.453998 2.799147
endloop
endfacet
facet normal -0.198023 -0.611179 0.766321
outer loop
vertex 20.466355 1.840498 2.107305
vertex 21.250178 2.453998 2.799147
vertex 20.595128 2.453998 2.629878
endloop
endfacet
facet normal 0.395072 -0.558964 0.729025
outer loop
vertex 20.929263 1.840498 2.592920
vertex 21.519117 1.840498 2.273268
vertex 21.878715 2.453998 2.548782
endloop
endfacet
facet normal 0.330208 -0.451389 0.828982
outer loop
vertex 20.929263 1.840498 2.592920
vertex 21.878715 2.453998 2.548782
vertex 21.250178 2.453998 2.799147
endloop
endfacet
facet normal 0.550706 -0.709548 0.439619
outer loop
vertex 21.519117 1.840498 2.273268
vertex 21.937675 1.840498 1.748944
vertex 22.416913 2.453998 2.138800
endloop
endfacet
facet normal 0.493535 -0.580236 0.647881
outer loop
vertex 21.519117 1.840498 2.273268
vertex 22.416913 2.453998 2.138800
vertex 21.878715 2.453998 2.548782
endloop
endfacet
facet normal 0.412702 -0.453199 0.790119
outer loop
vertex 21.937675 1.840498 1.748944
vertex 22.532340 1.840498 1.438334
vertex 22.853884 2.453998 1.622275
endloop
endfacet
facet normal 0.538010 -0.709497 0.455147
outer loop
vertex 21.937675 1.840498 1.748944
vertex 22.853884 2.453998 1.622275
vertex 22.416913 2.453998 2.138800
endloop
endfacet
facet normal 0.651997 -0.109877 0.750218
outer loop
vertex 22.532340 1.840498 1.438334
vertex 23.038727 1.840498 0.998245
vertex 23.133152 2.453998 1.006035
endloop
endfacet
facet normal 0.780641 -0.515214 0.353772
outer loop
vertex 22.532340 1.840498 1.438334
vertex 23.133152 2.453998 1.006035
vertex 22.853884 2.453998 1.622275
endloop
endfacet
facet normal 0.759587 0.104996 0.641875
outer loop
vertex 23.038727 1.840498 0.998245
vertex 23.471754 1.840498 0.485807
vertex 23.451718 2.453998 0.409162
endloop
endfacet
facet normal 0.873476 -0.140359 0.466196
outer loop
vertex 23.038727 1.840498 0.998245
vertex 23.451718 2.453998 0.409162
vertex 23.133152 2.453998 1.006035
endloop
endfacet
facet normal 0.661208 0.029294 0.749630
outer loop
vertex 23.471754 1.840498 0.485807
vertex 23.974896 1.840498 0.042012
vertex 23.992462 2.453998 0.002544
endloop
endfacet
facet normal 0.596758 0.118634 0.793603
outer loop
vertex 23.471754 1.840498 0.485807
vertex 23.992462 2.453998 0.002544
vertex 23.451718 2.453998 0.409162
endloop
endfacet
facet normal -0.619354 -0.609050 0.495437
outer loop
vertex 18.702840 2.453998 0.706158
vertex 19.125464 2.453998 1.234487
vertex 19.194728 3.067497 2.075262
endloop
endfacet
facet normal -0.458931 -0.737549 0.495382
outer loop
vertex 18.702840 2.453998 0.706158
vertex 19.194728 3.067497 2.075262
vertex 18.688077 3.067497 1.605890
endloop
endfacet
facet normal -0.603206 -0.569858 0.558037
outer loop
vertex 19.125464 2.453998 1.234487
vertex 19.584912 2.453998 1.731125
vertex 19.728812 3.067497 2.513167
endloop
endfacet
facet normal -0.450991 -0.702894 0.550043
outer loop
vertex 19.125464 2.453998 1.234487
vertex 19.728812 3.067497 2.513167
vertex 19.194728 3.067497 2.075262
endloop
endfacet
facet normal -0.616906 -0.454969 0.642207
outer loop
vertex 19.584912 2.453998 1.731125
vertex 20.072832 2.453998 2.199821
vertex 20.319372 3.067497 2.871280
endloop
endfacet
facet normal -0.372488 -0.695651 0.614266
outer loop
vertex 19.584912 2.453998 1.731125
vertex 20.319372 3.067497 2.871280
vertex 19.728812 3.067497 2.513167
endloop
endfacet
facet normal -0.539146 -0.529697 0.654784
outer loop
vertex 20.072832 2.453998 2.199821
vertex 20.595128 2.453998 2.629878
vertex 20.838626 3.067497 3.326671
endloop
endfacet
facet normal -0.575815 -0.487196 0.656565
outer loop
vertex 20.072832 2.453998 2.199821
vertex 20.838626 3.067497 3.326671
vertex 20.319372 3.067497 2.871280
endloop
endfacet
facet normal -0.208672 -0.551677 0.807532
outer loop
vertex 20.595128 2.453998 2.629878
vertex 21.250178 2.453998 2.799147
vertex 21.528315 3.067497 3.290140
endloop
endfacet
facet normal 0.034619 -0.756061 0.653585
outer loop
vertex 20.595128 2.453998 2.629878
vertex 21.528315 3.067497 3.290140
vertex 20.838626 3.067497 3.326671
endloop
endfacet
facet normal 0.312073 -0.537408 0.783455
outer loop
vertex 21.250178 2.453998 2.799147
vertex 21.878715 2.453998 2.548782
vertex 22.088436 3.067497 2.886072
endloop
endfacet
facet normal 0.431782 -0.674772 0.598537
outer loop
vertex 21.250178 2.453998 2.799147
vertex 22.088436 3.067497 2.886072
vertex 21.528315 3.067497 3.290140
endloop
endfacet
facet normal 0.548915 -0.423623 0.720580
outer loop
vertex 21.878715 2.453998 2.548782
vertex 22.416913 2.453998 2.138800
vertex 22.565282 3.067497 2.386448
endloop
endfacet
facet normal 0.612929 -0.531139 0.584987
outer loop
vertex 21.878715 2.453998 2.548782
vertex 22.565282 3.067497 2.386448
vertex 22.088436 3.067497 2.886072
endloop
endfacet
facet normal 0.710130 -0.367158 0.600758
outer loop
vertex 22.416913 2.453998 2.138800
vertex 22.853884 2.453998 1.622275
vertex 22.987193 3.067497 1.839642
endloop
endfacet
facet normal 0.725190 -0.401252 0.559550
outer loop
vertex 22.416913 2.453998 2.138800
vertex 22.987193 3.067497 1.839642
vertex 22.565282 3.067497 2.386448
endloop
endfacet
facet normal 0.804444 -0.469007 0.364559
outer loop
vertex 22.853884 2.453998 1.622275
vertex 23.133152 2.453998 1.006035
vertex 23.372744 3.067497 1.266618
endloop
endfacet
facet normal 0.776068 -0.353640 0.522166
outer loop
vertex 22.853884 2.453998 1.622275
vertex 23.372744 3.067497 1.266618
vertex 22.987193 3.067497 1.839642
endloop
endfacet
facet normal 0.779955 -0.467311 0.416281
outer loop
vertex 23.133152 2.453998 1.006035
vertex 23.451718 2.453998 0.409162
vertex 23.689279 3.067497 0.652768
endloop
endfacet
facet normal 0.781474 -0.476352 0.402972
outer loop
vertex 23.133152 2.453998 1.006035
vertex 23.689279 3.067497 0.652768
vertex 23.372744 3.067497 1.266618
endloop
endfacet
facet normal 0.788827 -0.465026 0.401875
outer loop
vertex 23.451718 2.453998 0.409162
vertex 24.002798 3.067497 0.037372
vertex 23.689279 3.067497 0.652768
endloop
endfacet
facet normal -0.536763 -0.667558 0.515996
outer loop
vertex 18.209435 3.067497 1.107985
vertex 18.688077 3.067497 1.605890
vertex 18.518320 3.680996 2.223002
endloop
endfacet
facet normal -0.334620 -0.783407 0.523740
outer loop
vertex 18.209435 3.067497 1.107985
vertex 18.518320 3.680996 2.223002
vertex 17.932811 3.680996 1.848917
endloop
endfacet
facet normal -0.515438 -0.651742 0.556377
outer loop
vertex 18.688077 3.067497 1.605890
vertex 19.194728 3.067497 2.075262
vertex 19.054916 3.680996 2.664393
endloop
endfacet
facet normal -0.459968 -0.689745 0.559179
outer loop
vertex 18.688077 3.067497 1.605890
vertex 19.054916 3.680996 2.664393
vertex 18.518320 3.680996 2.223002
endloop
endfacet
facet normal -0.546125 -0.508033 0.666071
outer loop
vertex 19.194728 3.067497 2.075262
vertex 19.728812 3.067497 2.513167
vertex 19.689003 3.680996 2.948462
endloop
endfacet
facet normal -0.293533 -0.696084 0.655214
outer loop
vertex 19.194728 3.067497 2.075262
vertex 19.689003 3.680996 2.948462
vertex 19.054916 3.680996 2.664393
endloop
endfacet
facet normal -0.449279 -0.499215 0.740900
outer loop
vertex 19.728812 3.067497 2.513167
vertex 20.319372 3.067497 2.871280
vertex 20.302582 3.680996 3.274471
endloop
endfacet
facet normal -0.392140 -0.549107 0.738043
outer loop
vertex 19.728812 3.067497 2.513167
vertex 20.302582 3.680996 3.274471
vertex 19.689003 3.680996 2.948462
endloop
endfacet
facet normal -0.658452 -0.052471 0.750791
outer loop
vertex 20.319372 3.067497 2.871280
vertex 20.838626 3.067497 3.326671
vertex 20.965927 3.680996 3.481192
endloop
endfacet
facet normal -0.251097 -0.536405 0.805742
outer loop
vertex 20.319372 3.067497 2.871280
vertex 20.965927 3.680996 3.481192
vertex 20.302582 3.680996 3.274471
endloop
endfacet
facet normal 0.051507 -0.227459 0.972425
outer loop
vertex 20.838626 3.067497 3.326671
vertex 21.528315 3.067497 3.290140
vertex 21.658601 3.680996 3.426742
endloop
endfacet
facet normal 0.075709 -0.258284 0.963098
outer loop
vertex 20.838626 3.067497 3.326671
vertex 21.658601 3.680996 3.426742
vertex 20.965927 3.680996 3.481192
endloop
endfacet
facet normal 0.577744 -0.157543 0.800870
outer loop
vertex 21.528315 3.067497 3.290140
vertex 22.088436 3.067497 2.886072
vertex 22.165287 3.680996 2.951316
endloop
endfacet
facet normal 0.653996 -0.294079 0.696998
outer loop
vertex 21.528315 3.067497 3.290140
vertex 22.165287 3.680996 2.951316
vertex 21.658601 3.680996 3.426742
endloop
endfacet
facet normal 0.720652 -0.087143 0.687799
outer loop
vertex 22.088436 3.067497 2.886072
vertex 22.565282 3.067497 2.386448
vertex 22.609922 3.680996 2.417405
endloop
endfacet
facet normal 0.758259 -0.162140 0.631470
outer loop
vertex 22.088436 3.067497 2.886072
vertex 22.609922 3.680996 2.417405
vertex 22.165287 3.680996 2.951316
endloop
endfacet
facet normal 0.791411 0.027973 0.610645
outer loop
vertex 22.565282 3.067497 2.386448
vertex 22.987193 3.067497 1.839642
vertex 22.975576 3.680996 1.826593
endloop
endfacet
facet normal 0.847016 -0.088083 0.524219
outer loop
vertex 22.565282 3.067497 2.386448
vertex 22.975576 3.680996 1.826593
vertex 22.609922 3.680996 2.417405
endloop
endfacet
facet normal 0.818927 0.160477 0.551004
outer loop
vertex 22.987193 3.067497 1.839642
vertex 23.372744 3.067497 1.266618
vertex 23.291964 3.680996 1.207998
endloop
endfacet
facet normal 0.889995 0.026534 0.455198
outer loop
vertex 22.987193 3.067497 1.839642
vertex 23.291964 3.680996 1.207998
vertex 22.975576 3.680996 1.826593
endloop
endfacet
facet normal 0.883940 0.104350 0.455808
outer loop
vertex 23.372744 3.067497 1.266618
vertex 23.689279 3.067497 0.652768
vertex 23.640493 3.680996 0.606926
endloop
endfacet
facet normal 0.853978 0.159758 0.495176
outer loop
vertex 23.372744 3.067497 1.266618
vertex 23.640493 3.680996 0.606926
vertex 23.291964 3.680996 1.207998
endloop
endfacet
facet normal 0.890903 0.016929 0.453878
outer loop
vertex 23.689279 3.067497 0.652768
vertex 24.002798 3.067497 0.037372
vertex 24.002967 3.680996 0.014158
endloop
endfacet
facet normal 0.848310 0.106219 0.518736
outer loop
vertex 23.689279 3.067497 0.652768
vertex 24.002967 3.680996 0.014158
vertex 23.640493 3.680996 0.606926
endloop
endfacet
facet normal -0.626153 -0.551937 0.550726
outer loop
vertex 17.473935 3.680996 1.327194
vertex 17.932811 3.680996 1.848917
vertex 17.896351 4.294496 2.422312
endloop
endfacet
facet normal -0.567549 -0.605365 0.558052
outer loop
vertex 17.473935 3.680996 1.327194
vertex 17.896351 4.294496 2.422312
vertex 17.401644 4.294496 1.919186
endloop
endfacet
facet normal -0.381686 -0.705280 0.597407
outer loop
vertex 17.932811 3.680996 1.848917
vertex 18.518320 3.680996 2.223002
vertex 18.426121 4.294496 2.888373
endloop
endfacet
facet normal -0.530704 -0.595353 0.603248
outer loop
vertex 17.932811 3.680996 1.848917
vertex 18.426121 4.294496 2.888373
vertex 17.896351 4.294496 2.422312
endloop
endfacet
facet normal -0.583250 -0.396313 0.709052
outer loop
vertex 18.518320 3.680996 2.223002
vertex 19.054916 3.680996 2.664393
vertex 19.111953 4.294496 3.054215
endloop
endfacet
facet normal -0.158933 -0.736716 0.657259
outer loop
vertex 18.518320 3.680996 2.223002
vertex 19.111953 4.294496 3.054215
vertex 18.426121 4.294496 2.888373
endloop
endfacet
facet normal -0.307542 -0.658906 0.686484
outer loop
vertex 19.054916 3.680996 2.664393
vertex 19.689003 3.680996 2.948462
vertex 19.644328 4.294496 3.517300
endloop
endfacet
facet normal -0.605442 -0.385977 0.696033
outer loop
vertex 19.054916 3.680996 2.664393
vertex 19.644328 4.294496 3.517300
vertex 19.111953 4.294496 3.054215
endloop
endfacet
facet normal -0.363531 -0.632232 0.684198
outer loop
vertex 19.689003 3.680996 2.948462
vertex 20.302582 3.680996 3.274471
vertex 20.277750 4.294496 3.828180
endloop
endfacet
facet normal -0.333316 -0.653969 0.679136
outer loop
vertex 19.689003 3.680996 2.948462
vertex 20.277750 4.294496 3.828180
vertex 19.644328 4.294496 3.517300
endloop
endfacet
facet normal -0.267576 -0.437234 0.858621
outer loop
vertex 20.302582 3.680996 3.274471
vertex 20.965927 3.680996 3.481192
vertex 20.982739 4.294496 3.798843
endloop
endfacet
facet normal 0.030904 -0.668997 0.742622
outer loop
vertex 20.302582 3.680996 3.274471
vertex 20.982739 4.294496 3.798843
vertex 20.277750 4.294496 3.828180
endloop
endfacet
facet normal 0.078222 -0.061028 0.995066
outer loop
vertex 20.965927 3.680996 3.481192
vertex 21.658601 3.680996 3.426742
vertex 21.606224 4.294496 3.468485
endloop
endfacet
facet normal 0.423671 -0.425615 0.799597
outer loop
vertex 20.965927 3.680996 3.481192
vertex 21.606224 4.294496 3.468485
vertex 20.982739 4.294496 3.798843
endloop
endfacet
facet normal 0.684238 0.006666 0.729228
outer loop
vertex 21.658601 3.680996 3.426742
vertex 22.165287 3.680996 2.951316
vertex 22.121672 4.294496 2.986631
endloop
endfacet
facet normal 0.682875 0.008596 0.730484
outer loop
vertex 21.658601 3.680996 3.426742
vertex 22.121672 4.294496 2.986631
vertex 21.606224 4.294496 3.468485
endloop
endfacet
facet normal 0.767151 -0.057600 0.638875
outer loop
vertex 22.165287 3.680996 2.951316
vertex 22.609922 3.680996 2.417405
vertex 22.607825 4.294496 2.475236
endloop
endfacet
facet normal 0.724717 0.011863 0.688944
outer loop
vertex 22.165287 3.680996 2.951316
vertex 22.607825 4.294496 2.475236
vertex 22.121672 4.294496 2.986631
endloop
endfacet
facet normal 0.849368 -0.047342 0.525674
outer loop
vertex 22.609922 3.680996 2.417405
vertex 22.975576 3.680996 1.826593
vertex 22.979519 4.294496 1.875474
endloop
endfacet
facet normal 0.849076 -0.046699 0.526203
outer loop
vertex 22.609922 3.680996 2.417405
vertex 22.979519 4.294496 1.875474
vertex 22.607825 4.294496 2.475236
endloop
endfacet
facet normal 0.890094 -0.021949 0.455249
outer loop
vertex 22.975576 3.680996 1.826593
vertex 23.291964 3.680996 1.207998
vertex 23.289820 4.294496 1.241768
endloop
endfacet
facet normal 0.897364 -0.040777 0.439404
outer loop
vertex 22.975576 3.680996 1.826593
vertex 23.289820 4.294496 1.241768
vertex 22.979519 4.294496 1.875474
endloop
endfacet
facet normal 0.865036 -0.011057 0.501588
outer loop
vertex 23.291964 3.680996 1.207998
vertex 23.640493 3.680996 0.606926
vertex 23.636556 4.294496 0.627241
endloop
endfacet
facet normal 0.870680 -0.023999 0.491264
outer loop
vertex 23.291964 3.680996 1.207998
vertex 23.636556 4.294496 0.627241
vertex 23.289820 4.294496 1.241768
endloop
endfacet
facet normal 0.853136 -0.001339 0.521687
outer loop
vertex 23.640493 3.680996 0.606926
vertex 24.002967 3.680996 0.014158
vertex 23.999168 4.294496 0.021945
endloop
endfacet
facet normal 0.857789 -0.011510 0.513873
outer loop
vertex 23.640493 3.680996 0.606926
vertex 23.999168 4.294496 0.021945
vertex 23.636556 4.294496 0.627241
endloop
endfacet
facet normal -0.668475 -0.348011 0.657289
outer loop
vertex 17.401644 4.294496 1.919186
vertex 17.896351 4.294496 2.422312
vertex 17.837304 4.907995 2.687086
endloop
endfacet
facet normal -0.812723 -0.132922 0.567285
outer loop
vertex 17.401644 4.294496 1.919186
vertex 17.837304 4.907995 2.687086
vertex 17.428665 4.907995 2.101648
endloop
endfacet
facet normal -0.631171 -0.294772 0.717449
outer loop
vertex 17.896351 4.294496 2.422312
vertex 18.426121 4.294496 2.888373
vertex 18.404169 4.907995 3.121124
endloop
endfacet
facet normal -0.564228 -0.372334 0.736895
outer loop
vertex 17.896351 4.294496 2.422312
vertex 18.404169 4.907995 3.121124
vertex 17.837304 4.907995 2.687086
endloop
endfacet
facet normal -0.187008 -0.605755 0.773362
outer loop
vertex 18.426121 4.294496 2.888373
vertex 19.111953 4.294496 3.054215
vertex 19.003819 4.907995 3.508607
endloop
endfacet
facet normal -0.514145 -0.320259 0.795669
outer loop
vertex 18.426121 4.294496 2.888373
vertex 19.003819 4.907995 3.508607
vertex 18.404169 4.907995 3.121124
endloop
endfacet
facet normal -0.639726 -0.223316 0.735446
outer loop
vertex 19.111953 4.294496 3.054215
vertex 19.644328 4.294496 3.517300
vertex 19.680815 4.907995 3.735326
endloop
endfacet
facet normal -0.253035 -0.604219 0.755575
outer loop
vertex 19.111953 4.294496 3.054215
vertex 19.680815 4.907995 3.735326
vertex 19.003819 4.907995 3.508607
endloop
endfacet
facet normal -0.408877 -0.372529 0.833092
outer loop
vertex 19.644328 4.294496 3.517300
vertex 20.277750 4.294496 3.828180
vertex 20.289582 4.907995 4.108323
endloop
endfacet
facet normal -0.504132 -0.262422 0.822792
outer loop
vertex 19.644328 4.294496 3.517300
vertex 20.289582 4.907995 4.108323
vertex 19.680815 4.907995 3.735326
endloop
endfacet
facet normal 0.040847 -0.186718 0.981564
outer loop
vertex 20.277750 4.294496 3.828180
vertex 20.982739 4.294496 3.798843
vertex 20.977079 4.907995 3.915781
endloop
endfacet
facet normal 0.246399 -0.406496 0.879801
outer loop
vertex 20.277750 4.294496 3.828180
vertex 20.977079 4.907995 3.915781
vertex 20.289582 4.907995 4.108323
endloop
endfacet
facet normal 0.465593 0.105273 0.878716
outer loop
vertex 20.982739 4.294496 3.798843
vertex 21.606224 4.294496 3.468485
vertex 21.513188 4.907995 3.444282
endloop
endfacet
facet normal 0.654294 -0.135768 0.743953
outer loop
vertex 20.982739 4.294496 3.798843
vertex 21.513188 4.907995 3.444282
vertex 20.977079 4.907995 3.915781
endloop
endfacet
facet normal 0.680410 0.085331 0.727847
outer loop
vertex 21.606224 4.294496 3.468485
vertex 22.121672 4.294496 2.986631
vertex 22.053896 4.907995 2.978065
endloop
endfacet
facet normal 0.647652 0.127849 0.751133
outer loop
vertex 21.606224 4.294496 3.468485
vertex 22.053896 4.907995 2.978065
vertex 21.513188 4.907995 3.444282
endloop
endfacet
facet normal 0.724675 0.015982 0.688905
outer loop
vertex 22.121672 4.294496 2.986631
vertex 22.607825 4.294496 2.475236
vertex 22.577587 4.907995 2.492811
endloop
endfacet
facet normal 0.677215 0.085020 0.730857
outer loop
vertex 22.121672 4.294496 2.986631
vertex 22.577587 4.907995 2.492811
vertex 22.053896 4.907995 2.978065
endloop
endfacet
facet normal 0.848381 -0.061759 0.525772
outer loop
vertex 22.607825 4.294496 2.475236
vertex 22.979519 4.294496 1.875474
vertex 22.998831 4.907995 1.916376
endloop
endfacet
facet normal 0.807178 0.022885 0.589864
outer loop
vertex 22.607825 4.294496 2.475236
vertex 22.998831 4.907995 1.916376
vertex 22.577587 4.907995 2.492811
endloop
endfacet
facet normal 0.890380 -0.130922 0.435984
outer loop
vertex 22.979519 4.294496 1.875474
vertex 23.289820 4.294496 1.241768
vertex 23.353192 4.907995 1.296575
endloop
endfacet
facet normal 0.866549 -0.060308 0.495436
outer loop
vertex 22.979519 4.294496 1.875474
vertex 23.353192 4.907995 1.296575
vertex 22.998831 4.907995 1.916376
endloop
endfacet
facet normal 0.867402 -0.089925 0.489415
outer loop
vertex 23.289820 4.294496 1.241768
vertex 23.636556 4.294496 0.627241
vertex 23.680503 4.907995 0.662074
endloop
endfacet
facet normal 0.880990 -0.131603 0.454464
outer loop
vertex 23.289820 4.294496 1.241768
vertex 23.680503 4.907995 0.662074
vertex 23.353192 4.907995 1.296575
endloop
endfacet
facet normal 0.857797 -0.010702 0.513878
outer loop
vertex 23.636556 4.294496 0.627241
vertex 23.999168 4.294496 0.021945
vertex 24.004476 4.907995 0.025862
endloop
endfacet
facet normal 0.887561 -0.089242 0.451964
outer loop
vertex 23.636556 4.294496 0.627241
vertex 24.004476 4.907995 0.025862
vertex 23.680503 4.907995 0.662074
endloop
endfacet
facet normal -0.005115 -0.863250 0.504750
outer loop
vertex 2.139681 4.907995 0.055661
vertex 2.853594 4.907995 0.062895
vertex 2.457108 5.521495 1.108116
endloop
endfacet
facet normal -0.684969 -0.520375 0.509929
outer loop
vertex 2.139681 4.907995 0.055661
vertex 2.457108 5.521495 1.108116
vertex 2.025252 5.521495 0.528021
endloop
endfacet
facet normal -0.044849 -0.876521 0.479269
outer loop
vertex 2.853594 4.907995 0.062895
vertex 3.564438 4.907995 0.129414
vertex 3.172399 5.521495 1.214739
endloop
endfacet
facet normal -0.072201 -0.871880 0.484368
outer loop
vertex 2.853594 4.907995 0.062895
vertex 3.172399 5.521495 1.214739
vertex 2.457108 5.521495 1.108116
endloop
endfacet
facet normal -0.123442 -0.901261 0.415320
outer loop
vertex 3.564438 4.907995 0.129414
vertex 4.248799 4.907995 0.332821
vertex 3.819979 5.521495 1.536685
endloop
endfacet
facet normal -0.210052 -0.881681 0.422511
outer loop
vertex 3.564438 4.907995 0.129414
vertex 3.819979 5.521495 1.536685
vertex 3.172399 5.521495 1.214739
endloop
endfacet
facet normal -0.049184 -0.910673 0.410190
outer loop
vertex 4.248799 4.907995 0.332821
vertex 4.957671 4.907995 0.417818
vertex 4.517653 5.521495 1.727104
endloop
endfacet
facet normal -0.114218 -0.901015 0.418480
outer loop
vertex 4.248799 4.907995 0.332821
vertex 4.517653 5.521495 1.727104
vertex 3.819979 5.521495 1.536685
endloop
endfacet
facet normal 0.026756 -0.906375 0.421625
outer loop
vertex 4.957671 4.907995 0.417818
vertex 5.670187 4.907995 0.372602
vertex 5.240799 5.521495 1.718702
endloop
endfacet
facet normal 0.004946 -0.904869 0.425662
outer loop
vertex 4.957671 4.907995 0.417818
vertex 5.240799 5.521495 1.718702
vertex 4.517653 5.521495 1.727104
endloop
endfacet
facet normal 0.121136 -0.905052 0.407685
outer loop
vertex 5.670187 4.907995 0.372602
vertex 6.354565 4.907995 0.169253
vertex 5.960556 5.521495 1.648281
endloop
endfacet
facet normal 0.041613 -0.904086 0.425321
outer loop
vertex 5.670187 4.907995 0.372602
vertex 5.960556 5.521495 1.648281
vertex 5.240799 5.521495 1.718702
endloop
endfacet
facet normal 0.077104 -0.910482 0.406297
outer loop
vertex 6.354565 4.907995 0.169253
vertex 7.055996 4.907995 0.036140
vertex 6.665105 5.521495 1.485126
endloop
endfacet
facet normal 0.093223 -0.910633 0.402564
outer loop
vertex 6.354565 4.907995 0.169253
vertex 6.665105 5.521495 1.485126
vertex 5.960556 5.521495 1.648281
endloop
endfacet
facet normal 0.022367 -0.886075 0.463003
outer loop
vertex 7.055996 4.907995 0.036140
vertex 7.769114 4.907995 0.001690
vertex 7.328454 5.521495 1.197067
endloop
endfacet
facet normal 0.184555 -0.886182 0.424996
outer loop
vertex 7.055996 4.907995 0.036140
vertex 7.328454 5.521495 1.197067
vertex 6.665105 5.521495 1.485126
endloop
endfacet
facet normal 0.000881 -0.779511 0.626388
outer loop
vertex 7.769114 4.907995 0.001690
vertex 8.483063 4.907995 0.000685
vertex 7.908366 5.521495 0.764966
endloop
endfacet
facet normal 0.395327 -0.749817 0.530558
outer loop
vertex 7.769114 4.907995 0.001690
vertex 7.908366 5.521495 0.764966
vertex 7.328454 5.521495 1.197067
endloop
endfacet
facet normal 0.000001 -0.581043 0.813873
outer loop
vertex 8.483063 4.907995 0.000685
vertex 9.197013 4.907995 0.000684
vertex 8.553769 5.521495 0.438677
endloop
endfacet
facet normal 0.371507 -0.567439 0.734844
outer loop
vertex 8.483063 4.907995 0.000685
vertex 8.553769 5.521495 0.438677
vertex 7.908366 5.521495 0.764966
endloop
endfacet
facet normal 0.410735 -0.203806 0.888684
outer loop
vertex 9.197013 4.907995 0.000684
vertex 9.210239 5.521495 0.135268
vertex 8.553769 5.521495 0.438677
endloop
endfacet
facet normal -0.803747 -0.337276 0.490139
outer loop
vertex 17.056950 4.907995 1.492097
vertex 17.428665 4.907995 2.101648
vertex 17.114546 5.521495 2.008707
endloop
endfacet
facet normal -0.773592 -0.364104 0.518637
outer loop
vertex 17.056950 4.907995 1.492097
vertex 17.114546 5.521495 2.008707
vertex 16.711827 5.521495 1.408018
endloop
endfacet
facet normal -0.814218 -0.118534 0.568329
outer loop
vertex 17.428665 4.907995 2.101648
vertex 17.837304 4.907995 2.687086
vertex 17.629152 5.521495 2.516831
endloop
endfacet
facet normal -0.681320 -0.244312 0.690011
outer loop
vertex 17.428665 4.907995 2.101648
vertex 17.629152 5.521495 2.516831
vertex 17.114546 5.521495 2.008707
endloop
endfacet
facet normal -0.599261 -0.168357 0.782650
outer loop
vertex 17.837304 4.907995 2.687086
vertex 18.404169 4.907995 3.121124
vertex 18.127299 5.521495 3.041101
endloop
endfacet
facet normal -0.723850 -0.054723 0.687784
outer loop
vertex 17.837304 4.907995 2.687086
vertex 18.127299 5.521495 3.041101
vertex 17.629152 5.521495 2.516831
endloop
endfacet
facet normal -0.521010 -0.280075 0.806292
outer loop
vertex 18.404169 4.907995 3.121124
vertex 19.003819 4.907995 3.508607
vertex 18.677279 5.521495 3.510709
endloop
endfacet
facet normal -0.637485 -0.190311 0.746588
outer loop
vertex 18.404169 4.907995 3.121124
vertex 18.677279 5.521495 3.510709
vertex 18.127299 5.521495 3.041101
endloop
endfacet
facet normal -0.302236 -0.306855 0.902493
outer loop
vertex 19.003819 4.907995 3.508607
vertex 19.680815 4.907995 3.735326
vertex 19.328205 5.521495 3.825835
endloop
endfacet
facet normal -0.424186 -0.228779 0.876200
outer loop
vertex 19.003819 4.907995 3.508607
vertex 19.328205 5.521495 3.825835
vertex 18.677279 5.521495 3.510709
endloop
endfacet
facet normal -0.522353 0.018399 0.852531
outer loop
vertex 19.680815 4.907995 3.735326
vertex 20.289582 4.907995 4.108323
vertex 20.041801 5.521495 3.943265
endloop
endfacet
facet normal -0.157933 -0.232360 0.959722
outer loop
vertex 19.680815 4.907995 3.735326
vertex 20.041801 5.521495 3.943265
vertex 19.328205 5.521495 3.825835
endloop
endfacet
facet normal 0.254578 0.329994 0.909007
outer loop
vertex 20.289582 4.907995 4.108323
vertex 20.977079 4.907995 3.915781
vertex 20.741162 5.521495 3.759135
endloop
endfacet
facet normal 0.239326 0.341220 0.909006
outer loop
vertex 20.289582 4.907995 4.108323
vertex 20.741162 5.521495 3.759135
vertex 20.041801 5.521495 3.943265
endloop
endfacet
facet normal 0.659895 0.039478 0.750320
outer loop
vertex 20.977079 4.907995 3.915781
vertex 21.513188 4.907995 3.444282
vertex 21.415524 5.521495 3.497896
endloop
endfacet
facet normal 0.338007 0.352763 0.872531
outer loop
vertex 20.977079 4.907995 3.915781
vertex 21.415524 5.521495 3.497896
vertex 20.741162 5.521495 3.759135
endloop
endfacet
facet normal 0.648148 0.121813 0.751708
outer loop
vertex 21.513188 4.907995 3.444282
vertex 22.053896 4.907995 2.978065
vertex 21.927773 5.521495 2.987396
endloop
endfacet
facet normal 0.704999 0.050408 0.707414
outer loop
vertex 21.513188 4.907995 3.444282
vertex 21.927773 5.521495 2.987396
vertex 21.415524 5.521495 3.497896
endloop
endfacet
facet normal 0.661192 0.231621 0.713566
outer loop
vertex 22.053896 4.907995 2.978065
vertex 22.577587 4.907995 2.492811
vertex 22.410281 5.521495 2.448698
endloop
endfacet
facet normal 0.737388 0.141546 0.660473
outer loop
vertex 22.053896 4.907995 2.978065
vertex 22.410281 5.521495 2.448698
vertex 21.927773 5.521495 2.987396
endloop
endfacet
facet normal 0.795360 0.171977 0.581228
outer loop
vertex 22.577587 4.907995 2.492811
vertex 22.998831 4.907995 1.916376
vertex 22.879391 5.521495 1.898294
endloop
endfacet
facet normal 0.737617 0.246358 0.628672
outer loop
vertex 22.577587 4.907995 2.492811
vertex 22.879391 5.521495 1.898294
vertex 22.410281 5.521495 2.448698
endloop
endfacet
facet normal 0.854972 0.173437 0.488817
outer loop
vertex 22.998831 4.907995 1.916376
vertex 23.353192 4.907995 1.296575
vertex 23.242347 5.521495 1.272776
endloop
endfacet
facet normal 0.850781 0.180186 0.493664
outer loop
vertex 22.998831 4.907995 1.916376
vertex 23.242347 5.521495 1.272776
vertex 22.879391 5.521495 1.898294
endloop
endfacet
facet normal 0.884830 0.093463 0.456444
outer loop
vertex 23.353192 4.907995 1.296575
vertex 23.680503 4.907995 0.662074
vertex 23.619106 5.521495 0.655474
endloop
endfacet
facet normal 0.840881 0.171838 0.513216
outer loop
vertex 23.353192 4.907995 1.296575
vertex 23.619106 5.521495 0.655474
vertex 23.242347 5.521495 1.272776
endloop
endfacet
facet normal 0.891010 -0.015433 0.453721
outer loop
vertex 23.680503 4.907995 0.662074
vertex 24.004476 4.907995 0.025862
vertex 24.005717 5.521495 0.044293
endloop
endfacet
facet normal 0.841686 0.089963 0.532421
outer loop
vertex 23.680503 4.907995 0.662074
vertex 24.005717 5.521495 0.044293
vertex 23.619106 5.521495 0.655474
endloop
endfacet
facet normal -0.101693 -0.703835 0.703047
outer loop
vertex 0.723193 5.521495 0.001118
vertex 1.438938 5.521495 0.104648
vertex 1.167017 6.134994 0.679502
endloop
endfacet
facet normal -0.761332 -0.147393 0.631386
outer loop
vertex 0.723193 5.521495 0.001118
vertex 1.167017 6.134994 0.679502
vertex 0.707975 6.134994 0.125985
endloop
endfacet
facet normal -0.341287 -0.812490 0.472635
outer loop
vertex 1.438938 5.521495 0.104648
vertex 2.025252 5.521495 0.528021
vertex 1.584918 6.134994 1.264702
endloop
endfacet
facet normal -0.603317 -0.671108 0.430839
outer loop
vertex 1.438938 5.521495 0.104648
vertex 1.584918 6.134994 1.264702
vertex 1.167017 6.134994 0.679502
endloop
endfacet
facet normal -0.535230 -0.744824 0.398455
outer loop
vertex 2.025252 5.521495 0.528021
vertex 2.457108 5.521495 1.108116
vertex 2.096301 6.134994 1.770260
endloop
endfacet
facet normal -0.416768 -0.805347 0.421570
outer loop
vertex 2.025252 5.521495 0.528021
vertex 2.096301 6.134994 1.770260
vertex 1.584918 6.134994 1.264702
endloop
endfacet
facet normal -0.085982 -0.812333 0.576821
outer loop
vertex 2.457108 5.521495 1.108116
vertex 3.172399 5.521495 1.214739
vertex 2.771044 6.134994 2.018900
endloop
endfacet
facet normal -0.219614 -0.772388 0.595975
outer loop
vertex 2.457108 5.521495 1.108116
vertex 2.771044 6.134994 2.018900
vertex 2.096301 6.134994 1.770260
endloop
endfacet
facet normal -0.258881 -0.813525 0.520728
outer loop
vertex 3.172399 5.521495 1.214739
vertex 3.819979 5.521495 1.536685
vertex 3.431966 6.134994 2.302243
endloop
endfacet
facet normal -0.222400 -0.825482 0.518766
outer loop
vertex 3.172399 5.521495 1.214739
vertex 3.431966 6.134994 2.302243
vertex 2.771044 6.134994 2.018900
endloop
endfacet
facet normal -0.131553 -0.866243 0.481993
outer loop
vertex 3.819979 5.521495 1.536685
vertex 4.517653 5.521495 1.727104
vertex 4.032789 6.134994 2.697354
endloop
endfacet
facet normal -0.320862 -0.811780 0.487916
outer loop
vertex 3.819979 5.521495 1.536685
vertex 4.032789 6.134994 2.697354
vertex 3.431966 6.134994 2.302243
endloop
endfacet
facet normal 0.005251 -0.892023 0.451960
outer loop
vertex 4.517653 5.521495 1.727104
vertex 5.240799 5.521495 1.718702
vertex 4.711235 6.134994 2.935706
endloop
endfacet
facet normal -0.164163 -0.868738 0.467275
outer loop
vertex 4.517653 5.521495 1.727104
vertex 4.711235 6.134994 2.935706
vertex 4.032789 6.134994 2.697354
endloop
endfacet
facet normal 0.045722 -0.882905 0.467321
outer loop
vertex 5.240799 5.521495 1.718702
vertex 5.960556 5.521495 1.648281
vertex 5.426297 6.134994 2.859632
endloop
endfacet
facet normal 0.049655 -0.883003 0.466734
outer loop
vertex 5.240799 5.521495 1.718702
vertex 5.426297 6.134994 2.859632
vertex 4.711235 6.134994 2.935706
endloop
endfacet
facet normal 0.098603 -0.899431 0.425795
outer loop
vertex 5.960556 5.521495 1.648281
vertex 6.665105 5.521495 1.485126
vertex 6.144163 6.134994 2.901694
endloop
endfacet
facet normal -0.025930 -0.896374 0.442540
outer loop
vertex 5.960556 5.521495 1.648281
vertex 6.144163 6.134994 2.901694
vertex 5.426297 6.134994 2.859632
endloop
endfacet
facet normal 0.202928 -0.860491 0.467307
outer loop
vertex 6.665105 5.521495 1.485126
vertex 7.328454 5.521495 1.197067
vertex 6.779613 6.134994 2.565088
endloop
endfacet
facet normal 0.243376 -0.854209 0.459450
outer loop
vertex 6.665105 5.521495 1.485126
vertex 6.779613 6.134994 2.565088
vertex 6.144163 6.134994 2.901694
endloop
endfacet
facet normal 0.367067 -0.789035 0.492631
outer loop
vertex 7.328454 5.521495 1.197067
vertex 7.908366 5.521495 0.764966
vertex 7.367327 6.134994 2.150729
endloop
endfacet
facet normal 0.350148 -0.794195 0.496640
outer loop
vertex 7.328454 5.521495 1.197067
vertex 7.367327 6.134994 2.150729
vertex 6.779613 6.134994 2.565088
endloop
endfacet
facet normal 0.206344 -0.889290 0.408150
outer loop
vertex 7.908366 5.521495 0.764966
vertex 8.553769 5.521495 0.438677
vertex 8.074052 6.134994 2.017912
endloop
endfacet
facet normal 0.080752 -0.899359 0.429688
outer loop
vertex 7.908366 5.521495 0.764966
vertex 8.074052 6.134994 2.017912
vertex 7.367327 6.134994 2.150729
endloop
endfacet
facet normal 0.163854 -0.920579 0.354522
outer loop
vertex 8.553769 5.521495 0.438677
vertex 9.210239 5.521495 0.135268
vertex 8.786984 6.134994 1.923947
endloop
endfacet
facet normal 0.049382 -0.925842 0.374670
outer loop
vertex 8.553769 5.521495 0.438677
vertex 8.786984 6.134994 1.923947
vertex 8.074052 6.134994 2.017912
endloop
endfacet
facet normal 0.063245 -0.909115 0.411716
outer loop
vertex 9.210239 5.521495 0.135268
vertex 9.925048 5.521495 0.025464
vertex 9.344173 6.134994 1.469370
endloop
endfacet
facet normal 0.304030 -0.876750 0.372659
outer loop
vertex 9.210239 5.521495 0.135268
vertex 9.344173 6.134994 1.469370
vertex 8.786984 6.134994 1.923947
endloop
endfacet
facet normal 0.007023 -0.885647 0.464306
outer loop
vertex 9.925048 5.521495 0.025464
vertex 10.648159 5.521495 0.014526
vertex 10.008634 6.134994 1.194428
endloop
endfacet
facet normal 0.184684 -0.875603 0.446331
outer loop
vertex 9.925048 5.521495 0.025464
vertex 10.008634 6.134994 1.194428
vertex 9.344173 6.134994 1.469370
endloop
endfacet
facet normal 0.000045 -0.811552 0.584280
outer loop
vertex 10.648159 5.521495 0.014526
vertex 11.371353 5.521495 0.014471
vertex 10.648690 6.134994 0.866664
endloop
endfacet
facet normal 0.286591 -0.777595 0.559653
outer loop
vertex 10.648159 5.521495 0.014526
vertex 10.648690 6.134994 0.866664
vertex 10.008634 6.134994 1.194428
endloop
endfacet
facet normal -0.000046 -0.774816 0.632186
outer loop
vertex 11.371353 5.521495 0.014471
vertex 12.094547 5.521495 0.014524
vertex 11.360760 6.134994 0.766383
endloop
endfacet
facet normal 0.088785 -0.771143 0.630441
outer loop
vertex 11.371353 5.521495 0.014471
vertex 11.360760 6.134994 0.766383
vertex 10.648690 6.134994 0.866664
endloop
endfacet
facet normal -0.001074 -0.810990 0.585059
outer loop
vertex 12.094547 5.521495 0.014524
vertex 12.817740 5.521495 0.015852
vertex 12.073077 6.134994 0.864898
endloop
endfacet
facet normal -0.080470 -0.809311 0.581843
outer loop
vertex 12.094547 5.521495 0.014524
vertex 12.073077 6.134994 0.864898
vertex 11.360760 6.134994 0.766383
endloop
endfacet
facet normal -0.022486 -0.862023 0.506371
outer loop
vertex 12.817740 5.521495 0.015852
vertex 13.540222 5.521495 0.047935
vertex 12.765779 6.134994 1.057938
endloop
endfacet
facet normal -0.138585 -0.856441 0.497296
outer loop
vertex 12.817740 5.521495 0.015852
vertex 12.765779 6.134994 1.057938
vertex 12.073077 6.134994 0.864898
endloop
endfacet
facet normal -0.080866 -0.879405 0.469156
outer loop
vertex 13.540222 5.521495 0.047935
vertex 14.252906 5.521495 0.170777
vertex 13.473314 6.134994 1.186372
endloop
endfacet
facet normal -0.085097 -0.879198 0.468795
outer loop
vertex 13.540222 5.521495 0.047935
vertex 13.473314 6.134994 1.186372
vertex 12.765779 6.134994 1.057938
endloop
endfacet
facet normal -0.078831 -0.904180 0.419814
outer loop
vertex 14.252906 5.521495 0.170777
vertex 14.963678 5.521495 0.304244
vertex 14.134192 6.134994 1.469818
endloop
endfacet
facet normal -0.174720 -0.896393 0.407373
outer loop
vertex 14.252906 5.521495 0.170777
vertex 14.134192 6.134994 1.469818
vertex 13.473314 6.134994 1.186372
endloop
endfacet
facet normal -0.058353 -0.925347 0.374604
outer loop
vertex 14.963678 5.521495 0.304244
vertex 15.678254 5.521495 0.415554
vertex 14.777705 6.134994 1.790741
endloop
endfacet
facet normal -0.177712 -0.917297 0.356349
outer loop
vertex 14.963678 5.521495 0.304244
vertex 14.777705 6.134994 1.790741
vertex 14.134192 6.134994 1.469818
endloop
endfacet
facet normal -0.277444 -0.881666 0.381695
outer loop
vertex 15.678254 5.521495 0.415554
vertex 16.263238 5.521495 0.840764
vertex 15.490565 6.134994 1.696233
endloop
endfacet
facet normal 0.058096 -0.896992 0.438212
outer loop
vertex 15.678254 5.521495 0.415554
vertex 15.490565 6.134994 1.696233
vertex 14.777705 6.134994 1.790741
endloop
endfacet
facet normal -0.521658 -0.746787 0.412531
outer loop
vertex 16.263238 5.521495 0.840764
vertex 16.711827 5.521495 1.408018
vertex 16.190818 6.134994 1.859777
endloop
endfacet
facet normal -0.118176 -0.854402 0.505996
outer loop
vertex 16.263238 5.521495 0.840764
vertex 16.190818 6.134994 1.859777
vertex 15.490565 6.134994 1.696233
endloop
endfacet
facet normal -0.727316 -0.482954 0.487613
outer loop
vertex 16.711827 5.521495 1.408018
vertex 17.114546 5.521495 2.008707
vertex 16.829218 6.134994 2.190755
endloop
endfacet
facet normal -0.318282 -0.722362 0.613913
outer loop
vertex 16.711827 5.521495 1.408018
vertex 16.829218 6.134994 2.190755
vertex 16.190818 6.134994 1.859777
endloop
endfacet
facet normal -0.660198 -0.342176 0.668621
outer loop
vertex 17.114546 5.521495 2.008707
vertex 17.629152 5.521495 2.516831
vertex 17.410156 6.134994 2.614561
endloop
endfacet
facet normal -0.524208 -0.457024 0.718565
outer loop
vertex 17.114546 5.521495 2.008707
vertex 17.410156 6.134994 2.614561
vertex 16.829218 6.134994 2.190755
endloop
endfacet
facet normal -0.706665 -0.223100 0.671455
outer loop
vertex 17.629152 5.521495 2.516831
vertex 18.127299 5.521495 3.041101
vertex 17.964056 6.134994 3.073141
endloop
endfacet
facet normal -0.601849 -0.330639 0.726949
outer loop
vertex 17.629152 5.521495 2.516831
vertex 17.964056 6.134994 3.073141
vertex 17.410156 6.134994 2.614561
endloop
endfacet
facet normal -0.644757 -0.118763 0.755105
outer loop
vertex 18.127299 5.521495 3.041101
vertex 18.677279 5.521495 3.510709
vertex 18.546206 6.134994 3.495281
endloop
endfacet
facet normal -0.575810 -0.194685 0.794066
outer loop
vertex 18.127299 5.521495 3.041101
vertex 18.546206 6.134994 3.495281
vertex 17.964056 6.134994 3.073141
endloop
endfacet
facet normal -0.432839 -0.115246 0.894074
outer loop
vertex 18.677279 5.521495 3.510709
vertex 19.328205 5.521495 3.825835
vertex 19.180777 6.134994 3.833542
endloop
endfacet
facet normal -0.468961 -0.078070 0.879762
outer loop
vertex 18.677279 5.521495 3.510709
vertex 19.180777 6.134994 3.833542
vertex 18.546206 6.134994 3.495281
endloop
endfacet
facet normal -0.152186 0.348691 0.924799
outer loop
vertex 19.328205 5.521495 3.825835
vertex 20.041801 5.521495 3.943265
vertex 19.884591 6.134994 3.686078
endloop
endfacet
facet normal 0.204929 0.036959 0.978079
outer loop
vertex 19.328205 5.521495 3.825835
vertex 19.884591 6.134994 3.686078
vertex 19.180777 6.134994 3.833542
endloop
endfacet
facet normal 0.200099 0.618336 0.760014
outer loop
vertex 20.041801 5.521495 3.943265
vertex 20.741162 5.521495 3.759135
vertex 20.504840 6.134994 3.322221
endloop
endfacet
facet normal 0.454151 0.440919 0.774169
outer loop
vertex 20.041801 5.521495 3.943265
vertex 20.504840 6.134994 3.322221
vertex 19.884591 6.134994 3.686078
endloop
endfacet
facet normal 0.304630 0.537420 0.786372
outer loop
vertex 20.741162 5.521495 3.759135
vertex 21.415524 5.521495 3.497896
vertex 21.205405 6.134994 3.160018
endloop
endfacet
facet normal 0.177798 0.615376 0.767920
outer loop
vertex 20.741162 5.521495 3.759135
vertex 21.205405 6.134994 3.160018
vertex 20.504840 6.134994 3.322221
endloop
endfacet
facet normal 0.686659 0.231865 0.689012
outer loop
vertex 21.415524 5.521495 3.497896
vertex 21.927773 5.521495 2.987396
vertex 21.855604 6.134994 2.852865
endloop
endfacet
facet normal 0.359068 0.541593 0.760097
outer loop
vertex 21.415524 5.521495 3.497896
vertex 21.855604 6.134994 2.852865
vertex 21.205405 6.134994 3.160018
endloop
endfacet
facet normal 0.741709 0.092285 0.664343
outer loop
vertex 21.927773 5.521495 2.987396
vertex 22.410281 5.521495 2.448698
vertex 22.396431 6.134994 2.378939
endloop
endfacet
facet normal 0.640502 0.235624 0.730916
outer loop
vertex 21.927773 5.521495 2.987396
vertex 22.396431 6.134994 2.378939
vertex 21.855604 6.134994 2.852865
endloop
endfacet
facet normal 0.758933 0.074973 0.646839
outer loop
vertex 22.410281 5.521495 2.448698
vertex 22.879391 5.521495 1.898294
vertex 22.870198 6.134994 1.837971
endloop
endfacet
facet normal 0.749130 0.091512 0.656071
outer loop
vertex 22.410281 5.521495 2.448698
vertex 22.870198 6.134994 1.837971
vertex 22.396431 6.134994 2.378939
endloop
endfacet
facet normal 0.861529 0.088691 0.499901
outer loop
vertex 22.879391 5.521495 1.898294
vertex 23.242347 5.521495 1.272776
vertex 23.216817 6.134994 1.207927
endloop
endfacet
facet normal 0.874559 0.060414 0.481140
outer loop
vertex 22.879391 5.521495 1.898294
vertex 23.216817 6.134994 1.207927
vertex 22.870198 6.134994 1.837971
endloop
endfacet
facet normal 0.850952 0.078380 0.519363
outer loop
vertex 23.242347 5.521495 1.272776
vertex 23.619106 5.521495 0.655474
vertex 23.597688 6.134994 0.597978
endloop
endfacet
facet normal 0.844703 0.090904 0.527459
outer loop
vertex 23.242347 5.521495 1.272776
vertex 23.597688 6.134994 0.597978
vertex 23.216817 6.134994 1.207927
endloop
endfacet
facet normal 0.845105 0.004224 0.534584
outer loop
vertex 23.619106 5.521495 0.655474
vertex 24.005717 5.521495 0.044293
vertex 24.020396 6.134994 0.016240
endloop
endfacet
facet normal 0.806190 0.083044 0.585800
outer loop
vertex 23.619106 5.521495 0.655474
vertex 24.020396 6.134994 0.016240
vertex 23.597688 6.134994 0.597978
endloop
endfacet
facet normal -0.128754 -0.678172 0.723537
outer loop
vertex 0.000000 6.134994 0.000000
vertex 0.707975 6.134994 0.125985
vertex 0.401066 6.748493 0.646403
endloop
endfacet
facet normal -0.828860 -0.045643 0.557591
outer loop
vertex 0.000000 6.134994 0.000000
vertex 0.401066 6.748493 0.646403
vertex 0.000000 6.748493 0.050219
endloop
endfacet
facet normal -0.537522 -0.715789 0.445776
outer loop
vertex 0.707975 6.134994 0.125985
vertex 1.167017 6.134994 0.679502
vertex 0.811635 6.748493 1.236083
endloop
endfacet
facet normal -0.611441 -0.667010 0.425721
outer loop
vertex 0.707975 6.134994 0.125985
vertex 0.811635 6.748493 1.236083
vertex 0.401066 6.748493 0.646403
endloop
endfacet
facet normal -0.587050 -0.692550 0.419222
outer loop
vertex 1.167017 6.134994 0.679502
vertex 1.584918 6.134994 1.264702
vertex 1.248249 6.748493 1.806748
endloop
endfacet
facet normal -0.558417 -0.711079 0.427243
outer loop
vertex 1.167017 6.134994 0.679502
vertex 1.248249 6.748493 1.806748
vertex 0.811635 6.748493 1.236083
endloop
endfacet
facet normal -0.589373 -0.545186 0.596164
outer loop
vertex 1.584918 6.134994 1.264702
vertex 2.096301 6.134994 1.770260
vertex 1.890865 6.748493 2.128204
endloop
endfacet
facet normal -0.310751 -0.719393 0.621215
outer loop
vertex 1.584918 6.134994 1.264702
vertex 1.890865 6.748493 2.128204
vertex 1.248249 6.748493 1.806748
endloop
endfacet
facet normal -0.257872 -0.666171 0.699799
outer loop
vertex 2.096301 6.134994 1.770260
vertex 2.771044 6.134994 2.018900
vertex 2.503166 6.748493 2.504206
endloop
endfacet
facet normal -0.434250 -0.557998 0.707153
outer loop
vertex 2.096301 6.134994 1.770260
vertex 2.503166 6.748493 2.504206
vertex 1.890865 6.748493 2.128204
endloop
endfacet
facet normal -0.289195 -0.679206 0.674571
outer loop
vertex 2.771044 6.134994 2.018900
vertex 3.431966 6.134994 2.302243
vertex 3.157040 6.748493 2.802094
endloop
endfacet
facet normal -0.308018 -0.669328 0.676110
outer loop
vertex 2.771044 6.134994 2.018900
vertex 3.157040 6.748493 2.802094
vertex 2.503166 6.748493 2.504206
endloop
endfacet
facet normal -0.508027 -0.380935 0.772526
outer loop
vertex 3.431966 6.134994 2.302243
vertex 4.032789 6.134994 2.697354
vertex 3.869836 6.748493 2.892713
endloop
endfacet
facet normal -0.095394 -0.654109 0.750361
outer loop
vertex 3.431966 6.134994 2.302243
vertex 3.869836 6.748493 2.892713
vertex 3.157040 6.748493 2.802094
endloop
endfacet
facet normal -0.329604 -0.105659 0.938188
outer loop
vertex 4.032789 6.134994 2.697354
vertex 4.711235 6.134994 2.935706
vertex 4.585164 6.748493 2.960507
endloop
endfacet
facet normal -0.089272 -0.323660 0.941952
outer loop
vertex 4.032789 6.134994 2.697354
vertex 4.585164 6.748493 2.960507
vertex 3.869836 6.748493 2.892713
endloop
endfacet
facet normal 0.099129 -0.349248 0.931772
outer loop
vertex 4.711235 6.134994 2.935706
vertex 5.426297 6.134994 2.859632
vertex 5.289188 6.748493 3.104172
endloop
endfacet
facet normal -0.199294 -0.080435 0.976633
outer loop
vertex 4.711235 6.134994 2.935706
vertex 5.289188 6.748493 3.104172
vertex 4.585164 6.748493 2.960507
endloop
endfacet
facet normal -0.047267 -0.589061 0.806705
outer loop
vertex 5.426297 6.134994 2.859632
vertex 6.144163 6.134994 2.901694
vertex 5.968140 6.748493 3.339361
endloop
endfacet
facet normal -0.298513 -0.410207 0.861754
outer loop
vertex 5.426297 6.134994 2.859632
vertex 5.968140 6.748493 3.339361
vertex 5.289188 6.748493 3.104172
endloop
endfacet
facet normal 0.277282 -0.805671 0.523458
outer loop
vertex 6.144163 6.134994 2.901694
vertex 6.779613 6.134994 2.565088
vertex 6.644936 6.748493 3.580684
endloop
endfacet
facet normal -0.266324 -0.609257 0.746912
outer loop
vertex 6.144163 6.134994 2.901694
vertex 6.644936 6.748493 3.580684
vertex 5.968140 6.748493 3.339361
endloop
endfacet
facet normal 0.305102 -0.848318 0.432747
outer loop
vertex 6.779613 6.134994 2.565088
vertex 7.367327 6.134994 2.150729
vertex 7.333964 6.748493 3.376899
endloop
endfacet
facet normal 0.155508 -0.836274 0.525797
outer loop
vertex 6.779613 6.134994 2.565088
vertex 7.333964 6.748493 3.376899
vertex 6.644936 6.748493 3.580684
endloop
endfacet
facet normal 0.123869 -0.741772 0.659114
outer loop
vertex 7.367327 6.134994 2.150729
vertex 8.074052 6.134994 2.017912
vertex 7.724832 6.748493 2.773979
endloop
endfacet
facet normal 0.581123 -0.721363 0.376737
outer loop
vertex 7.367327 6.134994 2.150729
vertex 7.724832 6.748493 2.773979
vertex 7.333964 6.748493 3.376899
endloop
endfacet
facet normal 0.098698 -0.655362 0.748838
outer loop
vertex 8.074052 6.134994 2.017912
vertex 8.786984 6.134994 1.923947
vertex 8.394154 6.748493 2.512640
endloop
endfacet
facet normal 0.264885 -0.685275 0.678405
outer loop
vertex 8.074052 6.134994 2.017912
vertex 8.394154 6.748493 2.512640
vertex 7.724832 6.748493 2.773979
endloop
endfacet
facet normal 0.384066 -0.794278 0.470761
outer loop
vertex 8.786984 6.134994 1.923947
vertex 9.344173 6.134994 1.469370
vertex 9.082800 6.748493 2.717717
endloop
endfacet
facet normal -0.191759 -0.740670 0.643922
outer loop
vertex 8.786984 6.134994 1.923947
vertex 9.082800 6.748493 2.717717
vertex 8.394154 6.748493 2.512640
endloop
endfacet
facet normal 0.222233 -0.813732 0.537078
outer loop
vertex 9.344173 6.134994 1.469370
vertex 10.008634 6.134994 1.194428
vertex 9.647477 6.748493 2.273387
endloop
endfacet
facet normal 0.370621 -0.800498 0.471003
outer loop
vertex 9.344173 6.134994 1.469370
vertex 9.647477 6.748493 2.273387
vertex 9.082800 6.748493 2.717717
endloop
endfacet
facet normal 0.237546 -0.853457 0.463879
outer loop
vertex 10.008634 6.134994 1.194428
vertex 10.648690 6.134994 0.866664
vertex 10.354625 6.748493 2.145985
endloop
endfacet
facet normal 0.092867 -0.851867 0.515460
outer loop
vertex 10.008634 6.134994 1.194428
vertex 10.354625 6.748493 2.145985
vertex 9.647477 6.748493 2.273387
endloop
endfacet
facet normal 0.063600 -0.889946 0.451609
outer loop
vertex 10.648690 6.134994 0.866664
vertex 11.360760 6.134994 0.766383
vertex 11.061574 6.748493 2.017487
endloop
endfacet
facet normal 0.081079 -0.891318 0.446070
outer loop
vertex 10.648690 6.134994 0.866664
vertex 11.061574 6.748493 2.017487
vertex 10.354625 6.748493 2.145985
endloop
endfacet
facet normal -0.065757 -0.877276 0.475460
outer loop
vertex 11.360760 6.134994 0.766383
vertex 12.073077 6.134994 0.864898
vertex 11.777471 6.748493 1.955989
endloop
endfacet
facet normal 0.038429 -0.893534 0.447349
outer loop
vertex 11.360760 6.134994 0.766383
vertex 11.777471 6.748493 1.955989
vertex 11.061574 6.748493 2.017487
endloop
endfacet
facet normal -0.125490 -0.884011 0.450308
outer loop
vertex 12.073077 6.134994 0.864898
vertex 12.765779 6.134994 1.057938
vertex 12.461043 6.748493 2.177391
endloop
endfacet
facet normal -0.147111 -0.878669 0.454202
outer loop
vertex 12.073077 6.134994 0.864898
vertex 12.461043 6.748493 2.177391
vertex 11.777471 6.748493 1.955989
endloop
endfacet
facet normal -0.091305 -0.859452 0.502996
outer loop
vertex 12.765779 6.134994 1.057938
vertex 13.473314 6.134994 1.186372
vertex 13.179565 6.748493 2.181314
endloop
endfacet
facet normal -0.002621 -0.877240 0.480045
outer loop
vertex 12.765779 6.134994 1.057938
vertex 13.179565 6.748493 2.181314
vertex 12.461043 6.748493 2.177391
endloop
endfacet
facet normal -0.254079 -0.764527 0.592404
outer loop
vertex 13.473314 6.134994 1.186372
vertex 14.134192 6.134994 1.469818
vertex 13.897787 6.748493 2.160178
endloop
endfacet
facet normal 0.015542 -0.849030 0.528116
outer loop
vertex 13.473314 6.134994 1.186372
vertex 13.897787 6.748493 2.160178
vertex 13.179565 6.748493 2.181314
endloop
endfacet
facet normal -0.272952 -0.791160 0.547324
outer loop
vertex 14.134192 6.134994 1.469818
vertex 14.777705 6.134994 1.790741
vertex 14.506334 6.748493 2.542224
endloop
endfacet
facet normal -0.347527 -0.756830 0.553564
outer loop
vertex 14.134192 6.134994 1.469818
vertex 14.506334 6.748493 2.542224
vertex 13.897787 6.748493 2.160178
endloop
endfacet
facet normal 0.083617 -0.771498 0.630713
outer loop
vertex 14.777705 6.134994 1.790741
vertex 15.490565 6.134994 1.696233
vertex 15.222359 6.748493 2.482233
endloop
endfacet
facet normal 0.053880 -0.763894 0.643088
outer loop
vertex 14.777705 6.134994 1.790741
vertex 15.222359 6.748493 2.482233
vertex 14.506334 6.748493 2.542224
endloop
endfacet
facet normal -0.150098 -0.751290 0.642677
outer loop
vertex 15.490565 6.134994 1.696233
vertex 16.190818 6.134994 1.859777
vertex 15.939982 6.748493 2.518376
endloop
endfacet
facet normal -0.030646 -0.792974 0.608485
outer loop
vertex 15.490565 6.134994 1.696233
vertex 15.939982 6.748493 2.518376
vertex 15.222359 6.748493 2.482233
endloop
endfacet
facet normal -0.375378 -0.578665 0.724043
outer loop
vertex 16.190818 6.134994 1.859777
vertex 16.829218 6.134994 2.190755
vertex 16.654868 6.748493 2.590680
endloop
endfacet
facet normal -0.067380 -0.742723 0.666200
outer loop
vertex 16.190818 6.134994 1.859777
vertex 16.654868 6.748493 2.590680
vertex 15.939982 6.748493 2.518376
endloop
endfacet
facet normal -0.537881 -0.408734 0.737307
outer loop
vertex 16.829218 6.134994 2.190755
vertex 17.410156 6.134994 2.614561
vertex 17.311416 6.748493 2.882628
endloop
endfacet
facet normal -0.331126 -0.579524 0.744653
outer loop
vertex 16.829218 6.134994 2.190755
vertex 17.311416 6.748493 2.882628
vertex 16.654868 6.748493 2.590680
endloop
endfacet
facet normal -0.624972 -0.198920 0.754878
outer loop
vertex 17.410156 6.134994 2.614561
vertex 17.964056 6.134994 3.073141
vertex 17.945929 6.748493 3.219798
endloop
endfacet
facet normal -0.426083 -0.418938 0.801838
outer loop
vertex 17.410156 6.134994 2.614561
vertex 17.945929 6.748493 3.219798
vertex 17.311416 6.748493 2.882628
endloop
endfacet
facet normal -0.573571 0.213000 0.790979
outer loop
vertex 17.964056 6.134994 3.073141
vertex 18.546206 6.134994 3.495281
vertex 18.641678 6.748493 3.399305
endloop
endfacet
facet normal -0.242989 -0.232317 0.941799
outer loop
vertex 17.964056 6.134994 3.073141
vertex 18.641678 6.748493 3.399305
vertex 17.945929 6.748493 3.219798
endloop
endfacet
facet normal -0.470265 -0.023596 0.882210
outer loop
vertex 18.546206 6.134994 3.495281
vertex 19.180777 6.134994 3.833542
vertex 19.195095 6.748493 3.857583
endloop
endfacet
facet normal -0.622935 0.214624 0.752256
outer loop
vertex 18.546206 6.134994 3.495281
vertex 19.195095 6.748493 3.857583
vertex 18.641678 6.748493 3.399305
endloop
endfacet
facet normal 0.197356 0.271665 0.941939
outer loop
vertex 19.180777 6.134994 3.833542
vertex 19.884591 6.134994 3.686078
vertex 19.829724 6.748493 3.520634
endloop
endfacet
facet normal 0.468455 -0.045509 0.882314
outer loop
vertex 19.180777 6.134994 3.833542
vertex 19.829724 6.748493 3.520634
vertex 19.195095 6.748493 3.857583
endloop
endfacet
facet normal 0.436165 0.506907 0.743509
outer loop
vertex 19.884591 6.134994 3.686078
vertex 20.504840 6.134994 3.322221
vertex 20.331058 6.748493 3.005897
endloop
endfacet
facet normal 0.694618 0.244563 0.676531
outer loop
vertex 19.884591 6.134994 3.686078
vertex 20.331058 6.748493 3.005897
vertex 19.829724 6.748493 3.520634
endloop
endfacet
facet normal 0.158698 0.710637 0.685427
outer loop
vertex 20.504840 6.134994 3.322221
vertex 21.205405 6.134994 3.160018
vertex 20.917438 6.748493 2.590628
endloop
endfacet
facet normal 0.498962 0.504613 0.704559
outer loop
vertex 20.504840 6.134994 3.322221
vertex 20.917438 6.748493 2.590628
vertex 20.331058 6.748493 3.005897
endloop
endfacet
facet normal 0.292672 0.728360 0.619544
outer loop
vertex 21.205405 6.134994 3.160018
vertex 21.855604 6.134994 2.852865
vertex 21.560884 6.748493 2.270837
endloop
endfacet
facet normal 0.308472 0.720840 0.620673
outer loop
vertex 21.205405 6.134994 3.160018
vertex 21.560884 6.748493 2.270837
vertex 20.917438 6.748493 2.590628
endloop
endfacet
facet normal 0.603955 0.400285 0.689210
outer loop
vertex 21.855604 6.134994 2.852865
vertex 22.396431 6.134994 2.378939
vertex 22.266710 6.748493 2.136300
endloop
endfacet
facet normal 0.130958 0.714714 0.687047
outer loop
vertex 21.855604 6.134994 2.852865
vertex 22.266710 6.748493 2.136300
vertex 21.560884 6.748493 2.270837
endloop
endfacet
facet normal 0.750232 -0.073869 0.657036
outer loop
vertex 22.396431 6.134994 2.378939
vertex 22.870198 6.134994 1.837971
vertex 22.923849 6.748493 1.845684
endloop
endfacet
facet normal 0.369215 0.408258 0.834868
outer loop
vertex 22.396431 6.134994 2.378939
vertex 22.923849 6.748493 1.845684
vertex 22.266710 6.748493 2.136300
endloop
endfacet
facet normal 0.842750 -0.273515 0.463640
outer loop
vertex 22.870198 6.134994 1.837971
vertex 23.216817 6.134994 1.207927
vertex 23.373429 6.748493 1.285178
endloop
endfacet
facet normal 0.777822 -0.075865 0.623889
outer loop
vertex 22.870198 6.134994 1.837971
vertex 23.373429 6.748493 1.285178
vertex 22.923849 6.748493 1.845684
endloop
endfacet
facet normal 0.829457 -0.209146 0.517938
outer loop
vertex 23.216817 6.134994 1.207927
vertex 23.597688 6.134994 0.597978
vertex 23.717247 6.748493 0.654244
endloop
endfacet
facet normal 0.844593 -0.273558 0.460248
outer loop
vertex 23.216817 6.134994 1.207927
vertex 23.717247 6.748493 0.654244
vertex 23.373429 6.748493 1.285178
endloop
endfacet
facet normal 0.808708 -0.026133 0.587630
outer loop
vertex 23.597688 6.134994 0.597978
vertex 24.020396 6.134994 0.016240
vertex 24.042268 6.748493 0.013423
endloop
endfacet
facet normal 0.871870 -0.210466 0.442207
outer loop
vertex 23.597688 6.134994 0.597978
vertex 24.042268 6.748493 0.013423
vertex 23.717247 6.748493 0.654244
endloop
endfacet
facet normal -0.677852 -0.576693 0.456006
outer loop
vertex 0.000000 6.748493 0.050219
vertex 0.401066 6.748493 0.646403
vertex 0.345726 7.361993 1.340011
endloop
endfacet
facet normal -0.786299 -0.449055 0.424362
outer loop
vertex 0.000000 6.748493 0.050219
vertex 0.345726 7.361993 1.340011
vertex 0.000000 7.361993 0.699417
endloop
endfacet
facet normal -0.651942 -0.607395 0.453920
outer loop
vertex 0.401066 6.748493 0.646403
vertex 0.811635 6.748493 1.236083
vertex 0.738940 7.361993 1.952605
endloop
endfacet
facet normal -0.693757 -0.566038 0.445312
outer loop
vertex 0.401066 6.748493 0.646403
vertex 0.738940 7.361993 1.952605
vertex 0.345726 7.361993 1.340011
endloop
endfacet
facet normal -0.670189 -0.536585 0.512760
outer loop
vertex 0.811635 6.748493 1.236083
vertex 1.248249 6.748493 1.806748
vertex 1.258630 7.361993 2.462321
endloop
endfacet
facet normal -0.516143 -0.675770 0.526242
outer loop
vertex 0.811635 6.748493 1.236083
vertex 1.258630 7.361993 2.462321
vertex 0.738940 7.361993 1.952605
endloop
endfacet
facet normal -0.302819 -0.736098 0.605359
outer loop
vertex 1.248249 6.748493 1.806748
vertex 1.890865 6.748493 2.128204
vertex 1.866889 7.361993 2.862206
endloop
endfacet
facet normal -0.411663 -0.662149 0.626173
outer loop
vertex 1.248249 6.748493 1.806748
vertex 1.866889 7.361993 2.862206
vertex 1.258630 7.361993 2.462321
endloop
endfacet
facet normal -0.423740 -0.586764 0.690038
outer loop
vertex 1.890865 6.748493 2.128204
vertex 2.503166 6.748493 2.504206
vertex 2.566134 7.361993 3.064554
endloop
endfacet
facet normal -0.181490 -0.757446 0.627166
outer loop
vertex 1.890865 6.748493 2.128204
vertex 2.566134 7.361993 3.064554
vertex 1.866889 7.361993 2.862206
endloop
endfacet
facet normal -0.341825 -0.565841 0.750319
outer loop
vertex 2.503166 6.748493 2.504206
vertex 3.157040 6.748493 2.802094
vertex 3.252127 7.361993 3.308074
endloop
endfacet
facet normal -0.257874 -0.637026 0.726429
outer loop
vertex 2.503166 6.748493 2.504206
vertex 3.252127 7.361993 3.308074
vertex 2.566134 7.361993 3.064554
endloop
endfacet
facet normal -0.095596 -0.652247 0.751954
outer loop
vertex 3.157040 6.748493 2.802094
vertex 3.869836 6.748493 2.892713
vertex 3.968480 7.361993 3.437404
endloop
endfacet
facet normal -0.139814 -0.617029 0.774421
outer loop
vertex 3.157040 6.748493 2.802094
vertex 3.968480 7.361993 3.437404
vertex 3.252127 7.361993 3.308074
endloop
endfacet
facet normal -0.064686 -0.727990 0.682529
outer loop
vertex 3.869836 6.748493 2.892713
vertex 4.585164 6.748493 2.960507
vertex 4.672322 7.361993 3.623130
endloop
endfacet
facet normal -0.197540 -0.632892 0.748616
outer loop
vertex 3.869836 6.748493 2.892713
vertex 4.672322 7.361993 3.623130
vertex 3.968480 7.361993 3.437404
endloop
endfacet
facet normal -0.160186 -0.598444 0.784988
outer loop
vertex 4.585164 6.748493 2.960507
vertex 5.289188 6.748493 3.104172
vertex 5.399690 7.361993 3.594429
endloop
endfacet
facet normal 0.026723 -0.735271 0.677246
outer loop
vertex 4.585164 6.748493 2.960507
vertex 5.399690 7.361993 3.594429
vertex 4.672322 7.361993 3.623130
endloop
endfacet
facet normal -0.327228 0.023604 0.944651
outer loop
vertex 5.289188 6.748493 3.104172
vertex 5.968140 6.748493 3.339361
vertex 6.091056 7.361993 3.366610
endloop
endfacet
facet normal 0.242560 -0.631919 0.736100
outer loop
vertex 5.289188 6.748493 3.104172
vertex 6.091056 7.361993 3.366610
vertex 5.399690 7.361993 3.594429
endloop
endfacet
facet normal -0.317874 0.322815 0.891486
outer loop
vertex 5.968140 6.748493 3.339361
vertex 6.644936 6.748493 3.580684
vertex 6.817037 7.361993 3.419896
endloop
endfacet
facet normal -0.073169 -0.029617 0.996880
outer loop
vertex 5.968140 6.748493 3.339361
vertex 6.817037 7.361993 3.419896
vertex 6.091056 7.361993 3.366610
endloop
endfacet
facet normal 0.222617 -0.619585 0.752699
outer loop
vertex 6.644936 6.748493 3.580684
vertex 7.333964 6.748493 3.376899
vertex 7.393601 7.361993 3.864263
endloop
endfacet
facet normal -0.570859 0.354262 0.740688
outer loop
vertex 6.644936 6.748493 3.580684
vertex 7.393601 7.361993 3.864263
vertex 6.817037 7.361993 3.419896
endloop
endfacet
facet normal 0.526966 -0.778201 0.341628
outer loop
vertex 7.333964 6.748493 3.376899
vertex 7.724832 6.748493 2.773979
vertex 8.080397 7.361993 3.623018
endloop
endfacet
facet normal 0.261100 -0.615875 0.743320
outer loop
vertex 7.333964 6.748493 3.376899
vertex 8.080397 7.361993 3.623018
vertex 7.393601 7.361993 3.864263
endloop
endfacet
facet normal 0.279595 -0.639577 0.716078
outer loop
vertex 7.724832 6.748493 2.773979
vertex 8.394154 6.748493 2.512640
vertex 8.491785 7.361993 3.022478
endloop
endfacet
facet normal 0.512799 -0.783351 0.351282
outer loop
vertex 7.724832 6.748493 2.773979
vertex 8.491785 7.361993 3.022478
vertex 8.080397 7.361993 3.623018
endloop
endfacet
facet normal -0.266483 -0.358107 0.894844
outer loop
vertex 8.394154 6.748493 2.512640
vertex 9.082800 6.748493 2.717717
vertex 9.219483 7.361993 3.003937
endloop
endfacet
facet normal 0.019553 -0.640856 0.767412
outer loop
vertex 8.394154 6.748493 2.512640
vertex 9.219483 7.361993 3.003937
vertex 8.491785 7.361993 3.022478
endloop
endfacet
facet normal 0.319853 -0.855841 0.406485
outer loop
vertex 9.082800 6.748493 2.717717
vertex 9.647477 6.748493 2.273387
vertex 9.796279 7.361993 3.448002
endloop
endfacet
facet normal -0.594021 -0.227623 0.771574
outer loop
vertex 9.082800 6.748493 2.717717
vertex 9.796279 7.361993 3.448002
vertex 9.219483 7.361993 3.003937
endloop
endfacet
facet normal 0.116862 -0.752069 0.648641
outer loop
vertex 9.647477 6.748493 2.273387
vertex 10.354625 6.748493 2.145985
vertex 10.247316 7.361993 2.876641
endloop
endfacet
facet normal 0.461288 -0.809081 0.364145
outer loop
vertex 9.647477 6.748493 2.273387
vertex 10.247316 7.361993 2.876641
vertex 9.796279 7.361993 3.448002
endloop
endfacet
facet normal 0.109042 -0.792599 0.599914
outer loop
vertex 10.354625 6.748493 2.145985
vertex 11.061574 6.748493 2.017487
vertex 10.974512 7.361993 2.843859
endloop
endfacet
facet normal 0.029088 -0.763403 0.645267
outer loop
vertex 10.354625 6.748493 2.145985
vertex 10.974512 7.361993 2.843859
vertex 10.247316 7.361993 2.876641
endloop
endfacet
facet normal 0.044252 -0.855967 0.515133
outer loop
vertex 11.061574 6.748493 2.017487
vertex 11.777471 6.748493 1.955989
vertex 11.689023 7.361993 2.983004
endloop
endfacet
facet normal -0.113818 -0.803403 0.584456
outer loop
vertex 11.061574 6.748493 2.017487
vertex 11.689023 7.361993 2.983004
vertex 10.974512 7.361993 2.843859
endloop
endfacet
facet normal -0.189882 -0.787559 0.586256
outer loop
vertex 11.777471 6.748493 1.955989
vertex 12.461043 6.748493 2.177391
vertex 12.416945 7.361993 2.987266
endloop
endfacet
facet normal -0.003001 -0.858601 0.512636
outer loop
vertex 11.777471 6.748493 1.955989
vertex 12.416945 7.361993 2.987266
vertex 11.689023 7.361993 2.983004
endloop
endfacet
facet normal -0.003221 -0.807500 0.589859
outer loop
vertex 12.461043 6.748493 2.177391
vertex 13.179565 6.748493 2.181314
vertex 13.144097 7.361993 3.020984
endloop
endfacet
facet normal -0.027944 -0.797533 0.602628
outer loop
vertex 12.461043 6.748493 2.177391
vertex 13.144097 7.361993 3.020984
vertex 12.416945 7.361993 2.987266
endloop
endfacet
facet normal 0.017709 -0.798497 0.601738
outer loop
vertex 13.179565 6.748493 2.181314
vertex 13.897787 6.748493 2.160178
vertex 13.870583 7.361993 2.975083
endloop
endfacet
facet normal 0.037313 -0.806126 0.590567
outer loop
vertex 13.179565 6.748493 2.181314
vertex 13.870583 7.361993 2.975083
vertex 13.144097 7.361993 3.020984
endloop
endfacet
facet normal -0.320571 -0.797807 0.510625
outer loop
vertex 13.897787 6.748493 2.160178
vertex 14.506334 6.748493 2.542224
vertex 14.423383 7.361993 3.448686
endloop
endfacet
facet normal -0.451494 -0.720021 0.526994
outer loop
vertex 13.897787 6.748493 2.160178
vertex 14.423383 7.361993 3.448686
vertex 13.870583 7.361993 2.975083
endloop
endfacet
facet normal 0.063519 -0.648988 0.758142
outer loop
vertex 14.506334 6.748493 2.542224
vertex 15.222359 6.748493 2.482233
vertex 15.015142 7.361993 3.024765
endloop
endfacet
facet normal 0.387403 -0.746641 0.540783
outer loop
vertex 14.506334 6.748493 2.542224
vertex 15.015142 7.361993 3.024765
vertex 14.423383 7.361993 3.448686
endloop
endfacet
facet normal -0.027791 -0.833519 0.551792
outer loop
vertex 15.222359 6.748493 2.482233
vertex 15.939982 6.748493 2.518376
vertex 15.620508 7.361993 3.429018
endloop
endfacet
facet normal -0.408085 -0.678247 0.611103
outer loop
vertex 15.222359 6.748493 2.482233
vertex 15.620508 7.361993 3.429018
vertex 15.015142 7.361993 3.024765
endloop
endfacet
facet normal -0.063186 -0.778280 0.624731
outer loop
vertex 15.939982 6.748493 2.518376
vertex 16.654868 6.748493 2.590680
vertex 16.340709 7.361993 3.323194
endloop
endfacet
facet normal 0.084783 -0.812326 0.577008
outer loop
vertex 15.939982 6.748493 2.518376
vertex 16.340709 7.361993 3.323194
vertex 15.620508 7.361993 3.429018
endloop
endfacet
facet normal -0.314855 -0.632071 0.708063
outer loop
vertex 16.654868 6.748493 2.590680
vertex 17.311416 6.748493 2.882628
vertex 17.068642 7.361993 3.322330
endloop
endfacet
facet normal 0.000762 -0.766477 0.642271
outer loop
vertex 16.654868 6.748493 2.590680
vertex 17.068642 7.361993 3.322330
vertex 16.340709 7.361993 3.323194
endloop
endfacet
facet normal -0.397121 -0.532715 0.747335
outer loop
vertex 17.311416 6.748493 2.882628
vertex 17.945929 6.748493 3.219798
vertex 17.757684 7.361993 3.557082
endloop
endfacet
facet normal -0.251082 -0.627556 0.736974
outer loop
vertex 17.311416 6.748493 2.882628
vertex 17.757684 7.361993 3.557082
vertex 17.068642 7.361993 3.322330
endloop
endfacet
facet normal -0.206634 -0.562028 0.800891
outer loop
vertex 17.945929 6.748493 3.219798
vertex 18.641678 6.748493 3.399305
vertex 18.450485 7.361993 3.780501
endloop
endfacet
facet normal -0.261156 -0.525348 0.809819
outer loop
vertex 17.945929 6.748493 3.219798
vertex 18.450485 7.361993 3.780501
vertex 17.757684 7.361993 3.557082
endloop
endfacet
facet normal -0.617238 0.251853 0.745377
outer loop
vertex 18.641678 6.748493 3.399305
vertex 19.195095 6.748493 3.857583
vertex 19.160958 7.361993 3.622022
endloop
endfacet
facet normal 0.191678 -0.474191 0.859303
outer loop
vertex 18.641678 6.748493 3.399305
vertex 19.160958 7.361993 3.622022
vertex 18.450485 7.361993 3.780501
endloop
endfacet
facet normal 0.456585 0.228046 0.859957
outer loop
vertex 19.195095 6.748493 3.857583
vertex 19.829724 6.748493 3.520634
vertex 19.837649 7.361993 3.353737
endloop
endfacet
facet normal 0.344813 0.353126 0.869716
outer loop
vertex 19.195095 6.748493 3.857583
vertex 19.837649 7.361993 3.353737
vertex 19.160958 7.361993 3.622022
endloop
endfacet
facet normal 0.716011 0.031740 0.697367
outer loop
vertex 19.829724 6.748493 3.520634
vertex 20.331058 6.748493 3.005897
vertex 20.406929 7.361993 2.900075
endloop
endfacet
facet normal 0.610558 0.200540 0.766161
outer loop
vertex 19.829724 6.748493 3.520634
vertex 20.406929 7.361993 2.900075
vertex 19.837649 7.361993 3.353737
endloop
endfacet
facet normal 0.559039 0.253648 0.789391
outer loop
vertex 20.331058 6.748493 3.005897
vertex 20.917438 6.748493 2.590628
vertex 20.924667 7.361993 2.388377
endloop
endfacet
facet normal 0.702497 0.035726 0.710790
outer loop
vertex 20.331058 6.748493 3.005897
vertex 20.924667 7.361993 2.388377
vertex 20.406929 7.361993 2.900075
endloop
endfacet
facet normal 0.369895 0.556104 0.744262
outer loop
vertex 20.917438 6.748493 2.590628
vertex 21.560884 6.748493 2.270837
vertex 21.438837 7.361993 1.873094
endloop
endfacet
facet normal 0.690677 0.219063 0.689186
outer loop
vertex 20.917438 6.748493 2.590628
vertex 21.438837 7.361993 1.873094
vertex 20.924667 7.361993 2.388377
endloop
endfacet
facet normal 0.141667 0.653867 0.743228
outer loop
vertex 21.560884 6.748493 2.270837
vertex 22.266710 6.748493 2.136300
vertex 22.122822 7.361993 1.623990
endloop
endfacet
facet normal 0.283342 0.560754 0.777993
outer loop
vertex 21.560884 6.748493 2.270837
vertex 22.122822 7.361993 1.623990
vertex 21.438837 7.361993 1.873094
endloop
endfacet
facet normal 0.402024 0.109516 0.909056
outer loop
vertex 22.266710 6.748493 2.136300
vertex 22.923849 6.748493 1.845684
vertex 22.825131 7.361993 1.815432
endloop
endfacet
facet normal -0.211003 0.596907 0.774067
outer loop
vertex 22.266710 6.748493 2.136300
vertex 22.825131 7.361993 1.815432
vertex 22.122822 7.361993 1.623990
endloop
endfacet
facet normal 0.754301 0.254907 0.605023
outer loop
vertex 22.923849 6.748493 1.845684
vertex 23.373429 6.748493 1.285178
vertex 23.227406 7.361993 1.208751
endloop
endfacet
facet normal 0.822787 0.159296 0.545570
outer loop
vertex 22.923849 6.748493 1.845684
vertex 23.227406 7.361993 1.208751
vertex 22.825131 7.361993 1.815432
endloop
endfacet
facet normal 0.865441 0.169105 0.471609
outer loop
vertex 23.373429 6.748493 1.285178
vertex 23.717247 6.748493 0.654244
vertex 23.626829 7.361993 0.600187
endloop
endfacet
facet normal 0.807651 0.258270 0.530090
outer loop
vertex 23.373429 6.748493 1.285178
vertex 23.626829 7.361993 0.600187
vertex 23.227406 7.361993 1.208751
endloop
endfacet
facet normal 0.891316 -0.034476 0.452070
outer loop
vertex 23.717247 6.748493 0.654244
vertex 24.042268 6.748493 0.013423
vertex 24.063711 7.361993 0.017931
endloop
endfacet
facet normal 0.788460 0.168332 0.591603
outer loop
vertex 23.717247 6.748493 0.654244
vertex 24.063711 7.361993 0.017931
vertex 23.626829 7.361993 0.600187
endloop
endfacet
facet normal -0.864272 -0.188319 0.466444
outer loop
vertex 0.000000 7.361993 0.699417
vertex 0.345726 7.361993 1.340011
vertex 0.384740 7.975492 1.659990
endloop
endfacet
facet normal -0.828462 -0.258408 0.496866
outer loop
vertex 0.000000 7.361993 0.699417
vertex 0.384740 7.975492 1.659990
vertex 0.000000 7.975492 1.018483
endloop
endfacet
facet normal -0.834051 -0.133205 0.535364
outer loop
vertex 0.345726 7.361993 1.340011
vertex 0.738940 7.361993 1.952605
vertex 0.836051 7.975492 2.256542
endloop
endfacet
facet normal -0.771081 -0.255219 0.583349
outer loop
vertex 0.345726 7.361993 1.340011
vertex 0.836051 7.975492 2.256542
vertex 0.384740 7.975492 1.659990
endloop
endfacet
facet normal -0.692324 -0.149776 0.705871
outer loop
vertex 0.738940 7.361993 1.952605
vertex 1.258630 7.361993 2.462321
vertex 1.407840 7.975492 2.738842
endloop
endfacet
facet normal -0.621419 -0.266617 0.736719
outer loop
vertex 0.738940 7.361993 1.952605
vertex 1.407840 7.975492 2.738842
vertex 0.836051 7.975492 2.256542
endloop
endfacet
facet normal -0.542313 -0.159473 0.824903
outer loop
vertex 1.258630 7.361993 2.462321
vertex 1.866889 7.361993 2.862206
vertex 2.058959 7.975492 3.107081
endloop
endfacet
facet normal -0.474944 -0.263008 0.839794
outer loop
vertex 1.258630 7.361993 2.462321
vertex 2.058959 7.975492 3.107081
vertex 1.407840 7.975492 2.738842
endloop
endfacet
facet normal -0.249535 -0.440637 0.862306
outer loop
vertex 1.866889 7.361993 2.862206
vertex 2.566134 7.361993 3.064554
vertex 2.735148 7.975492 3.426961
endloop
endfacet
facet normal -0.417023 -0.221304 0.881542
outer loop
vertex 1.866889 7.361993 2.862206
vertex 2.735148 7.975492 3.426961
vertex 2.058959 7.975492 3.107081
endloop
endfacet
facet normal -0.299047 -0.448235 0.842411
outer loop
vertex 2.566134 7.361993 3.064554
vertex 3.252127 7.361993 3.308074
vertex 3.432186 7.975492 3.698428
endloop
endfacet
facet normal -0.330884 -0.410721 0.849602
outer loop
vertex 2.566134 7.361993 3.064554
vertex 3.432186 7.975492 3.698428
vertex 2.735148 7.975492 3.426961
endloop
endfacet
facet normal -0.112673 -0.773188 0.624088
outer loop
vertex 3.252127 7.361993 3.308074
vertex 3.968480 7.361993 3.437404
vertex 3.986490 7.975492 4.200726
endloop
endfacet
facet normal -0.647553 -0.264626 0.714597
outer loop
vertex 3.252127 7.361993 3.308074
vertex 3.986490 7.975492 4.200726
vertex 3.432186 7.975492 3.698428
endloop
endfacet
facet normal -0.124890 -0.872007 0.473294
outer loop
vertex 3.968480 7.361993 3.437404
vertex 4.672322 7.361993 3.623130
vertex 4.529078 7.975492 4.715656
endloop
endfacet
facet normal -0.516190 -0.661592 0.543916
outer loop
vertex 3.968480 7.361993 3.437404
vertex 4.529078 7.975492 4.715656
vertex 3.986490 7.975492 4.200726
endloop
endfacet
facet normal 0.015849 -0.915656 0.401650
outer loop
vertex 4.672322 7.361993 3.623130
vertex 5.399690 7.361993 3.594429
vertex 5.220921 7.975492 5.000102
endloop
endfacet
facet normal -0.189818 -0.866496 0.461686
outer loop
vertex 4.672322 7.361993 3.623130
vertex 5.220921 7.975492 5.000102
vertex 4.529078 7.975492 4.715656
endloop
endfacet
facet normal 0.154150 -0.870287 0.467801
outer loop
vertex 5.399690 7.361993 3.594429
vertex 6.091056 7.361993 3.366610
vertex 5.845726 7.975492 4.588793
endloop
endfacet
facet normal 0.272385 -0.868677 0.413771
outer loop
vertex 5.399690 7.361993 3.594429
vertex 5.845726 7.975492 4.588793
vertex 5.220921 7.975492 5.000102
endloop
endfacet
facet normal -0.050640 -0.722101 0.689931
outer loop
vertex 6.091056 7.361993 3.366610
vertex 6.817037 7.361993 3.419896
vertex 6.339584 7.975492 4.026957
endloop
endfacet
facet normal 0.527158 -0.712311 0.463376
outer loop
vertex 6.091056 7.361993 3.366610
vertex 6.339584 7.975492 4.026957
vertex 5.845726 7.975492 4.588793
endloop
endfacet
facet normal -0.606133 -0.118712 0.786455
outer loop
vertex 6.817037 7.361993 3.419896
vertex 7.393601 7.361993 3.864263
vertex 6.977360 7.975492 3.636065
endloop
endfacet
facet normal 0.478838 -0.400416 0.781269
outer loop
vertex 6.817037 7.361993 3.419896
vertex 6.977360 7.975492 3.636065
vertex 6.339584 7.975492 4.026957
endloop
endfacet
facet normal 0.296481 -0.446865 0.844045
outer loop
vertex 7.393601 7.361993 3.864263
vertex 8.080397 7.361993 3.623018
vertex 7.528700 7.975492 4.141614
endloop
endfacet
facet normal -0.664634 -0.181324 0.724834
outer loop
vertex 7.393601 7.361993 3.864263
vertex 7.528700 7.975492 4.141614
vertex 6.977360 7.975492 3.636065
endloop
endfacet
facet normal 0.611080 -0.671825 0.418608
outer loop
vertex 8.080397 7.361993 3.623018
vertex 8.491785 7.361993 3.022478
vertex 8.239064 7.975492 4.376006
endloop
endfacet
facet normal -0.212409 -0.735172 0.643742
outer loop
vertex 8.080397 7.361993 3.623018
vertex 8.239064 7.975492 4.376006
vertex 7.528700 7.975492 4.141614
endloop
endfacet
facet normal 0.015046 -0.806892 0.590508
outer loop
vertex 8.491785 7.361993 3.022478
vertex 9.219483 7.361993 3.003937
vertex 8.774443 7.975492 3.853584
endloop
endfacet
facet normal 0.427603 -0.790651 0.438209
outer loop
vertex 8.491785 7.361993 3.022478
vertex 8.774443 7.975492 3.853584
vertex 8.239064 7.975492 4.376006
endloop
endfacet
facet normal -0.576372 -0.327595 0.748650
outer loop
vertex 9.219483 7.361993 3.003937
vertex 9.796279 7.361993 3.448002
vertex 9.343022 7.975492 3.367503
endloop
endfacet
facet normal 0.561791 -0.502554 0.657138
outer loop
vertex 9.219483 7.361993 3.003937
vertex 9.343022 7.975492 3.367503
vertex 8.774443 7.975492 3.853584
endloop
endfacet
facet normal 0.696850 -0.460208 0.550099
outer loop
vertex 9.796279 7.361993 3.448002
vertex 10.247316 7.361993 2.876641
vertex 10.028386 7.975492 3.667223
endloop
endfacet
facet normal -0.394624 -0.173147 0.902381
outer loop
vertex 9.796279 7.361993 3.448002
vertex 10.028386 7.975492 3.667223
vertex 9.343022 7.975492 3.367503
endloop
endfacet
facet normal 0.027805 -0.786634 0.616793
outer loop
vertex 10.247316 7.361993 2.876641
vertex 10.974512 7.361993 2.843859
vertex 10.775737 7.975492 3.635253
endloop
endfacet
facet normal 0.026412 -0.786197 0.617411
outer loop
vertex 10.247316 7.361993 2.876641
vertex 10.775737 7.975492 3.635253
vertex 10.028386 7.975492 3.667223
endloop
endfacet
facet normal -0.178142 -0.362600 0.914761
outer loop
vertex 10.974512 7.361993 2.843859
vertex 11.689023 7.361993 2.983004
vertex 11.354206 7.975492 3.160985
endloop
endfacet
facet normal 0.496987 -0.620927 0.606180
outer loop
vertex 10.974512 7.361993 2.843859
vertex 11.354206 7.975492 3.160985
vertex 10.775737 7.975492 3.635253
endloop
endfacet
facet normal -0.004883 -0.551700 0.834029
outer loop
vertex 11.689023 7.361993 2.983004
vertex 12.416945 7.361993 2.987266
vertex 12.065988 7.975492 3.391033
endloop
endfacet
facet normal -0.281089 -0.405712 0.869705
outer loop
vertex 11.689023 7.361993 2.983004
vertex 12.065988 7.975492 3.391033
vertex 11.354206 7.975492 3.160985
endloop
endfacet
facet normal -0.034994 -0.655167 0.754673
outer loop
vertex 12.416945 7.361993 2.987266
vertex 13.144097 7.361993 3.020984
vertex 12.799520 7.975492 3.537613
endloop
endfacet
facet normal -0.156200 -0.603807 0.781677
outer loop
vertex 12.416945 7.361993 2.987266
vertex 12.799520 7.975492 3.537613
vertex 12.065988 7.975492 3.391033
endloop
endfacet
facet normal 0.050561 -0.597543 0.800241
outer loop
vertex 13.144097 7.361993 3.020984
vertex 13.870583 7.361993 2.975083
vertex 13.542855 7.975492 3.453892
endloop
endfacet
facet normal 0.088509 -0.612053 0.785848
outer loop
vertex 13.144097 7.361993 3.020984
vertex 13.542855 7.975492 3.453892
vertex 12.799520 7.975492 3.537613
endloop
endfacet
facet normal -0.487625 -0.662021 0.569167
outer loop
vertex 13.870583 7.361993 2.975083
vertex 14.423383 7.361993 3.448686
vertex 14.133028 7.975492 3.913514
endloop
endfacet
facet normal -0.446809 -0.686445 0.573720
outer loop
vertex 13.870583 7.361993 2.975083
vertex 14.133028 7.975492 3.913514
vertex 13.542855 7.975492 3.453892
endloop
endfacet
facet normal 0.570629 -0.199725 0.796551
outer loop
vertex 14.423383 7.361993 3.448686
vertex 15.015142 7.361993 3.024765
vertex 14.688545 7.975492 3.412558
endloop
endfacet
facet normal 0.650350 -0.238620 0.721183
outer loop
vertex 14.423383 7.361993 3.448686
vertex 14.688545 7.975492 3.412558
vertex 14.133028 7.975492 3.913514
endloop
endfacet
facet normal -0.403612 -0.686870 0.604406
outer loop
vertex 15.015142 7.361993 3.024765
vertex 15.620508 7.361993 3.429018
vertex 15.265240 7.975492 3.888980
endloop
endfacet
facet normal -0.490956 -0.637011 0.594288
outer loop
vertex 15.015142 7.361993 3.024765
vertex 15.265240 7.975492 3.888980
vertex 14.688545 7.975492 3.412558
endloop
endfacet
facet normal 0.112357 -0.634560 0.764663
outer loop
vertex 15.620508 7.361993 3.429018
vertex 16.340709 7.361993 3.323194
vertex 16.013226 7.975492 3.880429
endloop
endfacet
facet normal 0.009176 -0.596432 0.802611
outer loop
vertex 15.620508 7.361993 3.429018
vertex 16.013226 7.975492 3.880429
vertex 15.265240 7.975492 3.888980
endloop
endfacet
facet normal 0.001012 -0.522271 0.852779
outer loop
vertex 16.340709 7.361993 3.323194
vertex 17.068642 7.361993 3.322330
vertex 16.738787 7.975492 3.698450
endloop
endfacet
facet normal 0.194515 -0.600584 0.775540
outer loop
vertex 16.340709 7.361993 3.323194
vertex 16.738787 7.975492 3.698450
vertex 16.013226 7.975492 3.880429
endloop
endfacet
facet normal -0.274981 -0.522435 0.807123
outer loop
vertex 17.068642 7.361993 3.322330
vertex 17.757684 7.361993 3.557082
vertex 17.470004 7.975492 3.856177
endloop
endfacet
facet normal -0.171713 -0.580360 0.796051
outer loop
vertex 17.068642 7.361993 3.322330
vertex 17.470004 7.975492 3.856177
vertex 16.738787 7.975492 3.698450
endloop
endfacet
facet normal -0.306510 -0.051813 0.950456
outer loop
vertex 17.757684 7.361993 3.557082
vertex 18.450485 7.361993 3.780501
vertex 18.208296 7.975492 3.735843
endloop
endfacet
facet normal 0.149065 -0.375971 0.914563
outer loop
vertex 17.757684 7.361993 3.557082
vertex 18.208296 7.975492 3.735843
vertex 17.470004 7.975492 3.856177
endloop
endfacet
facet normal 0.206370 0.318547 0.925170
outer loop
vertex 18.450485 7.361993 3.780501
vertex 19.160958 7.361993 3.622022
vertex 18.906555 7.975492 3.467534
endloop
endfacet
facet normal 0.351061 0.205091 0.913616
outer loop
vertex 18.450485 7.361993 3.780501
vertex 18.906555 7.975492 3.467534
vertex 18.208296 7.975492 3.735843
endloop
endfacet
facet normal 0.335210 0.415657 0.845496
outer loop
vertex 19.160958 7.361993 3.622022
vertex 19.837649 7.361993 3.353737
vertex 19.584935 7.975492 3.152325
endloop
endfacet
facet normal 0.390825 0.373870 0.841116
outer loop
vertex 19.160958 7.361993 3.622022
vertex 19.584935 7.975492 3.152325
vertex 18.906555 7.975492 3.467534
endloop
endfacet
facet normal 0.529778 0.526672 0.664795
outer loop
vertex 19.837649 7.361993 3.353737
vertex 20.406929 7.361993 2.900075
vertex 20.127148 7.975492 2.637000
endloop
endfacet
facet normal 0.610772 0.462570 0.642641
outer loop
vertex 19.837649 7.361993 3.353737
vertex 20.127148 7.975492 2.637000
vertex 19.584935 7.975492 3.152325
endloop
endfacet
facet normal 0.645103 0.397243 0.652718
outer loop
vertex 20.406929 7.361993 2.900075
vertex 20.924667 7.361993 2.388377
vertex 20.735600 7.975492 2.201864
endloop
endfacet
facet normal 0.495703 0.523288 0.693143
outer loop
vertex 20.406929 7.361993 2.900075
vertex 20.735600 7.975492 2.201864
vertex 20.127148 7.975492 2.637000
endloop
endfacet
facet normal 0.582912 0.567355 0.581654
outer loop
vertex 20.924667 7.361993 2.388377
vertex 21.438837 7.361993 1.873094
vertex 21.140969 7.975492 1.573190
endloop
endfacet
facet normal 0.773825 0.390169 0.498962
outer loop
vertex 20.924667 7.361993 2.388377
vertex 21.140969 7.975492 1.573190
vertex 20.735600 7.975492 2.201864
endloop
endfacet
facet normal 0.210926 0.787457 0.579156
outer loop
vertex 21.438837 7.361993 1.873094
vertex 22.122822 7.361993 1.623990
vertex 21.597971 7.975492 0.980987
endloop
endfacet
facet normal 0.653737 0.564021 0.504488
outer loop
vertex 21.438837 7.361993 1.873094
vertex 21.597971 7.975492 0.980987
vertex 21.140969 7.975492 1.573190
endloop
endfacet
facet normal -0.156575 0.803461 0.574399
outer loop
vertex 22.122822 7.361993 1.623990
vertex 22.825131 7.361993 1.815432
vertex 22.328918 7.975492 0.822015
endloop
endfacet
facet normal 0.135653 0.769778 0.623730
outer loop
vertex 22.122822 7.361993 1.623990
vertex 22.328918 7.975492 0.822015
vertex 21.597971 7.975492 0.980987
endloop
endfacet
facet normal 0.773539 0.372233 0.512914
outer loop
vertex 22.825131 7.361993 1.815432
vertex 23.227406 7.361993 1.208751
vertex 23.044830 7.975492 1.038869
endloop
endfacet
facet normal -0.175458 0.796043 0.579249
outer loop
vertex 22.825131 7.361993 1.815432
vertex 23.044830 7.975492 1.038869
vertex 22.328918 7.975492 0.822015
endloop
endfacet
facet normal 0.773892 0.378279 0.507933
outer loop
vertex 23.227406 7.361993 1.208751
vertex 23.626829 7.361993 0.600187
vertex 23.451217 7.975492 0.410852
endloop
endfacet
facet normal 0.779432 0.371619 0.504366
outer loop
vertex 23.227406 7.361993 1.208751
vertex 23.451217 7.975492 0.410852
vertex 23.044830 7.975492 1.038869
endloop
endfacet
facet normal 0.797441 -0.077935 0.598342
outer loop
vertex 23.626829 7.361993 0.600187
vertex 24.063711 7.361993 0.017931
vertex 24.103543 7.975492 0.044754
endloop
endfacet
facet normal 0.452953 0.378736 0.807089
outer loop
vertex 23.626829 7.361993 0.600187
vertex 24.103543 7.975492 0.044754
vertex 23.451217 7.975492 0.410852
endloop
endfacet
facet normal -0.853028 0.103000 0.511599
outer loop
vertex 0.000000 7.975492 1.018483
vertex 0.384740 7.975492 1.659990
vertex 0.387680 8.588992 1.541376
endloop
endfacet
facet normal -0.856667 0.112181 0.503525
outer loop
vertex 0.000000 7.975492 1.018483
vertex 0.387680 8.588992 1.541376
vertex 0.000000 8.588992 0.881801
endloop
endfacet
facet normal -0.771141 0.254938 0.583394
outer loop
vertex 0.384740 7.975492 1.659990
vertex 0.836051 7.975492 2.256542
vertex 0.916270 8.588992 2.094482
endloop
endfacet
facet normal -0.716253 0.135775 0.684505
outer loop
vertex 0.384740 7.975492 1.659990
vertex 0.916270 8.588992 2.094482
vertex 0.387680 8.588992 1.541376
endloop
endfacet
facet normal -0.579031 0.439873 0.686466
outer loop
vertex 0.836051 7.975492 2.256542
vertex 1.407840 7.975492 2.738842
vertex 1.573763 8.588992 2.485681
endloop
endfacet
facet normal -0.490579 0.281949 0.824523
outer loop
vertex 0.836051 7.975492 2.256542
vertex 1.573763 8.588992 2.485681
vertex 0.916270 8.588992 2.094482
endloop
endfacet
facet normal -0.451217 0.399818 0.797840
outer loop
vertex 1.407840 7.975492 2.738842
vertex 2.058959 7.975492 3.107081
vertex 2.222086 8.588992 2.891897
endloop
endfacet
facet normal -0.476172 0.442386 0.759970
outer loop
vertex 1.407840 7.975492 2.738842
vertex 2.222086 8.588992 2.891897
vertex 1.573763 8.588992 2.485681
endloop
endfacet
facet normal -0.419388 0.195351 0.886539
outer loop
vertex 2.058959 7.975492 3.107081
vertex 2.735148 7.975492 3.426961
vertex 2.840894 8.588992 3.341799
endloop
endfacet
facet normal -0.538241 0.402780 0.740314
outer loop
vertex 2.058959 7.975492 3.107081
vertex 2.840894 8.588992 3.341799
vertex 2.222086 8.588992 2.891897
endloop
endfacet
facet normal -0.354006 -0.220121 0.908970
outer loop
vertex 2.735148 7.975492 3.426961
vertex 3.432186 7.975492 3.698428
vertex 3.419689 8.588992 3.842129
endloop
endfacet
facet normal -0.638994 0.212751 0.739205
outer loop
vertex 2.735148 7.975492 3.426961
vertex 3.419689 8.588992 3.842129
vertex 2.840894 8.588992 3.341799
endloop
endfacet
facet normal -0.640963 -0.298090 0.707325
outer loop
vertex 3.432186 7.975492 3.698428
vertex 3.986490 7.975492 4.200726
vertex 3.932249 8.588992 4.410122
endloop
endfacet
facet normal -0.731656 -0.169556 0.660250
outer loop
vertex 3.432186 7.975492 3.698428
vertex 3.932249 8.588992 4.410122
vertex 3.419689 8.588992 3.842129
endloop
endfacet
facet normal -0.663319 -0.267358 0.698947
outer loop
vertex 3.986490 7.975492 4.200726
vertex 4.529078 7.975492 4.715656
vertex 4.500106 8.588992 4.922833
endloop
endfacet
facet normal -0.639628 -0.298347 0.708425
outer loop
vertex 3.986490 7.975492 4.200726
vertex 4.500106 8.588992 4.922833
vertex 3.932249 8.588992 4.410122
endloop
endfacet
facet normal -0.324787 -0.520069 0.789963
outer loop
vertex 4.529078 7.975492 4.715656
vertex 5.220921 7.975492 5.000102
vertex 5.124826 8.588992 5.364488
endloop
endfacet
facet normal -0.552467 -0.289988 0.781465
outer loop
vertex 4.529078 7.975492 4.715656
vertex 5.124826 8.588992 5.364488
vertex 4.500106 8.588992 4.922833
endloop
endfacet
facet normal 0.324155 -0.807746 0.492412
outer loop
vertex 5.220921 7.975492 5.000102
vertex 5.845726 7.975492 4.588793
vertex 5.856496 8.588992 5.588078
endloop
endfacet
facet normal -0.249072 -0.523113 0.815056
outer loop
vertex 5.220921 7.975492 5.000102
vertex 5.856496 8.588992 5.588078
vertex 5.124826 8.588992 5.364488
endloop
endfacet
facet normal 0.400300 -0.846138 0.351866
outer loop
vertex 5.845726 7.975492 4.588793
vertex 6.339584 7.975492 4.026957
vertex 6.549354 8.588992 5.263605
endloop
endfacet
facet normal 0.237162 -0.829032 0.506418
outer loop
vertex 5.845726 7.975492 4.588793
vertex 6.549354 8.588992 5.263605
vertex 5.856496 8.588992 5.588078
endloop
endfacet
facet normal 0.323639 -0.785127 0.528047
outer loop
vertex 6.339584 7.975492 4.026957
vertex 6.977360 7.975492 3.636065
vertex 6.910578 8.588992 4.589178
endloop
endfacet
facet normal 0.549842 -0.781630 0.294497
outer loop
vertex 6.339584 7.975492 4.026957
vertex 6.910578 8.588992 4.589178
vertex 6.549354 8.588992 5.263605
endloop
endfacet
facet normal -0.675583 0.027376 0.736775
outer loop
vertex 6.977360 7.975492 3.636065
vertex 7.528700 7.975492 4.141614
vertex 7.450312 8.588992 4.046941
endloop
endfacet
facet normal 0.496456 -0.713676 0.494164
outer loop
vertex 6.977360 7.975492 3.636065
vertex 7.450312 8.588992 4.046941
vertex 6.910578 8.588992 4.589178
endloop
endfacet
facet normal -0.313237 -0.026005 0.949319
outer loop
vertex 7.528700 7.975492 4.141614
vertex 8.239064 7.975492 4.376006
vertex 8.147264 8.588992 4.362522
endloop
endfacet
facet normal -0.410902 0.087536 0.907467
outer loop
vertex 7.528700 7.975492 4.141614
vertex 8.147264 8.588992 4.362522
vertex 7.450312 8.588992 4.046941
endloop
endfacet
facet normal 0.464166 -0.747181 0.475679
outer loop
vertex 8.239064 7.975492 4.376006
vertex 8.774443 7.975492 3.853584
vertex 8.715851 8.588992 4.874424
endloop
endfacet
facet normal -0.666755 -0.083491 0.740586
outer loop
vertex 8.239064 7.975492 4.376006
vertex 8.715851 8.588992 4.874424
vertex 8.147264 8.588992 4.362522
endloop
endfacet
facet normal 0.360092 -0.832417 0.421207
outer loop
vertex 8.774443 7.975492 3.853584
vertex 9.343022 7.975492 3.367503
vertex 9.399740 8.588992 4.531452
endloop
endfacet
facet normal 0.255153 -0.822218 0.508777
outer loop
vertex 8.774443 7.975492 3.853584
vertex 9.399740 8.588992 4.531452
vertex 8.715851 8.588992 4.874424
endloop
endfacet
facet normal -0.363868 -0.418677 0.832051
outer loop
vertex 9.343022 7.975492 3.367503
vertex 10.028386 7.975492 3.667223
vertex 9.777994 8.588992 3.866427
endloop
endfacet
facet normal 0.609025 -0.713508 0.346402
outer loop
vertex 9.343022 7.975492 3.367503
vertex 9.777994 8.588992 3.866427
vertex 9.399740 8.588992 4.531452
endloop
endfacet
facet normal 0.041597 -0.229634 0.972388
outer loop
vertex 10.028386 7.975492 3.667223
vertex 10.775737 7.975492 3.635253
vertex 10.539263 8.588992 3.790250
endloop
endfacet
facet normal 0.095821 -0.271816 0.957567
outer loop
vertex 10.028386 7.975492 3.667223
vertex 10.539263 8.588992 3.790250
vertex 9.777994 8.588992 3.866427
endloop
endfacet
facet normal 0.406331 -0.767639 0.495606
outer loop
vertex 10.775737 7.975492 3.635253
vertex 11.354206 7.975492 3.160985
vertex 11.036503 8.588992 4.371702
endloop
endfacet
facet normal -0.691198 -0.415759 0.591092
outer loop
vertex 10.775737 7.975492 3.635253
vertex 11.036503 8.588992 4.371702
vertex 10.539263 8.588992 3.790250
endloop
endfacet
facet normal -0.212518 -0.722822 0.657544
outer loop
vertex 11.354206 7.975492 3.160985
vertex 12.065988 7.975492 3.391033
vertex 11.665359 8.588992 3.935955
endloop
endfacet
facet normal 0.342746 -0.798660 0.494640
outer loop
vertex 11.354206 7.975492 3.160985
vertex 11.665359 8.588992 3.935955
vertex 11.036503 8.588992 4.371702
endloop
endfacet
facet normal -0.119064 -0.794231 0.595836
outer loop
vertex 12.065988 7.975492 3.391033
vertex 12.799520 7.975492 3.537613
vertex 12.355283 8.588992 4.266618
endloop
endfacet
facet normal -0.293170 -0.734766 0.611695
outer loop
vertex 12.065988 7.975492 3.391033
vertex 12.355283 8.588992 4.266618
vertex 11.665359 8.588992 3.935955
endloop
endfacet
facet normal 0.082184 -0.678819 0.729692
outer loop
vertex 12.799520 7.975492 3.537613
vertex 13.542855 7.975492 3.453892
vertex 13.095957 8.588992 4.074952
endloop
endfacet
facet normal 0.179914 -0.695880 0.695257
outer loop
vertex 12.799520 7.975492 3.537613
vertex 13.095957 8.588992 4.074952
vertex 12.355283 8.588992 4.266618
endloop
endfacet
facet normal -0.468449 -0.647105 0.601507
outer loop
vertex 13.542855 7.975492 3.453892
vertex 14.133028 7.975492 3.913514
vertex 13.817926 8.588992 4.328122
endloop
endfacet
facet normal -0.212225 -0.767258 0.605207
outer loop
vertex 13.542855 7.975492 3.453892
vertex 13.817926 8.588992 4.328122
vertex 13.095957 8.588992 4.074952
endloop
endfacet
facet normal 0.470523 -0.711593 0.521770
outer loop
vertex 14.133028 7.975492 3.913514
vertex 14.688545 7.975492 3.412558
vertex 14.582820 8.588992 4.344593
endloop
endfacet
facet normal -0.017748 -0.566086 0.824155
outer loop
vertex 14.133028 7.975492 3.913514
vertex 14.582820 8.588992 4.344593
vertex 13.817926 8.588992 4.328122
endloop
endfacet
facet normal -0.631566 -0.129133 0.764493
outer loop
vertex 14.688545 7.975492 3.412558
vertex 15.265240 7.975492 3.888980
vertex 15.259742 8.588992 3.988066
endloop
endfacet
facet normal 0.289151 -0.784215 0.548998
outer loop
vertex 14.688545 7.975492 3.412558
vertex 15.259742 8.588992 3.988066
vertex 14.582820 8.588992 4.344593
endloop
endfacet
facet normal 0.008822 -0.635931 0.771695
outer loop
vertex 15.265240 7.975492 3.888980
vertex 16.013226 7.975492 3.880429
vertex 15.912481 8.588992 4.387147
endloop
endfacet
facet normal -0.516411 -0.141046 0.844645
outer loop
vertex 15.265240 7.975492 3.888980
vertex 15.912481 8.588992 4.387147
vertex 15.259742 8.588992 3.988066
endloop
endfacet
facet normal 0.197210 -0.585546 0.786285
outer loop
vertex 16.013226 7.975492 3.880429
vertex 16.738787 7.975492 3.698450
vertex 16.648408 8.588992 4.177991
endloop
endfacet
facet normal 0.218748 -0.599790 0.769676
outer loop
vertex 16.013226 7.975492 3.880429
vertex 16.648408 8.588992 4.177991
vertex 15.912481 8.588992 4.387147
endloop
endfacet
facet normal -0.190718 -0.426491 0.884156
outer loop
vertex 16.738787 7.975492 3.698450
vertex 17.470004 7.975492 3.856177
vertex 17.412521 8.588992 4.139712
endloop
endfacet
facet normal 0.039579 -0.611731 0.790075
outer loop
vertex 16.738787 7.975492 3.698450
vertex 17.412521 8.588992 4.139712
vertex 16.648408 8.588992 4.177991
endloop
endfacet
facet normal 0.151867 -0.329792 0.931758
outer loop
vertex 17.470004 7.975492 3.856177
vertex 18.208296 7.975492 3.735843
vertex 18.156529 8.588992 3.961426
endloop
endfacet
facet normal 0.214265 -0.393166 0.894154
outer loop
vertex 17.470004 7.975492 3.856177
vertex 18.156529 8.588992 3.961426
vertex 17.412521 8.588992 4.139712
endloop
endfacet
facet normal 0.358658 0.012312 0.933388
outer loop
vertex 18.208296 7.975492 3.735843
vertex 18.906555 7.975492 3.467534
vertex 18.774391 8.588992 3.510226
endloop
endfacet
facet normal 0.572517 -0.239964 0.783991
outer loop
vertex 18.208296 7.975492 3.735843
vertex 18.774391 8.588992 3.510226
vertex 18.156529 8.588992 3.961426
endloop
endfacet
facet normal 0.413220 0.195879 0.889315
outer loop
vertex 18.906555 7.975492 3.467534
vertex 19.584935 7.975492 3.152325
vertex 19.417097 8.588992 3.095182
endloop
endfacet
facet normal 0.541568 0.058310 0.838632
outer loop
vertex 18.906555 7.975492 3.467534
vertex 19.417097 8.588992 3.095182
vertex 18.774391 8.588992 3.510226
endloop
endfacet
facet normal 0.687576 0.062088 0.723453
outer loop
vertex 19.584935 7.975492 3.152325
vertex 20.127148 7.975492 2.637000
vertex 20.046821 8.588992 2.660691
endloop
endfacet
facet normal 0.553212 0.226025 0.801791
outer loop
vertex 19.584935 7.975492 3.152325
vertex 20.046821 8.588992 2.660691
vertex 19.417097 8.588992 3.095182
endloop
endfacet
facet normal 0.581701 -0.003827 0.813394
outer loop
vertex 20.127148 7.975492 2.637000
vertex 20.735600 7.975492 2.201864
vertex 20.685995 8.588992 2.240226
endloop
endfacet
facet normal 0.549145 0.039664 0.834786
outer loop
vertex 20.127148 7.975492 2.637000
vertex 20.685995 8.588992 2.240226
vertex 20.046821 8.588992 2.660691
endloop
endfacet
facet normal 0.839611 -0.044272 0.541381
outer loop
vertex 20.735600 7.975492 2.201864
vertex 21.140969 7.975492 1.573190
vertex 21.140192 8.588992 1.624564
endloop
endfacet
facet normal 0.804398 0.027933 0.593434
outer loop
vertex 20.735600 7.975492 2.201864
vertex 21.140192 8.588992 1.624564
vertex 20.685995 8.588992 2.240226
endloop
endfacet
facet normal 0.775498 0.201144 0.598451
outer loop
vertex 21.140969 7.975492 1.573190
vertex 21.597971 7.975492 0.980987
vertex 21.473594 8.588992 0.935959
endloop
endfacet
facet normal 0.899492 -0.035330 0.435507
outer loop
vertex 21.140969 7.975492 1.573190
vertex 21.473594 8.588992 0.935959
vertex 21.140192 8.588992 1.624564
endloop
endfacet
facet normal 0.151203 0.702705 0.695229
outer loop
vertex 21.597971 7.975492 0.980987
vertex 22.328918 7.975492 0.822015
vertex 21.893727 8.588992 0.296567
endloop
endfacet
facet normal 0.817932 0.205269 0.537449
outer loop
vertex 21.597971 7.975492 0.980987
vertex 21.893727 8.588992 0.296567
vertex 21.473594 8.588992 0.935959
endloop
endfacet
facet normal -0.165937 0.819976 0.547817
outer loop
vertex 22.328918 7.975492 0.822015
vertex 23.044830 7.975492 1.038869
vertex 22.591739 8.588992 -0.016665
endloop
endfacet
facet normal 0.279295 0.731182 0.622388
outer loop
vertex 22.328918 7.975492 0.822015
vertex 22.591739 8.588992 -0.016665
vertex 21.893727 8.588992 0.296567
endloop
endfacet
facet normal 0.746846 0.456794 0.483280
outer loop
vertex 23.044830 7.975492 1.038869
vertex 23.451217 7.975492 0.410852
vertex 23.356783 8.588992 -0.023090
endloop
endfacet
facet normal 0.004209 0.865349 0.501153
outer loop
vertex 23.044830 7.975492 1.038869
vertex 23.356783 8.588992 -0.023090
vertex 22.591739 8.588992 -0.016665
endloop
endfacet
facet normal -0.746505 0.500207 0.438775
outer loop
vertex 0.000000 8.588992 0.881801
vertex 0.387680 8.588992 1.541376
vertex 0.487160 9.202491 1.011230
endloop
endfacet
facet normal -0.698136 0.434281 0.569215
outer loop
vertex 0.000000 8.588992 0.881801
vertex 0.487160 9.202491 1.011230
vertex 0.000000 9.202491 0.413734
endloop
endfacet
facet normal -0.625813 0.500666 0.598074
outer loop
vertex 0.387680 8.588992 1.541376
vertex 0.916270 8.588992 2.094482
vertex 0.956402 9.202491 1.622896
endloop
endfacet
facet normal -0.663829 0.547709 0.509259
outer loop
vertex 0.387680 8.588992 1.541376
vertex 0.956402 9.202491 1.622896
vertex 0.487160 9.202491 1.011230
endloop
endfacet
facet normal -0.502435 0.185645 0.844450
outer loop
vertex 0.916270 8.588992 2.094482
vertex 1.573763 8.588992 2.485681
vertex 1.404592 9.202491 2.250153
endloop
endfacet
facet normal -0.727712 0.447292 0.519967
outer loop
vertex 0.916270 8.588992 2.094482
vertex 1.404592 9.202491 2.250153
vertex 0.956402 9.202491 1.622896
endloop
endfacet
facet normal -0.506296 -0.301201 0.808049
outer loop
vertex 1.573763 8.588992 2.485681
vertex 2.222086 8.588992 2.891897
vertex 1.843931 9.202491 2.883641
endloop
endfacet
facet normal -0.821699 -0.007806 0.569868
outer loop
vertex 1.573763 8.588992 2.485681
vertex 1.843931 9.202491 2.883641
vertex 1.404592 9.202491 2.250153
endloop
endfacet
facet normal -0.483276 -0.569738 0.664712
outer loop
vertex 2.222086 8.588992 2.891897
vertex 2.840894 8.588992 3.341799
vertex 2.320715 9.202491 3.489448
endloop
endfacet
facet normal -0.709524 -0.429829 0.558412
outer loop
vertex 2.222086 8.588992 2.891897
vertex 2.320715 9.202491 3.489448
vertex 1.843931 9.202491 2.883641
endloop
endfacet
facet normal -0.518676 -0.609059 0.600018
outer loop
vertex 2.840894 8.588992 3.341799
vertex 3.419689 8.588992 3.842129
vertex 2.891174 9.202491 4.008006
endloop
endfacet
facet normal -0.538525 -0.599186 0.592424
outer loop
vertex 2.840894 8.588992 3.341799
vertex 2.891174 9.202491 4.008006
vertex 2.320715 9.202491 3.489448
endloop
endfacet
facet normal -0.690754 -0.366479 0.623339
outer loop
vertex 3.419689 8.588992 3.842129
vertex 3.932249 8.588992 4.410122
vertex 3.571351 9.202491 4.370888
endloop
endfacet
facet normal -0.395735 -0.541471 0.741757
outer loop
vertex 3.419689 8.588992 3.842129
vertex 3.571351 9.202491 4.370888
vertex 2.891174 9.202491 4.008006
endloop
endfacet
facet normal -0.652675 0.226862 0.722875
outer loop
vertex 3.932249 8.588992 4.410122
vertex 4.500106 8.588992 4.922833
vertex 4.317361 9.202491 4.565299
endloop
endfacet
facet normal -0.251241 -0.086140 0.964084
outer loop
vertex 3.932249 8.588992 4.410122
vertex 4.317361 9.202491 4.565299
vertex 3.571351 9.202491 4.370888
endloop
endfacet
facet normal -0.420714 0.684731 0.595100
outer loop
vertex 4.500106 8.588992 4.922833
vertex 5.124826 8.588992 5.364488
vertex 5.085499 9.202491 4.630784
endloop
endfacet
facet normal -0.074260 0.485519 0.871066
outer loop
vertex 4.500106 8.588992 4.922833
vertex 5.085499 9.202491 4.630784
vertex 4.317361 9.202491 4.565299
endloop
endfacet
facet normal -0.211169 0.691299 0.691023
outer loop
vertex 5.124826 8.588992 5.364488
vertex 5.856496 8.588992 5.588078
vertex 5.785960 9.202491 4.952778
endloop
endfacet
facet normal -0.286638 0.727344 0.623546
outer loop
vertex 5.124826 8.588992 5.364488
vertex 5.785960 9.202491 4.952778
vertex 5.085499 9.202491 4.630784
endloop
endfacet
facet normal 0.415243 -0.203400 0.886680
outer loop
vertex 5.856496 8.588992 5.588078
vertex 6.549354 8.588992 5.263605
vertex 6.313816 9.202491 5.514644
endloop
endfacet
facet normal -0.617971 0.530145 0.580566
outer loop
vertex 5.856496 8.588992 5.588078
vertex 6.313816 9.202491 5.514644
vertex 5.785960 9.202491 4.952778
endloop
endfacet
facet normal 0.594916 -0.737932 0.318639
outer loop
vertex 6.549354 8.588992 5.263605
vertex 6.910578 8.588992 4.589178
vertex 7.044970 9.202491 5.759059
endloop
endfacet
facet normal -0.282454 -0.454187 0.844946
outer loop
vertex 6.549354 8.588992 5.263605
vertex 7.044970 9.202491 5.759059
vertex 6.313816 9.202491 5.514644
endloop
endfacet
facet normal 0.414428 -0.811222 0.412514
outer loop
vertex 6.910578 8.588992 4.589178
vertex 7.450312 8.588992 4.046941
vertex 7.537408 9.202491 5.165906
endloop
endfacet
facet normal 0.450055 -0.811077 0.373637
outer loop
vertex 6.910578 8.588992 4.589178
vertex 7.537408 9.202491 5.165906
vertex 7.044970 9.202491 5.759059
endloop
endfacet
facet normal -0.388784 -0.334092 0.858621
outer loop
vertex 7.450312 8.588992 4.046941
vertex 8.147264 8.588992 4.362522
vertex 7.932999 9.202491 4.504217
endloop
endfacet
facet normal 0.589644 -0.726671 0.352519
outer loop
vertex 7.450312 8.588992 4.046941
vertex 7.932999 9.202491 4.504217
vertex 7.537408 9.202491 5.165906
endloop
endfacet
facet normal -0.602294 0.435545 0.668986
outer loop
vertex 8.147264 8.588992 4.362522
vertex 8.715851 8.588992 4.874424
vertex 8.702837 9.202491 4.463287
endloop
endfacet
facet normal 0.051936 -0.207479 0.976860
outer loop
vertex 8.147264 8.588992 4.362522
vertex 8.702837 9.202491 4.463287
vertex 7.932999 9.202491 4.504217
endloop
endfacet
facet normal 0.377546 -0.539171 0.752831
outer loop
vertex 8.715851 8.588992 4.874424
vertex 9.399740 8.588992 4.531452
vertex 9.123212 9.202491 5.109515
endloop
endfacet
facet normal -0.791769 0.328366 0.515051
outer loop
vertex 8.715851 8.588992 4.874424
vertex 9.123212 9.202491 5.109515
vertex 8.702837 9.202491 4.463287
endloop
endfacet
facet normal 0.566141 -0.758811 0.322010
outer loop
vertex 9.399740 8.588992 4.531452
vertex 9.777994 8.588992 3.866427
vertex 9.894136 9.202491 5.107933
endloop
endfacet
facet normal 0.001494 -0.685417 0.728150
outer loop
vertex 9.399740 8.588992 4.531452
vertex 9.894136 9.202491 5.107933
vertex 9.123212 9.202491 5.109515
endloop
endfacet
facet normal 0.068118 -0.729361 0.680729
outer loop
vertex 9.777994 8.588992 3.866427
vertex 10.539263 8.588992 3.790250
vertex 10.325475 9.202491 4.468971
endloop
endfacet
facet normal 0.508002 -0.790146 0.342934
outer loop
vertex 9.777994 8.588992 3.866427
vertex 10.325475 9.202491 4.468971
vertex 9.894136 9.202491 5.107933
endloop
endfacet
facet normal -0.759477 0.037001 0.649481
outer loop
vertex 10.539263 8.588992 3.790250
vertex 11.036503 8.588992 4.371702
vertex 11.093618 9.202491 4.403538
endloop
endfacet
facet normal 0.057875 -0.731472 0.679411
outer loop
vertex 10.539263 8.588992 3.790250
vertex 11.093618 9.202491 4.403538
vertex 10.325475 9.202491 4.468971
endloop
endfacet
facet normal 0.353356 -0.784275 0.509952
outer loop
vertex 11.036503 8.588992 4.371702
vertex 11.665359 8.588992 3.935955
vertex 11.735058 9.202491 4.831183
endloop
endfacet
facet normal -0.554697 0.008465 0.832009
outer loop
vertex 11.036503 8.588992 4.371702
vertex 11.735058 9.202491 4.831183
vertex 11.093618 9.202491 4.403538
endloop
endfacet
facet normal -0.393441 -0.413898 0.820909
outer loop
vertex 11.665359 8.588992 3.935955
vertex 12.355283 8.588992 4.266618
vertex 12.480904 9.202491 4.636149
endloop
endfacet
facet normal 0.144270 -0.821461 0.551714
outer loop
vertex 11.665359 8.588992 3.935955
vertex 12.480904 9.202491 4.636149
vertex 11.735058 9.202491 4.831183
endloop
endfacet
facet normal 0.206976 -0.563404 0.799836
outer loop
vertex 12.355283 8.588992 4.266618
vertex 13.095957 8.588992 4.074952
vertex 13.234014 9.202491 4.471375
endloop
endfacet
facet normal 0.180662 -0.534355 0.825728
outer loop
vertex 12.355283 8.588992 4.266618
vertex 13.234014 9.202491 4.471375
vertex 12.480904 9.202491 4.636149
endloop
endfacet
facet normal -0.263757 -0.603894 0.752160
outer loop
vertex 13.095957 8.588992 4.074952
vertex 13.817926 8.588992 4.328122
vertex 13.904888 9.202491 4.851183
endloop
endfacet
facet normal -0.449029 -0.411457 0.793143
outer loop
vertex 13.095957 8.588992 4.074952
vertex 13.904888 9.202491 4.851183
vertex 13.234014 9.202491 4.471375
endloop
endfacet
facet normal -0.017041 -0.611133 0.791344
outer loop
vertex 13.817926 8.588992 4.328122
vertex 14.582820 8.588992 4.344593
vertex 14.675196 9.202491 4.820371
endloop
endfacet
facet normal 0.030339 -0.650978 0.758490
outer loop
vertex 13.817926 8.588992 4.328122
vertex 14.675196 9.202491 4.820371
vertex 13.904888 9.202491 4.851183
endloop
endfacet
facet normal 0.383485 -0.568157 0.728105
outer loop
vertex 14.582820 8.588992 4.344593
vertex 15.259742 8.588992 3.988066
vertex 15.337514 9.202491 4.425832
endloop
endfacet
facet normal 0.410732 -0.596563 0.689501
outer loop
vertex 14.582820 8.588992 4.344593
vertex 15.337514 9.202491 4.425832
vertex 14.675196 9.202491 4.820371
endloop
endfacet
facet normal -0.499653 -0.287182 0.817235
outer loop
vertex 15.259742 8.588992 3.988066
vertex 15.912481 8.588992 4.387147
vertex 16.060564 9.202491 4.693272
endloop
endfacet
facet normal -0.294142 -0.530161 0.795242
outer loop
vertex 15.259742 8.588992 3.988066
vertex 16.060564 9.202491 4.693272
vertex 15.337514 9.202491 4.425832
endloop
endfacet
facet normal 0.252984 -0.379023 0.890135
outer loop
vertex 15.912481 8.588992 4.387147
vertex 16.648408 8.588992 4.177991
vertex 16.774868 9.202491 4.403280
endloop
endfacet
facet normal 0.329162 -0.484019 0.810788
outer loop
vertex 15.912481 8.588992 4.387147
vertex 16.774868 9.202491 4.403280
vertex 16.060564 9.202491 4.693272
endloop
endfacet
facet normal 0.050032 -0.000416 0.998748
outer loop
vertex 16.648408 8.588992 4.177991
vertex 17.412521 8.588992 4.139712
vertex 17.497863 9.202491 4.135693
endloop
endfacet
facet normal 0.320482 -0.384041 0.865912
outer loop
vertex 16.648408 8.588992 4.177991
vertex 17.497863 9.202491 4.135693
vertex 16.774868 9.202491 4.403280
endloop
endfacet
facet normal 0.199868 0.514175 0.834073
outer loop
vertex 17.412521 8.588992 4.139712
vertex 18.156529 8.588992 3.961426
vertex 18.058643 9.202491 3.606683
endloop
endfacet
facet normal 0.683397 -0.090319 0.724439
outer loop
vertex 17.412521 8.588992 4.139712
vertex 18.058643 9.202491 3.606683
vertex 17.497863 9.202491 4.135693
endloop
endfacet
facet normal 0.543993 0.386202 0.744929
outer loop
vertex 18.156529 8.588992 3.961426
vertex 18.774391 8.588992 3.510226
vertex 18.728737 9.202491 3.225502
endloop
endfacet
facet normal 0.427434 0.502683 0.751405
outer loop
vertex 18.156529 8.588992 3.961426
vertex 18.728737 9.202491 3.225502
vertex 18.058643 9.202491 3.606683
endloop
endfacet
facet normal 0.501331 0.382084 0.776324
outer loop
vertex 18.774391 8.588992 3.510226
vertex 19.417097 8.588992 3.095182
vertex 19.381890 9.202491 2.815971
endloop
endfacet
facet normal 0.487531 0.397142 0.777555
outer loop
vertex 18.774391 8.588992 3.510226
vertex 19.381890 9.202491 2.815971
vertex 18.728737 9.202491 3.225502
endloop
endfacet
facet normal 0.496594 0.485158 0.719733
outer loop
vertex 19.417097 8.588992 3.095182
vertex 20.046821 8.588992 2.660691
vertex 19.960598 9.202491 2.306635
endloop
endfacet
facet normal 0.617686 0.354851 0.701815
outer loop
vertex 19.417097 8.588992 3.095182
vertex 19.960598 9.202491 2.306635
vertex 19.381890 9.202491 2.815971
endloop
endfacet
facet normal 0.437517 0.605168 0.665094
outer loop
vertex 20.046821 8.588992 2.660691
vertex 20.685995 8.588992 2.240226
vertex 20.528689 9.202491 1.785484
endloop
endfacet
facet normal 0.599696 0.461547 0.653711
outer loop
vertex 20.046821 8.588992 2.660691
vertex 20.528689 9.202491 1.785484
vertex 19.960598 9.202491 2.306635
endloop
endfacet
facet normal 0.660495 0.571237 0.487272
outer loop
vertex 20.685995 8.588992 2.240226
vertex 21.140192 8.588992 1.624564
vertex 20.961522 9.202491 1.147534
endloop
endfacet
facet normal 0.700675 0.532031 0.475391
outer loop
vertex 20.685995 8.588992 2.240226
vertex 20.961522 9.202491 1.147534
vertex 20.528689 9.202491 1.785484
endloop
endfacet
facet normal 0.821110 0.409543 0.397557
outer loop
vertex 21.140192 8.588992 1.624564
vertex 21.473594 8.588992 0.935959
vertex 21.378965 9.202491 0.499409
endloop
endfacet
facet normal 0.699771 0.554243 0.450706
outer loop
vertex 21.140192 8.588992 1.624564
vertex 21.378965 9.202491 0.499409
vertex 20.961522 9.202491 1.147534
endloop
endfacet
facet normal -0.587269 0.652569 0.478821
outer loop
vertex 0.000000 9.202491 0.413734
vertex 0.487160 9.202491 1.011230
vertex 0.696447 9.815990 0.431802
endloop
endfacet
facet normal -0.708723 0.449558 0.543700
outer loop
vertex 0.487160 9.202491 1.011230
vertex 0.956402 9.202491 1.622896
vertex 1.010946 9.815990 1.186723
endloop
endfacet
facet normal -0.764007 0.561239 0.318284
outer loop
vertex 0.487160 9.202491 1.011230
vertex 1.010946 9.815990 1.186723
vertex 0.696447 9.815990 0.431802
endloop
endfacet
facet normal -0.784174 0.266689 0.560310
outer loop
vertex 0.956402 9.202491 1.622896
vertex 1.404592 9.202491 2.250153
vertex 1.376213 9.815990 1.918431
endloop
endfacet
facet normal -0.831554 0.369057 0.415110
outer loop
vertex 0.956402 9.202491 1.622896
vertex 1.376213 9.815990 1.918431
vertex 1.010946 9.815990 1.186723
endloop
endfacet
facet normal -0.802455 0.215286 0.556522
outer loop
vertex 1.404592 9.202491 2.250153
vertex 1.843931 9.202491 2.883641
vertex 1.816906 9.815990 2.607347
endloop
endfacet
facet normal -0.816774 0.244728 0.522483
outer loop
vertex 1.404592 9.202491 2.250153
vertex 1.816906 9.815990 2.607347
vertex 1.376213 9.815990 1.918431
endloop
endfacet
facet normal -0.769144 0.204910 0.605334
outer loop
vertex 1.843931 9.202491 2.883641
vertex 2.320715 9.202491 3.489448
vertex 2.305856 9.815990 3.262894
endloop
endfacet
facet normal -0.780513 0.227798 0.582158
outer loop
vertex 1.843931 9.202491 2.883641
vertex 2.305856 9.815990 3.262894
vertex 1.816906 9.815990 2.607347
endloop
endfacet
facet normal -0.672294 -0.032251 0.739581
outer loop
vertex 2.320715 9.202491 3.489448
vertex 2.891174 9.202491 4.008006
vertex 2.777236 9.815990 3.931188
endloop
endfacet
facet normal -0.802358 0.189559 0.565942
outer loop
vertex 2.320715 9.202491 3.489448
vertex 2.777236 9.815990 3.931188
vertex 2.305856 9.815990 3.262894
endloop
endfacet
facet normal -0.420439 -0.449657 0.788061
outer loop
vertex 2.891174 9.202491 4.008006
vertex 3.571351 9.202491 4.370888
vertex 3.288087 9.815990 4.569817
endloop
endfacet
facet normal -0.779163 -0.066663 0.623266
outer loop
vertex 2.891174 9.202491 4.008006
vertex 3.288087 9.815990 4.569817
vertex 2.777236 9.815990 3.931188
endloop
endfacet
facet normal -0.169856 -0.739139 0.651785
outer loop
vertex 3.571351 9.202491 4.370888
vertex 4.317361 9.202491 4.565299
vertex 3.870002 9.815990 5.144439
endloop
endfacet
facet normal -0.614320 -0.485367 0.622117
outer loop
vertex 3.571351 9.202491 4.370888
vertex 3.870002 9.815990 5.144439
vertex 3.288087 9.815990 4.569817
endloop
endfacet
facet normal -0.052254 -0.788398 0.612942
outer loop
vertex 4.317361 9.202491 4.565299
vertex 5.085499 9.202491 4.630784
vertex 4.652256 9.815990 5.382964
endloop
endfacet
facet normal -0.194674 -0.744642 0.638443
outer loop
vertex 4.317361 9.202491 4.565299
vertex 4.652256 9.815990 5.382964
vertex 3.870002 9.815990 5.144439
endloop
endfacet
facet normal -0.407514 -0.219215 0.886497
outer loop
vertex 5.085499 9.202491 4.630784
vertex 5.785960 9.202491 4.952778
vertex 5.296834 9.815990 4.879640
endloop
endfacet
facet normal 0.543411 -0.469477 0.695914
outer loop
vertex 5.085499 9.202491 4.630784
vertex 5.296834 9.815990 4.879640
vertex 4.652256 9.815990 5.382964
endloop
endfacet
facet normal -0.560505 0.639179 0.526578
outer loop
vertex 5.785960 9.202491 4.952778
vertex 6.313816 9.202491 5.514644
vertex 5.857708 9.815990 4.284463
endloop
endfacet
facet normal 0.606846 0.551997 0.571871
outer loop
vertex 5.785960 9.202491 4.952778
vertex 5.857708 9.815990 4.284463
vertex 5.296834 9.815990 4.879640
endloop
endfacet
facet normal -0.177425 0.828744 0.530757
outer loop
vertex 6.313816 9.202491 5.514644
vertex 7.044970 9.202491 5.759059
vertex 6.589799 9.815990 4.648961
endloop
endfacet
facet normal -0.251431 0.825687 0.504998
outer loop
vertex 6.313816 9.202491 5.514644
vertex 6.589799 9.815990 4.648961
vertex 5.857708 9.815990 4.284463
endloop
endfacet
facet normal 0.696390 0.425192 0.578146
outer loop
vertex 7.044970 9.202491 5.759059
vertex 7.537408 9.202491 5.165906
vertex 7.009053 9.815990 5.351130
endloop
endfacet
facet normal -0.824486 0.279063 0.492287
outer loop
vertex 7.044970 9.202491 5.759059
vertex 7.009053 9.815990 5.351130
vertex 6.589799 9.815990 4.648961
endloop
endfacet
facet normal 0.694102 -0.588238 0.414969
outer loop
vertex 7.537408 9.202491 5.165906
vertex 7.932999 9.202491 4.504217
vertex 7.774570 9.815990 5.638880
endloop
endfacet
facet normal -0.303620 -0.505349 0.807736
outer loop
vertex 7.537408 9.202491 5.165906
vertex 7.774570 9.815990 5.638880
vertex 7.009053 9.815990 5.351130
endloop
endfacet
facet normal 0.041411 -0.625794 0.778889
outer loop
vertex 7.932999 9.202491 4.504217
vertex 8.702837 9.202491 4.463287
vertex 8.258762 9.815990 4.979810
endloop
endfacet
facet normal 0.602930 -0.663530 0.442948
outer loop
vertex 7.932999 9.202491 4.504217
vertex 8.258762 9.815990 4.979810
vertex 7.774570 9.815990 5.638880
endloop
endfacet
facet normal -0.815211 0.232833 0.530301
outer loop
vertex 8.702837 9.202491 4.463287
vertex 9.123212 9.202491 5.109515
vertex 9.020553 9.815990 4.682339
endloop
endfacet
facet normal 0.322589 -0.462027 0.826116
outer loop
vertex 8.702837 9.202491 4.463287
vertex 9.020553 9.815990 4.682339
vertex 8.258762 9.815990 4.979810
endloop
endfacet
facet normal 0.001849 -0.433485 0.901159
outer loop
vertex 9.123212 9.202491 5.109515
vertex 9.894136 9.202491 5.107933
vertex 9.405198 9.815990 5.404048
endloop
endfacet
facet normal -0.868558 0.176982 0.462909
outer loop
vertex 9.123212 9.202491 5.109515
vertex 9.405198 9.815990 5.404048
vertex 9.020553 9.815990 4.682339
endloop
endfacet
facet normal 0.758641 -0.402724 0.512131
outer loop
vertex 9.894136 9.202491 5.107933
vertex 10.325475 9.202491 4.468971
vertex 10.185403 9.815990 5.158903
endloop
endfacet
facet normal 0.292659 -0.216328 0.931425
outer loop
vertex 9.894136 9.202491 5.107933
vertex 10.185403 9.815990 5.158903
vertex 9.405198 9.815990 5.404048
endloop
endfacet
facet normal 0.072513 -0.519716 0.851256
outer loop
vertex 10.325475 9.202491 4.468971
vertex 11.093618 9.202491 4.403538
vertex 10.916869 9.815990 4.793153
endloop
endfacet
facet normal 0.331806 -0.670496 0.663581
outer loop
vertex 10.325475 9.202491 4.468971
vertex 10.916869 9.815990 4.793153
vertex 10.185403 9.815990 5.158903
endloop
endfacet
facet normal -0.549684 -0.134404 0.824490
outer loop
vertex 11.093618 9.202491 4.403538
vertex 11.735058 9.202491 4.831183
vertex 11.724157 9.815990 4.923925
endloop
endfacet
facet normal -0.132662 -0.558313 0.818955
outer loop
vertex 11.093618 9.202491 4.403538
vertex 11.724157 9.815990 4.923925
vertex 10.916869 9.815990 4.793153
endloop
endfacet
facet normal 0.229515 0.420657 0.877707
outer loop
vertex 11.735058 9.202491 4.831183
vertex 12.480904 9.202491 4.636149
vertex 12.335083 9.815990 4.380249
endloop
endfacet
facet normal 0.661422 -0.100602 0.743237
outer loop
vertex 11.735058 9.202491 4.831183
vertex 12.335083 9.815990 4.380249
vertex 11.724157 9.815990 4.923925
endloop
endfacet
facet normal 0.172418 -0.590975 0.788048
outer loop
vertex 12.480904 9.202491 4.636149
vertex 13.234014 9.202491 4.471375
vertex 12.850226 9.815990 5.015422
endloop
endfacet
facet normal -0.774313 0.077900 0.627989
outer loop
vertex 12.480904 9.202491 4.636149
vertex 12.850226 9.815990 5.015422
vertex 12.335083 9.815990 4.380249
endloop
endfacet
facet normal -0.488306 0.132731 0.862519
outer loop
vertex 13.234014 9.202491 4.471375
vertex 13.904888 9.202491 4.851183
vertex 13.511273 9.815990 4.533932
endloop
endfacet
facet normal 0.555960 -0.329086 0.763290
outer loop
vertex 13.234014 9.202491 4.471375
vertex 13.511273 9.815990 4.533932
vertex 12.850226 9.815990 5.015422
endloop
endfacet
facet normal 0.039523 0.148721 0.988089
outer loop
vertex 13.904888 9.202491 4.851183
vertex 14.675196 9.202491 4.820371
vertex 14.301920 9.815990 4.742962
endloop
endfacet
facet normal -0.242289 0.318461 0.916449
outer loop
vertex 13.904888 9.202491 4.851183
vertex 14.301920 9.815990 4.742962
vertex 13.511273 9.815990 4.533932
endloop
endfacet
facet normal 0.409437 -0.599952 0.687328
outer loop
vertex 14.675196 9.202491 4.820371
vertex 15.337514 9.202491 4.425832
vertex 15.006161 9.815990 5.158726
endloop
endfacet
facet normal -0.498450 -0.196746 0.844298
outer loop
vertex 14.675196 9.202491 4.820371
vertex 15.006161 9.815990 5.158726
vertex 14.301920 9.815990 4.742962
endloop
endfacet
facet normal -0.339946 -0.199331 0.919078
outer loop
vertex 15.337514 9.202491 4.425832
vertex 16.060564 9.202491 4.693272
vertex 15.670758 9.815990 4.682148
endloop
endfacet
facet normal 0.487247 -0.548546 0.679476
outer loop
vertex 15.337514 9.202491 4.425832
vertex 15.670758 9.815990 4.682148
vertex 15.006161 9.815990 5.158726
endloop
endfacet
facet normal 0.373090 -0.127517 0.918990
outer loop
vertex 16.060564 9.202491 4.693272
vertex 16.774868 9.202491 4.403280
vertex 16.485024 9.815990 4.606078
endloop
endfacet
facet normal 0.092741 0.076926 0.992714
outer loop
vertex 16.060564 9.202491 4.693272
vertex 16.485024 9.815990 4.606078
vertex 15.670758 9.815990 4.682148
endloop
endfacet
facet normal 0.345001 0.109795 0.932159
outer loop
vertex 16.774868 9.202491 4.403280
vertex 17.497863 9.202491 4.135693
vertex 17.183042 9.815990 4.179950
endloop
endfacet
facet normal 0.520723 -0.035945 0.852969
outer loop
vertex 16.774868 9.202491 4.403280
vertex 17.183042 9.815990 4.179950
vertex 16.485024 9.815990 4.606078
endloop
endfacet
facet normal 0.626971 0.406427 0.664624
outer loop
vertex 17.497863 9.202491 4.135693
vertex 18.058643 9.202491 3.606683
vertex 17.713276 9.815990 3.557320
endloop
endfacet
facet normal 0.719950 0.325217 0.613112
outer loop
vertex 17.497863 9.202491 4.135693
vertex 17.713276 9.815990 3.557320
vertex 17.183042 9.815990 4.179950
endloop
endfacet
facet normal 0.492657 0.085003 0.866062
outer loop
vertex 18.058643 9.202491 3.606683
vertex 18.728737 9.202491 3.225502
vertex 18.489926 9.815990 3.301135
endloop
endfacet
facet normal 0.303705 0.245052 0.920713
outer loop
vertex 18.058643 9.202491 3.606683
vertex 18.489926 9.815990 3.301135
vertex 17.713276 9.815990 3.557320
endloop
endfacet
facet normal 0.499483 0.340472 0.796615
outer loop
vertex 18.728737 9.202491 3.225502
vertex 19.381890 9.202491 2.815971
vertex 19.084860 9.815990 2.740003
endloop
endfacet
facet normal 0.675590 0.174676 0.716286
outer loop
vertex 18.728737 9.202491 3.225502
vertex 19.084860 9.815990 2.740003
vertex 18.489926 9.815990 3.301135
endloop
endfacet
facet normal 0.612316 0.375570 0.695713
outer loop
vertex 19.381890 9.202491 2.815971
vertex 19.960598 9.202491 2.306635
vertex 19.701830 9.815990 2.203195
endloop
endfacet
facet normal 0.607072 0.380317 0.697727
outer loop
vertex 19.381890 9.202491 2.815971
vertex 19.701830 9.815990 2.203195
vertex 19.084860 9.815990 2.740003
endloop
endfacet
facet normal 0.594669 0.475567 0.648232
outer loop
vertex 19.960598 9.202491 2.306635
vertex 20.528689 9.202491 1.785484
vertex 20.247117 9.815990 1.593705
endloop
endfacet
facet normal 0.685458 0.392517 0.613252
outer loop
vertex 19.960598 9.202491 2.306635
vertex 20.247117 9.815990 1.593705
vertex 19.701830 9.815990 2.203195
endloop
endfacet
facet normal 0.732163 0.466018 0.496755
outer loop
vertex 20.528689 9.202491 1.785484
vertex 20.961522 9.202491 1.147534
vertex 20.720687 9.815990 0.926961
endloop
endfacet
facet normal 0.712789 0.485404 0.506275
outer loop
vertex 20.528689 9.202491 1.785484
vertex 20.720687 9.815990 0.926961
vertex 20.247117 9.815990 1.593705
endloop
endfacet
facet normal 0.731497 0.492889 0.471140
outer loop
vertex 20.961522 9.202491 1.147534
vertex 21.378965 9.202491 0.499409
vertex 21.141757 9.815990 0.225880
endloop
endfacet
facet normal 0.760069 0.462499 0.456498
outer loop
vertex 20.961522 9.202491 1.147534
vertex 21.141757 9.815990 0.225880
vertex 20.720687 9.815990 0.926961
endloop
endfacet
facet normal -0.854994 0.376981 0.356189
outer loop
vertex 0.696447 9.815990 0.431802
vertex 1.010946 9.815990 1.186723
vertex 1.192372 10.429490 0.972906
endloop
endfacet
facet normal -0.828830 0.214054 0.516935
outer loop
vertex 0.696447 9.815990 0.431802
vertex 1.192372 10.429490 0.972906
vertex 0.772451 10.429490 0.299623
endloop
endfacet
facet normal -0.780836 0.488220 0.389791
outer loop
vertex 1.010946 9.815990 1.186723
vertex 1.376213 9.815990 1.918431
vertex 1.621116 10.429490 1.640605
endloop
endfacet
facet normal -0.771009 0.400551 0.495080
outer loop
vertex 1.010946 9.815990 1.186723
vertex 1.621116 10.429490 1.640605
vertex 1.192372 10.429490 0.972906
endloop
endfacet
facet normal -0.679393 0.591224 0.434602
outer loop
vertex 1.376213 9.815990 1.918431
vertex 1.816906 9.815990 2.607347
vertex 2.124666 10.429490 2.253860
endloop
endfacet
facet normal -0.663911 0.511897 0.545145
outer loop
vertex 1.376213 9.815990 1.918431
vertex 2.124666 10.429490 2.253860
vertex 1.621116 10.429490 1.640605
endloop
endfacet
facet normal -0.564310 0.710210 0.420899
outer loop
vertex 1.816906 9.815990 2.607347
vertex 2.305856 9.815990 3.262894
vertex 2.718189 10.429490 2.780523
endloop
endfacet
facet normal -0.527430 0.607059 0.594388
outer loop
vertex 1.816906 9.815990 2.607347
vertex 2.718189 10.429490 2.780523
vertex 2.124666 10.429490 2.253860
endloop
endfacet
facet normal -0.500069 0.790897 0.352723
outer loop
vertex 2.305856 9.815990 3.262894
vertex 2.777236 9.815990 3.931188
vertex 3.309300 10.429490 3.309891
endloop
endfacet
facet normal -0.463759 0.718859 0.517851
outer loop
vertex 2.305856 9.815990 3.262894
vertex 3.309300 10.429490 3.309891
vertex 2.718189 10.429490 2.780523
endloop
endfacet
facet normal -0.448882 0.818276 0.359068
outer loop
vertex 2.777236 9.815990 3.931188
vertex 3.288087 9.815990 4.569817
vertex 3.857509 10.429490 3.883573
endloop
endfacet
facet normal -0.435178 0.798552 0.415854
outer loop
vertex 2.777236 9.815990 3.931188
vertex 3.857509 10.429490 3.883573
vertex 3.309300 10.429490 3.309891
endloop
endfacet
facet normal -0.391477 0.830407 0.396447
outer loop
vertex 3.288087 9.815990 4.569817
vertex 3.870002 9.815990 5.144439
vertex 4.440083 10.429490 4.422323
endloop
endfacet
facet normal -0.385210 0.823470 0.416545
outer loop
vertex 3.288087 9.815990 4.569817
vertex 4.440083 10.429490 4.422323
vertex 3.857509 10.429490 3.883573
endloop
endfacet
facet normal -0.180730 0.784876 0.592711
outer loop
vertex 3.870002 9.815990 5.144439
vertex 4.652256 9.815990 5.382964
vertex 5.171918 10.429490 4.729016
endloop
endfacet
facet normal -0.219975 0.822244 0.524906
outer loop
vertex 3.870002 9.815990 5.144439
vertex 5.171918 10.429490 4.729016
vertex 4.440083 10.429490 4.422323
endloop
endfacet
facet normal 0.492873 -0.598891 0.631193
outer loop
vertex 4.652256 9.815990 5.382964
vertex 5.296834 9.815990 4.879640
vertex 5.928390 10.429490 4.968585
endloop
endfacet
facet normal -0.186602 0.786129 0.589221
outer loop
vertex 4.652256 9.815990 5.382964
vertex 5.928390 10.429490 4.968585
vertex 5.171918 10.429490 4.729016
endloop
endfacet
facet normal 0.521453 -0.697577 0.491400
outer loop
vertex 5.296834 9.815990 4.879640
vertex 5.857708 9.815990 4.284463
vertex 6.525838 10.429490 4.446378
endloop
endfacet
facet normal 0.517249 -0.618269 0.591775
outer loop
vertex 5.296834 9.815990 4.879640
vertex 6.525838 10.429490 4.446378
vertex 5.928390 10.429490 4.968585
endloop
endfacet
facet normal -0.270261 0.795178 0.542817
outer loop
vertex 5.857708 9.815990 4.284463
vertex 6.589799 9.815990 4.648961
vertex 7.221560 10.429490 4.064784
endloop
endfacet
facet normal 0.383774 -0.602612 0.699697
outer loop
vertex 5.857708 9.815990 4.284463
vertex 7.221560 10.429490 4.064784
vertex 6.525838 10.429490 4.446378
endloop
endfacet
facet normal -0.501662 0.811551 0.299534
outer loop
vertex 6.589799 9.815990 4.648961
vertex 7.009053 9.815990 5.351130
vertex 7.637097 10.429490 4.740782
endloop
endfacet
facet normal -0.500854 0.808924 0.307876
outer loop
vertex 6.589799 9.815990 4.648961
vertex 7.637097 10.429490 4.740782
vertex 7.221560 10.429490 4.064784
endloop
endfacet
facet normal -0.310731 0.469134 0.826655
outer loop
vertex 7.009053 9.815990 5.351130
vertex 7.774570 9.815990 5.638880
vertex 8.073908 10.429490 5.403232
endloop
endfacet
facet normal -0.484717 0.814183 0.319616
outer loop
vertex 7.009053 9.815990 5.351130
vertex 8.073908 10.429490 5.403232
vertex 7.637097 10.429490 4.740782
endloop
endfacet
facet normal 0.468391 -0.813757 0.344108
outer loop
vertex 7.774570 9.815990 5.638880
vertex 8.258762 9.815990 4.979810
vertex 8.824544 10.429490 5.660504
endloop
endfacet
facet normal -0.287475 0.462435 0.838756
outer loop
vertex 7.774570 9.815990 5.638880
vertex 8.824544 10.429490 5.660504
vertex 8.073908 10.429490 5.403232
endloop
endfacet
facet normal 0.309798 -0.524030 0.793359
outer loop
vertex 8.258762 9.815990 4.979810
vertex 9.020553 9.815990 4.682339
vertex 9.257034 10.429490 4.995225
endloop
endfacet
facet normal 0.492441 -0.809332 0.320130
outer loop
vertex 8.258762 9.815990 4.979810
vertex 9.257034 10.429490 4.995225
vertex 8.824544 10.429490 5.660504
endloop
endfacet
facet normal -0.777527 0.473002 0.414393
outer loop
vertex 9.020553 9.815990 4.682339
vertex 9.405198 9.815990 5.404048
vertex 9.844699 10.429490 5.528417
endloop
endfacet
facet normal -0.667265 -0.117869 0.735435
outer loop
vertex 9.020553 9.815990 4.682339
vertex 9.844699 10.429490 5.528417
vertex 9.257034 10.429490 4.995225
endloop
endfacet
facet normal 0.186690 -0.782378 0.594164
outer loop
vertex 9.405198 9.815990 5.404048
vertex 10.185403 9.815990 5.158903
vertex 10.572224 10.429490 5.845200
endloop
endfacet
facet normal -0.397235 0.099633 0.912292
outer loop
vertex 9.405198 9.815990 5.404048
vertex 10.572224 10.429490 5.845200
vertex 9.844699 10.429490 5.528417
endloop
endfacet
facet normal 0.251559 -0.826810 0.503094
outer loop
vertex 10.185403 9.815990 5.158903
vertex 10.916869 9.815990 4.793153
vertex 11.325874 10.429490 5.596896
endloop
endfacet
facet normal 0.194551 -0.783236 0.590501
outer loop
vertex 10.185403 9.815990 5.158903
vertex 11.325874 10.429490 5.596896
vertex 10.572224 10.429490 5.845200
endloop
endfacet
facet normal -0.157588 -0.169639 0.972825
outer loop
vertex 10.916869 9.815990 4.793153
vertex 11.724157 9.815990 4.923925
vertex 11.911272 10.429490 5.061217
endloop
endfacet
facet normal 0.389326 -0.816950 0.425462
outer loop
vertex 10.916869 9.815990 4.793153
vertex 11.911272 10.429490 5.061217
vertex 11.325874 10.429490 5.596896
endloop
endfacet
facet normal 0.343272 -0.856372 0.385734
outer loop
vertex 11.724157 9.815990 4.923925
vertex 12.335083 9.815990 4.380249
vertex 12.385521 10.429490 5.697402
endloop
endfacet
facet normal -0.796870 0.110108 0.594033
outer loop
vertex 11.724157 9.815990 4.923925
vertex 12.385521 10.429490 5.697402
vertex 11.911272 10.429490 5.061217
endloop
endfacet
facet normal -0.776669 0.003292 0.629900
outer loop
vertex 12.335083 9.815990 4.380249
vertex 12.850226 9.815990 5.015422
vertex 12.976268 10.429490 5.167626
endloop
endfacet
facet normal 0.345542 -0.855650 0.385310
outer loop
vertex 12.335083 9.815990 4.380249
vertex 12.976268 10.429490 5.167626
vertex 12.385521 10.429490 5.697402
endloop
endfacet
facet normal 0.509249 -0.501839 0.699159
outer loop
vertex 12.850226 9.815990 5.015422
vertex 13.511273 9.815990 4.533932
vertex 13.698144 10.429490 4.838175
endloop
endfacet
facet normal 0.396457 -0.296968 0.868696
outer loop
vertex 12.850226 9.815990 5.015422
vertex 13.698144 10.429490 4.838175
vertex 12.976268 10.429490 5.167626
endloop
endfacet
facet normal -0.190004 -0.668872 0.718686
outer loop
vertex 13.511273 9.815990 4.533932
vertex 14.301920 9.815990 4.742962
vertex 14.327978 10.429490 5.320827
endloop
endfacet
facet normal -0.595469 -0.203972 0.777053
outer loop
vertex 13.511273 9.815990 4.533932
vertex 14.327978 10.429490 5.320827
vertex 13.698144 10.429490 4.838175
endloop
endfacet
facet normal -0.500375 0.176833 0.847558
outer loop
vertex 14.301920 9.815990 4.742962
vertex 15.006161 9.815990 5.158726
vertex 15.082745 10.429490 5.075939
endloop
endfacet
facet normal 0.228363 -0.672655 0.703836
outer loop
vertex 14.301920 9.815990 4.742962
vertex 15.082745 10.429490 5.075939
vertex 14.327978 10.429490 5.320827
endloop
endfacet
facet normal 0.575307 -0.159293 0.802277
outer loop
vertex 15.006161 9.815990 5.158726
vertex 15.670758 9.815990 4.682148
vertex 15.790849 10.429490 4.717843
endloop
endfacet
facet normal 0.450363 0.063953 0.890552
outer loop
vertex 15.006161 9.815990 5.158726
vertex 15.790849 10.429490 4.717843
vertex 15.082745 10.429490 5.075939
endloop
endfacet
facet normal 0.088462 0.309068 0.946917
outer loop
vertex 15.670758 9.815990 4.682148
vertex 16.485024 9.815990 4.606078
vertex 16.519066 10.429490 4.402655
endloop
endfacet
facet normal 0.393839 -0.130035 0.909935
outer loop
vertex 15.670758 9.815990 4.682148
vertex 16.519066 10.429490 4.402655
vertex 15.790849 10.429490 4.717843
endloop
endfacet
facet normal 0.517116 0.122804 0.847060
outer loop
vertex 16.485024 9.815990 4.606078
vertex 17.183042 9.815990 4.179950
vertex 17.234557 10.429490 4.059557
endloop
endfacet
facet normal 0.416910 0.265146 0.869416
outer loop
vertex 16.485024 9.815990 4.606078
vertex 17.234557 10.429490 4.059557
vertex 16.519066 10.429490 4.402655
endloop
endfacet
facet normal 0.761084 -0.025779 0.648141
outer loop
vertex 17.183042 9.815990 4.179950
vertex 17.713276 9.815990 3.557320
vertex 17.789420 10.429490 3.492308
endloop
endfacet
facet normal 0.712748 0.076966 0.697185
outer loop
vertex 17.183042 9.815990 4.179950
vertex 17.789420 10.429490 3.492308
vertex 17.234557 10.429490 4.059557
endloop
endfacet
facet normal 0.272452 0.493506 0.825967
outer loop
vertex 17.713276 9.815990 3.557320
vertex 18.489926 9.815990 3.301135
vertex 18.385827 10.429490 2.968914
endloop
endfacet
facet normal 0.659600 -0.002219 0.751613
outer loop
vertex 17.713276 9.815990 3.557320
vertex 18.385827 10.429490 2.968914
vertex 17.789420 10.429490 3.492308
endloop
endfacet
facet normal 0.604404 0.473344 0.640813
outer loop
vertex 18.489926 9.815990 3.301135
vertex 19.084860 9.815990 2.740003
vertex 18.951588 10.429490 2.412534
endloop
endfacet
facet normal 0.625871 0.450833 0.636423
outer loop
vertex 18.489926 9.815990 3.301135
vertex 18.951588 10.429490 2.412534
vertex 18.385827 10.429490 2.968914
endloop
endfacet
facet normal 0.500813 0.646430 0.575600
outer loop
vertex 19.084860 9.815990 2.740003
vertex 19.701830 9.815990 2.203195
vertex 19.412070 10.429490 1.766314
endloop
endfacet
facet normal 0.732276 0.437599 0.521804
outer loop
vertex 19.084860 9.815990 2.740003
vertex 19.412070 10.429490 1.766314
vertex 18.951588 10.429490 2.412534
endloop
endfacet
facet normal 0.517431 0.719698 0.462925
outer loop
vertex 19.701830 9.815990 2.203195
vertex 20.247117 9.815990 1.593705
vertex 19.838218 10.429490 1.096955
endloop
endfacet
facet normal 0.664867 0.615450 0.423288
outer loop
vertex 19.701830 9.815990 2.203195
vertex 19.838218 10.429490 1.096955
vertex 19.412070 10.429490 1.766314
endloop
endfacet
facet normal 0.536890 0.752549 0.381338
outer loop
vertex 20.247117 9.815990 1.593705
vertex 20.720687 9.815990 0.926961
vertex 20.230091 10.429490 0.406970
endloop
endfacet
facet normal 0.621219 0.699719 0.352817
outer loop
vertex 20.247117 9.815990 1.593705
vertex 20.230091 10.429490 0.406970
vertex 19.838218 10.429490 1.096955
endloop
endfacet
facet normal -0.820244 0.255900 0.511580
outer loop
vertex 0.772451 10.429490 0.299623
vertex 1.192372 10.429490 0.972906
vertex 1.256474 11.042989 0.768801
endloop
endfacet
facet normal -0.772257 0.134416 0.620928
outer loop
vertex 0.772451 10.429490 0.299623
vertex 1.256474 11.042989 0.768801
vertex 0.766249 11.042989 0.159101
endloop
endfacet
facet normal -0.841104 0.029094 0.540090
outer loop
vertex 1.192372 10.429490 0.972906
vertex 1.621116 10.429490 1.640605
vertex 1.548564 11.042989 1.494569
endloop
endfacet
facet normal -0.905805 0.215924 0.364548
outer loop
vertex 1.192372 10.429490 0.972906
vertex 1.548564 11.042989 1.494569
vertex 1.256474 11.042989 0.768801
endloop
endfacet
facet normal -0.741283 -0.282867 0.608676
outer loop
vertex 1.621116 10.429490 1.640605
vertex 2.124666 10.429490 2.253860
vertex 1.857336 11.042989 2.213398
endloop
endfacet
facet normal -0.918720 -0.014708 0.394635
outer loop
vertex 1.621116 10.429490 1.640605
vertex 1.857336 11.042989 2.213398
vertex 1.548564 11.042989 1.494569
endloop
endfacet
facet normal -0.612184 -0.386351 0.689901
outer loop
vertex 2.124666 10.429490 2.253860
vertex 2.718189 10.429490 2.780523
vertex 2.363832 11.042989 2.809650
endloop
endfacet
facet normal -0.732099 -0.277993 0.621893
outer loop
vertex 2.124666 10.429490 2.253860
vertex 2.363832 11.042989 2.809650
vertex 1.857336 11.042989 2.213398
endloop
endfacet
facet normal -0.607607 -0.412896 0.678476
outer loop
vertex 2.718189 10.429490 2.780523
vertex 3.309300 10.429490 3.309891
vertex 2.933078 11.042989 3.346320
endloop
endfacet
facet normal -0.630014 -0.395622 0.668256
outer loop
vertex 2.718189 10.429490 2.780523
vertex 2.933078 11.042989 3.346320
vertex 2.363832 11.042989 2.809650
endloop
endfacet
facet normal -0.665962 -0.389232 0.636391
outer loop
vertex 3.309300 10.429490 3.309891
vertex 3.857509 10.429490 3.883573
vertex 3.500363 11.042989 3.885063
endloop
endfacet
facet normal -0.624339 -0.421906 0.657416
outer loop
vertex 3.309300 10.429490 3.309891
vertex 3.500363 11.042989 3.885063
vertex 2.933078 11.042989 3.346320
endloop
endfacet
facet normal -0.673229 -0.129580 0.727992
outer loop
vertex 3.857509 10.429490 3.883573
vertex 4.440083 10.429490 4.422323
vertex 4.173019 11.042989 4.284549
endloop
endfacet
facet normal -0.489183 -0.286776 0.823687
outer loop
vertex 3.857509 10.429490 3.883573
vertex 4.173019 11.042989 4.284549
vertex 3.500363 11.042989 3.885063
endloop
endfacet
facet normal -0.268929 0.718241 0.641722
outer loop
vertex 4.440083 10.429490 4.422323
vertex 5.171918 10.429490 4.729016
vertex 4.860993 11.042989 3.912063
endloop
endfacet
facet normal 0.441339 0.375178 0.815145
outer loop
vertex 4.440083 10.429490 4.422323
vertex 4.860993 11.042989 3.912063
vertex 4.173019 11.042989 4.284549
endloop
endfacet
facet normal -0.132140 0.899134 0.417249
outer loop
vertex 5.171918 10.429490 4.729016
vertex 5.928390 10.429490 4.968585
vertex 5.540055 11.042989 3.523565
endloop
endfacet
facet normal 0.287612 0.815200 0.502721
outer loop
vertex 5.171918 10.429490 4.729016
vertex 5.540055 11.042989 3.523565
vertex 4.860993 11.042989 3.912063
endloop
endfacet
facet normal 0.469895 0.700133 0.537599
outer loop
vertex 5.928390 10.429490 4.968585
vertex 6.525838 10.429490 4.446378
vertex 6.215098 11.042989 3.919004
endloop
endfacet
facet normal -0.254895 0.863536 0.435124
outer loop
vertex 5.928390 10.429490 4.968585
vertex 6.215098 11.042989 3.919004
vertex 5.540055 11.042989 3.523565
endloop
endfacet
facet normal 0.466885 -0.239659 0.851224
outer loop
vertex 6.525838 10.429490 4.446378
vertex 7.221560 10.429490 4.064784
vertex 6.732685 11.042989 4.505654
endloop
endfacet
facet normal -0.736836 0.185620 0.650091
outer loop
vertex 6.525838 10.429490 4.446378
vertex 6.732685 11.042989 4.505654
vertex 6.215098 11.042989 3.919004
endloop
endfacet
facet normal -0.835709 0.194143 0.513711
outer loop
vertex 7.221560 10.429490 4.064784
vertex 7.637097 10.429490 4.740782
vertex 7.463586 11.042989 4.226658
endloop
endfacet
facet normal 0.332559 -0.361071 0.871224
outer loop
vertex 7.221560 10.429490 4.064784
vertex 7.463586 11.042989 4.226658
vertex 6.732685 11.042989 4.505654
endloop
endfacet
facet normal -0.544302 0.758236 0.358906
outer loop
vertex 7.637097 10.429490 4.740782
vertex 8.073908 10.429490 5.403232
vertex 8.235731 11.042989 4.352548
endloop
endfacet
facet normal -0.126783 0.615809 0.777628
outer loop
vertex 7.637097 10.429490 4.740782
vertex 8.235731 11.042989 4.352548
vertex 7.463586 11.042989 4.226658
endloop
endfacet
facet normal -0.256116 0.613191 0.747262
outer loop
vertex 8.073908 10.429490 5.403232
vertex 8.824544 10.429490 5.660504
vertex 8.557630 11.042989 5.065595
endloop
endfacet
facet normal -0.662413 0.686865 0.299041
outer loop
vertex 8.073908 10.429490 5.403232
vertex 8.557630 11.042989 5.065595
vertex 8.235731 11.042989 4.352548
endloop
endfacet
facet normal 0.793839 -0.321708 0.516065
outer loop
vertex 8.824544 10.429490 5.660504
vertex 9.257034 10.429490 4.995225
vertex 9.300594 11.042989 5.310666
endloop
endfacet
facet normal -0.246450 0.617282 0.747145
outer loop
vertex 8.824544 10.429490 5.660504
vertex 9.300594 11.042989 5.310666
vertex 8.557630 11.042989 5.065595
endloop
endfacet
facet normal -0.504190 0.661052 0.555700
outer loop
vertex 9.257034 10.429490 4.995225
vertex 9.844699 10.429490 5.528417
vertex 9.978321 11.042989 4.919845
endloop
endfacet
facet normal 0.450204 -0.433378 0.780705
outer loop
vertex 9.257034 10.429490 4.995225
vertex 9.978321 11.042989 4.919845
vertex 9.300594 11.042989 5.310666
endloop
endfacet
facet normal -0.367483 0.390745 0.843964
outer loop
vertex 9.844699 10.429490 5.528417
vertex 10.572224 10.429490 5.845200
vertex 10.479335 11.042989 5.520711
endloop
endfacet
facet normal -0.598993 0.625904 0.499452
outer loop
vertex 9.844699 10.429490 5.528417
vertex 10.479335 11.042989 5.520711
vertex 9.978321 11.042989 4.919845
endloop
endfacet
facet normal 0.278814 0.453994 0.846257
outer loop
vertex 10.572224 10.429490 5.845200
vertex 11.325874 10.429490 5.596896
vertex 11.229733 11.042989 5.299446
endloop
endfacet
facet normal 0.247801 0.482014 0.840391
outer loop
vertex 10.572224 10.429490 5.845200
vertex 11.229733 11.042989 5.299446
vertex 10.479335 11.042989 5.520711
endloop
endfacet
facet normal 0.657499 0.226754 0.718525
outer loop
vertex 11.325874 10.429490 5.596896
vertex 11.911272 10.429490 5.061217
vertex 11.892909 11.042989 4.884411
endloop
endfacet
facet normal 0.475610 0.442996 0.759967
outer loop
vertex 11.325874 10.429490 5.596896
vertex 11.892909 11.042989 4.884411
vertex 11.229733 11.042989 5.299446
endloop
endfacet
facet normal -0.674449 0.540682 0.502773
outer loop
vertex 11.911272 10.429490 5.061217
vertex 12.385521 10.429490 5.697402
vertex 12.567125 11.042989 5.281258
endloop
endfacet
facet normal -0.494005 0.227087 0.839280
outer loop
vertex 11.911272 10.429490 5.061217
vertex 12.567125 11.042989 5.281258
vertex 11.892909 11.042989 4.884411
endloop
endfacet
facet normal 0.640861 0.280394 0.714616
outer loop
vertex 12.385521 10.429490 5.697402
vertex 12.976268 10.429490 5.167626
vertex 13.155766 11.042989 4.765936
endloop
endfacet
facet normal 0.628192 0.300782 0.717569
outer loop
vertex 12.385521 10.429490 5.697402
vertex 13.155766 11.042989 4.765936
vertex 12.567125 11.042989 5.281258
endloop
endfacet
facet normal 0.390008 0.342947 0.854565
outer loop
vertex 12.976268 10.429490 5.167626
vertex 13.698144 10.429490 4.838175
vertex 13.892666 11.042989 4.503194
endloop
endfacet
facet normal 0.298150 0.460279 0.836211
outer loop
vertex 12.976268 10.429490 5.167626
vertex 13.892666 11.042989 4.503194
vertex 13.155766 11.042989 4.765936
endloop
endfacet
facet normal -0.448605 0.675319 0.585404
outer loop
vertex 13.698144 10.429490 4.838175
vertex 14.327978 10.429490 5.320827
vertex 14.605432 11.042989 4.825715
endloop
endfacet
facet normal -0.349090 0.531929 0.771484
outer loop
vertex 13.698144 10.429490 4.838175
vertex 14.605432 11.042989 4.825715
vertex 13.892666 11.042989 4.503194
endloop
endfacet
facet normal 0.265574 0.509400 0.818524
outer loop
vertex 14.327978 10.429490 5.320827
vertex 15.082745 10.429490 5.075939
vertex 15.356120 11.042989 4.605437
endloop
endfacet
facet normal 0.236395 0.543241 0.805610
outer loop
vertex 14.327978 10.429490 5.320827
vertex 15.356120 11.042989 4.605437
vertex 14.605432 11.042989 4.825715
endloop
endfacet
facet normal 0.451284 -0.003669 0.892373
outer loop
vertex 15.082745 10.429490 5.075939
vertex 15.790849 10.429490 4.717843
vertex 16.136178 11.042989 4.545728
endloop
endfacet
facet normal 0.061624 0.589965 0.805074
outer loop
vertex 15.082745 10.429490 5.075939
vertex 16.136178 11.042989 4.545728
vertex 15.356120 11.042989 4.605437
endloop
endfacet
facet normal 0.394947 0.106631 0.912495
outer loop
vertex 15.790849 10.429490 4.717843
vertex 16.519066 10.429490 4.402655
vertex 16.835086 11.042989 4.194184
endloop
endfacet
facet normal 0.449349 -0.002304 0.893354
outer loop
vertex 15.790849 10.429490 4.717843
vertex 16.835086 11.042989 4.194184
vertex 16.136178 11.042989 4.545728
endloop
endfacet
facet normal 0.430515 0.092920 0.897788
outer loop
vertex 16.519066 10.429490 4.402655
vertex 17.234557 10.429490 4.059557
vertex 17.537933 11.042989 3.850583
endloop
endfacet
facet normal 0.437831 0.078799 0.895598
outer loop
vertex 16.519066 10.429490 4.402655
vertex 17.537933 11.042989 3.850583
vertex 16.835086 11.042989 4.194184
endloop
endfacet
facet normal 0.675949 -0.325457 0.661189
outer loop
vertex 17.234557 10.429490 4.059557
vertex 17.789420 10.429490 3.492308
vertex 18.176487 11.042989 3.398583
endloop
endfacet
facet normal 0.577737 -0.007677 0.816187
outer loop
vertex 17.234557 10.429490 4.059557
vertex 18.176487 11.042989 3.398583
vertex 17.537933 11.042989 3.850583
endloop
endfacet
facet normal 0.659601 0.001828 0.751614
outer loop
vertex 17.789420 10.429490 3.492308
vertex 18.385827 10.429490 2.968914
vertex 18.624970 11.042989 2.757554
endloop
endfacet
facet normal 0.752903 -0.394546 0.526754
outer loop
vertex 17.789420 10.429490 3.492308
vertex 18.624970 11.042989 2.757554
vertex 18.176487 11.042989 3.398583
endloop
endfacet
facet normal 0.682821 0.227278 0.694334
outer loop
vertex 18.385827 10.429490 2.968914
vertex 18.951588 10.429490 2.412534
vertex 19.058655 11.042989 2.106423
endloop
endfacet
facet normal 0.824974 -0.132275 0.549473
outer loop
vertex 18.385827 10.429490 2.968914
vertex 19.058655 11.042989 2.106423
vertex 18.624970 11.042989 2.757554
endloop
endfacet
facet normal 0.790318 0.241341 0.563163
outer loop
vertex 18.951588 10.429490 2.412534
vertex 19.412070 10.429490 1.766314
vertex 19.460632 11.042989 1.435252
endloop
endfacet
facet normal 0.853064 0.106050 0.510916
outer loop
vertex 18.951588 10.429490 2.412534
vertex 19.460632 11.042989 1.435252
vertex 19.058655 11.042989 2.106423
endloop
endfacet
facet normal 0.773384 0.399303 0.492376
outer loop
vertex 19.412070 10.429490 1.766314
vertex 19.838218 10.429490 1.096955
vertex 19.764941 11.042989 0.714522
endloop
endfacet
facet normal 0.912726 0.135711 0.385374
outer loop
vertex 19.412070 10.429490 1.766314
vertex 19.764941 11.042989 0.714522
vertex 19.460632 11.042989 1.435252
endloop
endfacet
facet normal -0.707280 0.419947 0.568683
outer loop
vertex 0.766249 11.042989 0.159101
vertex 1.256474 11.042989 0.768801
vertex 1.375248 11.656489 0.463480
endloop
endfacet
facet normal -0.838555 0.427706 0.337482
outer loop
vertex 1.256474 11.042989 0.768801
vertex 1.548564 11.042989 1.494569
vertex 1.713169 11.656489 1.126055
endloop
endfacet
facet normal -0.827522 0.370249 0.422046
outer loop
vertex 1.256474 11.042989 0.768801
vertex 1.713169 11.656489 1.126055
vertex 1.375248 11.656489 0.463480
endloop
endfacet
facet normal -0.762533 0.557905 0.327545
outer loop
vertex 1.548564 11.042989 1.494569
vertex 1.857336 11.042989 2.213398
vertex 2.109487 11.656489 1.755443
endloop
endfacet
facet normal -0.742367 0.479972 0.467459
outer loop
vertex 1.548564 11.042989 1.494569
vertex 2.109487 11.656489 1.755443
vertex 1.713169 11.656489 1.126055
endloop
endfacet
facet normal -0.612960 0.594276 0.520688
outer loop
vertex 1.857336 11.042989 2.213398
vertex 2.363832 11.042989 2.809650
vertex 2.563536 11.656489 2.344540
endloop
endfacet
facet normal -0.624155 0.615632 0.481070
outer loop
vertex 1.857336 11.042989 2.213398
vertex 2.563536 11.656489 2.344540
vertex 2.109487 11.656489 1.755443
endloop
endfacet
facet normal -0.556238 0.585231 0.590002
outer loop
vertex 2.363832 11.042989 2.809650
vertex 2.933078 11.042989 3.346320
vertex 3.081813 11.656489 2.878005
endloop
endfacet
facet normal -0.570559 0.605967 0.554315
outer loop
vertex 2.363832 11.042989 2.809650
vertex 3.081813 11.656489 2.878005
vertex 2.563536 11.656489 2.344540
endloop
endfacet
facet normal -0.591116 0.512992 0.622432
outer loop
vertex 2.933078 11.042989 3.346320
vertex 3.500363 11.042989 3.885063
vertex 3.566457 11.656489 3.442201
endloop
endfacet
facet normal -0.626894 0.563047 0.538500
outer loop
vertex 2.933078 11.042989 3.346320
vertex 3.566457 11.656489 3.442201
vertex 3.081813 11.656489 2.878005
endloop
endfacet
facet normal -0.422777 0.560801 0.711872
outer loop
vertex 3.500363 11.042989 3.885063
vertex 4.173019 11.042989 4.284549
vertex 4.206474 11.656489 3.821113
endloop
endfacet
facet normal -0.422049 0.560069 0.712880
outer loop
vertex 3.500363 11.042989 3.885063
vertex 4.206474 11.656489 3.821113
vertex 3.566457 11.656489 3.442201
endloop
endfacet
facet normal 0.468095 0.182809 0.864562
outer loop
vertex 4.173019 11.042989 4.284549
vertex 4.860993 11.042989 3.912063
vertex 4.945431 11.656489 3.736623
endloop
endfacet
facet normal 0.091126 0.597076 0.796992
outer loop
vertex 4.173019 11.042989 4.284549
vertex 4.945431 11.656489 3.736623
vertex 4.206474 11.656489 3.821113
endloop
endfacet
facet normal 0.491895 -0.137114 0.859790
outer loop
vertex 4.860993 11.042989 3.912063
vertex 5.540055 11.042989 3.523565
vertex 5.665338 11.656489 3.549726
endloop
endfacet
facet normal 0.244222 0.235398 0.940714
outer loop
vertex 4.860993 11.042989 3.912063
vertex 5.665338 11.656489 3.549726
vertex 4.945431 11.656489 3.736623
endloop
endfacet
facet normal -0.369737 0.681851 0.631169
outer loop
vertex 5.540055 11.042989 3.523565
vertex 6.215098 11.042989 3.919004
vertex 6.383068 11.656489 3.354637
endloop
endfacet
facet normal 0.261128 -0.094292 0.960688
outer loop
vertex 5.540055 11.042989 3.523565
vertex 6.383068 11.656489 3.354637
vertex 5.665338 11.656489 3.549726
endloop
endfacet
facet normal -0.501881 0.742998 0.442797
outer loop
vertex 6.215098 11.042989 3.919004
vertex 6.732685 11.042989 4.505654
vertex 6.996496 11.656489 3.775235
endloop
endfacet
facet normal -0.417508 0.674464 0.608921
outer loop
vertex 6.215098 11.042989 3.919004
vertex 6.996496 11.656489 3.775235
vertex 6.383068 11.656489 3.354637
endloop
endfacet
facet normal 0.353269 0.136717 0.925478
outer loop
vertex 6.732685 11.042989 4.505654
vertex 7.463586 11.042989 4.226658
vertex 7.687421 11.656489 4.050588
endloop
endfacet
facet normal -0.229565 0.784529 0.576033
outer loop
vertex 6.732685 11.042989 4.505654
vertex 7.687421 11.656489 4.050588
vertex 6.996496 11.656489 3.775235
endloop
endfacet
facet normal -0.160699 -0.051680 0.985650
outer loop
vertex 7.463586 11.042989 4.226658
vertex 8.235731 11.042989 4.352548
vertex 8.342845 11.656489 4.402179
endloop
endfacet
facet normal -0.434995 0.391431 0.810901
outer loop
vertex 7.463586 11.042989 4.226658
vertex 8.342845 11.656489 4.402179
vertex 7.687421 11.656489 4.050588
endloop
endfacet
facet normal -0.755219 0.559827 0.340937
outer loop
vertex 8.235731 11.042989 4.352548
vertex 8.557630 11.042989 5.065595
vertex 8.923013 11.656489 4.867583
endloop
endfacet
facet normal -0.625070 0.046098 0.779206
outer loop
vertex 8.235731 11.042989 4.352548
vertex 8.923013 11.656489 4.867583
vertex 8.342845 11.656489 4.402179
endloop
endfacet
facet normal -0.184206 0.808830 0.558446
outer loop
vertex 8.557630 11.042989 5.065595
vertex 9.300594 11.042989 5.310666
vertex 9.576964 11.656489 4.513259
endloop
endfacet
facet normal 0.476388 0.000057 0.879235
outer loop
vertex 8.557630 11.042989 5.065595
vertex 9.576964 11.656489 4.513259
vertex 8.923013 11.656489 4.867583
endloop
endfacet
facet normal 0.496210 -0.115516 0.860484
outer loop
vertex 9.300594 11.042989 5.310666
vertex 9.978321 11.042989 4.919845
vertex 10.239257 11.656489 4.851732
endloop
endfacet
facet normal -0.269276 0.806146 0.526896
outer loop
vertex 9.300594 11.042989 5.310666
vertex 10.239257 11.656489 4.851732
vertex 9.576964 11.656489 4.513259
endloop
endfacet
facet normal -0.562500 0.680889 0.469024
outer loop
vertex 9.978321 11.042989 4.919845
vertex 10.479335 11.042989 5.520711
vertex 10.917913 11.656489 5.156071
endloop
endfacet
facet normal -0.394503 0.265461 0.879715
outer loop
vertex 9.978321 11.042989 4.919845
vertex 10.917913 11.656489 5.156071
vertex 10.239257 11.656489 4.851732
endloop
endfacet
facet normal 0.213839 0.654478 0.725211
outer loop
vertex 10.479335 11.042989 5.520711
vertex 11.229733 11.042989 5.299446
vertex 11.482068 11.656489 4.671379
endloop
endfacet
facet normal 0.651594 -0.015036 0.758419
outer loop
vertex 10.479335 11.042989 5.520711
vertex 11.482068 11.656489 4.671379
vertex 10.917913 11.656489 5.156071
endloop
endfacet
facet normal 0.530434 -0.016286 0.847570
outer loop
vertex 11.229733 11.042989 5.299446
vertex 11.892909 11.042989 4.884411
vertex 12.225655 11.656489 4.687957
endloop
endfacet
facet normal -0.015505 0.718374 0.695484
outer loop
vertex 11.229733 11.042989 5.299446
vertex 12.225655 11.656489 4.687957
vertex 11.482068 11.656489 4.671379
endloop
endfacet
facet normal -0.321257 0.773889 0.545793
outer loop
vertex 11.892909 11.042989 4.884411
vertex 12.567125 11.042989 5.281258
vertex 12.968326 11.656489 4.647516
endloop
endfacet
facet normal 0.052217 0.278750 0.958943
outer loop
vertex 11.892909 11.042989 4.884411
vertex 12.968326 11.656489 4.647516
vertex 12.225655 11.656489 4.687957
endloop
endfacet
facet normal 0.651156 0.150851 0.743800
outer loop
vertex 12.567125 11.042989 5.281258
vertex 13.155766 11.042989 4.765936
vertex 13.599095 11.656489 4.253400
endloop
endfacet
facet normal 0.468286 0.467968 0.749476
outer loop
vertex 12.567125 11.042989 5.281258
vertex 13.599095 11.656489 4.253400
vertex 12.968326 11.656489 4.647516
endloop
endfacet
facet normal 0.335494 -0.045379 0.940949
outer loop
vertex 13.155766 11.042989 4.765936
vertex 13.892666 11.042989 4.503194
vertex 14.332712 11.656489 4.375884
endloop
endfacet
facet normal -0.119808 0.686077 0.717596
outer loop
vertex 13.155766 11.042989 4.765936
vertex 14.332712 11.656489 4.375884
vertex 13.599095 11.656489 4.253400
endloop
endfacet
facet normal -0.301536 0.681909 0.666390
outer loop
vertex 13.892666 11.042989 4.503194
vertex 14.605432 11.042989 4.825715
vertex 15.075668 11.656489 4.410707
endloop
endfacet
facet normal -0.045519 0.234174 0.971129
outer loop
vertex 13.892666 11.042989 4.503194
vertex 15.075668 11.656489 4.410707
vertex 14.332712 11.656489 4.375884
endloop
endfacet
facet normal 0.242565 0.507770 0.826639
outer loop
vertex 14.605432 11.042989 4.825715
vertex 15.356120 11.042989 4.605437
vertex 15.756436 11.656489 4.111122
endloop
endfacet
facet normal 0.384683 0.296470 0.874142
outer loop
vertex 14.605432 11.042989 4.825715
vertex 15.756436 11.656489 4.111122
vertex 15.075668 11.656489 4.410707
endloop
endfacet
facet normal 0.070529 0.382109 0.921422
outer loop
vertex 15.356120 11.042989 4.605437
vertex 16.136178 11.042989 4.545728
vertex 16.484185 11.656489 4.264675
endloop
endfacet
facet normal -0.151701 0.678283 0.718971
outer loop
vertex 15.356120 11.042989 4.605437
vertex 16.484185 11.656489 4.264675
vertex 15.756436 11.656489 4.111122
endloop
endfacet
facet normal 0.447993 -0.077643 0.890659
outer loop
vertex 16.136178 11.042989 4.545728
vertex 16.835086 11.042989 4.194184
vertex 17.200356 11.656489 4.063938
endloop
endfacet
facet normal 0.259348 0.276768 0.925277
outer loop
vertex 16.136178 11.042989 4.545728
vertex 17.200356 11.656489 4.063938
vertex 16.484185 11.656489 4.264675
endloop
endfacet
facet normal 0.425271 0.249819 0.869905
outer loop
vertex 16.835086 11.042989 4.194184
vertex 17.537933 11.042989 3.850583
vertex 17.754932 11.656489 3.568315
endloop
endfacet
facet normal 0.648192 -0.231946 0.725292
outer loop
vertex 16.835086 11.042989 4.194184
vertex 17.754932 11.656489 3.568315
vertex 17.200356 11.656489 4.063938
endloop
endfacet
facet normal 0.529557 0.399853 0.748122
outer loop
vertex 17.537933 11.042989 3.850583
vertex 18.176487 11.042989 3.398583
vertex 18.253366 11.656489 3.016264
endloop
endfacet
facet normal 0.741454 0.045750 0.669442
outer loop
vertex 17.537933 11.042989 3.850583
vertex 18.253366 11.656489 3.016264
vertex 17.754932 11.656489 3.568315
endloop
endfacet
facet normal 0.818751 0.038992 0.572823
outer loop
vertex 18.176487 11.042989 3.398583
vertex 18.624970 11.042989 2.757554
vertex 18.781297 11.656489 2.492351
endloop
endfacet
facet normal 0.664008 0.333761 0.669101
outer loop
vertex 18.176487 11.042989 3.398583
vertex 18.781297 11.656489 2.492351
vertex 18.253366 11.656489 3.016264
endloop
endfacet
facet normal 0.810362 0.228020 0.539740
outer loop
vertex 18.624970 11.042989 2.757554
vertex 19.058655 11.042989 2.106423
vertex 19.082060 11.656489 1.812103
endloop
endfacet
facet normal 0.913046 -0.058147 0.403691
outer loop
vertex 18.624970 11.042989 2.757554
vertex 19.082060 11.656489 1.812103
vertex 18.781297 11.656489 2.492351
endloop
endfacet
facet normal 0.811098 0.325786 0.485782
outer loop
vertex 19.058655 11.042989 2.106423
vertex 19.460632 11.042989 1.435252
vertex 19.393137 11.656489 1.136509
endloop
endfacet
facet normal 0.896074 0.163754 0.412597
outer loop
vertex 19.058655 11.042989 2.106423
vertex 19.393137 11.656489 1.136509
vertex 19.082060 11.656489 1.812103
endloop
endfacet
facet normal -0.788555 0.465228 0.402173
outer loop
vertex 1.375248 11.656489 0.463480
vertex 1.713169 11.656489 1.126055
vertex 1.928354 12.269988 0.838287
endloop
endfacet
facet normal -0.746941 0.316025 0.584985
outer loop
vertex 1.375248 11.656489 0.463480
vertex 1.928354 12.269988 0.838287
vertex 1.466421 12.269988 0.248466
endloop
endfacet
facet normal -0.791492 0.353758 0.498393
outer loop
vertex 1.713169 11.656489 1.126055
vertex 2.109487 11.656489 1.755443
vertex 2.236240 12.269988 1.521278
endloop
endfacet
facet normal -0.811300 0.456111 0.365727
outer loop
vertex 1.713169 11.656489 1.126055
vertex 2.236240 12.269988 1.521278
vertex 1.928354 12.269988 0.838287
endloop
endfacet
facet normal -0.782304 0.156312 0.602965
outer loop
vertex 2.109487 11.656489 1.755443
vertex 2.563536 11.656489 2.344540
vertex 2.568953 12.269988 2.192525
endloop
endfacet
facet normal -0.844450 0.334229 0.418564
outer loop
vertex 2.109487 11.656489 1.755443
vertex 2.568953 12.269988 2.192525
vertex 2.236240 12.269988 1.521278
endloop
endfacet
facet normal -0.717239 0.003428 0.696819
outer loop
vertex 2.563536 11.656489 2.344540
vertex 3.081813 11.656489 2.878005
vertex 3.008321 12.269988 2.799342
endloop
endfacet
facet normal -0.800721 0.150727 0.579765
outer loop
vertex 2.563536 11.656489 2.344540
vertex 3.008321 12.269988 2.799342
vertex 2.568953 12.269988 2.192525
endloop
endfacet
facet normal -0.754158 0.107585 0.647820
outer loop
vertex 3.081813 11.656489 2.878005
vertex 3.566457 11.656489 3.442201
vertex 3.548065 12.269988 3.318906
endloop
endfacet
facet normal -0.693480 0.009299 0.720415
outer loop
vertex 3.081813 11.656489 2.878005
vertex 3.548065 12.269988 3.318906
vertex 3.008321 12.269988 2.799342
endloop
endfacet
facet normal -0.420304 0.565102 0.709932
outer loop
vertex 3.566457 11.656489 3.442201
vertex 4.206474 11.656489 3.821113
vertex 4.294342 12.269988 3.384793
endloop
endfacet
facet normal -0.086278 0.193810 0.977238
outer loop
vertex 3.566457 11.656489 3.442201
vertex 4.294342 12.269988 3.384793
vertex 3.548065 12.269988 3.318906
endloop
endfacet
facet normal 0.067381 0.805087 0.589317
outer loop
vertex 4.206474 11.656489 3.821113
vertex 4.945431 11.656489 3.736623
vertex 4.871365 12.269988 2.906969
endloop
endfacet
facet normal 0.580217 0.415217 0.700673
outer loop
vertex 4.206474 11.656489 3.821113
vertex 4.871365 12.269988 2.906969
vertex 4.294342 12.269988 3.384793
endloop
endfacet
facet normal 0.124259 0.869180 0.478629
outer loop
vertex 4.945431 11.656489 3.736623
vertex 5.665338 11.656489 3.549726
vertex 5.488101 12.269988 2.481637
endloop
endfacet
facet normal 0.366724 0.763381 0.531754
outer loop
vertex 4.945431 11.656489 3.736623
vertex 5.488101 12.269988 2.481637
vertex 4.871365 12.269988 2.906969
endloop
endfacet
facet normal 0.188972 0.693507 0.695225
outer loop
vertex 5.665338 11.656489 3.549726
vertex 6.383068 11.656489 3.354637
vertex 6.165417 12.269988 2.801814
endloop
endfacet
facet normal -0.242574 0.823306 0.513151
outer loop
vertex 5.665338 11.656489 3.549726
vertex 6.165417 12.269988 2.801814
vertex 5.488101 12.269988 2.481637
endloop
endfacet
facet normal -0.329135 0.813166 0.480033
outer loop
vertex 6.383068 11.656489 3.354637
vertex 6.996496 11.656489 3.775235
vertex 6.903275 12.269988 2.672062
endloop
endfacet
facet normal 0.125632 0.688339 0.714427
outer loop
vertex 6.383068 11.656489 3.354637
vertex 6.903275 12.269988 2.672062
vertex 6.165417 12.269988 2.801814
endloop
endfacet
facet normal -0.215547 0.813027 0.540858
outer loop
vertex 6.996496 11.656489 3.775235
vertex 7.687421 11.656489 4.050588
vertex 7.538618 12.269988 3.069062
endloop
endfacet
facet normal -0.301636 0.822187 0.482726
outer loop
vertex 6.996496 11.656489 3.775235
vertex 7.538618 12.269988 3.069062
vertex 6.903275 12.269988 2.672062
endloop
endfacet
facet normal -0.363276 0.639862 0.677206
outer loop
vertex 7.687421 11.656489 4.050588
vertex 8.342845 11.656489 4.402179
vertex 8.015465 12.269988 3.646893
endloop
endfacet
facet normal -0.593128 0.639232 0.489471
outer loop
vertex 7.687421 11.656489 4.050588
vertex 8.015465 12.269988 3.646893
vertex 7.538618 12.269988 3.069062
endloop
endfacet
facet normal -0.457999 0.681371 0.570938
outer loop
vertex 8.342845 11.656489 4.402179
vertex 8.923013 11.656489 4.867583
vertex 8.698290 12.269988 3.955147
endloop
endfacet
facet normal -0.305451 0.669993 0.676616
outer loop
vertex 8.342845 11.656489 4.402179
vertex 8.698290 12.269988 3.955147
vertex 8.015465 12.269988 3.646893
endloop
endfacet
facet normal 0.449120 0.333465 0.828910
outer loop
vertex 8.923013 11.656489 4.867583
vertex 9.576964 11.656489 4.513259
vertex 9.279854 12.269988 4.427433
endloop
endfacet
facet normal -0.463102 0.678487 0.570255
outer loop
vertex 8.923013 11.656489 4.867583
vertex 9.279854 12.269988 4.427433
vertex 8.698290 12.269988 3.955147
endloop
endfacet
facet normal -0.336101 0.674187 0.657653
outer loop
vertex 9.576964 11.656489 4.513259
vertex 10.239257 11.656489 4.851732
vertex 9.937505 12.269988 4.068595
endloop
endfacet
facet normal 0.451409 0.334350 0.827309
outer loop
vertex 9.576964 11.656489 4.513259
vertex 9.937505 12.269988 4.068595
vertex 9.279854 12.269988 4.427433
endloop
endfacet
facet normal -0.355748 0.494095 0.793293
outer loop
vertex 10.239257 11.656489 4.851732
vertex 10.917913 11.656489 5.156071
vertex 10.485108 12.269988 4.579870
endloop
endfacet
facet normal -0.585868 0.512842 0.627496
outer loop
vertex 10.239257 11.656489 4.851732
vertex 10.485108 12.269988 4.579870
vertex 9.937505 12.269988 4.068595
endloop
endfacet
facet normal 0.492519 0.654822 0.573265
outer loop
vertex 10.917913 11.656489 5.156071
vertex 11.482068 11.656489 4.671379
vertex 11.157491 12.269988 4.249458
endloop
endfacet
facet normal 0.288814 0.755750 0.587732
outer loop
vertex 10.917913 11.656489 5.156071
vertex 11.157491 12.269988 4.249458
vertex 10.485108 12.269988 4.579870
endloop
endfacet
facet normal -0.014488 0.759892 0.649888
outer loop
vertex 11.482068 11.656489 4.671379
vertex 12.225655 11.656489 4.687957
vertex 11.849421 12.269988 3.962226
endloop
endfacet
facet normal 0.293855 0.642299 0.707885
outer loop
vertex 11.482068 11.656489 4.671379
vertex 11.849421 12.269988 3.962226
vertex 11.157491 12.269988 4.249458
endloop
endfacet
facet normal 0.044919 0.563466 0.824917
outer loop
vertex 12.225655 11.656489 4.687957
vertex 12.968326 11.656489 4.647516
vertex 12.540390 12.269988 4.251763
endloop
endfacet
facet normal -0.293885 0.649420 0.701345
outer loop
vertex 12.225655 11.656489 4.687957
vertex 12.540390 12.269988 4.251763
vertex 11.849421 12.269988 3.962226
endloop
endfacet
facet normal 0.387434 0.682204 0.620075
outer loop
vertex 12.968326 11.656489 4.647516
vertex 13.599095 11.656489 4.253400
vertex 13.170370 12.269988 3.846306
endloop
endfacet
facet normal 0.398298 0.677034 0.618856
outer loop
vertex 12.968326 11.656489 4.647516
vertex 13.170370 12.269988 3.846306
vertex 12.540390 12.269988 4.251763
endloop
endfacet
facet normal -0.132395 0.594686 0.792982
outer loop
vertex 13.599095 11.656489 4.253400
vertex 14.332712 11.656489 4.375884
vertex 13.919550 12.269988 3.846818
endloop
endfacet
facet normal -0.000570 0.552632 0.833426
outer loop
vertex 13.599095 11.656489 4.253400
vertex 13.919550 12.269988 3.846818
vertex 13.170370 12.269988 3.846306
endloop
endfacet
facet normal -0.034498 0.676085 0.736016
outer loop
vertex 14.332712 11.656489 4.375884
vertex 15.075668 11.656489 4.410707
vertex 14.668495 12.269988 3.828078
endloop
endfacet
facet normal 0.018788 0.660183 0.750870
outer loop
vertex 14.332712 11.656489 4.375884
vertex 14.668495 12.269988 3.828078
vertex 13.919550 12.269988 3.846818
endloop
endfacet
facet normal 0.290409 0.692944 0.659917
outer loop
vertex 15.075668 11.656489 4.410707
vertex 15.756436 11.656489 4.111122
vertex 15.390457 12.269988 3.627975
endloop
endfacet
facet normal 0.180345 0.737629 0.650676
outer loop
vertex 15.075668 11.656489 4.410707
vertex 15.390457 12.269988 3.627975
vertex 14.668495 12.269988 3.828078
endloop
endfacet
facet normal -0.188444 0.408458 0.893113
outer loop
vertex 15.756436 11.656489 4.111122
vertex 16.484185 11.656489 4.264675
vertex 16.088287 12.269988 3.900563
endloop
endfacet
facet normal -0.323275 0.458901 0.827589
outer loop
vertex 15.756436 11.656489 4.111122
vertex 16.088287 12.269988 3.900563
vertex 15.390457 12.269988 3.627975
endloop
endfacet
facet normal 0.187886 0.717892 0.670321
outer loop
vertex 16.484185 11.656489 4.264675
vertex 17.200356 11.656489 4.063938
vertex 16.742374 12.269988 3.535269
endloop
endfacet
facet normal 0.374674 0.639950 0.670882
outer loop
vertex 16.484185 11.656489 4.264675
vertex 16.742374 12.269988 3.535269
vertex 16.088287 12.269988 3.900563
endloop
endfacet
facet normal 0.514572 0.635370 0.575779
outer loop
vertex 17.200356 11.656489 4.063938
vertex 17.754932 11.656489 3.568315
vertex 17.411477 12.269988 3.198265
endloop
endfacet
facet normal 0.301774 0.741584 0.599155
outer loop
vertex 17.200356 11.656489 4.063938
vertex 17.411477 12.269988 3.198265
vertex 16.742374 12.269988 3.535269
endloop
endfacet
facet normal 0.644849 0.495167 0.582219
outer loop
vertex 17.754932 11.656489 3.568315
vertex 18.253366 11.656489 3.016264
vertex 18.016665 12.269988 2.756656
endloop
endfacet
facet normal 0.456424 0.632802 0.625491
outer loop
vertex 17.754932 11.656489 3.568315
vertex 18.016665 12.269988 2.756656
vertex 17.411477 12.269988 3.198265
endloop
endfacet
facet normal 0.560741 0.605224 0.565042
outer loop
vertex 18.253366 11.656489 3.016264
vertex 18.781297 11.656489 2.492351
vertex 18.460778 12.269988 2.153304
endloop
endfacet
facet normal 0.702204 0.489644 0.516874
outer loop
vertex 18.253366 11.656489 3.016264
vertex 18.460778 12.269988 2.153304
vertex 18.016665 12.269988 2.756656
endloop
endfacet
facet normal 0.778857 0.524211 0.344362
outer loop
vertex 18.781297 11.656489 2.492351
vertex 19.082060 11.656489 1.812103
vertex 18.811085 12.269988 1.491069
endloop
endfacet
facet normal 0.717277 0.584424 0.379423
outer loop
vertex 18.781297 11.656489 2.492351
vertex 18.811085 12.269988 1.491069
vertex 18.460778 12.269988 2.153304
endloop
endfacet
facet normal 0.776379 0.519077 0.357483
outer loop
vertex 19.082060 11.656489 1.812103
vertex 19.393137 11.656489 1.136509
vertex 19.131517 12.269988 0.813873
endloop
endfacet
facet normal 0.767187 0.528816 0.363013
outer loop
vertex 19.082060 11.656489 1.812103
vertex 19.131517 12.269988 0.813873
vertex 18.811085 12.269988 1.491069
endloop
endfacet
facet normal -0.739198 0.344145 0.578921
outer loop
vertex 1.466421 12.269988 0.248466
vertex 1.928354 12.269988 0.838287
vertex 2.017549 12.883487 0.587476
endloop
endfacet
facet normal -0.876598 0.274631 0.395163
outer loop
vertex 1.928354 12.269988 0.838287
vertex 2.236240 12.269988 1.521278
vertex 2.312903 12.883487 1.264970
endloop
endfacet
facet normal -0.878825 0.284400 0.383124
outer loop
vertex 1.928354 12.269988 0.838287
vertex 2.312903 12.883487 1.264970
vertex 2.017549 12.883487 0.587476
endloop
endfacet
facet normal -0.844141 0.335199 0.418411
outer loop
vertex 2.236240 12.269988 1.521278
vertex 2.568953 12.269988 2.192525
vertex 2.672781 12.883487 1.910508
endloop
endfacet
facet normal -0.833664 0.298341 0.464755
outer loop
vertex 2.236240 12.269988 1.521278
vertex 2.672781 12.883487 1.910508
vertex 2.312903 12.883487 1.264970
endloop
endfacet
facet normal -0.746034 0.389425 0.540169
outer loop
vertex 2.568953 12.269988 2.192525
vertex 3.008321 12.269988 2.799342
vertex 3.114201 12.883487 2.503282
endloop
endfacet
facet normal -0.742021 0.379582 0.552560
outer loop
vertex 2.568953 12.269988 2.192525
vertex 3.114201 12.883487 2.503282
vertex 2.672781 12.883487 1.910508
endloop
endfacet
facet normal -0.618836 0.451397 0.642871
outer loop
vertex 3.008321 12.269988 2.799342
vertex 3.548065 12.269988 3.318906
vertex 3.662777 12.883487 2.998555
endloop
endfacet
facet normal -0.605582 0.428203 0.670755
outer loop
vertex 3.008321 12.269988 2.799342
vertex 3.662777 12.883487 2.998555
vertex 3.114201 12.883487 2.503282
endloop
endfacet
facet normal -0.073121 0.555625 0.828212
outer loop
vertex 3.548065 12.269988 3.318906
vertex 4.294342 12.269988 3.384793
vertex 4.401681 12.883487 2.982689
endloop
endfacet
facet normal 0.019061 0.459979 0.887725
outer loop
vertex 3.548065 12.269988 3.318906
vertex 4.401681 12.883487 2.982689
vertex 3.662777 12.883487 2.998555
endloop
endfacet
facet normal 0.623247 0.212376 0.752635
outer loop
vertex 4.294342 12.269988 3.384793
vertex 4.871365 12.269988 2.906969
vertex 5.033644 12.883487 2.599473
endloop
endfacet
facet normal 0.469314 0.425151 0.773945
outer loop
vertex 4.294342 12.269988 3.384793
vertex 5.033644 12.883487 2.599473
vertex 4.401681 12.883487 2.982689
endloop
endfacet
facet normal 0.509032 0.442824 0.738101
outer loop
vertex 4.871365 12.269988 2.906969
vertex 5.488101 12.269988 2.481637
vertex 5.550112 12.883487 2.070802
endloop
endfacet
facet normal 0.706215 0.158993 0.689914
outer loop
vertex 4.871365 12.269988 2.906969
vertex 5.550112 12.883487 2.070802
vertex 5.033644 12.883487 2.599473
endloop
endfacet
facet normal -0.212602 0.867484 0.449747
outer loop
vertex 5.488101 12.269988 2.481637
vertex 6.165417 12.269988 2.801814
vertex 6.115601 12.883487 1.594931
endloop
endfacet
facet normal 0.587756 0.408311 0.698445
outer loop
vertex 5.488101 12.269988 2.481637
vertex 6.115601 12.883487 1.594931
vertex 5.550112 12.883487 2.070802
endloop
endfacet
facet normal 0.116573 0.739565 0.662913
outer loop
vertex 6.165417 12.269988 2.801814
vertex 6.903275 12.269988 2.672062
vertex 6.720354 12.883487 2.019791
endloop
endfacet
facet normal -0.309806 0.842350 0.440983
outer loop
vertex 6.165417 12.269988 2.801814
vertex 6.720354 12.883487 2.019791
vertex 6.115601 12.883487 1.594931
endloop
endfacet
facet normal -0.464488 0.481336 0.743348
outer loop
vertex 6.903275 12.269988 2.672062
vertex 7.538618 12.269988 3.069062
vertex 7.275667 12.883487 2.507499
endloop
endfacet
facet normal -0.565328 0.515814 0.643693
outer loop
vertex 6.903275 12.269988 2.672062
vertex 7.275667 12.883487 2.507499
vertex 6.720354 12.883487 2.019791
endloop
endfacet
facet normal -0.640865 0.556413 0.528864
outer loop
vertex 7.538618 12.269988 3.069062
vertex 8.015465 12.269988 3.646893
vertex 7.914520 12.883487 2.879115
endloop
endfacet
facet normal -0.435757 0.498934 0.749120
outer loop
vertex 7.538618 12.269988 3.069062
vertex 7.914520 12.883487 2.879115
vertex 7.275667 12.883487 2.507499
endloop
endfacet
facet normal -0.335182 0.579986 0.742475
outer loop
vertex 8.015465 12.269988 3.646893
vertex 8.698290 12.269988 3.955147
vertex 8.466068 12.883487 3.371077
endloop
endfacet
facet normal -0.513610 0.636112 0.575818
outer loop
vertex 8.015465 12.269988 3.646893
vertex 8.466068 12.883487 3.371077
vertex 7.914520 12.883487 2.879115
endloop
endfacet
facet normal -0.427163 0.735429 0.526000
outer loop
vertex 8.698290 12.269988 3.955147
vertex 9.279854 12.269988 4.427433
vertex 9.193844 12.883487 3.499818
endloop
endfacet
facet normal -0.131318 0.657026 0.742343
outer loop
vertex 8.698290 12.269988 3.955147
vertex 9.193844 12.883487 3.499818
vertex 8.466068 12.883487 3.371077
endloop
endfacet
facet normal 0.449159 0.347303 0.823187
outer loop
vertex 9.279854 12.269988 4.427433
vertex 9.937505 12.269988 4.068595
vertex 9.836456 12.883487 3.864894
endloop
endfacet
facet normal -0.309269 0.779746 0.544379
outer loop
vertex 9.279854 12.269988 4.427433
vertex 9.836456 12.883487 3.864894
vertex 9.193844 12.883487 3.499818
endloop
endfacet
facet normal -0.480553 0.710039 0.514698
outer loop
vertex 9.937505 12.269988 4.068595
vertex 10.485108 12.269988 4.579870
vertex 10.573943 12.883487 3.816474
endloop
endfacet
facet normal 0.061988 0.323690 0.944130
outer loop
vertex 9.937505 12.269988 4.068595
vertex 10.573943 12.883487 3.816474
vertex 9.836456 12.883487 3.864894
endloop
endfacet
facet normal 0.414451 0.341911 0.843402
outer loop
vertex 10.485108 12.269988 4.579870
vertex 11.157491 12.269988 4.249458
vertex 11.304476 12.883487 3.928520
endloop
endfacet
facet normal -0.094618 0.781331 0.616903
outer loop
vertex 10.485108 12.269988 4.579870
vertex 11.304476 12.883487 3.928520
vertex 10.573943 12.883487 3.816474
endloop
endfacet
facet normal 0.304819 0.606543 0.734296
outer loop
vertex 11.157491 12.269988 4.249458
vertex 11.849421 12.269988 3.962226
vertex 11.866382 12.883487 3.448423
endloop
endfacet
facet normal 0.631354 0.235296 0.738937
outer loop
vertex 11.157491 12.269988 4.249458
vertex 11.866382 12.883487 3.448423
vertex 11.304476 12.883487 3.928520
endloop
endfacet
facet normal -0.277308 0.696522 0.661784
outer loop
vertex 11.849421 12.269988 3.962226
vertex 12.540390 12.269988 4.251763
vertex 12.584196 12.883487 3.624417
endloop
endfacet
facet normal -0.184138 0.634074 0.751029
outer loop
vertex 11.849421 12.269988 3.962226
vertex 12.584196 12.883487 3.624417
vertex 11.866382 12.883487 3.448423
endloop
endfacet
facet normal 0.487351 0.434862 0.757221
outer loop
vertex 12.540390 12.269988 4.251763
vertex 13.170370 12.269988 3.846306
vertex 13.292998 12.883487 3.415057
endloop
endfacet
facet normal 0.204303 0.692704 0.691680
outer loop
vertex 12.540390 12.269988 4.251763
vertex 13.292998 12.883487 3.415057
vertex 12.584196 12.883487 3.624417
endloop
endfacet
facet normal -0.000522 0.645677 0.763611
outer loop
vertex 13.170370 12.269988 3.846306
vertex 13.919550 12.269988 3.846818
vertex 14.026945 12.883487 3.328142
endloop
endfacet
facet normal 0.097492 0.559216 0.823270
outer loop
vertex 13.170370 12.269988 3.846306
vertex 14.026945 12.883487 3.328142
vertex 13.292998 12.883487 3.415057
endloop
endfacet
facet normal 0.019840 0.609020 0.792906
outer loop
vertex 13.919550 12.269988 3.846818
vertex 14.668495 12.269988 3.828078
vertex 14.765552 12.883487 3.354429
endloop
endfacet
facet normal -0.027085 0.648147 0.761033
outer loop
vertex 13.919550 12.269988 3.846818
vertex 14.765552 12.883487 3.354429
vertex 14.026945 12.883487 3.328142
endloop
endfacet
facet normal 0.214300 0.596875 0.773185
outer loop
vertex 14.668495 12.269988 3.828078
vertex 15.390457 12.269988 3.627975
vertex 15.470427 12.883487 3.132207
endloop
endfacet
facet normal 0.247624 0.567229 0.785451
outer loop
vertex 14.668495 12.269988 3.828078
vertex 15.470427 12.883487 3.132207
vertex 14.765552 12.883487 3.354429
endloop
endfacet
facet normal -0.322069 0.465263 0.824501
outer loop
vertex 15.390457 12.269988 3.627975
vertex 16.088287 12.269988 3.900563
vertex 16.079454 12.883487 3.550917
endloop
endfacet
facet normal -0.455456 0.594714 0.662476
outer loop
vertex 15.390457 12.269988 3.627975
vertex 16.079454 12.883487 3.550917
vertex 15.470427 12.883487 3.132207
endloop
endfacet
facet normal 0.475560 0.220783 0.851527
outer loop
vertex 16.088287 12.269988 3.900563
vertex 16.742374 12.269988 3.535269
vertex 16.790504 12.883487 3.349322
endloop
endfacet
facet normal 0.238777 0.483421 0.842193
outer loop
vertex 16.088287 12.269988 3.900563
vertex 16.790504 12.883487 3.349322
vertex 16.079454 12.883487 3.550917
endloop
endfacet
facet normal 0.393648 0.483936 0.781567
outer loop
vertex 16.742374 12.269988 3.535269
vertex 17.411477 12.269988 3.198265
vertex 17.339582 12.883487 2.854605
endloop
endfacet
facet normal 0.659613 0.170145 0.732093
outer loop
vertex 16.742374 12.269988 3.535269
vertex 17.339582 12.883487 2.854605
vertex 16.790504 12.883487 3.349322
endloop
endfacet
facet normal 0.522302 0.463543 0.715771
outer loop
vertex 17.411477 12.269988 3.198265
vertex 18.016665 12.269988 2.756656
vertex 17.936040 12.883487 2.418178
endloop
endfacet
facet normal 0.523633 0.462240 0.715641
outer loop
vertex 17.411477 12.269988 3.198265
vertex 17.936040 12.883487 2.418178
vertex 17.339582 12.883487 2.854605
endloop
endfacet
facet normal 0.699917 0.494666 0.515191
outer loop
vertex 18.016665 12.269988 2.756656
vertex 18.460778 12.269988 2.153304
vertex 18.304013 12.883487 1.777219
endloop
endfacet
facet normal 0.808338 0.362262 0.464064
outer loop
vertex 18.016665 12.269988 2.756656
vertex 18.304013 12.883487 1.777219
vertex 17.936040 12.883487 2.418178
endloop
endfacet
facet normal 0.789913 0.448823 0.417846
outer loop
vertex 18.460778 12.269988 2.153304
vertex 18.811085 12.269988 1.491069
vertex 18.655145 12.883487 1.126883
endloop
endfacet
facet normal 0.781940 0.458614 0.422189
outer loop
vertex 18.460778 12.269988 2.153304
vertex 18.655145 12.883487 1.126883
vertex 18.304013 12.883487 1.777219
endloop
endfacet
facet normal 0.820070 0.420611 0.388036
outer loop
vertex 18.811085 12.269988 1.491069
vertex 19.131517 12.269988 0.813873
vertex 18.982325 12.883487 0.464172
endloop
endfacet
facet normal 0.804982 0.440526 0.397418
outer loop
vertex 18.811085 12.269988 1.491069
vertex 18.982325 12.883487 0.464172
vertex 18.655145 12.883487 1.126883
endloop
endfacet
facet normal -0.863301 0.336255 0.376357
outer loop
vertex 2.017549 12.883487 0.587476
vertex 2.312903 12.883487 1.264970
vertex 2.517075 13.496987 1.185177
endloop
endfacet
facet normal -0.849543 0.228497 0.475464
outer loop
vertex 2.017549 12.883487 0.587476
vertex 2.517075 13.496987 1.185177
vertex 2.138273 13.496987 0.508347
endloop
endfacet
facet normal -0.848698 0.236336 0.473136
outer loop
vertex 2.312903 12.883487 1.264970
vertex 2.672781 12.883487 1.910508
vertex 2.833931 13.496987 1.893126
endloop
endfacet
facet normal -0.859642 0.336129 0.384750
outer loop
vertex 2.312903 12.883487 1.264970
vertex 2.833931 13.496987 1.893126
vertex 2.517075 13.496987 1.185177
endloop
endfacet
facet normal -0.801811 0.024278 0.597084
outer loop
vertex 2.672781 12.883487 1.910508
vertex 3.114201 12.883487 2.503282
vertex 3.191108 13.496987 2.581613
endloop
endfacet
facet normal -0.861917 0.239072 0.447150
outer loop
vertex 2.672781 12.883487 1.910508
vertex 3.191108 13.496987 2.581613
vertex 2.833931 13.496987 1.893126
endloop
endfacet
facet normal -0.667025 -0.096094 0.738812
outer loop
vertex 3.114201 12.883487 2.503282
vertex 3.662777 12.883487 2.998555
vertex 3.730220 13.496987 3.139241
endloop
endfacet
facet normal -0.718941 0.001379 0.695070
outer loop
vertex 3.114201 12.883487 2.503282
vertex 3.730220 13.496987 3.139241
vertex 3.191108 13.496987 2.581613
endloop
endfacet
facet normal 0.019145 0.452338 0.891641
outer loop
vertex 3.662777 12.883487 2.998555
vertex 4.401681 12.883487 2.982689
vertex 4.349743 13.496987 2.672571
endloop
endfacet
facet normal 0.583802 -0.241904 0.775021
outer loop
vertex 3.662777 12.883487 2.998555
vertex 4.349743 13.496987 2.672571
vertex 3.730220 13.496987 3.139241
endloop
endfacet
facet normal 0.375942 0.688701 0.619966
outer loop
vertex 4.401681 12.883487 2.982689
vertex 5.033644 12.883487 2.599473
vertex 4.813933 13.496987 2.051187
endloop
endfacet
facet normal 0.751276 0.347295 0.561222
outer loop
vertex 4.401681 12.883487 2.982689
vertex 4.813933 13.496987 2.051187
vertex 4.349743 13.496987 2.672571
endloop
endfacet
facet normal 0.455759 0.770744 0.445239
outer loop
vertex 5.033644 12.883487 2.599473
vertex 5.550112 12.883487 2.070802
vertex 5.192893 13.496987 1.374445
endloop
endfacet
facet normal 0.698305 0.599551 0.391035
outer loop
vertex 5.033644 12.883487 2.599473
vertex 5.192893 13.496987 1.374445
vertex 4.813933 13.496987 2.051187
endloop
endfacet
facet normal 0.325477 0.862827 0.386773
outer loop
vertex 5.550112 12.883487 2.070802
vertex 6.115601 12.883487 1.594931
vertex 5.561929 13.496987 0.692241
endloop
endfacet
facet normal 0.605928 0.724855 0.327775
outer loop
vertex 5.550112 12.883487 2.070802
vertex 5.561929 13.496987 0.692241
vertex 5.192893 13.496987 1.374445
endloop
endfacet
facet normal -0.305102 0.847530 0.434287
outer loop
vertex 6.115601 12.883487 1.594931
vertex 6.720354 12.883487 2.019791
vertex 6.323149 13.496987 0.543469
endloop
endfacet
facet normal 0.100880 0.850524 0.516170
outer loop
vertex 6.115601 12.883487 1.594931
vertex 6.323149 13.496987 0.543469
vertex 5.561929 13.496987 0.692241
endloop
endfacet
facet normal -0.449527 0.732083 0.511840
outer loop
vertex 6.720354 12.883487 2.019791
vertex 7.275667 12.883487 2.507499
vertex 6.764627 13.496987 1.181189
endloop
endfacet
facet normal -0.630381 0.642011 0.436397
outer loop
vertex 6.720354 12.883487 2.019791
vertex 6.764627 13.496987 1.181189
vertex 6.323149 13.496987 0.543469
endloop
endfacet
facet normal -0.342005 0.733041 0.587949
outer loop
vertex 7.275667 12.883487 2.507499
vertex 7.914520 12.883487 2.879115
vertex 7.290559 13.496987 1.751264
endloop
endfacet
facet normal -0.559003 0.649270 0.515716
outer loop
vertex 7.275667 12.883487 2.507499
vertex 7.290559 13.496987 1.751264
vertex 6.764627 13.496987 1.181189
endloop
endfacet
facet normal -0.519298 0.625603 0.582194
outer loop
vertex 7.914520 12.883487 2.879115
vertex 8.466068 12.883487 3.371077
vertex 7.910991 13.496987 2.216725
endloop
endfacet
facet normal -0.454949 0.652131 0.606421
outer loop
vertex 7.914520 12.883487 2.879115
vertex 7.910991 13.496987 2.216725
vertex 7.290559 13.496987 1.751264
endloop
endfacet
facet normal -0.114504 0.753590 0.647295
outer loop
vertex 8.466068 12.883487 3.371077
vertex 9.193844 12.883487 3.499818
vertex 8.540394 13.496987 2.669981
endloop
endfacet
facet normal -0.413601 0.706450 0.574337
outer loop
vertex 8.466068 12.883487 3.371077
vertex 8.540394 13.496987 2.669981
vertex 7.910991 13.496987 2.216725
endloop
endfacet
facet normal -0.326679 0.750084 0.575025
outer loop
vertex 9.193844 12.883487 3.499818
vertex 9.836456 12.883487 3.864894
vertex 9.310101 13.496987 2.765594
endloop
endfacet
facet normal -0.078491 0.771087 0.631873
outer loop
vertex 9.193844 12.883487 3.499818
vertex 9.310101 13.496987 2.765594
vertex 8.540394 13.496987 2.669981
endloop
endfacet
facet normal 0.047796 0.683936 0.727975
outer loop
vertex 9.836456 12.883487 3.864894
vertex 10.573943 12.883487 3.816474
vertex 9.885891 13.496987 3.285263
endloop
endfacet
facet normal -0.534622 0.602736 0.592358
outer loop
vertex 9.836456 12.883487 3.864894
vertex 9.885891 13.496987 3.285263
vertex 9.310101 13.496987 2.765594
endloop
endfacet
facet normal -0.098330 0.761128 0.641104
outer loop
vertex 10.573943 12.883487 3.816474
vertex 11.304476 12.883487 3.928520
vertex 10.638576 13.496987 3.098031
endloop
endfacet
facet normal 0.161494 0.743259 0.649219
outer loop
vertex 10.573943 12.883487 3.816474
vertex 10.638576 13.496987 3.098031
vertex 9.885891 13.496987 3.285263
endloop
endfacet
facet normal 0.503424 0.631979 0.589209
outer loop
vertex 11.304476 12.883487 3.928520
vertex 11.866382 12.883487 3.448423
vertex 11.409802 13.496987 3.180496
endloop
endfacet
facet normal -0.067050 0.776076 0.627065
outer loop
vertex 11.304476 12.883487 3.928520
vertex 11.409802 13.496987 3.180496
vertex 10.638576 13.496987 3.098031
endloop
endfacet
facet normal -0.177271 0.667692 0.723023
outer loop
vertex 11.866382 12.883487 3.448423
vertex 12.584196 12.883487 3.624417
vertex 12.150888 13.496987 2.951628
endloop
endfacet
facet normal 0.248887 0.537183 0.805909
outer loop
vertex 11.866382 12.883487 3.448423
vertex 12.150888 13.496987 2.951628
vertex 11.409802 13.496987 3.180496
endloop
endfacet
facet normal 0.176391 0.782470 0.597182
outer loop
vertex 12.584196 12.883487 3.624417
vertex 13.292998 12.883487 3.415057
vertex 12.893900 13.496987 2.729089
endloop
endfacet
facet normal 0.178957 0.781642 0.597503
outer loop
vertex 12.584196 12.883487 3.624417
vertex 12.893900 13.496987 2.729089
vertex 12.150888 13.496987 2.951628
endloop
endfacet
facet normal 0.074417 0.774317 0.628407
outer loop
vertex 13.292998 12.883487 3.415057
vertex 14.026945 12.883487 3.328142
vertex 13.661161 13.496987 2.615511
endloop
endfacet
facet normal 0.093684 0.768570 0.632870
outer loop
vertex 13.292998 12.883487 3.415057
vertex 13.661161 13.496987 2.615511
vertex 12.893900 13.496987 2.729089
endloop
endfacet
facet normal -0.021637 0.793676 0.607956
outer loop
vertex 14.026945 12.883487 3.328142
vertex 14.765552 12.883487 3.354429
vertex 14.433262 13.496987 2.541690
endloop
endfacet
facet normal 0.060541 0.771614 0.633203
outer loop
vertex 14.026945 12.883487 3.328142
vertex 14.433262 13.496987 2.541690
vertex 13.661161 13.496987 2.615511
endloop
endfacet
facet normal 0.207657 0.723202 0.658678
outer loop
vertex 14.765552 12.883487 3.354429
vertex 15.470427 12.883487 3.132207
vertex 15.208884 13.496987 2.541065
endloop
endfacet
facet normal 0.000485 0.798232 0.602350
outer loop
vertex 14.765552 12.883487 3.354429
vertex 15.208884 13.496987 2.541065
vertex 14.433262 13.496987 2.541690
endloop
endfacet
facet normal -0.521789 0.389509 0.758959
outer loop
vertex 15.470427 12.883487 3.132207
vertex 16.079454 12.883487 3.550917
vertex 15.799623 13.496987 3.043675
endloop
endfacet
facet normal -0.589241 0.416120 0.692560
outer loop
vertex 15.470427 12.883487 3.132207
vertex 15.799623 13.496987 3.043675
vertex 15.208884 13.496987 2.541065
endloop
endfacet
facet normal 0.272564 0.038490 0.961367
outer loop
vertex 16.079454 12.883487 3.550917
vertex 16.790504 12.883487 3.349322
vertex 16.482106 13.496987 3.412196
endloop
endfacet
facet normal -0.423125 0.454890 0.783607
outer loop
vertex 16.079454 12.883487 3.550917
vertex 16.482106 13.496987 3.412196
vertex 15.799623 13.496987 3.043675
endloop
endfacet
facet normal 0.668108 0.061473 0.741521
outer loop
vertex 16.790504 12.883487 3.349322
vertex 17.339582 12.883487 2.854605
vertex 17.132792 13.496987 2.990062
endloop
endfacet
facet normal 0.534920 0.184395 0.824536
outer loop
vertex 16.790504 12.883487 3.349322
vertex 17.132792 13.496987 2.990062
vertex 16.482106 13.496987 3.412196
endloop
endfacet
facet normal 0.553537 0.348264 0.756511
outer loop
vertex 17.339582 12.883487 2.854605
vertex 17.936040 12.883487 2.418178
vertex 17.607145 13.496987 2.376402
endloop
endfacet
facet normal 0.784416 0.130523 0.606346
outer loop
vertex 17.339582 12.883487 2.854605
vertex 17.607145 13.496987 2.376402
vertex 17.132792 13.496987 2.990062
endloop
endfacet
facet normal 0.788708 0.415832 0.452795
outer loop
vertex 17.936040 12.883487 2.418178
vertex 18.304013 12.883487 1.777219
vertex 18.015234 13.496987 1.716816
endloop
endfacet
facet normal 0.763127 0.441261 0.472150
outer loop
vertex 17.936040 12.883487 2.418178
vertex 18.015234 13.496987 1.716816
vertex 17.607145 13.496987 2.376402
endloop
endfacet
facet normal 0.753925 0.515652 0.407063
outer loop
vertex 18.304013 12.883487 1.777219
vertex 18.655145 12.883487 1.126883
vertex 18.305390 13.496987 0.997511
endloop
endfacet
facet normal 0.838222 0.427849 0.338126
outer loop
vertex 18.304013 12.883487 1.777219
vertex 18.305390 13.496987 0.997511
vertex 18.015234 13.496987 1.716816
endloop
endfacet
facet normal -0.872278 0.028326 0.488189
outer loop
vertex 2.138273 13.496987 0.508347
vertex 2.517075 13.496987 1.185177
vertex 2.531518 14.110486 1.175387
endloop
endfacet
facet normal -0.861164 -0.000694 0.508327
outer loop
vertex 2.138273 13.496987 0.508347
vertex 2.531518 14.110486 1.175387
vertex 2.137951 14.110486 0.508639
endloop
endfacet
facet normal -0.908480 0.096615 0.406608
outer loop
vertex 2.517075 13.496987 1.185177
vertex 2.833931 13.496987 1.893126
vertex 2.886009 14.110486 1.863707
endloop
endfacet
facet normal -0.888672 0.028225 0.457673
outer loop
vertex 2.517075 13.496987 1.185177
vertex 2.886009 14.110486 1.863707
vertex 2.531518 14.110486 1.175387
endloop
endfacet
facet normal -0.836435 0.334786 0.433930
outer loop
vertex 2.833931 13.496987 1.893126
vertex 3.191108 13.496987 2.581613
vertex 3.375450 14.110486 2.463620
endloop
endfacet
facet normal -0.771288 0.095646 0.629259
outer loop
vertex 2.833931 13.496987 1.893126
vertex 3.375450 14.110486 2.463620
vertex 2.886009 14.110486 1.863707
endloop
endfacet
facet normal -0.443507 0.787051 0.428781
outer loop
vertex 3.191108 13.496987 2.581613
vertex 3.730220 13.496987 3.139241
vertex 4.149508 14.110486 2.446817
endloop
endfacet
facet normal 0.021338 0.182638 0.982949
outer loop
vertex 3.191108 13.496987 2.581613
vertex 4.149508 14.110486 2.446817
vertex 3.375450 14.110486 2.463620
endloop
endfacet
facet normal 0.478040 0.607238 0.634618
outer loop
vertex 3.730220 13.496987 3.139241
vertex 4.349743 13.496987 2.672571
vertex 4.652041 14.110486 1.857827
endloop
endfacet
facet normal 0.744094 0.208001 0.634869
outer loop
vertex 3.730220 13.496987 3.139241
vertex 4.652041 14.110486 1.857827
vertex 4.149508 14.110486 2.446817
endloop
endfacet
facet normal 0.706279 0.472017 0.527608
outer loop
vertex 4.349743 13.496987 2.672571
vertex 4.813933 13.496987 2.051187
vertex 5.046188 14.110486 1.191421
endloop
endfacet
facet normal 0.834638 0.244316 0.493648
outer loop
vertex 4.349743 13.496987 2.672571
vertex 5.046188 14.110486 1.191421
vertex 4.652041 14.110486 1.857827
endloop
endfacet
facet normal 0.825439 0.324033 0.462227
outer loop
vertex 4.813933 13.496987 2.051187
vertex 5.192893 13.496987 1.374445
vertex 5.430820 14.110486 0.519479
endloop
endfacet
facet normal 0.814567 0.345066 0.466272
outer loop
vertex 4.813933 13.496987 2.051187
vertex 5.430820 14.110486 0.519479
vertex 5.046188 14.110486 1.191421
endloop
endfacet
facet normal 0.870717 -0.141419 0.471012
outer loop
vertex 5.192893 13.496987 1.374445
vertex 5.561929 13.496987 0.692241
vertex 6.024116 14.110486 0.022038
endloop
endfacet
facet normal 0.169814 0.464980 0.868882
outer loop
vertex 5.561929 13.496987 0.692241
vertex 6.323149 13.496987 0.543469
vertex 6.791668 14.110486 0.123588
endloop
endfacet
facet normal -0.084723 0.763382 0.640367
outer loop
vertex 5.561929 13.496987 0.692241
vertex 6.791668 14.110486 0.123588
vertex 6.024116 14.110486 0.022038
endloop
endfacet
facet normal -0.492172 0.801048 0.340719
outer loop
vertex 6.323149 13.496987 0.543469
vertex 6.764627 13.496987 1.181189
vertex 7.379678 14.110486 0.627267
endloop
endfacet
facet normal -0.456205 0.712900 0.532588
outer loop
vertex 6.323149 13.496987 0.543469
vertex 7.379678 14.110486 0.627267
vertex 6.791668 14.110486 0.123588
endloop
endfacet
facet normal -0.433461 0.807586 0.399895
outer loop
vertex 6.764627 13.496987 1.181189
vertex 7.290559 13.496987 1.751264
vertex 7.913756 14.110486 1.187811
endloop
endfacet
facet normal -0.431220 0.803271 0.410860
outer loop
vertex 6.764627 13.496987 1.181189
vertex 7.913756 14.110486 1.187811
vertex 7.379678 14.110486 0.627267
endloop
endfacet
facet normal -0.356599 0.804303 0.475326
outer loop
vertex 7.290559 13.496987 1.751264
vertex 7.910991 13.496987 2.216725
vertex 8.536484 14.110486 1.647874
endloop
endfacet
facet normal -0.354997 0.801925 0.480514
outer loop
vertex 7.290559 13.496987 1.751264
vertex 8.536484 14.110486 1.647874
vertex 7.913756 14.110486 1.187811
endloop
endfacet
facet normal -0.320395 0.836303 0.444909
outer loop
vertex 7.910991 13.496987 2.216725
vertex 8.540394 13.496987 2.669981
vertex 9.222050 14.110486 2.007661
endloop
endfacet
facet normal -0.284043 0.791443 0.541237
outer loop
vertex 7.910991 13.496987 2.216725
vertex 9.222050 14.110486 2.007661
vertex 8.536484 14.110486 1.647874
endloop
endfacet
facet normal -0.081580 0.749691 0.656740
outer loop
vertex 8.540394 13.496987 2.669981
vertex 9.310101 13.496987 2.765594
vertex 9.983301 14.110486 2.148889
endloop
endfacet
facet normal -0.113167 0.784280 0.609999
outer loop
vertex 8.540394 13.496987 2.669981
vertex 9.983301 14.110486 2.148889
vertex 9.222050 14.110486 2.007661
endloop
endfacet
facet normal -0.299257 0.894709 0.331575
outer loop
vertex 9.310101 13.496987 2.765594
vertex 9.885891 13.496987 3.285263
vertex 10.721101 14.110486 2.383623
endloop
endfacet
facet normal -0.185695 0.790478 0.583662
outer loop
vertex 9.310101 13.496987 2.765594
vertex 10.721101 14.110486 2.383623
vertex 9.983301 14.110486 2.148889
endloop
endfacet
facet normal 0.166697 0.723279 0.670134
outer loop
vertex 9.885891 13.496987 3.285263
vertex 10.638576 13.496987 3.098031
vertex 11.479283 14.110486 2.226752
endloop
endfacet
facet normal 0.132075 0.758340 0.638339
outer loop
vertex 9.885891 13.496987 3.285263
vertex 11.479283 14.110486 2.226752
vertex 10.721101 14.110486 2.383623
endloop
endfacet
facet normal -0.049058 0.887185 0.458798
outer loop
vertex 10.638576 13.496987 3.098031
vertex 11.409802 13.496987 3.180496
vertex 12.240049 14.110486 2.082939
endloop
endfacet
facet normal 0.122432 0.752025 0.647664
outer loop
vertex 10.638576 13.496987 3.098031
vertex 12.240049 14.110486 2.082939
vertex 11.479283 14.110486 2.226752
endloop
endfacet
facet normal 0.158686 0.843087 0.513831
outer loop
vertex 11.409802 13.496987 3.180496
vertex 12.150888 13.496987 2.951628
vertex 12.917576 14.110486 1.708232
endloop
endfacet
facet normal 0.357841 0.673277 0.647030
outer loop
vertex 11.409802 13.496987 3.180496
vertex 12.917576 14.110486 1.708232
vertex 12.240049 14.110486 2.082939
endloop
endfacet
facet normal 0.132104 0.887697 0.441070
outer loop
vertex 12.150888 13.496987 2.951628
vertex 12.893900 13.496987 2.729089
vertex 13.570276 14.110486 1.291781
endloop
endfacet
facet normal 0.373487 0.719624 0.585362
outer loop
vertex 12.150888 13.496987 2.951628
vertex 13.570276 14.110486 1.291781
vertex 12.917576 14.110486 1.708232
endloop
endfacet
facet normal 0.061758 0.906714 0.417199
outer loop
vertex 12.893900 13.496987 2.729089
vertex 13.661161 13.496987 2.615511
vertex 14.336718 14.110486 1.182167
endloop
endfacet
facet normal 0.059409 0.907698 0.415398
outer loop
vertex 12.893900 13.496987 2.729089
vertex 14.336718 14.110486 1.182167
vertex 13.570276 14.110486 1.291781
endloop
endfacet
facet normal 0.051777 0.839081 0.541537
outer loop
vertex 13.661161 13.496987 2.615511
vertex 14.433262 13.496987 2.541690
vertex 15.026187 14.110486 1.534417
endloop
endfacet
facet normal -0.164339 0.932483 0.321666
outer loop
vertex 13.661161 13.496987 2.615511
vertex 15.026187 14.110486 1.534417
vertex 14.336718 14.110486 1.182167
endloop
endfacet
facet normal 0.000680 0.536534 0.843879
outer loop
vertex 14.433262 13.496987 2.541690
vertex 15.208884 13.496987 2.541065
vertex 15.494750 14.110486 2.150775
endloop
endfacet
facet normal -0.392763 0.869819 0.298583
outer loop
vertex 14.433262 13.496987 2.541690
vertex 15.494750 14.110486 2.150775
vertex 15.026187 14.110486 1.534417
endloop
endfacet
facet normal -0.605374 0.356735 0.711521
outer loop
vertex 15.208884 13.496987 2.541065
vertex 15.799623 13.496987 3.043675
vertex 15.892452 14.110486 2.815065
endloop
endfacet
facet normal -0.694120 0.587799 0.415560
outer loop
vertex 15.208884 13.496987 2.541065
vertex 15.892452 14.110486 2.815065
vertex 15.494750 14.110486 2.150775
endloop
endfacet
facet normal -0.459374 0.255382 0.850738
outer loop
vertex 15.799623 13.496987 3.043675
vertex 16.482106 13.496987 3.412196
vertex 16.530235 14.110486 3.254019
endloop
endfacet
facet normal -0.527708 0.365560 0.766740
outer loop
vertex 15.799623 13.496987 3.043675
vertex 16.530235 14.110486 3.254019
vertex 15.892452 14.110486 2.815065
endloop
endfacet
facet normal 0.530234 0.225502 0.817313
outer loop
vertex 16.482106 13.496987 3.412196
vertex 17.132792 13.496987 2.990062
vertex 17.159759 14.110486 2.803299
endloop
endfacet
facet normal 0.574474 0.161805 0.802371
outer loop
vertex 16.482106 13.496987 3.412196
vertex 17.159759 14.110486 2.803299
vertex 16.530235 14.110486 3.254019
endloop
endfacet
facet normal 0.773909 0.207827 0.598224
outer loop
vertex 17.132792 13.496987 2.990062
vertex 17.607145 13.496987 2.376402
vertex 17.603072 14.110486 2.168538
endloop
endfacet
facet normal 0.812124 0.136966 0.567182
outer loop
vertex 17.132792 13.496987 2.990062
vertex 17.603072 14.110486 2.168538
vertex 17.159759 14.110486 2.803299
endloop
endfacet
facet normal 0.835218 0.188088 0.516753
outer loop
vertex 17.607145 13.496987 2.376402
vertex 18.015234 13.496987 1.716816
vertex 18.006464 14.110486 1.507688
endloop
endfacet
facet normal 0.839723 0.179246 0.512579
outer loop
vertex 17.607145 13.496987 2.376402
vertex 18.006464 14.110486 1.507688
vertex 17.603072 14.110486 2.168538
endloop
endfacet
facet normal -0.542320 -0.547915 0.636928
outer loop
vertex 1.548452 14.110486 0.006703
vertex 2.137951 14.110486 0.508639
vertex 1.951726 14.723986 0.877837
endloop
endfacet
facet normal -0.733304 -0.347647 0.584300
outer loop
vertex 1.548452 14.110486 0.006703
vertex 1.951726 14.723986 0.877837
vertex 1.475447 14.723986 0.280100
endloop
endfacet
facet normal -0.811721 -0.333964 0.479142
outer loop
vertex 2.137951 14.110486 0.508639
vertex 2.531518 14.110486 1.175387
vertex 2.447046 14.723986 1.459893
endloop
endfacet
facet normal -0.646918 -0.527664 0.550516
outer loop
vertex 2.137951 14.110486 0.508639
vertex 2.447046 14.723986 1.459893
vertex 1.951726 14.723986 0.877837
endloop
endfacet
facet normal -0.879815 -0.143576 0.453112
outer loop
vertex 2.531518 14.110486 1.175387
vertex 2.886009 14.110486 1.863707
vertex 2.896341 14.723986 2.078168
endloop
endfacet
facet normal -0.755194 -0.358481 0.548793
outer loop
vertex 2.531518 14.110486 1.175387
vertex 2.896341 14.723986 2.078168
vertex 2.447046 14.723986 1.459893
endloop
endfacet
facet normal -0.745747 0.271451 0.608421
outer loop
vertex 2.886009 14.110486 1.863707
vertex 3.375450 14.110486 2.463620
vertex 3.573467 14.723986 2.432613
endloop
endfacet
facet normal -0.443970 -0.289011 0.848153
outer loop
vertex 2.886009 14.110486 1.863707
vertex 3.573467 14.723986 2.432613
vertex 2.896341 14.723986 2.078168
endloop
endfacet
facet normal 0.016674 0.640104 0.768108
outer loop
vertex 3.375450 14.110486 2.463620
vertex 4.149508 14.110486 2.446817
vertex 4.153957 14.723986 1.935460
endloop
endfacet
facet normal 0.641115 -0.169096 0.748584
outer loop
vertex 3.375450 14.110486 2.463620
vertex 4.153957 14.723986 1.935460
vertex 3.573467 14.723986 2.432613
endloop
endfacet
facet normal 0.611112 0.595546 0.521408
outer loop
vertex 4.149508 14.110486 2.446817
vertex 4.652041 14.110486 1.857827
vertex 4.547126 14.723986 1.280060
endloop
endfacet
facet normal 0.789907 0.389237 0.473858
outer loop
vertex 4.149508 14.110486 2.446817
vertex 4.547126 14.723986 1.280060
vertex 4.153957 14.723986 1.935460
endloop
endfacet
facet normal 0.681751 0.610432 0.403223
outer loop
vertex 4.652041 14.110486 1.857827
vertex 5.046188 14.110486 1.191421
vertex 4.857521 14.723986 0.581644
endloop
endfacet
facet normal 0.804495 0.474292 0.357539
outer loop
vertex 4.652041 14.110486 1.857827
vertex 4.857521 14.723986 0.581644
vertex 4.547126 14.723986 1.280060
endloop
endfacet
facet normal -0.125997 0.277836 0.952330
outer loop
vertex 6.024116 14.110486 0.022038
vertex 6.791668 14.110486 0.123588
vertex 6.937002 14.723986 -0.036168
endloop
endfacet
facet normal -0.441721 0.734137 0.515679
outer loop
vertex 6.791668 14.110486 0.123588
vertex 7.379678 14.110486 0.627267
vertex 7.698663 14.723986 0.027106
endloop
endfacet
facet normal -0.079741 0.268844 0.959877
outer loop
vertex 6.791668 14.110486 0.123588
vertex 7.698663 14.723986 0.027106
vertex 6.937002 14.723986 -0.036168
endloop
endfacet
facet normal -0.383348 0.848315 0.365248
outer loop
vertex 7.379678 14.110486 0.627267
vertex 7.913756 14.110486 1.187811
vertex 8.416211 14.723986 0.290270
endloop
endfacet
facet normal -0.231912 0.739168 0.632335
outer loop
vertex 7.379678 14.110486 0.627267
vertex 8.416211 14.723986 0.290270
vertex 7.698663 14.723986 0.027106
endloop
endfacet
facet normal -0.273881 0.887444 0.370718
outer loop
vertex 7.913756 14.110486 1.187811
vertex 8.536484 14.110486 1.647874
vertex 9.112707 14.723986 0.604951
endloop
endfacet
facet normal -0.211483 0.858005 0.468084
outer loop
vertex 7.913756 14.110486 1.187811
vertex 9.112707 14.723986 0.604951
vertex 8.416211 14.723986 0.290270
endloop
endfacet
facet normal -0.199423 0.903235 0.379996
outer loop
vertex 8.536484 14.110486 1.647874
vertex 9.222050 14.110486 2.007661
vertex 9.830111 14.723986 0.868507
endloop
endfacet
facet normal -0.159322 0.886872 0.433676
outer loop
vertex 8.536484 14.110486 1.647874
vertex 9.830111 14.723986 0.868507
vertex 9.112707 14.723986 0.604951
endloop
endfacet
facet normal -0.076467 0.907890 0.412175
outer loop
vertex 9.222050 14.110486 2.007661
vertex 9.983301 14.110486 2.148889
vertex 10.593230 14.723986 0.910699
endloop
endfacet
facet normal -0.025619 0.885792 0.463375
outer loop
vertex 9.222050 14.110486 2.007661
vertex 10.593230 14.723986 0.910699
vertex 9.830111 14.723986 0.868507
endloop
endfacet
facet normal -0.101849 0.941885 0.320123
outer loop
vertex 9.983301 14.110486 2.148889
vertex 10.721101 14.110486 2.383623
vertex 11.345782 14.723986 0.777296
endloop
endfacet
facet normal 0.084276 0.875716 0.475415
outer loop
vertex 9.983301 14.110486 2.148889
vertex 11.345782 14.723986 0.777296
vertex 10.593230 14.723986 0.910699
endloop
endfacet
facet normal 0.071029 0.936539 0.343291
outer loop
vertex 10.721101 14.110486 2.383623
vertex 11.479283 14.110486 2.226752
vertex 12.031063 14.723986 0.438888
endloop
endfacet
facet normal 0.206494 0.884595 0.418153
outer loop
vertex 10.721101 14.110486 2.383623
vertex 12.031063 14.723986 0.438888
vertex 11.345782 14.723986 0.777296
endloop
endfacet
facet normal 0.060425 0.945609 0.319645
outer loop
vertex 11.479283 14.110486 2.226752
vertex 12.240049 14.110486 2.082939
vertex 12.747284 14.723986 0.172132
endloop
endfacet
facet normal 0.133434 0.924037 0.358261
outer loop
vertex 11.479283 14.110486 2.226752
vertex 12.747284 14.723986 0.172132
vertex 12.031063 14.723986 0.438888
endloop
endfacet
facet normal 0.216402 0.894463 0.391288
outer loop
vertex 12.240049 14.110486 2.082939
vertex 12.917576 14.110486 1.708232
vertex 13.489436 14.723986 -0.010464
endloop
endfacet
facet normal 0.079676 0.942752 0.323838
outer loop
vertex 12.240049 14.110486 2.082939
vertex 13.489436 14.723986 -0.010464
vertex 12.747284 14.723986 0.172132
endloop
endfacet
facet normal 0.360439 0.742265 0.564912
outer loop
vertex 12.917576 14.110486 1.708232
vertex 13.570276 14.110486 1.291781
vertex 14.251229 14.723986 0.051197
endloop
endfacet
facet normal -0.026566 0.944231 0.328210
outer loop
vertex 12.917576 14.110486 1.708232
vertex 14.251229 14.723986 0.051197
vertex 13.489436 14.723986 -0.010464
endloop
endfacet
facet normal 0.116784 0.565301 0.816576
outer loop
vertex 13.570276 14.110486 1.291781
vertex 14.336718 14.110486 1.182167
vertex 14.628857 14.723986 0.715672
endloop
endfacet
facet normal -0.394461 0.891148 0.224176
outer loop
vertex 13.570276 14.110486 1.291781
vertex 14.628857 14.723986 0.715672
vertex 14.251229 14.723986 0.051197
endloop
endfacet
facet normal -0.446633 0.190462 0.874210
outer loop
vertex 14.336718 14.110486 1.182167
vertex 15.026187 14.110486 1.534417
vertex 14.996628 14.723986 1.385654
endloop
endfacet
facet normal -0.690097 0.616657 0.378814
outer loop
vertex 14.336718 14.110486 1.182167
vertex 14.996628 14.723986 1.385654
vertex 14.628857 14.723986 0.715672
endloop
endfacet
facet normal -0.792769 -0.091128 0.602672
outer loop
vertex 15.026187 14.110486 1.534417
vertex 15.494750 14.110486 2.150775
vertex 15.355541 14.723986 2.060422
endloop
endfacet
facet normal -0.880638 0.071153 0.468417
outer loop
vertex 15.026187 14.110486 1.534417
vertex 15.355541 14.723986 2.060422
vertex 14.996628 14.723986 1.385654
endloop
endfacet
facet normal -0.856943 -0.049373 0.513041
outer loop
vertex 15.494750 14.110486 2.150775
vertex 15.892452 14.110486 2.815065
vertex 15.784153 14.723986 2.693211
endloop
endfacet
facet normal -0.823400 -0.104699 0.557719
outer loop
vertex 15.494750 14.110486 2.150775
vertex 15.784153 14.723986 2.693211
vertex 15.355541 14.723986 2.060422
endloop
endfacet
facet normal -0.548862 0.250568 0.797475
outer loop
vertex 15.892452 14.110486 2.815065
vertex 16.530235 14.110486 3.254019
vertex 16.473878 14.723986 3.022468
endloop
endfacet
facet normal -0.428529 0.102651 0.897678
outer loop
vertex 15.892452 14.110486 2.815065
vertex 16.473878 14.723986 3.022468
vertex 15.784153 14.723986 2.693211
endloop
endfacet
facet normal 0.540410 0.371812 0.754793
outer loop
vertex 16.530235 14.110486 3.254019
vertex 17.159759 14.110486 2.803299
vertex 17.080636 14.723986 2.557737
endloop
endfacet
facet normal 0.572935 0.334958 0.748030
outer loop
vertex 16.530235 14.110486 3.254019
vertex 17.080636 14.723986 2.557737
vertex 16.473878 14.723986 3.022468
endloop
endfacet
facet normal 0.775202 0.325503 0.541396
outer loop
vertex 17.159759 14.110486 2.803299
vertex 17.603072 14.110486 2.168538
vertex 17.513542 14.723986 1.927878
endloop
endfacet
facet normal 0.781903 0.315946 0.537406
outer loop
vertex 17.159759 14.110486 2.803299
vertex 17.513542 14.723986 1.927878
vertex 17.080636 14.723986 2.557737
endloop
endfacet
facet normal 0.795134 0.363575 0.485361
outer loop
vertex 17.603072 14.110486 2.168538
vertex 18.006464 14.110486 1.507688
vertex 17.879143 14.723986 1.256709
endloop
endfacet
facet normal 0.837401 0.301141 0.456151
outer loop
vertex 17.603072 14.110486 2.168538
vertex 17.879143 14.723986 1.256709
vertex 17.513542 14.723986 1.927878
endloop
endfacet
facet normal -0.778760 -0.092128 0.620520
outer loop
vertex 1.475447 14.723986 0.280100
vertex 1.951726 14.723986 0.877837
vertex 1.902245 15.337485 0.906822
endloop
endfacet
facet normal -0.812157 -0.030215 0.582656
outer loop
vertex 1.475447 14.723986 0.280100
vertex 1.902245 15.337485 0.906822
vertex 1.460108 15.337485 0.290534
endloop
endfacet
facet normal -0.715341 -0.343102 0.608743
outer loop
vertex 1.951726 14.723986 0.877837
vertex 2.447046 14.723986 1.459893
vertex 2.253990 15.337485 1.578813
endloop
endfacet
facet normal -0.882131 -0.092963 0.461740
outer loop
vertex 1.951726 14.723986 0.877837
vertex 2.253990 15.337485 1.578813
vertex 1.902245 15.337485 0.906822
endloop
endfacet
facet normal -0.756505 -0.354232 0.549746
outer loop
vertex 2.447046 14.723986 1.459893
vertex 2.896341 14.723986 2.078168
vertex 2.694758 15.337485 2.196081
endloop
endfacet
facet normal -0.763563 -0.345966 0.545232
outer loop
vertex 2.447046 14.723986 1.459893
vertex 2.694758 15.337485 2.196081
vertex 2.253990 15.337485 1.578813
endloop
endfacet
facet normal -0.461768 -0.092609 0.882153
outer loop
vertex 2.896341 14.723986 2.078168
vertex 3.573467 14.723986 2.432613
vertex 3.420388 15.337485 2.416889
endloop
endfacet
facet normal -0.280371 -0.269209 0.921368
outer loop
vertex 2.896341 14.723986 2.078168
vertex 3.420388 15.337485 2.416889
vertex 2.694758 15.337485 2.196081
endloop
endfacet
facet normal 0.619359 0.305622 0.723180
outer loop
vertex 3.573467 14.723986 2.432613
vertex 4.153957 14.723986 1.935460
vertex 3.937255 15.337485 1.861782
endloop
endfacet
facet normal 0.717643 0.196190 0.668205
outer loop
vertex 3.573467 14.723986 2.432613
vertex 3.937255 15.337485 1.861782
vertex 3.420388 15.337485 2.416889
endloop
endfacet
facet normal 0.774412 0.429495 0.464564
outer loop
vertex 4.153957 14.723986 1.935460
vertex 4.547126 14.723986 1.280060
vertex 4.267515 15.337485 1.178975
endloop
endfacet
facet normal 0.844214 0.347233 0.408328
outer loop
vertex 4.153957 14.723986 1.935460
vertex 4.267515 15.337485 1.178975
vertex 3.937255 15.337485 1.861782
endloop
endfacet
facet normal -0.329460 0.290678 0.898311
outer loop
vertex 7.698663 14.723986 0.027106
vertex 8.416211 14.723986 0.290270
vertex 8.279214 15.337485 0.041508
endloop
endfacet
facet normal -0.323612 0.618255 0.716265
outer loop
vertex 8.416211 14.723986 0.290270
vertex 9.112707 14.723986 0.604951
vertex 9.037697 15.337485 0.041509
endloop
endfacet
facet normal -0.000001 0.375765 0.926715
outer loop
vertex 8.416211 14.723986 0.290270
vertex 9.037697 15.337485 0.041509
vertex 8.279214 15.337485 0.041508
endloop
endfacet
facet normal -0.215830 0.779916 0.587493
outer loop
vertex 9.112707 14.723986 0.604951
vertex 9.830111 14.723986 0.868507
vertex 9.796180 15.337485 0.041601
endloop
endfacet
facet normal -0.000089 0.676415 0.736521
outer loop
vertex 9.112707 14.723986 0.604951
vertex 9.796180 15.337485 0.041601
vertex 9.037697 15.337485 0.041509
endloop
endfacet
facet normal -0.031921 0.815868 0.577357
outer loop
vertex 9.830111 14.723986 0.868507
vertex 10.593230 14.723986 0.910699
vertex 10.554663 15.337485 0.041625
endloop
endfacet
facet normal -0.000019 0.803103 0.595840
outer loop
vertex 9.830111 14.723986 0.868507
vertex 10.554663 15.337485 0.041625
vertex 9.796180 15.337485 0.041601
endloop
endfacet
facet normal 0.112285 0.765620 0.633418
outer loop
vertex 10.593230 14.723986 0.910699
vertex 11.345782 14.723986 0.777296
vertex 11.313145 15.337485 0.041538
endloop
endfacet
facet normal 0.000066 0.816954 0.576703
outer loop
vertex 10.593230 14.723986 0.910699
vertex 11.313145 15.337485 0.041538
vertex 10.554663 15.337485 0.041625
endloop
endfacet
facet normal 0.387724 0.482924 0.785147
outer loop
vertex 11.345782 14.723986 0.777296
vertex 12.031063 14.723986 0.438888
vertex 12.071628 15.337485 0.041508
endloop
endfacet
facet normal 0.000025 0.768033 0.640410
outer loop
vertex 11.345782 14.723986 0.777296
vertex 12.071628 15.337485 0.041508
vertex 11.313145 15.337485 0.041538
endloop
endfacet
facet normal 0.345043 0.150665 0.926415
outer loop
vertex 12.031063 14.723986 0.438888
vertex 12.747284 14.723986 0.172132
vertex 12.830111 15.337485 0.041508
endloop
endfacet
facet normal 0.000000 0.543646 0.839315
outer loop
vertex 12.031063 14.723986 0.438888
vertex 12.830111 15.337485 0.041508
vertex 12.071628 15.337485 0.041508
endloop
endfacet
facet normal -0.853860 -0.226353 0.468708
outer loop
vertex 14.628857 14.723986 0.715672
vertex 14.996628 14.723986 1.385654
vertex 14.974879 15.337485 1.642309
endloop
endfacet
facet normal -0.892210 -0.143542 0.428202
outer loop
vertex 14.628857 14.723986 0.715672
vertex 14.974879 15.337485 1.642309
vertex 14.646697 15.337485 0.958501
endloop
endfacet
facet normal -0.846789 -0.282978 0.450412
outer loop
vertex 14.996628 14.723986 1.385654
vertex 15.355541 14.723986 2.060422
vertex 15.294098 15.337485 2.330346
endloop
endfacet
facet normal -0.888075 -0.203854 0.412028
outer loop
vertex 14.996628 14.723986 1.385654
vertex 15.294098 15.337485 2.330346
vertex 14.974879 15.337485 1.642309
endloop
endfacet
facet normal -0.798981 -0.262211 0.541179
outer loop
vertex 15.355541 14.723986 2.060422
vertex 15.784153 14.723986 2.693211
vertex 15.748420 15.337485 2.937707
endloop
endfacet
facet normal -0.757269 -0.325069 0.566457
outer loop
vertex 15.355541 14.723986 2.060422
vertex 15.748420 15.337485 2.937707
vertex 15.294098 15.337485 2.330346
endloop
endfacet
facet normal -0.430729 -0.018685 0.902288
outer loop
vertex 15.784153 14.723986 2.693211
vertex 16.473878 14.723986 3.022468
vertex 16.498966 15.337485 3.047149
endloop
endfacet
facet normal -0.133843 -0.373597 0.917884
outer loop
vertex 15.784153 14.723986 2.693211
vertex 16.498966 15.337485 3.047149
vertex 15.748420 15.337485 2.937707
endloop
endfacet
facet normal 0.606624 0.068690 0.792016
outer loop
vertex 16.473878 14.723986 3.022468
vertex 17.080636 14.723986 2.557737
vertex 17.051125 15.337485 2.527134
endloop
endfacet
facet normal 0.684476 -0.057228 0.726786
outer loop
vertex 16.473878 14.723986 3.022468
vertex 17.051125 15.337485 2.527134
vertex 16.498966 15.337485 3.047149
endloop
endfacet
facet normal 0.822281 0.066701 0.565159
outer loop
vertex 17.080636 14.723986 2.557737
vertex 17.513542 14.723986 1.927878
vertex 17.481274 15.337485 1.902420
endloop
endfacet
facet normal 0.821744 0.067754 0.565815
outer loop
vertex 17.080636 14.723986 2.557737
vertex 17.481274 15.337485 1.902420
vertex 17.051125 15.337485 2.527134
endloop
endfacet
facet normal 0.866447 0.162821 0.471973
outer loop
vertex 17.513542 14.723986 1.927878
vertex 17.879143 14.723986 1.256709
vertex 17.789606 15.337485 1.209435
endloop
endfacet
facet normal 0.911726 0.064787 0.405657
outer loop
vertex 17.513542 14.723986 1.927878
vertex 17.789606 15.337485 1.209435
vertex 17.481274 15.337485 1.902420
endloop
endfacet
facet normal -0.692349 -0.523392 0.496704
outer loop
vertex 1.460108 15.337485 0.290534
vertex 1.902245 15.337485 0.906822
vertex 1.642768 15.950984 1.191604
endloop
endfacet
facet normal -0.847977 -0.342120 0.404832
outer loop
vertex 1.460108 15.337485 0.290534
vertex 1.642768 15.950984 1.191604
vertex 1.323441 15.950984 0.522729
endloop
endfacet
facet normal -0.793838 -0.444028 0.415524
outer loop
vertex 1.902245 15.337485 0.906822
vertex 2.253990 15.337485 1.578813
vertex 2.036766 15.950984 1.819402
endloop
endfacet
facet normal -0.724706 -0.517633 0.454816
outer loop
vertex 1.902245 15.337485 0.906822
vertex 2.036766 15.950984 1.819402
vertex 1.642768 15.950984 1.191604
endloop
endfacet
facet normal -0.808468 -0.114490 0.577297
outer loop
vertex 2.253990 15.337485 1.578813
vertex 2.694758 15.337485 2.196081
vertex 2.643201 15.950984 2.245548
endloop
endfacet
facet normal -0.509177 -0.464440 0.724593
outer loop
vertex 2.253990 15.337485 1.578813
vertex 2.643201 15.950984 2.245548
vertex 2.036766 15.950984 1.819402
endloop
endfacet
facet normal -0.233039 0.599340 0.765823
outer loop
vertex 2.694758 15.337485 2.196081
vertex 3.420388 15.337485 2.416889
vertex 3.298785 15.950984 1.899755
endloop
endfacet
facet normal 0.466297 -0.032095 0.884046
outer loop
vertex 2.694758 15.337485 2.196081
vertex 3.298785 15.950984 1.899755
vertex 2.643201 15.950984 2.245548
endloop
endfacet
facet normal 0.548254 0.662436 0.510485
outer loop
vertex 3.420388 15.337485 2.416889
vertex 3.937255 15.337485 1.861782
vertex 3.725146 15.950984 1.293471
endloop
endfacet
facet normal 0.686770 0.543227 0.482961
outer loop
vertex 3.420388 15.337485 2.416889
vertex 3.725146 15.950984 1.293471
vertex 3.298785 15.950984 1.899755
endloop
endfacet
facet normal 0.755047 0.544549 0.365200
outer loop
vertex 3.937255 15.337485 1.861782
vertex 4.267515 15.337485 1.178975
vertex 4.083488 15.950984 0.644661
endloop
endfacet
facet normal 0.700121 0.600257 0.386681
outer loop
vertex 3.937255 15.337485 1.861782
vertex 4.083488 15.950984 0.644661
vertex 3.725146 15.950984 1.293471
endloop
endfacet
facet normal -0.898662 -0.079932 0.431298
outer loop
vertex 14.646697 15.337485 0.958501
vertex 14.974879 15.337485 1.642309
vertex 14.812147 15.950984 1.416937
endloop
endfacet
facet normal -0.893744 -0.087701 0.439920
outer loop
vertex 14.646697 15.337485 0.958501
vertex 14.812147 15.950984 1.416937
vertex 14.484821 15.950984 0.751940
endloop
endfacet
facet normal -0.907099 0.007246 0.420854
outer loop
vertex 14.974879 15.337485 1.642309
vertex 15.294098 15.337485 2.330346
vertex 15.175057 15.950984 2.063204
endloop
endfacet
facet normal -0.870780 -0.051346 0.488984
outer loop
vertex 14.974879 15.337485 1.642309
vertex 15.175057 15.950984 2.063204
vertex 14.812147 15.950984 1.416937
endloop
endfacet
facet normal -0.768725 0.280010 0.575026
outer loop
vertex 15.294098 15.337485 2.330346
vertex 15.748420 15.337485 2.937707
vertex 15.705204 15.950984 2.581189
endloop
endfacet
facet normal -0.688293 0.173193 0.704455
outer loop
vertex 15.294098 15.337485 2.330346
vertex 15.705204 15.950984 2.581189
vertex 15.175057 15.950984 2.063204
endloop
endfacet
facet normal -0.119122 0.564302 0.816929
outer loop
vertex 15.748420 15.337485 2.937707
vertex 16.498966 15.337485 3.047149
vertex 16.445596 15.950984 2.615587
endloop
endfacet
facet normal -0.040194 0.499920 0.865138
outer loop
vertex 15.748420 15.337485 2.937707
vertex 16.445596 15.950984 2.615587
vertex 15.705204 15.950984 2.581189
endloop
endfacet
facet normal 0.610327 0.455552 0.648053
outer loop
vertex 16.498966 15.337485 3.047149
vertex 17.051125 15.337485 2.527134
vertex 17.009737 15.950984 2.134850
endloop
endfacet
facet normal 0.558171 0.509320 0.655010
outer loop
vertex 16.498966 15.337485 3.047149
vertex 17.009737 15.950984 2.134850
vertex 16.445596 15.950984 2.615587
endloop
endfacet
facet normal 0.745496 0.425141 0.513314
outer loop
vertex 17.051125 15.337485 2.527134
vertex 17.481274 15.337485 1.902420
vertex 17.403669 15.950984 1.507011
endloop
endfacet
facet normal 0.787298 0.368975 0.493983
outer loop
vertex 17.051125 15.337485 2.527134
vertex 17.403669 15.950984 1.507011
vertex 17.009737 15.950984 2.134850
endloop
endfacet
facet normal 0.844943 0.380443 0.375943
outer loop
vertex 17.481274 15.337485 1.902420
vertex 17.789606 15.337485 1.209435
vertex 17.685907 15.950984 0.821660
endloop
endfacet
facet normal 0.869338 0.340708 0.358006
outer loop
vertex 17.481274 15.337485 1.902420
vertex 17.685907 15.950984 0.821660
vertex 17.403669 15.950984 1.507011
endloop
endfacet
facet normal -0.588409 -0.282407 0.757642
outer loop
vertex 0.738056 15.950984 0.068100
vertex 1.323441 15.950984 0.522729
vertex 1.193703 16.564484 0.650648
endloop
endfacet
facet normal -0.754894 -0.059528 0.653140
outer loop
vertex 0.738056 15.950984 0.068100
vertex 1.193703 16.564484 0.650648
vertex 0.718744 16.564484 0.101695
endloop
endfacet
facet normal -0.882530 -0.208861 0.421328
outer loop
vertex 1.323441 15.950984 0.522729
vertex 1.642768 15.950984 1.191604
vertex 1.543089 16.564484 1.286937
endloop
endfacet
facet normal -0.842821 -0.274730 0.462793
outer loop
vertex 1.323441 15.950984 0.522729
vertex 1.543089 16.564484 1.286937
vertex 1.193703 16.564484 0.650648
endloop
endfacet
facet normal -0.825147 -0.225751 0.517851
outer loop
vertex 1.642768 15.950984 1.191604
vertex 2.036766 15.950984 1.819402
vertex 1.922960 16.564484 1.905511
endloop
endfacet
facet normal -0.832282 -0.214648 0.511110
outer loop
vertex 1.642768 15.950984 1.191604
vertex 1.922960 16.564484 1.905511
vertex 1.543089 16.564484 1.286937
endloop
endfacet
facet normal -0.566957 0.166148 0.806818
outer loop
vertex 2.036766 15.950984 1.819402
vertex 2.643201 15.950984 2.245548
vertex 2.621258 16.564484 2.103791
endloop
endfacet
facet normal -0.268559 -0.182569 0.945804
outer loop
vertex 2.036766 15.950984 1.819402
vertex 2.621258 16.564484 2.103791
vertex 1.922960 16.564484 1.905511
endloop
endfacet
facet normal 0.383758 0.568668 0.727562
outer loop
vertex 2.643201 15.950984 2.245548
vertex 3.298785 15.950984 1.899755
vertex 3.075828 16.564484 1.537840
endloop
endfacet
facet normal 0.768295 0.170066 0.617091
outer loop
vertex 2.643201 15.950984 2.245548
vertex 3.075828 16.564484 1.537840
vertex 2.621258 16.564484 2.103791
endloop
endfacet
facet normal 0.643565 0.617250 0.452578
outer loop
vertex 3.298785 15.950984 1.899755
vertex 3.725146 15.950984 1.293471
vertex 3.415885 16.564484 0.896515
endloop
endfacet
facet normal 0.758441 0.512872 0.402157
outer loop
vertex 3.298785 15.950984 1.899755
vertex 3.415885 16.564484 0.896515
vertex 3.075828 16.564484 1.537840
endloop
endfacet
facet normal -0.846419 -0.331658 0.416626
outer loop
vertex 14.484821 15.950984 0.751940
vertex 14.812147 15.950984 1.416937
vertex 14.546065 16.564484 1.364742
endloop
endfacet
facet normal -0.863141 -0.311118 0.397735
outer loop
vertex 14.484821 15.950984 0.751940
vertex 14.546065 16.564484 1.364742
vertex 14.242271 16.564484 0.705466
endloop
endfacet
facet normal -0.856685 -0.186183 0.481069
outer loop
vertex 14.812147 15.950984 1.416937
vertex 15.175057 15.950984 2.063204
vertex 14.977377 16.564484 1.948613
endloop
endfacet
facet normal -0.770775 -0.285854 0.569380
outer loop
vertex 14.812147 15.950984 1.416937
vertex 14.977377 16.564484 1.948613
vertex 14.546065 16.564484 1.364742
endloop
endfacet
facet normal -0.595840 0.522570 0.609831
outer loop
vertex 15.175057 15.950984 2.063204
vertex 15.705204 15.950984 2.581189
vertex 15.696575 16.564484 2.047044
endloop
endfacet
facet normal -0.134264 0.139974 0.981010
outer loop
vertex 15.175057 15.950984 2.063204
vertex 15.696575 16.564484 2.047044
vertex 14.977377 16.564484 1.948613
endloop
endfacet
facet normal -0.037835 0.579098 0.814380
outer loop
vertex 15.705204 15.950984 2.581189
vertex 16.445596 15.950984 2.615587
vertex 16.410621 16.564484 2.177708
endloop
endfacet
facet normal -0.136887 0.649368 0.748053
outer loop
vertex 15.705204 15.950984 2.581189
vertex 16.410621 16.564484 2.177708
vertex 15.696575 16.564484 2.047044
endloop
endfacet
facet normal 0.634151 0.209909 0.744171
outer loop
vertex 16.445596 15.950984 2.615587
vertex 17.009737 15.950984 2.134850
vertex 17.081552 16.564484 1.900602
endloop
endfacet
facet normal 0.315458 0.563129 0.763788
outer loop
vertex 16.445596 15.950984 2.615587
vertex 17.081552 16.564484 1.900602
vertex 16.410621 16.564484 2.177708
endloop
endfacet
facet normal 0.845411 0.062524 0.530445
outer loop
vertex 17.009737 15.950984 2.134850
vertex 17.403669 15.950984 1.507011
vertex 17.488499 16.564484 1.299496
endloop
endfacet
facet normal 0.822459 0.116325 0.556803
outer loop
vertex 17.009737 15.950984 2.134850
vertex 17.488499 16.564484 1.299496
vertex 17.081552 16.564484 1.900602
endloop
endfacet
facet normal -0.749634 0.131840 0.648589
outer loop
vertex 0.718744 16.564484 0.101695
vertex 1.193703 16.564484 0.650648
vertex 1.254206 17.177983 0.595869
endloop
endfacet
facet normal -0.689363 0.018345 0.724184
outer loop
vertex 0.718744 16.564484 0.101695
vertex 1.254206 17.177983 0.595869
vertex 0.724924 17.177983 0.092037
endloop
endfacet
facet normal -0.872549 0.095418 0.479117
outer loop
vertex 1.193703 16.564484 0.650648
vertex 1.543089 16.564484 1.286937
vertex 1.587732 17.177983 1.246059
endloop
endfacet
facet normal -0.882508 0.127453 0.452699
outer loop
vertex 1.193703 16.564484 0.650648
vertex 1.587732 17.177983 1.246059
vertex 1.254206 17.177983 0.595869
endloop
endfacet
facet normal -0.840246 0.166519 0.516001
outer loop
vertex 1.543089 16.564484 1.286937
vertex 1.922960 16.564484 1.905511
vertex 2.007077 17.177983 1.844504
endloop
endfacet
facet normal -0.815062 0.097366 0.571134
outer loop
vertex 1.543089 16.564484 1.286937
vertex 2.007077 17.177983 1.844504
vertex 1.587732 17.177983 1.246059
endloop
endfacet
facet normal -0.267569 0.201103 0.942319
outer loop
vertex 1.922960 16.564484 1.905511
vertex 2.621258 16.564484 2.103791
vertex 2.720836 17.177983 2.001138
endloop
endfacet
facet normal -0.212654 0.125519 0.969032
outer loop
vertex 1.922960 16.564484 1.905511
vertex 2.720836 17.177983 2.001138
vertex 2.007077 17.177983 1.844504
endloop
endfacet
facet normal 0.772283 0.137159 0.620295
outer loop
vertex 2.621258 16.564484 2.103791
vertex 3.075828 16.564484 1.537840
vertex 3.097635 17.177983 1.375032
endloop
endfacet
facet normal 0.855615 -0.052717 0.514921
outer loop
vertex 2.621258 16.564484 2.103791
vertex 3.097635 17.177983 1.375032
vertex 2.720836 17.177983 2.001138
endloop
endfacet
facet normal -0.907240 -0.046322 0.418055
outer loop
vertex 14.242271 16.564484 0.705466
vertex 14.546065 16.564484 1.364742
vertex 14.585923 17.177983 1.519219
endloop
endfacet
facet normal -0.920653 -0.002095 0.390376
outer loop
vertex 14.242271 16.564484 0.705466
vertex 14.585923 17.177983 1.519219
vertex 14.300658 17.177983 0.846457
endloop
endfacet
facet normal -0.673059 0.547528 0.497196
outer loop
vertex 14.546065 16.564484 1.364742
vertex 14.977377 16.564484 1.948613
vertex 15.293655 17.177983 1.701157
endloop
endfacet
facet normal -0.242763 -0.222010 0.944340
outer loop
vertex 14.546065 16.564484 1.364742
vertex 15.293655 17.177983 1.701157
vertex 14.585923 17.177983 1.519219
endloop
endfacet
facet normal -0.073779 0.839023 0.539071
outer loop
vertex 14.977377 16.564484 1.948613
vertex 15.696575 16.564484 2.047044
vertex 15.697805 17.177983 1.092348
endloop
endfacet
facet normal 0.815934 -0.202166 0.541647
outer loop
vertex 14.977377 16.564484 1.948613
vertex 15.697805 17.177983 1.092348
vertex 15.293655 17.177983 1.701157
endloop
endfacet
facet normal -0.102770 0.820991 0.561615
outer loop
vertex 15.696575 16.564484 2.047044
vertex 16.410621 16.564484 2.177708
vertex 16.404128 17.177983 1.279681
endloop
endfacet
facet normal -0.141898 0.832843 0.535012
outer loop
vertex 15.696575 16.564484 2.047044
vertex 16.404128 17.177983 1.279681
vertex 15.697805 17.177983 1.092348
endloop
endfacet
facet normal 0.373001 0.212740 0.903112
outer loop
vertex 16.410621 16.564484 2.177708
vertex 17.081552 16.564484 1.900602
vertex 16.868069 17.177983 1.844256
endloop
endfacet
facet normal -0.568255 0.677518 0.466965
outer loop
vertex 16.410621 16.564484 2.177708
vertex 16.868069 17.177983 1.844256
vertex 16.404128 17.177983 1.279681
endloop
endfacet
facet normal 0.824757 -0.089511 0.558358
outer loop
vertex 17.081552 16.564484 1.900602
vertex 17.488499 16.564484 1.299496
vertex 17.468372 17.177983 1.427576
endloop
endfacet
facet normal 0.549962 0.264142 0.792320
outer loop
vertex 17.081552 16.564484 1.900602
vertex 17.468372 17.177983 1.427576
vertex 16.868069 17.177983 1.844256
endloop
endfacet
facet normal -0.661280 0.283067 0.694681
outer loop
vertex 0.724924 17.177983 0.092037
vertex 1.254206 17.177983 0.595869
vertex 1.340042 17.791483 0.427592
endloop
endfacet
facet normal -0.853896 0.281065 0.438022
outer loop
vertex 1.254206 17.177983 0.595869
vertex 1.587732 17.177983 1.246059
vertex 1.694492 17.791483 1.060517
endloop
endfacet
facet normal -0.845222 0.248091 0.473340
outer loop
vertex 1.254206 17.177983 0.595869
vertex 1.694492 17.791483 1.060517
vertex 1.340042 17.791483 0.427592
endloop
endfacet
facet normal -0.780561 0.302593 0.546958
outer loop
vertex 1.587732 17.177983 1.246059
vertex 2.007077 17.177983 1.844504
vertex 2.111488 17.791483 1.654102
endloop
endfacet
facet normal -0.780185 0.301524 0.548082
outer loop
vertex 1.587732 17.177983 1.246059
vertex 2.111488 17.791483 1.654102
vertex 1.694492 17.791483 1.060517
endloop
endfacet
facet normal -0.214311 0.018747 0.976585
outer loop
vertex 2.007077 17.177983 1.844504
vertex 2.720836 17.177983 2.001138
vertex 2.751260 17.791483 1.996037
endloop
endfacet
facet normal -0.444354 0.333652 0.831400
outer loop
vertex 2.007077 17.177983 1.844504
vertex 2.751260 17.791483 1.996037
vertex 2.111488 17.791483 1.654102
endloop
endfacet
facet normal 0.856606 -0.021598 0.515518
outer loop
vertex 2.720836 17.177983 2.001138
vertex 3.097635 17.177983 1.375032
vertex 3.116550 17.791483 1.369306
endloop
endfacet
facet normal 0.863316 -0.038630 0.503183
outer loop
vertex 2.720836 17.177983 2.001138
vertex 3.116550 17.791483 1.369306
vertex 2.751260 17.791483 1.996037
endloop
endfacet
facet normal -0.920630 -0.007448 0.390366
outer loop
vertex 14.300658 17.177983 0.846457
vertex 14.585923 17.177983 1.519219
vertex 14.631552 17.791483 1.638534
endloop
endfacet
facet normal -0.916079 -0.022791 0.400349
outer loop
vertex 14.300658 17.177983 0.846457
vertex 14.631552 17.791483 1.638534
vertex 14.341057 17.791483 0.973822
endloop
endfacet
facet normal -0.230613 0.376924 0.897076
outer loop
vertex 14.585923 17.177983 1.519219
vertex 15.293655 17.177983 1.701157
vertex 15.332970 17.791483 1.453491
endloop
endfacet
facet normal 0.249789 -0.202721 0.946842
outer loop
vertex 14.585923 17.177983 1.519219
vertex 15.332970 17.791483 1.453491
vertex 14.631552 17.791483 1.638534
endloop
endfacet
facet normal 0.818691 0.185415 0.543477
outer loop
vertex 15.293655 17.177983 1.701157
vertex 15.697805 17.177983 1.092348
vertex 15.724511 17.791483 0.842815
endloop
endfacet
facet normal 0.830737 0.161786 0.532635
outer loop
vertex 15.293655 17.177983 1.701157
vertex 15.724511 17.791483 0.842815
vertex 15.332970 17.791483 1.453491
endloop
endfacet
facet normal -0.142220 0.832006 0.536226
outer loop
vertex 15.697805 17.177983 1.092348
vertex 16.404128 17.177983 1.279681
vertex 16.160757 17.791483 0.263231
endloop
endfacet
facet normal 0.781940 0.205350 0.588558
outer loop
vertex 15.697805 17.177983 1.092348
vertex 16.160757 17.791483 0.263231
vertex 15.724511 17.791483 0.842815
endloop
endfacet
facet normal -0.604111 0.623383 0.496430
outer loop
vertex 16.404128 17.177983 1.279681
vertex 16.868069 17.177983 1.844256
vertex 16.645448 17.791483 0.802956
endloop
endfacet
facet normal -0.577627 0.630292 0.518728
outer loop
vertex 16.404128 17.177983 1.279681
vertex 16.645448 17.791483 0.802956
vertex 16.160757 17.791483 0.263231
endloop
endfacet
facet normal 0.492891 0.502810 0.710099
outer loop
vertex 16.868069 17.177983 1.844256
vertex 17.468372 17.177983 1.427576
vertex 17.303930 17.791483 1.107309
endloop
endfacet
facet normal -0.245199 0.811448 0.530499
outer loop
vertex 16.868069 17.177983 1.844256
vertex 17.303930 17.791483 1.107309
vertex 16.645448 17.791483 0.802956
endloop
endfacet
facet normal -0.871228 0.053966 0.487904
outer loop
vertex 1.340042 17.791483 0.427592
vertex 1.694492 17.791483 1.060517
vertex 1.659826 18.404982 0.930757
endloop
endfacet
facet normal -0.870530 0.052448 0.489312
outer loop
vertex 1.340042 17.791483 0.427592
vertex 1.659826 18.404982 0.930757
vertex 1.319609 18.404982 0.325480
endloop
endfacet
facet normal -0.814830 0.091577 0.572421
outer loop
vertex 1.694492 17.791483 1.060517
vertex 2.111488 17.791483 1.654102
vertex 2.067257 18.404982 1.492992
endloop
endfacet
facet normal -0.807266 0.078116 0.584996
outer loop
vertex 1.694492 17.791483 1.060517
vertex 2.067257 18.404982 1.492992
vertex 1.659826 18.404982 0.930757
endloop
endfacet
facet normal -0.465627 0.155554 0.871203
outer loop
vertex 2.111488 17.791483 1.654102
vertex 2.751260 17.791483 1.996037
vertex 2.667625 18.404982 1.841797
endloop
endfacet
facet normal -0.493449 0.187466 0.849332
outer loop
vertex 2.111488 17.791483 1.654102
vertex 2.667625 18.404982 1.841797
vertex 2.067257 18.404982 1.492992
endloop
endfacet
facet normal 0.825889 0.293582 0.481369
outer loop
vertex 2.751260 17.791483 1.996037
vertex 3.116550 17.791483 1.369306
vertex 2.983476 18.404982 1.223455
endloop
endfacet
facet normal 0.866781 0.229477 0.442754
outer loop
vertex 2.751260 17.791483 1.996037
vertex 2.983476 18.404982 1.223455
vertex 2.667625 18.404982 1.841797
endloop
endfacet
facet normal -0.909380 -0.122815 0.397422
outer loop
vertex 14.341057 17.791483 0.973822
vertex 14.631552 17.791483 1.638534
vertex 14.377836 18.404982 1.247571
endloop
endfacet
facet normal -0.887025 -0.142753 0.439100
outer loop
vertex 14.341057 17.791483 0.973822
vertex 14.377836 18.404982 1.247571
vertex 14.069796 18.404982 0.625301
endloop
endfacet
facet normal 0.255067 0.011854 0.966851
outer loop
vertex 14.631552 17.791483 1.638534
vertex 15.332970 17.791483 1.453491
vertex 15.011832 18.404982 1.530689
endloop
endfacet
facet normal -0.376841 0.381928 0.843873
outer loop
vertex 14.631552 17.791483 1.638534
vertex 15.011832 18.404982 1.530689
vertex 14.377836 18.404982 1.247571
endloop
endfacet
facet normal 0.798680 0.316044 0.512081
outer loop
vertex 15.332970 17.791483 1.453491
vertex 15.724511 17.791483 0.842815
vertex 15.406832 18.404982 0.959653
endloop
endfacet
facet normal 0.774069 0.337813 0.535444
outer loop
vertex 15.332970 17.791483 1.453491
vertex 15.406832 18.404982 0.959653
vertex 15.011832 18.404982 1.530689
endloop
endfacet
facet normal 0.793952 0.111872 0.597599
outer loop
vertex 15.724511 17.791483 0.842815
vertex 16.160757 17.791483 0.263231
vertex 15.910144 18.404982 0.481339
endloop
endfacet
facet normal 0.672976 0.213613 0.708148
outer loop
vertex 15.724511 17.791483 0.842815
vertex 15.910144 18.404982 0.481339
vertex 15.406832 18.404982 0.959653
endloop
endfacet
facet normal -0.741656 0.079676 0.666032
outer loop
vertex 16.160757 17.791483 0.263231
vertex 16.645448 17.791483 0.802956
vertex 16.581531 18.404982 0.658390
endloop
endfacet
facet normal -0.232713 -0.408790 0.882460
outer loop
vertex 16.160757 17.791483 0.263231
vertex 16.581531 18.404982 0.658390
vertex 15.910144 18.404982 0.481339
endloop
endfacet
facet normal -0.403418 0.274685 0.872813
outer loop
vertex 16.645448 17.791483 0.802956
vertex 17.303930 17.791483 1.107309
vertex 17.238240 18.404982 0.883870
endloop
endfacet
facet normal -0.319090 0.185748 0.929343
outer loop
vertex 16.645448 17.791483 0.802956
vertex 17.238240 18.404982 0.883870
vertex 16.581531 18.404982 0.658390
endloop
endfacet
facet normal -0.855837 0.190080 0.481053
outer loop
vertex 1.319609 18.404982 0.325480
vertex 1.659826 18.404982 0.930757
vertex 1.729021 19.018481 0.811448
endloop
endfacet
facet normal -0.834301 0.132944 0.535040
outer loop
vertex 1.319609 18.404982 0.325480
vertex 1.729021 19.018481 0.811448
vertex 1.353990 19.018481 0.226652
endloop
endfacet
facet normal -0.789821 0.220441 0.572354
outer loop
vertex 1.659826 18.404982 0.930757
vertex 2.067257 18.404982 1.492992
vertex 2.146820 19.018481 1.366497
endloop
endfacet
facet normal -0.782358 0.202766 0.588899
outer loop
vertex 1.659826 18.404982 0.930757
vertex 2.146820 19.018481 1.366497
vertex 1.729021 19.018481 0.811448
endloop
endfacet
facet normal -0.472413 0.340081 0.813124
outer loop
vertex 2.067257 18.404982 1.492992
vertex 2.667625 18.404982 1.841797
vertex 2.780665 19.018481 1.650881
endloop
endfacet
facet normal -0.397939 0.234482 0.886940
outer loop
vertex 2.067257 18.404982 1.492992
vertex 2.780665 19.018481 1.650881
vertex 2.146820 19.018481 1.366497
endloop
endfacet
facet normal 0.890539 -0.003901 0.454890
outer loop
vertex 2.667625 18.404982 1.841797
vertex 2.983476 18.404982 1.223455
vertex 3.086469 19.018481 1.027087
endloop
endfacet
facet normal 0.897545 -0.028451 0.440005
outer loop
vertex 2.667625 18.404982 1.841797
vertex 3.086469 19.018481 1.027087
vertex 2.780665 19.018481 1.650881
endloop
endfacet
facet normal -0.747965 0.550867 0.370262
outer loop
vertex 14.069796 18.404982 0.625301
vertex 14.377836 18.404982 1.247571
vertex 14.802146 19.018481 1.191969
endloop
endfacet
facet normal -0.707922 0.227440 0.668668
outer loop
vertex 14.069796 18.404982 0.625301
vertex 14.802146 19.018481 1.191969
vertex 14.325108 19.018481 0.686926
endloop
endfacet
facet normal -0.227217 0.830349 0.508815
outer loop
vertex 14.377836 18.404982 1.247571
vertex 15.011832 18.404982 1.530689
vertex 15.154338 19.018481 0.593140
endloop
endfacet
facet normal 0.755205 -0.482064 0.444162
outer loop
vertex 14.377836 18.404982 1.247571
vertex 15.154338 19.018481 0.593140
vertex 14.802146 19.018481 1.191969
endloop
endfacet
facet normal 0.789037 0.282003 0.545798
outer loop
vertex 15.011832 18.404982 1.530689
vertex 15.406832 18.404982 0.959653
vertex 15.720038 19.018481 0.189881
endloop
endfacet
facet normal 0.388610 0.742829 0.545150
outer loop
vertex 15.011832 18.404982 1.530689
vertex 15.720038 19.018481 0.189881
vertex 15.154338 19.018481 0.593140
endloop
endfacet
facet normal 0.605955 -0.475662 0.637624
outer loop
vertex 15.406832 18.404982 0.959653
vertex 15.910144 18.404982 0.481339
vertex 16.306449 19.018481 0.562383
endloop
endfacet
facet normal -0.321790 0.799895 0.506577
outer loop
vertex 15.406832 18.404982 0.959653
vertex 16.306449 19.018481 0.562383
vertex 15.720038 19.018481 0.189881
endloop
endfacet
facet normal -0.205619 -0.591405 0.779718
outer loop
vertex 15.910144 18.404982 0.481339
vertex 16.581531 18.404982 0.658390
vertex 16.678263 19.018481 1.149230
endloop
endfacet
facet normal -0.763030 0.429034 0.483441
outer loop
vertex 15.910144 18.404982 0.481339
vertex 16.678263 19.018481 1.149230
vertex 16.306449 19.018481 0.562383
endloop
endfacet
facet normal -0.311610 0.281495 0.907557
outer loop
vertex 16.581531 18.404982 0.658390
vertex 17.238240 18.404982 0.883870
vertex 17.186806 19.018481 0.675923
endloop
endfacet
facet normal 0.559951 -0.569638 0.601637
outer loop
vertex 16.581531 18.404982 0.658390
vertex 17.186806 19.018481 0.675923
vertex 16.678263 19.018481 1.149230
endloop
endfacet
facet normal -0.836639 -0.110277 0.536539
outer loop
vertex 1.353990 19.018481 0.226652
vertex 1.729021 19.018481 0.811448
vertex 1.686234 19.631981 0.870823
endloop
endfacet
facet normal -0.894802 0.016105 0.446173
outer loop
vertex 1.353990 19.018481 0.226652
vertex 1.686234 19.631981 0.870823
vertex 1.371301 19.631981 0.239223
endloop
endfacet
facet normal -0.784276 -0.190803 0.590343
outer loop
vertex 1.729021 19.018481 0.811448
vertex 2.146820 19.018481 1.366497
vertex 2.070201 19.631981 1.462996
endloop
endfacet
facet normal -0.833917 -0.110491 0.540716
outer loop
vertex 1.729021 19.018481 0.811448
vertex 2.070201 19.631981 1.462996
vertex 1.686234 19.631981 0.870823
endloop
endfacet
facet normal -0.372247 -0.416015 0.829677
outer loop
vertex 2.146820 19.018481 1.366497
vertex 2.780665 19.018481 1.650881
vertex 2.631077 19.631981 1.891386
endloop
endfacet
facet normal -0.595109 -0.196878 0.779156
outer loop
vertex 2.146820 19.018481 1.366497
vertex 2.631077 19.631981 1.891386
vertex 2.070201 19.631981 1.462996
endloop
endfacet
facet normal 0.899425 0.049044 0.434315
outer loop
vertex 2.780665 19.018481 1.650881
vertex 2.937970 19.631981 1.255841
vertex 2.631077 19.631981 1.891386
endloop
endfacet
facet normal -0.608172 -0.276433 0.744118
outer loop
vertex 13.787194 19.018481 0.247286
vertex 14.325108 19.018481 0.686926
vertex 14.142915 19.631981 0.765928
endloop
endfacet
facet normal -0.666685 -0.216397 0.713234
outer loop
vertex 13.787194 19.018481 0.247286
vertex 14.142915 19.631981 0.765928
vertex 13.627325 19.631981 0.283988
endloop
endfacet
facet normal -0.713225 0.193572 0.673677
outer loop
vertex 14.325108 19.018481 0.686926
vertex 14.802146 19.018481 1.191969
vertex 14.802760 19.631981 1.016337
endloop
endfacet
facet normal -0.346097 -0.220221 0.911987
outer loop
vertex 14.325108 19.018481 0.686926
vertex 14.802760 19.631981 1.016337
vertex 14.142915 19.631981 0.765928
endloop
endfacet
facet normal 0.857263 0.104394 0.504185
outer loop
vertex 14.802146 19.018481 1.191969
vertex 15.154338 19.018481 0.593140
vertex 15.181124 19.631981 0.420568
endloop
endfacet
facet normal 0.834486 0.150884 0.529969
outer loop
vertex 14.802146 19.018481 1.191969
vertex 15.181124 19.631981 0.420568
vertex 14.802760 19.631981 1.016337
endloop
endfacet
facet normal -0.532577 -0.115909 0.838407
outer loop
vertex 15.720038 19.018481 0.189881
vertex 16.306449 19.018481 0.562383
vertex 16.333401 19.631981 0.664320
endloop
endfacet
facet normal -0.701998 0.166319 0.692486
outer loop
vertex 15.720038 19.018481 0.189881
vertex 16.333401 19.631981 0.664320
vertex 15.837767 19.631981 0.161879
endloop
endfacet
facet normal -0.838558 -0.120609 0.531294
outer loop
vertex 16.306449 19.018481 0.562383
vertex 16.678263 19.018481 1.149230
vertex 16.674322 19.631981 1.282279
endloop
endfacet
facet normal -0.874827 -0.041760 0.482632
outer loop
vertex 16.306449 19.018481 0.562383
vertex 16.674322 19.631981 1.282279
vertex 16.333401 19.631981 0.664320
endloop
endfacet
facet normal -0.893654 0.053136 0.445600
outer loop
vertex 1.371301 19.631981 0.239223
vertex 1.686234 19.631981 0.870823
vertex 1.730557 20.245480 0.886556
endloop
endfacet
facet normal -0.885827 0.030158 0.463034
outer loop
vertex 1.371301 19.631981 0.239223
vertex 1.730557 20.245480 0.886556
vertex 1.396883 20.245480 0.248206
endloop
endfacet
facet normal -0.838806 0.024364 0.543885
outer loop
vertex 1.686234 19.631981 0.870823
vertex 2.070201 19.631981 1.462996
vertex 2.110886 20.245480 1.498259
endloop
endfacet
facet normal -0.848266 0.047759 0.527413
outer loop
vertex 1.686234 19.631981 0.870823
vertex 2.110886 20.245480 1.498259
vertex 1.730557 20.245480 0.886556
endloop
endfacet
facet normal -0.591864 -0.221845 0.774907
outer loop
vertex 2.070201 19.631981 1.462996
vertex 2.631077 19.631981 1.891386
vertex 2.590276 20.245480 2.035859
endloop
endfacet
facet normal -0.746311 0.011240 0.665503
outer loop
vertex 2.070201 19.631981 1.462996
vertex 2.590276 20.245480 2.035859
vertex 2.110886 20.245480 1.498259
endloop
endfacet
facet normal 0.890615 -0.147826 0.430061
outer loop
vertex 2.631077 19.631981 1.891386
vertex 2.937970 19.631981 1.255841
vertex 2.961277 20.245480 1.418455
endloop
endfacet
facet normal 0.855385 -0.064155 0.514004
outer loop
vertex 2.631077 19.631981 1.891386
vertex 2.961277 20.245480 1.418455
vertex 2.590276 20.245480 2.035859
endloop
endfacet
facet normal -0.613856 -0.438068 0.656717
outer loop
vertex 13.627325 19.631981 0.283988
vertex 14.142915 19.631981 0.765928
vertex 14.052526 20.245480 1.090678
endloop
endfacet
facet normal -0.854168 -0.082981 0.513334
outer loop
vertex 13.627325 19.631981 0.283988
vertex 14.052526 20.245480 1.090678
vertex 13.681493 20.245480 0.473294
endloop
endfacet
facet normal -0.350844 0.149043 0.924497
outer loop
vertex 14.142915 19.631981 0.765928
vertex 14.802760 19.631981 1.016337
vertex 14.745985 20.245480 0.895886
endloop
endfacet
facet normal 0.244769 -0.425193 0.871378
outer loop
vertex 14.142915 19.631981 0.765928
vertex 14.745985 20.245480 0.895886
vertex 14.052526 20.245480 1.090678
endloop
endfacet
facet normal 0.842146 0.068862 0.534835
outer loop
vertex 14.802760 19.631981 1.016337
vertex 15.181124 19.631981 0.420568
vertex 15.189527 20.245480 0.328347
endloop
endfacet
facet normal 0.773528 0.190274 0.604525
outer loop
vertex 14.802760 19.631981 1.016337
vertex 15.189527 20.245480 0.328347
vertex 14.745985 20.245480 0.895886
endloop
endfacet
facet normal -0.704081 -0.147925 0.694542
outer loop
vertex 15.837767 19.631981 0.161879
vertex 16.333401 19.631981 0.664320
vertex 16.313006 20.245480 0.774309
endloop
endfacet
facet normal -0.814060 0.053276 0.578332
outer loop
vertex 15.837767 19.631981 0.161879
vertex 16.313006 20.245480 0.774309
vertex 15.895842 20.245480 0.187109
endloop
endfacet
facet normal -0.861973 -0.175683 0.475541
outer loop
vertex 16.333401 19.631981 0.664320
vertex 16.674322 19.631981 1.282279
vertex 16.626745 20.245480 1.422690
endloop
endfacet
facet normal -0.894950 -0.107389 0.433049
outer loop
vertex 16.333401 19.631981 0.664320
vertex 16.626745 20.245480 1.422690
vertex 16.313006 20.245480 0.774309
endloop
endfacet
facet normal -0.878668 0.130362 0.459292
outer loop
vertex 1.396883 20.245480 0.248206
vertex 1.730557 20.245480 0.886556
vertex 1.813702 20.858980 0.871488
endloop
endfacet
facet normal -0.843855 0.028994 0.535787
outer loop
vertex 1.396883 20.245480 0.248206
vertex 1.813702 20.858980 0.871488
vertex 1.420854 20.858980 0.252761
endloop
endfacet
facet normal -0.845861 0.089053 0.525917
outer loop
vertex 1.730557 20.245480 0.886556
vertex 2.110886 20.245480 1.498259
vertex 2.180347 20.858980 1.506094
endloop
endfacet
facet normal -0.858689 0.128559 0.496110
outer loop
vertex 1.730557 20.245480 0.886556
vertex 2.180347 20.858980 1.506094
vertex 1.813702 20.858980 0.871488
endloop
endfacet
facet normal -0.744440 0.071651 0.663834
outer loop
vertex 2.110886 20.245480 1.498259
vertex 2.590276 20.245480 2.035859
vertex 2.666218 20.858980 2.054803
endloop
endfacet
facet normal -0.746506 0.076078 0.661015
outer loop
vertex 2.110886 20.245480 1.498259
vertex 2.666218 20.858980 2.054803
vertex 2.180347 20.858980 1.506094
endloop
endfacet
facet normal 0.811314 -0.322635 0.487521
outer loop
vertex 2.590276 20.245480 2.035859
vertex 2.961277 20.245480 1.418455
vertex 3.152412 20.858980 1.506381
endloop
endfacet
facet normal 0.743543 -0.112393 0.659175
outer loop
vertex 2.590276 20.245480 2.035859
vertex 3.152412 20.858980 1.506381
vertex 2.666218 20.858980 2.054803
endloop
endfacet
facet normal -0.802932 -0.349932 0.482543
outer loop
vertex 13.681493 20.245480 0.473294
vertex 14.052526 20.245480 1.090678
vertex 14.035638 20.858980 1.507477
endloop
endfacet
facet normal -0.857866 -0.255945 0.445599
outer loop
vertex 13.681493 20.245480 0.473294
vertex 14.035638 20.858980 1.507477
vertex 13.697802 20.858980 0.857078
endloop
endfacet
facet normal 0.269525 0.081824 0.959511
outer loop
vertex 14.052526 20.245480 1.090678
vertex 14.745985 20.245480 0.895886
vertex 14.473855 20.858980 0.920010
endloop
endfacet
facet normal 0.748248 -0.358599 0.558150
outer loop
vertex 14.052526 20.245480 1.090678
vertex 14.473855 20.858980 0.920010
vertex 14.035638 20.858980 1.507477
endloop
endfacet
facet normal 0.774506 0.183749 0.605290
outer loop
vertex 14.745985 20.245480 0.895886
vertex 15.189527 20.245480 0.328347
vertex 14.989003 20.858980 0.398689
endloop
endfacet
facet normal 0.683546 0.276641 0.675452
outer loop
vertex 14.745985 20.245480 0.895886
vertex 14.989003 20.858980 0.398689
vertex 14.473855 20.858980 0.920010
endloop
endfacet
facet normal -0.784258 -0.272968 0.557160
outer loop
vertex 15.895842 20.245480 0.187109
vertex 16.313006 20.245480 0.774309
vertex 16.176620 20.858980 0.882904
endloop
endfacet
facet normal -0.733778 -0.334703 0.591222
outer loop
vertex 15.895842 20.245480 0.187109
vertex 16.176620 20.858980 0.882904
vertex 15.716788 20.858980 0.312196
endloop
endfacet
facet normal -0.865945 -0.273070 0.419014
outer loop
vertex 16.313006 20.245480 0.774309
vertex 16.626745 20.245480 1.422690
vertex 16.492175 20.858980 1.544400
endloop
endfacet
facet normal -0.869844 -0.266821 0.414943
outer loop
vertex 16.313006 20.245480 0.774309
vertex 16.492175 20.858980 1.544400
vertex 16.176620 20.858980 0.882904
endloop
endfacet
facet normal 0.672760 0.000790 0.739860
outer loop
vertex 16.626745 20.245480 1.422690
vertex 17.034424 20.858980 1.051329
vertex 16.492175 20.858980 1.544400
endloop
endfacet
facet normal -0.835588 0.142550 0.530539
outer loop
vertex 1.420854 20.858980 0.252761
vertex 1.813702 20.858980 0.871488
vertex 1.861389 21.472479 0.781754
endloop
endfacet
facet normal -0.785232 0.030593 0.618445
outer loop
vertex 1.420854 20.858980 0.252761
vertex 1.861389 21.472479 0.781754
vertex 1.413966 21.472479 0.213666
endloop
endfacet
facet normal -0.862941 0.082249 0.498566
outer loop
vertex 1.813702 20.858980 0.871488
vertex 2.180347 20.858980 1.506094
vertex 2.191922 21.472479 1.424918
endloop
endfacet
facet normal -0.881309 0.134751 0.452919
outer loop
vertex 1.813702 20.858980 0.871488
vertex 2.191922 21.472479 1.424918
vertex 1.861389 21.472479 0.781754
endloop
endfacet
facet normal -0.745808 0.087436 0.660398
outer loop
vertex 2.180347 20.858980 1.506094
vertex 2.666218 20.858980 2.054803
vertex 2.664812 21.472479 1.971989
endloop
endfacet
facet normal -0.752721 0.100294 0.650655
outer loop
vertex 2.180347 20.858980 1.506094
vertex 2.664812 21.472479 1.971989
vertex 2.191922 21.472479 1.424918
endloop
endfacet
facet normal 0.745930 -0.079255 0.661292
outer loop
vertex 2.666218 20.858980 2.054803
vertex 3.152412 20.858980 1.506381
vertex 3.217851 21.472479 1.506093
endloop
endfacet
facet normal 0.640777 0.104143 0.760631
outer loop
vertex 2.666218 20.858980 2.054803
vertex 3.217851 21.472479 1.506093
vertex 2.664812 21.472479 1.971989
endloop
endfacet
facet normal -0.882787 0.102096 0.458544
outer loop
vertex 13.697802 20.858980 0.857078
vertex 14.035638 20.858980 1.507477
vertex 14.100018 21.472479 1.494825
endloop
endfacet
facet normal -0.795847 -0.099166 0.597322
outer loop
vertex 13.697802 20.858980 0.857078
vertex 14.100018 21.472479 1.494825
vertex 13.665939 21.472479 0.916476
endloop
endfacet
facet normal 0.801167 0.031260 0.597624
outer loop
vertex 14.035638 20.858980 1.507477
vertex 14.473855 20.858980 0.920010
vertex 14.480051 21.472479 0.879612
endloop
endfacet
facet normal 0.848162 -0.078200 0.523933
outer loop
vertex 14.035638 20.858980 1.507477
vertex 14.480051 21.472479 0.879612
vertex 14.100018 21.472479 1.494825
endloop
endfacet
facet normal 0.710685 0.041761 0.702270
outer loop
vertex 14.473855 20.858980 0.920010
vertex 14.989003 20.858980 0.398689
vertex 14.987146 21.472479 0.364086
endloop
endfacet
facet normal 0.712372 0.038946 0.700721
outer loop
vertex 14.473855 20.858980 0.920010
vertex 14.987146 21.472479 0.364086
vertex 14.480051 21.472479 0.879612
endloop
endfacet
facet normal -0.778080 0.039581 0.626917
outer loop
vertex 15.716788 20.858980 0.312196
vertex 16.176620 20.858980 0.882904
vertex 16.196346 21.472479 0.868652
endloop
endfacet
facet normal -0.739201 -0.032342 0.672708
outer loop
vertex 15.716788 20.858980 0.312196
vertex 16.196346 21.472479 0.868652
vertex 15.709639 21.472479 0.333836
endloop
endfacet
facet normal -0.898669 0.092819 0.428694
outer loop
vertex 16.176620 20.858980 0.882904
vertex 16.492175 20.858980 1.544400
vertex 16.537372 21.472479 1.506314
endloop
endfacet
facet normal -0.881132 0.039278 0.471236
outer loop
vertex 16.176620 20.858980 0.882904
vertex 16.537372 21.472479 1.506314
vertex 16.196346 21.472479 0.868652
endloop
endfacet
facet normal 0.672760 0.001255 0.739860
outer loop
vertex 16.492175 20.858980 1.544400
vertex 17.034424 20.858980 1.051329
vertex 17.070363 21.472479 1.017609
endloop
endfacet
facet normal 0.675817 -0.004032 0.737058
outer loop
vertex 16.492175 20.858980 1.544400
vertex 17.070363 21.472479 1.017609
vertex 16.537372 21.472479 1.506314
endloop
endfacet
facet normal -0.774728 0.165789 0.610172
outer loop
vertex 1.413966 21.472479 0.213666
vertex 1.861389 21.472479 0.781754
vertex 1.858273 22.085978 0.611104
endloop
endfacet
facet normal -0.697378 0.041538 0.715499
outer loop
vertex 1.413966 21.472479 0.213666
vertex 1.858273 22.085978 0.611104
vertex 1.365048 22.085978 0.130370
endloop
endfacet
facet normal -0.874905 0.179931 0.449628
outer loop
vertex 1.861389 21.472479 0.781754
vertex 2.191922 21.472479 1.424918
vertex 2.205536 22.085978 1.205901
endloop
endfacet
facet normal -0.855729 0.134623 0.499604
outer loop
vertex 1.861389 21.472479 0.781754
vertex 2.205536 22.085978 1.205901
vertex 1.858273 22.085978 0.611104
endloop
endfacet
facet normal -0.699255 0.381702 0.604439
outer loop
vertex 2.191922 21.472479 1.424918
vertex 2.664812 21.472479 1.971989
vertex 2.726714 22.085978 1.656178
endloop
endfacet
facet normal -0.628782 0.273773 0.727792
outer loop
vertex 2.191922 21.472479 1.424918
vertex 2.726714 22.085978 1.656178
vertex 2.205536 22.085978 1.205901
endloop
endfacet
facet normal 0.641842 0.086925 0.761894
outer loop
vertex 2.664812 21.472479 1.971989
vertex 3.217851 21.472479 1.506093
vertex 3.336566 22.085978 1.336089
endloop
endfacet
facet normal 0.430165 0.378489 0.819576
outer loop
vertex 2.664812 21.472479 1.971989
vertex 3.336566 22.085978 1.336089
vertex 2.726714 22.085978 1.656178
endloop
endfacet
facet normal 0.885078 -0.042838 0.463467
outer loop
vertex 3.217851 21.472479 1.506093
vertex 3.656072 22.085978 0.725932
vertex 3.336566 22.085978 1.336089
endloop
endfacet
facet normal -0.742682 0.371089 0.557419
outer loop
vertex 13.665939 21.472479 0.916476
vertex 14.100018 21.472479 1.494825
vertex 13.988202 22.085978 0.937422
endloop
endfacet
facet normal -0.781304 0.393878 0.484174
outer loop
vertex 13.665939 21.472479 0.916476
vertex 13.988202 22.085978 0.937422
vertex 13.625400 22.085978 0.351973
endloop
endfacet
facet normal 0.848153 0.078334 0.523928
outer loop
vertex 14.100018 21.472479 1.494825
vertex 14.480051 21.472479 0.879612
vertex 14.592176 22.085978 0.606376
endloop
endfacet
facet normal 0.360054 0.662455 0.656897
outer loop
vertex 14.100018 21.472479 1.494825
vertex 14.592176 22.085978 0.606376
vertex 13.988202 22.085978 0.937422
endloop
endfacet
facet normal 0.633291 0.215329 0.743355
outer loop
vertex 14.480051 21.472479 0.879612
vertex 15.116459 22.085978 0.159720
vertex 14.592176 22.085978 0.606376
endloop
endfacet
facet normal -0.614156 0.557164 0.558910
outer loop
vertex 15.709639 21.472479 0.333836
vertex 16.196346 21.472479 0.868652
vertex 16.325742 22.085978 0.399255
endloop
endfacet
facet normal -0.540415 0.468159 0.699127
outer loop
vertex 15.709639 21.472479 0.333836
vertex 16.325742 22.085978 0.399255
vertex 15.780813 22.085978 -0.021967
endloop
endfacet
facet normal -0.694224 0.616609 0.371276
outer loop
vertex 16.196346 21.472479 0.868652
vertex 16.537372 21.472479 1.506314
vertex 16.771169 22.085978 0.924584
endloop
endfacet
facet normal -0.637843 0.548325 0.540828
outer loop
vertex 16.196346 21.472479 0.868652
vertex 16.771169 22.085978 0.924584
vertex 16.325742 22.085978 0.399255
endloop
endfacet
facet normal 0.671166 -0.117186 0.731986
outer loop
vertex 16.537372 21.472479 1.506314
vertex 17.070363 21.472479 1.017609
vertex 17.443240 22.085978 0.773931
endloop
endfacet
facet normal 0.167329 0.644043 0.746465
outer loop
vertex 16.537372 21.472479 1.506314
vertex 17.443240 22.085978 0.773931
vertex 16.771169 22.085978 0.924584
endloop
endfacet
facet normal -0.587447 0.540042 0.602711
outer loop
vertex 1.365048 22.085978 0.130370
vertex 1.858273 22.085978 0.611104
vertex 1.955214 22.699478 0.155881
endloop
endfacet
facet normal -0.721583 0.549398 0.421285
outer loop
vertex 1.858273 22.085978 0.611104
vertex 2.205536 22.085978 1.205901
vertex 2.361605 22.699478 0.673153
endloop
endfacet
facet normal -0.679429 0.503435 0.533788
outer loop
vertex 1.858273 22.085978 0.611104
vertex 2.361605 22.699478 0.673153
vertex 1.955214 22.699478 0.155881
endloop
endfacet
facet normal -0.424412 0.760629 0.491242
outer loop
vertex 2.205536 22.085978 1.205901
vertex 2.726714 22.085978 1.656178
vertex 2.972067 22.699478 0.918222
endloop
endfacet
facet normal -0.276826 0.669226 0.689568
outer loop
vertex 2.205536 22.085978 1.205901
vertex 2.972067 22.699478 0.918222
vertex 2.361605 22.699478 0.673153
endloop
endfacet
facet normal 0.387594 0.551756 0.738468
outer loop
vertex 2.726714 22.085978 1.656178
vertex 3.336566 22.085978 1.336089
vertex 3.604458 22.699478 0.737099
endloop
endfacet
facet normal 0.190245 0.722906 0.664240
outer loop
vertex 2.726714 22.085978 1.656178
vertex 3.604458 22.699478 0.737099
vertex 2.972067 22.699478 0.918222
endloop
endfacet
facet normal 0.857636 -0.250544 0.449097
outer loop
vertex 3.336566 22.085978 1.336089
vertex 3.656072 22.085978 0.725932
vertex 4.071842 22.699478 0.274200
endloop
endfacet
facet normal 0.656385 0.360454 0.662746
outer loop
vertex 3.336566 22.085978 1.336089
vertex 4.071842 22.699478 0.274200
vertex 3.604458 22.699478 0.737099
endloop
endfacet
facet normal -0.795688 0.351775 0.493087
outer loop
vertex 13.625400 22.085978 0.351973
vertex 13.988202 22.085978 0.937422
vertex 14.212642 22.699478 0.861918
endloop
endfacet
facet normal -0.622785 -0.052722 0.780615
outer loop
vertex 13.625400 22.085978 0.351973
vertex 14.212642 22.699478 0.861918
vertex 13.698425 22.699478 0.451669
endloop
endfacet
facet normal 0.477961 0.105588 0.872012
outer loop
vertex 13.988202 22.085978 0.937422
vertex 14.592176 22.085978 0.606376
vertex 14.730499 22.699478 0.456274
endloop
endfacet
facet normal 0.611608 -0.127655 0.780795
outer loop
vertex 13.988202 22.085978 0.937422
vertex 14.730499 22.699478 0.456274
vertex 14.212642 22.699478 0.861918
endloop
endfacet
facet normal 0.644284 -0.113894 0.756258
outer loop
vertex 14.592176 22.085978 0.606376
vertex 15.116459 22.085978 0.159720
vertex 15.287535 22.699478 0.106368
endloop
endfacet
facet normal 0.529906 0.086922 0.843590
outer loop
vertex 14.592176 22.085978 0.606376
vertex 15.287535 22.699478 0.106368
vertex 14.730499 22.699478 0.456274
endloop
endfacet
facet normal -0.573650 0.346672 0.742122
outer loop
vertex 15.780813 22.085978 -0.021967
vertex 16.325742 22.085978 0.399255
vertex 16.572315 22.699478 0.303266
endloop
endfacet
facet normal -0.714560 0.349739 0.605877
outer loop
vertex 16.325742 22.085978 0.399255
vertex 16.771169 22.085978 0.924584
vertex 16.981411 22.699478 0.818400
endloop
endfacet
facet normal -0.724042 0.380968 0.575001
outer loop
vertex 16.325742 22.085978 0.399255
vertex 16.981411 22.699478 0.818400
vertex 16.572315 22.699478 0.303266
endloop
endfacet
facet normal 0.212409 0.238751 0.947566
outer loop
vertex 16.771169 22.085978 0.924584
vertex 17.443240 22.085978 0.773931
vertex 17.596434 22.699478 0.585011
endloop
endfacet
facet normal 0.354506 0.040201 0.934189
outer loop
vertex 16.771169 22.085978 0.924584
vertex 17.596434 22.699478 0.585011
vertex 16.981411 22.699478 0.818400
endloop
endfacet
facet normal -0.692859 0.472907 0.544340
outer loop
vertex 1.955214 22.699478 0.155881
vertex 2.361605 22.699478 0.673153
vertex 2.426982 23.312977 0.223377
endloop
endfacet
facet normal -0.223794 0.799468 0.557465
outer loop
vertex 2.361605 22.699478 0.673153
vertex 2.972067 22.699478 0.918222
vertex 3.021563 23.312977 0.058264
endloop
endfacet
facet normal 0.221479 0.561113 0.797558
outer loop
vertex 2.361605 22.699478 0.673153
vertex 3.021563 23.312977 0.058264
vertex 2.426982 23.312977 0.223377
endloop
endfacet
facet normal 0.185750 0.738163 0.648546
outer loop
vertex 2.972067 22.699478 0.918222
vertex 3.604458 22.699478 0.737099
vertex 3.637960 23.312977 0.029230
endloop
endfacet
facet normal 0.027395 0.813020 0.581590
outer loop
vertex 2.972067 22.699478 0.918222
vertex 3.637960 23.312977 0.029230
vertex 3.021563 23.312977 0.058264
endloop
endfacet
facet normal 0.699686 0.106508 0.706467
outer loop
vertex 3.604458 22.699478 0.737099
vertex 4.071842 22.699478 0.274200
vertex 4.254391 23.312977 0.000911
endloop
endfacet
facet normal 0.030111 0.754634 0.655455
outer loop
vertex 3.604458 22.699478 0.737099
vertex 4.254391 23.312977 0.000911
vertex 3.637960 23.312977 0.029230
endloop
endfacet
facet normal -0.445566 0.699691 0.558484
outer loop
vertex 13.698425 22.699478 0.451669
vertex 14.212642 22.699478 0.861918
vertex 14.127180 23.312977 0.025120
endloop
endfacet
facet normal 0.535354 0.496282 0.683447
outer loop
vertex 14.212642 22.699478 0.861918
vertex 14.730499 22.699478 0.456274
vertex 14.743766 23.312977 0.000392
endloop
endfacet
facet normal 0.023643 0.807400 0.589531
outer loop
vertex 14.212642 22.699478 0.861918
vertex 14.743766 23.312977 0.000392
vertex 14.127180 23.312977 0.025120
endloop
endfacet
facet normal -0.523576 0.743626 0.415799
outer loop
vertex 16.572315 22.699478 0.303266
vertex 16.981411 22.699478 0.818400
vertex 17.212005 23.312977 0.011568
endloop
endfacet
facet normal 0.282525 0.604889 0.744506
outer loop
vertex 16.981411 22.699478 0.818400
vertex 17.596434 22.699478 0.585011
vertex 17.828944 23.312977 -0.001672
endloop
endfacet
facet normal 0.013039 0.794150 0.607582
outer loop
vertex 16.981411 22.699478 0.818400
vertex 17.828944 23.312977 -0.001672
vertex 17.212005 23.312977 0.011568
endloop
endfacet
facet normal 0.070921 -0.754640 -0.652295
outer loop
vertex 21.313057 0.613499 -1.187188
vertex 20.648721 0.000000 -0.549661
vertex 20.018851 0.000000 -0.618144
endloop
endfacet
facet normal 0.216348 -0.869056 -0.444899
outer loop
vertex 20.709606 0.613499 -1.480638
vertex 21.313057 0.613499 -1.187188
vertex 20.018851 0.000000 -0.618144
endloop
endfacet
facet normal 0.351734 -0.738985 -0.574617
outer loop
vertex 21.740795 0.613499 -0.670171
vertex 21.189103 0.000000 -0.218883
vertex 20.648721 0.000000 -0.549661
endloop
endfacet
facet normal 0.428035 -0.831495 -0.354122
outer loop
vertex 21.313057 0.613499 -1.187188
vertex 21.740795 0.613499 -0.670171
vertex 20.648721 0.000000 -0.549661
endloop
endfacet
facet normal 0.315847 -0.294066 -0.902090
outer loop
vertex 22.096478 0.613499 -0.101176
vertex 21.787091 0.000000 -0.009511
vertex 21.189103 0.000000 -0.218883
endloop
endfacet
facet normal 0.555739 -0.755295 -0.347396
outer loop
vertex 21.740795 0.613499 -0.670171
vertex 22.096478 0.613499 -0.101176
vertex 21.189103 0.000000 -0.218883
endloop
endfacet
facet normal -0.208235 -0.040998 -0.977219
outer loop
vertex 22.096478 0.613499 -0.101176
vertex 22.752762 0.613499 -0.241023
vertex 21.787091 0.000000 -0.009511
endloop
endfacet
facet normal -0.333896 -0.819171 -0.466340
outer loop
vertex 23.345078 0.613499 -1.445277
vertex 23.549059 0.000000 -0.513654
vertex 23.033908 0.000000 -0.144810
endloop
endfacet
facet normal -0.808829 -0.433048 -0.397825
outer loop
vertex 23.048920 0.613499 -0.843150
vertex 23.345078 0.613499 -1.445277
vertex 23.033908 0.000000 -0.144810
endloop
endfacet
facet normal -0.658220 -0.332438 -0.675450
outer loop
vertex 23.983634 0.613499 -1.239091
vertex 24.002819 0.000000 -0.955839
vertex 23.549059 0.000000 -0.513654
endloop
endfacet
facet normal 0.183519 -0.802054 -0.568357
outer loop
vertex 23.345078 0.613499 -1.445277
vertex 23.983634 0.613499 -1.239091
vertex 23.549059 0.000000 -0.513654
endloop
endfacet
facet normal 0.374660 -0.515782 -0.770453
outer loop
vertex 21.276751 1.226999 -1.615552
vertex 21.313057 0.613499 -1.187188
vertex 20.709606 0.613499 -1.480638
endloop
endfacet
facet normal 0.563902 -0.636904 -0.525707
outer loop
vertex 20.809122 1.226999 -2.117157
vertex 21.276751 1.226999 -1.615552
vertex 20.709606 0.613499 -1.480638
endloop
endfacet
facet normal 0.765522 -0.113432 -0.633332
outer loop
vertex 21.564545 1.226999 -0.993089
vertex 21.740795 0.613499 -0.670171
vertex 21.313057 0.613499 -1.187188
endloop
endfacet
facet normal 0.882755 -0.232736 -0.408139
outer loop
vertex 21.276751 1.226999 -1.615552
vertex 21.564545 1.226999 -0.993089
vertex 21.313057 0.613499 -1.187188
endloop
endfacet
facet normal 0.844821 -0.085929 -0.528103
outer loop
vertex 21.954128 1.226999 -0.428722
vertex 22.096478 0.613499 -0.101176
vertex 21.740795 0.613499 -0.670171
endloop
endfacet
facet normal 0.821357 -0.062468 -0.566983
outer loop
vertex 21.564545 1.226999 -0.993089
vertex 21.954128 1.226999 -0.428722
vertex 21.740795 0.613499 -0.670171
endloop
endfacet
facet normal -0.172859 -0.558626 -0.811207
outer loop
vertex 22.608823 1.226999 -0.632829
vertex 22.752762 0.613499 -0.241023
vertex 22.096478 0.613499 -0.101176
endloop
endfacet
facet normal -0.257598 -0.500915 -0.826273
outer loop
vertex 21.954128 1.226999 -0.428722
vertex 22.608823 1.226999 -0.632829
vertex 22.096478 0.613499 -0.101176
endloop
endfacet
facet normal -0.773340 -0.460043 -0.436240
outer loop
vertex 22.608823 1.226999 -0.632829
vertex 22.945756 1.226999 -1.230124
vertex 22.752762 0.613499 -0.241023
endloop
endfacet
facet normal -0.777574 0.499109 -0.382452
outer loop
vertex 23.631523 1.226999 -1.227024
vertex 23.345078 0.613499 -1.445277
vertex 23.048920 0.613499 -0.843150
endloop
endfacet
facet normal 0.003824 -0.533037 -0.846084
outer loop
vertex 22.945756 1.226999 -1.230124
vertex 23.631523 1.226999 -1.227024
vertex 23.048920 0.613499 -0.843150
endloop
endfacet
facet normal 0.232200 0.654938 -0.719124
outer loop
vertex 24.026588 1.226999 -0.666481
vertex 23.983634 0.613499 -1.239091
vertex 23.345078 0.613499 -1.445277
endloop
endfacet
facet normal 0.804919 -0.174002 -0.567299
outer loop
vertex 23.631523 1.226999 -1.227024
vertex 24.026588 1.226999 -0.666481
vertex 23.345078 0.613499 -1.445277
endloop
endfacet
facet normal -0.314017 -0.160417 -0.935767
outer loop
vertex 20.466355 1.840498 -2.107305
vertex 20.809122 1.226999 -2.117157
vertex 20.158978 1.226999 -1.898988
endloop
endfacet
facet normal -0.800520 0.210553 -0.561101
outer loop
vertex 20.081280 1.840498 -1.557921
vertex 20.466355 1.840498 -2.107305
vertex 20.158978 1.226999 -1.898988
endloop
endfacet
facet normal 0.607087 -0.557787 -0.565967
outer loop
vertex 20.929263 1.840498 -2.592920
vertex 21.276751 1.226999 -1.615552
vertex 20.809122 1.226999 -2.117157
endloop
endfacet
facet normal -0.673595 -0.366032 -0.642099
outer loop
vertex 20.466355 1.840498 -2.107305
vertex 20.929263 1.840498 -2.592920
vertex 20.809122 1.226999 -2.117157
endloop
endfacet
facet normal 0.705846 -0.628713 -0.326345
outer loop
vertex 21.519117 1.840498 -2.273268
vertex 21.564545 1.226999 -0.993089
vertex 21.276751 1.226999 -1.615552
endloop
endfacet
facet normal 0.315630 -0.749100 -0.582432
outer loop
vertex 20.929263 1.840498 -2.592920
vertex 21.519117 1.840498 -2.273268
vertex 21.276751 1.226999 -1.615552
endloop
endfacet
facet normal 0.526735 -0.768337 -0.363605
outer loop
vertex 21.937675 1.840498 -1.748944
vertex 21.954128 1.226999 -0.428722
vertex 21.564545 1.226999 -0.993089
endloop
endfacet
facet normal 0.489654 -0.779390 -0.390883
outer loop
vertex 21.519117 1.840498 -2.273268
vertex 21.937675 1.840498 -1.748944
vertex 21.564545 1.226999 -0.993089
endloop
endfacet
facet normal -0.182298 -0.790472 -0.584741
outer loop
vertex 22.532340 1.840498 -1.438334
vertex 22.608823 1.226999 -0.632829
vertex 21.954128 1.226999 -0.428722
endloop
endfacet
facet normal 0.216074 -0.884413 -0.413674
outer loop
vertex 21.937675 1.840498 -1.748944
vertex 22.532340 1.840498 -1.438334
vertex 21.954128 1.226999 -0.428722
endloop
endfacet
facet normal -0.830097 0.302777 -0.468257
outer loop
vertex 23.038727 1.840498 -0.998245
vertex 22.945756 1.226999 -1.230124
vertex 22.608823 1.226999 -0.632829
endloop
endfacet
facet normal 0.485342 -0.672732 -0.558458
outer loop
vertex 22.532340 1.840498 -1.438334
vertex 23.038727 1.840498 -0.998245
vertex 22.608823 1.226999 -0.632829
endloop
endfacet
facet normal 0.002880 0.770656 -0.637245
outer loop
vertex 23.471754 1.840498 -0.485807
vertex 23.631523 1.226999 -1.227024
vertex 22.945756 1.226999 -1.230124
endloop
endfacet
facet normal 0.757608 0.127162 -0.640203
outer loop
vertex 23.038727 1.840498 -0.998245
vertex 23.471754 1.840498 -0.485807
vertex 22.945756 1.226999 -1.230124
endloop
endfacet
facet normal 0.683687 0.548076 -0.481856
outer loop
vertex 23.974896 1.840498 -0.042012
vertex 24.026588 1.226999 -0.666481
vertex 23.631523 1.226999 -1.227024
endloop
endfacet
facet normal 0.449794 0.733240 -0.509944
outer loop
vertex 23.471754 1.840498 -0.485807
vertex 23.974896 1.840498 -0.042012
vertex 23.631523 1.226999 -1.227024
endloop
endfacet
facet normal -0.734617 -0.495291 -0.463708
outer loop
vertex 20.072832 2.453998 -2.199821
vertex 20.081280 1.840498 -1.557921
vertex 19.723168 1.840498 -0.990593
endloop
endfacet
facet normal -0.483379 -0.716331 -0.503204
outer loop
vertex 19.584912 2.453998 -1.731125
vertex 20.072832 2.453998 -2.199821
vertex 19.723168 1.840498 -0.990593
endloop
endfacet
facet normal -0.780592 -0.302196 -0.547133
outer loop
vertex 20.595128 2.453998 -2.629878
vertex 20.466355 1.840498 -2.107305
vertex 20.081280 1.840498 -1.557921
endloop
endfacet
facet normal -0.492375 -0.632444 -0.597981
outer loop
vertex 20.072832 2.453998 -2.199821
vertex 20.595128 2.453998 -2.629878
vertex 20.081280 1.840498 -1.557921
endloop
endfacet
facet normal -0.716162 0.145136 -0.682676
outer loop
vertex 21.250178 2.453998 -2.799147
vertex 20.929263 1.840498 -2.592920
vertex 20.466355 1.840498 -2.107305
endloop
endfacet
facet normal -0.198023 -0.611179 -0.766321
outer loop
vertex 20.595128 2.453998 -2.629878
vertex 21.250178 2.453998 -2.799147
vertex 20.466355 1.840498 -2.107305
endloop
endfacet
facet normal 0.395072 -0.558964 -0.729025
outer loop
vertex 21.878715 2.453998 -2.548782
vertex 21.519117 1.840498 -2.273268
vertex 20.929263 1.840498 -2.592920
endloop
endfacet
facet normal 0.330208 -0.451389 -0.828982
outer loop
vertex 21.250178 2.453998 -2.799147
vertex 21.878715 2.453998 -2.548782
vertex 20.929263 1.840498 -2.592920
endloop
endfacet
facet normal 0.550706 -0.709548 -0.439619
outer loop
vertex 22.416913 2.453998 -2.138800
vertex 21.937675 1.840498 -1.748944
vertex 21.519117 1.840498 -2.273268
endloop
endfacet
facet normal 0.493535 -0.580236 -0.647881
outer loop
vertex 21.878715 2.453998 -2.548782
vertex 22.416913 2.453998 -2.138800
vertex 21.519117 1.840498 -2.273268
endloop
endfacet
facet normal 0.412702 -0.453199 -0.790119
outer loop
vertex 22.853884 2.453998 -1.622275
vertex 22.532340 1.840498 -1.438334
vertex 21.937675 1.840498 -1.748944
endloop
endfacet
facet normal 0.538010 -0.709497 -0.455147
outer loop
vertex 22.416913 2.453998 -2.138800
vertex 22.853884 2.453998 -1.622275
vertex 21.937675 1.840498 -1.748944
endloop
endfacet
facet normal 0.651997 -0.109877 -0.750218
outer loop
vertex 23.133152 2.453998 -1.006035
vertex 23.038727 1.840498 -0.998245
vertex 22.532340 1.840498 -1.438334
endloop
endfacet
facet normal 0.780641 -0.515214 -0.353772
outer loop
vertex 22.853884 2.453998 -1.622275
vertex 23.133152 2.453998 -1.006035
vertex 22.532340 1.840498 -1.438334
endloop
endfacet
facet normal 0.759587 0.104996 -0.641875
outer loop
vertex 23.451718 2.453998 -0.409162
vertex 23.471754 1.840498 -0.485807
vertex 23.038727 1.840498 -0.998245
endloop
endfacet
facet normal 0.873476 -0.140359 -0.466196
outer loop
vertex 23.133152 2.453998 -1.006035
vertex 23.451718 2.453998 -0.409162
vertex 23.038727 1.840498 -0.998245
endloop
endfacet
facet normal 0.661208 0.029294 -0.749630
outer loop
vertex 23.992462 2.453998 -0.002544
vertex 23.974896 1.840498 -0.042012
vertex 23.471754 1.840498 -0.485807
endloop
endfacet
facet normal 0.596758 0.118634 -0.793603
outer loop
vertex 23.451718 2.453998 -0.409162
vertex 23.992462 2.453998 -0.002544
vertex 23.471754 1.840498 -0.485807
endloop
endfacet
facet normal -0.619354 -0.609050 -0.495437
outer loop
vertex 19.194728 3.067497 -2.075262
vertex 19.125464 2.453998 -1.234487
vertex 18.702840 2.453998 -0.706158
endloop
endfacet
facet normal -0.458931 -0.737549 -0.495382
outer loop
vertex 18.688077 3.067497 -1.605890
vertex 19.194728 3.067497 -2.075262
vertex 18.702840 2.453998 -0.706158
endloop
endfacet
facet normal -0.603206 -0.569858 -0.558037
outer loop
vertex 19.728812 3.067497 -2.513167
vertex 19.584912 2.453998 -1.731125
vertex 19.125464 2.453998 -1.234487
endloop
endfacet
facet normal -0.450991 -0.702894 -0.550043
outer loop
vertex 19.194728 3.067497 -2.075262
vertex 19.728812 3.067497 -2.513167
vertex 19.125464 2.453998 -1.234487
endloop
endfacet
facet normal -0.616906 -0.454969 -0.642207
outer loop
vertex 20.319372 3.067497 -2.871280
vertex 20.072832 2.453998 -2.199821
vertex 19.584912 2.453998 -1.731125
endloop
endfacet
facet normal -0.372488 -0.695651 -0.614266
outer loop
vertex 19.728812 3.067497 -2.513167
vertex 20.319372 3.067497 -2.871280
vertex 19.584912 2.453998 -1.731125
endloop
endfacet
facet normal -0.539146 -0.529697 -0.654784
outer loop
vertex 20.838626 3.067497 -3.326671
vertex 20.595128 2.453998 -2.629878
vertex 20.072832 2.453998 -2.199821
endloop
endfacet
facet normal -0.575815 -0.487196 -0.656565
outer loop
vertex 20.319372 3.067497 -2.871280
vertex 20.838626 3.067497 -3.326671
vertex 20.072832 2.453998 -2.199821
endloop
endfacet
facet normal -0.208672 -0.551677 -0.807532
outer loop
vertex 21.528315 3.067497 -3.290140
vertex 21.250178 2.453998 -2.799147
vertex 20.595128 2.453998 -2.629878
endloop
endfacet
facet normal 0.034619 -0.756061 -0.653585
outer loop
vertex 20.838626 3.067497 -3.326671
vertex 21.528315 3.067497 -3.290140
vertex 20.595128 2.453998 -2.629878
endloop
endfacet
facet normal 0.312073 -0.537408 -0.783455
outer loop
vertex 22.088436 3.067497 -2.886072
vertex 21.878715 2.453998 -2.548782
vertex 21.250178 2.453998 -2.799147
endloop
endfacet
facet normal 0.431782 -0.674772 -0.598537
outer loop
vertex 21.528315 3.067497 -3.290140
vertex 22.088436 3.067497 -2.886072
vertex 21.250178 2.453998 -2.799147
endloop
endfacet
facet normal 0.548915 -0.423623 -0.720580
outer loop
vertex 22.565282 3.067497 -2.386448
vertex 22.416913 2.453998 -2.138800
vertex 21.878715 2.453998 -2.548782
endloop
endfacet
facet normal 0.612929 -0.531139 -0.584987
outer loop
vertex 22.088436 3.067497 -2.886072
vertex 22.565282 3.067497 -2.386448
vertex 21.878715 2.453998 -2.548782
endloop
endfacet
facet normal 0.710130 -0.367158 -0.600758
outer loop
vertex 22.987193 3.067497 -1.839642
vertex 22.853884 2.453998 -1.622275
vertex 22.416913 2.453998 -2.138800
endloop
endfacet
facet normal 0.725190 -0.401252 -0.559550
outer loop
vertex 22.565282 3.067497 -2.386448
vertex 22.987193 3.067497 -1.839642
vertex 22.416913 2.453998 -2.138800
endloop
endfacet
facet normal 0.804444 -0.469007 -0.364559
outer loop
vertex 23.372744 3.067497 -1.266618
vertex 23.133152 2.453998 -1.006035
vertex 22.853884 2.453998 -1.622275
endloop
endfacet
facet normal 0.776068 -0.353640 -0.522166
outer loop
vertex 22.987193 3.067497 -1.839642
vertex 23.372744 3.067497 -1.266618
vertex 22.853884 2.453998 -1.622275
endloop
endfacet
facet normal 0.779955 -0.467311 -0.416281
outer loop
vertex 23.689279 3.067497 -0.652768
vertex 23.451718 2.453998 -0.409162
vertex 23.133152 2.453998 -1.006035
endloop
endfacet
facet normal 0.781474 -0.476352 -0.402972
outer loop
vertex 23.372744 3.067497 -1.266618
vertex 23.689279 3.067497 -0.652768
vertex 23.133152 2.453998 -1.006035
endloop
endfacet
facet normal 0.788827 -0.465026 -0.401875
outer loop
vertex 23.689279 3.067497 -0.652768
vertex 24.002798 3.067497 -0.037372
vertex 23.451718 2.453998 -0.409162
endloop
endfacet
facet normal -0.536763 -0.667558 -0.515996
outer loop
vertex 18.518320 3.680996 -2.223002
vertex 18.688077 3.067497 -1.605890
vertex 18.209435 3.067497 -1.107985
endloop
endfacet
facet normal -0.334620 -0.783407 -0.523740
outer loop
vertex 17.932811 3.680996 -1.848917
vertex 18.518320 3.680996 -2.223002
vertex 18.209435 3.067497 -1.107985
endloop
endfacet
facet normal -0.515438 -0.651742 -0.556377
outer loop
vertex 19.054916 3.680996 -2.664393
vertex 19.194728 3.067497 -2.075262
vertex 18.688077 3.067497 -1.605890
endloop
endfacet
facet normal -0.459968 -0.689745 -0.559179
outer loop
vertex 18.518320 3.680996 -2.223002
vertex 19.054916 3.680996 -2.664393
vertex 18.688077 3.067497 -1.605890
endloop
endfacet
facet normal -0.546125 -0.508033 -0.666071
outer loop
vertex 19.689003 3.680996 -2.948462
vertex 19.728812 3.067497 -2.513167
vertex 19.194728 3.067497 -2.075262
endloop
endfacet
facet normal -0.293533 -0.696084 -0.655214
outer loop
vertex 19.054916 3.680996 -2.664393
vertex 19.689003 3.680996 -2.948462
vertex 19.194728 3.067497 -2.075262
endloop
endfacet
facet normal -0.449279 -0.499215 -0.740900
outer loop
vertex 20.302582 3.680996 -3.274471
vertex 20.319372 3.067497 -2.871280
vertex 19.728812 3.067497 -2.513167
endloop
endfacet
facet normal -0.392140 -0.549107 -0.738043
outer loop
vertex 19.689003 3.680996 -2.948462
vertex 20.302582 3.680996 -3.274471
vertex 19.728812 3.067497 -2.513167
endloop
endfacet
facet normal -0.658452 -0.052471 -0.750791
outer loop
vertex 20.965927 3.680996 -3.481192
vertex 20.838626 3.067497 -3.326671
vertex 20.319372 3.067497 -2.871280
endloop
endfacet
facet normal -0.251097 -0.536405 -0.805742
outer loop
vertex 20.302582 3.680996 -3.274471
vertex 20.965927 3.680996 -3.481192
vertex 20.319372 3.067497 -2.871280
endloop
endfacet
facet normal 0.051507 -0.227459 -0.972425
outer loop
vertex 21.658601 3.680996 -3.426742
vertex 21.528315 3.067497 -3.290140
vertex 20.838626 3.067497 -3.326671
endloop
endfacet
facet normal 0.075709 -0.258284 -0.963098
outer loop
vertex 20.965927 3.680996 -3.481192
vertex 21.658601 3.680996 -3.426742
vertex 20.838626 3.067497 -3.326671
endloop
endfacet
facet normal 0.577744 -0.157543 -0.800870
outer loop
vertex 22.165287 3.680996 -2.951316
vertex 22.088436 3.067497 -2.886072
vertex 21.528315 3.067497 -3.290140
endloop
endfacet
facet normal 0.653996 -0.294079 -0.696998
outer loop
vertex 21.658601 3.680996 -3.426742
vertex 22.165287 3.680996 -2.951316
vertex 21.528315 3.067497 -3.290140
endloop
endfacet
facet normal 0.720652 -0.087143 -0.687799
outer loop
vertex 22.609922 3.680996 -2.417405
vertex 22.565282 3.067497 -2.386448
vertex 22.088436 3.067497 -2.886072
endloop
endfacet
facet normal 0.758259 -0.162140 -0.631470
outer loop
vertex 22.165287 3.680996 -2.951316
vertex 22.609922 3.680996 -2.417405
vertex 22.088436 3.067497 -2.886072
endloop
endfacet
facet normal 0.791411 0.027973 -0.610645
outer loop
vertex 22.975576 3.680996 -1.826593
vertex 22.987193 3.067497 -1.839642
vertex 22.565282 3.067497 -2.386448
endloop
endfacet
facet normal 0.847016 -0.088083 -0.524219
outer loop
vertex 22.609922 3.680996 -2.417405
vertex 22.975576 3.680996 -1.826593
vertex 22.565282 3.067497 -2.386448
endloop
endfacet
facet normal 0.818927 0.160477 -0.551004
outer loop
vertex 23.291964 3.680996 -1.207998
vertex 23.372744 3.067497 -1.266618
vertex 22.987193 3.067497 -1.839642
endloop
endfacet
facet normal 0.889995 0.026534 -0.455198
outer loop
vertex 22.975576 3.680996 -1.826593
vertex 23.291964 3.680996 -1.207998
vertex 22.987193 3.067497 -1.839642
endloop
endfacet
facet normal 0.883940 0.104350 -0.455808
outer loop
vertex 23.640493 3.680996 -0.606926
vertex 23.689279 3.067497 -0.652768
vertex 23.372744 3.067497 -1.266618
endloop
endfacet
facet normal 0.853978 0.159758 -0.495176
outer loop
vertex 23.291964 3.680996 -1.207998
vertex 23.640493 3.680996 -0.606926
vertex 23.372744 3.067497 -1.266618
endloop
endfacet
facet normal 0.890903 0.016929 -0.453878
outer loop
vertex 24.002967 3.680996 -0.014158
vertex 24.002798 3.067497 -0.037372
vertex 23.689279 3.067497 -0.652768
endloop
endfacet
facet normal 0.848310 0.106219 -0.518736
outer loop
vertex 23.640493 3.680996 -0.606926
vertex 24.002967 3.680996 -0.014158
vertex 23.689279 3.067497 -0.652768
endloop
endfacet
facet normal -0.626153 -0.551937 -0.550726
outer loop
vertex 17.896351 4.294496 -2.422312
vertex 17.932811 3.680996 -1.848917
vertex 17.473935 3.680996 -1.327194
endloop
endfacet
facet normal -0.567549 -0.605365 -0.558052
outer loop
vertex 17.401644 4.294496 -1.919186
vertex 17.896351 4.294496 -2.422312
vertex 17.473935 3.680996 -1.327194
endloop
endfacet
facet normal -0.381686 -0.705280 -0.597407
outer loop
vertex 18.426121 4.294496 -2.888373
vertex 18.518320 3.680996 -2.223002
vertex 17.932811 3.680996 -1.848917
endloop
endfacet
facet normal -0.530704 -0.595353 -0.603248
outer loop
vertex 17.896351 4.294496 -2.422312
vertex 18.426121 4.294496 -2.888373
vertex 17.932811 3.680996 -1.848917
endloop
endfacet
facet normal -0.583250 -0.396313 -0.709052
outer loop
vertex 19.111953 4.294496 -3.054215
vertex 19.054916 3.680996 -2.664393
vertex 18.518320 3.680996 -2.223002
endloop
endfacet
facet normal -0.158933 -0.736716 -0.657259
outer loop
vertex 18.426121 4.294496 -2.888373
vertex 19.111953 4.294496 -3.054215
vertex 18.518320 3.680996 -2.223002
endloop
endfacet
facet normal -0.307542 -0.658906 -0.686484
outer loop
vertex 19.644328 4.294496 -3.517300
vertex 19.689003 3.680996 -2.948462
vertex 19.054916 3.680996 -2.664393
endloop
endfacet
facet normal -0.605442 -0.385977 -0.696033
outer loop
vertex 19.111953 4.294496 -3.054215
vertex 19.644328 4.294496 -3.517300
vertex 19.054916 3.680996 -2.664393
endloop
endfacet
facet normal -0.363531 -0.632232 -0.684198
outer loop
vertex 20.277750 4.294496 -3.828180
vertex 20.302582 3.680996 -3.274471
vertex 19.689003 3.680996 -2.948462
endloop
endfacet
facet normal -0.333316 -0.653969 -0.679136
outer loop
vertex 19.644328 4.294496 -3.517300
vertex 20.277750 4.294496 -3.828180
vertex 19.689003 3.680996 -2.948462
endloop
endfacet
facet normal -0.267576 -0.437234 -0.858621
outer loop
vertex 20.982739 4.294496 -3.798843
vertex 20.965927 3.680996 -3.481192
vertex 20.302582 3.680996 -3.274471
endloop
endfacet
facet normal 0.030904 -0.668997 -0.742622
outer loop
vertex 20.277750 4.294496 -3.828180
vertex 20.982739 4.294496 -3.798843
vertex 20.302582 3.680996 -3.274471
endloop
endfacet
facet normal 0.078222 -0.061028 -0.995066
outer loop
vertex 21.606224 4.294496 -3.468485
vertex 21.658601 3.680996 -3.426742
vertex 20.965927 3.680996 -3.481192
endloop
endfacet
facet normal 0.423671 -0.425615 -0.799597
outer loop
vertex 20.982739 4.294496 -3.798843
vertex 21.606224 4.294496 -3.468485
vertex 20.965927 3.680996 -3.481192
endloop
endfacet
facet normal 0.684238 0.006666 -0.729228
outer loop
vertex 22.121672 4.294496 -2.986631
vertex 22.165287 3.680996 -2.951316
vertex 21.658601 3.680996 -3.426742
endloop
endfacet
facet normal 0.682875 0.008596 -0.730484
outer loop
vertex 21.606224 4.294496 -3.468485
vertex 22.121672 4.294496 -2.986631
vertex 21.658601 3.680996 -3.426742
endloop
endfacet
facet normal 0.767151 -0.057600 -0.638875
outer loop
vertex 22.607825 4.294496 -2.475236
vertex 22.609922 3.680996 -2.417405
vertex 22.165287 3.680996 -2.951316
endloop
endfacet
facet normal 0.724717 0.011863 -0.688944
outer loop
vertex 22.121672 4.294496 -2.986631
vertex 22.607825 4.294496 -2.475236
vertex 22.165287 3.680996 -2.951316
endloop
endfacet
facet normal 0.849368 -0.047342 -0.525674
outer loop
vertex 22.979519 4.294496 -1.875474
vertex 22.975576 3.680996 -1.826593
vertex 22.609922 3.680996 -2.417405
endloop
endfacet
facet normal 0.849076 -0.046699 -0.526203
outer loop
vertex 22.607825 4.294496 -2.475236
vertex 22.979519 4.294496 -1.875474
vertex 22.609922 3.680996 -2.417405
endloop
endfacet
facet normal 0.890094 -0.021949 -0.455249
outer loop
vertex 23.289820 4.294496 -1.241768
vertex 23.291964 3.680996 -1.207998
vertex 22.975576 3.680996 -1.826593
endloop
endfacet
facet normal 0.897364 -0.040777 -0.439404
outer loop
vertex 22.979519 4.294496 -1.875474
vertex 23.289820 4.294496 -1.241768
vertex 22.975576 3.680996 -1.826593
endloop
endfacet
facet normal 0.865036 -0.011057 -0.501588
outer loop
vertex 23.636556 4.294496 -0.627241
vertex 23.640493 3.680996 -0.606926
vertex 23.291964 3.680996 -1.207998
endloop
endfacet
facet normal 0.870680 -0.023999 -0.491264
outer loop
vertex 23.289820 4.294496 -1.241768
vertex 23.636556 4.294496 -0.627241
vertex 23.291964 3.680996 -1.207998
endloop
endfacet
facet normal 0.853136 -0.001339 -0.521687
outer loop
vertex 23.999168 4.294496 -0.021945
vertex 24.002967 3.680996 -0.014158
vertex 23.640493 3.680996 -0.606926
endloop
endfacet
facet normal 0.857789 -0.011510 -0.513873
outer loop
vertex 23.636556 4.294496 -0.627241
vertex 23.999168 4.294496 -0.021945
vertex 23.640493 3.680996 -0.606926
endloop
endfacet
facet normal -0.668475 -0.348011 -0.657289
outer loop
vertex 17.837304 4.907995 -2.687086
vertex 17.896351 4.294496 -2.422312
vertex 17.401644 4.294496 -1.919186
endloop
endfacet
facet normal -0.812723 -0.132922 -0.567285
outer loop
vertex 17.428665 4.907995 -2.101648
vertex 17.837304 4.907995 -2.687086
vertex 17.401644 4.294496 -1.919186
endloop
endfacet
facet normal -0.631171 -0.294772 -0.717449
outer loop
vertex 18.404169 4.907995 -3.121124
vertex 18.426121 4.294496 -2.888373
vertex 17.896351 4.294496 -2.422312
endloop
endfacet
facet normal -0.564228 -0.372334 -0.736895
outer loop
vertex 17.837304 4.907995 -2.687086
vertex 18.404169 4.907995 -3.121124
vertex 17.896351 4.294496 -2.422312
endloop
endfacet
facet normal -0.187008 -0.605755 -0.773362
outer loop
vertex 19.003819 4.907995 -3.508607
vertex 19.111953 4.294496 -3.054215
vertex 18.426121 4.294496 -2.888373
endloop
endfacet
facet normal -0.514145 -0.320259 -0.795669
outer loop
vertex 18.404169 4.907995 -3.121124
vertex 19.003819 4.907995 -3.508607
vertex 18.426121 4.294496 -2.888373
endloop
endfacet
facet normal -0.639726 -0.223316 -0.735446
outer loop
vertex 19.680815 4.907995 -3.735326
vertex 19.644328 4.294496 -3.517300
vertex 19.111953 4.294496 -3.054215
endloop
endfacet
facet normal -0.253035 -0.604219 -0.755575
outer loop
vertex 19.003819 4.907995 -3.508607
vertex 19.680815 4.907995 -3.735326
vertex 19.111953 4.294496 -3.054215
endloop
endfacet
facet normal -0.408877 -0.372529 -0.833092
outer loop
vertex 20.289582 4.907995 -4.108323
vertex 20.277750 4.294496 -3.828180
vertex 19.644328 4.294496 -3.517300
endloop
endfacet
facet normal -0.504132 -0.262422 -0.822792
outer loop
vertex 19.680815 4.907995 -3.735326
vertex 20.289582 4.907995 -4.108323
vertex 19.644328 4.294496 -3.517300
endloop
endfacet
facet normal 0.040847 -0.186718 -0.981564
outer loop
vertex 20.977079 4.907995 -3.915781
vertex 20.982739 4.294496 -3.798843
vertex 20.277750 4.294496 -3.828180
endloop
endfacet
facet normal 0.246399 -0.406496 -0.879801
outer loop
vertex 20.289582 4.907995 -4.108323
vertex 20.977079 4.907995 -3.915781
vertex 20.277750 4.294496 -3.828180
endloop
endfacet
facet normal 0.465593 0.105273 -0.878716
outer loop
vertex 21.513188 4.907995 -3.444282
vertex 21.606224 4.294496 -3.468485
vertex 20.982739 4.294496 -3.798843
endloop
endfacet
facet normal 0.654294 -0.135768 -0.743953
outer loop
vertex 20.977079 4.907995 -3.915781
vertex 21.513188 4.907995 -3.444282
vertex 20.982739 4.294496 -3.798843
endloop
endfacet
facet normal 0.680410 0.085331 -0.727847
outer loop
vertex 22.053896 4.907995 -2.978065
vertex 22.121672 4.294496 -2.986631
vertex 21.606224 4.294496 -3.468485
endloop
endfacet
facet normal 0.647652 0.127849 -0.751133
outer loop
vertex 21.513188 4.907995 -3.444282
vertex 22.053896 4.907995 -2.978065
vertex 21.606224 4.294496 -3.468485
endloop
endfacet
facet normal 0.724675 0.015982 -0.688905
outer loop
vertex 22.577587 4.907995 -2.492811
vertex 22.607825 4.294496 -2.475236
vertex 22.121672 4.294496 -2.986631
endloop
endfacet
facet normal 0.677215 0.085020 -0.730857
outer loop
vertex 22.053896 4.907995 -2.978065
vertex 22.577587 4.907995 -2.492811
vertex 22.121672 4.294496 -2.986631
endloop
endfacet
facet normal 0.848381 -0.061759 -0.525772
outer loop
vertex 22.998831 4.907995 -1.916376
vertex 22.979519 4.294496 -1.875474
vertex 22.607825 4.294496 -2.475236
endloop
endfacet
facet normal 0.807178 0.022885 -0.589864
outer loop
vertex 22.577587 4.907995 -2.492811
vertex 22.998831 4.907995 -1.916376
vertex 22.607825 4.294496 -2.475236
endloop
endfacet
facet normal 0.890380 -0.130922 -0.435984
outer loop
vertex 23.353192 4.907995 -1.296575
vertex 23.289820 4.294496 -1.241768
vertex 22.979519 4.294496 -1.875474
endloop
endfacet
facet normal 0.866549 -0.060308 -0.495436
outer loop
vertex 22.998831 4.907995 -1.916376
vertex 23.353192 4.907995 -1.296575
vertex 22.979519 4.294496 -1.875474
endloop
endfacet
facet normal 0.867402 -0.089925 -0.489415
outer loop
vertex 23.680503 4.907995 -0.662074
vertex 23.636556 4.294496 -0.627241
vertex 23.289820 4.294496 -1.241768
endloop
endfacet
facet normal 0.880990 -0.131603 -0.454464
outer loop
vertex 23.353192 4.907995 -1.296575
vertex 23.680503 4.907995 -0.662074
vertex 23.289820 4.294496 -1.241768
endloop
endfacet
facet normal 0.857797 -0.010702 -0.513878
outer loop
vertex 24.004476 4.907995 -0.025862
vertex 23.999168 4.294496 -0.021945
vertex 23.636556 4.294496 -0.627241
endloop
endfacet
facet normal 0.887561 -0.089242 -0.451964
outer loop
vertex 23.680503 4.907995 -0.662074
vertex 24.004476 4.907995 -0.025862
vertex 23.636556 4.294496 -0.627241
endloop
endfacet
facet normal -0.005115 -0.863250 -0.504750
outer loop
vertex 2.457108 5.521495 -1.108116
vertex 2.853594 4.907995 -0.062895
vertex 2.139681 4.907995 -0.055661
endloop
endfacet
facet normal -0.684969 -0.520375 -0.509929
outer loop
vertex 2.025252 5.521495 -0.528021
vertex 2.457108 5.521495 -1.108116
vertex 2.139681 4.907995 -0.055661
endloop
endfacet
facet normal -0.044849 -0.876521 -0.479269
outer loop
vertex 3.172399 5.521495 -1.214739
vertex 3.564438 4.907995 -0.129414
vertex 2.853594 4.907995 -0.062895
endloop
endfacet
facet normal -0.072201 -0.871880 -0.484368
outer loop
vertex 2.457108 5.521495 -1.108116
vertex 3.172399 5.521495 -1.214739
vertex 2.853594 4.907995 -0.062895
endloop
endfacet
facet normal -0.123442 -0.901261 -0.415320
outer loop
vertex 3.819979 5.521495 -1.536685
vertex 4.248799 4.907995 -0.332821
vertex 3.564438 4.907995 -0.129414
endloop
endfacet
facet normal -0.210052 -0.881681 -0.422511
outer loop
vertex 3.172399 5.521495 -1.214739
vertex 3.819979 5.521495 -1.536685
vertex 3.564438 4.907995 -0.129414
endloop
endfacet
facet normal -0.049184 -0.910673 -0.410190
outer loop
vertex 4.517653 5.521495 -1.727104
vertex 4.957671 4.907995 -0.417818
vertex 4.248799 4.907995 -0.332821
endloop
endfacet
facet normal -0.114218 -0.901015 -0.418480
outer loop
vertex 3.819979 5.521495 -1.536685
vertex 4.517653 5.521495 -1.727104
vertex 4.248799 4.907995 -0.332821
endloop
endfacet
facet normal 0.026756 -0.906375 -0.421625
outer loop
vertex 5.240799 5.521495 -1.718702
vertex 5.670187 4.907995 -0.372602
vertex 4.957671 4.907995 -0.417818
endloop
endfacet
facet normal 0.004946 -0.904869 -0.425662
outer loop
vertex 4.517653 5.521495 -1.727104
vertex 5.240799 5.521495 -1.718702
vertex 4.957671 4.907995 -0.417818
endloop
endfacet
facet normal 0.121136 -0.905052 -0.407685
outer loop
vertex 5.960556 5.521495 -1.648281
vertex 6.354565 4.907995 -0.169253
vertex 5.670187 4.907995 -0.372602
endloop
endfacet
facet normal 0.041613 -0.904086 -0.425321
outer loop
vertex 5.240799 5.521495 -1.718702
vertex 5.960556 5.521495 -1.648281
vertex 5.670187 4.907995 -0.372602
endloop
endfacet
facet normal 0.077104 -0.910482 -0.406297
outer loop
vertex 6.665105 5.521495 -1.485126
vertex 7.055996 4.907995 -0.036140
vertex 6.354565 4.907995 -0.169253
endloop
endfacet
facet normal 0.093223 -0.910633 -0.402564
outer loop
vertex 5.960556 5.521495 -1.648281
vertex 6.665105 5.521495 -1.485126
vertex 6.354565 4.907995 -0.169253
endloop
endfacet
facet normal 0.022367 -0.886075 -0.463003
outer loop
vertex 7.328454 5.521495 -1.197067
vertex 7.769114 4.907995 -0.001690
vertex 7.055996 4.907995 -0.036140
endloop
endfacet
facet normal 0.184555 -0.886182 -0.424996
outer loop
vertex 6.665105 5.521495 -1.485126
vertex 7.328454 5.521495 -1.197067
vertex 7.055996 4.907995 -0.036140
endloop
endfacet
facet normal 0.000881 -0.779511 -0.626388
outer loop
vertex 7.908366 5.521495 -0.764966
vertex 8.483063 4.907995 -0.000685
vertex 7.769114 4.907995 -0.001690
endloop
endfacet
facet normal 0.395327 -0.749817 -0.530558
outer loop
vertex 7.328454 5.521495 -1.197067
vertex 7.908366 5.521495 -0.764966
vertex 7.769114 4.907995 -0.001690
endloop
endfacet
facet normal 0.000001 -0.581043 -0.813873
outer loop
vertex 8.553769 5.521495 -0.438677
vertex 9.197013 4.907995 -0.000684
vertex 8.483063 4.907995 -0.000685
endloop
endfacet
facet normal 0.371507 -0.567439 -0.734844
outer loop
vertex 7.908366 5.521495 -0.764966
vertex 8.553769 5.521495 -0.438677
vertex 8.483063 4.907995 -0.000685
endloop
endfacet
facet normal 0.410735 -0.203806 -0.888684
outer loop
vertex 8.553769 5.521495 -0.438677
vertex 9.210239 5.521495 -0.135268
vertex 9.197013 4.907995 -0.000684
endloop
endfacet
facet normal -0.803747 -0.337276 -0.490139
outer loop
vertex 17.114546 5.521495 -2.008707
vertex 17.428665 4.907995 -2.101648
vertex 17.056950 4.907995 -1.492097
endloop
endfacet
facet normal -0.773592 -0.364104 -0.518637
outer loop
vertex 16.711827 5.521495 -1.408018
vertex 17.114546 5.521495 -2.008707
vertex 17.056950 4.907995 -1.492097
endloop
endfacet
facet normal -0.814218 -0.118534 -0.568329
outer loop
vertex 17.629152 5.521495 -2.516831
vertex 17.837304 4.907995 -2.687086
vertex 17.428665 4.907995 -2.101648
endloop
endfacet
facet normal -0.681320 -0.244312 -0.690011
outer loop
vertex 17.114546 5.521495 -2.008707
vertex 17.629152 5.521495 -2.516831
vertex 17.428665 4.907995 -2.101648
endloop
endfacet
facet normal -0.599261 -0.168357 -0.782650
outer loop
vertex 18.127299 5.521495 -3.041101
vertex 18.404169 4.907995 -3.121124
vertex 17.837304 4.907995 -2.687086
endloop
endfacet
facet normal -0.723850 -0.054723 -0.687784
outer loop
vertex 17.629152 5.521495 -2.516831
vertex 18.127299 5.521495 -3.041101
vertex 17.837304 4.907995 -2.687086
endloop
endfacet
facet normal -0.521010 -0.280075 -0.806292
outer loop
vertex 18.677279 5.521495 -3.510709
vertex 19.003819 4.907995 -3.508607
vertex 18.404169 4.907995 -3.121124
endloop
endfacet
facet normal -0.637485 -0.190311 -0.746588
outer loop
vertex 18.127299 5.521495 -3.041101
vertex 18.677279 5.521495 -3.510709
vertex 18.404169 4.907995 -3.121124
endloop
endfacet
facet normal -0.302236 -0.306855 -0.902493
outer loop
vertex 19.328205 5.521495 -3.825835
vertex 19.680815 4.907995 -3.735326
vertex 19.003819 4.907995 -3.508607
endloop
endfacet
facet normal -0.424186 -0.228779 -0.876200
outer loop
vertex 18.677279 5.521495 -3.510709
vertex 19.328205 5.521495 -3.825835
vertex 19.003819 4.907995 -3.508607
endloop
endfacet
facet normal -0.522353 0.018399 -0.852531
outer loop
vertex 20.041801 5.521495 -3.943265
vertex 20.289582 4.907995 -4.108323
vertex 19.680815 4.907995 -3.735326
endloop
endfacet
facet normal -0.157933 -0.232360 -0.959722
outer loop
vertex 19.328205 5.521495 -3.825835
vertex 20.041801 5.521495 -3.943265
vertex 19.680815 4.907995 -3.735326
endloop
endfacet
facet normal 0.254578 0.329994 -0.909007
outer loop
vertex 20.741162 5.521495 -3.759135
vertex 20.977079 4.907995 -3.915781
vertex 20.289582 4.907995 -4.108323
endloop
endfacet
facet normal 0.239326 0.341220 -0.909006
outer loop
vertex 20.041801 5.521495 -3.943265
vertex 20.741162 5.521495 -3.759135
vertex 20.289582 4.907995 -4.108323
endloop
endfacet
facet normal 0.659895 0.039478 -0.750320
outer loop
vertex 21.415524 5.521495 -3.497896
vertex 21.513188 4.907995 -3.444282
vertex 20.977079 4.907995 -3.915781
endloop
endfacet
facet normal 0.338007 0.352763 -0.872531
outer loop
vertex 20.741162 5.521495 -3.759135
vertex 21.415524 5.521495 -3.497896
vertex 20.977079 4.907995 -3.915781
endloop
endfacet
facet normal 0.648148 0.121813 -0.751708
outer loop
vertex 21.927773 5.521495 -2.987396
vertex 22.053896 4.907995 -2.978065
vertex 21.513188 4.907995 -3.444282
endloop
endfacet
facet normal 0.704999 0.050408 -0.707414
outer loop
vertex 21.415524 5.521495 -3.497896
vertex 21.927773 5.521495 -2.987396
vertex 21.513188 4.907995 -3.444282
endloop
endfacet
facet normal 0.661192 0.231621 -0.713566
outer loop
vertex 22.410281 5.521495 -2.448698
vertex 22.577587 4.907995 -2.492811
vertex 22.053896 4.907995 -2.978065
endloop
endfacet
facet normal 0.737388 0.141546 -0.660473
outer loop
vertex 21.927773 5.521495 -2.987396
vertex 22.410281 5.521495 -2.448698
vertex 22.053896 4.907995 -2.978065
endloop
endfacet
facet normal 0.795360 0.171977 -0.581228
outer loop
vertex 22.879391 5.521495 -1.898294
vertex 22.998831 4.907995 -1.916376
vertex 22.577587 4.907995 -2.492811
endloop
endfacet
facet normal 0.737617 0.246358 -0.628672
outer loop
vertex 22.410281 5.521495 -2.448698
vertex 22.879391 5.521495 -1.898294
vertex 22.577587 4.907995 -2.492811
endloop
endfacet
facet normal 0.854972 0.173437 -0.488817
outer loop
vertex 23.242347 5.521495 -1.272776
vertex 23.353192 4.907995 -1.296575
vertex 22.998831 4.907995 -1.916376
endloop
endfacet
facet normal 0.850781 0.180186 -0.493664
outer loop
vertex 22.879391 5.521495 -1.898294
vertex 23.242347 5.521495 -1.272776
vertex 22.998831 4.907995 -1.916376
endloop
endfacet
facet normal 0.884830 0.093463 -0.456444
outer loop
vertex 23.619106 5.521495 -0.655474
vertex 23.680503 4.907995 -0.662074
vertex 23.353192 4.907995 -1.296575
endloop
endfacet
facet normal 0.840881 0.171838 -0.513216
outer loop
vertex 23.242347 5.521495 -1.272776
vertex 23.619106 5.521495 -0.655474
vertex 23.353192 4.907995 -1.296575
endloop
endfacet
facet normal 0.891010 -0.015433 -0.453721
outer loop
vertex 24.005717 5.521495 -0.044293
vertex 24.004476 4.907995 -0.025862
vertex 23.680503 4.907995 -0.662074
endloop
endfacet
facet normal 0.841686 0.089963 -0.532421
outer loop
vertex 23.619106 5.521495 -0.655474
vertex 24.005717 5.521495 -0.044293
vertex 23.680503 4.907995 -0.662074
endloop
endfacet
facet normal -0.101693 -0.703835 -0.703047
outer loop
vertex 1.167017 6.134994 -0.679502
vertex 1.438938 5.521495 -0.104648
vertex 0.723193 5.521495 -0.001118
endloop
endfacet
facet normal -0.761332 -0.147393 -0.631386
outer loop
vertex 0.707975 6.134994 -0.125985
vertex 1.167017 6.134994 -0.679502
vertex 0.723193 5.521495 -0.001118
endloop
endfacet
facet normal -0.341287 -0.812490 -0.472635
outer loop
vertex 1.584918 6.134994 -1.264702
vertex 2.025252 5.521495 -0.528021
vertex 1.438938 5.521495 -0.104648
endloop
endfacet
facet normal -0.603317 -0.671108 -0.430839
outer loop
vertex 1.167017 6.134994 -0.679502
vertex 1.584918 6.134994 -1.264702
vertex 1.438938 5.521495 -0.104648
endloop
endfacet
facet normal -0.535230 -0.744824 -0.398455
outer loop
vertex 2.096301 6.134994 -1.770260
vertex 2.457108 5.521495 -1.108116
vertex 2.025252 5.521495 -0.528021
endloop
endfacet
facet normal -0.416768 -0.805347 -0.421570
outer loop
vertex 1.584918 6.134994 -1.264702
vertex 2.096301 6.134994 -1.770260
vertex 2.025252 5.521495 -0.528021
endloop
endfacet
facet normal -0.085982 -0.812333 -0.576821
outer loop
vertex 2.771044 6.134994 -2.018900
vertex 3.172399 5.521495 -1.214739
vertex 2.457108 5.521495 -1.108116
endloop
endfacet
facet normal -0.219614 -0.772388 -0.595975
outer loop
vertex 2.096301 6.134994 -1.770260
vertex 2.771044 6.134994 -2.018900
vertex 2.457108 5.521495 -1.108116
endloop
endfacet
facet normal -0.258881 -0.813525 -0.520728
outer loop
vertex 3.431966 6.134994 -2.302243
vertex 3.819979 5.521495 -1.536685
vertex 3.172399 5.521495 -1.214739
endloop
endfacet
facet normal -0.222400 -0.825482 -0.518766
outer loop
vertex 2.771044 6.134994 -2.018900
vertex 3.431966 6.134994 -2.302243
vertex 3.172399 5.521495 -1.214739
endloop
endfacet
facet normal -0.131553 -0.866243 -0.481993
outer loop
vertex 4.032789 6.134994 -2.697354
vertex 4.517653 5.521495 -1.727104
vertex 3.819979 5.521495 -1.536685
endloop
endfacet
facet normal -0.320862 -0.811780 -0.487916
outer loop
vertex 3.431966 6.134994 -2.302243
vertex 4.032789 6.134994 -2.697354
vertex 3.819979 5.521495 -1.536685
endloop
endfacet
facet normal 0.005251 -0.892023 -0.451960
outer loop
vertex 4.711235 6.134994 -2.935706
vertex 5.240799 5.521495 -1.718702
vertex 4.517653 5.521495 -1.727104
endloop
endfacet
facet normal -0.164163 -0.868738 -0.467275
outer loop
vertex 4.032789 6.134994 -2.697354
vertex 4.711235 6.134994 -2.935706
vertex 4.517653 5.521495 -1.727104
endloop
endfacet
facet normal 0.045722 -0.882905 -0.467321
outer loop
vertex 5.426297 6.134994 -2.859632
vertex 5.960556 5.521495 -1.648281
vertex 5.240799 5.521495 -1.718702
endloop
endfacet
facet normal 0.049655 -0.883003 -0.466734
outer loop
vertex 4.711235 6.134994 -2.935706
vertex 5.426297 6.134994 -2.859632
vertex 5.240799 5.521495 -1.718702
endloop
endfacet
facet normal 0.098603 -0.899431 -0.425795
outer loop
vertex 6.144163 6.134994 -2.901694
vertex 6.665105 5.521495 -1.485126
vertex 5.960556 5.521495 -1.648281
endloop
endfacet
facet normal -0.025930 -0.896374 -0.442540
outer loop
vertex 5.426297 6.134994 -2.859632
vertex 6.144163 6.134994 -2.901694
vertex 5.960556 5.521495 -1.648281
endloop
endfacet
facet normal 0.202928 -0.860491 -0.467307
outer loop
vertex 6.779613 6.134994 -2.565088
vertex 7.328454 5.521495 -1.197067
vertex 6.665105 5.521495 -1.485126
endloop
endfacet
facet normal 0.243376 -0.854209 -0.459450
outer loop
vertex 6.144163 6.134994 -2.901694
vertex 6.779613 6.134994 -2.565088
vertex 6.665105 5.521495 -1.485126
endloop
endfacet
facet normal 0.367067 -0.789035 -0.492631
outer loop
vertex 7.367327 6.134994 -2.150729
vertex 7.908366 5.521495 -0.764966
vertex 7.328454 5.521495 -1.197067
endloop
endfacet
facet normal 0.350148 -0.794195 -0.496640
outer loop
vertex 6.779613 6.134994 -2.565088
vertex 7.367327 6.134994 -2.150729
vertex 7.328454 5.521495 -1.197067
endloop
endfacet
facet normal 0.206344 -0.889290 -0.408150
outer loop
vertex 8.074052 6.134994 -2.017912
vertex 8.553769 5.521495 -0.438677
vertex 7.908366 5.521495 -0.764966
endloop
endfacet
facet normal 0.080752 -0.899359 -0.429688
outer loop
vertex 7.367327 6.134994 -2.150729
vertex 8.074052 6.134994 -2.017912
vertex 7.908366 5.521495 -0.764966
endloop
endfacet
facet normal 0.163854 -0.920579 -0.354522
outer loop
vertex 8.786984 6.134994 -1.923947
vertex 9.210239 5.521495 -0.135268
vertex 8.553769 5.521495 -0.438677
endloop
endfacet
facet normal 0.049382 -0.925842 -0.374670
outer loop
vertex 8.074052 6.134994 -2.017912
vertex 8.786984 6.134994 -1.923947
vertex 8.553769 5.521495 -0.438677
endloop
endfacet
facet normal 0.063245 -0.909115 -0.411716
outer loop
vertex 9.344173 6.134994 -1.469370
vertex 9.925048 5.521495 -0.025464
vertex 9.210239 5.521495 -0.135268
endloop
endfacet
facet normal 0.304030 -0.876750 -0.372659
outer loop
vertex 8.786984 6.134994 -1.923947
vertex 9.344173 6.134994 -1.469370
vertex 9.210239 5.521495 -0.135268
endloop
endfacet
facet normal 0.007023 -0.885647 -0.464306
outer loop
vertex 10.008634 6.134994 -1.194428
vertex 10.648159 5.521495 -0.014526
vertex 9.925048 5.521495 -0.025464
endloop
endfacet
facet normal 0.184684 -0.875603 -0.446331
outer loop
vertex 9.344173 6.134994 -1.469370
vertex 10.008634 6.134994 -1.194428
vertex 9.925048 5.521495 -0.025464
endloop
endfacet
facet normal 0.000045 -0.811552 -0.584280
outer loop
vertex 10.648690 6.134994 -0.866664
vertex 11.371353 5.521495 -0.014471
vertex 10.648159 5.521495 -0.014526
endloop
endfacet
facet normal 0.286591 -0.777595 -0.559653
outer loop
vertex 10.008634 6.134994 -1.194428
vertex 10.648690 6.134994 -0.866664
vertex 10.648159 5.521495 -0.014526
endloop
endfacet
facet normal -0.000046 -0.774816 -0.632186
outer loop
vertex 11.360760 6.134994 -0.766383
vertex 12.094547 5.521495 -0.014524
vertex 11.371353 5.521495 -0.014471
endloop
endfacet
facet normal 0.088785 -0.771143 -0.630441
outer loop
vertex 10.648690 6.134994 -0.866664
vertex 11.360760 6.134994 -0.766383
vertex 11.371353 5.521495 -0.014471
endloop
endfacet
facet normal -0.001074 -0.810990 -0.585059
outer loop
vertex 12.073077 6.134994 -0.864898
vertex 12.817740 5.521495 -0.015852
vertex 12.094547 5.521495 -0.014524
endloop
endfacet
facet normal -0.080470 -0.809311 -0.581843
outer loop
vertex 11.360760 6.134994 -0.766383
vertex 12.073077 6.134994 -0.864898
vertex 12.094547 5.521495 -0.014524
endloop
endfacet
facet normal -0.022486 -0.862023 -0.506371
outer loop
vertex 12.765779 6.134994 -1.057938
vertex 13.540222 5.521495 -0.047935
vertex 12.817740 5.521495 -0.015852
endloop
endfacet
facet normal -0.138585 -0.856441 -0.497296
outer loop
vertex 12.073077 6.134994 -0.864898
vertex 12.765779 6.134994 -1.057938
vertex 12.817740 5.521495 -0.015852
endloop
endfacet
facet normal -0.080866 -0.879405 -0.469156
outer loop
vertex 13.473314 6.134994 -1.186372
vertex 14.252906 5.521495 -0.170777
vertex 13.540222 5.521495 -0.047935
endloop
endfacet
facet normal -0.085097 -0.879198 -0.468795
outer loop
vertex 12.765779 6.134994 -1.057938
vertex 13.473314 6.134994 -1.186372
vertex 13.540222 5.521495 -0.047935
endloop
endfacet
facet normal -0.078831 -0.904180 -0.419814
outer loop
vertex 14.134192 6.134994 -1.469818
vertex 14.963678 5.521495 -0.304244
vertex 14.252906 5.521495 -0.170777
endloop
endfacet
facet normal -0.174720 -0.896393 -0.407373
outer loop
vertex 13.473314 6.134994 -1.186372
vertex 14.134192 6.134994 -1.469818
vertex 14.252906 5.521495 -0.170777
endloop
endfacet
facet normal -0.058353 -0.925347 -0.374604
outer loop
vertex 14.777705 6.134994 -1.790741
vertex 15.678254 5.521495 -0.415554
vertex 14.963678 5.521495 -0.304244
endloop
endfacet
facet normal -0.177712 -0.917297 -0.356349
outer loop
vertex 14.134192 6.134994 -1.469818
vertex 14.777705 6.134994 -1.790741
vertex 14.963678 5.521495 -0.304244
endloop
endfacet
facet normal -0.277444 -0.881666 -0.381695
outer loop
vertex 15.490565 6.134994 -1.696233
vertex 16.263238 5.521495 -0.840764
vertex 15.678254 5.521495 -0.415554
endloop
endfacet
facet normal 0.058096 -0.896992 -0.438212
outer loop
vertex 14.777705 6.134994 -1.790741
vertex 15.490565 6.134994 -1.696233
vertex 15.678254 5.521495 -0.415554
endloop
endfacet
facet normal -0.521658 -0.746787 -0.412531
outer loop
vertex 16.190818 6.134994 -1.859777
vertex 16.711827 5.521495 -1.408018
vertex 16.263238 5.521495 -0.840764
endloop
endfacet
facet normal -0.118176 -0.854402 -0.505996
outer loop
vertex 15.490565 6.134994 -1.696233
vertex 16.190818 6.134994 -1.859777
vertex 16.263238 5.521495 -0.840764
endloop
endfacet
facet normal -0.727316 -0.482954 -0.487613
outer loop
vertex 16.829218 6.134994 -2.190755
vertex 17.114546 5.521495 -2.008707
vertex 16.711827 5.521495 -1.408018
endloop
endfacet
facet normal -0.318282 -0.722362 -0.613913
outer loop
vertex 16.190818 6.134994 -1.859777
vertex 16.829218 6.134994 -2.190755
vertex 16.711827 5.521495 -1.408018
endloop
endfacet
facet normal -0.660198 -0.342176 -0.668621
outer loop
vertex 17.410156 6.134994 -2.614561
vertex 17.629152 5.521495 -2.516831
vertex 17.114546 5.521495 -2.008707
endloop
endfacet
facet normal -0.524208 -0.457024 -0.718565
outer loop
vertex 16.829218 6.134994 -2.190755
vertex 17.410156 6.134994 -2.614561
vertex 17.114546 5.521495 -2.008707
endloop
endfacet
facet normal -0.706665 -0.223100 -0.671455
outer loop
vertex 17.964056 6.134994 -3.073141
vertex 18.127299 5.521495 -3.041101
vertex 17.629152 5.521495 -2.516831
endloop
endfacet
facet normal -0.601849 -0.330639 -0.726949
outer loop
vertex 17.410156 6.134994 -2.614561
vertex 17.964056 6.134994 -3.073141
vertex 17.629152 5.521495 -2.516831
endloop
endfacet
facet normal -0.644757 -0.118763 -0.755105
outer loop
vertex 18.546206 6.134994 -3.495281
vertex 18.677279 5.521495 -3.510709
vertex 18.127299 5.521495 -3.041101
endloop
endfacet
facet normal -0.575810 -0.194685 -0.794066
outer loop
vertex 17.964056 6.134994 -3.073141
vertex 18.546206 6.134994 -3.495281
vertex 18.127299 5.521495 -3.041101
endloop
endfacet
facet normal -0.432839 -0.115246 -0.894074
outer loop
vertex 19.180777 6.134994 -3.833542
vertex 19.328205 5.521495 -3.825835
vertex 18.677279 5.521495 -3.510709
endloop
endfacet
facet normal -0.468961 -0.078070 -0.879762
outer loop
vertex 18.546206 6.134994 -3.495281
vertex 19.180777 6.134994 -3.833542
vertex 18.677279 5.521495 -3.510709
endloop
endfacet
facet normal -0.152186 0.348691 -0.924799
outer loop
vertex 19.884591 6.134994 -3.686078
vertex 20.041801 5.521495 -3.943265
vertex 19.328205 5.521495 -3.825835
endloop
endfacet
facet normal 0.204929 0.036959 -0.978079
outer loop
vertex 19.180777 6.134994 -3.833542
vertex 19.884591 6.134994 -3.686078
vertex 19.328205 5.521495 -3.825835
endloop
endfacet
facet normal 0.200099 0.618336 -0.760014
outer loop
vertex 20.504840 6.134994 -3.322221
vertex 20.741162 5.521495 -3.759135
vertex 20.041801 5.521495 -3.943265
endloop
endfacet
facet normal 0.454151 0.440919 -0.774169
outer loop
vertex 19.884591 6.134994 -3.686078
vertex 20.504840 6.134994 -3.322221
vertex 20.041801 5.521495 -3.943265
endloop
endfacet
facet normal 0.304630 0.537420 -0.786372
outer loop
vertex 21.205405 6.134994 -3.160018
vertex 21.415524 5.521495 -3.497896
vertex 20.741162 5.521495 -3.759135
endloop
endfacet
facet normal 0.177798 0.615376 -0.767920
outer loop
vertex 20.504840 6.134994 -3.322221
vertex 21.205405 6.134994 -3.160018
vertex 20.741162 5.521495 -3.759135
endloop
endfacet
facet normal 0.686659 0.231865 -0.689012
outer loop
vertex 21.855604 6.134994 -2.852865
vertex 21.927773 5.521495 -2.987396
vertex 21.415524 5.521495 -3.497896
endloop
endfacet
facet normal 0.359068 0.541593 -0.760097
outer loop
vertex 21.205405 6.134994 -3.160018
vertex 21.855604 6.134994 -2.852865
vertex 21.415524 5.521495 -3.497896
endloop
endfacet
facet normal 0.741709 0.092285 -0.664343
outer loop
vertex 22.396431 6.134994 -2.378939
vertex 22.410281 5.521495 -2.448698
vertex 21.927773 5.521495 -2.987396
endloop
endfacet
facet normal 0.640502 0.235624 -0.730916
outer loop
vertex 21.855604 6.134994 -2.852865
vertex 22.396431 6.134994 -2.378939
vertex 21.927773 5.521495 -2.987396
endloop
endfacet
facet normal 0.758933 0.074973 -0.646839
outer loop
vertex 22.870198 6.134994 -1.837971
vertex 22.879391 5.521495 -1.898294
vertex 22.410281 5.521495 -2.448698
endloop
endfacet
facet normal 0.749130 0.091512 -0.656071
outer loop
vertex 22.396431 6.134994 -2.378939
vertex 22.870198 6.134994 -1.837971
vertex 22.410281 5.521495 -2.448698
endloop
endfacet
facet normal 0.861529 0.088691 -0.499901
outer loop
vertex 23.216817 6.134994 -1.207927
vertex 23.242347 5.521495 -1.272776
vertex 22.879391 5.521495 -1.898294
endloop
endfacet
facet normal 0.874559 0.060414 -0.481140
outer loop
vertex 22.870198 6.134994 -1.837971
vertex 23.216817 6.134994 -1.207927
vertex 22.879391 5.521495 -1.898294
endloop
endfacet
facet normal 0.850952 0.078380 -0.519363
outer loop
vertex 23.597688 6.134994 -0.597978
vertex 23.619106 5.521495 -0.655474
vertex 23.242347 5.521495 -1.272776
endloop
endfacet
facet normal 0.844703 0.090904 -0.527459
outer loop
vertex 23.216817 6.134994 -1.207927
vertex 23.597688 6.134994 -0.597978
vertex 23.242347 5.521495 -1.272776
endloop
endfacet
facet normal 0.845105 0.004224 -0.534584
outer loop
vertex 24.020396 6.134994 -0.016240
vertex 24.005717 5.521495 -0.044293
vertex 23.619106 5.521495 -0.655474
endloop
endfacet
facet normal 0.806190 0.083044 -0.585800
outer loop
vertex 23.597688 6.134994 -0.597978
vertex 24.020396 6.134994 -0.016240
vertex 23.619106 5.521495 -0.655474
endloop
endfacet
facet normal -0.128754 -0.678172 -0.723537
outer loop
vertex 0.401066 6.748493 -0.646403
vertex 0.707975 6.134994 -0.125985
vertex 0.000000 6.134994 0.000000
endloop
endfacet
facet normal -0.828860 -0.045643 -0.557591
outer loop
vertex 0.000000 6.748493 -0.050219
vertex 0.401066 6.748493 -0.646403
vertex 0.000000 6.134994 0.000000
endloop
endfacet
facet normal -0.537522 -0.715789 -0.445776
outer loop
vertex 0.811635 6.748493 -1.236083
vertex 1.167017 6.134994 -0.679502
vertex 0.707975 6.134994 -0.125985
endloop
endfacet
facet normal -0.611441 -0.667010 -0.425721
outer loop
vertex 0.401066 6.748493 -0.646403
vertex 0.811635 6.748493 -1.236083
vertex 0.707975 6.134994 -0.125985
endloop
endfacet
facet normal -0.587050 -0.692550 -0.419222
outer loop
vertex 1.248249 6.748493 -1.806748
vertex 1.584918 6.134994 -1.264702
vertex 1.167017 6.134994 -0.679502
endloop
endfacet
facet normal -0.558417 -0.711079 -0.427243
outer loop
vertex 0.811635 6.748493 -1.236083
vertex 1.248249 6.748493 -1.806748
vertex 1.167017 6.134994 -0.679502
endloop
endfacet
facet normal -0.589373 -0.545186 -0.596164
outer loop
vertex 1.890865 6.748493 -2.128204
vertex 2.096301 6.134994 -1.770260
vertex 1.584918 6.134994 -1.264702
endloop
endfacet
facet normal -0.310751 -0.719393 -0.621215
outer loop
vertex 1.248249 6.748493 -1.806748
vertex 1.890865 6.748493 -2.128204
vertex 1.584918 6.134994 -1.264702
endloop
endfacet
facet normal -0.257872 -0.666171 -0.699799
outer loop
vertex 2.503166 6.748493 -2.504206
vertex 2.771044 6.134994 -2.018900
vertex 2.096301 6.134994 -1.770260
endloop
endfacet
facet normal -0.434250 -0.557998 -0.707153
outer loop
vertex 1.890865 6.748493 -2.128204
vertex 2.503166 6.748493 -2.504206
vertex 2.096301 6.134994 -1.770260
endloop
endfacet
facet normal -0.289195 -0.679206 -0.674571
outer loop
vertex 3.157040 6.748493 -2.802094
vertex 3.431966 6.134994 -2.302243
vertex 2.771044 6.134994 -2.018900
endloop
endfacet
facet normal -0.308018 -0.669328 -0.676110
outer loop
vertex 2.503166 6.748493 -2.504206
vertex 3.157040 6.748493 -2.802094
vertex 2.771044 6.134994 -2.018900
endloop
endfacet
facet normal -0.508027 -0.380935 -0.772526
outer loop
vertex 3.869836 6.748493 -2.892713
vertex 4.032789 6.134994 -2.697354
vertex 3.431966 6.134994 -2.302243
endloop
endfacet
facet normal -0.095394 -0.654109 -0.750361
outer loop
vertex 3.157040 6.748493 -2.802094
vertex 3.869836 6.748493 -2.892713
vertex 3.431966 6.134994 -2.302243
endloop
endfacet
facet normal -0.329604 -0.105659 -0.938188
outer loop
vertex 4.585164 6.748493 -2.960507
vertex 4.711235 6.134994 -2.935706
vertex 4.032789 6.134994 -2.697354
endloop
endfacet
facet normal -0.089272 -0.323660 -0.941952
outer loop
vertex 3.869836 6.748493 -2.892713
vertex 4.585164 6.748493 -2.960507
vertex 4.032789 6.134994 -2.697354
endloop
endfacet
facet normal 0.099129 -0.349248 -0.931772
outer loop
vertex 5.289188 6.748493 -3.104172
vertex 5.426297 6.134994 -2.859632
vertex 4.711235 6.134994 -2.935706
endloop
endfacet
facet normal -0.199294 -0.080435 -0.976633
outer loop
vertex 4.585164 6.748493 -2.960507
vertex 5.289188 6.748493 -3.104172
vertex 4.711235 6.134994 -2.935706
endloop
endfacet
facet normal -0.047267 -0.589061 -0.806705
outer loop
vertex 5.968140 6.748493 -3.339361
vertex 6.144163 6.134994 -2.901694
vertex 5.426297 6.134994 -2.859632
endloop
endfacet
facet normal -0.298513 -0.410207 -0.861754
outer loop
vertex 5.289188 6.748493 -3.104172
vertex 5.968140 6.748493 -3.339361
vertex 5.426297 6.134994 -2.859632
endloop
endfacet
facet normal 0.277282 -0.805671 -0.523458
outer loop
vertex 6.644936 6.748493 -3.580684
vertex 6.779613 6.134994 -2.565088
vertex 6.144163 6.134994 -2.901694
endloop
endfacet
facet normal -0.266324 -0.609257 -0.746912
outer loop
vertex 5.968140 6.748493 -3.339361
vertex 6.644936 6.748493 -3.580684
vertex 6.144163 6.134994 -2.901694
endloop
endfacet
facet normal 0.305102 -0.848318 -0.432747
outer loop
vertex 7.333964 6.748493 -3.376899
vertex 7.367327 6.134994 -2.150729
vertex 6.779613 6.134994 -2.565088
endloop
endfacet
facet normal 0.155508 -0.836274 -0.525797
outer loop
vertex 6.644936 6.748493 -3.580684
vertex 7.333964 6.748493 -3.376899
vertex 6.779613 6.134994 -2.565088
endloop
endfacet
facet normal 0.123869 -0.741772 -0.659114
outer loop
vertex 7.724832 6.748493 -2.773979
vertex 8.074052 6.134994 -2.017912
vertex 7.367327 6.134994 -2.150729
endloop
endfacet
facet normal 0.581123 -0.721363 -0.376737
outer loop
vertex 7.333964 6.748493 -3.376899
vertex 7.724832 6.748493 -2.773979
vertex 7.367327 6.134994 -2.150729
endloop
endfacet
facet normal 0.098698 -0.655362 -0.748838
outer loop
vertex 8.394154 6.748493 -2.512640
vertex 8.786984 6.134994 -1.923947
vertex 8.074052 6.134994 -2.017912
endloop
endfacet
facet normal 0.264885 -0.685275 -0.678405
outer loop
vertex 7.724832 6.748493 -2.773979
vertex 8.394154 6.748493 -2.512640
vertex 8.074052 6.134994 -2.017912
endloop
endfacet
facet normal 0.384066 -0.794278 -0.470761
outer loop
vertex 9.082800 6.748493 -2.717717
vertex 9.344173 6.134994 -1.469370
vertex 8.786984 6.134994 -1.923947
endloop
endfacet
facet normal -0.191759 -0.740670 -0.643922
outer loop
vertex 8.394154 6.748493 -2.512640
vertex 9.082800 6.748493 -2.717717
vertex 8.786984 6.134994 -1.923947
endloop
endfacet
facet normal 0.222233 -0.813732 -0.537078
outer loop
vertex 9.647477 6.748493 -2.273387
vertex 10.008634 6.134994 -1.194428
vertex 9.344173 6.134994 -1.469370
endloop
endfacet
facet normal 0.370621 -0.800498 -0.471003
outer loop
vertex 9.082800 6.748493 -2.717717
vertex 9.647477 6.748493 -2.273387
vertex 9.344173 6.134994 -1.469370
endloop
endfacet
facet normal 0.237546 -0.853457 -0.463879
outer loop
vertex 10.354625 6.748493 -2.145985
vertex 10.648690 6.134994 -0.866664
vertex 10.008634 6.134994 -1.194428
endloop
endfacet
facet normal 0.092867 -0.851867 -0.515460
outer loop
vertex 9.647477 6.748493 -2.273387
vertex 10.354625 6.748493 -2.145985
vertex 10.008634 6.134994 -1.194428
endloop
endfacet
facet normal 0.063600 -0.889946 -0.451609
outer loop
vertex 11.061574 6.748493 -2.017487
vertex 11.360760 6.134994 -0.766383
vertex 10.648690 6.134994 -0.866664
endloop
endfacet
facet normal 0.081079 -0.891318 -0.446070
outer loop
vertex 10.354625 6.748493 -2.145985
vertex 11.061574 6.748493 -2.017487
vertex 10.648690 6.134994 -0.866664
endloop
endfacet
facet normal -0.065757 -0.877276 -0.475460
outer loop
vertex 11.777471 6.748493 -1.955989
vertex 12.073077 6.134994 -0.864898
vertex 11.360760 6.134994 -0.766383
endloop
endfacet
facet normal 0.038429 -0.893534 -0.447349
outer loop
vertex 11.061574 6.748493 -2.017487
vertex 11.777471 6.748493 -1.955989
vertex 11.360760 6.134994 -0.766383
endloop
endfacet
facet normal -0.125490 -0.884011 -0.450308
outer loop
vertex 12.461043 6.748493 -2.177391
vertex 12.765779 6.134994 -1.057938
vertex 12.073077 6.134994 -0.864898
endloop
endfacet
facet normal -0.147111 -0.878669 -0.454202
outer loop
vertex 11.777471 6.748493 -1.955989
vertex 12.461043 6.748493 -2.177391
vertex 12.073077 6.134994 -0.864898
endloop
endfacet
facet normal -0.091305 -0.859452 -0.502996
outer loop
vertex 13.179565 6.748493 -2.181314
vertex 13.473314 6.134994 -1.186372
vertex 12.765779 6.134994 -1.057938
endloop
endfacet
facet normal -0.002621 -0.877240 -0.480045
outer loop
vertex 12.461043 6.748493 -2.177391
vertex 13.179565 6.748493 -2.181314
vertex 12.765779 6.134994 -1.057938
endloop
endfacet
facet normal -0.254079 -0.764527 -0.592404
outer loop
vertex 13.897787 6.748493 -2.160178
vertex 14.134192 6.134994 -1.469818
vertex 13.473314 6.134994 -1.186372
endloop
endfacet
facet normal 0.015542 -0.849030 -0.528116
outer loop
vertex 13.179565 6.748493 -2.181314
vertex 13.897787 6.748493 -2.160178
vertex 13.473314 6.134994 -1.186372
endloop
endfacet
facet normal -0.272952 -0.791160 -0.547324
outer loop
vertex 14.506334 6.748493 -2.542224
vertex 14.777705 6.134994 -1.790741
vertex 14.134192 6.134994 -1.469818
endloop
endfacet
facet normal -0.347527 -0.756830 -0.553564
outer loop
vertex 13.897787 6.748493 -2.160178
vertex 14.506334 6.748493 -2.542224
vertex 14.134192 6.134994 -1.469818
endloop
endfacet
facet normal 0.083617 -0.771498 -0.630713
outer loop
vertex 15.222359 6.748493 -2.482233
vertex 15.490565 6.134994 -1.696233
vertex 14.777705 6.134994 -1.790741
endloop
endfacet
facet normal 0.053880 -0.763894 -0.643088
outer loop
vertex 14.506334 6.748493 -2.542224
vertex 15.222359 6.748493 -2.482233
vertex 14.777705 6.134994 -1.790741
endloop
endfacet
facet normal -0.150098 -0.751290 -0.642677
outer loop
vertex 15.939982 6.748493 -2.518376
vertex 16.190818 6.134994 -1.859777
vertex 15.490565 6.134994 -1.696233
endloop
endfacet
facet normal -0.030646 -0.792974 -0.608485
outer loop
vertex 15.222359 6.748493 -2.482233
vertex 15.939982 6.748493 -2.518376
vertex 15.490565 6.134994 -1.696233
endloop
endfacet
facet normal -0.375378 -0.578665 -0.724043
outer loop
vertex 16.654868 6.748493 -2.590680
vertex 16.829218 6.134994 -2.190755
vertex 16.190818 6.134994 -1.859777
endloop
endfacet
facet normal -0.067380 -0.742723 -0.666200
outer loop
vertex 15.939982 6.748493 -2.518376
vertex 16.654868 6.748493 -2.590680
vertex 16.190818 6.134994 -1.859777
endloop
endfacet
facet normal -0.537881 -0.408734 -0.737307
outer loop
vertex 17.311416 6.748493 -2.882628
vertex 17.410156 6.134994 -2.614561
vertex 16.829218 6.134994 -2.190755
endloop
endfacet
facet normal -0.331126 -0.579524 -0.744653
outer loop
vertex 16.654868 6.748493 -2.590680
vertex 17.311416 6.748493 -2.882628
vertex 16.829218 6.134994 -2.190755
endloop
endfacet
facet normal -0.624972 -0.198920 -0.754878
outer loop
vertex 17.945929 6.748493 -3.219798
vertex 17.964056 6.134994 -3.073141
vertex 17.410156 6.134994 -2.614561
endloop
endfacet
facet normal -0.426083 -0.418938 -0.801838
outer loop
vertex 17.311416 6.748493 -2.882628
vertex 17.945929 6.748493 -3.219798
vertex 17.410156 6.134994 -2.614561
endloop
endfacet
facet normal -0.573571 0.213000 -0.790979
outer loop
vertex 18.641678 6.748493 -3.399305
vertex 18.546206 6.134994 -3.495281
vertex 17.964056 6.134994 -3.073141
endloop
endfacet
facet normal -0.242989 -0.232317 -0.941799
outer loop
vertex 17.945929 6.748493 -3.219798
vertex 18.641678 6.748493 -3.399305
vertex 17.964056 6.134994 -3.073141
endloop
endfacet
facet normal -0.470265 -0.023596 -0.882210
outer loop
vertex 19.195095 6.748493 -3.857583
vertex 19.180777 6.134994 -3.833542
vertex 18.546206 6.134994 -3.495281
endloop
endfacet
facet normal -0.622935 0.214624 -0.752256
outer loop
vertex 18.641678 6.748493 -3.399305
vertex 19.195095 6.748493 -3.857583
vertex 18.546206 6.134994 -3.495281
endloop
endfacet
facet normal 0.197356 0.271665 -0.941939
outer loop
vertex 19.829724 6.748493 -3.520634
vertex 19.884591 6.134994 -3.686078
vertex 19.180777 6.134994 -3.833542
endloop
endfacet
facet normal 0.468455 -0.045509 -0.882314
outer loop
vertex 19.195095 6.748493 -3.857583
vertex 19.829724 6.748493 -3.520634
vertex 19.180777 6.134994 -3.833542
endloop
endfacet
facet normal 0.436165 0.506907 -0.743509
outer loop
vertex 20.331058 6.748493 -3.005897
vertex 20.504840 6.134994 -3.322221
vertex 19.884591 6.134994 -3.686078
endloop
endfacet
facet normal 0.694618 0.244563 -0.676531
outer loop
vertex 19.829724 6.748493 -3.520634
vertex 20.331058 6.748493 -3.005897
vertex 19.884591 6.134994 -3.686078
endloop
endfacet
facet normal 0.158698 0.710637 -0.685427
outer loop
vertex 20.917438 6.748493 -2.590628
vertex 21.205405 6.134994 -3.160018
vertex 20.504840 6.134994 -3.322221
endloop
endfacet
facet normal 0.498962 0.504613 -0.704559
outer loop
vertex 20.331058 6.748493 -3.005897
vertex 20.917438 6.748493 -2.590628
vertex 20.504840 6.134994 -3.322221
endloop
endfacet
facet normal 0.292672 0.728360 -0.619544
outer loop
vertex 21.560884 6.748493 -2.270837
vertex 21.855604 6.134994 -2.852865
vertex 21.205405 6.134994 -3.160018
endloop
endfacet
facet normal 0.308472 0.720840 -0.620673
outer loop
vertex 20.917438 6.748493 -2.590628
vertex 21.560884 6.748493 -2.270837
vertex 21.205405 6.134994 -3.160018
endloop
endfacet
facet normal 0.603955 0.400285 -0.689210
outer loop
vertex 22.266710 6.748493 -2.136300
vertex 22.396431 6.134994 -2.378939
vertex 21.855604 6.134994 -2.852865
endloop
endfacet
facet normal 0.130958 0.714714 -0.687047
outer loop
vertex 21.560884 6.748493 -2.270837
vertex 22.266710 6.748493 -2.136300
vertex 21.855604 6.134994 -2.852865
endloop
endfacet
facet normal 0.750232 -0.073869 -0.657036
outer loop
vertex 22.923849 6.748493 -1.845684
vertex 22.870198 6.134994 -1.837971
vertex 22.396431 6.134994 -2.378939
endloop
endfacet
facet normal 0.369215 0.408258 -0.834868
outer loop
vertex 22.266710 6.748493 -2.136300
vertex 22.923849 6.748493 -1.845684
vertex 22.396431 6.134994 -2.378939
endloop
endfacet
facet normal 0.842750 -0.273515 -0.463640
outer loop
vertex 23.373429 6.748493 -1.285178
vertex 23.216817 6.134994 -1.207927
vertex 22.870198 6.134994 -1.837971
endloop
endfacet
facet normal 0.777822 -0.075865 -0.623889
outer loop
vertex 22.923849 6.748493 -1.845684
vertex 23.373429 6.748493 -1.285178
vertex 22.870198 6.134994 -1.837971
endloop
endfacet
facet normal 0.829457 -0.209146 -0.517938
outer loop
vertex 23.717247 6.748493 -0.654244
vertex 23.597688 6.134994 -0.597978
vertex 23.216817 6.134994 -1.207927
endloop
endfacet
facet normal 0.844593 -0.273558 -0.460248
outer loop
vertex 23.373429 6.748493 -1.285178
vertex 23.717247 6.748493 -0.654244
vertex 23.216817 6.134994 -1.207927
endloop
endfacet
facet normal 0.808708 -0.026133 -0.587630
outer loop
vertex 24.042268 6.748493 -0.013423
vertex 24.020396 6.134994 -0.016240
vertex 23.597688 6.134994 -0.597978
endloop
endfacet
facet normal 0.871870 -0.210466 -0.442207
outer loop
vertex 23.717247 6.748493 -0.654244
vertex 24.042268 6.748493 -0.013423
vertex 23.597688 6.134994 -0.597978
endloop
endfacet
facet normal -0.677852 -0.576693 -0.456006
outer loop
vertex 0.345726 7.361993 -1.340011
vertex 0.401066 6.748493 -0.646403
vertex 0.000000 6.748493 -0.050219
endloop
endfacet
facet normal -0.786299 -0.449055 -0.424362
outer loop
vertex 0.000000 7.361993 -0.699417
vertex 0.345726 7.361993 -1.340011
vertex 0.000000 6.748493 -0.050219
endloop
endfacet
facet normal -0.651942 -0.607395 -0.453920
outer loop
vertex 0.738940 7.361993 -1.952605
vertex 0.811635 6.748493 -1.236083
vertex 0.401066 6.748493 -0.646403
endloop
endfacet
facet normal -0.693757 -0.566038 -0.445312
outer loop
vertex 0.345726 7.361993 -1.340011
vertex 0.738940 7.361993 -1.952605
vertex 0.401066 6.748493 -0.646403
endloop
endfacet
facet normal -0.670189 -0.536585 -0.512760
outer loop
vertex 1.258630 7.361993 -2.462321
vertex 1.248249 6.748493 -1.806748
vertex 0.811635 6.748493 -1.236083
endloop
endfacet
facet normal -0.516143 -0.675770 -0.526242
outer loop
vertex 0.738940 7.361993 -1.952605
vertex 1.258630 7.361993 -2.462321
vertex 0.811635 6.748493 -1.236083
endloop
endfacet
facet normal -0.302819 -0.736098 -0.605359
outer loop
vertex 1.866889 7.361993 -2.862206
vertex 1.890865 6.748493 -2.128204
vertex 1.248249 6.748493 -1.806748
endloop
endfacet
facet normal -0.411663 -0.662149 -0.626173
outer loop
vertex 1.258630 7.361993 -2.462321
vertex 1.866889 7.361993 -2.862206
vertex 1.248249 6.748493 -1.806748
endloop
endfacet
facet normal -0.423740 -0.586764 -0.690038
outer loop
vertex 2.566134 7.361993 -3.064554
vertex 2.503166 6.748493 -2.504206
vertex 1.890865 6.748493 -2.128204
endloop
endfacet
facet normal -0.181490 -0.757446 -0.627166
outer loop
vertex 1.866889 7.361993 -2.862206
vertex 2.566134 7.361993 -3.064554
vertex 1.890865 6.748493 -2.128204
endloop
endfacet
facet normal -0.341825 -0.565841 -0.750319
outer loop
vertex 3.252127 7.361993 -3.308074
vertex 3.157040 6.748493 -2.802094
vertex 2.503166 6.748493 -2.504206
endloop
endfacet
facet normal -0.257874 -0.637026 -0.726429
outer loop
vertex 2.566134 7.361993 -3.064554
vertex 3.252127 7.361993 -3.308074
vertex 2.503166 6.748493 -2.504206
endloop
endfacet
facet normal -0.095596 -0.652247 -0.751954
outer loop
vertex 3.968480 7.361993 -3.437404
vertex 3.869836 6.748493 -2.892713
vertex 3.157040 6.748493 -2.802094
endloop
endfacet
facet normal -0.139814 -0.617029 -0.774421
outer loop
vertex 3.252127 7.361993 -3.308074
vertex 3.968480 7.361993 -3.437404
vertex 3.157040 6.748493 -2.802094
endloop
endfacet
facet normal -0.064686 -0.727990 -0.682529
outer loop
vertex 4.672322 7.361993 -3.623130
vertex 4.585164 6.748493 -2.960507
vertex 3.869836 6.748493 -2.892713
endloop
endfacet
facet normal -0.197540 -0.632892 -0.748616
outer loop
vertex 3.968480 7.361993 -3.437404
vertex 4.672322 7.361993 -3.623130
vertex 3.869836 6.748493 -2.892713
endloop
endfacet
facet normal -0.160186 -0.598444 -0.784988
outer loop
vertex 5.399690 7.361993 -3.594429
vertex 5.289188 6.748493 -3.104172
vertex 4.585164 6.748493 -2.960507
endloop
endfacet
facet normal 0.026723 -0.735271 -0.677246
outer loop
vertex 4.672322 7.361993 -3.623130
vertex 5.399690 7.361993 -3.594429
vertex 4.585164 6.748493 -2.960507
endloop
endfacet
facet normal -0.327228 0.023604 -0.944651
outer loop
vertex 6.091056 7.361993 -3.366610
vertex 5.968140 6.748493 -3.339361
vertex 5.289188 6.748493 -3.104172
endloop
endfacet
facet normal 0.242560 -0.631919 -0.736100
outer loop
vertex 5.399690 7.361993 -3.594429
vertex 6.091056 7.361993 -3.366610
vertex 5.289188 6.748493 -3.104172
endloop
endfacet
facet normal -0.317874 0.322815 -0.891486
outer loop
vertex 6.817037 7.361993 -3.419896
vertex 6.644936 6.748493 -3.580684
vertex 5.968140 6.748493 -3.339361
endloop
endfacet
facet normal -0.073169 -0.029617 -0.996880
outer loop
vertex 6.091056 7.361993 -3.366610
vertex 6.817037 7.361993 -3.419896
vertex 5.968140 6.748493 -3.339361
endloop
endfacet
facet normal 0.222617 -0.619585 -0.752699
outer loop
vertex 7.393601 7.361993 -3.864263
vertex 7.333964 6.748493 -3.376899
vertex 6.644936 6.748493 -3.580684
endloop
endfacet
facet normal -0.570859 0.354262 -0.740688
outer loop
vertex 6.817037 7.361993 -3.419896
vertex 7.393601 7.361993 -3.864263
vertex 6.644936 6.748493 -3.580684
endloop
endfacet
facet normal 0.526966 -0.778201 -0.341628
outer loop
vertex 8.080397 7.361993 -3.623018
vertex 7.724832 6.748493 -2.773979
vertex 7.333964 6.748493 -3.376899
endloop
endfacet
facet normal 0.261100 -0.615875 -0.743320
outer loop
vertex 7.393601 7.361993 -3.864263
vertex 8.080397 7.361993 -3.623018
vertex 7.333964 6.748493 -3.376899
endloop
endfacet
facet normal 0.279595 -0.639577 -0.716078
outer loop
vertex 8.491785 7.361993 -3.022478
vertex 8.394154 6.748493 -2.512640
vertex 7.724832 6.748493 -2.773979
endloop
endfacet
facet normal 0.512799 -0.783351 -0.351282
outer loop
vertex 8.080397 7.361993 -3.623018
vertex 8.491785 7.361993 -3.022478
vertex 7.724832 6.748493 -2.773979
endloop
endfacet
facet normal -0.266483 -0.358107 -0.894844
outer loop
vertex 9.219483 7.361993 -3.003937
vertex 9.082800 6.748493 -2.717717
vertex 8.394154 6.748493 -2.512640
endloop
endfacet
facet normal 0.019553 -0.640856 -0.767412
outer loop
vertex 8.491785 7.361993 -3.022478
vertex 9.219483 7.361993 -3.003937
vertex 8.394154 6.748493 -2.512640
endloop
endfacet
facet normal 0.319853 -0.855841 -0.406485
outer loop
vertex 9.796279 7.361993 -3.448002
vertex 9.647477 6.748493 -2.273387
vertex 9.082800 6.748493 -2.717717
endloop
endfacet
facet normal -0.594021 -0.227623 -0.771574
outer loop
vertex 9.219483 7.361993 -3.003937
vertex 9.796279 7.361993 -3.448002
vertex 9.082800 6.748493 -2.717717
endloop
endfacet
facet normal 0.116862 -0.752069 -0.648641
outer loop
vertex 10.247316 7.361993 -2.876641
vertex 10.354625 6.748493 -2.145985
vertex 9.647477 6.748493 -2.273387
endloop
endfacet
facet normal 0.461288 -0.809081 -0.364145
outer loop
vertex 9.796279 7.361993 -3.448002
vertex 10.247316 7.361993 -2.876641
vertex 9.647477 6.748493 -2.273387
endloop
endfacet
facet normal 0.109042 -0.792599 -0.599914
outer loop
vertex 10.974512 7.361993 -2.843859
vertex 11.061574 6.748493 -2.017487
vertex 10.354625 6.748493 -2.145985
endloop
endfacet
facet normal 0.029088 -0.763403 -0.645267
outer loop
vertex 10.247316 7.361993 -2.876641
vertex 10.974512 7.361993 -2.843859
vertex 10.354625 6.748493 -2.145985
endloop
endfacet
facet normal 0.044252 -0.855967 -0.515133
outer loop
vertex 11.689023 7.361993 -2.983004
vertex 11.777471 6.748493 -1.955989
vertex 11.061574 6.748493 -2.017487
endloop
endfacet
facet normal -0.113818 -0.803403 -0.584456
outer loop
vertex 10.974512 7.361993 -2.843859
vertex 11.689023 7.361993 -2.983004
vertex 11.061574 6.748493 -2.017487
endloop
endfacet
facet normal -0.189882 -0.787559 -0.586256
outer loop
vertex 12.416945 7.361993 -2.987266
vertex 12.461043 6.748493 -2.177391
vertex 11.777471 6.748493 -1.955989
endloop
endfacet
facet normal -0.003001 -0.858601 -0.512636
outer loop
vertex 11.689023 7.361993 -2.983004
vertex 12.416945 7.361993 -2.987266
vertex 11.777471 6.748493 -1.955989
endloop
endfacet
facet normal -0.003221 -0.807500 -0.589859
outer loop
vertex 13.144097 7.361993 -3.020984
vertex 13.179565 6.748493 -2.181314
vertex 12.461043 6.748493 -2.177391
endloop
endfacet
facet normal -0.027944 -0.797533 -0.602628
outer loop
vertex 12.416945 7.361993 -2.987266
vertex 13.144097 7.361993 -3.020984
vertex 12.461043 6.748493 -2.177391
endloop
endfacet
facet normal 0.017709 -0.798497 -0.601738
outer loop
vertex 13.870583 7.361993 -2.975083
vertex 13.897787 6.748493 -2.160178
vertex 13.179565 6.748493 -2.181314
endloop
endfacet
facet normal 0.037313 -0.806126 -0.590567
outer loop
vertex 13.144097 7.361993 -3.020984
vertex 13.870583 7.361993 -2.975083
vertex 13.179565 6.748493 -2.181314
endloop
endfacet
facet normal -0.320571 -0.797807 -0.510625
outer loop
vertex 14.423383 7.361993 -3.448686
vertex 14.506334 6.748493 -2.542224
vertex 13.897787 6.748493 -2.160178
endloop
endfacet
facet normal -0.451494 -0.720021 -0.526994
outer loop
vertex 13.870583 7.361993 -2.975083
vertex 14.423383 7.361993 -3.448686
vertex 13.897787 6.748493 -2.160178
endloop
endfacet
facet normal 0.063519 -0.648988 -0.758142
outer loop
vertex 15.015142 7.361993 -3.024765
vertex 15.222359 6.748493 -2.482233
vertex 14.506334 6.748493 -2.542224
endloop
endfacet
facet normal 0.387403 -0.746641 -0.540783
outer loop
vertex 14.423383 7.361993 -3.448686
vertex 15.015142 7.361993 -3.024765
vertex 14.506334 6.748493 -2.542224
endloop
endfacet
facet normal -0.027791 -0.833519 -0.551792
outer loop
vertex 15.620508 7.361993 -3.429018
vertex 15.939982 6.748493 -2.518376
vertex 15.222359 6.748493 -2.482233
endloop
endfacet
facet normal -0.408085 -0.678247 -0.611103
outer loop
vertex 15.015142 7.361993 -3.024765
vertex 15.620508 7.361993 -3.429018
vertex 15.222359 6.748493 -2.482233
endloop
endfacet
facet normal -0.063186 -0.778280 -0.624731
outer loop
vertex 16.340709 7.361993 -3.323194
vertex 16.654868 6.748493 -2.590680
vertex 15.939982 6.748493 -2.518376
endloop
endfacet
facet normal 0.084783 -0.812326 -0.577008
outer loop
vertex 15.620508 7.361993 -3.429018
vertex 16.340709 7.361993 -3.323194
vertex 15.939982 6.748493 -2.518376
endloop
endfacet
facet normal -0.314855 -0.632071 -0.708063
outer loop
vertex 17.068642 7.361993 -3.322330
vertex 17.311416 6.748493 -2.882628
vertex 16.654868 6.748493 -2.590680
endloop
endfacet
facet normal 0.000762 -0.766477 -0.642271
outer loop
vertex 16.340709 7.361993 -3.323194
vertex 17.068642 7.361993 -3.322330
vertex 16.654868 6.748493 -2.590680
endloop
endfacet
facet normal -0.397121 -0.532715 -0.747335
outer loop
vertex 17.757684 7.361993 -3.557082
vertex 17.945929 6.748493 -3.219798
vertex 17.311416 6.748493 -2.882628
endloop
endfacet
facet normal -0.251082 -0.627556 -0.736974
outer loop
vertex 17.068642 7.361993 -3.322330
vertex 17.757684 7.361993 -3.557082
vertex 17.311416 6.748493 -2.882628
endloop
endfacet
facet normal -0.206634 -0.562028 -0.800891
outer loop
vertex 18.450485 7.361993 -3.780501
vertex 18.641678 6.748493 -3.399305
vertex 17.945929 6.748493 -3.219798
endloop
endfacet
facet normal -0.261156 -0.525348 -0.809819
outer loop
vertex 17.757684 7.361993 -3.557082
vertex 18.450485 7.361993 -3.780501
vertex 17.945929 6.748493 -3.219798
endloop
endfacet
facet normal -0.617238 0.251853 -0.745377
outer loop
vertex 19.160958 7.361993 -3.622022
vertex 19.195095 6.748493 -3.857583
vertex 18.641678 6.748493 -3.399305
endloop
endfacet
facet normal 0.191678 -0.474191 -0.859303
outer loop
vertex 18.450485 7.361993 -3.780501
vertex 19.160958 7.361993 -3.622022
vertex 18.641678 6.748493 -3.399305
endloop
endfacet
facet normal 0.456585 0.228046 -0.859957
outer loop
vertex 19.837649 7.361993 -3.353737
vertex 19.829724 6.748493 -3.520634
vertex 19.195095 6.748493 -3.857583
endloop
endfacet
facet normal 0.344813 0.353126 -0.869716
outer loop
vertex 19.160958 7.361993 -3.622022
vertex 19.837649 7.361993 -3.353737
vertex 19.195095 6.748493 -3.857583
endloop
endfacet
facet normal 0.716011 0.031740 -0.697367
outer loop
vertex 20.406929 7.361993 -2.900075
vertex 20.331058 6.748493 -3.005897
vertex 19.829724 6.748493 -3.520634
endloop
endfacet
facet normal 0.610558 0.200540 -0.766161
outer loop
vertex 19.837649 7.361993 -3.353737
vertex 20.406929 7.361993 -2.900075
vertex 19.829724 6.748493 -3.520634
endloop
endfacet
facet normal 0.559039 0.253648 -0.789391
outer loop
vertex 20.924667 7.361993 -2.388377
vertex 20.917438 6.748493 -2.590628
vertex 20.331058 6.748493 -3.005897
endloop
endfacet
facet normal 0.702497 0.035726 -0.710790
outer loop
vertex 20.406929 7.361993 -2.900075
vertex 20.924667 7.361993 -2.388377
vertex 20.331058 6.748493 -3.005897
endloop
endfacet
facet normal 0.369895 0.556104 -0.744262
outer loop
vertex 21.438837 7.361993 -1.873094
vertex 21.560884 6.748493 -2.270837
vertex 20.917438 6.748493 -2.590628
endloop
endfacet
facet normal 0.690677 0.219063 -0.689186
outer loop
vertex 20.924667 7.361993 -2.388377
vertex 21.438837 7.361993 -1.873094
vertex 20.917438 6.748493 -2.590628
endloop
endfacet
facet normal 0.141667 0.653867 -0.743228
outer loop
vertex 22.122822 7.361993 -1.623990
vertex 22.266710 6.748493 -2.136300
vertex 21.560884 6.748493 -2.270837
endloop
endfacet
facet normal 0.283342 0.560754 -0.777993
outer loop
vertex 21.438837 7.361993 -1.873094
vertex 22.122822 7.361993 -1.623990
vertex 21.560884 6.748493 -2.270837
endloop
endfacet
facet normal 0.402024 0.109516 -0.909056
outer loop
vertex 22.825131 7.361993 -1.815432
vertex 22.923849 6.748493 -1.845684
vertex 22.266710 6.748493 -2.136300
endloop
endfacet
facet normal -0.211003 0.596907 -0.774067
outer loop
vertex 22.122822 7.361993 -1.623990
vertex 22.825131 7.361993 -1.815432
vertex 22.266710 6.748493 -2.136300
endloop
endfacet
facet normal 0.754301 0.254907 -0.605023
outer loop
vertex 23.227406 7.361993 -1.208751
vertex 23.373429 6.748493 -1.285178
vertex 22.923849 6.748493 -1.845684
endloop
endfacet
facet normal 0.822787 0.159296 -0.545570
outer loop
vertex 22.825131 7.361993 -1.815432
vertex 23.227406 7.361993 -1.208751
vertex 22.923849 6.748493 -1.845684
endloop
endfacet
facet normal 0.865441 0.169105 -0.471609
outer loop
vertex 23.626829 7.361993 -0.600187
vertex 23.717247 6.748493 -0.654244
vertex 23.373429 6.748493 -1.285178
endloop
endfacet
facet normal 0.807651 0.258270 -0.530090
outer loop
vertex 23.227406 7.361993 -1.208751
vertex 23.626829 7.361993 -0.600187
vertex 23.373429 6.748493 -1.285178
endloop
endfacet
facet normal 0.891316 -0.034476 -0.452070
outer loop
vertex 24.063711 7.361993 -0.017931
vertex 24.042268 6.748493 -0.013423
vertex 23.717247 6.748493 -0.654244
endloop
endfacet
facet normal 0.788460 0.168332 -0.591603
outer loop
vertex 23.626829 7.361993 -0.600187
vertex 24.063711 7.361993 -0.017931
vertex 23.717247 6.748493 -0.654244
endloop
endfacet
facet normal -0.864272 -0.188319 -0.466444
outer loop
vertex 0.384740 7.975492 -1.659990
vertex 0.345726 7.361993 -1.340011
vertex 0.000000 7.361993 -0.699417
endloop
endfacet
facet normal -0.828462 -0.258408 -0.496866
outer loop
vertex 0.000000 7.975492 -1.018483
vertex 0.384740 7.975492 -1.659990
vertex 0.000000 7.361993 -0.699417
endloop
endfacet
facet normal -0.834051 -0.133205 -0.535364
outer loop
vertex 0.836051 7.975492 -2.256542
vertex 0.738940 7.361993 -1.952605
vertex 0.345726 7.361993 -1.340011
endloop
endfacet
facet normal -0.771081 -0.255219 -0.583349
outer loop
vertex 0.384740 7.975492 -1.659990
vertex 0.836051 7.975492 -2.256542
vertex 0.345726 7.361993 -1.340011
endloop
endfacet
facet normal -0.692324 -0.149776 -0.705871
outer loop
vertex 1.407840 7.975492 -2.738842
vertex 1.258630 7.361993 -2.462321
vertex 0.738940 7.361993 -1.952605
endloop
endfacet
facet normal -0.621419 -0.266617 -0.736719
outer loop
vertex 0.836051 7.975492 -2.256542
vertex 1.407840 7.975492 -2.738842
vertex 0.738940 7.361993 -1.952605
endloop
endfacet
facet normal -0.542313 -0.159473 -0.824903
outer loop
vertex 2.058959 7.975492 -3.107081
vertex 1.866889 7.361993 -2.862206
vertex 1.258630 7.361993 -2.462321
endloop
endfacet
facet normal -0.474944 -0.263008 -0.839794
outer loop
vertex 1.407840 7.975492 -2.738842
vertex 2.058959 7.975492 -3.107081
vertex 1.258630 7.361993 -2.462321
endloop
endfacet
facet normal -0.249535 -0.440637 -0.862306
outer loop
vertex 2.735148 7.975492 -3.426961
vertex 2.566134 7.361993 -3.064554
vertex 1.866889 7.361993 -2.862206
endloop
endfacet
facet normal -0.417023 -0.221304 -0.881542
outer loop
vertex 2.058959 7.975492 -3.107081
vertex 2.735148 7.975492 -3.426961
vertex 1.866889 7.361993 -2.862206
endloop
endfacet
facet normal -0.299047 -0.448235 -0.842411
outer loop
vertex 3.432186 7.975492 -3.698428
vertex 3.252127 7.361993 -3.308074
vertex 2.566134 7.361993 -3.064554
endloop
endfacet
facet normal -0.330884 -0.410721 -0.849602
outer loop
vertex 2.735148 7.975492 -3.426961
vertex 3.432186 7.975492 -3.698428
vertex 2.566134 7.361993 -3.064554
endloop
endfacet
facet normal -0.112673 -0.773188 -0.624088
outer loop
vertex 3.986490 7.975492 -4.200726
vertex 3.968480 7.361993 -3.437404
vertex 3.252127 7.361993 -3.308074
endloop
endfacet
facet normal -0.647553 -0.264626 -0.714597
outer loop
vertex 3.432186 7.975492 -3.698428
vertex 3.986490 7.975492 -4.200726
vertex 3.252127 7.361993 -3.308074
endloop
endfacet
facet normal -0.124890 -0.872007 -0.473294
outer loop
vertex 4.529078 7.975492 -4.715656
vertex 4.672322 7.361993 -3.623130
vertex 3.968480 7.361993 -3.437404
endloop
endfacet
facet normal -0.516190 -0.661592 -0.543916
outer loop
vertex 3.986490 7.975492 -4.200726
vertex 4.529078 7.975492 -4.715656
vertex 3.968480 7.361993 -3.437404
endloop
endfacet
facet normal 0.015849 -0.915656 -0.401650
outer loop
vertex 5.220921 7.975492 -5.000102
vertex 5.399690 7.361993 -3.594429
vertex 4.672322 7.361993 -3.623130
endloop
endfacet
facet normal -0.189818 -0.866496 -0.461686
outer loop
vertex 4.529078 7.975492 -4.715656
vertex 5.220921 7.975492 -5.000102
vertex 4.672322 7.361993 -3.623130
endloop
endfacet
facet normal 0.154150 -0.870287 -0.467801
outer loop
vertex 5.845726 7.975492 -4.588793
vertex 6.091056 7.361993 -3.366610
vertex 5.399690 7.361993 -3.594429
endloop
endfacet
facet normal 0.272385 -0.868677 -0.413771
outer loop
vertex 5.220921 7.975492 -5.000102
vertex 5.845726 7.975492 -4.588793
vertex 5.399690 7.361993 -3.594429
endloop
endfacet
facet normal -0.050640 -0.722101 -0.689931
outer loop
vertex 6.339584 7.975492 -4.026957
vertex 6.817037 7.361993 -3.419896
vertex 6.091056 7.361993 -3.366610
endloop
endfacet
facet normal 0.527158 -0.712311 -0.463376
outer loop
vertex 5.845726 7.975492 -4.588793
vertex 6.339584 7.975492 -4.026957
vertex 6.091056 7.361993 -3.366610
endloop
endfacet
facet normal -0.606133 -0.118712 -0.786455
outer loop
vertex 6.977360 7.975492 -3.636065
vertex 7.393601 7.361993 -3.864263
vertex 6.817037 7.361993 -3.419896
endloop
endfacet
facet normal 0.478838 -0.400416 -0.781269
outer loop
vertex 6.339584 7.975492 -4.026957
vertex 6.977360 7.975492 -3.636065
vertex 6.817037 7.361993 -3.419896
endloop
endfacet
facet normal 0.296481 -0.446865 -0.844045
outer loop
vertex 7.528700 7.975492 -4.141614
vertex 8.080397 7.361993 -3.623018
vertex 7.393601 7.361993 -3.864263
endloop
endfacet
facet normal -0.664634 -0.181324 -0.724834
outer loop
vertex 6.977360 7.975492 -3.636065
vertex 7.528700 7.975492 -4.141614
vertex 7.393601 7.361993 -3.864263
endloop
endfacet
facet normal 0.611080 -0.671825 -0.418608
outer loop
vertex 8.239064 7.975492 -4.376006
vertex 8.491785 7.361993 -3.022478
vertex 8.080397 7.361993 -3.623018
endloop
endfacet
facet normal -0.212409 -0.735172 -0.643742
outer loop
vertex 7.528700 7.975492 -4.141614
vertex 8.239064 7.975492 -4.376006
vertex 8.080397 7.361993 -3.623018
endloop
endfacet
facet normal 0.015046 -0.806892 -0.590508
outer loop
vertex 8.774443 7.975492 -3.853584
vertex 9.219483 7.361993 -3.003937
vertex 8.491785 7.361993 -3.022478
endloop
endfacet
facet normal 0.427603 -0.790651 -0.438209
outer loop
vertex 8.239064 7.975492 -4.376006
vertex 8.774443 7.975492 -3.853584
vertex 8.491785 7.361993 -3.022478
endloop
endfacet
facet normal -0.576372 -0.327595 -0.748650
outer loop
vertex 9.343022 7.975492 -3.367503
vertex 9.796279 7.361993 -3.448002
vertex 9.219483 7.361993 -3.003937
endloop
endfacet
facet normal 0.561791 -0.502554 -0.657138
outer loop
vertex 8.774443 7.975492 -3.853584
vertex 9.343022 7.975492 -3.367503
vertex 9.219483 7.361993 -3.003937
endloop
endfacet
facet normal 0.696850 -0.460208 -0.550099
outer loop
vertex 10.028386 7.975492 -3.667223
vertex 10.247316 7.361993 -2.876641
vertex 9.796279 7.361993 -3.448002
endloop
endfacet
facet normal -0.394624 -0.173147 -0.902381
outer loop
vertex 9.343022 7.975492 -3.367503
vertex 10.028386 7.975492 -3.667223
vertex 9.796279 7.361993 -3.448002
endloop
endfacet
facet normal 0.027805 -0.786634 -0.616793
outer loop
vertex 10.775737 7.975492 -3.635253
vertex 10.974512 7.361993 -2.843859
vertex 10.247316 7.361993 -2.876641
endloop
endfacet
facet normal 0.026412 -0.786197 -0.617411
outer loop
vertex 10.028386 7.975492 -3.667223
vertex 10.775737 7.975492 -3.635253
vertex 10.247316 7.361993 -2.876641
endloop
endfacet
facet normal -0.178142 -0.362600 -0.914761
outer loop
vertex 11.354206 7.975492 -3.160985
vertex 11.689023 7.361993 -2.983004
vertex 10.974512 7.361993 -2.843859
endloop
endfacet
facet normal 0.496987 -0.620927 -0.606180
outer loop
vertex 10.775737 7.975492 -3.635253
vertex 11.354206 7.975492 -3.160985
vertex 10.974512 7.361993 -2.843859
endloop
endfacet
facet normal -0.004883 -0.551700 -0.834029
outer loop
vertex 12.065988 7.975492 -3.391033
vertex 12.416945 7.361993 -2.987266
vertex 11.689023 7.361993 -2.983004
endloop
endfacet
facet normal -0.281089 -0.405712 -0.869705
outer loop
vertex 11.354206 7.975492 -3.160985
vertex 12.065988 7.975492 -3.391033
vertex 11.689023 7.361993 -2.983004
endloop
endfacet
facet normal -0.034994 -0.655167 -0.754673
outer loop
vertex 12.799520 7.975492 -3.537613
vertex 13.144097 7.361993 -3.020984
vertex 12.416945 7.361993 -2.987266
endloop
endfacet
facet normal -0.156200 -0.603807 -0.781677
outer loop
vertex 12.065988 7.975492 -3.391033
vertex 12.799520 7.975492 -3.537613
vertex 12.416945 7.361993 -2.987266
endloop
endfacet
facet normal 0.050561 -0.597543 -0.800241
outer loop
vertex 13.542855 7.975492 -3.453892
vertex 13.870583 7.361993 -2.975083
vertex 13.144097 7.361993 -3.020984
endloop
endfacet
facet normal 0.088509 -0.612053 -0.785848
outer loop
vertex 12.799520 7.975492 -3.537613
vertex 13.542855 7.975492 -3.453892
vertex 13.144097 7.361993 -3.020984
endloop
endfacet
facet normal -0.487625 -0.662021 -0.569167
outer loop
vertex 14.133028 7.975492 -3.913514
vertex 14.423383 7.361993 -3.448686
vertex 13.870583 7.361993 -2.975083
endloop
endfacet
facet normal -0.446809 -0.686445 -0.573720
outer loop
vertex 13.542855 7.975492 -3.453892
vertex 14.133028 7.975492 -3.913514
vertex 13.870583 7.361993 -2.975083
endloop
endfacet
facet normal 0.570629 -0.199725 -0.796551
outer loop
vertex 14.688545 7.975492 -3.412558
vertex 15.015142 7.361993 -3.024765
vertex 14.423383 7.361993 -3.448686
endloop
endfacet
facet normal 0.650350 -0.238620 -0.721183
outer loop
vertex 14.133028 7.975492 -3.913514
vertex 14.688545 7.975492 -3.412558
vertex 14.423383 7.361993 -3.448686
endloop
endfacet
facet normal -0.403612 -0.686870 -0.604406
outer loop
vertex 15.265240 7.975492 -3.888980
vertex 15.620508 7.361993 -3.429018
vertex 15.015142 7.361993 -3.024765
endloop
endfacet
facet normal -0.490956 -0.637011 -0.594288
outer loop
vertex 14.688545 7.975492 -3.412558
vertex 15.265240 7.975492 -3.888980
vertex 15.015142 7.361993 -3.024765
endloop
endfacet
facet normal 0.112357 -0.634560 -0.764663
outer loop
vertex 16.013226 7.975492 -3.880429
vertex 16.340709 7.361993 -3.323194
vertex 15.620508 7.361993 -3.429018
endloop
endfacet
facet normal 0.009176 -0.596432 -0.802611
outer loop
vertex 15.265240 7.975492 -3.888980
vertex 16.013226 7.975492 -3.880429
vertex 15.620508 7.361993 -3.429018
endloop
endfacet
facet normal 0.001012 -0.522271 -0.852779
outer loop
vertex 16.738787 7.975492 -3.698450
vertex 17.068642 7.361993 -3.322330
vertex 16.340709 7.361993 -3.323194
endloop
endfacet
facet normal 0.194515 -0.600584 -0.775540
outer loop
vertex 16.013226 7.975492 -3.880429
vertex 16.738787 7.975492 -3.698450
vertex 16.340709 7.361993 -3.323194
endloop
endfacet
facet normal -0.274981 -0.522435 -0.807123
outer loop
vertex 17.470004 7.975492 -3.856177
vertex 17.757684 7.361993 -3.557082
vertex 17.068642 7.361993 -3.322330
endloop
endfacet
facet normal -0.171713 -0.580360 -0.796051
outer loop
vertex 16.738787 7.975492 -3.698450
vertex 17.470004 7.975492 -3.856177
vertex 17.068642 7.361993 -3.322330
endloop
endfacet
facet normal -0.306510 -0.051813 -0.950456
outer loop
vertex 18.208296 7.975492 -3.735843
vertex 18.450485 7.361993 -3.780501
vertex 17.757684 7.361993 -3.557082
endloop
endfacet
facet normal 0.149065 -0.375971 -0.914563
outer loop
vertex 17.470004 7.975492 -3.856177
vertex 18.208296 7.975492 -3.735843
vertex 17.757684 7.361993 -3.557082
endloop
endfacet
facet normal 0.206370 0.318547 -0.925170
outer loop
vertex 18.906555 7.975492 -3.467534
vertex 19.160958 7.361993 -3.622022
vertex 18.450485 7.361993 -3.780501
endloop
endfacet
facet normal 0.351061 0.205091 -0.913616
outer loop
vertex 18.208296 7.975492 -3.735843
vertex 18.906555 7.975492 -3.467534
vertex 18.450485 7.361993 -3.780501
endloop
endfacet
facet normal 0.335210 0.415657 -0.845496
outer loop
vertex 19.584935 7.975492 -3.152325
vertex 19.837649 7.361993 -3.353737
vertex 19.160958 7.361993 -3.622022
endloop
endfacet
facet normal 0.390825 0.373870 -0.841116
outer loop
vertex 18.906555 7.975492 -3.467534
vertex 19.584935 7.975492 -3.152325
vertex 19.160958 7.361993 -3.622022
endloop
endfacet
facet normal 0.529778 0.526672 -0.664795
outer loop
vertex 20.127148 7.975492 -2.637000
vertex 20.406929 7.361993 -2.900075
vertex 19.837649 7.361993 -3.353737
endloop
endfacet
facet normal 0.610772 0.462570 -0.642641
outer loop
vertex 19.584935 7.975492 -3.152325
vertex 20.127148 7.975492 -2.637000
vertex 19.837649 7.361993 -3.353737
endloop
endfacet
facet normal 0.645103 0.397243 -0.652718
outer loop
vertex 20.735600 7.975492 -2.201864
vertex 20.924667 7.361993 -2.388377
vertex 20.406929 7.361993 -2.900075
endloop
endfacet
facet normal 0.495703 0.523288 -0.693143
outer loop
vertex 20.127148 7.975492 -2.637000
vertex 20.735600 7.975492 -2.201864
vertex 20.406929 7.361993 -2.900075
endloop
endfacet
facet normal 0.582912 0.567355 -0.581654
outer loop
vertex 21.140969 7.975492 -1.573190
vertex 21.438837 7.361993 -1.873094
vertex 20.924667 7.361993 -2.388377
endloop
endfacet
facet normal 0.773825 0.390169 -0.498962
outer loop
vertex 20.735600 7.975492 -2.201864
vertex 21.140969 7.975492 -1.573190
vertex 20.924667 7.361993 -2.388377
endloop
endfacet
facet normal 0.210926 0.787457 -0.579156
outer loop
vertex 21.597971 7.975492 -0.980987
vertex 22.122822 7.361993 -1.623990
vertex 21.438837 7.361993 -1.873094
endloop
endfacet
facet normal 0.653737 0.564021 -0.504488
outer loop
vertex 21.140969 7.975492 -1.573190
vertex 21.597971 7.975492 -0.980987
vertex 21.438837 7.361993 -1.873094
endloop
endfacet
facet normal -0.156575 0.803461 -0.574399
outer loop
vertex 22.328918 7.975492 -0.822015
vertex 22.825131 7.361993 -1.815432
vertex 22.122822 7.361993 -1.623990
endloop
endfacet
facet normal 0.135653 0.769778 -0.623730
outer loop
vertex 21.597971 7.975492 -0.980987
vertex 22.328918 7.975492 -0.822015
vertex 22.122822 7.361993 -1.623990
endloop
endfacet
facet normal 0.773539 0.372233 -0.512914
outer loop
vertex 23.044830 7.975492 -1.038869
vertex 23.227406 7.361993 -1.208751
vertex 22.825131 7.361993 -1.815432
endloop
endfacet
facet normal -0.175458 0.796043 -0.579249
outer loop
vertex 22.328918 7.975492 -0.822015
vertex 23.044830 7.975492 -1.038869
vertex 22.825131 7.361993 -1.815432
endloop
endfacet
facet normal 0.773892 0.378279 -0.507933
outer loop
vertex 23.451217 7.975492 -0.410852
vertex 23.626829 7.361993 -0.600187
vertex 23.227406 7.361993 -1.208751
endloop
endfacet
facet normal 0.779432 0.371619 -0.504366
outer loop
vertex 23.044830 7.975492 -1.038869
vertex 23.451217 7.975492 -0.410852
vertex 23.227406 7.361993 -1.208751
endloop
endfacet
facet normal 0.797441 -0.077935 -0.598342
outer loop
vertex 24.103543 7.975492 -0.044754
vertex 24.063711 7.361993 -0.017931
vertex 23.626829 7.361993 -0.600187
endloop
endfacet
facet normal 0.452953 0.378736 -0.807089
outer loop
vertex 23.451217 7.975492 -0.410852
vertex 24.103543 7.975492 -0.044754
vertex 23.626829 7.361993 -0.600187
endloop
endfacet
facet normal -0.853028 0.103000 -0.511599
outer loop
vertex 0.387680 8.588992 -1.541376
vertex 0.384740 7.975492 -1.659990
vertex 0.000000 7.975492 -1.018483
endloop
endfacet
facet normal -0.856667 0.112181 -0.503525
outer loop
vertex 0.000000 8.588992 -0.881801
vertex 0.387680 8.588992 -1.541376
vertex 0.000000 7.975492 -1.018483
endloop
endfacet
facet normal -0.771141 0.254938 -0.583394
outer loop
vertex 0.916270 8.588992 -2.094482
vertex 0.836051 7.975492 -2.256542
vertex 0.384740 7.975492 -1.659990
endloop
endfacet
facet normal -0.716253 0.135775 -0.684505
outer loop
vertex 0.387680 8.588992 -1.541376
vertex 0.916270 8.588992 -2.094482
vertex 0.384740 7.975492 -1.659990
endloop
endfacet
facet normal -0.579031 0.439873 -0.686466
outer loop
vertex 1.573763 8.588992 -2.485681
vertex 1.407840 7.975492 -2.738842
vertex 0.836051 7.975492 -2.256542
endloop
endfacet
facet normal -0.490579 0.281949 -0.824523
outer loop
vertex 0.916270 8.588992 -2.094482
vertex 1.573763 8.588992 -2.485681
vertex 0.836051 7.975492 -2.256542
endloop
endfacet
facet normal -0.451217 0.399818 -0.797840
outer loop
vertex 2.222086 8.588992 -2.891897
vertex 2.058959 7.975492 -3.107081
vertex 1.407840 7.975492 -2.738842
endloop
endfacet
facet normal -0.476172 0.442386 -0.759970
outer loop
vertex 1.573763 8.588992 -2.485681
vertex 2.222086 8.588992 -2.891897
vertex 1.407840 7.975492 -2.738842
endloop
endfacet
facet normal -0.419388 0.195351 -0.886539
outer loop
vertex 2.840894 8.588992 -3.341799
vertex 2.735148 7.975492 -3.426961
vertex 2.058959 7.975492 -3.107081
endloop
endfacet
facet normal -0.538241 0.402780 -0.740314
outer loop
vertex 2.222086 8.588992 -2.891897
vertex 2.840894 8.588992 -3.341799
vertex 2.058959 7.975492 -3.107081
endloop
endfacet
facet normal -0.354006 -0.220121 -0.908970
outer loop
vertex 3.419689 8.588992 -3.842129
vertex 3.432186 7.975492 -3.698428
vertex 2.735148 7.975492 -3.426961
endloop
endfacet
facet normal -0.638994 0.212751 -0.739205
outer loop
vertex 2.840894 8.588992 -3.341799
vertex 3.419689 8.588992 -3.842129
vertex 2.735148 7.975492 -3.426961
endloop
endfacet
facet normal -0.640963 -0.298090 -0.707325
outer loop
vertex 3.932249 8.588992 -4.410122
vertex 3.986490 7.975492 -4.200726
vertex 3.432186 7.975492 -3.698428
endloop
endfacet
facet normal -0.731656 -0.169556 -0.660250
outer loop
vertex 3.419689 8.588992 -3.842129
vertex 3.932249 8.588992 -4.410122
vertex 3.432186 7.975492 -3.698428
endloop
endfacet
facet normal -0.663319 -0.267358 -0.698947
outer loop
vertex 4.500106 8.588992 -4.922833
vertex 4.529078 7.975492 -4.715656
vertex 3.986490 7.975492 -4.200726
endloop
endfacet
facet normal -0.639628 -0.298347 -0.708425
outer loop
vertex 3.932249 8.588992 -4.410122
vertex 4.500106 8.588992 -4.922833
vertex 3.986490 7.975492 -4.200726
endloop
endfacet
facet normal -0.324787 -0.520069 -0.789963
outer loop
vertex 5.124826 8.588992 -5.364488
vertex 5.220921 7.975492 -5.000102
vertex 4.529078 7.975492 -4.715656
endloop
endfacet
facet normal -0.552467 -0.289988 -0.781465
outer loop
vertex 4.500106 8.588992 -4.922833
vertex 5.124826 8.588992 -5.364488
vertex 4.529078 7.975492 -4.715656
endloop
endfacet
facet normal 0.324155 -0.807746 -0.492412
outer loop
vertex 5.856496 8.588992 -5.588078
vertex 5.845726 7.975492 -4.588793
vertex 5.220921 7.975492 -5.000102
endloop
endfacet
facet normal -0.249072 -0.523113 -0.815056
outer loop
vertex 5.124826 8.588992 -5.364488
vertex 5.856496 8.588992 -5.588078
vertex 5.220921 7.975492 -5.000102
endloop
endfacet
facet normal 0.400300 -0.846138 -0.351866
outer loop
vertex 6.549354 8.588992 -5.263605
vertex 6.339584 7.975492 -4.026957
vertex 5.845726 7.975492 -4.588793
endloop
endfacet
facet normal 0.237162 -0.829032 -0.506418
outer loop
vertex 5.856496 8.588992 -5.588078
vertex 6.549354 8.588992 -5.263605
vertex 5.845726 7.975492 -4.588793
endloop
endfacet
facet normal 0.323639 -0.785127 -0.528047
outer loop
vertex 6.910578 8.588992 -4.589178
vertex 6.977360 7.975492 -3.636065
vertex 6.339584 7.975492 -4.026957
endloop
endfacet
facet normal 0.549842 -0.781630 -0.294497
outer loop
vertex 6.549354 8.588992 -5.263605
vertex 6.910578 8.588992 -4.589178
vertex 6.339584 7.975492 -4.026957
endloop
endfacet
facet normal -0.675583 0.027376 -0.736775
outer loop
vertex 7.450312 8.588992 -4.046941
vertex 7.528700 7.975492 -4.141614
vertex 6.977360 7.975492 -3.636065
endloop
endfacet
facet normal 0.496456 -0.713676 -0.494164
outer loop
vertex 6.910578 8.588992 -4.589178
vertex 7.450312 8.588992 -4.046941
vertex 6.977360 7.975492 -3.636065
endloop
endfacet
facet normal -0.313237 -0.026005 -0.949319
outer loop
vertex 8.147264 8.588992 -4.362522
vertex 8.239064 7.975492 -4.376006
vertex 7.528700 7.975492 -4.141614
endloop
endfacet
facet normal -0.410902 0.087536 -0.907467
outer loop
vertex 7.450312 8.588992 -4.046941
vertex 8.147264 8.588992 -4.362522
vertex 7.528700 7.975492 -4.141614
endloop
endfacet
facet normal 0.464166 -0.747181 -0.475679
outer loop
vertex 8.715851 8.588992 -4.874424
vertex 8.774443 7.975492 -3.853584
vertex 8.239064 7.975492 -4.376006
endloop
endfacet
facet normal -0.666755 -0.083491 -0.740586
outer loop
vertex 8.147264 8.588992 -4.362522
vertex 8.715851 8.588992 -4.874424
vertex 8.239064 7.975492 -4.376006
endloop
endfacet
facet normal 0.360092 -0.832417 -0.421207
outer loop
vertex 9.399740 8.588992 -4.531452
vertex 9.343022 7.975492 -3.367503
vertex 8.774443 7.975492 -3.853584
endloop
endfacet
facet normal 0.255153 -0.822218 -0.508777
outer loop
vertex 8.715851 8.588992 -4.874424
vertex 9.399740 8.588992 -4.531452
vertex 8.774443 7.975492 -3.853584
endloop
endfacet
facet normal -0.363868 -0.418677 -0.832051
outer loop
vertex 9.777994 8.588992 -3.866427
vertex 10.028386 7.975492 -3.667223
vertex 9.343022 7.975492 -3.367503
endloop
endfacet
facet normal 0.609025 -0.713508 -0.346402
outer loop
vertex 9.399740 8.588992 -4.531452
vertex 9.777994 8.588992 -3.866427
vertex 9.343022 7.975492 -3.367503
endloop
endfacet
facet normal 0.041597 -0.229634 -0.972388
outer loop
vertex 10.539263 8.588992 -3.790250
vertex 10.775737 7.975492 -3.635253
vertex 10.028386 7.975492 -3.667223
endloop
endfacet
facet normal 0.095821 -0.271816 -0.957567
outer loop
vertex 9.777994 8.588992 -3.866427
vertex 10.539263 8.588992 -3.790250
vertex 10.028386 7.975492 -3.667223
endloop
endfacet
facet normal 0.406331 -0.767639 -0.495606
outer loop
vertex 11.036503 8.588992 -4.371702
vertex 11.354206 7.975492 -3.160985
vertex 10.775737 7.975492 -3.635253
endloop
endfacet
facet normal -0.691198 -0.415759 -0.591092
outer loop
vertex 10.539263 8.588992 -3.790250
vertex 11.036503 8.588992 -4.371702
vertex 10.775737 7.975492 -3.635253
endloop
endfacet
facet normal -0.212518 -0.722822 -0.657544
outer loop
vertex 11.665359 8.588992 -3.935955
vertex 12.065988 7.975492 -3.391033
vertex 11.354206 7.975492 -3.160985
endloop
endfacet
facet normal 0.342746 -0.798660 -0.494640
outer loop
vertex 11.036503 8.588992 -4.371702
vertex 11.665359 8.588992 -3.935955
vertex 11.354206 7.975492 -3.160985
endloop
endfacet
facet normal -0.119064 -0.794231 -0.595836
outer loop
vertex 12.355283 8.588992 -4.266618
vertex 12.799520 7.975492 -3.537613
vertex 12.065988 7.975492 -3.391033
endloop
endfacet
facet normal -0.293170 -0.734766 -0.611695
outer loop
vertex 11.665359 8.588992 -3.935955
vertex 12.355283 8.588992 -4.266618
vertex 12.065988 7.975492 -3.391033
endloop
endfacet
facet normal 0.082184 -0.678819 -0.729692
outer loop
vertex 13.095957 8.588992 -4.074952
vertex 13.542855 7.975492 -3.453892
vertex 12.799520 7.975492 -3.537613
endloop
endfacet
facet normal 0.179914 -0.695880 -0.695257
outer loop
vertex 12.355283 8.588992 -4.266618
vertex 13.095957 8.588992 -4.074952
vertex 12.799520 7.975492 -3.537613
endloop
endfacet
facet normal -0.468449 -0.647105 -0.601507
outer loop
vertex 13.817926 8.588992 -4.328122
vertex 14.133028 7.975492 -3.913514
vertex 13.542855 7.975492 -3.453892
endloop
endfacet
facet normal -0.212225 -0.767258 -0.605207
outer loop
vertex 13.095957 8.588992 -4.074952
vertex 13.817926 8.588992 -4.328122
vertex 13.542855 7.975492 -3.453892
endloop
endfacet
facet normal 0.470523 -0.711593 -0.521770
outer loop
vertex 14.582820 8.588992 -4.344593
vertex 14.688545 7.975492 -3.412558
vertex 14.133028 7.975492 -3.913514
endloop
endfacet
facet normal -0.017748 -0.566086 -0.824155
outer loop
vertex 13.817926 8.588992 -4.328122
vertex 14.582820 8.588992 -4.344593
vertex 14.133028 7.975492 -3.913514
endloop
endfacet
facet normal -0.631566 -0.129133 -0.764493
outer loop
vertex 15.259742 8.588992 -3.988066
vertex 15.265240 7.975492 -3.888980
vertex 14.688545 7.975492 -3.412558
endloop
endfacet
facet normal 0.289151 -0.784215 -0.548998
outer loop
vertex 14.582820 8.588992 -4.344593
vertex 15.259742 8.588992 -3.988066
vertex 14.688545 7.975492 -3.412558
endloop
endfacet
facet normal 0.008822 -0.635931 -0.771695
outer loop
vertex 15.912481 8.588992 -4.387147
vertex 16.013226 7.975492 -3.880429
vertex 15.265240 7.975492 -3.888980
endloop
endfacet
facet normal -0.516411 -0.141046 -0.844645
outer loop
vertex 15.259742 8.588992 -3.988066
vertex 15.912481 8.588992 -4.387147
vertex 15.265240 7.975492 -3.888980
endloop
endfacet
facet normal 0.197210 -0.585546 -0.786285
outer loop
vertex 16.648408 8.588992 -4.177991
vertex 16.738787 7.975492 -3.698450
vertex 16.013226 7.975492 -3.880429
endloop
endfacet
facet normal 0.218748 -0.599790 -0.769676
outer loop
vertex 15.912481 8.588992 -4.387147
vertex 16.648408 8.588992 -4.177991
vertex 16.013226 7.975492 -3.880429
endloop
endfacet
facet normal -0.190718 -0.426491 -0.884156
outer loop
vertex 17.412521 8.588992 -4.139712
vertex 17.470004 7.975492 -3.856177
vertex 16.738787 7.975492 -3.698450
endloop
endfacet
facet normal 0.039579 -0.611731 -0.790075
outer loop
vertex 16.648408 8.588992 -4.177991
vertex 17.412521 8.588992 -4.139712
vertex 16.738787 7.975492 -3.698450
endloop
endfacet
facet normal 0.151867 -0.329792 -0.931758
outer loop
vertex 18.156529 8.588992 -3.961426
vertex 18.208296 7.975492 -3.735843
vertex 17.470004 7.975492 -3.856177
endloop
endfacet
facet normal 0.214265 -0.393166 -0.894154
outer loop
vertex 17.412521 8.588992 -4.139712
vertex 18.156529 8.588992 -3.961426
vertex 17.470004 7.975492 -3.856177
endloop
endfacet
facet normal 0.358658 0.012312 -0.933388
outer loop
vertex 18.774391 8.588992 -3.510226
vertex 18.906555 7.975492 -3.467534
vertex 18.208296 7.975492 -3.735843
endloop
endfacet
facet normal 0.572517 -0.239964 -0.783991
outer loop
vertex 18.156529 8.588992 -3.961426
vertex 18.774391 8.588992 -3.510226
vertex 18.208296 7.975492 -3.735843
endloop
endfacet
facet normal 0.413220 0.195879 -0.889315
outer loop
vertex 19.417097 8.588992 -3.095182
vertex 19.584935 7.975492 -3.152325
vertex 18.906555 7.975492 -3.467534
endloop
endfacet
facet normal 0.541568 0.058310 -0.838632
outer loop
vertex 18.774391 8.588992 -3.510226
vertex 19.417097 8.588992 -3.095182
vertex 18.906555 7.975492 -3.467534
endloop
endfacet
facet normal 0.687576 0.062088 -0.723453
outer loop
vertex 20.046821 8.588992 -2.660691
vertex 20.127148 7.975492 -2.637000
vertex 19.584935 7.975492 -3.152325
endloop
endfacet
facet normal 0.553212 0.226025 -0.801791
outer loop
vertex 19.417097 8.588992 -3.095182
vertex 20.046821 8.588992 -2.660691
vertex 19.584935 7.975492 -3.152325
endloop
endfacet
facet normal 0.581701 -0.003827 -0.813394
outer loop
vertex 20.685995 8.588992 -2.240226
vertex 20.735600 7.975492 -2.201864
vertex 20.127148 7.975492 -2.637000
endloop
endfacet
facet normal 0.549145 0.039664 -0.834786
outer loop
vertex 20.046821 8.588992 -2.660691
vertex 20.685995 8.588992 -2.240226
vertex 20.127148 7.975492 -2.637000
endloop
endfacet
facet normal 0.839611 -0.044272 -0.541381
outer loop
vertex 21.140192 8.588992 -1.624564
vertex 21.140969 7.975492 -1.573190
vertex 20.735600 7.975492 -2.201864
endloop
endfacet
facet normal 0.804398 0.027933 -0.593434
outer loop
vertex 20.685995 8.588992 -2.240226
vertex 21.140192 8.588992 -1.624564
vertex 20.735600 7.975492 -2.201864
endloop
endfacet
facet normal 0.775498 0.201144 -0.598451
outer loop
vertex 21.473594 8.588992 -0.935959
vertex 21.597971 7.975492 -0.980987
vertex 21.140969 7.975492 -1.573190
endloop
endfacet
facet normal 0.899492 -0.035330 -0.435507
outer loop
vertex 21.140192 8.588992 -1.624564
vertex 21.473594 8.588992 -0.935959
vertex 21.140969 7.975492 -1.573190
endloop
endfacet
facet normal 0.151203 0.702705 -0.695229
outer loop
vertex 21.893727 8.588992 -0.296567
vertex 22.328918 7.975492 -0.822015
vertex 21.597971 7.975492 -0.980987
endloop
endfacet
facet normal 0.817932 0.205269 -0.537449
outer loop
vertex 21.473594 8.588992 -0.935959
vertex 21.893727 8.588992 -0.296567
vertex 21.597971 7.975492 -0.980987
endloop
endfacet
facet normal -0.165937 0.819976 -0.547817
outer loop
vertex 22.591739 8.588992 0.016665
vertex 23.044830 7.975492 -1.038869
vertex 22.328918 7.975492 -0.822015
endloop
endfacet
facet normal 0.279295 0.731182 -0.622388
outer loop
vertex 21.893727 8.588992 -0.296567
vertex 22.591739 8.588992 0.016665
vertex 22.328918 7.975492 -0.822015
endloop
endfacet
facet normal 0.746846 0.456794 -0.483280
outer loop
vertex 23.356783 8.588992 0.023090
vertex 23.451217 7.975492 -0.410852
vertex 23.044830 7.975492 -1.038869
endloop
endfacet
facet normal 0.004209 0.865349 -0.501153
outer loop
vertex 22.591739 8.588992 0.016665
vertex 23.356783 8.588992 0.023090
vertex 23.044830 7.975492 -1.038869
endloop
endfacet
facet normal -0.746505 0.500207 -0.438775
outer loop
vertex 0.487160 9.202491 -1.011230
vertex 0.387680 8.588992 -1.541376
vertex 0.000000 8.588992 -0.881801
endloop
endfacet
facet normal -0.698136 0.434281 -0.569215
outer loop
vertex 0.000000 9.202491 -0.413734
vertex 0.487160 9.202491 -1.011230
vertex 0.000000 8.588992 -0.881801
endloop
endfacet
facet normal -0.625813 0.500666 -0.598074
outer loop
vertex 0.956402 9.202491 -1.622896
vertex 0.916270 8.588992 -2.094482
vertex 0.387680 8.588992 -1.541376
endloop
endfacet
facet normal -0.663829 0.547709 -0.509259
outer loop
vertex 0.487160 9.202491 -1.011230
vertex 0.956402 9.202491 -1.622896
vertex 0.387680 8.588992 -1.541376
endloop
endfacet
facet normal -0.502435 0.185645 -0.844450
outer loop
vertex 1.404592 9.202491 -2.250153
vertex 1.573763 8.588992 -2.485681
vertex 0.916270 8.588992 -2.094482
endloop
endfacet
facet normal -0.727712 0.447292 -0.519967
outer loop
vertex 0.956402 9.202491 -1.622896
vertex 1.404592 9.202491 -2.250153
vertex 0.916270 8.588992 -2.094482
endloop
endfacet
facet normal -0.506296 -0.301201 -0.808049
outer loop
vertex 1.843931 9.202491 -2.883641
vertex 2.222086 8.588992 -2.891897
vertex 1.573763 8.588992 -2.485681
endloop
endfacet
facet normal -0.821699 -0.007806 -0.569868
outer loop
vertex 1.404592 9.202491 -2.250153
vertex 1.843931 9.202491 -2.883641
vertex 1.573763 8.588992 -2.485681
endloop
endfacet
facet normal -0.483276 -0.569738 -0.664712
outer loop
vertex 2.320715 9.202491 -3.489448
vertex 2.840894 8.588992 -3.341799
vertex 2.222086 8.588992 -2.891897
endloop
endfacet
facet normal -0.709524 -0.429829 -0.558412
outer loop
vertex 1.843931 9.202491 -2.883641
vertex 2.320715 9.202491 -3.489448
vertex 2.222086 8.588992 -2.891897
endloop
endfacet
facet normal -0.518676 -0.609059 -0.600018
outer loop
vertex 2.891174 9.202491 -4.008006
vertex 3.419689 8.588992 -3.842129
vertex 2.840894 8.588992 -3.341799
endloop
endfacet
facet normal -0.538525 -0.599186 -0.592424
outer loop
vertex 2.320715 9.202491 -3.489448
vertex 2.891174 9.202491 -4.008006
vertex 2.840894 8.588992 -3.341799
endloop
endfacet
facet normal -0.690754 -0.366479 -0.623339
outer loop
vertex 3.571351 9.202491 -4.370888
vertex 3.932249 8.588992 -4.410122
vertex 3.419689 8.588992 -3.842129
endloop
endfacet
facet normal -0.395735 -0.541471 -0.741757
outer loop
vertex 2.891174 9.202491 -4.008006
vertex 3.571351 9.202491 -4.370888
vertex 3.419689 8.588992 -3.842129
endloop
endfacet
facet normal -0.652675 0.226862 -0.722875
outer loop
vertex 4.317361 9.202491 -4.565299
vertex 4.500106 8.588992 -4.922833
vertex 3.932249 8.588992 -4.410122
endloop
endfacet
facet normal -0.251241 -0.086140 -0.964084
outer loop
vertex 3.571351 9.202491 -4.370888
vertex 4.317361 9.202491 -4.565299
vertex 3.932249 8.588992 -4.410122
endloop
endfacet
facet normal -0.420714 0.684731 -0.595100
outer loop
vertex 5.085499 9.202491 -4.630784
vertex 5.124826 8.588992 -5.364488
vertex 4.500106 8.588992 -4.922833
endloop
endfacet
facet normal -0.074260 0.485519 -0.871066
outer loop
vertex 4.317361 9.202491 -4.565299
vertex 5.085499 9.202491 -4.630784
vertex 4.500106 8.588992 -4.922833
endloop
endfacet
facet normal -0.211169 0.691299 -0.691023
outer loop
vertex 5.785960 9.202491 -4.952778
vertex 5.856496 8.588992 -5.588078
vertex 5.124826 8.588992 -5.364488
endloop
endfacet
facet normal -0.286638 0.727344 -0.623546
outer loop
vertex 5.085499 9.202491 -4.630784
vertex 5.785960 9.202491 -4.952778
vertex 5.124826 8.588992 -5.364488
endloop
endfacet
facet normal 0.415243 -0.203400 -0.886680
outer loop
vertex 6.313816 9.202491 -5.514644
vertex 6.549354 8.588992 -5.263605
vertex 5.856496 8.588992 -5.588078
endloop
endfacet
facet normal -0.617971 0.530145 -0.580566
outer loop
vertex 5.785960 9.202491 -4.952778
vertex 6.313816 9.202491 -5.514644
vertex 5.856496 8.588992 -5.588078
endloop
endfacet
facet normal 0.594916 -0.737932 -0.318639
outer loop
vertex 7.044970 9.202491 -5.759059
vertex 6.910578 8.588992 -4.589178
vertex 6.549354 8.588992 -5.263605
endloop
endfacet
facet normal -0.282454 -0.454187 -0.844946
outer loop
vertex 6.313816 9.202491 -5.514644
vertex 7.044970 9.202491 -5.759059
vertex 6.549354 8.588992 -5.263605
endloop
endfacet
facet normal 0.414428 -0.811222 -0.412514
outer loop
vertex 7.537408 9.202491 -5.165906
vertex 7.450312 8.588992 -4.046941
vertex 6.910578 8.588992 -4.589178
endloop
endfacet
facet normal 0.450055 -0.811077 -0.373637
outer loop
vertex 7.044970 9.202491 -5.759059
vertex 7.537408 9.202491 -5.165906
vertex 6.910578 8.588992 -4.589178
endloop
endfacet
facet normal -0.388784 -0.334092 -0.858621
outer loop
vertex 7.932999 9.202491 -4.504217
vertex 8.147264 8.588992 -4.362522
vertex 7.450312 8.588992 -4.046941
endloop
endfacet
facet normal 0.589644 -0.726671 -0.352519
outer loop
vertex 7.537408 9.202491 -5.165906
vertex 7.932999 9.202491 -4.504217
vertex 7.450312 8.588992 -4.046941
endloop
endfacet
facet normal -0.602294 0.435545 -0.668986
outer loop
vertex 8.702837 9.202491 -4.463287
vertex 8.715851 8.588992 -4.874424
vertex 8.147264 8.588992 -4.362522
endloop
endfacet
facet normal 0.051936 -0.207479 -0.976860
outer loop
vertex 7.932999 9.202491 -4.504217
vertex 8.702837 9.202491 -4.463287
vertex 8.147264 8.588992 -4.362522
endloop
endfacet
facet normal 0.377546 -0.539171 -0.752831
outer loop
vertex 9.123212 9.202491 -5.109515
vertex 9.399740 8.588992 -4.531452
vertex 8.715851 8.588992 -4.874424
endloop
endfacet
facet normal -0.791769 0.328366 -0.515051
outer loop
vertex 8.702837 9.202491 -4.463287
vertex 9.123212 9.202491 -5.109515
vertex 8.715851 8.588992 -4.874424
endloop
endfacet
facet normal 0.566141 -0.758811 -0.322010
outer loop
vertex 9.894136 9.202491 -5.107933
vertex 9.777994 8.588992 -3.866427
vertex 9.399740 8.588992 -4.531452
endloop
endfacet
facet normal 0.001494 -0.685417 -0.728150
outer loop
vertex 9.123212 9.202491 -5.109515
vertex 9.894136 9.202491 -5.107933
vertex 9.399740 8.588992 -4.531452
endloop
endfacet
facet normal 0.068118 -0.729361 -0.680729
outer loop
vertex 10.325475 9.202491 -4.468971
vertex 10.539263 8.588992 -3.790250
vertex 9.777994 8.588992 -3.866427
endloop
endfacet
facet normal 0.508002 -0.790146 -0.342934
outer loop
vertex 9.894136 9.202491 -5.107933
vertex 10.325475 9.202491 -4.468971
vertex 9.777994 8.588992 -3.866427
endloop
endfacet
facet normal -0.759477 0.037001 -0.649481
outer loop
vertex 11.093618 9.202491 -4.403538
vertex 11.036503 8.588992 -4.371702
vertex 10.539263 8.588992 -3.790250
endloop
endfacet
facet normal 0.057875 -0.731472 -0.679411
outer loop
vertex 10.325475 9.202491 -4.468971
vertex 11.093618 9.202491 -4.403538
vertex 10.539263 8.588992 -3.790250
endloop
endfacet
facet normal 0.353356 -0.784275 -0.509952
outer loop
vertex 11.735058 9.202491 -4.831183
vertex 11.665359 8.588992 -3.935955
vertex 11.036503 8.588992 -4.371702
endloop
endfacet
facet normal -0.554697 0.008465 -0.832009
outer loop
vertex 11.093618 9.202491 -4.403538
vertex 11.735058 9.202491 -4.831183
vertex 11.036503 8.588992 -4.371702
endloop
endfacet
facet normal -0.393441 -0.413898 -0.820909
outer loop
vertex 12.480904 9.202491 -4.636149
vertex 12.355283 8.588992 -4.266618
vertex 11.665359 8.588992 -3.935955
endloop
endfacet
facet normal 0.144270 -0.821461 -0.551714
outer loop
vertex 11.735058 9.202491 -4.831183
vertex 12.480904 9.202491 -4.636149
vertex 11.665359 8.588992 -3.935955
endloop
endfacet
facet normal 0.206976 -0.563404 -0.799836
outer loop
vertex 13.234014 9.202491 -4.471375
vertex 13.095957 8.588992 -4.074952
vertex 12.355283 8.588992 -4.266618
endloop
endfacet
facet normal 0.180662 -0.534355 -0.825728
outer loop
vertex 12.480904 9.202491 -4.636149
vertex 13.234014 9.202491 -4.471375
vertex 12.355283 8.588992 -4.266618
endloop
endfacet
facet normal -0.263757 -0.603894 -0.752160
outer loop
vertex 13.904888 9.202491 -4.851183
vertex 13.817926 8.588992 -4.328122
vertex 13.095957 8.588992 -4.074952
endloop
endfacet
facet normal -0.449029 -0.411457 -0.793143
outer loop
vertex 13.234014 9.202491 -4.471375
vertex 13.904888 9.202491 -4.851183
vertex 13.095957 8.588992 -4.074952
endloop
endfacet
facet normal -0.017041 -0.611133 -0.791344
outer loop
vertex 14.675196 9.202491 -4.820371
vertex 14.582820 8.588992 -4.344593
vertex 13.817926 8.588992 -4.328122
endloop
endfacet
facet normal 0.030339 -0.650978 -0.758490
outer loop
vertex 13.904888 9.202491 -4.851183
vertex 14.675196 9.202491 -4.820371
vertex 13.817926 8.588992 -4.328122
endloop
endfacet
facet normal 0.383485 -0.568157 -0.728105
outer loop
vertex 15.337514 9.202491 -4.425832
vertex 15.259742 8.588992 -3.988066
vertex 14.582820 8.588992 -4.344593
endloop
endfacet
facet normal 0.410732 -0.596563 -0.689501
outer loop
vertex 14.675196 9.202491 -4.820371
vertex 15.337514 9.202491 -4.425832
vertex 14.582820 8.588992 -4.344593
endloop
endfacet
facet normal -0.499653 -0.287182 -0.817235
outer loop
vertex 16.060564 9.202491 -4.693272
vertex 15.912481 8.588992 -4.387147
vertex 15.259742 8.588992 -3.988066
endloop
endfacet
facet normal -0.294142 -0.530161 -0.795242
outer loop
vertex 15.337514 9.202491 -4.425832
vertex 16.060564 9.202491 -4.693272
vertex 15.259742 8.588992 -3.988066
endloop
endfacet
facet normal 0.252984 -0.379023 -0.890135
outer loop
vertex 16.774868 9.202491 -4.403280
vertex 16.648408 8.588992 -4.177991
vertex 15.912481 8.588992 -4.387147
endloop
endfacet
facet normal 0.329162 -0.484019 -0.810788
outer loop
vertex 16.060564 9.202491 -4.693272
vertex 16.774868 9.202491 -4.403280
vertex 15.912481 8.588992 -4.387147
endloop
endfacet
facet normal 0.050032 -0.000416 -0.998748
outer loop
vertex 17.497863 9.202491 -4.135693
vertex 17.412521 8.588992 -4.139712
vertex 16.648408 8.588992 -4.177991
endloop
endfacet
facet normal 0.320482 -0.384041 -0.865912
outer loop
vertex 16.774868 9.202491 -4.403280
vertex 17.497863 9.202491 -4.135693
vertex 16.648408 8.588992 -4.177991
endloop
endfacet
facet normal 0.199868 0.514175 -0.834073
outer loop
vertex 18.058643 9.202491 -3.606683
vertex 18.156529 8.588992 -3.961426
vertex 17.412521 8.588992 -4.139712
endloop
endfacet
facet normal 0.683397 -0.090319 -0.724439
outer loop
vertex 17.497863 9.202491 -4.135693
vertex 18.058643 9.202491 -3.606683
vertex 17.412521 8.588992 -4.139712
endloop
endfacet
facet normal 0.543993 0.386202 -0.744929
outer loop
vertex 18.728737 9.202491 -3.225502
vertex 18.774391 8.588992 -3.510226
vertex 18.156529 8.588992 -3.961426
endloop
endfacet
facet normal 0.427434 0.502683 -0.751405
outer loop
vertex 18.058643 9.202491 -3.606683
vertex 18.728737 9.202491 -3.225502
vertex 18.156529 8.588992 -3.961426
endloop
endfacet
facet normal 0.501331 0.382084 -0.776324
outer loop
vertex 19.381890 9.202491 -2.815971
vertex 19.417097 8.588992 -3.095182
vertex 18.774391 8.588992 -3.510226
endloop
endfacet
facet normal 0.487531 0.397142 -0.777555
outer loop
vertex 18.728737 9.202491 -3.225502
vertex 19.381890 9.202491 -2.815971
vertex 18.774391 8.588992 -3.510226
endloop
endfacet
facet normal 0.496594 0.485158 -0.719733
outer loop
vertex 19.960598 9.202491 -2.306635
vertex 20.046821 8.588992 -2.660691
vertex 19.417097 8.588992 -3.095182
endloop
endfacet
facet normal 0.617686 0.354851 -0.701815
outer loop
vertex 19.381890 9.202491 -2.815971
vertex 19.960598 9.202491 -2.306635
vertex 19.417097 8.588992 -3.095182
endloop
endfacet
facet normal 0.437517 0.605168 -0.665094
outer loop
vertex 20.528689 9.202491 -1.785484
vertex 20.685995 8.588992 -2.240226
vertex 20.046821 8.588992 -2.660691
endloop
endfacet
facet normal 0.599696 0.461547 -0.653711
outer loop
vertex 19.960598 9.202491 -2.306635
vertex 20.528689 9.202491 -1.785484
vertex 20.046821 8.588992 -2.660691
endloop
endfacet
facet normal 0.660495 0.571237 -0.487272
outer loop
vertex 20.961522 9.202491 -1.147534
vertex 21.140192 8.588992 -1.624564
vertex 20.685995 8.588992 -2.240226
endloop
endfacet
facet normal 0.700675 0.532031 -0.475391
outer loop
vertex 20.528689 9.202491 -1.785484
vertex 20.961522 9.202491 -1.147534
vertex 20.685995 8.588992 -2.240226
endloop
endfacet
facet normal 0.821110 0.409543 -0.397557
outer loop
vertex 21.378965 9.202491 -0.499409
vertex 21.473594 8.588992 -0.935959
vertex 21.140192 8.588992 -1.624564
endloop
endfacet
facet normal 0.699771 0.554243 -0.450706
outer loop
vertex 20.961522 9.202491 -1.147534
vertex 21.378965 9.202491 -0.499409
vertex 21.140192 8.588992 -1.624564
endloop
endfacet
facet normal -0.587269 0.652569 -0.478821
outer loop
vertex 0.696447 9.815990 -0.431802
vertex 0.487160 9.202491 -1.011230
vertex 0.000000 9.202491 -0.413734
endloop
endfacet
facet normal -0.708723 0.449558 -0.543700
outer loop
vertex 1.010946 9.815990 -1.186723
vertex 0.956402 9.202491 -1.622896
vertex 0.487160 9.202491 -1.011230
endloop
endfacet
facet normal -0.764007 0.561239 -0.318284
outer loop
vertex 0.696447 9.815990 -0.431802
vertex 1.010946 9.815990 -1.186723
vertex 0.487160 9.202491 -1.011230
endloop
endfacet
facet normal -0.784174 0.266689 -0.560310
outer loop
vertex 1.376213 9.815990 -1.918431
vertex 1.404592 9.202491 -2.250153
vertex 0.956402 9.202491 -1.622896
endloop
endfacet
facet normal -0.831554 0.369057 -0.415110
outer loop
vertex 1.010946 9.815990 -1.186723
vertex 1.376213 9.815990 -1.918431
vertex 0.956402 9.202491 -1.622896
endloop
endfacet
facet normal -0.802455 0.215286 -0.556522
outer loop
vertex 1.816906 9.815990 -2.607347
vertex 1.843931 9.202491 -2.883641
vertex 1.404592 9.202491 -2.250153
endloop
endfacet
facet normal -0.816774 0.244728 -0.522483
outer loop
vertex 1.376213 9.815990 -1.918431
vertex 1.816906 9.815990 -2.607347
vertex 1.404592 9.202491 -2.250153
endloop
endfacet
facet normal -0.769144 0.204910 -0.605334
outer loop
vertex 2.305856 9.815990 -3.262894
vertex 2.320715 9.202491 -3.489448
vertex 1.843931 9.202491 -2.883641
endloop
endfacet
facet normal -0.780513 0.227798 -0.582158
outer loop
vertex 1.816906 9.815990 -2.607347
vertex 2.305856 9.815990 -3.262894
vertex 1.843931 9.202491 -2.883641
endloop
endfacet
facet normal -0.672294 -0.032251 -0.739581
outer loop
vertex 2.777236 9.815990 -3.931188
vertex 2.891174 9.202491 -4.008006
vertex 2.320715 9.202491 -3.489448
endloop
endfacet
facet normal -0.802358 0.189559 -0.565942
outer loop
vertex 2.305856 9.815990 -3.262894
vertex 2.777236 9.815990 -3.931188
vertex 2.320715 9.202491 -3.489448
endloop
endfacet
facet normal -0.420439 -0.449657 -0.788061
outer loop
vertex 3.288087 9.815990 -4.569817
vertex 3.571351 9.202491 -4.370888
vertex 2.891174 9.202491 -4.008006
endloop
endfacet
facet normal -0.779163 -0.066663 -0.623266
outer loop
vertex 2.777236 9.815990 -3.931188
vertex 3.288087 9.815990 -4.569817
vertex 2.891174 9.202491 -4.008006
endloop
endfacet
facet normal -0.169856 -0.739139 -0.651785
outer loop
vertex 3.870002 9.815990 -5.144439
vertex 4.317361 9.202491 -4.565299
vertex 3.571351 9.202491 -4.370888
endloop
endfacet
facet normal -0.614320 -0.485367 -0.622117
outer loop
vertex 3.288087 9.815990 -4.569817
vertex 3.870002 9.815990 -5.144439
vertex 3.571351 9.202491 -4.370888
endloop
endfacet
facet normal -0.052254 -0.788398 -0.612942
outer loop
vertex 4.652256 9.815990 -5.382964
vertex 5.085499 9.202491 -4.630784
vertex 4.317361 9.202491 -4.565299
endloop
endfacet
facet normal -0.194674 -0.744642 -0.638443
outer loop
vertex 3.870002 9.815990 -5.144439
vertex 4.652256 9.815990 -5.382964
vertex 4.317361 9.202491 -4.565299
endloop
endfacet
facet normal -0.407514 -0.219215 -0.886497
outer loop
vertex 5.296834 9.815990 -4.879640
vertex 5.785960 9.202491 -4.952778
vertex 5.085499 9.202491 -4.630784
endloop
endfacet
facet normal 0.543411 -0.469477 -0.695914
outer loop
vertex 4.652256 9.815990 -5.382964
vertex 5.296834 9.815990 -4.879640
vertex 5.085499 9.202491 -4.630784
endloop
endfacet
facet normal -0.560505 0.639179 -0.526578
outer loop
vertex 5.857708 9.815990 -4.284463
vertex 6.313816 9.202491 -5.514644
vertex 5.785960 9.202491 -4.952778
endloop
endfacet
facet normal 0.606846 0.551997 -0.571871
outer loop
vertex 5.296834 9.815990 -4.879640
vertex 5.857708 9.815990 -4.284463
vertex 5.785960 9.202491 -4.952778
endloop
endfacet
facet normal -0.177425 0.828744 -0.530757
outer loop
vertex 6.589799 9.815990 -4.648961
vertex 7.044970 9.202491 -5.759059
vertex 6.313816 9.202491 -5.514644
endloop
endfacet
facet normal -0.251431 0.825687 -0.504998
outer loop
vertex 5.857708 9.815990 -4.284463
vertex 6.589799 9.815990 -4.648961
vertex 6.313816 9.202491 -5.514644
endloop
endfacet
facet normal 0.696390 0.425192 -0.578146
outer loop
vertex 7.009053 9.815990 -5.351130
vertex 7.537408 9.202491 -5.165906
vertex 7.044970 9.202491 -5.759059
endloop
endfacet
facet normal -0.824486 0.279063 -0.492287
outer loop
vertex 6.589799 9.815990 -4.648961
vertex 7.009053 9.815990 -5.351130
vertex 7.044970 9.202491 -5.759059
endloop
endfacet
facet normal 0.694102 -0.588238 -0.414969
outer loop
vertex 7.774570 9.815990 -5.638880
vertex 7.932999 9.202491 -4.504217
vertex 7.537408 9.202491 -5.165906
endloop
endfacet
facet normal -0.303620 -0.505349 -0.807736
outer loop
vertex 7.009053 9.815990 -5.351130
vertex 7.774570 9.815990 -5.638880
vertex 7.537408 9.202491 -5.165906
endloop
endfacet
facet normal 0.041411 -0.625794 -0.778889
outer loop
vertex 8.258762 9.815990 -4.979810
vertex 8.702837 9.202491 -4.463287
vertex 7.932999 9.202491 -4.504217
endloop
endfacet
facet normal 0.602930 -0.663530 -0.442948
outer loop
vertex 7.774570 9.815990 -5.638880
vertex 8.258762 9.815990 -4.979810
vertex 7.932999 9.202491 -4.504217
endloop
endfacet
facet normal -0.815211 0.232833 -0.530301
outer loop
vertex 9.020553 9.815990 -4.682339
vertex 9.123212 9.202491 -5.109515
vertex 8.702837 9.202491 -4.463287
endloop
endfacet
facet normal 0.322589 -0.462027 -0.826116
outer loop
vertex 8.258762 9.815990 -4.979810
vertex 9.020553 9.815990 -4.682339
vertex 8.702837 9.202491 -4.463287
endloop
endfacet
facet normal 0.001849 -0.433485 -0.901159
outer loop
vertex 9.405198 9.815990 -5.404048
vertex 9.894136 9.202491 -5.107933
vertex 9.123212 9.202491 -5.109515
endloop
endfacet
facet normal -0.868558 0.176982 -0.462909
outer loop
vertex 9.020553 9.815990 -4.682339
vertex 9.405198 9.815990 -5.404048
vertex 9.123212 9.202491 -5.109515
endloop
endfacet
facet normal 0.758641 -0.402724 -0.512131
outer loop
vertex 10.185403 9.815990 -5.158903
vertex 10.325475 9.202491 -4.468971
vertex 9.894136 9.202491 -5.107933
endloop
endfacet
facet normal 0.292659 -0.216328 -0.931425
outer loop
vertex 9.405198 9.815990 -5.404048
vertex 10.185403 9.815990 -5.158903
vertex 9.894136 9.202491 -5.107933
endloop
endfacet
facet normal 0.072513 -0.519716 -0.851256
outer loop
vertex 10.916869 9.815990 -4.793153
vertex 11.093618 9.202491 -4.403538
vertex 10.325475 9.202491 -4.468971
endloop
endfacet
facet normal 0.331806 -0.670496 -0.663581
outer loop
vertex 10.185403 9.815990 -5.158903
vertex 10.916869 9.815990 -4.793153
vertex 10.325475 9.202491 -4.468971
endloop
endfacet
facet normal -0.549684 -0.134404 -0.824490
outer loop
vertex 11.724157 9.815990 -4.923925
vertex 11.735058 9.202491 -4.831183
vertex 11.093618 9.202491 -4.403538
endloop
endfacet
facet normal -0.132662 -0.558313 -0.818955
outer loop
vertex 10.916869 9.815990 -4.793153
vertex 11.724157 9.815990 -4.923925
vertex 11.093618 9.202491 -4.403538
endloop
endfacet
facet normal 0.229515 0.420657 -0.877707
outer loop
vertex 12.335083 9.815990 -4.380249
vertex 12.480904 9.202491 -4.636149
vertex 11.735058 9.202491 -4.831183
endloop
endfacet
facet normal 0.661422 -0.100602 -0.743237
outer loop
vertex 11.724157 9.815990 -4.923925
vertex 12.335083 9.815990 -4.380249
vertex 11.735058 9.202491 -4.831183
endloop
endfacet
facet normal 0.172418 -0.590975 -0.788048
outer loop
vertex 12.850226 9.815990 -5.015422
vertex 13.234014 9.202491 -4.471375
vertex 12.480904 9.202491 -4.636149
endloop
endfacet
facet normal -0.774313 0.077900 -0.627989
outer loop
vertex 12.335083 9.815990 -4.380249
vertex 12.850226 9.815990 -5.015422
vertex 12.480904 9.202491 -4.636149
endloop
endfacet
facet normal -0.488306 0.132731 -0.862519
outer loop
vertex 13.511273 9.815990 -4.533932
vertex 13.904888 9.202491 -4.851183
vertex 13.234014 9.202491 -4.471375
endloop
endfacet
facet normal 0.555960 -0.329086 -0.763290
outer loop
vertex 12.850226 9.815990 -5.015422
vertex 13.511273 9.815990 -4.533932
vertex 13.234014 9.202491 -4.471375
endloop
endfacet
facet normal 0.039523 0.148721 -0.988089
outer loop
vertex 14.301920 9.815990 -4.742962
vertex 14.675196 9.202491 -4.820371
vertex 13.904888 9.202491 -4.851183
endloop
endfacet
facet normal -0.242289 0.318461 -0.916449
outer loop
vertex 13.511273 9.815990 -4.533932
vertex 14.301920 9.815990 -4.742962
vertex 13.904888 9.202491 -4.851183
endloop
endfacet
facet normal 0.409437 -0.599952 -0.687328
outer loop
vertex 15.006161 9.815990 -5.158726
vertex 15.337514 9.202491 -4.425832
vertex 14.675196 9.202491 -4.820371
endloop
endfacet
facet normal -0.498450 -0.196746 -0.844298
outer loop
vertex 14.301920 9.815990 -4.742962
vertex 15.006161 9.815990 -5.158726
vertex 14.675196 9.202491 -4.820371
endloop
endfacet
facet normal -0.339946 -0.199331 -0.919078
outer loop
vertex 15.670758 9.815990 -4.682148
vertex 16.060564 9.202491 -4.693272
vertex 15.337514 9.202491 -4.425832
endloop
endfacet
facet normal 0.487247 -0.548546 -0.679476
outer loop
vertex 15.006161 9.815990 -5.158726
vertex 15.670758 9.815990 -4.682148
vertex 15.337514 9.202491 -4.425832
endloop
endfacet
facet normal 0.373090 -0.127517 -0.918990
outer loop
vertex 16.485024 9.815990 -4.606078
vertex 16.774868 9.202491 -4.403280
vertex 16.060564 9.202491 -4.693272
endloop
endfacet
facet normal 0.092741 0.076926 -0.992714
outer loop
vertex 15.670758 9.815990 -4.682148
vertex 16.485024 9.815990 -4.606078
vertex 16.060564 9.202491 -4.693272
endloop
endfacet
facet normal 0.345001 0.109795 -0.932159
outer loop
vertex 17.183042 9.815990 -4.179950
vertex 17.497863 9.202491 -4.135693
vertex 16.774868 9.202491 -4.403280
endloop
endfacet
facet normal 0.520723 -0.035945 -0.852969
outer loop
vertex 16.485024 9.815990 -4.606078
vertex 17.183042 9.815990 -4.179950
vertex 16.774868 9.202491 -4.403280
endloop
endfacet
facet normal 0.626971 0.406427 -0.664624
outer loop
vertex 17.713276 9.815990 -3.557320
vertex 18.058643 9.202491 -3.606683
vertex 17.497863 9.202491 -4.135693
endloop
endfacet
facet normal 0.719950 0.325217 -0.613112
outer loop
vertex 17.183042 9.815990 -4.179950
vertex 17.713276 9.815990 -3.557320
vertex 17.497863 9.202491 -4.135693
endloop
endfacet
facet normal 0.492657 0.085003 -0.866062
outer loop
vertex 18.489926 9.815990 -3.301135
vertex 18.728737 9.202491 -3.225502
vertex 18.058643 9.202491 -3.606683
endloop
endfacet
facet normal 0.303705 0.245052 -0.920713
outer loop
vertex 17.713276 9.815990 -3.557320
vertex 18.489926 9.815990 -3.301135
vertex 18.058643 9.202491 -3.606683
endloop
endfacet
facet normal 0.499483 0.340472 -0.796615
outer loop
vertex 19.084860 9.815990 -2.740003
vertex 19.381890 9.202491 -2.815971
vertex 18.728737 9.202491 -3.225502
endloop
endfacet
facet normal 0.675590 0.174676 -0.716286
outer loop
vertex 18.489926 9.815990 -3.301135
vertex 19.084860 9.815990 -2.740003
vertex 18.728737 9.202491 -3.225502
endloop
endfacet
facet normal 0.612316 0.375570 -0.695713
outer loop
vertex 19.701830 9.815990 -2.203195
vertex 19.960598 9.202491 -2.306635
vertex 19.381890 9.202491 -2.815971
endloop
endfacet
facet normal 0.607072 0.380317 -0.697727
outer loop
vertex 19.084860 9.815990 -2.740003
vertex 19.701830 9.815990 -2.203195
vertex 19.381890 9.202491 -2.815971
endloop
endfacet
facet normal 0.594669 0.475567 -0.648232
outer loop
vertex 20.247117 9.815990 -1.593705
vertex 20.528689 9.202491 -1.785484
vertex 19.960598 9.202491 -2.306635
endloop
endfacet
facet normal 0.685458 0.392517 -0.613252
outer loop
vertex 19.701830 9.815990 -2.203195
vertex 20.247117 9.815990 -1.593705
vertex 19.960598 9.202491 -2.306635
endloop
endfacet
facet normal 0.732163 0.466018 -0.496755
outer loop
vertex 20.720687 9.815990 -0.926961
vertex 20.961522 9.202491 -1.147534
vertex 20.528689 9.202491 -1.785484
endloop
endfacet
facet normal 0.712789 0.485404 -0.506275
outer loop
vertex 20.247117 9.815990 -1.593705
vertex 20.720687 9.815990 -0.926961
vertex 20.528689 9.202491 -1.785484
endloop
endfacet
facet normal 0.731497 0.492889 -0.471140
outer loop
vertex 21.141757 9.815990 -0.225880
vertex 21.378965 9.202491 -0.499409
vertex 20.961522 9.202491 -1.147534
endloop
endfacet
facet normal 0.760069 0.462499 -0.456498
outer loop
vertex 20.720687 9.815990 -0.926961
vertex 21.141757 9.815990 -0.225880
vertex 20.961522 9.202491 -1.147534
endloop
endfacet
facet normal -0.854994 0.376981 -0.356189
outer loop
vertex 1.192372 10.429490 -0.972906
vertex 1.010946 9.815990 -1.186723
vertex 0.696447 9.815990 -0.431802
endloop
endfacet
facet normal -0.828830 0.214054 -0.516935
outer loop
vertex 0.772451 10.429490 -0.299623
vertex 1.192372 10.429490 -0.972906
vertex 0.696447 9.815990 -0.431802
endloop
endfacet
facet normal -0.780836 0.488220 -0.389791
outer loop
vertex 1.621116 10.429490 -1.640605
vertex 1.376213 9.815990 -1.918431
vertex 1.010946 9.815990 -1.186723
endloop
endfacet
facet normal -0.771009 0.400551 -0.495080
outer loop
vertex 1.192372 10.429490 -0.972906
vertex 1.621116 10.429490 -1.640605
vertex 1.010946 9.815990 -1.186723
endloop
endfacet
facet normal -0.679393 0.591224 -0.434602
outer loop
vertex 2.124666 10.429490 -2.253860
vertex 1.816906 9.815990 -2.607347
vertex 1.376213 9.815990 -1.918431
endloop
endfacet
facet normal -0.663911 0.511897 -0.545145
outer loop
vertex 1.621116 10.429490 -1.640605
vertex 2.124666 10.429490 -2.253860
vertex 1.376213 9.815990 -1.918431
endloop
endfacet
facet normal -0.564310 0.710210 -0.420899
outer loop
vertex 2.718189 10.429490 -2.780523
vertex 2.305856 9.815990 -3.262894
vertex 1.816906 9.815990 -2.607347
endloop
endfacet
facet normal -0.527430 0.607059 -0.594388
outer loop
vertex 2.124666 10.429490 -2.253860
vertex 2.718189 10.429490 -2.780523
vertex 1.816906 9.815990 -2.607347
endloop
endfacet
facet normal -0.500069 0.790897 -0.352723
outer loop
vertex 3.309300 10.429490 -3.309891
vertex 2.777236 9.815990 -3.931188
vertex 2.305856 9.815990 -3.262894
endloop
endfacet
facet normal -0.463759 0.718859 -0.517851
outer loop
vertex 2.718189 10.429490 -2.780523
vertex 3.309300 10.429490 -3.309891
vertex 2.305856 9.815990 -3.262894
endloop
endfacet
facet normal -0.448882 0.818276 -0.359068
outer loop
vertex 3.857509 10.429490 -3.883573
vertex 3.288087 9.815990 -4.569817
vertex 2.777236 9.815990 -3.931188
endloop
endfacet
facet normal -0.435178 0.798552 -0.415854
outer loop
vertex 3.309300 10.429490 -3.309891
vertex 3.857509 10.429490 -3.883573
vertex 2.777236 9.815990 -3.931188
endloop
endfacet
facet normal -0.391477 0.830407 -0.396447
outer loop
vertex 4.440083 10.429490 -4.422323
vertex 3.870002 9.815990 -5.144439
vertex 3.288087 9.815990 -4.569817
endloop
endfacet
facet normal -0.385210 0.823470 -0.416545
outer loop
vertex 3.857509 10.429490 -3.883573
vertex 4.440083 10.429490 -4.422323
vertex 3.288087 9.815990 -4.569817
endloop
endfacet
facet normal -0.180730 0.784876 -0.592711
outer loop
vertex 5.171918 10.429490 -4.729016
vertex 4.652256 9.815990 -5.382964
vertex 3.870002 9.815990 -5.144439
endloop
endfacet
facet normal -0.219975 0.822244 -0.524906
outer loop
vertex 4.440083 10.429490 -4.422323
vertex 5.171918 10.429490 -4.729016
vertex 3.870002 9.815990 -5.144439
endloop
endfacet
facet normal 0.492873 -0.598891 -0.631193
outer loop
vertex 5.928390 10.429490 -4.968585
vertex 5.296834 9.815990 -4.879640
vertex 4.652256 9.815990 -5.382964
endloop
endfacet
facet normal -0.186602 0.786129 -0.589221
outer loop
vertex 5.171918 10.429490 -4.729016
vertex 5.928390 10.429490 -4.968585
vertex 4.652256 9.815990 -5.382964
endloop
endfacet
facet normal 0.521453 -0.697577 -0.491400
outer loop
vertex 6.525838 10.429490 -4.446378
vertex 5.857708 9.815990 -4.284463
vertex 5.296834 9.815990 -4.879640
endloop
endfacet
facet normal 0.517249 -0.618269 -0.591775
outer loop
vertex 5.928390 10.429490 -4.968585
vertex 6.525838 10.429490 -4.446378
vertex 5.296834 9.815990 -4.879640
endloop
endfacet
facet normal -0.270261 0.795178 -0.542817
outer loop
vertex 7.221560 10.429490 -4.064784
vertex 6.589799 9.815990 -4.648961
vertex 5.857708 9.815990 -4.284463
endloop
endfacet
facet normal 0.383774 -0.602612 -0.699697
outer loop
vertex 6.525838 10.429490 -4.446378
vertex 7.221560 10.429490 -4.064784
vertex 5.857708 9.815990 -4.284463
endloop
endfacet
facet normal -0.501662 0.811551 -0.299534
outer loop
vertex 7.637097 10.429490 -4.740782
vertex 7.009053 9.815990 -5.351130
vertex 6.589799 9.815990 -4.648961
endloop
endfacet
facet normal -0.500854 0.808924 -0.307876
outer loop
vertex 7.221560 10.429490 -4.064784
vertex 7.637097 10.429490 -4.740782
vertex 6.589799 9.815990 -4.648961
endloop
endfacet
facet normal -0.310731 0.469134 -0.826655
outer loop
vertex 8.073908 10.429490 -5.403232
vertex 7.774570 9.815990 -5.638880
vertex 7.009053 9.815990 -5.351130
endloop
endfacet
facet normal -0.484717 0.814183 -0.319616
outer loop
vertex 7.637097 10.429490 -4.740782
vertex 8.073908 10.429490 -5.403232
vertex 7.009053 9.815990 -5.351130
endloop
endfacet
facet normal 0.468391 -0.813757 -0.344108
outer loop
vertex 8.824544 10.429490 -5.660504
vertex 8.258762 9.815990 -4.979810
vertex 7.774570 9.815990 -5.638880
endloop
endfacet
facet normal -0.287475 0.462435 -0.838756
outer loop
vertex 8.073908 10.429490 -5.403232
vertex 8.824544 10.429490 -5.660504
vertex 7.774570 9.815990 -5.638880
endloop
endfacet
facet normal 0.309798 -0.524030 -0.793359
outer loop
vertex 9.257034 10.429490 -4.995225
vertex 9.020553 9.815990 -4.682339
vertex 8.258762 9.815990 -4.979810
endloop
endfacet
facet normal 0.492441 -0.809332 -0.320130
outer loop
vertex 8.824544 10.429490 -5.660504
vertex 9.257034 10.429490 -4.995225
vertex 8.258762 9.815990 -4.979810
endloop
endfacet
facet normal -0.777527 0.473002 -0.414393
outer loop
vertex 9.844699 10.429490 -5.528417
vertex 9.405198 9.815990 -5.404048
vertex 9.020553 9.815990 -4.682339
endloop
endfacet
facet normal -0.667265 -0.117869 -0.735435
outer loop
vertex 9.257034 10.429490 -4.995225
vertex 9.844699 10.429490 -5.528417
vertex 9.020553 9.815990 -4.682339
endloop
endfacet
facet normal 0.186690 -0.782378 -0.594164
outer loop
vertex 10.572224 10.429490 -5.845200
vertex 10.185403 9.815990 -5.158903
vertex 9.405198 9.815990 -5.404048
endloop
endfacet
facet normal -0.397235 0.099633 -0.912292
outer loop
vertex 9.844699 10.429490 -5.528417
vertex 10.572224 10.429490 -5.845200
vertex 9.405198 9.815990 -5.404048
endloop
endfacet
facet normal 0.251559 -0.826810 -0.503094
outer loop
vertex 11.325874 10.429490 -5.596896
vertex 10.916869 9.815990 -4.793153
vertex 10.185403 9.815990 -5.158903
endloop
endfacet
facet normal 0.194551 -0.783236 -0.590501
outer loop
vertex 10.572224 10.429490 -5.845200
vertex 11.325874 10.429490 -5.596896
vertex 10.185403 9.815990 -5.158903
endloop
endfacet
facet normal -0.157588 -0.169639 -0.972825
outer loop
vertex 11.911272 10.429490 -5.061217
vertex 11.724157 9.815990 -4.923925
vertex 10.916869 9.815990 -4.793153
endloop
endfacet
facet normal 0.389326 -0.816950 -0.425462
outer loop
vertex 11.325874 10.429490 -5.596896
vertex 11.911272 10.429490 -5.061217
vertex 10.916869 9.815990 -4.793153
endloop
endfacet
facet normal 0.343272 -0.856372 -0.385734
outer loop
vertex 12.385521 10.429490 -5.697402
vertex 12.335083 9.815990 -4.380249
vertex 11.724157 9.815990 -4.923925
endloop
endfacet
facet normal -0.796870 0.110108 -0.594033
outer loop
vertex 11.911272 10.429490 -5.061217
vertex 12.385521 10.429490 -5.697402
vertex 11.724157 9.815990 -4.923925
endloop
endfacet
facet normal -0.776669 0.003292 -0.629900
outer loop
vertex 12.976268 10.429490 -5.167626
vertex 12.850226 9.815990 -5.015422
vertex 12.335083 9.815990 -4.380249
endloop
endfacet
facet normal 0.345542 -0.855650 -0.385310
outer loop
vertex 12.385521 10.429490 -5.697402
vertex 12.976268 10.429490 -5.167626
vertex 12.335083 9.815990 -4.380249
endloop
endfacet
facet normal 0.509249 -0.501839 -0.699159
outer loop
vertex 13.698144 10.429490 -4.838175
vertex 13.511273 9.815990 -4.533932
vertex 12.850226 9.815990 -5.015422
endloop
endfacet
facet normal 0.396457 -0.296968 -0.868696
outer loop
vertex 12.976268 10.429490 -5.167626
vertex 13.698144 10.429490 -4.838175
vertex 12.850226 9.815990 -5.015422
endloop
endfacet
facet normal -0.190004 -0.668872 -0.718686
outer loop
vertex 14.327978 10.429490 -5.320827
vertex 14.301920 9.815990 -4.742962
vertex 13.511273 9.815990 -4.533932
endloop
endfacet
facet normal -0.595469 -0.203972 -0.777053
outer loop
vertex 13.698144 10.429490 -4.838175
vertex 14.327978 10.429490 -5.320827
vertex 13.511273 9.815990 -4.533932
endloop
endfacet
facet normal -0.500375 0.176833 -0.847558
outer loop
vertex 15.082745 10.429490 -5.075939
vertex 15.006161 9.815990 -5.158726
vertex 14.301920 9.815990 -4.742962
endloop
endfacet
facet normal 0.228363 -0.672655 -0.703836
outer loop
vertex 14.327978 10.429490 -5.320827
vertex 15.082745 10.429490 -5.075939
vertex 14.301920 9.815990 -4.742962
endloop
endfacet
facet normal 0.575307 -0.159293 -0.802277
outer loop
vertex 15.790849 10.429490 -4.717843
vertex 15.670758 9.815990 -4.682148
vertex 15.006161 9.815990 -5.158726
endloop
endfacet
facet normal 0.450363 0.063953 -0.890552
outer loop
vertex 15.082745 10.429490 -5.075939
vertex 15.790849 10.429490 -4.717843
vertex 15.006161 9.815990 -5.158726
endloop
endfacet
facet normal 0.088462 0.309068 -0.946917
outer loop
vertex 16.519066 10.429490 -4.402655
vertex 16.485024 9.815990 -4.606078
vertex 15.670758 9.815990 -4.682148
endloop
endfacet
facet normal 0.393839 -0.130035 -0.909935
outer loop
vertex 15.790849 10.429490 -4.717843
vertex 16.519066 10.429490 -4.402655
vertex 15.670758 9.815990 -4.682148
endloop
endfacet
facet normal 0.517116 0.122804 -0.847060
outer loop
vertex 17.234557 10.429490 -4.059557
vertex 17.183042 9.815990 -4.179950
vertex 16.485024 9.815990 -4.606078
endloop
endfacet
facet normal 0.416910 0.265146 -0.869416
outer loop
vertex 16.519066 10.429490 -4.402655
vertex 17.234557 10.429490 -4.059557
vertex 16.485024 9.815990 -4.606078
endloop
endfacet
facet normal 0.761084 -0.025779 -0.648141
outer loop
vertex 17.789420 10.429490 -3.492308
vertex 17.713276 9.815990 -3.557320
vertex 17.183042 9.815990 -4.179950
endloop
endfacet
facet normal 0.712748 0.076966 -0.697185
outer loop
vertex 17.234557 10.429490 -4.059557
vertex 17.789420 10.429490 -3.492308
vertex 17.183042 9.815990 -4.179950
endloop
endfacet
facet normal 0.272452 0.493506 -0.825967
outer loop
vertex 18.385827 10.429490 -2.968914
vertex 18.489926 9.815990 -3.301135
vertex 17.713276 9.815990 -3.557320
endloop
endfacet
facet normal 0.659600 -0.002219 -0.751613
outer loop
vertex 17.789420 10.429490 -3.492308
vertex 18.385827 10.429490 -2.968914
vertex 17.713276 9.815990 -3.557320
endloop
endfacet
facet normal 0.604404 0.473344 -0.640813
outer loop
vertex 18.951588 10.429490 -2.412534
vertex 19.084860 9.815990 -2.740003
vertex 18.489926 9.815990 -3.301135
endloop
endfacet
facet normal 0.625871 0.450833 -0.636423
outer loop
vertex 18.385827 10.429490 -2.968914
vertex 18.951588 10.429490 -2.412534
vertex 18.489926 9.815990 -3.301135
endloop
endfacet
facet normal 0.500813 0.646430 -0.575600
outer loop
vertex 19.412070 10.429490 -1.766314
vertex 19.701830 9.815990 -2.203195
vertex 19.084860 9.815990 -2.740003
endloop
endfacet
facet normal 0.732276 0.437599 -0.521804
outer loop
vertex 18.951588 10.429490 -2.412534
vertex 19.412070 10.429490 -1.766314
vertex 19.084860 9.815990 -2.740003
endloop
endfacet
facet normal 0.517431 0.719698 -0.462925
outer loop
vertex 19.838218 10.429490 -1.096955
vertex 20.247117 9.815990 -1.593705
vertex 19.701830 9.815990 -2.203195
endloop
endfacet
facet normal 0.664867 0.615450 -0.423288
outer loop
vertex 19.412070 10.429490 -1.766314
vertex 19.838218 10.429490 -1.096955
vertex 19.701830 9.815990 -2.203195
endloop
endfacet
facet normal 0.536890 0.752549 -0.381338
outer loop
vertex 20.230091 10.429490 -0.406970
vertex 20.720687 9.815990 -0.926961
vertex 20.247117 9.815990 -1.593705
endloop
endfacet
facet normal 0.621219 0.699719 -0.352817
outer loop
vertex 19.838218 10.429490 -1.096955
vertex 20.230091 10.429490 -0.406970
vertex 20.247117 9.815990 -1.593705
endloop
endfacet
facet normal -0.820244 0.255900 -0.511580
outer loop
vertex 1.256474 11.042989 -0.768801
vertex 1.192372 10.429490 -0.972906
vertex 0.772451 10.429490 -0.299623
endloop
endfacet
facet normal -0.772257 0.134416 -0.620928
outer loop
vertex 0.766249 11.042989 -0.159101
vertex 1.256474 11.042989 -0.768801
vertex 0.772451 10.429490 -0.299623
endloop
endfacet
facet normal -0.841104 0.029094 -0.540090
outer loop
vertex 1.548564 11.042989 -1.494569
vertex 1.621116 10.429490 -1.640605
vertex 1.192372 10.429490 -0.972906
endloop
endfacet
facet normal -0.905805 0.215924 -0.364548
outer loop
vertex 1.256474 11.042989 -0.768801
vertex 1.548564 11.042989 -1.494569
vertex 1.192372 10.429490 -0.972906
endloop
endfacet
facet normal -0.741283 -0.282867 -0.608676
outer loop
vertex 1.857336 11.042989 -2.213398
vertex 2.124666 10.429490 -2.253860
vertex 1.621116 10.429490 -1.640605
endloop
endfacet
facet normal -0.918720 -0.014708 -0.394635
outer loop
vertex 1.548564 11.042989 -1.494569
vertex 1.857336 11.042989 -2.213398
vertex 1.621116 10.429490 -1.640605
endloop
endfacet
facet normal -0.612184 -0.386351 -0.689901
outer loop
vertex 2.363832 11.042989 -2.809650
vertex 2.718189 10.429490 -2.780523
vertex 2.124666 10.429490 -2.253860
endloop
endfacet
facet normal -0.732099 -0.277993 -0.621893
outer loop
vertex 1.857336 11.042989 -2.213398
vertex 2.363832 11.042989 -2.809650
vertex 2.124666 10.429490 -2.253860
endloop
endfacet
facet normal -0.607607 -0.412896 -0.678476
outer loop
vertex 2.933078 11.042989 -3.346320
vertex 3.309300 10.429490 -3.309891
vertex 2.718189 10.429490 -2.780523
endloop
endfacet
facet normal -0.630014 -0.395622 -0.668256
outer loop
vertex 2.363832 11.042989 -2.809650
vertex 2.933078 11.042989 -3.346320
vertex 2.718189 10.429490 -2.780523
endloop
endfacet
facet normal -0.665962 -0.389232 -0.636391
outer loop
vertex 3.500363 11.042989 -3.885063
vertex 3.857509 10.429490 -3.883573
vertex 3.309300 10.429490 -3.309891
endloop
endfacet
facet normal -0.624339 -0.421906 -0.657416
outer loop
vertex 2.933078 11.042989 -3.346320
vertex 3.500363 11.042989 -3.885063
vertex 3.309300 10.429490 -3.309891
endloop
endfacet
facet normal -0.673229 -0.129580 -0.727992
outer loop
vertex 4.173019 11.042989 -4.284549
vertex 4.440083 10.429490 -4.422323
vertex 3.857509 10.429490 -3.883573
endloop
endfacet
facet normal -0.489183 -0.286776 -0.823687
outer loop
vertex 3.500363 11.042989 -3.885063
vertex 4.173019 11.042989 -4.284549
vertex 3.857509 10.429490 -3.883573
endloop
endfacet
facet normal -0.268929 0.718241 -0.641722
outer loop
vertex 4.860993 11.042989 -3.912063
vertex 5.171918 10.429490 -4.729016
vertex 4.440083 10.429490 -4.422323
endloop
endfacet
facet normal 0.441339 0.375178 -0.815145
outer loop
vertex 4.173019 11.042989 -4.284549
vertex 4.860993 11.042989 -3.912063
vertex 4.440083 10.429490 -4.422323
endloop
endfacet
facet normal -0.132140 0.899134 -0.417249
outer loop
vertex 5.540055 11.042989 -3.523565
vertex 5.928390 10.429490 -4.968585
vertex 5.171918 10.429490 -4.729016
endloop
endfacet
facet normal 0.287612 0.815200 -0.502721
outer loop
vertex 4.860993 11.042989 -3.912063
vertex 5.540055 11.042989 -3.523565
vertex 5.171918 10.429490 -4.729016
endloop
endfacet
facet normal 0.469895 0.700133 -0.537599
outer loop
vertex 6.215098 11.042989 -3.919004
vertex 6.525838 10.429490 -4.446378
vertex 5.928390 10.429490 -4.968585
endloop
endfacet
facet normal -0.254895 0.863536 -0.435124
outer loop
vertex 5.540055 11.042989 -3.523565
vertex 6.215098 11.042989 -3.919004
vertex 5.928390 10.429490 -4.968585
endloop
endfacet
facet normal 0.466885 -0.239659 -0.851224
outer loop
vertex 6.732685 11.042989 -4.505654
vertex 7.221560 10.429490 -4.064784
vertex 6.525838 10.429490 -4.446378
endloop
endfacet
facet normal -0.736836 0.185620 -0.650091
outer loop
vertex 6.215098 11.042989 -3.919004
vertex 6.732685 11.042989 -4.505654
vertex 6.525838 10.429490 -4.446378
endloop
endfacet
facet normal -0.835709 0.194143 -0.513711
outer loop
vertex 7.463586 11.042989 -4.226658
vertex 7.637097 10.429490 -4.740782
vertex 7.221560 10.429490 -4.064784
endloop
endfacet
facet normal 0.332559 -0.361071 -0.871224
outer loop
vertex 6.732685 11.042989 -4.505654
vertex 7.463586 11.042989 -4.226658
vertex 7.221560 10.429490 -4.064784
endloop
endfacet
facet normal -0.544302 0.758236 -0.358906
outer loop
vertex 8.235731 11.042989 -4.352548
vertex 8.073908 10.429490 -5.403232
vertex 7.637097 10.429490 -4.740782
endloop
endfacet
facet normal -0.126783 0.615809 -0.777628
outer loop
vertex 7.463586 11.042989 -4.226658
vertex 8.235731 11.042989 -4.352548
vertex 7.637097 10.429490 -4.740782
endloop
endfacet
facet normal -0.256116 0.613191 -0.747262
outer loop
vertex 8.557630 11.042989 -5.065595
vertex 8.824544 10.429490 -5.660504
vertex 8.073908 10.429490 -5.403232
endloop
endfacet
facet normal -0.662413 0.686865 -0.299041
outer loop
vertex 8.235731 11.042989 -4.352548
vertex 8.557630 11.042989 -5.065595
vertex 8.073908 10.429490 -5.403232
endloop
endfacet
facet normal 0.793839 -0.321708 -0.516065
outer loop
vertex 9.300594 11.042989 -5.310666
vertex 9.257034 10.429490 -4.995225
vertex 8.824544 10.429490 -5.660504
endloop
endfacet
facet normal -0.246450 0.617282 -0.747145
outer loop
vertex 8.557630 11.042989 -5.065595
vertex 9.300594 11.042989 -5.310666
vertex 8.824544 10.429490 -5.660504
endloop
endfacet
facet normal -0.504190 0.661052 -0.555700
outer loop
vertex 9.978321 11.042989 -4.919845
vertex 9.844699 10.429490 -5.528417
vertex 9.257034 10.429490 -4.995225
endloop
endfacet
facet normal 0.450204 -0.433378 -0.780705
outer loop
vertex 9.300594 11.042989 -5.310666
vertex 9.978321 11.042989 -4.919845
vertex 9.257034 10.429490 -4.995225
endloop
endfacet
facet normal -0.367483 0.390745 -0.843964
outer loop
vertex 10.479335 11.042989 -5.520711
vertex 10.572224 10.429490 -5.845200
vertex 9.844699 10.429490 -5.528417
endloop
endfacet
facet normal -0.598993 0.625904 -0.499452
outer loop
vertex 9.978321 11.042989 -4.919845
vertex 10.479335 11.042989 -5.520711
vertex 9.844699 10.429490 -5.528417
endloop
endfacet
facet normal 0.278814 0.453994 -0.846257
outer loop
vertex 11.229733 11.042989 -5.299446
vertex 11.325874 10.429490 -5.596896
vertex 10.572224 10.429490 -5.845200
endloop
endfacet
facet normal 0.247801 0.482014 -0.840391
outer loop
vertex 10.479335 11.042989 -5.520711
vertex 11.229733 11.042989 -5.299446
vertex 10.572224 10.429490 -5.845200
endloop
endfacet
facet normal 0.657499 0.226754 -0.718525
outer loop
vertex 11.892909 11.042989 -4.884411
vertex 11.911272 10.429490 -5.061217
vertex 11.325874 10.429490 -5.596896
endloop
endfacet
facet normal 0.475610 0.442996 -0.759967
outer loop
vertex 11.229733 11.042989 -5.299446
vertex 11.892909 11.042989 -4.884411
vertex 11.325874 10.429490 -5.596896
endloop
endfacet
facet normal -0.674449 0.540682 -0.502773
outer loop
vertex 12.567125 11.042989 -5.281258
vertex 12.385521 10.429490 -5.697402
vertex 11.911272 10.429490 -5.061217
endloop
endfacet
facet normal -0.494005 0.227087 -0.839280
outer loop
vertex 11.892909 11.042989 -4.884411
vertex 12.567125 11.042989 -5.281258
vertex 11.911272 10.429490 -5.061217
endloop
endfacet
facet normal 0.640861 0.280394 -0.714616
outer loop
vertex 13.155766 11.042989 -4.765936
vertex 12.976268 10.429490 -5.167626
vertex 12.385521 10.429490 -5.697402
endloop
endfacet
facet normal 0.628192 0.300782 -0.717569
outer loop
vertex 12.567125 11.042989 -5.281258
vertex 13.155766 11.042989 -4.765936
vertex 12.385521 10.429490 -5.697402
endloop
endfacet
facet normal 0.390008 0.342947 -0.854565
outer loop
vertex 13.892666 11.042989 -4.503194
vertex 13.698144 10.429490 -4.838175
vertex 12.976268 10.429490 -5.167626
endloop
endfacet
facet normal 0.298150 0.460279 -0.836211
outer loop
vertex 13.155766 11.042989 -4.765936
vertex 13.892666 11.042989 -4.503194
vertex 12.976268 10.429490 -5.167626
endloop
endfacet
facet normal -0.448605 0.675319 -0.585404
outer loop
vertex 14.605432 11.042989 -4.825715
vertex 14.327978 10.429490 -5.320827
vertex 13.698144 10.429490 -4.838175
endloop
endfacet
facet normal -0.349090 0.531929 -0.771484
outer loop
vertex 13.892666 11.042989 -4.503194
vertex 14.605432 11.042989 -4.825715
vertex 13.698144 10.429490 -4.838175
endloop
endfacet
facet normal 0.265574 0.509400 -0.818524
outer loop
vertex 15.356120 11.042989 -4.605437
vertex 15.082745 10.429490 -5.075939
vertex 14.327978 10.429490 -5.320827
endloop
endfacet
facet normal 0.236395 0.543241 -0.805610
outer loop
vertex 14.605432 11.042989 -4.825715
vertex 15.356120 11.042989 -4.605437
vertex 14.327978 10.429490 -5.320827
endloop
endfacet
facet normal 0.451284 -0.003669 -0.892373
outer loop
vertex 16.136178 11.042989 -4.545728
vertex 15.790849 10.429490 -4.717843
vertex 15.082745 10.429490 -5.075939
endloop
endfacet
facet normal 0.061624 0.589965 -0.805074
outer loop
vertex 15.356120 11.042989 -4.605437
vertex 16.136178 11.042989 -4.545728
vertex 15.082745 10.429490 -5.075939
endloop
endfacet
facet normal 0.394947 0.106631 -0.912495
outer loop
vertex 16.835086 11.042989 -4.194184
vertex 16.519066 10.429490 -4.402655
vertex 15.790849 10.429490 -4.717843
endloop
endfacet
facet normal 0.449349 -0.002304 -0.893354
outer loop
vertex 16.136178 11.042989 -4.545728
vertex 16.835086 11.042989 -4.194184
vertex 15.790849 10.429490 -4.717843
endloop
endfacet
facet normal 0.430515 0.092920 -0.897788
outer loop
vertex 17.537933 11.042989 -3.850583
vertex 17.234557 10.429490 -4.059557
vertex 16.519066 10.429490 -4.402655
endloop
endfacet
facet normal 0.437831 0.078799 -0.895598
outer loop
vertex 16.835086 11.042989 -4.194184
vertex 17.537933 11.042989 -3.850583
vertex 16.519066 10.429490 -4.402655
endloop
endfacet
facet normal 0.675949 -0.325457 -0.661189
outer loop
vertex 18.176487 11.042989 -3.398583
vertex 17.789420 10.429490 -3.492308
vertex 17.234557 10.429490 -4.059557
endloop
endfacet
facet normal 0.577737 -0.007677 -0.816187
outer loop
vertex 17.537933 11.042989 -3.850583
vertex 18.176487 11.042989 -3.398583
vertex 17.234557 10.429490 -4.059557
endloop
endfacet
facet normal 0.659601 0.001828 -0.751614
outer loop
vertex 18.624970 11.042989 -2.757554
vertex 18.385827 10.429490 -2.968914
vertex 17.789420 10.429490 -3.492308
endloop
endfacet
facet normal 0.752903 -0.394546 -0.526754
outer loop
vertex 18.176487 11.042989 -3.398583
vertex 18.624970 11.042989 -2.757554
vertex 17.789420 10.429490 -3.492308
endloop
endfacet
facet normal 0.682821 0.227278 -0.694334
outer loop
vertex 19.058655 11.042989 -2.106423
vertex 18.951588 10.429490 -2.412534
vertex 18.385827 10.429490 -2.968914
endloop
endfacet
facet normal 0.824974 -0.132275 -0.549473
outer loop
vertex 18.624970 11.042989 -2.757554
vertex 19.058655 11.042989 -2.106423
vertex 18.385827 10.429490 -2.968914
endloop
endfacet
facet normal 0.790318 0.241341 -0.563163
outer loop
vertex 19.460632 11.042989 -1.435252
vertex 19.412070 10.429490 -1.766314
vertex 18.951588 10.429490 -2.412534
endloop
endfacet
facet normal 0.853064 0.106050 -0.510916
outer loop
vertex 19.058655 11.042989 -2.106423
vertex 19.460632 11.042989 -1.435252
vertex 18.951588 10.429490 -2.412534
endloop
endfacet
facet normal 0.773384 0.399303 -0.492376
outer loop
vertex 19.764941 11.042989 -0.714522
vertex 19.838218 10.429490 -1.096955
vertex 19.412070 10.429490 -1.766314
endloop
endfacet
facet normal 0.912726 0.135711 -0.385374
outer loop
vertex 19.460632 11.042989 -1.435252
vertex 19.764941 11.042989 -0.714522
vertex 19.412070 10.429490 -1.766314
endloop
endfacet
facet normal -0.707280 0.419947 -0.568683
outer loop
vertex 1.375248 11.656489 -0.463480
vertex 1.256474 11.042989 -0.768801
vertex 0.766249 11.042989 -0.159101
endloop
endfacet
facet normal -0.838555 0.427706 -0.337482
outer loop
vertex 1.713169 11.656489 -1.126055
vertex 1.548564 11.042989 -1.494569
vertex 1.256474 11.042989 -0.768801
endloop
endfacet
facet normal -0.827522 0.370249 -0.422046
outer loop
vertex 1.375248 11.656489 -0.463480
vertex 1.713169 11.656489 -1.126055
vertex 1.256474 11.042989 -0.768801
endloop
endfacet
facet normal -0.762533 0.557905 -0.327545
outer loop
vertex 2.109487 11.656489 -1.755443
vertex 1.857336 11.042989 -2.213398
vertex 1.548564 11.042989 -1.494569
endloop
endfacet
facet normal -0.742367 0.479972 -0.467459
outer loop
vertex 1.713169 11.656489 -1.126055
vertex 2.109487 11.656489 -1.755443
vertex 1.548564 11.042989 -1.494569
endloop
endfacet
facet normal -0.612960 0.594276 -0.520688
outer loop
vertex 2.563536 11.656489 -2.344540
vertex 2.363832 11.042989 -2.809650
vertex 1.857336 11.042989 -2.213398
endloop
endfacet
facet normal -0.624155 0.615632 -0.481070
outer loop
vertex 2.109487 11.656489 -1.755443
vertex 2.563536 11.656489 -2.344540
vertex 1.857336 11.042989 -2.213398
endloop
endfacet
facet normal -0.556238 0.585231 -0.590002
outer loop
vertex 3.081813 11.656489 -2.878005
vertex 2.933078 11.042989 -3.346320
vertex 2.363832 11.042989 -2.809650
endloop
endfacet
facet normal -0.570559 0.605967 -0.554315
outer loop
vertex 2.563536 11.656489 -2.344540
vertex 3.081813 11.656489 -2.878005
vertex 2.363832 11.042989 -2.809650
endloop
endfacet
facet normal -0.591116 0.512992 -0.622432
outer loop
vertex 3.566457 11.656489 -3.442201
vertex 3.500363 11.042989 -3.885063
vertex 2.933078 11.042989 -3.346320
endloop
endfacet
facet normal -0.626894 0.563047 -0.538500
outer loop
vertex 3.081813 11.656489 -2.878005
vertex 3.566457 11.656489 -3.442201
vertex 2.933078 11.042989 -3.346320
endloop
endfacet
facet normal -0.422777 0.560801 -0.711872
outer loop
vertex 4.206474 11.656489 -3.821113
vertex 4.173019 11.042989 -4.284549
vertex 3.500363 11.042989 -3.885063
endloop
endfacet
facet normal -0.422049 0.560069 -0.712880
outer loop
vertex 3.566457 11.656489 -3.442201
vertex 4.206474 11.656489 -3.821113
vertex 3.500363 11.042989 -3.885063
endloop
endfacet
facet normal 0.468095 0.182809 -0.864562
outer loop
vertex 4.945431 11.656489 -3.736623
vertex 4.860993 11.042989 -3.912063
vertex 4.173019 11.042989 -4.284549
endloop
endfacet
facet normal 0.091126 0.597076 -0.796992
outer loop
vertex 4.206474 11.656489 -3.821113
vertex 4.945431 11.656489 -3.736623
vertex 4.173019 11.042989 -4.284549
endloop
endfacet
facet normal 0.491895 -0.137114 -0.859790
outer loop
vertex 5.665338 11.656489 -3.549726
vertex 5.540055 11.042989 -3.523565
vertex 4.860993 11.042989 -3.912063
endloop
endfacet
facet normal 0.244222 0.235398 -0.940714
outer loop
vertex 4.945431 11.656489 -3.736623
vertex 5.665338 11.656489 -3.549726
vertex 4.860993 11.042989 -3.912063
endloop
endfacet
facet normal -0.369737 0.681851 -0.631169
outer loop
vertex 6.383068 11.656489 -3.354637
vertex 6.215098 11.042989 -3.919004
vertex 5.540055 11.042989 -3.523565
endloop
endfacet
facet normal 0.261128 -0.094292 -0.960688
outer loop
vertex 5.665338 11.656489 -3.549726
vertex 6.383068 11.656489 -3.354637
vertex 5.540055 11.042989 -3.523565
endloop
endfacet
facet normal -0.501881 0.742998 -0.442797
outer loop
vertex 6.996496 11.656489 -3.775235
vertex 6.732685 11.042989 -4.505654
vertex 6.215098 11.042989 -3.919004
endloop
endfacet
facet normal -0.417508 0.674464 -0.608921
outer loop
vertex 6.383068 11.656489 -3.354637
vertex 6.996496 11.656489 -3.775235
vertex 6.215098 11.042989 -3.919004
endloop
endfacet
facet normal 0.353269 0.136717 -0.925478
outer loop
vertex 7.687421 11.656489 -4.050588
vertex 7.463586 11.042989 -4.226658
vertex 6.732685 11.042989 -4.505654
endloop
endfacet
facet normal -0.229565 0.784529 -0.576033
outer loop
vertex 6.996496 11.656489 -3.775235
vertex 7.687421 11.656489 -4.050588
vertex 6.732685 11.042989 -4.505654
endloop
endfacet
facet normal -0.160699 -0.051680 -0.985650
outer loop
vertex 8.342845 11.656489 -4.402179
vertex 8.235731 11.042989 -4.352548
vertex 7.463586 11.042989 -4.226658
endloop
endfacet
facet normal -0.434995 0.391431 -0.810901
outer loop
vertex 7.687421 11.656489 -4.050588
vertex 8.342845 11.656489 -4.402179
vertex 7.463586 11.042989 -4.226658
endloop
endfacet
facet normal -0.755219 0.559827 -0.340937
outer loop
vertex 8.923013 11.656489 -4.867583
vertex 8.557630 11.042989 -5.065595
vertex 8.235731 11.042989 -4.352548
endloop
endfacet
facet normal -0.625070 0.046098 -0.779206
outer loop
vertex 8.342845 11.656489 -4.402179
vertex 8.923013 11.656489 -4.867583
vertex 8.235731 11.042989 -4.352548
endloop
endfacet
facet normal -0.184206 0.808830 -0.558446
outer loop
vertex 9.576964 11.656489 -4.513259
vertex 9.300594 11.042989 -5.310666
vertex 8.557630 11.042989 -5.065595
endloop
endfacet
facet normal 0.476388 0.000057 -0.879235
outer loop
vertex 8.923013 11.656489 -4.867583
vertex 9.576964 11.656489 -4.513259
vertex 8.557630 11.042989 -5.065595
endloop
endfacet
facet normal 0.496210 -0.115516 -0.860484
outer loop
vertex 10.239257 11.656489 -4.851732
vertex 9.978321 11.042989 -4.919845
vertex 9.300594 11.042989 -5.310666
endloop
endfacet
facet normal -0.269276 0.806146 -0.526896
outer loop
vertex 9.576964 11.656489 -4.513259
vertex 10.239257 11.656489 -4.851732
vertex 9.300594 11.042989 -5.310666
endloop
endfacet
facet normal -0.562500 0.680889 -0.469024
outer loop
vertex 10.917913 11.656489 -5.156071
vertex 10.479335 11.042989 -5.520711
vertex 9.978321 11.042989 -4.919845
endloop
endfacet
facet normal -0.394503 0.265461 -0.879715
outer loop
vertex 10.239257 11.656489 -4.851732
vertex 10.917913 11.656489 -5.156071
vertex 9.978321 11.042989 -4.919845
endloop
endfacet
facet normal 0.213839 0.654478 -0.725211
outer loop
vertex 11.482068 11.656489 -4.671379
vertex 11.229733 11.042989 -5.299446
vertex 10.479335 11.042989 -5.520711
endloop
endfacet
facet normal 0.651594 -0.015036 -0.758419
outer loop
vertex 10.917913 11.656489 -5.156071
vertex 11.482068 11.656489 -4.671379
vertex 10.479335 11.042989 -5.520711
endloop
endfacet
facet normal 0.530434 -0.016286 -0.847570
outer loop
vertex 12.225655 11.656489 -4.687957
vertex 11.892909 11.042989 -4.884411
vertex 11.229733 11.042989 -5.299446
endloop
endfacet
facet normal -0.015505 0.718374 -0.695484
outer loop
vertex 11.482068 11.656489 -4.671379
vertex 12.225655 11.656489 -4.687957
vertex 11.229733 11.042989 -5.299446
endloop
endfacet
facet normal -0.321257 0.773889 -0.545793
outer loop
vertex 12.968326 11.656489 -4.647516
vertex 12.567125 11.042989 -5.281258
vertex 11.892909 11.042989 -4.884411
endloop
endfacet
facet normal 0.052217 0.278750 -0.958943
outer loop
vertex 12.225655 11.656489 -4.687957
vertex 12.968326 11.656489 -4.647516
vertex 11.892909 11.042989 -4.884411
endloop
endfacet
facet normal 0.651156 0.150851 -0.743800
outer loop
vertex 13.599095 11.656489 -4.253400
vertex 13.155766 11.042989 -4.765936
vertex 12.567125 11.042989 -5.281258
endloop
endfacet
facet normal 0.468286 0.467968 -0.749476
outer loop
vertex 12.968326 11.656489 -4.647516
vertex 13.599095 11.656489 -4.253400
vertex 12.567125 11.042989 -5.281258
endloop
endfacet
facet normal 0.335494 -0.045379 -0.940949
outer loop
vertex 14.332712 11.656489 -4.375884
vertex 13.892666 11.042989 -4.503194
vertex 13.155766 11.042989 -4.765936
endloop
endfacet
facet normal -0.119808 0.686077 -0.717596
outer loop
vertex 13.599095 11.656489 -4.253400
vertex 14.332712 11.656489 -4.375884
vertex 13.155766 11.042989 -4.765936
endloop
endfacet
facet normal -0.301536 0.681909 -0.666390
outer loop
vertex 15.075668 11.656489 -4.410707
vertex 14.605432 11.042989 -4.825715
vertex 13.892666 11.042989 -4.503194
endloop
endfacet
facet normal -0.045519 0.234174 -0.971129
outer loop
vertex 14.332712 11.656489 -4.375884
vertex 15.075668 11.656489 -4.410707
vertex 13.892666 11.042989 -4.503194
endloop
endfacet
facet normal 0.242565 0.507770 -0.826639
outer loop
vertex 15.756436 11.656489 -4.111122
vertex 15.356120 11.042989 -4.605437
vertex 14.605432 11.042989 -4.825715
endloop
endfacet
facet normal 0.384683 0.296470 -0.874142
outer loop
vertex 15.075668 11.656489 -4.410707
vertex 15.756436 11.656489 -4.111122
vertex 14.605432 11.042989 -4.825715
endloop
endfacet
facet normal 0.070529 0.382109 -0.921422
outer loop
vertex 16.484185 11.656489 -4.264675
vertex 16.136178 11.042989 -4.545728
vertex 15.356120 11.042989 -4.605437
endloop
endfacet
facet normal -0.151701 0.678283 -0.718971
outer loop
vertex 15.756436 11.656489 -4.111122
vertex 16.484185 11.656489 -4.264675
vertex 15.356120 11.042989 -4.605437
endloop
endfacet
facet normal 0.447993 -0.077643 -0.890659
outer loop
vertex 17.200356 11.656489 -4.063938
vertex 16.835086 11.042989 -4.194184
vertex 16.136178 11.042989 -4.545728
endloop
endfacet
facet normal 0.259348 0.276768 -0.925277
outer loop
vertex 16.484185 11.656489 -4.264675
vertex 17.200356 11.656489 -4.063938
vertex 16.136178 11.042989 -4.545728
endloop
endfacet
facet normal 0.425271 0.249819 -0.869905
outer loop
vertex 17.754932 11.656489 -3.568315
vertex 17.537933 11.042989 -3.850583
vertex 16.835086 11.042989 -4.194184
endloop
endfacet
facet normal 0.648192 -0.231946 -0.725292
outer loop
vertex 17.200356 11.656489 -4.063938
vertex 17.754932 11.656489 -3.568315
vertex 16.835086 11.042989 -4.194184
endloop
endfacet
facet normal 0.529557 0.399853 -0.748122
outer loop
vertex 18.253366 11.656489 -3.016264
vertex 18.176487 11.042989 -3.398583
vertex 17.537933 11.042989 -3.850583
endloop
endfacet
facet normal 0.741454 0.045750 -0.669442
outer loop
vertex 17.754932 11.656489 -3.568315
vertex 18.253366 11.656489 -3.016264
vertex 17.537933 11.042989 -3.850583
endloop
endfacet
facet normal 0.818751 0.038992 -0.572823
outer loop
vertex 18.781297 11.656489 -2.492351
vertex 18.624970 11.042989 -2.757554
vertex 18.176487 11.042989 -3.398583
endloop
endfacet
facet normal 0.664008 0.333761 -0.669101
outer loop
vertex 18.253366 11.656489 -3.016264
vertex 18.781297 11.656489 -2.492351
vertex 18.176487 11.042989 -3.398583
endloop
endfacet
facet normal 0.810362 0.228020 -0.539740
outer loop
vertex 19.082060 11.656489 -1.812103
vertex 19.058655 11.042989 -2.106423
vertex 18.624970 11.042989 -2.757554
endloop
endfacet
facet normal 0.913046 -0.058147 -0.403691
outer loop
vertex 18.781297 11.656489 -2.492351
vertex 19.082060 11.656489 -1.812103
vertex 18.624970 11.042989 -2.757554
endloop
endfacet
facet normal 0.811098 0.325786 -0.485782
outer loop
vertex 19.393137 11.656489 -1.136509
vertex 19.460632 11.042989 -1.435252
vertex 19.058655 11.042989 -2.106423
endloop
endfacet
facet normal 0.896074 0.163754 -0.412597
outer loop
vertex 19.082060 11.656489 -1.812103
vertex 19.393137 11.656489 -1.136509
vertex 19.058655 11.042989 -2.106423
endloop
endfacet
facet normal -0.788555 0.465228 -0.402173
outer loop
vertex 1.928354 12.269988 -0.838287
vertex 1.713169 11.656489 -1.126055
vertex 1.375248 11.656489 -0.463480
endloop
endfacet
facet normal -0.746941 0.316025 -0.584985
outer loop
vertex 1.466421 12.269988 -0.248466
vertex 1.928354 12.269988 -0.838287
vertex 1.375248 11.656489 -0.463480
endloop
endfacet
facet normal -0.791492 0.353758 -0.498393
outer loop
vertex 2.236240 12.269988 -1.521278
vertex 2.109487 11.656489 -1.755443
vertex 1.713169 11.656489 -1.126055
endloop
endfacet
facet normal -0.811300 0.456111 -0.365727
outer loop
vertex 1.928354 12.269988 -0.838287
vertex 2.236240 12.269988 -1.521278
vertex 1.713169 11.656489 -1.126055
endloop
endfacet
facet normal -0.782304 0.156312 -0.602965
outer loop
vertex 2.568953 12.269988 -2.192525
vertex 2.563536 11.656489 -2.344540
vertex 2.109487 11.656489 -1.755443
endloop
endfacet
facet normal -0.844450 0.334229 -0.418564
outer loop
vertex 2.236240 12.269988 -1.521278
vertex 2.568953 12.269988 -2.192525
vertex 2.109487 11.656489 -1.755443
endloop
endfacet
facet normal -0.717239 0.003428 -0.696819
outer loop
vertex 3.008321 12.269988 -2.799342
vertex 3.081813 11.656489 -2.878005
vertex 2.563536 11.656489 -2.344540
endloop
endfacet
facet normal -0.800721 0.150727 -0.579765
outer loop
vertex 2.568953 12.269988 -2.192525
vertex 3.008321 12.269988 -2.799342
vertex 2.563536 11.656489 -2.344540
endloop
endfacet
facet normal -0.754158 0.107585 -0.647820
outer loop
vertex 3.548065 12.269988 -3.318906
vertex 3.566457 11.656489 -3.442201
vertex 3.081813 11.656489 -2.878005
endloop
endfacet
facet normal -0.693480 0.009299 -0.720415
outer loop
vertex 3.008321 12.269988 -2.799342
vertex 3.548065 12.269988 -3.318906
vertex 3.081813 11.656489 -2.878005
endloop
endfacet
facet normal -0.420304 0.565102 -0.709932
outer loop
vertex 4.294342 12.269988 -3.384793
vertex 4.206474 11.656489 -3.821113
vertex 3.566457 11.656489 -3.442201
endloop
endfacet
facet normal -0.086278 0.193810 -0.977238
outer loop
vertex 3.548065 12.269988 -3.318906
vertex 4.294342 12.269988 -3.384793
vertex 3.566457 11.656489 -3.442201
endloop
endfacet
facet normal 0.067381 0.805087 -0.589317
outer loop
vertex 4.871365 12.269988 -2.906969
vertex 4.945431 11.656489 -3.736623
vertex 4.206474 11.656489 -3.821113
endloop
endfacet
facet normal 0.580217 0.415217 -0.700673
outer loop
vertex 4.294342 12.269988 -3.384793
vertex 4.871365 12.269988 -2.906969
vertex 4.206474 11.656489 -3.821113
endloop
endfacet
facet normal 0.124259 0.869180 -0.478629
outer loop
vertex 5.488101 12.269988 -2.481637
vertex 5.665338 11.656489 -3.549726
vertex 4.945431 11.656489 -3.736623
endloop
endfacet
facet normal 0.366724 0.763381 -0.531754
outer loop
vertex 4.871365 12.269988 -2.906969
vertex 5.488101 12.269988 -2.481637
vertex 4.945431 11.656489 -3.736623
endloop
endfacet
facet normal 0.188972 0.693507 -0.695225
outer loop
vertex 6.165417 12.269988 -2.801814
vertex 6.383068 11.656489 -3.354637
vertex 5.665338 11.656489 -3.549726
endloop
endfacet
facet normal -0.242574 0.823306 -0.513151
outer loop
vertex 5.488101 12.269988 -2.481637
vertex 6.165417 12.269988 -2.801814
vertex 5.665338 11.656489 -3.549726
endloop
endfacet
facet normal -0.329135 0.813166 -0.480033
outer loop
vertex 6.903275 12.269988 -2.672062
vertex 6.996496 11.656489 -3.775235
vertex 6.383068 11.656489 -3.354637
endloop
endfacet
facet normal 0.125632 0.688339 -0.714427
outer loop
vertex 6.165417 12.269988 -2.801814
vertex 6.903275 12.269988 -2.672062
vertex 6.383068 11.656489 -3.354637
endloop
endfacet
facet normal -0.215547 0.813027 -0.540858
outer loop
vertex 7.538618 12.269988 -3.069062
vertex 7.687421 11.656489 -4.050588
vertex 6.996496 11.656489 -3.775235
endloop
endfacet
facet normal -0.301636 0.822187 -0.482726
outer loop
vertex 6.903275 12.269988 -2.672062
vertex 7.538618 12.269988 -3.069062
vertex 6.996496 11.656489 -3.775235
endloop
endfacet
facet normal -0.363276 0.639862 -0.677206
outer loop
vertex 8.015465 12.269988 -3.646893
vertex 8.342845 11.656489 -4.402179
vertex 7.687421 11.656489 -4.050588
endloop
endfacet
facet normal -0.593128 0.639232 -0.489471
outer loop
vertex 7.538618 12.269988 -3.069062
vertex 8.015465 12.269988 -3.646893
vertex 7.687421 11.656489 -4.050588
endloop
endfacet
facet normal -0.457999 0.681371 -0.570938
outer loop
vertex 8.698290 12.269988 -3.955147
vertex 8.923013 11.656489 -4.867583
vertex 8.342845 11.656489 -4.402179
endloop
endfacet
facet normal -0.305451 0.669993 -0.676616
outer loop
vertex 8.015465 12.269988 -3.646893
vertex 8.698290 12.269988 -3.955147
vertex 8.342845 11.656489 -4.402179
endloop
endfacet
facet normal 0.449120 0.333465 -0.828910
outer loop
vertex 9.279854 12.269988 -4.427433
vertex 9.576964 11.656489 -4.513259
vertex 8.923013 11.656489 -4.867583
endloop
endfacet
facet normal -0.463102 0.678487 -0.570255
outer loop
vertex 8.698290 12.269988 -3.955147
vertex 9.279854 12.269988 -4.427433
vertex 8.923013 11.656489 -4.867583
endloop
endfacet
facet normal -0.336101 0.674187 -0.657653
outer loop
vertex 9.937505 12.269988 -4.068595
vertex 10.239257 11.656489 -4.851732
vertex 9.576964 11.656489 -4.513259
endloop
endfacet
facet normal 0.451409 0.334350 -0.827309
outer loop
vertex 9.279854 12.269988 -4.427433
vertex 9.937505 12.269988 -4.068595
vertex 9.576964 11.656489 -4.513259
endloop
endfacet
facet normal -0.355748 0.494095 -0.793293
outer loop
vertex 10.485108 12.269988 -4.579870
vertex 10.917913 11.656489 -5.156071
vertex 10.239257 11.656489 -4.851732
endloop
endfacet
facet normal -0.585868 0.512842 -0.627496
outer loop
vertex 9.937505 12.269988 -4.068595
vertex 10.485108 12.269988 -4.579870
vertex 10.239257 11.656489 -4.851732
endloop
endfacet
facet normal 0.492519 0.654822 -0.573265
outer loop
vertex 11.157491 12.269988 -4.249458
vertex 11.482068 11.656489 -4.671379
vertex 10.917913 11.656489 -5.156071
endloop
endfacet
facet normal 0.288814 0.755750 -0.587732
outer loop
vertex 10.485108 12.269988 -4.579870
vertex 11.157491 12.269988 -4.249458
vertex 10.917913 11.656489 -5.156071
endloop
endfacet
facet normal -0.014488 0.759892 -0.649888
outer loop
vertex 11.849421 12.269988 -3.962226
vertex 12.225655 11.656489 -4.687957
vertex 11.482068 11.656489 -4.671379
endloop
endfacet
facet normal 0.293855 0.642299 -0.707885
outer loop
vertex 11.157491 12.269988 -4.249458
vertex 11.849421 12.269988 -3.962226
vertex 11.482068 11.656489 -4.671379
endloop
endfacet
facet normal 0.044919 0.563466 -0.824917
outer loop
vertex 12.540390 12.269988 -4.251763
vertex 12.968326 11.656489 -4.647516
vertex 12.225655 11.656489 -4.687957
endloop
endfacet
facet normal -0.293885 0.649420 -0.701345
outer loop
vertex 11.849421 12.269988 -3.962226
vertex 12.540390 12.269988 -4.251763
vertex 12.225655 11.656489 -4.687957
endloop
endfacet
facet normal 0.387434 0.682204 -0.620075
outer loop
vertex 13.170370 12.269988 -3.846306
vertex 13.599095 11.656489 -4.253400
vertex 12.968326 11.656489 -4.647516
endloop
endfacet
facet normal 0.398298 0.677034 -0.618856
outer loop
vertex 12.540390 12.269988 -4.251763
vertex 13.170370 12.269988 -3.846306
vertex 12.968326 11.656489 -4.647516
endloop
endfacet
facet normal -0.132395 0.594686 -0.792982
outer loop
vertex 13.919550 12.269988 -3.846818
vertex 14.332712 11.656489 -4.375884
vertex 13.599095 11.656489 -4.253400
endloop
endfacet
facet normal -0.000570 0.552632 -0.833426
outer loop
vertex 13.170370 12.269988 -3.846306
vertex 13.919550 12.269988 -3.846818
vertex 13.599095 11.656489 -4.253400
endloop
endfacet
facet normal -0.034498 0.676085 -0.736016
outer loop
vertex 14.668495 12.269988 -3.828078
vertex 15.075668 11.656489 -4.410707
vertex 14.332712 11.656489 -4.375884
endloop
endfacet
facet normal 0.018788 0.660183 -0.750870
outer loop
vertex 13.919550 12.269988 -3.846818
vertex 14.668495 12.269988 -3.828078
vertex 14.332712 11.656489 -4.375884
endloop
endfacet
facet normal 0.290409 0.692944 -0.659917
outer loop
vertex 15.390457 12.269988 -3.627975
vertex 15.756436 11.656489 -4.111122
vertex 15.075668 11.656489 -4.410707
endloop
endfacet
facet normal 0.180345 0.737629 -0.650676
outer loop
vertex 14.668495 12.269988 -3.828078
vertex 15.390457 12.269988 -3.627975
vertex 15.075668 11.656489 -4.410707
endloop
endfacet
facet normal -0.188444 0.408458 -0.893113
outer loop
vertex 16.088287 12.269988 -3.900563
vertex 16.484185 11.656489 -4.264675
vertex 15.756436 11.656489 -4.111122
endloop
endfacet
facet normal -0.323275 0.458901 -0.827589
outer loop
vertex 15.390457 12.269988 -3.627975
vertex 16.088287 12.269988 -3.900563
vertex 15.756436 11.656489 -4.111122
endloop
endfacet
facet normal 0.187886 0.717892 -0.670321
outer loop
vertex 16.742374 12.269988 -3.535269
vertex 17.200356 11.656489 -4.063938
vertex 16.484185 11.656489 -4.264675
endloop
endfacet
facet normal 0.374674 0.639950 -0.670882
outer loop
vertex 16.088287 12.269988 -3.900563
vertex 16.742374 12.269988 -3.535269
vertex 16.484185 11.656489 -4.264675
endloop
endfacet
facet normal 0.514572 0.635370 -0.575779
outer loop
vertex 17.411477 12.269988 -3.198265
vertex 17.754932 11.656489 -3.568315
vertex 17.200356 11.656489 -4.063938
endloop
endfacet
facet normal 0.301774 0.741584 -0.599155
outer loop
vertex 16.742374 12.269988 -3.535269
vertex 17.411477 12.269988 -3.198265
vertex 17.200356 11.656489 -4.063938
endloop
endfacet
facet normal 0.644849 0.495167 -0.582219
outer loop
vertex 18.016665 12.269988 -2.756656
vertex 18.253366 11.656489 -3.016264
vertex 17.754932 11.656489 -3.568315
endloop
endfacet
facet normal 0.456424 0.632802 -0.625491
outer loop
vertex 17.411477 12.269988 -3.198265
vertex 18.016665 12.269988 -2.756656
vertex 17.754932 11.656489 -3.568315
endloop
endfacet
facet normal 0.560741 0.605224 -0.565042
outer loop
vertex 18.460778 12.269988 -2.153304
vertex 18.781297 11.656489 -2.492351
vertex 18.253366 11.656489 -3.016264
endloop
endfacet
facet normal 0.702204 0.489644 -0.516874
outer loop
vertex 18.016665 12.269988 -2.756656
vertex 18.460778 12.269988 -2.153304
vertex 18.253366 11.656489 -3.016264
endloop
endfacet
facet normal 0.778857 0.524211 -0.344362
outer loop
vertex 18.811085 12.269988 -1.491069
vertex 19.082060 11.656489 -1.812103
vertex 18.781297 11.656489 -2.492351
endloop
endfacet
facet normal 0.717277 0.584424 -0.379423
outer loop
vertex 18.460778 12.269988 -2.153304
vertex 18.811085 12.269988 -1.491069
vertex 18.781297 11.656489 -2.492351
endloop
endfacet
facet normal 0.776379 0.519077 -0.357483
outer loop
vertex 19.131517 12.269988 -0.813873
vertex 19.393137 11.656489 -1.136509
vertex 19.082060 11.656489 -1.812103
endloop
endfacet
facet normal 0.767187 0.528816 -0.363013
outer loop
vertex 18.811085 12.269988 -1.491069
vertex 19.131517 12.269988 -0.813873
vertex 19.082060 11.656489 -1.812103
endloop
endfacet
facet normal -0.739198 0.344145 -0.578921
outer loop
vertex 2.017549 12.883487 -0.587476
vertex 1.928354 12.269988 -0.838287
vertex 1.466421 12.269988 -0.248466
endloop
endfacet
facet normal -0.876598 0.274631 -0.395163
outer loop
vertex 2.312903 12.883487 -1.264970
vertex 2.236240 12.269988 -1.521278
vertex 1.928354 12.269988 -0.838287
endloop
endfacet
facet normal -0.878825 0.284400 -0.383124
outer loop
vertex 2.017549 12.883487 -0.587476
vertex 2.312903 12.883487 -1.264970
vertex 1.928354 12.269988 -0.838287
endloop
endfacet
facet normal -0.844141 0.335199 -0.418411
outer loop
vertex 2.672781 12.883487 -1.910508
vertex 2.568953 12.269988 -2.192525
vertex 2.236240 12.269988 -1.521278
endloop
endfacet
facet normal -0.833664 0.298341 -0.464755
outer loop
vertex 2.312903 12.883487 -1.264970
vertex 2.672781 12.883487 -1.910508
vertex 2.236240 12.269988 -1.521278
endloop
endfacet
facet normal -0.746034 0.389425 -0.540169
outer loop
vertex 3.114201 12.883487 -2.503282
vertex 3.008321 12.269988 -2.799342
vertex 2.568953 12.269988 -2.192525
endloop
endfacet
facet normal -0.742021 0.379582 -0.552560
outer loop
vertex 2.672781 12.883487 -1.910508
vertex 3.114201 12.883487 -2.503282
vertex 2.568953 12.269988 -2.192525
endloop
endfacet
facet normal -0.618836 0.451397 -0.642871
outer loop
vertex 3.662777 12.883487 -2.998555
vertex 3.548065 12.269988 -3.318906
vertex 3.008321 12.269988 -2.799342
endloop
endfacet
facet normal -0.605582 0.428203 -0.670755
outer loop
vertex 3.114201 12.883487 -2.503282
vertex 3.662777 12.883487 -2.998555
vertex 3.008321 12.269988 -2.799342
endloop
endfacet
facet normal -0.073121 0.555625 -0.828212
outer loop
vertex 4.401681 12.883487 -2.982689
vertex 4.294342 12.269988 -3.384793
vertex 3.548065 12.269988 -3.318906
endloop
endfacet
facet normal 0.019061 0.459979 -0.887725
outer loop
vertex 3.662777 12.883487 -2.998555
vertex 4.401681 12.883487 -2.982689
vertex 3.548065 12.269988 -3.318906
endloop
endfacet
facet normal 0.623247 0.212376 -0.752635
outer loop
vertex 5.033644 12.883487 -2.599473
vertex 4.871365 12.269988 -2.906969
vertex 4.294342 12.269988 -3.384793
endloop
endfacet
facet normal 0.469314 0.425151 -0.773945
outer loop
vertex 4.401681 12.883487 -2.982689
vertex 5.033644 12.883487 -2.599473
vertex 4.294342 12.269988 -3.384793
endloop
endfacet
facet normal 0.509032 0.442824 -0.738101
outer loop
vertex 5.550112 12.883487 -2.070802
vertex 5.488101 12.269988 -2.481637
vertex 4.871365 12.269988 -2.906969
endloop
endfacet
facet normal 0.706215 0.158993 -0.689914
outer loop
vertex 5.033644 12.883487 -2.599473
vertex 5.550112 12.883487 -2.070802
vertex 4.871365 12.269988 -2.906969
endloop
endfacet
facet normal -0.212602 0.867484 -0.449747
outer loop
vertex 6.115601 12.883487 -1.594931
vertex 6.165417 12.269988 -2.801814
vertex 5.488101 12.269988 -2.481637
endloop
endfacet
facet normal 0.587756 0.408311 -0.698445
outer loop
vertex 5.550112 12.883487 -2.070802
vertex 6.115601 12.883487 -1.594931
vertex 5.488101 12.269988 -2.481637
endloop
endfacet
facet normal 0.116573 0.739565 -0.662913
outer loop
vertex 6.720354 12.883487 -2.019791
vertex 6.903275 12.269988 -2.672062
vertex 6.165417 12.269988 -2.801814
endloop
endfacet
facet normal -0.309806 0.842350 -0.440983
outer loop
vertex 6.115601 12.883487 -1.594931
vertex 6.720354 12.883487 -2.019791
vertex 6.165417 12.269988 -2.801814
endloop
endfacet
facet normal -0.464488 0.481336 -0.743348
outer loop
vertex 7.275667 12.883487 -2.507499
vertex 7.538618 12.269988 -3.069062
vertex 6.903275 12.269988 -2.672062
endloop
endfacet
facet normal -0.565328 0.515814 -0.643693
outer loop
vertex 6.720354 12.883487 -2.019791
vertex 7.275667 12.883487 -2.507499
vertex 6.903275 12.269988 -2.672062
endloop
endfacet
facet normal -0.640865 0.556413 -0.528864
outer loop
vertex 7.914520 12.883487 -2.879115
vertex 8.015465 12.269988 -3.646893
vertex 7.538618 12.269988 -3.069062
endloop
endfacet
facet normal -0.435757 0.498934 -0.749120
outer loop
vertex 7.275667 12.883487 -2.507499
vertex 7.914520 12.883487 -2.879115
vertex 7.538618 12.269988 -3.069062
endloop
endfacet
facet normal -0.335182 0.579986 -0.742475
outer loop
vertex 8.466068 12.883487 -3.371077
vertex 8.698290 12.269988 -3.955147
vertex 8.015465 12.269988 -3.646893
endloop
endfacet
facet normal -0.513610 0.636112 -0.575818
outer loop
vertex 7.914520 12.883487 -2.879115
vertex 8.466068 12.883487 -3.371077
vertex 8.015465 12.269988 -3.646893
endloop
endfacet
facet normal -0.427163 0.735429 -0.526000
outer loop
vertex 9.193844 12.883487 -3.499818
vertex 9.279854 12.269988 -4.427433
vertex 8.698290 12.269988 -3.955147
endloop
endfacet
facet normal -0.131318 0.657026 -0.742343
outer loop
vertex 8.466068 12.883487 -3.371077
vertex 9.193844 12.883487 -3.499818
vertex 8.698290 12.269988 -3.955147
endloop
endfacet
facet normal 0.449159 0.347303 -0.823187
outer loop
vertex 9.836456 12.883487 -3.864894
vertex 9.937505 12.269988 -4.068595
vertex 9.279854 12.269988 -4.427433
endloop
endfacet
facet normal -0.309269 0.779746 -0.544379
outer loop
vertex 9.193844 12.883487 -3.499818
vertex 9.836456 12.883487 -3.864894
vertex 9.279854 12.269988 -4.427433
endloop
endfacet
facet normal -0.480553 0.710039 -0.514698
outer loop
vertex 10.573943 12.883487 -3.816474
vertex 10.485108 12.269988 -4.579870
vertex 9.937505 12.269988 -4.068595
endloop
endfacet
facet normal 0.061988 0.323690 -0.944130
outer loop
vertex 9.836456 12.883487 -3.864894
vertex 10.573943 12.883487 -3.816474
vertex 9.937505 12.269988 -4.068595
endloop
endfacet
facet normal 0.414451 0.341911 -0.843402
outer loop
vertex 11.304476 12.883487 -3.928520
vertex 11.157491 12.269988 -4.249458
vertex 10.485108 12.269988 -4.579870
endloop
endfacet
facet normal -0.094618 0.781331 -0.616903
outer loop
vertex 10.573943 12.883487 -3.816474
vertex 11.304476 12.883487 -3.928520
vertex 10.485108 12.269988 -4.579870
endloop
endfacet
facet normal 0.304819 0.606543 -0.734296
outer loop
vertex 11.866382 12.883487 -3.448423
vertex 11.849421 12.269988 -3.962226
vertex 11.157491 12.269988 -4.249458
endloop
endfacet
facet normal 0.631354 0.235296 -0.738937
outer loop
vertex 11.304476 12.883487 -3.928520
vertex 11.866382 12.883487 -3.448423
vertex 11.157491 12.269988 -4.249458
endloop
endfacet
facet normal -0.277308 0.696522 -0.661784
outer loop
vertex 12.584196 12.883487 -3.624417
vertex 12.540390 12.269988 -4.251763
vertex 11.849421 12.269988 -3.962226
endloop
endfacet
facet normal -0.184138 0.634074 -0.751029
outer loop
vertex 11.866382 12.883487 -3.448423
vertex 12.584196 12.883487 -3.624417
vertex 11.849421 12.269988 -3.962226
endloop
endfacet
facet normal 0.487351 0.434862 -0.757221
outer loop
vertex 13.292998 12.883487 -3.415057
vertex 13.170370 12.269988 -3.846306
vertex 12.540390 12.269988 -4.251763
endloop
endfacet
facet normal 0.204303 0.692704 -0.691680
outer loop
vertex 12.584196 12.883487 -3.624417
vertex 13.292998 12.883487 -3.415057
vertex 12.540390 12.269988 -4.251763
endloop
endfacet
facet normal -0.000522 0.645677 -0.763611
outer loop
vertex 14.026945 12.883487 -3.328142
vertex 13.919550 12.269988 -3.846818
vertex 13.170370 12.269988 -3.846306
endloop
endfacet
facet normal 0.097492 0.559216 -0.823270
outer loop
vertex 13.292998 12.883487 -3.415057
vertex 14.026945 12.883487 -3.328142
vertex 13.170370 12.269988 -3.846306
endloop
endfacet
facet normal 0.019840 0.609020 -0.792906
outer loop
vertex 14.765552 12.883487 -3.354429
vertex 14.668495 12.269988 -3.828078
vertex 13.919550 12.269988 -3.846818
endloop
endfacet
facet normal -0.027085 0.648147 -0.761033
outer loop
vertex 14.026945 12.883487 -3.328142
vertex 14.765552 12.883487 -3.354429
vertex 13.919550 12.269988 -3.846818
endloop
endfacet
facet normal 0.214300 0.596875 -0.773185
outer loop
vertex 15.470427 12.883487 -3.132207
vertex 15.390457 12.269988 -3.627975
vertex 14.668495 12.269988 -3.828078
endloop
endfacet
facet normal 0.247624 0.567229 -0.785451
outer loop
vertex 14.765552 12.883487 -3.354429
vertex 15.470427 12.883487 -3.132207
vertex 14.668495 12.269988 -3.828078
endloop
endfacet
facet normal -0.322069 0.465263 -0.824501
outer loop
vertex 16.079454 12.883487 -3.550917
vertex 16.088287 12.269988 -3.900563
vertex 15.390457 12.269988 -3.627975
endloop
endfacet
facet normal -0.455456 0.594714 -0.662476
outer loop
vertex 15.470427 12.883487 -3.132207
vertex 16.079454 12.883487 -3.550917
vertex 15.390457 12.269988 -3.627975
endloop
endfacet
facet normal 0.475560 0.220783 -0.851527
outer loop
vertex 16.790504 12.883487 -3.349322
vertex 16.742374 12.269988 -3.535269
vertex 16.088287 12.269988 -3.900563
endloop
endfacet
facet normal 0.238777 0.483421 -0.842193
outer loop
vertex 16.079454 12.883487 -3.550917
vertex 16.790504 12.883487 -3.349322
vertex 16.088287 12.269988 -3.900563
endloop
endfacet
facet normal 0.393648 0.483936 -0.781567
outer loop
vertex 17.339582 12.883487 -2.854605
vertex 17.411477 12.269988 -3.198265
vertex 16.742374 12.269988 -3.535269
endloop
endfacet
facet normal 0.659613 0.170145 -0.732093
outer loop
vertex 16.790504 12.883487 -3.349322
vertex 17.339582 12.883487 -2.854605
vertex 16.742374 12.269988 -3.535269
endloop
endfacet
facet normal 0.522302 0.463543 -0.715771
outer loop
vertex 17.936040 12.883487 -2.418178
vertex 18.016665 12.269988 -2.756656
vertex 17.411477 12.269988 -3.198265
endloop
endfacet
facet normal 0.523633 0.462240 -0.715641
outer loop
vertex 17.339582 12.883487 -2.854605
vertex 17.936040 12.883487 -2.418178
vertex 17.411477 12.269988 -3.198265
endloop
endfacet
facet normal 0.699917 0.494666 -0.515191
outer loop
vertex 18.304013 12.883487 -1.777219
vertex 18.460778 12.269988 -2.153304
vertex 18.016665 12.269988 -2.756656
endloop
endfacet
facet normal 0.808338 0.362262 -0.464064
outer loop
vertex 17.936040 12.883487 -2.418178
vertex 18.304013 12.883487 -1.777219
vertex 18.016665 12.269988 -2.756656
endloop
endfacet
facet normal 0.789913 0.448823 -0.417846
outer loop
vertex 18.655145 12.883487 -1.126883
vertex 18.811085 12.269988 -1.491069
vertex 18.460778 12.269988 -2.153304
endloop
endfacet
facet normal 0.781940 0.458614 -0.422189
outer loop
vertex 18.304013 12.883487 -1.777219
vertex 18.655145 12.883487 -1.126883
vertex 18.460778 12.269988 -2.153304
endloop
endfacet
facet normal 0.820070 0.420611 -0.388036
outer loop
vertex 18.982325 12.883487 -0.464172
vertex 19.131517 12.269988 -0.813873
vertex 18.811085 12.269988 -1.491069
endloop
endfacet
facet normal 0.804982 0.440526 -0.397418
outer loop
vertex 18.655145 12.883487 -1.126883
vertex 18.982325 12.883487 -0.464172
vertex 18.811085 12.269988 -1.491069
endloop
endfacet
facet normal -0.863301 0.336255 -0.376357
outer loop
vertex 2.517075 13.496987 -1.185177
vertex 2.312903 12.883487 -1.264970
vertex 2.017549 12.883487 -0.587476
endloop
endfacet
facet normal -0.849543 0.228497 -0.475464
outer loop
vertex 2.138273 13.496987 -0.508347
vertex 2.517075 13.496987 -1.185177
vertex 2.017549 12.883487 -0.587476
endloop
endfacet
facet normal -0.848698 0.236336 -0.473136
outer loop
vertex 2.833931 13.496987 -1.893126
vertex 2.672781 12.883487 -1.910508
vertex 2.312903 12.883487 -1.264970
endloop
endfacet
facet normal -0.859642 0.336129 -0.384750
outer loop
vertex 2.517075 13.496987 -1.185177
vertex 2.833931 13.496987 -1.893126
vertex 2.312903 12.883487 -1.264970
endloop
endfacet
facet normal -0.801811 0.024278 -0.597084
outer loop
vertex 3.191108 13.496987 -2.581613
vertex 3.114201 12.883487 -2.503282
vertex 2.672781 12.883487 -1.910508
endloop
endfacet
facet normal -0.861917 0.239072 -0.447150
outer loop
vertex 2.833931 13.496987 -1.893126
vertex 3.191108 13.496987 -2.581613
vertex 2.672781 12.883487 -1.910508
endloop
endfacet
facet normal -0.667025 -0.096094 -0.738812
outer loop
vertex 3.730220 13.496987 -3.139241
vertex 3.662777 12.883487 -2.998555
vertex 3.114201 12.883487 -2.503282
endloop
endfacet
facet normal -0.718941 0.001379 -0.695070
outer loop
vertex 3.191108 13.496987 -2.581613
vertex 3.730220 13.496987 -3.139241
vertex 3.114201 12.883487 -2.503282
endloop
endfacet
facet normal 0.019145 0.452338 -0.891641
outer loop
vertex 4.349743 13.496987 -2.672571
vertex 4.401681 12.883487 -2.982689
vertex 3.662777 12.883487 -2.998555
endloop
endfacet
facet normal 0.583802 -0.241904 -0.775021
outer loop
vertex 3.730220 13.496987 -3.139241
vertex 4.349743 13.496987 -2.672571
vertex 3.662777 12.883487 -2.998555
endloop
endfacet
facet normal 0.375942 0.688701 -0.619966
outer loop
vertex 4.813933 13.496987 -2.051187
vertex 5.033644 12.883487 -2.599473
vertex 4.401681 12.883487 -2.982689
endloop
endfacet
facet normal 0.751276 0.347295 -0.561222
outer loop
vertex 4.349743 13.496987 -2.672571
vertex 4.813933 13.496987 -2.051187
vertex 4.401681 12.883487 -2.982689
endloop
endfacet
facet normal 0.455759 0.770744 -0.445239
outer loop
vertex 5.192893 13.496987 -1.374445
vertex 5.550112 12.883487 -2.070802
vertex 5.033644 12.883487 -2.599473
endloop
endfacet
facet normal 0.698305 0.599551 -0.391035
outer loop
vertex 4.813933 13.496987 -2.051187
vertex 5.192893 13.496987 -1.374445
vertex 5.033644 12.883487 -2.599473
endloop
endfacet
facet normal 0.325477 0.862827 -0.386773
outer loop
vertex 5.561929 13.496987 -0.692241
vertex 6.115601 12.883487 -1.594931
vertex 5.550112 12.883487 -2.070802
endloop
endfacet
facet normal 0.605928 0.724855 -0.327775
outer loop
vertex 5.192893 13.496987 -1.374445
vertex 5.561929 13.496987 -0.692241
vertex 5.550112 12.883487 -2.070802
endloop
endfacet
facet normal -0.305102 0.847530 -0.434287
outer loop
vertex 6.323149 13.496987 -0.543469
vertex 6.720354 12.883487 -2.019791
vertex 6.115601 12.883487 -1.594931
endloop
endfacet
facet normal 0.100880 0.850524 -0.516170
outer loop
vertex 5.561929 13.496987 -0.692241
vertex 6.323149 13.496987 -0.543469
vertex 6.115601 12.883487 -1.594931
endloop
endfacet
facet normal -0.449527 0.732083 -0.511840
outer loop
vertex 6.764627 13.496987 -1.181189
vertex 7.275667 12.883487 -2.507499
vertex 6.720354 12.883487 -2.019791
endloop
endfacet
facet normal -0.630381 0.642011 -0.436397
outer loop
vertex 6.323149 13.496987 -0.543469
vertex 6.764627 13.496987 -1.181189
vertex 6.720354 12.883487 -2.019791
endloop
endfacet
facet normal -0.342005 0.733041 -0.587949
outer loop
vertex 7.290559 13.496987 -1.751264
vertex 7.914520 12.883487 -2.879115
vertex 7.275667 12.883487 -2.507499
endloop
endfacet
facet normal -0.559003 0.649270 -0.515716
outer loop
vertex 6.764627 13.496987 -1.181189
vertex 7.290559 13.496987 -1.751264
vertex 7.275667 12.883487 -2.507499
endloop
endfacet
facet normal -0.519298 0.625603 -0.582194
outer loop
vertex 7.910991 13.496987 -2.216725
vertex 8.466068 12.883487 -3.371077
vertex 7.914520 12.883487 -2.879115
endloop
endfacet
facet normal -0.454949 0.652131 -0.606421
outer loop
vertex 7.290559 13.496987 -1.751264
vertex 7.910991 13.496987 -2.216725
vertex 7.914520 12.883487 -2.879115
endloop
endfacet
facet normal -0.114504 0.753590 -0.647295
outer loop
vertex 8.540394 13.496987 -2.669981
vertex 9.193844 12.883487 -3.499818
vertex 8.466068 12.883487 -3.371077
endloop
endfacet
facet normal -0.413601 0.706450 -0.574337
outer loop
vertex 7.910991 13.496987 -2.216725
vertex 8.540394 13.496987 -2.669981
vertex 8.466068 12.883487 -3.371077
endloop
endfacet
facet normal -0.326679 0.750084 -0.575025
outer loop
vertex 9.310101 13.496987 -2.765594
vertex 9.836456 12.883487 -3.864894
vertex 9.193844 12.883487 -3.499818
endloop
endfacet
facet normal -0.078491 0.771087 -0.631873
outer loop
vertex 8.540394 13.496987 -2.669981
vertex 9.310101 13.496987 -2.765594
vertex 9.193844 12.883487 -3.499818
endloop
endfacet
facet normal 0.047796 0.683936 -0.727975
outer loop
vertex 9.885891 13.496987 -3.285263
vertex 10.573943 12.883487 -3.816474
vertex 9.836456 12.883487 -3.864894
endloop
endfacet
facet normal -0.534622 0.602736 -0.592358
outer loop
vertex 9.310101 13.496987 -2.765594
vertex 9.885891 13.496987 -3.285263
vertex 9.836456 12.883487 -3.864894
endloop
endfacet
facet normal -0.098330 0.761128 -0.641104
outer loop
vertex 10.638576 13.496987 -3.098031
vertex 11.304476 12.883487 -3.928520
vertex 10.573943 12.883487 -3.816474
endloop
endfacet
facet normal 0.161494 0.743259 -0.649219
outer loop
vertex 9.885891 13.496987 -3.285263
vertex 10.638576 13.496987 -3.098031
vertex 10.573943 12.883487 -3.816474
endloop
endfacet
facet normal 0.503424 0.631979 -0.589209
outer loop
vertex 11.409802 13.496987 -3.180496
vertex 11.866382 12.883487 -3.448423
vertex 11.304476 12.883487 -3.928520
endloop
endfacet
facet normal -0.067050 0.776076 -0.627065
outer loop
vertex 10.638576 13.496987 -3.098031
vertex 11.409802 13.496987 -3.180496
vertex 11.304476 12.883487 -3.928520
endloop
endfacet
facet normal -0.177271 0.667692 -0.723023
outer loop
vertex 12.150888 13.496987 -2.951628
vertex 12.584196 12.883487 -3.624417
vertex 11.866382 12.883487 -3.448423
endloop
endfacet
facet normal 0.248887 0.537183 -0.805909
outer loop
vertex 11.409802 13.496987 -3.180496
vertex 12.150888 13.496987 -2.951628
vertex 11.866382 12.883487 -3.448423
endloop
endfacet
facet normal 0.176391 0.782470 -0.597182
outer loop
vertex 12.893900 13.496987 -2.729089
vertex 13.292998 12.883487 -3.415057
vertex 12.584196 12.883487 -3.624417
endloop
endfacet
facet normal 0.178957 0.781642 -0.597503
outer loop
vertex 12.150888 13.496987 -2.951628
vertex 12.893900 13.496987 -2.729089
vertex 12.584196 12.883487 -3.624417
endloop
endfacet
facet normal 0.074417 0.774317 -0.628407
outer loop
vertex 13.661161 13.496987 -2.615511
vertex 14.026945 12.883487 -3.328142
vertex 13.292998 12.883487 -3.415057
endloop
endfacet
facet normal 0.093684 0.768570 -0.632870
outer loop
vertex 12.893900 13.496987 -2.729089
vertex 13.661161 13.496987 -2.615511
vertex 13.292998 12.883487 -3.415057
endloop
endfacet
facet normal -0.021637 0.793676 -0.607956
outer loop
vertex 14.433262 13.496987 -2.541690
vertex 14.765552 12.883487 -3.354429
vertex 14.026945 12.883487 -3.328142
endloop
endfacet
facet normal 0.060541 0.771614 -0.633203
outer loop
vertex 13.661161 13.496987 -2.615511
vertex 14.433262 13.496987 -2.541690
vertex 14.026945 12.883487 -3.328142
endloop
endfacet
facet normal 0.207657 0.723202 -0.658678
outer loop
vertex 15.208884 13.496987 -2.541065
vertex 15.470427 12.883487 -3.132207
vertex 14.765552 12.883487 -3.354429
endloop
endfacet
facet normal 0.000485 0.798232 -0.602350
outer loop
vertex 14.433262 13.496987 -2.541690
vertex 15.208884 13.496987 -2.541065
vertex 14.765552 12.883487 -3.354429
endloop
endfacet
facet normal -0.521789 0.389509 -0.758959
outer loop
vertex 15.799623 13.496987 -3.043675
vertex 16.079454 12.883487 -3.550917
vertex 15.470427 12.883487 -3.132207
endloop
endfacet
facet normal -0.589241 0.416120 -0.692560
outer loop
vertex 15.208884 13.496987 -2.541065
vertex 15.799623 13.496987 -3.043675
vertex 15.470427 12.883487 -3.132207
endloop
endfacet
facet normal 0.272564 0.038490 -0.961367
outer loop
vertex 16.482106 13.496987 -3.412196
vertex 16.790504 12.883487 -3.349322
vertex 16.079454 12.883487 -3.550917
endloop
endfacet
facet normal -0.423125 0.454890 -0.783607
outer loop
vertex 15.799623 13.496987 -3.043675
vertex 16.482106 13.496987 -3.412196
vertex 16.079454 12.883487 -3.550917
endloop
endfacet
facet normal 0.668108 0.061473 -0.741521
outer loop
vertex 17.132792 13.496987 -2.990062
vertex 17.339582 12.883487 -2.854605
vertex 16.790504 12.883487 -3.349322
endloop
endfacet
facet normal 0.534920 0.184395 -0.824536
outer loop
vertex 16.482106 13.496987 -3.412196
vertex 17.132792 13.496987 -2.990062
vertex 16.790504 12.883487 -3.349322
endloop
endfacet
facet normal 0.553537 0.348264 -0.756511
outer loop
vertex 17.607145 13.496987 -2.376402
vertex 17.936040 12.883487 -2.418178
vertex 17.339582 12.883487 -2.854605
endloop
endfacet
facet normal 0.784416 0.130523 -0.606346
outer loop
vertex 17.132792 13.496987 -2.990062
vertex 17.607145 13.496987 -2.376402
vertex 17.339582 12.883487 -2.854605
endloop
endfacet
facet normal 0.788708 0.415832 -0.452795
outer loop
vertex 18.015234 13.496987 -1.716816
vertex 18.304013 12.883487 -1.777219
vertex 17.936040 12.883487 -2.418178
endloop
endfacet
facet normal 0.763127 0.441261 -0.472150
outer loop
vertex 17.607145 13.496987 -2.376402
vertex 18.015234 13.496987 -1.716816
vertex 17.936040 12.883487 -2.418178
endloop
endfacet
facet normal 0.753925 0.515652 -0.407063
outer loop
vertex 18.305390 13.496987 -0.997511
vertex 18.655145 12.883487 -1.126883
vertex 18.304013 12.883487 -1.777219
endloop
endfacet
facet normal 0.838222 0.427849 -0.338126
outer loop
vertex 18.015234 13.496987 -1.716816
vertex 18.305390 13.496987 -0.997511
vertex 18.304013 12.883487 -1.777219
endloop
endfacet
facet normal -0.872278 0.028326 -0.488189
outer loop
vertex 2.531518 14.110486 -1.175387
vertex 2.517075 13.496987 -1.185177
vertex 2.138273 13.496987 -0.508347
endloop
endfacet
facet normal -0.861164 -0.000694 -0.508327
outer loop
vertex 2.137951 14.110486 -0.508639
vertex 2.531518 14.110486 -1.175387
vertex 2.138273 13.496987 -0.508347
endloop
endfacet
facet normal -0.908480 0.096615 -0.406608
outer loop
vertex 2.886009 14.110486 -1.863707
vertex 2.833931 13.496987 -1.893126
vertex 2.517075 13.496987 -1.185177
endloop
endfacet
facet normal -0.888672 0.028225 -0.457673
outer loop
vertex 2.531518 14.110486 -1.175387
vertex 2.886009 14.110486 -1.863707
vertex 2.517075 13.496987 -1.185177
endloop
endfacet
facet normal -0.836435 0.334786 -0.433930
outer loop
vertex 3.375450 14.110486 -2.463620
vertex 3.191108 13.496987 -2.581613
vertex 2.833931 13.496987 -1.893126
endloop
endfacet
facet normal -0.771288 0.095646 -0.629259
outer loop
vertex 2.886009 14.110486 -1.863707
vertex 3.375450 14.110486 -2.463620
vertex 2.833931 13.496987 -1.893126
endloop
endfacet
facet normal -0.443507 0.787051 -0.428781
outer loop
vertex 4.149508 14.110486 -2.446817
vertex 3.730220 13.496987 -3.139241
vertex 3.191108 13.496987 -2.581613
endloop
endfacet
facet normal 0.021338 0.182638 -0.982949
outer loop
vertex 3.375450 14.110486 -2.463620
vertex 4.149508 14.110486 -2.446817
vertex 3.191108 13.496987 -2.581613
endloop
endfacet
facet normal 0.478040 0.607238 -0.634618
outer loop
vertex 4.652041 14.110486 -1.857827
vertex 4.349743 13.496987 -2.672571
vertex 3.730220 13.496987 -3.139241
endloop
endfacet
facet normal 0.744094 0.208001 -0.634869
outer loop
vertex 4.149508 14.110486 -2.446817
vertex 4.652041 14.110486 -1.857827
vertex 3.730220 13.496987 -3.139241
endloop
endfacet
facet normal 0.706279 0.472017 -0.527608
outer loop
vertex 5.046188 14.110486 -1.191421
vertex 4.813933 13.496987 -2.051187
vertex 4.349743 13.496987 -2.672571
endloop
endfacet
facet normal 0.834638 0.244316 -0.493648
outer loop
vertex 4.652041 14.110486 -1.857827
vertex 5.046188 14.110486 -1.191421
vertex 4.349743 13.496987 -2.672571
endloop
endfacet
facet normal 0.825439 0.324033 -0.462227
outer loop
vertex 5.430820 14.110486 -0.519479
vertex 5.192893 13.496987 -1.374445
vertex 4.813933 13.496987 -2.051187
endloop
endfacet
facet normal 0.814567 0.345066 -0.466272
outer loop
vertex 5.046188 14.110486 -1.191421
vertex 5.430820 14.110486 -0.519479
vertex 4.813933 13.496987 -2.051187
endloop
endfacet
facet normal 0.870717 -0.141419 -0.471012
outer loop
vertex 6.024116 14.110486 -0.022038
vertex 5.561929 13.496987 -0.692241
vertex 5.192893 13.496987 -1.374445
endloop
endfacet
facet normal 0.169814 0.464980 -0.868882
outer loop
vertex 6.791668 14.110486 -0.123588
vertex 6.323149 13.496987 -0.543469
vertex 5.561929 13.496987 -0.692241
endloop
endfacet
facet normal -0.084723 0.763382 -0.640367
outer loop
vertex 6.024116 14.110486 -0.022038
vertex 6.791668 14.110486 -0.123588
vertex 5.561929 13.496987 -0.692241
endloop
endfacet
facet normal -0.492172 0.801048 -0.340719
outer loop
vertex 7.379678 14.110486 -0.627267
vertex 6.764627 13.496987 -1.181189
vertex 6.323149 13.496987 -0.543469
endloop
endfacet
facet normal -0.456205 0.712900 -0.532588
outer loop
vertex 6.791668 14.110486 -0.123588
vertex 7.379678 14.110486 -0.627267
vertex 6.323149 13.496987 -0.543469
endloop
endfacet
facet normal -0.433461 0.807586 -0.399895
outer loop
vertex 7.913756 14.110486 -1.187811
vertex 7.290559 13.496987 -1.751264
vertex 6.764627 13.496987 -1.181189
endloop
endfacet
facet normal -0.431220 0.803271 -0.410860
outer loop
vertex 7.379678 14.110486 -0.627267
vertex 7.913756 14.110486 -1.187811
vertex 6.764627 13.496987 -1.181189
endloop
endfacet
facet normal -0.356599 0.804303 -0.475326
outer loop
vertex 8.536484 14.110486 -1.647874
vertex 7.910991 13.496987 -2.216725
vertex 7.290559 13.496987 -1.751264
endloop
endfacet
facet normal -0.354997 0.801925 -0.480514
outer loop
vertex 7.913756 14.110486 -1.187811
vertex 8.536484 14.110486 -1.647874
vertex 7.290559 13.496987 -1.751264
endloop
endfacet
facet normal -0.320395 0.836303 -0.444909
outer loop
vertex 9.222050 14.110486 -2.007661
vertex 8.540394 13.496987 -2.669981
vertex 7.910991 13.496987 -2.216725
endloop
endfacet
facet normal -0.284043 0.791443 -0.541237
outer loop
vertex 8.536484 14.110486 -1.647874
vertex 9.222050 14.110486 -2.007661
vertex 7.910991 13.496987 -2.216725
endloop
endfacet
facet normal -0.081580 0.749691 -0.656740
outer loop
vertex 9.983301 14.110486 -2.148889
vertex 9.310101 13.496987 -2.765594
vertex 8.540394 13.496987 -2.669981
endloop
endfacet
facet normal -0.113167 0.784280 -0.609999
outer loop
vertex 9.222050 14.110486 -2.007661
vertex 9.983301 14.110486 -2.148889
vertex 8.540394 13.496987 -2.669981
endloop
endfacet
facet normal -0.299257 0.894709 -0.331575
outer loop
vertex 10.721101 14.110486 -2.383623
vertex 9.885891 13.496987 -3.285263
vertex 9.310101 13.496987 -2.765594
endloop
endfacet
facet normal -0.185695 0.790478 -0.583662
outer loop
vertex 9.983301 14.110486 -2.148889
vertex 10.721101 14.110486 -2.383623
vertex 9.310101 13.496987 -2.765594
endloop
endfacet
facet normal 0.166697 0.723279 -0.670134
outer loop
vertex 11.479283 14.110486 -2.226752
vertex 10.638576 13.496987 -3.098031
vertex 9.885891 13.496987 -3.285263
endloop
endfacet
facet normal 0.132075 0.758340 -0.638339
outer loop
vertex 10.721101 14.110486 -2.383623
vertex 11.479283 14.110486 -2.226752
vertex 9.885891 13.496987 -3.285263
endloop
endfacet
facet normal -0.049058 0.887185 -0.458798
outer loop
vertex 12.240049 14.110486 -2.082939
vertex 11.409802 13.496987 -3.180496
vertex 10.638576 13.496987 -3.098031
endloop
endfacet
facet normal 0.122432 0.752025 -0.647664
outer loop
vertex 11.479283 14.110486 -2.226752
vertex 12.240049 14.110486 -2.082939
vertex 10.638576 13.496987 -3.098031
endloop
endfacet
facet normal 0.158686 0.843087 -0.513831
outer loop
vertex 12.917576 14.110486 -1.708232
vertex 12.150888 13.496987 -2.951628
vertex 11.409802 13.496987 -3.180496
endloop
endfacet
facet normal 0.357841 0.673277 -0.647030
outer loop
vertex 12.240049 14.110486 -2.082939
vertex 12.917576 14.110486 -1.708232
vertex 11.409802 13.496987 -3.180496
endloop
endfacet
facet normal 0.132104 0.887697 -0.441070
outer loop
vertex 13.570276 14.110486 -1.291781
vertex 12.893900 13.496987 -2.729089
vertex 12.150888 13.496987 -2.951628
endloop
endfacet
facet normal 0.373487 0.719624 -0.585362
outer loop
vertex 12.917576 14.110486 -1.708232
vertex 13.570276 14.110486 -1.291781
vertex 12.150888 13.496987 -2.951628
endloop
endfacet
facet normal 0.061758 0.906714 -0.417199
outer loop
vertex 14.336718 14.110486 -1.182167
vertex 13.661161 13.496987 -2.615511
vertex 12.893900 13.496987 -2.729089
endloop
endfacet
facet normal 0.059409 0.907698 -0.415398
outer loop
vertex 13.570276 14.110486 -1.291781
vertex 14.336718 14.110486 -1.182167
vertex 12.893900 13.496987 -2.729089
endloop
endfacet
facet normal 0.051777 0.839081 -0.541537
outer loop
vertex 15.026187 14.110486 -1.534417
vertex 14.433262 13.496987 -2.541690
vertex 13.661161 13.496987 -2.615511
endloop
endfacet
facet normal -0.164339 0.932483 -0.321666
outer loop
vertex 14.336718 14.110486 -1.182167
vertex 15.026187 14.110486 -1.534417
vertex 13.661161 13.496987 -2.615511
endloop
endfacet
facet normal 0.000680 0.536534 -0.843879
outer loop
vertex 15.494750 14.110486 -2.150775
vertex 15.208884 13.496987 -2.541065
vertex 14.433262 13.496987 -2.541690
endloop
endfacet
facet normal -0.392763 0.869819 -0.298583
outer loop
vertex 15.026187 14.110486 -1.534417
vertex 15.494750 14.110486 -2.150775
vertex 14.433262 13.496987 -2.541690
endloop
endfacet
facet normal -0.605374 0.356735 -0.711521
outer loop
vertex 15.892452 14.110486 -2.815065
vertex 15.799623 13.496987 -3.043675
vertex 15.208884 13.496987 -2.541065
endloop
endfacet
facet normal -0.694120 0.587799 -0.415560
outer loop
vertex 15.494750 14.110486 -2.150775
vertex 15.892452 14.110486 -2.815065
vertex 15.208884 13.496987 -2.541065
endloop
endfacet
facet normal -0.459374 0.255382 -0.850738
outer loop
vertex 16.530235 14.110486 -3.254019
vertex 16.482106 13.496987 -3.412196
vertex 15.799623 13.496987 -3.043675
endloop
endfacet
facet normal -0.527708 0.365560 -0.766740
outer loop
vertex 15.892452 14.110486 -2.815065
vertex 16.530235 14.110486 -3.254019
vertex 15.799623 13.496987 -3.043675
endloop
endfacet
facet normal 0.530234 0.225502 -0.817313
outer loop
vertex 17.159759 14.110486 -2.803299
vertex 17.132792 13.496987 -2.990062
vertex 16.482106 13.496987 -3.412196
endloop
endfacet
facet normal 0.574474 0.161805 -0.802371
outer loop
vertex 16.530235 14.110486 -3.254019
vertex 17.159759 14.110486 -2.803299
vertex 16.482106 13.496987 -3.412196
endloop
endfacet
facet normal 0.773909 0.207827 -0.598224
outer loop
vertex 17.603072 14.110486 -2.168538
vertex 17.607145 13.496987 -2.376402
vertex 17.132792 13.496987 -2.990062
endloop
endfacet
facet normal 0.812124 0.136966 -0.567182
outer loop
vertex 17.159759 14.110486 -2.803299
vertex 17.603072 14.110486 -2.168538
vertex 17.132792 13.496987 -2.990062
endloop
endfacet
facet normal 0.835218 0.188088 -0.516753
outer loop
vertex 18.006464 14.110486 -1.507688
vertex 18.015234 13.496987 -1.716816
vertex 17.607145 13.496987 -2.376402
endloop
endfacet
facet normal 0.839723 0.179246 -0.512579
outer loop
vertex 17.603072 14.110486 -2.168538
vertex 18.006464 14.110486 -1.507688
vertex 17.607145 13.496987 -2.376402
endloop
endfacet
facet normal -0.542320 -0.547915 -0.636928
outer loop
vertex 1.951726 14.723986 -0.877837
vertex 2.137951 14.110486 -0.508639
vertex 1.548452 14.110486 -0.006703
endloop
endfacet
facet normal -0.733304 -0.347647 -0.584300
outer loop
vertex 1.475447 14.723986 -0.280100
vertex 1.951726 14.723986 -0.877837
vertex 1.548452 14.110486 -0.006703
endloop
endfacet
facet normal -0.811721 -0.333964 -0.479142
outer loop
vertex 2.447046 14.723986 -1.459893
vertex 2.531518 14.110486 -1.175387
vertex 2.137951 14.110486 -0.508639
endloop
endfacet
facet normal -0.646918 -0.527664 -0.550516
outer loop
vertex 1.951726 14.723986 -0.877837
vertex 2.447046 14.723986 -1.459893
vertex 2.137951 14.110486 -0.508639
endloop
endfacet
facet normal -0.879815 -0.143576 -0.453112
outer loop
vertex 2.896341 14.723986 -2.078168
vertex 2.886009 14.110486 -1.863707
vertex 2.531518 14.110486 -1.175387
endloop
endfacet
facet normal -0.755194 -0.358481 -0.548793
outer loop
vertex 2.447046 14.723986 -1.459893
vertex 2.896341 14.723986 -2.078168
vertex 2.531518 14.110486 -1.175387
endloop
endfacet
facet normal -0.745747 0.271451 -0.608421
outer loop
vertex 3.573467 14.723986 -2.432613
vertex 3.375450 14.110486 -2.463620
vertex 2.886009 14.110486 -1.863707
endloop
endfacet
facet normal -0.443970 -0.289011 -0.848153
outer loop
vertex 2.896341 14.723986 -2.078168
vertex 3.573467 14.723986 -2.432613
vertex 2.886009 14.110486 -1.863707
endloop
endfacet
facet normal 0.016674 0.640104 -0.768108
outer loop
vertex 4.153957 14.723986 -1.935460
vertex 4.149508 14.110486 -2.446817
vertex 3.375450 14.110486 -2.463620
endloop
endfacet
facet normal 0.641115 -0.169096 -0.748584
outer loop
vertex 3.573467 14.723986 -2.432613
vertex 4.153957 14.723986 -1.935460
vertex 3.375450 14.110486 -2.463620
endloop
endfacet
facet normal 0.611112 0.595546 -0.521408
outer loop
vertex 4.547126 14.723986 -1.280060
vertex 4.652041 14.110486 -1.857827
vertex 4.149508 14.110486 -2.446817
endloop
endfacet
facet normal 0.789907 0.389237 -0.473858
outer loop
vertex 4.153957 14.723986 -1.935460
vertex 4.547126 14.723986 -1.280060
vertex 4.149508 14.110486 -2.446817
endloop
endfacet
facet normal 0.681751 0.610432 -0.403223
outer loop
vertex 4.857521 14.723986 -0.581644
vertex 5.046188 14.110486 -1.191421
vertex 4.652041 14.110486 -1.857827
endloop
endfacet
facet normal 0.804495 0.474292 -0.357539
outer loop
vertex 4.547126 14.723986 -1.280060
vertex 4.857521 14.723986 -0.581644
vertex 4.652041 14.110486 -1.857827
endloop
endfacet
facet normal -0.125997 0.277836 -0.952330
outer loop
vertex 6.937002 14.723986 0.036168
vertex 6.791668 14.110486 -0.123588
vertex 6.024116 14.110486 -0.022038
endloop
endfacet
facet normal -0.441721 0.734137 -0.515679
outer loop
vertex 7.698663 14.723986 -0.027106
vertex 7.379678 14.110486 -0.627267
vertex 6.791668 14.110486 -0.123588
endloop
endfacet
facet normal -0.079741 0.268844 -0.959877
outer loop
vertex 6.937002 14.723986 0.036168
vertex 7.698663 14.723986 -0.027106
vertex 6.791668 14.110486 -0.123588
endloop
endfacet
facet normal -0.383348 0.848315 -0.365248
outer loop
vertex 8.416211 14.723986 -0.290270
vertex 7.913756 14.110486 -1.187811
vertex 7.379678 14.110486 -0.627267
endloop
endfacet
facet normal -0.231912 0.739168 -0.632335
outer loop
vertex 7.698663 14.723986 -0.027106
vertex 8.416211 14.723986 -0.290270
vertex 7.379678 14.110486 -0.627267
endloop
endfacet
facet normal -0.273881 0.887444 -0.370718
outer loop
vertex 9.112707 14.723986 -0.604951
vertex 8.536484 14.110486 -1.647874
vertex 7.913756 14.110486 -1.187811
endloop
endfacet
facet normal -0.211483 0.858005 -0.468084
outer loop
vertex 8.416211 14.723986 -0.290270
vertex 9.112707 14.723986 -0.604951
vertex 7.913756 14.110486 -1.187811
endloop
endfacet
facet normal -0.199423 0.903235 -0.379996
outer loop
vertex 9.830111 14.723986 -0.868507
vertex 9.222050 14.110486 -2.007661
vertex 8.536484 14.110486 -1.647874
endloop
endfacet
facet normal -0.159322 0.886872 -0.433676
outer loop
vertex 9.112707 14.723986 -0.604951
vertex 9.830111 14.723986 -0.868507
vertex 8.536484 14.110486 -1.647874
endloop
endfacet
facet normal -0.076467 0.907890 -0.412175
outer loop
vertex 10.593230 14.723986 -0.910699
vertex 9.983301 14.110486 -2.148889
vertex 9.222050 14.110486 -2.007661
endloop
endfacet
facet normal -0.025619 0.885792 -0.463375
outer loop
vertex 9.830111 14.723986 -0.868507
vertex 10.593230 14.723986 -0.910699
vertex 9.222050 14.110486 -2.007661
endloop
endfacet
facet normal -0.101849 0.941885 -0.320123
outer loop
vertex 11.345782 14.723986 -0.777296
vertex 10.721101 14.110486 -2.383623
vertex 9.983301 14.110486 -2.148889
endloop
endfacet
facet normal 0.084276 0.875716 -0.475415
outer loop
vertex 10.593230 14.723986 -0.910699
vertex 11.345782 14.723986 -0.777296
vertex 9.983301 14.110486 -2.148889
endloop
endfacet
facet normal 0.071029 0.936539 -0.343291
outer loop
vertex 12.031063 14.723986 -0.438888
vertex 11.479283 14.110486 -2.226752
vertex 10.721101 14.110486 -2.383623
endloop
endfacet
facet normal 0.206494 0.884595 -0.418153
outer loop
vertex 11.345782 14.723986 -0.777296
vertex 12.031063 14.723986 -0.438888
vertex 10.721101 14.110486 -2.383623
endloop
endfacet
facet normal 0.060425 0.945609 -0.319645
outer loop
vertex 12.747284 14.723986 -0.172132
vertex 12.240049 14.110486 -2.082939
vertex 11.479283 14.110486 -2.226752
endloop
endfacet
facet normal 0.133434 0.924037 -0.358261
outer loop
vertex 12.031063 14.723986 -0.438888
vertex 12.747284 14.723986 -0.172132
vertex 11.479283 14.110486 -2.226752
endloop
endfacet
facet normal 0.216402 0.894463 -0.391288
outer loop
vertex 13.489436 14.723986 0.010464
vertex 12.917576 14.110486 -1.708232
vertex 12.240049 14.110486 -2.082939
endloop
endfacet
facet normal 0.079676 0.942752 -0.323838
outer loop
vertex 12.747284 14.723986 -0.172132
vertex 13.489436 14.723986 0.010464
vertex 12.240049 14.110486 -2.082939
endloop
endfacet
facet normal 0.360439 0.742265 -0.564912
outer loop
vertex 14.251229 14.723986 -0.051197
vertex 13.570276 14.110486 -1.291781
vertex 12.917576 14.110486 -1.708232
endloop
endfacet
facet normal -0.026566 0.944231 -0.328210
outer loop
vertex 13.489436 14.723986 0.010464
vertex 14.251229 14.723986 -0.051197
vertex 12.917576 14.110486 -1.708232
endloop
endfacet
facet normal 0.116784 0.565301 -0.816576
outer loop
vertex 14.628857 14.723986 -0.715672
vertex 14.336718 14.110486 -1.182167
vertex 13.570276 14.110486 -1.291781
endloop
endfacet
facet normal -0.394461 0.891148 -0.224176
outer loop
vertex 14.251229 14.723986 -0.051197
vertex 14.628857 14.723986 -0.715672
vertex 13.570276 14.110486 -1.291781
endloop
endfacet
facet normal -0.446633 0.190462 -0.874210
outer loop
vertex 14.996628 14.723986 -1.385654
vertex 15.026187 14.110486 -1.534417
vertex 14.336718 14.110486 -1.182167
endloop
endfacet
facet normal -0.690097 0.616657 -0.378814
outer loop
vertex 14.628857 14.723986 -0.715672
vertex 14.996628 14.723986 -1.385654
vertex 14.336718 14.110486 -1.182167
endloop
endfacet
facet normal -0.792769 -0.091128 -0.602672
outer loop
vertex 15.355541 14.723986 -2.060422
vertex 15.494750 14.110486 -2.150775
vertex 15.026187 14.110486 -1.534417
endloop
endfacet
facet normal -0.880638 0.071153 -0.468417
outer loop
vertex 14.996628 14.723986 -1.385654
vertex 15.355541 14.723986 -2.060422
vertex 15.026187 14.110486 -1.534417
endloop
endfacet
facet normal -0.856943 -0.049373 -0.513041
outer loop
vertex 15.784153 14.723986 -2.693211
vertex 15.892452 14.110486 -2.815065
vertex 15.494750 14.110486 -2.150775
endloop
endfacet
facet normal -0.823400 -0.104699 -0.557719
outer loop
vertex 15.355541 14.723986 -2.060422
vertex 15.784153 14.723986 -2.693211
vertex 15.494750 14.110486 -2.150775
endloop
endfacet
facet normal -0.548862 0.250568 -0.797475
outer loop
vertex 16.473878 14.723986 -3.022468
vertex 16.530235 14.110486 -3.254019
vertex 15.892452 14.110486 -2.815065
endloop
endfacet
facet normal -0.428529 0.102651 -0.897678
outer loop
vertex 15.784153 14.723986 -2.693211
vertex 16.473878 14.723986 -3.022468
vertex 15.892452 14.110486 -2.815065
endloop
endfacet
facet normal 0.540410 0.371812 -0.754793
outer loop
vertex 17.080636 14.723986 -2.557737
vertex 17.159759 14.110486 -2.803299
vertex 16.530235 14.110486 -3.254019
endloop
endfacet
facet normal 0.572935 0.334958 -0.748030
outer loop
vertex 16.473878 14.723986 -3.022468
vertex 17.080636 14.723986 -2.557737
vertex 16.530235 14.110486 -3.254019
endloop
endfacet
facet normal 0.775202 0.325503 -0.541396
outer loop
vertex 17.513542 14.723986 -1.927878
vertex 17.603072 14.110486 -2.168538
vertex 17.159759 14.110486 -2.803299
endloop
endfacet
facet normal 0.781903 0.315946 -0.537406
outer loop
vertex 17.080636 14.723986 -2.557737
vertex 17.513542 14.723986 -1.927878
vertex 17.159759 14.110486 -2.803299
endloop
endfacet
facet normal 0.795134 0.363575 -0.485361
outer loop
vertex 17.879143 14.723986 -1.256709
vertex 18.006464 14.110486 -1.507688
vertex 17.603072 14.110486 -2.168538
endloop
endfacet
facet normal 0.837401 0.301141 -0.456151
outer loop
vertex 17.513542 14.723986 -1.927878
vertex 17.879143 14.723986 -1.256709
vertex 17.603072 14.110486 -2.168538
endloop
endfacet
facet normal -0.778760 -0.092128 -0.620520
outer loop
vertex 1.902245 15.337485 -0.906822
vertex 1.951726 14.723986 -0.877837
vertex 1.475447 14.723986 -0.280100
endloop
endfacet
facet normal -0.812157 -0.030215 -0.582656
outer loop
vertex 1.460108 15.337485 -0.290534
vertex 1.902245 15.337485 -0.906822
vertex 1.475447 14.723986 -0.280100
endloop
endfacet
facet normal -0.715341 -0.343102 -0.608743
outer loop
vertex 2.253990 15.337485 -1.578813
vertex 2.447046 14.723986 -1.459893
vertex 1.951726 14.723986 -0.877837
endloop
endfacet
facet normal -0.882131 -0.092963 -0.461740
outer loop
vertex 1.902245 15.337485 -0.906822
vertex 2.253990 15.337485 -1.578813
vertex 1.951726 14.723986 -0.877837
endloop
endfacet
facet normal -0.756505 -0.354232 -0.549746
outer loop
vertex 2.694758 15.337485 -2.196081
vertex 2.896341 14.723986 -2.078168
vertex 2.447046 14.723986 -1.459893
endloop
endfacet
facet normal -0.763563 -0.345966 -0.545232
outer loop
vertex 2.253990 15.337485 -1.578813
vertex 2.694758 15.337485 -2.196081
vertex 2.447046 14.723986 -1.459893
endloop
endfacet
facet normal -0.461768 -0.092609 -0.882153
outer loop
vertex 3.420388 15.337485 -2.416889
vertex 3.573467 14.723986 -2.432613
vertex 2.896341 14.723986 -2.078168
endloop
endfacet
facet normal -0.280371 -0.269209 -0.921368
outer loop
vertex 2.694758 15.337485 -2.196081
vertex 3.420388 15.337485 -2.416889
vertex 2.896341 14.723986 -2.078168
endloop
endfacet
facet normal 0.619359 0.305622 -0.723180
outer loop
vertex 3.937255 15.337485 -1.861782
vertex 4.153957 14.723986 -1.935460
vertex 3.573467 14.723986 -2.432613
endloop
endfacet
facet normal 0.717643 0.196190 -0.668205
outer loop
vertex 3.420388 15.337485 -2.416889
vertex 3.937255 15.337485 -1.861782
vertex 3.573467 14.723986 -2.432613
endloop
endfacet
facet normal 0.774412 0.429495 -0.464564
outer loop
vertex 4.267515 15.337485 -1.178975
vertex 4.547126 14.723986 -1.280060
vertex 4.153957 14.723986 -1.935460
endloop
endfacet
facet normal 0.844214 0.347233 -0.408328
outer loop
vertex 3.937255 15.337485 -1.861782
vertex 4.267515 15.337485 -1.178975
vertex 4.153957 14.723986 -1.935460
endloop
endfacet
facet normal -0.329460 0.290678 -0.898311
outer loop
vertex 8.279214 15.337485 -0.041508
vertex 8.416211 14.723986 -0.290270
vertex 7.698663 14.723986 -0.027106
endloop
endfacet
facet normal -0.323612 0.618255 -0.716265
outer loop
vertex 9.037697 15.337485 -0.041509
vertex 9.112707 14.723986 -0.604951
vertex 8.416211 14.723986 -0.290270
endloop
endfacet
facet normal -0.000001 0.375765 -0.926715
outer loop
vertex 8.279214 15.337485 -0.041508
vertex 9.037697 15.337485 -0.041509
vertex 8.416211 14.723986 -0.290270
endloop
endfacet
facet normal -0.215830 0.779916 -0.587493
outer loop
vertex 9.796180 15.337485 -0.041601
vertex 9.830111 14.723986 -0.868507
vertex 9.112707 14.723986 -0.604951
endloop
endfacet
facet normal -0.000089 0.676415 -0.736521
outer loop
vertex 9.037697 15.337485 -0.041509
vertex 9.796180 15.337485 -0.041601
vertex 9.112707 14.723986 -0.604951
endloop
endfacet
facet normal -0.031921 0.815868 -0.577357
outer loop
vertex 10.554663 15.337485 -0.041625
vertex 10.593230 14.723986 -0.910699
vertex 9.830111 14.723986 -0.868507
endloop
endfacet
facet normal -0.000019 0.803103 -0.595840
outer loop
vertex 9.796180 15.337485 -0.041601
vertex 10.554663 15.337485 -0.041625
vertex 9.830111 14.723986 -0.868507
endloop
endfacet
facet normal 0.112285 0.765620 -0.633418
outer loop
vertex 11.313145 15.337485 -0.041538
vertex 11.345782 14.723986 -0.777296
vertex 10.593230 14.723986 -0.910699
endloop
endfacet
facet normal 0.000066 0.816954 -0.576703
outer loop
vertex 10.554663 15.337485 -0.041625
vertex 11.313145 15.337485 -0.041538
vertex 10.593230 14.723986 -0.910699
endloop
endfacet
facet normal 0.387724 0.482924 -0.785147
outer loop
vertex 12.071628 15.337485 -0.041508
vertex 12.031063 14.723986 -0.438888
vertex 11.345782 14.723986 -0.777296
endloop
endfacet
facet normal 0.000025 0.768033 -0.640410
outer loop
vertex 11.313145 15.337485 -0.041538
vertex 12.071628 15.337485 -0.041508
vertex 11.345782 14.723986 -0.777296
endloop
endfacet
facet normal 0.345043 0.150665 -0.926415
outer loop
vertex 12.830111 15.337485 -0.041508
vertex 12.747284 14.723986 -0.172132
vertex 12.031063 14.723986 -0.438888
endloop
endfacet
facet normal 0.000000 0.543646 -0.839315
outer loop
vertex 12.071628 15.337485 -0.041508
vertex 12.830111 15.337485 -0.041508
vertex 12.031063 14.723986 -0.438888
endloop
endfacet
facet normal -0.853860 -0.226353 -0.468708
outer loop
vertex 14.974879 15.337485 -1.642309
vertex 14.996628 14.723986 -1.385654
vertex 14.628857 14.723986 -0.715672
endloop
endfacet
facet normal -0.892210 -0.143542 -0.428202
outer loop
vertex 14.646697 15.337485 -0.958501
vertex 14.974879 15.337485 -1.642309
vertex 14.628857 14.723986 -0.715672
endloop
endfacet
facet normal -0.846789 -0.282978 -0.450412
outer loop
vertex 15.294098 15.337485 -2.330346
vertex 15.355541 14.723986 -2.060422
vertex 14.996628 14.723986 -1.385654
endloop
endfacet
facet normal -0.888075 -0.203854 -0.412028
outer loop
vertex 14.974879 15.337485 -1.642309
vertex 15.294098 15.337485 -2.330346
vertex 14.996628 14.723986 -1.385654
endloop
endfacet
facet normal -0.798981 -0.262211 -0.541179
outer loop
vertex 15.748420 15.337485 -2.937707
vertex 15.784153 14.723986 -2.693211
vertex 15.355541 14.723986 -2.060422
endloop
endfacet
facet normal -0.757269 -0.325069 -0.566457
outer loop
vertex 15.294098 15.337485 -2.330346
vertex 15.748420 15.337485 -2.937707
vertex 15.355541 14.723986 -2.060422
endloop
endfacet
facet normal -0.430729 -0.018685 -0.902288
outer loop
vertex 16.498966 15.337485 -3.047149
vertex 16.473878 14.723986 -3.022468
vertex 15.784153 14.723986 -2.693211
endloop
endfacet
facet normal -0.133843 -0.373597 -0.917884
outer loop
vertex 15.748420 15.337485 -2.937707
vertex 16.498966 15.337485 -3.047149
vertex 15.784153 14.723986 -2.693211
endloop
endfacet
facet normal 0.606624 0.068690 -0.792016
outer loop
vertex 17.051125 15.337485 -2.527134
vertex 17.080636 14.723986 -2.557737
vertex 16.473878 14.723986 -3.022468
endloop
endfacet
facet normal 0.684476 -0.057228 -0.726786
outer loop
vertex 16.498966 15.337485 -3.047149
vertex 17.051125 15.337485 -2.527134
vertex 16.473878 14.723986 -3.022468
endloop
endfacet
facet normal 0.822281 0.066701 -0.565159
outer loop
vertex 17.481274 15.337485 -1.902420
vertex 17.513542 14.723986 -1.927878
vertex 17.080636 14.723986 -2.557737
endloop
endfacet
facet normal 0.821744 0.067754 -0.565815
outer loop
vertex 17.051125 15.337485 -2.527134
vertex 17.481274 15.337485 -1.902420
vertex 17.080636 14.723986 -2.557737
endloop
endfacet
facet normal 0.866447 0.162821 -0.471973
outer loop
vertex 17.789606 15.337485 -1.209435
vertex 17.879143 14.723986 -1.256709
vertex 17.513542 14.723986 -1.927878
endloop
endfacet
facet normal 0.911726 0.064787 -0.405657
outer loop
vertex 17.481274 15.337485 -1.902420
vertex 17.789606 15.337485 -1.209435
vertex 17.513542 14.723986 -1.927878
endloop
endfacet
facet normal -0.692349 -0.523392 -0.496704
outer loop
vertex 1.642768 15.950984 -1.191604
vertex 1.902245 15.337485 -0.906822
vertex 1.460108 15.337485 -0.290534
endloop
endfacet
facet normal -0.847977 -0.342120 -0.404832
outer loop
vertex 1.323441 15.950984 -0.522729
vertex 1.642768 15.950984 -1.191604
vertex 1.460108 15.337485 -0.290534
endloop
endfacet
facet normal -0.793838 -0.444028 -0.415524
outer loop
vertex 2.036766 15.950984 -1.819402
vertex 2.253990 15.337485 -1.578813
vertex 1.902245 15.337485 -0.906822
endloop
endfacet
facet normal -0.724706 -0.517633 -0.454816
outer loop
vertex 1.642768 15.950984 -1.191604
vertex 2.036766 15.950984 -1.819402
vertex 1.902245 15.337485 -0.906822
endloop
endfacet
facet normal -0.808468 -0.114490 -0.577297
outer loop
vertex 2.643201 15.950984 -2.245548
vertex 2.694758 15.337485 -2.196081
vertex 2.253990 15.337485 -1.578813
endloop
endfacet
facet normal -0.509177 -0.464440 -0.724593
outer loop
vertex 2.036766 15.950984 -1.819402
vertex 2.643201 15.950984 -2.245548
vertex 2.253990 15.337485 -1.578813
endloop
endfacet
facet normal -0.233039 0.599340 -0.765823
outer loop
vertex 3.298785 15.950984 -1.899755
vertex 3.420388 15.337485 -2.416889
vertex 2.694758 15.337485 -2.196081
endloop
endfacet
facet normal 0.466297 -0.032095 -0.884046
outer loop
vertex 2.643201 15.950984 -2.245548
vertex 3.298785 15.950984 -1.899755
vertex 2.694758 15.337485 -2.196081
endloop
endfacet
facet normal 0.548254 0.662436 -0.510485
outer loop
vertex 3.725146 15.950984 -1.293471
vertex 3.937255 15.337485 -1.861782
vertex 3.420388 15.337485 -2.416889
endloop
endfacet
facet normal 0.686770 0.543227 -0.482961
outer loop
vertex 3.298785 15.950984 -1.899755
vertex 3.725146 15.950984 -1.293471
vertex 3.420388 15.337485 -2.416889
endloop
endfacet
facet normal 0.755047 0.544549 -0.365200
outer loop
vertex 4.083488 15.950984 -0.644661
vertex 4.267515 15.337485 -1.178975
vertex 3.937255 15.337485 -1.861782
endloop
endfacet
facet normal 0.700121 0.600257 -0.386681
outer loop
vertex 3.725146 15.950984 -1.293471
vertex 4.083488 15.950984 -0.644661
vertex 3.937255 15.337485 -1.861782
endloop
endfacet
facet normal -0.898662 -0.079932 -0.431298
outer loop
vertex 14.812147 15.950984 -1.416937
vertex 14.974879 15.337485 -1.642309
vertex 14.646697 15.337485 -0.958501
endloop
endfacet
facet normal -0.893744 -0.087701 -0.439920
outer loop
vertex 14.484821 15.950984 -0.751940
vertex 14.812147 15.950984 -1.416937
vertex 14.646697 15.337485 -0.958501
endloop
endfacet
facet normal -0.907099 0.007246 -0.420854
outer loop
vertex 15.175057 15.950984 -2.063204
vertex 15.294098 15.337485 -2.330346
vertex 14.974879 15.337485 -1.642309
endloop
endfacet
facet normal -0.870780 -0.051346 -0.488984
outer loop
vertex 14.812147 15.950984 -1.416937
vertex 15.175057 15.950984 -2.063204
vertex 14.974879 15.337485 -1.642309
endloop
endfacet
facet normal -0.768725 0.280010 -0.575026
outer loop
vertex 15.705204 15.950984 -2.581189
vertex 15.748420 15.337485 -2.937707
vertex 15.294098 15.337485 -2.330346
endloop
endfacet
facet normal -0.688293 0.173193 -0.704455
outer loop
vertex 15.175057 15.950984 -2.063204
vertex 15.705204 15.950984 -2.581189
vertex 15.294098 15.337485 -2.330346
endloop
endfacet
facet normal -0.119122 0.564302 -0.816929
outer loop
vertex 16.445596 15.950984 -2.615587
vertex 16.498966 15.337485 -3.047149
vertex 15.748420 15.337485 -2.937707
endloop
endfacet
facet normal -0.040194 0.499920 -0.865138
outer loop
vertex 15.705204 15.950984 -2.581189
vertex 16.445596 15.950984 -2.615587
vertex 15.748420 15.337485 -2.937707
endloop
endfacet
facet normal 0.610327 0.455552 -0.648053
outer loop
vertex 17.009737 15.950984 -2.134850
vertex 17.051125 15.337485 -2.527134
vertex 16.498966 15.337485 -3.047149
endloop
endfacet
facet normal 0.558171 0.509320 -0.655010
outer loop
vertex 16.445596 15.950984 -2.615587
vertex 17.009737 15.950984 -2.134850
vertex 16.498966 15.337485 -3.047149
endloop
endfacet
facet normal 0.745496 0.425141 -0.513314
outer loop
vertex 17.403669 15.950984 -1.507011
vertex 17.481274 15.337485 -1.902420
vertex 17.051125 15.337485 -2.527134
endloop
endfacet
facet normal 0.787298 0.368975 -0.493983
outer loop
vertex 17.009737 15.950984 -2.134850
vertex 17.403669 15.950984 -1.507011
vertex 17.051125 15.337485 -2.527134
endloop
endfacet
facet normal 0.844943 0.380443 -0.375943
outer loop
vertex 17.685907 15.950984 -0.821660
vertex 17.789606 15.337485 -1.209435
vertex 17.481274 15.337485 -1.902420
endloop
endfacet
facet normal 0.869338 0.340708 -0.358006
outer loop
vertex 17.403669 15.950984 -1.507011
vertex 17.685907 15.950984 -0.821660
vertex 17.481274 15.337485 -1.902420
endloop
endfacet
facet normal -0.588409 -0.282407 -0.757642
outer loop
vertex 1.193703 16.564484 -0.650648
vertex 1.323441 15.950984 -0.522729
vertex 0.738056 15.950984 -0.068100
endloop
endfacet
facet normal -0.754894 -0.059528 -0.653140
outer loop
vertex 0.718744 16.564484 -0.101695
vertex 1.193703 16.564484 -0.650648
vertex 0.738056 15.950984 -0.068100
endloop
endfacet
facet normal -0.882530 -0.208861 -0.421328
outer loop
vertex 1.543089 16.564484 -1.286937
vertex 1.642768 15.950984 -1.191604
vertex 1.323441 15.950984 -0.522729
endloop
endfacet
facet normal -0.842821 -0.274730 -0.462793
outer loop
vertex 1.193703 16.564484 -0.650648
vertex 1.543089 16.564484 -1.286937
vertex 1.323441 15.950984 -0.522729
endloop
endfacet
facet normal -0.825147 -0.225751 -0.517851
outer loop
vertex 1.922960 16.564484 -1.905511
vertex 2.036766 15.950984 -1.819402
vertex 1.642768 15.950984 -1.191604
endloop
endfacet
facet normal -0.832282 -0.214648 -0.511110
outer loop
vertex 1.543089 16.564484 -1.286937
vertex 1.922960 16.564484 -1.905511
vertex 1.642768 15.950984 -1.191604
endloop
endfacet
facet normal -0.566957 0.166148 -0.806818
outer loop
vertex 2.621258 16.564484 -2.103791
vertex 2.643201 15.950984 -2.245548
vertex 2.036766 15.950984 -1.819402
endloop
endfacet
facet normal -0.268559 -0.182569 -0.945804
outer loop
vertex 1.922960 16.564484 -1.905511
vertex 2.621258 16.564484 -2.103791
vertex 2.036766 15.950984 -1.819402
endloop
endfacet
facet normal 0.383758 0.568668 -0.727562
outer loop
vertex 3.075828 16.564484 -1.537840
vertex 3.298785 15.950984 -1.899755
vertex 2.643201 15.950984 -2.245548
endloop
endfacet
facet normal 0.768295 0.170066 -0.617091
outer loop
vertex 2.621258 16.564484 -2.103791
vertex 3.075828 16.564484 -1.537840
vertex 2.643201 15.950984 -2.245548
endloop
endfacet
facet normal 0.643565 0.617250 -0.452578
outer loop
vertex 3.415885 16.564484 -0.896515
vertex 3.725146 15.950984 -1.293471
vertex 3.298785 15.950984 -1.899755
endloop
endfacet
facet normal 0.758441 0.512872 -0.402157
outer loop
vertex 3.075828 16.564484 -1.537840
vertex 3.415885 16.564484 -0.896515
vertex 3.298785 15.950984 -1.899755
endloop
endfacet
facet normal -0.846419 -0.331658 -0.416626
outer loop
vertex 14.546065 16.564484 -1.364742
vertex 14.812147 15.950984 -1.416937
vertex 14.484821 15.950984 -0.751940
endloop
endfacet
facet normal -0.863141 -0.311118 -0.397735
outer loop
vertex 14.242271 16.564484 -0.705466
vertex 14.546065 16.564484 -1.364742
vertex 14.484821 15.950984 -0.751940
endloop
endfacet
facet normal -0.856685 -0.186183 -0.481069
outer loop
vertex 14.977377 16.564484 -1.948613
vertex 15.175057 15.950984 -2.063204
vertex 14.812147 15.950984 -1.416937
endloop
endfacet
facet normal -0.770775 -0.285854 -0.569380
outer loop
vertex 14.546065 16.564484 -1.364742
vertex 14.977377 16.564484 -1.948613
vertex 14.812147 15.950984 -1.416937
endloop
endfacet
facet normal -0.595840 0.522570 -0.609831
outer loop
vertex 15.696575 16.564484 -2.047044
vertex 15.705204 15.950984 -2.581189
vertex 15.175057 15.950984 -2.063204
endloop
endfacet
facet normal -0.134264 0.139974 -0.981010
outer loop
vertex 14.977377 16.564484 -1.948613
vertex 15.696575 16.564484 -2.047044
vertex 15.175057 15.950984 -2.063204
endloop
endfacet
facet normal -0.037835 0.579098 -0.814380
outer loop
vertex 16.410621 16.564484 -2.177708
vertex 16.445596 15.950984 -2.615587
vertex 15.705204 15.950984 -2.581189
endloop
endfacet
facet normal -0.136887 0.649368 -0.748053
outer loop
vertex 15.696575 16.564484 -2.047044
vertex 16.410621 16.564484 -2.177708
vertex 15.705204 15.950984 -2.581189
endloop
endfacet
facet normal 0.634151 0.209909 -0.744171
outer loop
vertex 17.081552 16.564484 -1.900602
vertex 17.009737 15.950984 -2.134850
vertex 16.445596 15.950984 -2.615587
endloop
endfacet
facet normal 0.315458 0.563129 -0.763788
outer loop
vertex 16.410621 16.564484 -2.177708
vertex 17.081552 16.564484 -1.900602
vertex 16.445596 15.950984 -2.615587
endloop
endfacet
facet normal 0.845411 0.062524 -0.530445
outer loop
vertex 17.488499 16.564484 -1.299496
vertex 17.403669 15.950984 -1.507011
vertex 17.009737 15.950984 -2.134850
endloop
endfacet
facet normal 0.822459 0.116325 -0.556803
outer loop
vertex 17.081552 16.564484 -1.900602
vertex 17.488499 16.564484 -1.299496
vertex 17.009737 15.950984 -2.134850
endloop
endfacet
facet normal -0.749634 0.131840 -0.648589
outer loop
vertex 1.254206 17.177983 -0.595869
vertex 1.193703 16.564484 -0.650648
vertex 0.718744 16.564484 -0.101695
endloop
endfacet
facet normal -0.689363 0.018345 -0.724184
outer loop
vertex 0.724924 17.177983 -0.092037
vertex 1.254206 17.177983 -0.595869
vertex 0.718744 16.564484 -0.101695
endloop
endfacet
facet normal -0.872549 0.095418 -0.479117
outer loop
vertex 1.587732 17.177983 -1.246059
vertex 1.543089 16.564484 -1.286937
vertex 1.193703 16.564484 -0.650648
endloop
endfacet
facet normal -0.882508 0.127453 -0.452699
outer loop
vertex 1.254206 17.177983 -0.595869
vertex 1.587732 17.177983 -1.246059
vertex 1.193703 16.564484 -0.650648
endloop
endfacet
facet normal -0.840246 0.166519 -0.516001
outer loop
vertex 2.007077 17.177983 -1.844504
vertex 1.922960 16.564484 -1.905511
vertex 1.543089 16.564484 -1.286937
endloop
endfacet
facet normal -0.815062 0.097366 -0.571134
outer loop
vertex 1.587732 17.177983 -1.246059
vertex 2.007077 17.177983 -1.844504
vertex 1.543089 16.564484 -1.286937
endloop
endfacet
facet normal -0.267569 0.201103 -0.942319
outer loop
vertex 2.720836 17.177983 -2.001138
vertex 2.621258 16.564484 -2.103791
vertex 1.922960 16.564484 -1.905511
endloop
endfacet
facet normal -0.212654 0.125519 -0.969032
outer loop
vertex 2.007077 17.177983 -1.844504
vertex 2.720836 17.177983 -2.001138
vertex 1.922960 16.564484 -1.905511
endloop
endfacet
facet normal 0.772283 0.137159 -0.620295
outer loop
vertex 3.097635 17.177983 -1.375032
vertex 3.075828 16.564484 -1.537840
vertex 2.621258 16.564484 -2.103791
endloop
endfacet
facet normal 0.855615 -0.052717 -0.514921
outer loop
vertex 2.720836 17.177983 -2.001138
vertex 3.097635 17.177983 -1.375032
vertex 2.621258 16.564484 -2.103791
endloop
endfacet
facet normal -0.907240 -0.046322 -0.418055
outer loop
vertex 14.585923 17.177983 -1.519219
vertex 14.546065 16.564484 -1.364742
vertex 14.242271 16.564484 -0.705466
endloop
endfacet
facet normal -0.920653 -0.002095 -0.390376
outer loop
vertex 14.300658 17.177983 -0.846457
vertex 14.585923 17.177983 -1.519219
vertex 14.242271 16.564484 -0.705466
endloop
endfacet
facet normal -0.673059 0.547528 -0.497196
outer loop
vertex 15.293655 17.177983 -1.701157
vertex 14.977377 16.564484 -1.948613
vertex 14.546065 16.564484 -1.364742
endloop
endfacet
facet normal -0.242763 -0.222010 -0.944340
outer loop
vertex 14.585923 17.177983 -1.519219
vertex 15.293655 17.177983 -1.701157
vertex 14.546065 16.564484 -1.364742
endloop
endfacet
facet normal -0.073779 0.839023 -0.539071
outer loop
vertex 15.697805 17.177983 -1.092348
vertex 15.696575 16.564484 -2.047044
vertex 14.977377 16.564484 -1.948613
endloop
endfacet
facet normal 0.815934 -0.202166 -0.541647
outer loop
vertex 15.293655 17.177983 -1.701157
vertex 15.697805 17.177983 -1.092348
vertex 14.977377 16.564484 -1.948613
endloop
endfacet
facet normal -0.102770 0.820991 -0.561615
outer loop
vertex 16.404128 17.177983 -1.279681
vertex 16.410621 16.564484 -2.177708
vertex 15.696575 16.564484 -2.047044
endloop
endfacet
facet normal -0.141898 0.832843 -0.535012
outer loop
vertex 15.697805 17.177983 -1.092348
vertex 16.404128 17.177983 -1.279681
vertex 15.696575 16.564484 -2.047044
endloop
endfacet
facet normal 0.373001 0.212740 -0.903112
outer loop
vertex 16.868069 17.177983 -1.844256
vertex 17.081552 16.564484 -1.900602
vertex 16.410621 16.564484 -2.177708
endloop
endfacet
facet normal -0.568255 0.677518 -0.466965
outer loop
vertex 16.404128 17.177983 -1.279681
vertex 16.868069 17.177983 -1.844256
vertex 16.410621 16.564484 -2.177708
endloop
endfacet
facet normal 0.824757 -0.089511 -0.558358
outer loop
vertex 17.468372 17.177983 -1.427576
vertex 17.488499 16.564484 -1.299496
vertex 17.081552 16.564484 -1.900602
endloop
endfacet
facet normal 0.549962 0.264142 -0.792320
outer loop
vertex 16.868069 17.177983 -1.844256
vertex 17.468372 17.177983 -1.427576
vertex 17.081552 16.564484 -1.900602
endloop
endfacet
facet normal -0.661280 0.283067 -0.694681
outer loop
vertex 1.340042 17.791483 -0.427592
vertex 1.254206 17.177983 -0.595869
vertex 0.724924 17.177983 -0.092037
endloop
endfacet
facet normal -0.853896 0.281065 -0.438022
outer loop
vertex 1.694492 17.791483 -1.060517
vertex 1.587732 17.177983 -1.246059
vertex 1.254206 17.177983 -0.595869
endloop
endfacet
facet normal -0.845222 0.248091 -0.473340
outer loop
vertex 1.340042 17.791483 -0.427592
vertex 1.694492 17.791483 -1.060517
vertex 1.254206 17.177983 -0.595869
endloop
endfacet
facet normal -0.780561 0.302593 -0.546958
outer loop
vertex 2.111488 17.791483 -1.654102
vertex 2.007077 17.177983 -1.844504
vertex 1.587732 17.177983 -1.246059
endloop
endfacet
facet normal -0.780185 0.301524 -0.548082
outer loop
vertex 1.694492 17.791483 -1.060517
vertex 2.111488 17.791483 -1.654102
vertex 1.587732 17.177983 -1.246059
endloop
endfacet
facet normal -0.214311 0.018747 -0.976585
outer loop
vertex 2.751260 17.791483 -1.996037
vertex 2.720836 17.177983 -2.001138
vertex 2.007077 17.177983 -1.844504
endloop
endfacet
facet normal -0.444354 0.333652 -0.831400
outer loop
vertex 2.111488 17.791483 -1.654102
vertex 2.751260 17.791483 -1.996037
vertex 2.007077 17.177983 -1.844504
endloop
endfacet
facet normal 0.856606 -0.021598 -0.515518
outer loop
vertex 3.116550 17.791483 -1.369306
vertex 3.097635 17.177983 -1.375032
vertex 2.720836 17.177983 -2.001138
endloop
endfacet
facet normal 0.863316 -0.038630 -0.503183
outer loop
vertex 2.751260 17.791483 -1.996037
vertex 3.116550 17.791483 -1.369306
vertex 2.720836 17.177983 -2.001138
endloop
endfacet
facet normal -0.920630 -0.007448 -0.390366
outer loop
vertex 14.631552 17.791483 -1.638534
vertex 14.585923 17.177983 -1.519219
vertex 14.300658 17.177983 -0.846457
endloop
endfacet
facet normal -0.916079 -0.022791 -0.400349
outer loop
vertex 14.341057 17.791483 -0.973822
vertex 14.631552 17.791483 -1.638534
vertex 14.300658 17.177983 -0.846457
endloop
endfacet
facet normal -0.230613 0.376924 -0.897076
outer loop
vertex 15.332970 17.791483 -1.453491
vertex 15.293655 17.177983 -1.701157
vertex 14.585923 17.177983 -1.519219
endloop
endfacet
facet normal 0.249789 -0.202721 -0.946842
outer loop
vertex 14.631552 17.791483 -1.638534
vertex 15.332970 17.791483 -1.453491
vertex 14.585923 17.177983 -1.519219
endloop
endfacet
facet normal 0.818691 0.185415 -0.543477
outer loop
vertex 15.724511 17.791483 -0.842815
vertex 15.697805 17.177983 -1.092348
vertex 15.293655 17.177983 -1.701157
endloop
endfacet
facet normal 0.830737 0.161786 -0.532635
outer loop
vertex 15.332970 17.791483 -1.453491
vertex 15.724511 17.791483 -0.842815
vertex 15.293655 17.177983 -1.701157
endloop
endfacet
facet normal -0.142220 0.832006 -0.536226
outer loop
vertex 16.160757 17.791483 -0.263231
vertex 16.404128 17.177983 -1.279681
vertex 15.697805 17.177983 -1.092348
endloop
endfacet
facet normal 0.781940 0.205350 -0.588558
outer loop
vertex 15.724511 17.791483 -0.842815
vertex 16.160757 17.791483 -0.263231
vertex 15.697805 17.177983 -1.092348
endloop
endfacet
facet normal -0.604111 0.623383 -0.496430
outer loop
vertex 16.645448 17.791483 -0.802956
vertex 16.868069 17.177983 -1.844256
vertex 16.404128 17.177983 -1.279681
endloop
endfacet
facet normal -0.577627 0.630292 -0.518728
outer loop
vertex 16.160757 17.791483 -0.263231
vertex 16.645448 17.791483 -0.802956
vertex 16.404128 17.177983 -1.279681
endloop
endfacet
facet normal 0.492891 0.502810 -0.710099
outer loop
vertex 17.303930 17.791483 -1.107309
vertex 17.468372 17.177983 -1.427576
vertex 16.868069 17.177983 -1.844256
endloop
endfacet
facet normal -0.245199 0.811448 -0.530499
outer loop
vertex 16.645448 17.791483 -0.802956
vertex 17.303930 17.791483 -1.107309
vertex 16.868069 17.177983 -1.844256
endloop
endfacet
facet normal -0.871228 0.053966 -0.487904
outer loop
vertex 1.659826 18.404982 -0.930757
vertex 1.694492 17.791483 -1.060517
vertex 1.340042 17.791483 -0.427592
endloop
endfacet
facet normal -0.870530 0.052448 -0.489312
outer loop
vertex 1.319609 18.404982 -0.325480
vertex 1.659826 18.404982 -0.930757
vertex 1.340042 17.791483 -0.427592
endloop
endfacet
facet normal -0.814830 0.091577 -0.572421
outer loop
vertex 2.067257 18.404982 -1.492992
vertex 2.111488 17.791483 -1.654102
vertex 1.694492 17.791483 -1.060517
endloop
endfacet
facet normal -0.807266 0.078116 -0.584996
outer loop
vertex 1.659826 18.404982 -0.930757
vertex 2.067257 18.404982 -1.492992
vertex 1.694492 17.791483 -1.060517
endloop
endfacet
facet normal -0.465627 0.155554 -0.871203
outer loop
vertex 2.667625 18.404982 -1.841797
vertex 2.751260 17.791483 -1.996037
vertex 2.111488 17.791483 -1.654102
endloop
endfacet
facet normal -0.493449 0.187466 -0.849332
outer loop
vertex 2.067257 18.404982 -1.492992
vertex 2.667625 18.404982 -1.841797
vertex 2.111488 17.791483 -1.654102
endloop
endfacet
facet normal 0.825889 0.293582 -0.481369
outer loop
vertex 2.983476 18.404982 -1.223455
vertex 3.116550 17.791483 -1.369306
vertex 2.751260 17.791483 -1.996037
endloop
endfacet
facet normal 0.866781 0.229477 -0.442754
outer loop
vertex 2.667625 18.404982 -1.841797
vertex 2.983476 18.404982 -1.223455
vertex 2.751260 17.791483 -1.996037
endloop
endfacet
facet normal -0.909380 -0.122815 -0.397422
outer loop
vertex 14.377836 18.404982 -1.247571
vertex 14.631552 17.791483 -1.638534
vertex 14.341057 17.791483 -0.973822
endloop
endfacet
facet normal -0.887025 -0.142753 -0.439100
outer loop
vertex 14.069796 18.404982 -0.625301
vertex 14.377836 18.404982 -1.247571
vertex 14.341057 17.791483 -0.973822
endloop
endfacet
facet normal 0.255067 0.011854 -0.966851
outer loop
vertex 15.011832 18.404982 -1.530689
vertex 15.332970 17.791483 -1.453491
vertex 14.631552 17.791483 -1.638534
endloop
endfacet
facet normal -0.376841 0.381928 -0.843873
outer loop
vertex 14.377836 18.404982 -1.247571
vertex 15.011832 18.404982 -1.530689
vertex 14.631552 17.791483 -1.638534
endloop
endfacet
facet normal 0.798680 0.316044 -0.512081
outer loop
vertex 15.406832 18.404982 -0.959653
vertex 15.724511 17.791483 -0.842815
vertex 15.332970 17.791483 -1.453491
endloop
endfacet
facet normal 0.774069 0.337813 -0.535444
outer loop
vertex 15.011832 18.404982 -1.530689
vertex 15.406832 18.404982 -0.959653
vertex 15.332970 17.791483 -1.453491
endloop
endfacet
facet normal 0.793952 0.111872 -0.597599
outer loop
vertex 15.910144 18.404982 -0.481339
vertex 16.160757 17.791483 -0.263231
vertex 15.724511 17.791483 -0.842815
endloop
endfacet
facet normal 0.672976 0.213613 -0.708148
outer loop
vertex 15.406832 18.404982 -0.959653
vertex 15.910144 18.404982 -0.481339
vertex 15.724511 17.791483 -0.842815
endloop
endfacet
facet normal -0.741656 0.079676 -0.666032
outer loop
vertex 16.581531 18.404982 -0.658390
vertex 16.645448 17.791483 -0.802956
vertex 16.160757 17.791483 -0.263231
endloop
endfacet
facet normal -0.232713 -0.408790 -0.882460
outer loop
vertex 15.910144 18.404982 -0.481339
vertex 16.581531 18.404982 -0.658390
vertex 16.160757 17.791483 -0.263231
endloop
endfacet
facet normal -0.403418 0.274685 -0.872813
outer loop
vertex 17.238240 18.404982 -0.883870
vertex 17.303930 17.791483 -1.107309
vertex 16.645448 17.791483 -0.802956
endloop
endfacet
facet normal -0.319090 0.185748 -0.929343
outer loop
vertex 16.581531 18.404982 -0.658390
vertex 17.238240 18.404982 -0.883870
vertex 16.645448 17.791483 -0.802956
endloop
endfacet
facet normal -0.855837 0.190080 -0.481053
outer loop
vertex 1.729021 19.018481 -0.811448
vertex 1.659826 18.404982 -0.930757
vertex 1.319609 18.404982 -0.325480
endloop
endfacet
facet normal -0.834301 0.132944 -0.535040
outer loop
vertex 1.353990 19.018481 -0.226652
vertex 1.729021 19.018481 -0.811448
vertex 1.319609 18.404982 -0.325480
endloop
endfacet
facet normal -0.789821 0.220441 -0.572354
outer loop
vertex 2.146820 19.018481 -1.366497
vertex 2.067257 18.404982 -1.492992
vertex 1.659826 18.404982 -0.930757
endloop
endfacet
facet normal -0.782358 0.202766 -0.588899
outer loop
vertex 1.729021 19.018481 -0.811448
vertex 2.146820 19.018481 -1.366497
vertex 1.659826 18.404982 -0.930757
endloop
endfacet
facet normal -0.472413 0.340081 -0.813124
outer loop
vertex 2.780665 19.018481 -1.650881
vertex 2.667625 18.404982 -1.841797
vertex 2.067257 18.404982 -1.492992
endloop
endfacet
facet normal -0.397939 0.234482 -0.886940
outer loop
vertex 2.146820 19.018481 -1.366497
vertex 2.780665 19.018481 -1.650881
vertex 2.067257 18.404982 -1.492992
endloop
endfacet
facet normal 0.890539 -0.003901 -0.454890
outer loop
vertex 3.086469 19.018481 -1.027087
vertex 2.983476 18.404982 -1.223455
vertex 2.667625 18.404982 -1.841797
endloop
endfacet
facet normal 0.897545 -0.028451 -0.440005
outer loop
vertex 2.780665 19.018481 -1.650881
vertex 3.086469 19.018481 -1.027087
vertex 2.667625 18.404982 -1.841797
endloop
endfacet
facet normal -0.747965 0.550867 -0.370262
outer loop
vertex 14.802146 19.018481 -1.191969
vertex 14.377836 18.404982 -1.247571
vertex 14.069796 18.404982 -0.625301
endloop
endfacet
facet normal -0.707922 0.227440 -0.668668
outer loop
vertex 14.325108 19.018481 -0.686926
vertex 14.802146 19.018481 -1.191969
vertex 14.069796 18.404982 -0.625301
endloop
endfacet
facet normal -0.227217 0.830349 -0.508815
outer loop
vertex 15.154338 19.018481 -0.593140
vertex 15.011832 18.404982 -1.530689
vertex 14.377836 18.404982 -1.247571
endloop
endfacet
facet normal 0.755205 -0.482064 -0.444162
outer loop
vertex 14.802146 19.018481 -1.191969
vertex 15.154338 19.018481 -0.593140
vertex 14.377836 18.404982 -1.247571
endloop
endfacet
facet normal 0.789037 0.282003 -0.545798
outer loop
vertex 15.720038 19.018481 -0.189881
vertex 15.406832 18.404982 -0.959653
vertex 15.011832 18.404982 -1.530689
endloop
endfacet
facet normal 0.388610 0.742829 -0.545150
outer loop
vertex 15.154338 19.018481 -0.593140
vertex 15.720038 19.018481 -0.189881
vertex 15.011832 18.404982 -1.530689
endloop
endfacet
facet normal 0.605955 -0.475662 -0.637624
outer loop
vertex 16.306449 19.018481 -0.562383
vertex 15.910144 18.404982 -0.481339
vertex 15.406832 18.404982 -0.959653
endloop
endfacet
facet normal -0.321790 0.799895 -0.506577
outer loop
vertex 15.720038 19.018481 -0.189881
vertex 16.306449 19.018481 -0.562383
vertex 15.406832 18.404982 -0.959653
endloop
endfacet
facet normal -0.205619 -0.591405 -0.779718
outer loop
vertex 16.678263 19.018481 -1.149230
vertex 16.581531 18.404982 -0.658390
vertex 15.910144 18.404982 -0.481339
endloop
endfacet
facet normal -0.763030 0.429034 -0.483441
outer loop
vertex 16.306449 19.018481 -0.562383
vertex 16.678263 19.018481 -1.149230
vertex 15.910144 18.404982 -0.481339
endloop
endfacet
facet normal -0.311610 0.281495 -0.907557
outer loop
vertex 17.186806 19.018481 -0.675923
vertex 17.238240 18.404982 -0.883870
vertex 16.581531 18.404982 -0.658390
endloop
endfacet
facet normal 0.559951 -0.569638 -0.601637
outer loop
vertex 16.678263 19.018481 -1.149230
vertex 17.186806 19.018481 -0.675923
vertex 16.581531 18.404982 -0.658390
endloop
endfacet
facet normal -0.836639 -0.110277 -0.536539
outer loop
vertex 1.686234 19.631981 -0.870823
vertex 1.729021 19.018481 -0.811448
vertex 1.353990 19.018481 -0.226652
endloop
endfacet
facet normal -0.894802 0.016105 -0.446173
outer loop
vertex 1.371301 19.631981 -0.239223
vertex 1.686234 19.631981 -0.870823
vertex 1.353990 19.018481 -0.226652
endloop
endfacet
facet normal -0.784276 -0.190803 -0.590343
outer loop
vertex 2.070201 19.631981 -1.462996
vertex 2.146820 19.018481 -1.366497
vertex 1.729021 19.018481 -0.811448
endloop
endfacet
facet normal -0.833917 -0.110491 -0.540716
outer loop
vertex 1.686234 19.631981 -0.870823
vertex 2.070201 19.631981 -1.462996
vertex 1.729021 19.018481 -0.811448
endloop
endfacet
facet normal -0.372247 -0.416015 -0.829677
outer loop
vertex 2.631077 19.631981 -1.891386
vertex 2.780665 19.018481 -1.650881
vertex 2.146820 19.018481 -1.366497
endloop
endfacet
facet normal -0.595109 -0.196878 -0.779156
outer loop
vertex 2.070201 19.631981 -1.462996
vertex 2.631077 19.631981 -1.891386
vertex 2.146820 19.018481 -1.366497
endloop
endfacet
facet normal 0.899425 0.049044 -0.434315
outer loop
vertex 2.631077 19.631981 -1.891386
vertex 2.937970 19.631981 -1.255841
vertex 2.780665 19.018481 -1.650881
endloop
endfacet
facet normal -0.608172 -0.276433 -0.744118
outer loop
vertex 14.142915 19.631981 -0.765928
vertex 14.325108 19.018481 -0.686926
vertex 13.787194 19.018481 -0.247286
endloop
endfacet
facet normal -0.666685 -0.216397 -0.713234
outer loop
vertex 13.627325 19.631981 -0.283988
vertex 14.142915 19.631981 -0.765928
vertex 13.787194 19.018481 -0.247286
endloop
endfacet
facet normal -0.713225 0.193572 -0.673677
outer loop
vertex 14.802760 19.631981 -1.016337
vertex 14.802146 19.018481 -1.191969
vertex 14.325108 19.018481 -0.686926
endloop
endfacet
facet normal -0.346097 -0.220221 -0.911987
outer loop
vertex 14.142915 19.631981 -0.765928
vertex 14.802760 19.631981 -1.016337
vertex 14.325108 19.018481 -0.686926
endloop
endfacet
facet normal 0.857263 0.104394 -0.504185
outer loop
vertex 15.181124 19.631981 -0.420568
vertex 15.154338 19.018481 -0.593140
vertex 14.802146 19.018481 -1.191969
endloop
endfacet
facet normal 0.834486 0.150884 -0.529969
outer loop
vertex 14.802760 19.631981 -1.016337
vertex 15.181124 19.631981 -0.420568
vertex 14.802146 19.018481 -1.191969
endloop
endfacet
facet normal -0.532577 -0.115909 -0.838407
outer loop
vertex 16.333401 19.631981 -0.664320
vertex 16.306449 19.018481 -0.562383
vertex 15.720038 19.018481 -0.189881
endloop
endfacet
facet normal -0.701998 0.166319 -0.692486
outer loop
vertex 15.837767 19.631981 -0.161879
vertex 16.333401 19.631981 -0.664320
vertex 15.720038 19.018481 -0.189881
endloop
endfacet
facet normal -0.838558 -0.120609 -0.531294
outer loop
vertex 16.674322 19.631981 -1.282279
vertex 16.678263 19.018481 -1.149230
vertex 16.306449 19.018481 -0.562383
endloop
endfacet
facet normal -0.874827 -0.041760 -0.482632
outer loop
vertex 16.333401 19.631981 -0.664320
vertex 16.674322 19.631981 -1.282279
vertex 16.306449 19.018481 -0.562383
endloop
endfacet
facet normal -0.893654 0.053136 -0.445600
outer loop
vertex 1.730557 20.245480 -0.886556
vertex 1.686234 19.631981 -0.870823
vertex 1.371301 19.631981 -0.239223
endloop
endfacet
facet normal -0.885827 0.030158 -0.463034
outer loop
vertex 1.396883 20.245480 -0.248206
vertex 1.730557 20.245480 -0.886556
vertex 1.371301 19.631981 -0.239223
endloop
endfacet
facet normal -0.838806 0.024364 -0.543885
outer loop
vertex 2.110886 20.245480 -1.498259
vertex 2.070201 19.631981 -1.462996
vertex 1.686234 19.631981 -0.870823
endloop
endfacet
facet normal -0.848266 0.047759 -0.527413
outer loop
vertex 1.730557 20.245480 -0.886556
vertex 2.110886 20.245480 -1.498259
vertex 1.686234 19.631981 -0.870823
endloop
endfacet
facet normal -0.591864 -0.221845 -0.774907
outer loop
vertex 2.590276 20.245480 -2.035859
vertex 2.631077 19.631981 -1.891386
vertex 2.070201 19.631981 -1.462996
endloop
endfacet
facet normal -0.746311 0.011240 -0.665503
outer loop
vertex 2.110886 20.245480 -1.498259
vertex 2.590276 20.245480 -2.035859
vertex 2.070201 19.631981 -1.462996
endloop
endfacet
facet normal 0.890615 -0.147826 -0.430061
outer loop
vertex 2.961277 20.245480 -1.418455
vertex 2.937970 19.631981 -1.255841
vertex 2.631077 19.631981 -1.891386
endloop
endfacet
facet normal 0.855385 -0.064155 -0.514004
outer loop
vertex 2.590276 20.245480 -2.035859
vertex 2.961277 20.245480 -1.418455
vertex 2.631077 19.631981 -1.891386
endloop
endfacet
facet normal -0.613856 -0.438068 -0.656717
outer loop
vertex 14.052526 20.245480 -1.090678
vertex 14.142915 19.631981 -0.765928
vertex 13.627325 19.631981 -0.283988
endloop
endfacet
facet normal -0.854168 -0.082981 -0.513334
outer loop
vertex 13.681493 20.245480 -0.473294
vertex 14.052526 20.245480 -1.090678
vertex 13.627325 19.631981 -0.283988
endloop
endfacet
facet normal -0.350844 0.149043 -0.924497
outer loop
vertex 14.745985 20.245480 -0.895886
vertex 14.802760 19.631981 -1.016337
vertex 14.142915 19.631981 -0.765928
endloop
endfacet
facet normal 0.244769 -0.425193 -0.871378
outer loop
vertex 14.052526 20.245480 -1.090678
vertex 14.745985 20.245480 -0.895886
vertex 14.142915 19.631981 -0.765928
endloop
endfacet
facet normal 0.842146 0.068862 -0.534835
outer loop
vertex 15.189527 20.245480 -0.328347
vertex 15.181124 19.631981 -0.420568
vertex 14.802760 19.631981 -1.016337
endloop
endfacet
facet normal 0.773528 0.190274 -0.604525
outer loop
vertex 14.745985 20.245480 -0.895886
vertex 15.189527 20.245480 -0.328347
vertex 14.802760 19.631981 -1.016337
endloop
endfacet
facet normal -0.704081 -0.147925 -0.694542
outer loop
vertex 16.313006 20.245480 -0.774309
vertex 16.333401 19.631981 -0.664320
vertex 15.837767 19.631981 -0.161879
endloop
endfacet
facet normal -0.814060 0.053276 -0.578332
outer loop
vertex 15.895842 20.245480 -0.187109
vertex 16.313006 20.245480 -0.774309
vertex 15.837767 19.631981 -0.161879
endloop
endfacet
facet normal -0.861973 -0.175683 -0.475541
outer loop
vertex 16.626745 20.245480 -1.422690
vertex 16.674322 19.631981 -1.282279
vertex 16.333401 19.631981 -0.664320
endloop
endfacet
facet normal -0.894950 -0.107389 -0.433049
outer loop
vertex 16.313006 20.245480 -0.774309
vertex 16.626745 20.245480 -1.422690
vertex 16.333401 19.631981 -0.664320
endloop
endfacet
facet normal -0.878668 0.130362 -0.459292
outer loop
vertex 1.813702 20.858980 -0.871488
vertex 1.730557 20.245480 -0.886556
vertex 1.396883 20.245480 -0.248206
endloop
endfacet
facet normal -0.843855 0.028994 -0.535787
outer loop
vertex 1.420854 20.858980 -0.252761
vertex 1.813702 20.858980 -0.871488
vertex 1.396883 20.245480 -0.248206
endloop
endfacet
facet normal -0.845861 0.089053 -0.525917
outer loop
vertex 2.180347 20.858980 -1.506094
vertex 2.110886 20.245480 -1.498259
vertex 1.730557 20.245480 -0.886556
endloop
endfacet
facet normal -0.858689 0.128559 -0.496110
outer loop
vertex 1.813702 20.858980 -0.871488
vertex 2.180347 20.858980 -1.506094
vertex 1.730557 20.245480 -0.886556
endloop
endfacet
facet normal -0.744440 0.071651 -0.663834
outer loop
vertex 2.666218 20.858980 -2.054803
vertex 2.590276 20.245480 -2.035859
vertex 2.110886 20.245480 -1.498259
endloop
endfacet
facet normal -0.746506 0.076078 -0.661015
outer loop
vertex 2.180347 20.858980 -1.506094
vertex 2.666218 20.858980 -2.054803
vertex 2.110886 20.245480 -1.498259
endloop
endfacet
facet normal 0.811314 -0.322635 -0.487521
outer loop
vertex 3.152412 20.858980 -1.506381
vertex 2.961277 20.245480 -1.418455
vertex 2.590276 20.245480 -2.035859
endloop
endfacet
facet normal 0.743543 -0.112393 -0.659175
outer loop
vertex 2.666218 20.858980 -2.054803
vertex 3.152412 20.858980 -1.506381
vertex 2.590276 20.245480 -2.035859
endloop
endfacet
facet normal -0.802932 -0.349932 -0.482543
outer loop
vertex 14.035638 20.858980 -1.507477
vertex 14.052526 20.245480 -1.090678
vertex 13.681493 20.245480 -0.473294
endloop
endfacet
facet normal -0.857866 -0.255945 -0.445599
outer loop
vertex 13.697802 20.858980 -0.857078
vertex 14.035638 20.858980 -1.507477
vertex 13.681493 20.245480 -0.473294
endloop
endfacet
facet normal 0.269525 0.081824 -0.959511
outer loop
vertex 14.473855 20.858980 -0.920010
vertex 14.745985 20.245480 -0.895886
vertex 14.052526 20.245480 -1.090678
endloop
endfacet
facet normal 0.748248 -0.358599 -0.558150
outer loop
vertex 14.035638 20.858980 -1.507477
vertex 14.473855 20.858980 -0.920010
vertex 14.052526 20.245480 -1.090678
endloop
endfacet
facet normal 0.774506 0.183749 -0.605290
outer loop
vertex 14.989003 20.858980 -0.398689
vertex 15.189527 20.245480 -0.328347
vertex 14.745985 20.245480 -0.895886
endloop
endfacet
facet normal 0.683546 0.276641 -0.675452
outer loop
vertex 14.473855 20.858980 -0.920010
vertex 14.989003 20.858980 -0.398689
vertex 14.745985 20.245480 -0.895886
endloop
endfacet
facet normal -0.784258 -0.272968 -0.557160
outer loop
vertex 16.176620 20.858980 -0.882904
vertex 16.313006 20.245480 -0.774309
vertex 15.895842 20.245480 -0.187109
endloop
endfacet
facet normal -0.733778 -0.334703 -0.591222
outer loop
vertex 15.716788 20.858980 -0.312196
vertex 16.176620 20.858980 -0.882904
vertex 15.895842 20.245480 -0.187109
endloop
endfacet
facet normal -0.865945 -0.273070 -0.419014
outer loop
vertex 16.492175 20.858980 -1.544400
vertex 16.626745 20.245480 -1.422690
vertex 16.313006 20.245480 -0.774309
endloop
endfacet
facet normal -0.869844 -0.266821 -0.414943
outer loop
vertex 16.176620 20.858980 -0.882904
vertex 16.492175 20.858980 -1.544400
vertex 16.313006 20.245480 -0.774309
endloop
endfacet
facet normal 0.672760 0.000790 -0.739860
outer loop
vertex 16.492175 20.858980 -1.544400
vertex 17.034424 20.858980 -1.051329
vertex 16.626745 20.245480 -1.422690
endloop
endfacet
facet normal -0.835588 0.142550 -0.530539
outer loop
vertex 1.861389 21.472479 -0.781754
vertex 1.813702 20.858980 -0.871488
vertex 1.420854 20.858980 -0.252761
endloop
endfacet
facet normal -0.785232 0.030593 -0.618445
outer loop
vertex 1.413966 21.472479 -0.213666
vertex 1.861389 21.472479 -0.781754
vertex 1.420854 20.858980 -0.252761
endloop
endfacet
facet normal -0.862941 0.082249 -0.498566
outer loop
vertex 2.191922 21.472479 -1.424918
vertex 2.180347 20.858980 -1.506094
vertex 1.813702 20.858980 -0.871488
endloop
endfacet
facet normal -0.881309 0.134751 -0.452919
outer loop
vertex 1.861389 21.472479 -0.781754
vertex 2.191922 21.472479 -1.424918
vertex 1.813702 20.858980 -0.871488
endloop
endfacet
facet normal -0.745808 0.087436 -0.660398
outer loop
vertex 2.664812 21.472479 -1.971989
vertex 2.666218 20.858980 -2.054803
vertex 2.180347 20.858980 -1.506094
endloop
endfacet
facet normal -0.752721 0.100294 -0.650655
outer loop
vertex 2.191922 21.472479 -1.424918
vertex 2.664812 21.472479 -1.971989
vertex 2.180347 20.858980 -1.506094
endloop
endfacet
facet normal 0.745930 -0.079255 -0.661292
outer loop
vertex 3.217851 21.472479 -1.506093
vertex 3.152412 20.858980 -1.506381
vertex 2.666218 20.858980 -2.054803
endloop
endfacet
facet normal 0.640777 0.104143 -0.760631
outer loop
vertex 2.664812 21.472479 -1.971989
vertex 3.217851 21.472479 -1.506093
vertex 2.666218 20.858980 -2.054803
endloop
endfacet
facet normal -0.882787 0.102096 -0.458544
outer loop
vertex 14.100018 21.472479 -1.494825
vertex 14.035638 20.858980 -1.507477
vertex 13.697802 20.858980 -0.857078
endloop
endfacet
facet normal -0.795847 -0.099166 -0.597322
outer loop
vertex 13.665939 21.472479 -0.916476
vertex 14.100018 21.472479 -1.494825
vertex 13.697802 20.858980 -0.857078
endloop
endfacet
facet normal 0.801167 0.031260 -0.597624
outer loop
vertex 14.480051 21.472479 -0.879612
vertex 14.473855 20.858980 -0.920010
vertex 14.035638 20.858980 -1.507477
endloop
endfacet
facet normal 0.848162 -0.078200 -0.523933
outer loop
vertex 14.100018 21.472479 -1.494825
vertex 14.480051 21.472479 -0.879612
vertex 14.035638 20.858980 -1.507477
endloop
endfacet
facet normal 0.710685 0.041761 -0.702270
outer loop
vertex 14.987146 21.472479 -0.364086
vertex 14.989003 20.858980 -0.398689
vertex 14.473855 20.858980 -0.920010
endloop
endfacet
facet normal 0.712372 0.038946 -0.700721
outer loop
vertex 14.480051 21.472479 -0.879612
vertex 14.987146 21.472479 -0.364086
vertex 14.473855 20.858980 -0.920010
endloop
endfacet
facet normal -0.778080 0.039581 -0.626917
outer loop
vertex 16.196346 21.472479 -0.868652
vertex 16.176620 20.858980 -0.882904
vertex 15.716788 20.858980 -0.312196
endloop
endfacet
facet normal -0.739201 -0.032342 -0.672708
outer loop
vertex 15.709639 21.472479 -0.333836
vertex 16.196346 21.472479 -0.868652
vertex 15.716788 20.858980 -0.312196
endloop
endfacet
facet normal -0.898669 0.092819 -0.428694
outer loop
vertex 16.537372 21.472479 -1.506314
vertex 16.492175 20.858980 -1.544400
vertex 16.176620 20.858980 -0.882904
endloop
endfacet
facet normal -0.881132 0.039278 -0.471236
outer loop
vertex 16.196346 21.472479 -0.868652
vertex 16.537372 21.472479 -1.506314
vertex 16.176620 20.858980 -0.882904
endloop
endfacet
facet normal 0.672760 0.001255 -0.739860
outer loop
vertex 17.070363 21.472479 -1.017609
vertex 17.034424 20.858980 -1.051329
vertex 16.492175 20.858980 -1.544400
endloop
endfacet
facet normal 0.675817 -0.004032 -0.737058
outer loop
vertex 16.537372 21.472479 -1.506314
vertex 17.070363 21.472479 -1.017609
vertex 16.492175 20.858980 -1.544400
endloop
endfacet
facet normal -0.774728 0.165789 -0.610172
outer loop
vertex 1.858273 22.085978 -0.611104
vertex 1.861389 21.472479 -0.781754
vertex 1.413966 21.472479 -0.213666
endloop
endfacet
facet normal -0.697378 0.041538 -0.715499
outer loop
vertex 1.365048 22.085978 -0.130370
vertex 1.858273 22.085978 -0.611104
vertex 1.413966 21.472479 -0.213666
endloop
endfacet
facet normal -0.874905 0.179931 -0.449628
outer loop
vertex 2.205536 22.085978 -1.205901
vertex 2.191922 21.472479 -1.424918
vertex 1.861389 21.472479 -0.781754
endloop
endfacet
facet normal -0.855729 0.134623 -0.499604
outer loop
vertex 1.858273 22.085978 -0.611104
vertex 2.205536 22.085978 -1.205901
vertex 1.861389 21.472479 -0.781754
endloop
endfacet
facet normal -0.699255 0.381702 -0.604439
outer loop
vertex 2.726714 22.085978 -1.656178
vertex 2.664812 21.472479 -1.971989
vertex 2.191922 21.472479 -1.424918
endloop
endfacet
facet normal -0.628782 0.273773 -0.727792
outer loop
vertex 2.205536 22.085978 -1.205901
vertex 2.726714 22.085978 -1.656178
vertex 2.191922 21.472479 -1.424918
endloop
endfacet
facet normal 0.641842 0.086925 -0.761894
outer loop
vertex 3.336566 22.085978 -1.336089
vertex 3.217851 21.472479 -1.506093
vertex 2.664812 21.472479 -1.971989
endloop
endfacet
facet normal 0.430165 0.378489 -0.819576
outer loop
vertex 2.726714 22.085978 -1.656178
vertex 3.336566 22.085978 -1.336089
vertex 2.664812 21.472479 -1.971989
endloop
endfacet
facet normal 0.885078 -0.042838 -0.463467
outer loop
vertex 3.336566 22.085978 -1.336089
vertex 3.656072 22.085978 -0.725932
vertex 3.217851 21.472479 -1.506093
endloop
endfacet
facet normal -0.742682 0.371089 -0.557419
outer loop
vertex 13.988202 22.085978 -0.937422
vertex 14.100018 21.472479 -1.494825
vertex 13.665939 21.472479 -0.916476
endloop
endfacet
facet normal -0.781304 0.393878 -0.484174
outer loop
vertex 13.625400 22.085978 -0.351973
vertex 13.988202 22.085978 -0.937422
vertex 13.665939 21.472479 -0.916476
endloop
endfacet
facet normal 0.848153 0.078334 -0.523928
outer loop
vertex 14.592176 22.085978 -0.606376
vertex 14.480051 21.472479 -0.879612
vertex 14.100018 21.472479 -1.494825
endloop
endfacet
facet normal 0.360054 0.662455 -0.656897
outer loop
vertex 13.988202 22.085978 -0.937422
vertex 14.592176 22.085978 -0.606376
vertex 14.100018 21.472479 -1.494825
endloop
endfacet
facet normal 0.633291 0.215329 -0.743355
outer loop
vertex 14.592176 22.085978 -0.606376
vertex 15.116459 22.085978 -0.159720
vertex 14.480051 21.472479 -0.879612
endloop
endfacet
facet normal -0.614156 0.557164 -0.558910
outer loop
vertex 16.325742 22.085978 -0.399255
vertex 16.196346 21.472479 -0.868652
vertex 15.709639 21.472479 -0.333836
endloop
endfacet
facet normal -0.540415 0.468159 -0.699127
outer loop
vertex 15.780813 22.085978 0.021967
vertex 16.325742 22.085978 -0.399255
vertex 15.709639 21.472479 -0.333836
endloop
endfacet
facet normal -0.694224 0.616609 -0.371276
outer loop
vertex 16.771169 22.085978 -0.924584
vertex 16.537372 21.472479 -1.506314
vertex 16.196346 21.472479 -0.868652
endloop
endfacet
facet normal -0.637843 0.548325 -0.540828
outer loop
vertex 16.325742 22.085978 -0.399255
vertex 16.771169 22.085978 -0.924584
vertex 16.196346 21.472479 -0.868652
endloop
endfacet
facet normal 0.671166 -0.117186 -0.731986
outer loop
vertex 17.443240 22.085978 -0.773931
vertex 17.070363 21.472479 -1.017609
vertex 16.537372 21.472479 -1.506314
endloop
endfacet
facet normal 0.167329 0.644043 -0.746465
outer loop
vertex 16.771169 22.085978 -0.924584
vertex 17.443240 22.085978 -0.773931
vertex 16.537372 21.472479 -1.506314
endloop
endfacet
facet normal -0.587447 0.540042 -0.602711
outer loop
vertex 1.955214 22.699478 -0.155881
vertex 1.858273 22.085978 -0.611104
vertex 1.365048 22.085978 -0.130370
endloop
endfacet
facet normal -0.721583 0.549398 -0.421285
outer loop
vertex 2.361605 22.699478 -0.673153
vertex 2.205536 22.085978 -1.205901
vertex 1.858273 22.085978 -0.611104
endloop
endfacet
facet normal -0.679429 0.503435 -0.533788
outer loop
vertex 1.955214 22.699478 -0.155881
vertex 2.361605 22.699478 -0.673153
vertex 1.858273 22.085978 -0.611104
endloop
endfacet
facet normal -0.424412 0.760629 -0.491242
outer loop
vertex 2.972067 22.699478 -0.918222
vertex 2.726714 22.085978 -1.656178
vertex 2.205536 22.085978 -1.205901
endloop
endfacet
facet normal -0.276826 0.669226 -0.689568
outer loop
vertex 2.361605 22.699478 -0.673153
vertex 2.972067 22.699478 -0.918222
vertex 2.205536 22.085978 -1.205901
endloop
endfacet
facet normal 0.387594 0.551756 -0.738468
outer loop
vertex 3.604458 22.699478 -0.737099
vertex 3.336566 22.085978 -1.336089
vertex 2.726714 22.085978 -1.656178
endloop
endfacet
facet normal 0.190245 0.722906 -0.664240
outer loop
vertex 2.972067 22.699478 -0.918222
vertex 3.604458 22.699478 -0.737099
vertex 2.726714 22.085978 -1.656178
endloop
endfacet
facet normal 0.857636 -0.250544 -0.449097
outer loop
vertex 4.071842 22.699478 -0.274200
vertex 3.656072 22.085978 -0.725932
vertex 3.336566 22.085978 -1.336089
endloop
endfacet
facet normal 0.656385 0.360454 -0.662746
outer loop
vertex 3.604458 22.699478 -0.737099
vertex 4.071842 22.699478 -0.274200
vertex 3.336566 22.085978 -1.336089
endloop
endfacet
facet normal -0.795688 0.351775 -0.493087
outer loop
vertex 14.212642 22.699478 -0.861918
vertex 13.988202 22.085978 -0.937422
vertex 13.625400 22.085978 -0.351973
endloop
endfacet
facet normal -0.622785 -0.052722 -0.780615
outer loop
vertex 13.698425 22.699478 -0.451669
vertex 14.212642 22.699478 -0.861918
vertex 13.625400 22.085978 -0.351973
endloop
endfacet
facet normal 0.477961 0.105588 -0.872012
outer loop
vertex 14.730499 22.699478 -0.456274
vertex 14.592176 22.085978 -0.606376
vertex 13.988202 22.085978 -0.937422
endloop
endfacet
facet normal 0.611608 -0.127655 -0.780795
outer loop
vertex 14.212642 22.699478 -0.861918
vertex 14.730499 22.699478 -0.456274
vertex 13.988202 22.085978 -0.937422
endloop
endfacet
facet normal 0.644284 -0.113894 -0.756258
outer loop
vertex 15.287535 22.699478 -0.106368
vertex 15.116459 22.085978 -0.159720
vertex 14.592176 22.085978 -0.606376
endloop
endfacet
facet normal 0.529906 0.086922 -0.843590
outer loop
vertex 14.730499 22.699478 -0.456274
vertex 15.287535 22.699478 -0.106368
vertex 14.592176 22.085978 -0.606376
endloop
endfacet
facet normal -0.573650 0.346672 -0.742122
outer loop
vertex 16.572315 22.699478 -0.303266
vertex 16.325742 22.085978 -0.399255
vertex 15.780813 22.085978 0.021967
endloop
endfacet
facet normal -0.714560 0.349739 -0.605877
outer loop
vertex 16.981411 22.699478 -0.818400
vertex 16.771169 22.085978 -0.924584
vertex 16.325742 22.085978 -0.399255
endloop
endfacet
facet normal -0.724042 0.380968 -0.575001
outer loop
vertex 16.572315 22.699478 -0.303266
vertex 16.981411 22.699478 -0.818400
vertex 16.325742 22.085978 -0.399255
endloop
endfacet
facet normal 0.212409 0.238751 -0.947566
outer loop
vertex 17.596434 22.699478 -0.585011
vertex 17.443240 22.085978 -0.773931
vertex 16.771169 22.085978 -0.924584
endloop
endfacet
facet normal 0.354506 0.040201 -0.934189
outer loop
vertex 16.981411 22.699478 -0.818400
vertex 17.596434 22.699478 -0.585011
vertex 16.771169 22.085978 -0.924584
endloop
endfacet
facet normal -0.692859 0.472907 -0.544340
outer loop
vertex 2.426982 23.312977 -0.223377
vertex 2.361605 22.699478 -0.673153
vertex 1.955214 22.699478 -0.155881
endloop
endfacet
facet normal -0.223794 0.799468 -0.557465
outer loop
vertex 3.021563 23.312977 -0.058264
vertex 2.972067 22.699478 -0.918222
vertex 2.361605 22.699478 -0.673153
endloop
endfacet
facet normal 0.221479 0.561113 -0.797558
outer loop
vertex 2.426982 23.312977 -0.223377
vertex 3.021563 23.312977 -0.058264
vertex 2.361605 22.699478 -0.673153
endloop
endfacet
facet normal 0.185750 0.738163 -0.648546
outer loop
vertex 3.637960 23.312977 -0.029230
vertex 3.604458 22.699478 -0.737099
vertex 2.972067 22.699478 -0.918222
endloop
endfacet
facet normal 0.027395 0.813020 -0.581590
outer loop
vertex 3.021563 23.312977 -0.058264
vertex 3.637960 23.312977 -0.029230
vertex 2.972067 22.699478 -0.918222
endloop
endfacet
facet normal 0.699686 0.106508 -0.706467
outer loop
vertex 4.254391 23.312977 -0.000911
vertex 4.071842 22.699478 -0.274200
vertex 3.604458 22.699478 -0.737099
endloop
endfacet
facet normal 0.030111 0.754634 -0.655455
outer loop
vertex 3.637960 23.312977 -0.029230
vertex 4.254391 23.312977 -0.000911
vertex 3.604458 22.699478 -0.737099
endloop
endfacet
facet normal -0.445566 0.699691 -0.558484
outer loop
vertex 14.127180 23.312977 -0.025120
vertex 14.212642 22.699478 -0.861918
vertex 13.698425 22.699478 -0.451669
endloop
endfacet
facet normal 0.535354 0.496282 -0.683447
outer loop
vertex 14.743766 23.312977 -0.000392
vertex 14.730499 22.699478 -0.456274
vertex 14.212642 22.699478 -0.861918
endloop
endfacet
facet normal 0.023643 0.807400 -0.589531
outer loop
vertex 14.127180 23.312977 -0.025120
vertex 14.743766 23.312977 -0.000392
vertex 14.212642 22.699478 -0.861918
endloop
endfacet
facet normal -0.523576 0.743626 -0.415799
outer loop
vertex 17.212005 23.312977 -0.011568
vertex 16.981411 22.699478 -0.818400
vertex 16.572315 22.699478 -0.303266
endloop
endfacet
facet normal 0.282525 0.604889 -0.744506
outer loop
vertex 17.828944 23.312977 0.001672
vertex 17.596434 22.699478 -0.585011
vertex 16.981411 22.699478 -0.818400
endloop
endfacet
facet normal 0.013039 0.794150 -0.607582
outer loop
vertex 17.212005 23.312977 -0.011568
vertex 17.828944 23.312977 0.001672
vertex 16.981411 22.699478 -0.818400
endloop
endfacet
facet normal -0.000000 -1.000000 0.000000
outer loop
vertex 20.648721 0.000000 0.549661
vertex 20.018851 0.000000 0.618144
vertex 20.018851 0.000000 -0.618144
endloop
endfacet
facet normal 0.000000 -1.000000 -0.000000
outer loop
vertex 20.648721 0.000000 0.549661
vertex 20.018851 0.000000 -0.618144
vertex 20.648721 0.000000 -0.549661
endloop
endfacet
facet normal -0.664059 0.747680 0.000000
outer loop
vertex 20.018851 0.000000 0.618144
vertex 20.709606 0.613499 1.480638
vertex 20.709606 0.613499 -1.480638
endloop
endfacet
facet normal -0.664059 0.747680 0.000000
outer loop
vertex 20.018851 0.000000 0.618144
vertex 20.709606 0.613499 -1.480638
vertex 20.018851 0.000000 -0.618144
endloop
endfacet
facet normal -0.000000 -1.000000 0.000000
outer loop
vertex 21.189103 0.000000 0.218883
vertex 20.648721 0.000000 0.549661
vertex 20.648721 0.000000 -0.549661
endloop
endfacet
facet normal 0.000000 -1.000000 -0.000000
outer loop
vertex 21.189103 0.000000 0.218883
vertex 20.648721 0.000000 -0.549661
vertex 21.189103 0.000000 -0.218883
endloop
endfacet
facet normal -0.000000 -1.000000 0.000000
outer loop
vertex 21.787091 0.000000 0.009511
vertex 21.189103 0.000000 0.218883
vertex 21.189103 0.000000 -0.218883
endloop
endfacet
facet normal 0.000000 -1.000000 -0.000000
outer loop
vertex 21.787091 0.000000 0.009511
vertex 21.189103 0.000000 -0.218883
vertex 21.787091 0.000000 -0.009511
endloop
endfacet
facet normal 0.536241 -0.844065 0.000000
outer loop
vertex 22.752762 0.613499 0.241023
vertex 21.787091 0.000000 0.009511
vertex 21.787091 0.000000 -0.009511
endloop
endfacet
facet normal 0.536241 -0.844065 0.000000
outer loop
vertex 22.752762 0.613499 0.241023
vertex 21.787091 0.000000 -0.009511
vertex 22.752762 0.613499 -0.241023
endloop
endfacet
facet normal 0.000000 -1.000000 0.000000
outer loop
vertex 23.549059 0.000000 0.513654
vertex 23.033908 0.000000 0.144810
vertex 23.033908 0.000000 -0.144810
endloop
endfacet
facet normal 0.000000 -1.000000 -0.000000
outer loop
vertex 23.549059 0.000000 0.513654
vertex 23.033908 0.000000 -0.144810
vertex 23.549059 0.000000 -0.513654
endloop
endfacet
facet normal -0.999701 0.024462 0.000000
outer loop
vertex 23.033908 0.000000 0.144810
vertex 23.048920 0.613499 0.843150
vertex 23.048920 0.613499 -0.843150
endloop
endfacet
facet normal -0.999701 0.024462 0.000000
outer loop
vertex 23.033908 0.000000 0.144810
vertex 23.048920 0.613499 -0.843150
vertex 23.033908 0.000000 -0.144810
endloop
endfacet
facet normal 0.000000 -1.000000 0.000000
outer loop
vertex 24.002819 0.000000 0.955839
vertex 23.549059 0.000000 0.513654
vertex 23.549059 0.000000 -0.513654
endloop
endfacet
facet normal 0.000000 -1.000000 -0.000000
outer loop
vertex 24.002819 0.000000 0.955839
vertex 23.549059 0.000000 -0.513654
vertex 24.002819 0.000000 -0.955839
endloop
endfacet
facet normal 0.999511 0.031256 0.000000
outer loop
vertex 23.983634 0.613499 1.239091
vertex 24.002819 0.000000 0.955839
vertex 24.002819 0.000000 -0.955839
endloop
endfacet
facet normal 0.999511 0.031256 0.000000
outer loop
vertex 23.983634 0.613499 1.239091
vertex 24.002819 0.000000 -0.955839
vertex 23.983634 0.613499 -1.239091
endloop
endfacet
facet normal -0.987098 0.160118 0.000000
outer loop
vertex 20.709606 0.613499 1.480638
vertex 20.809122 1.226999 2.117157
vertex 20.809122 1.226999 -2.117157
endloop
endfacet
facet normal -0.987098 0.160118 0.000000
outer loop
vertex 20.709606 0.613499 1.480638
vertex 20.809122 1.226999 -2.117157
vertex 20.709606 0.613499 -1.480638
endloop
endfacet
facet normal 0.953914 -0.300081 0.000000
outer loop
vertex 22.945756 1.226999 1.230124
vertex 22.752762 0.613499 0.241023
vertex 22.752762 0.613499 -0.241023
endloop
endfacet
facet normal 0.953914 -0.300081 0.000000
outer loop
vertex 22.945756 1.226999 1.230124
vertex 22.752762 0.613499 -0.241023
vertex 22.945756 1.226999 -1.230124
endloop
endfacet
facet normal -0.986155 -0.165829 0.000000
outer loop
vertex 23.048920 0.613499 0.843150
vertex 22.945756 1.226999 1.230124
vertex 22.945756 1.226999 -1.230124
endloop
endfacet
facet normal -0.986155 -0.165829 -0.000000
outer loop
vertex 23.048920 0.613499 0.843150
vertex 22.945756 1.226999 -1.230124
vertex 23.048920 0.613499 -0.843150
endloop
endfacet
facet normal 0.997558 -0.069844 0.000000
outer loop
vertex 24.026588 1.226999 0.666481
vertex 23.983634 0.613499 1.239091
vertex 23.983634 0.613499 -1.239091
endloop
endfacet
facet normal 0.997558 -0.069844 0.000000
outer loop
vertex 24.026588 1.226999 0.666481
vertex 23.983634 0.613499 -1.239091
vertex 24.026588 1.226999 -0.666481
endloop
endfacet
facet normal 0.000000 -1.000000 0.000000
outer loop
vertex 20.809122 1.226999 2.117157
vertex 20.158978 1.226999 1.898988
vertex 20.158978 1.226999 -1.898988
endloop
endfacet
facet normal 0.000000 -1.000000 -0.000000
outer loop
vertex 20.809122 1.226999 2.117157
vertex 20.158978 1.226999 -1.898988
vertex 20.809122 1.226999 -2.117157
endloop
endfacet
facet normal -0.992075 -0.125643 0.000000
outer loop
vertex 20.158978 1.226999 1.898988
vertex 20.081280 1.840498 1.557921
vertex 20.081280 1.840498 -1.557921
endloop
endfacet
facet normal -0.992075 -0.125643 -0.000000
outer loop
vertex 20.158978 1.226999 1.898988
vertex 20.081280 1.840498 -1.557921
vertex 20.158978 1.226999 -1.898988
endloop
endfacet
facet normal 0.996469 0.083959 0.000000
outer loop
vertex 23.974896 1.840498 0.042012
vertex 24.026588 1.226999 0.666481
vertex 24.026588 1.226999 -0.666481
endloop
endfacet
facet normal 0.996469 0.083959 0.000000
outer loop
vertex 23.974896 1.840498 0.042012
vertex 24.026588 1.226999 -0.666481
vertex 23.974896 1.840498 -0.042012
endloop
endfacet
facet normal 0.000000 -1.000000 0.000000
outer loop
vertex 20.081280 1.840498 1.557921
vertex 19.723168 1.840498 0.990593
vertex 19.723168 1.840498 -0.990593
endloop
endfacet
facet normal 0.000000 -1.000000 -0.000000
outer loop
vertex 20.081280 1.840498 1.557921
vertex 19.723168 1.840498 -0.990593
vertex 20.081280 1.840498 -1.557921
endloop
endfacet
facet normal -0.975535 -0.219843 0.000000
outer loop
vertex 19.723168 1.840498 0.990593
vertex 19.584912 2.453998 1.731125
vertex 19.584912 2.453998 -1.731125
endloop
endfacet
facet normal -0.975535 -0.219843 -0.000000
outer loop
vertex 19.723168 1.840498 0.990593
vertex 19.584912 2.453998 -1.731125
vertex 19.723168 1.840498 -0.990593
endloop
endfacet
facet normal 0.999590 -0.028620 0.000000
outer loop
vertex 23.992462 2.453998 0.002544
vertex 23.974896 1.840498 0.042012
vertex 23.974896 1.840498 -0.042012
endloop
endfacet
facet normal 0.999590 -0.028620 0.000000
outer loop
vertex 23.992462 2.453998 0.002544
vertex 23.974896 1.840498 -0.042012
vertex 23.992462 2.453998 -0.002544
endloop
endfacet
facet normal 0.000000 1.000000 0.000000
outer loop
vertex 23.451718 2.453998 0.409162
vertex 23.992462 2.453998 0.002544
vertex 23.992462 2.453998 -0.002544
endloop
endfacet
facet normal 0.000000 1.000000 0.000000
outer loop
vertex 23.451718 2.453998 0.409162
vertex 23.992462 2.453998 -0.002544
vertex 23.451718 2.453998 -0.409162
endloop
endfacet
facet normal 0.000000 -1.000000 0.000000
outer loop
vertex 19.125464 2.453998 1.234487
vertex 18.702840 2.453998 0.706158
vertex 18.702840 2.453998 -0.706158
endloop
endfacet
facet normal 0.000000 -1.000000 -0.000000
outer loop
vertex 19.125464 2.453998 1.234487
vertex 18.702840 2.453998 -0.706158
vertex 19.125464 2.453998 -1.234487
endloop
endfacet
facet normal -0.999711 -0.024058 0.000000
outer loop
vertex 18.702840 2.453998 0.706158
vertex 18.688077 3.067497 1.605890
vertex 18.688077 3.067497 -1.605890
endloop
endfacet
facet normal -0.999711 -0.024058 -0.000000
outer loop
vertex 18.702840 2.453998 0.706158
vertex 18.688077 3.067497 -1.605890
vertex 18.702840 2.453998 -0.706158
endloop
endfacet
facet normal 0.000000 -1.000000 0.000000
outer loop
vertex 19.584912 2.453998 1.731125
vertex 19.125464 2.453998 1.234487
vertex 19.125464 2.453998 -1.234487
endloop
endfacet
facet normal 0.000000 -1.000000 -0.000000
outer loop
vertex 19.584912 2.453998 1.731125
vertex 19.125464 2.453998 -1.234487
vertex 19.584912 2.453998 -1.731125
endloop
endfacet
facet normal 0.743939 -0.668248 0.000000
outer loop
vertex 24.002798 3.067497 0.037372
vertex 23.451718 2.453998 0.409162
vertex 23.451718 2.453998 -0.409162
endloop
endfacet
facet normal 0.743939 -0.668248 0.000000
outer loop
vertex 24.002798 3.067497 0.037372
vertex 23.451718 2.453998 -0.409162
vertex 24.002798 3.067497 -0.037372
endloop
endfacet
facet normal 0.000000 -1.000000 0.000000
outer loop
vertex 18.688077 3.067497 1.605890
vertex 18.209435 3.067497 1.107985
vertex 18.209435 3.067497 -1.107985
endloop
endfacet
facet normal 0.000000 -1.000000 -0.000000
outer loop
vertex 18.688077 3.067497 1.605890
vertex 18.209435 3.067497 -1.107985
vertex 18.688077 3.067497 -1.605890
endloop
endfacet
facet normal -0.911615 -0.411044 0.000000
outer loop
vertex 18.209435 3.067497 1.107985
vertex 17.932811 3.680996 1.848917
vertex 17.932811 3.680996 -1.848917
endloop
endfacet
facet normal -0.911615 -0.411044 -0.000000
outer loop
vertex 18.209435 3.067497 1.107985
vertex 17.932811 3.680996 -1.848917
vertex 18.209435 3.067497 -1.107985
endloop
endfacet
facet normal 1.000000 -0.000276 0.000000
outer loop
vertex 24.002967 3.680996 0.014158
vertex 24.002798 3.067497 0.037372
vertex 24.002798 3.067497 -0.037372
endloop
endfacet
facet normal 1.000000 -0.000276 0.000000
outer loop
vertex 24.002967 3.680996 0.014158
vertex 24.002798 3.067497 -0.037372
vertex 24.002967 3.680996 -0.014158
endloop
endfacet
facet normal 0.000000 -1.000000 0.000000
outer loop
vertex 17.932811 3.680996 1.848917
vertex 17.473935 3.680996 1.327194
vertex 17.473935 3.680996 -1.327194
endloop
endfacet
facet normal 0.000000 -1.000000 -0.000000
outer loop
vertex 17.932811 3.680996 1.848917
vertex 17.473935 3.680996 -1.327194
vertex 17.932811 3.680996 -1.848917
endloop
endfacet
facet normal -0.993129 -0.117025 0.000000
outer loop
vertex 17.473935 3.680996 1.327194
vertex 17.401644 4.294496 1.919186
vertex 17.401644 4.294496 -1.919186
endloop
endfacet
facet normal -0.993129 -0.117025 -0.000000
outer loop
vertex 17.473935 3.680996 1.327194
vertex 17.401644 4.294496 -1.919186
vertex 17.473935 3.680996 -1.327194
endloop
endfacet
facet normal 0.999981 0.006192 0.000000
outer loop
vertex 23.999168 4.294496 0.021945
vertex 24.002967 3.680996 0.014158
vertex 24.002967 3.680996 -0.014158
endloop
endfacet
facet normal 0.999981 0.006192 0.000000
outer loop
vertex 23.999168 4.294496 0.021945
vertex 24.002967 3.680996 -0.014158
vertex 23.999168 4.294496 -0.021945
endloop
endfacet
facet normal -0.999031 0.044001 0.000000
outer loop
vertex 17.401644 4.294496 1.919186
vertex 17.428665 4.907995 2.101648
vertex 17.428665 4.907995 -2.101648
endloop
endfacet
facet normal -0.999031 0.044001 0.000000
outer loop
vertex 17.401644 4.294496 1.919186
vertex 17.428665 4.907995 -2.101648
vertex 17.401644 4.294496 -1.919186
endloop
endfacet
facet normal 0.999963 -0.008651 0.000000
outer loop
vertex 24.004476 4.907995 0.025862
vertex 23.999168 4.294496 0.021945
vertex 23.999168 4.294496 -0.021945
endloop
endfacet
facet normal 0.999963 -0.008651 0.000000
outer loop
vertex 24.004476 4.907995 0.025862
vertex 23.999168 4.294496 -0.021945
vertex 24.004476 4.907995 -0.025862
endloop
endfacet
facet normal 0.000000 -1.000000 0.000000
outer loop
vertex 2.853594 4.907995 0.062895
vertex 2.139681 4.907995 0.055661
vertex 2.139681 4.907995 -0.055661
endloop
endfacet
facet normal 0.000000 -1.000000 -0.000000
outer loop
vertex 2.853594 4.907995 0.062895
vertex 2.139681 4.907995 -0.055661
vertex 2.853594 4.907995 -0.062895
endloop
endfacet
facet normal -0.983047 -0.183356 0.000000
outer loop
vertex 2.139681 4.907995 0.055661
vertex 2.025252 5.521495 0.528021
vertex 2.025252 5.521495 -0.528021
endloop
endfacet
facet normal -0.983047 -0.183356 -0.000000
outer loop
vertex 2.139681 4.907995 0.055661
vertex 2.025252 5.521495 -0.528021
vertex 2.139681 4.907995 -0.055661
endloop
endfacet
facet normal 0.000000 -1.000000 0.000000
outer loop
vertex 3.564438 4.907995 0.129414
vertex 2.853594 4.907995 0.062895
vertex 2.853594 4.907995 -0.062895
endloop
endfacet
facet normal 0.000000 -1.000000 -0.000000
outer loop
vertex 3.564438 4.907995 0.129414
vertex 2.853594 4.907995 -0.062895
vertex 3.564438 4.907995 -0.129414
endloop
endfacet
facet normal 0.000000 -1.000000 0.000000
outer loop
vertex 4.248799 4.907995 0.332821
vertex 3.564438 4.907995 0.129414
vertex 3.564438 4.907995 -0.129414
endloop
endfacet
facet normal 0.000000 -1.000000 -0.000000
outer loop
vertex 4.248799 4.907995 0.332821
vertex 3.564438 4.907995 -0.129414
vertex 4.248799 4.907995 -0.332821
endloop
endfacet
facet normal 0.000000 -1.000000 0.000000
outer loop
vertex 4.957671 4.907995 0.417818
vertex 4.248799 4.907995 0.332821
vertex 4.248799 4.907995 -0.332821
endloop
endfacet
facet normal 0.000000 -1.000000 -0.000000
outer loop
vertex 4.957671 4.907995 0.417818
vertex 4.248799 4.907995 -0.332821
vertex 4.957671 4.907995 -0.417818
endloop
endfacet
facet normal -0.000000 -1.000000 0.000000
outer loop
vertex 5.670187 4.907995 0.372602
vertex 4.957671 4.907995 0.417818
vertex 4.957671 4.907995 -0.417818
endloop
endfacet
facet normal 0.000000 -1.000000 -0.000000
outer loop
vertex 5.670187 4.907995 0.372602
vertex 4.957671 4.907995 -0.417818
vertex 5.670187 4.907995 -0.372602
endloop
endfacet
facet normal -0.000000 -1.000000 0.000000
outer loop
vertex 6.354565 4.907995 0.169253
vertex 5.670187 4.907995 0.372602
vertex 5.670187 4.907995 -0.372602
endloop
endfacet
facet normal 0.000000 -1.000000 -0.000000
outer loop
vertex 6.354565 4.907995 0.169253
vertex 5.670187 4.907995 -0.372602
vertex 6.354565 4.907995 -0.169253
endloop
endfacet
facet normal -0.000000 -1.000000 0.000000
outer loop
vertex 7.055996 4.907995 0.036140
vertex 6.354565 4.907995 0.169253
vertex 6.354565 4.907995 -0.169253
endloop
endfacet
facet normal 0.000000 -1.000000 -0.000000
outer loop
vertex 7.055996 4.907995 0.036140
vertex 6.354565 4.907995 -0.169253
vertex 7.055996 4.907995 -0.036140
endloop
endfacet
facet normal -0.000000 -1.000000 0.000000
outer loop
vertex 7.769114 4.907995 0.001690
vertex 7.055996 4.907995 0.036140
vertex 7.055996 4.907995 -0.036140
endloop
endfacet
facet normal 0.000000 -1.000000 -0.000000
outer loop
vertex 7.769114 4.907995 0.001690
vertex 7.055996 4.907995 -0.036140
vertex 7.769114 4.907995 -0.001690
endloop
endfacet
facet normal -0.000000 -1.000000 0.000000
outer loop
vertex 8.483063 4.907995 0.000685
vertex 7.769114 4.907995 0.001690
vertex 7.769114 4.907995 -0.001690
endloop
endfacet
facet normal 0.000000 -1.000000 -0.000000
outer loop
vertex 8.483063 4.907995 0.000685
vertex 7.769114 4.907995 -0.001690
vertex 8.483063 4.907995 -0.000685
endloop
endfacet
facet normal -0.000000 -1.000000 0.000000
outer loop
vertex 9.197013 4.907995 0.000684
vertex 8.483063 4.907995 0.000685
vertex 8.483063 4.907995 -0.000685
endloop
endfacet
facet normal 0.000000 -1.000000 -0.000000
outer loop
vertex 9.197013 4.907995 0.000684
vertex 8.483063 4.907995 -0.000685
vertex 9.197013 4.907995 -0.000684
endloop
endfacet
facet normal 0.999768 -0.021553 0.000000
outer loop
vertex 9.210239 5.521495 0.135268
vertex 9.197013 4.907995 0.000684
vertex 9.197013 4.907995 -0.000684
endloop
endfacet
facet normal 0.999768 -0.021553 0.000000
outer loop
vertex 9.210239 5.521495 0.135268
vertex 9.197013 4.907995 -0.000684
vertex 9.210239 5.521495 -0.135268
endloop
endfacet
facet normal 0.000000 -1.000000 0.000000
outer loop
vertex 17.428665 4.907995 2.101648
vertex 17.056950 4.907995 1.492097
vertex 17.056950 4.907995 -1.492097
endloop
endfacet
facet normal 0.000000 -1.000000 -0.000000
outer loop
vertex 17.428665 4.907995 2.101648
vertex 17.056950 4.907995 -1.492097
vertex 17.428665 4.907995 -2.101648
endloop
endfacet
facet normal -0.871558 -0.490293 0.000000
outer loop
vertex 17.056950 4.907995 1.492097
vertex 16.711827 5.521495 1.408018
vertex 16.711827 5.521495 -1.408018
endloop
endfacet
facet normal -0.871558 -0.490293 -0.000000
outer loop
vertex 17.056950 4.907995 1.492097
vertex 16.711827 5.521495 -1.408018
vertex 17.056950 4.907995 -1.492097
endloop
endfacet
facet normal 0.999998 -0.002022 0.000000
outer loop
vertex 24.005717 5.521495 0.044293
vertex 24.004476 4.907995 0.025862
vertex 24.004476 4.907995 -0.025862
endloop
endfacet
facet normal 0.999998 -0.002022 0.000000
outer loop
vertex 24.005717 5.521495 0.044293
vertex 24.004476 4.907995 -0.025862
vertex 24.005717 5.521495 -0.044293
endloop
endfacet
facet normal 0.000000 -1.000000 0.000000
outer loop
vertex 1.438938 5.521495 0.104648
vertex 0.723193 5.521495 0.001118
vertex 0.723193 5.521495 -0.001118
endloop
endfacet
facet normal 0.000000 -1.000000 -0.000000
outer loop
vertex 1.438938 5.521495 0.104648
vertex 0.723193 5.521495 -0.001118
vertex 1.438938 5.521495 -0.104648
endloop
endfacet
facet normal -0.999692 -0.024798 0.000000
outer loop
vertex 0.723193 5.521495 0.001118
vertex 0.707975 6.134994 0.125985
vertex 0.707975 6.134994 -0.125985
endloop
endfacet
facet normal -0.999692 -0.024798 -0.000000
outer loop
vertex 0.723193 5.521495 0.001118
vertex 0.707975 6.134994 -0.125985
vertex 0.723193 5.521495 -0.001118
endloop
endfacet
facet normal 0.000000 -1.000000 0.000000
outer loop
vertex 2.025252 5.521495 0.528021
vertex 1.438938 5.521495 0.104648
vertex 1.438938 5.521495 -0.104648
endloop
endfacet
facet normal 0.000000 -1.000000 -0.000000
outer loop
vertex 2.025252 5.521495 0.528021
vertex 1.438938 5.521495 -0.104648
vertex 2.025252 5.521495 -0.528021
endloop
endfacet
facet normal -0.000000 -1.000000 0.000000
outer loop
vertex 9.925048 5.521495 0.025464
vertex 9.210239 5.521495 0.135268
vertex 9.210239 5.521495 -0.135268
endloop
endfacet
facet normal 0.000000 -1.000000 -0.000000
outer loop
vertex 9.925048 5.521495 0.025464
vertex 9.210239 5.521495 -0.135268
vertex 9.925048 5.521495 -0.025464
endloop
endfacet
facet normal -0.000000 -1.000000 0.000000
outer loop
vertex 10.648159 5.521495 0.014526
vertex 9.925048 5.521495 0.025464
vertex 9.925048 5.521495 -0.025464
endloop
endfacet
facet normal 0.000000 -1.000000 -0.000000
outer loop
vertex 10.648159 5.521495 0.014526
vertex 9.925048 5.521495 -0.025464
vertex 10.648159 5.521495 -0.014526
endloop
endfacet
facet normal -0.000000 -1.000000 0.000000
outer loop
vertex 11.371353 5.521495 0.014471
vertex 10.648159 5.521495 0.014526
vertex 10.648159 5.521495 -0.014526
endloop
endfacet
facet normal 0.000000 -1.000000 -0.000000
outer loop
vertex 11.371353 5.521495 0.014471
vertex 10.648159 5.521495 -0.014526
vertex 11.371353 5.521495 -0.014471
endloop
endfacet
facet normal 0.000000 -1.000000 0.000000
outer loop
vertex 12.094547 5.521495 0.014524
vertex 11.371353 5.521495 0.014471
vertex 11.371353 5.521495 -0.014471
endloop
endfacet
facet normal 0.000000 -1.000000 -0.000000
outer loop
vertex 12.094547 5.521495 0.014524
vertex 11.371353 5.521495 -0.014471
vertex 12.094547 5.521495 -0.014524
endloop
endfacet
facet normal 0.000000 -1.000000 0.000000
outer loop
vertex 12.817740 5.521495 0.015852
vertex 12.094547 5.521495 0.014524
vertex 12.094547 5.521495 -0.014524
endloop
endfacet
facet normal 0.000000 -1.000000 -0.000000
outer loop
vertex 12.817740 5.521495 0.015852
vertex 12.094547 5.521495 -0.014524
vertex 12.817740 5.521495 -0.015852
endloop
endfacet
facet normal 0.000000 -1.000000 0.000000
outer loop
vertex 13.540222 5.521495 0.047935
vertex 12.817740 5.521495 0.015852
vertex 12.817740 5.521495 -0.015852
endloop
endfacet
facet normal 0.000000 -1.000000 -0.000000
outer loop
vertex 13.540222 5.521495 0.047935
vertex 12.817740 5.521495 -0.015852
vertex 13.540222 5.521495 -0.047935
endloop
endfacet
facet normal 0.000000 -1.000000 0.000000
outer loop
vertex 14.252906 5.521495 0.170777
vertex 13.540222 5.521495 0.047935
vertex 13.540222 5.521495 -0.047935
endloop
endfacet
facet normal 0.000000 -1.000000 -0.000000
outer loop
vertex 14.252906 5.521495 0.170777
vertex 13.540222 5.521495 -0.047935
vertex 14.252906 5.521495 -0.170777
endloop
endfacet
facet normal 0.000000 -1.000000 0.000000
outer loop
vertex 14.963678 5.521495 0.304244
vertex 14.252906 5.521495 0.170777
vertex 14.252906 5.521495 -0.170777
endloop
endfacet
facet normal 0.000000 -1.000000 -0.000000
outer loop
vertex 14.963678 5.521495 0.304244
vertex 14.252906 5.521495 -0.170777
vertex 14.963678 5.521495 -0.304244
endloop
endfacet
facet normal 0.000000 -1.000000 0.000000
outer loop
vertex 15.678254 5.521495 0.415554
vertex 14.963678 5.521495 0.304244
vertex 14.963678 5.521495 -0.304244
endloop
endfacet
facet normal 0.000000 -1.000000 -0.000000
outer loop
vertex 15.678254 5.521495 0.415554
vertex 14.963678 5.521495 -0.304244
vertex 15.678254 5.521495 -0.415554
endloop
endfacet
facet normal 0.000000 -1.000000 0.000000
outer loop
vertex 16.263238 5.521495 0.840764
vertex 15.678254 5.521495 0.415554
vertex 15.678254 5.521495 -0.415554
endloop
endfacet
facet normal 0.000000 -1.000000 -0.000000
outer loop
vertex 16.263238 5.521495 0.840764
vertex 15.678254 5.521495 -0.415554
vertex 16.263238 5.521495 -0.840764
endloop
endfacet
facet normal 0.000000 -1.000000 0.000000
outer loop
vertex 16.711827 5.521495 1.408018
vertex 16.263238 5.521495 0.840764
vertex 16.263238 5.521495 -0.840764
endloop
endfacet
facet normal 0.000000 -1.000000 -0.000000
outer loop
vertex 16.711827 5.521495 1.408018
vertex 16.263238 5.521495 -0.840764
vertex 16.711827 5.521495 -1.408018
endloop
endfacet
facet normal 0.999714 -0.023920 0.000000
outer loop
vertex 24.020396 6.134994 0.016240
vertex 24.005717 5.521495 0.044293
vertex 24.005717 5.521495 -0.044293
endloop
endfacet
facet normal 0.999714 -0.023920 0.000000
outer loop
vertex 24.020396 6.134994 0.016240
vertex 24.005717 5.521495 -0.044293
vertex 24.020396 6.134994 -0.016240
endloop
endfacet
facet normal 0.000000 -1.000000 -0.000000
outer loop
vertex 0.707975 6.134994 0.125985
vertex 0.000000 6.134994 0.000000
vertex 0.707975 6.134994 -0.125985
endloop
endfacet
facet normal -1.000000 0.000000 0.000000
outer loop
vertex 0.000000 6.134994 0.000000
vertex 0.000000 6.748493 0.050219
vertex 0.000000 6.748493 -0.050219
endloop
endfacet
facet normal 0.999365 -0.035628 0.000000
outer loop
vertex 24.042268 6.748493 0.013423
vertex 24.020396 6.134994 0.016240
vertex 24.020396 6.134994 -0.016240
endloop
endfacet
facet normal 0.999365 -0.035628 0.000000
outer loop
vertex 24.042268 6.748493 0.013423
vertex 24.020396 6.134994 -0.016240
vertex 24.042268 6.748493 -0.013423
endloop
endfacet
facet normal -1.000000 0.000000 0.000000
outer loop
vertex 0.000000 6.748493 0.050219
vertex 0.000000 7.361993 0.699417
vertex 0.000000 7.361993 -0.699417
endloop
endfacet
facet normal -1.000000 0.000000 0.000000
outer loop
vertex 0.000000 6.748493 0.050219
vertex 0.000000 7.361993 -0.699417
vertex 0.000000 6.748493 -0.050219
endloop
endfacet
facet normal 0.999390 -0.034931 0.000000
outer loop
vertex 24.063711 7.361993 0.017931
vertex 24.042268 6.748493 0.013423
vertex 24.042268 6.748493 -0.013423
endloop
endfacet
facet normal 0.999390 -0.034931 0.000000
outer loop
vertex 24.063711 7.361993 0.017931
vertex 24.042268 6.748493 -0.013423
vertex 24.063711 7.361993 -0.017931
endloop
endfacet
facet normal -1.000000 0.000000 0.000000
outer loop
vertex 0.000000 7.361993 0.699417
vertex 0.000000 7.975492 1.018483
vertex 0.000000 7.975492 -1.018483
endloop
endfacet
facet normal -1.000000 0.000000 0.000000
outer loop
vertex 0.000000 7.361993 0.699417
vertex 0.000000 7.975492 -1.018483
vertex 0.000000 7.361993 -0.699417
endloop
endfacet
facet normal 0.997899 -0.064789 0.000000
outer loop
vertex 24.103543 7.975492 0.044754
vertex 24.063711 7.361993 0.017931
vertex 24.063711 7.361993 -0.017931
endloop
endfacet
facet normal 0.997899 -0.064789 0.000000
outer loop
vertex 24.103543 7.975492 0.044754
vertex 24.063711 7.361993 -0.017931
vertex 24.103543 7.975492 -0.044754
endloop
endfacet
facet normal 0.000000 1.000000 0.000000
outer loop
vertex 23.451217 7.975492 0.410852
vertex 24.103543 7.975492 0.044754
vertex 24.103543 7.975492 -0.044754
endloop
endfacet
facet normal 0.000000 1.000000 0.000000
outer loop
vertex 23.451217 7.975492 0.410852
vertex 24.103543 7.975492 -0.044754
vertex 23.451217 7.975492 -0.410852
endloop
endfacet
facet normal -1.000000 0.000000 0.000000
outer loop
vertex 0.000000 7.975492 1.018483
vertex 0.000000 8.588992 0.881801
vertex 0.000000 8.588992 -0.881801
endloop
endfacet
facet normal -1.000000 0.000000 0.000000
outer loop
vertex 0.000000 7.975492 1.018483
vertex 0.000000 8.588992 -0.881801
vertex 0.000000 7.975492 -1.018483
endloop
endfacet
facet normal 0.000000 1.000000 0.000000
outer loop
vertex 21.473594 8.588992 0.935959
vertex 21.893727 8.588992 0.296567
vertex 21.893727 8.588992 -0.296567
endloop
endfacet
facet normal 0.000000 1.000000 0.000000
outer loop
vertex 21.473594 8.588992 0.935959
vertex 21.893727 8.588992 -0.296567
vertex 21.473594 8.588992 -0.935959
endloop
endfacet
facet normal 0.000000 -1.000000 0.000000
outer loop
vertex 21.893727 8.588992 0.296567
vertex 22.591739 8.588992 -0.016665
vertex 22.591739 8.588992 0.016665
endloop
endfacet
facet normal 0.000000 1.000000 0.000000
outer loop
vertex 21.893727 8.588992 0.296567
vertex 22.591739 8.588992 0.016665
vertex 21.893727 8.588992 -0.296567
endloop
endfacet
facet normal 0.988360 0.152135 0.000000
outer loop
vertex 23.356783 8.588992 -0.023090
vertex 23.451217 7.975492 0.410852
vertex 23.451217 7.975492 -0.410852
endloop
endfacet
facet normal -0.988360 -0.152135 0.000000
outer loop
vertex 23.356783 8.588992 -0.023090
vertex 23.451217 7.975492 -0.410852
vertex 23.356783 8.588992 0.023090
endloop
endfacet
facet normal 0.000000 -1.000000 0.000000
outer loop
vertex 22.591739 8.588992 -0.016665
vertex 23.356783 8.588992 -0.023090
vertex 23.356783 8.588992 0.023090
endloop
endfacet
facet normal 0.000000 -1.000000 0.000000
outer loop
vertex 22.591739 8.588992 -0.016665
vertex 23.356783 8.588992 0.023090
vertex 22.591739 8.588992 0.016665
endloop
endfacet
facet normal -1.000000 0.000000 0.000000
outer loop
vertex 0.000000 8.588992 0.881801
vertex 0.000000 9.202491 0.413734
vertex 0.000000 9.202491 -0.413734
endloop
endfacet
facet normal -1.000000 0.000000 0.000000
outer loop
vertex 0.000000 8.588992 0.881801
vertex 0.000000 9.202491 -0.413734
vertex 0.000000 8.588992 -0.881801
endloop
endfacet
facet normal 0.988312 0.152442 0.000000
outer loop
vertex 21.378965 9.202491 0.499409
vertex 21.473594 8.588992 0.935959
vertex 21.473594 8.588992 -0.935959
endloop
endfacet
facet normal 0.988312 0.152442 0.000000
outer loop
vertex 21.378965 9.202491 0.499409
vertex 21.473594 8.588992 -0.935959
vertex 21.378965 9.202491 -0.499409
endloop
endfacet
facet normal -0.661008 0.750379 0.000000
outer loop
vertex 0.000000 9.202491 0.413734
vertex 0.696447 9.815990 0.431802
vertex 0.696447 9.815990 -0.431802
endloop
endfacet
facet normal -0.661008 0.750379 0.000000
outer loop
vertex 0.000000 9.202491 0.413734
vertex 0.696447 9.815990 -0.431802
vertex 0.000000 9.202491 -0.413734
endloop
endfacet
facet normal 0.932709 0.360629 0.000000
outer loop
vertex 21.141757 9.815990 0.225880
vertex 21.378965 9.202491 0.499409
vertex 21.378965 9.202491 -0.499409
endloop
endfacet
facet normal 0.932709 0.360629 0.000000
outer loop
vertex 21.141757 9.815990 0.225880
vertex 21.378965 9.202491 -0.499409
vertex 21.141757 9.815990 -0.225880
endloop
endfacet
facet normal 0.000000 1.000000 0.000000
outer loop
vertex 20.720687 9.815990 0.926961
vertex 21.141757 9.815990 0.225880
vertex 21.141757 9.815990 -0.225880
endloop
endfacet
facet normal 0.000000 1.000000 0.000000
outer loop
vertex 20.720687 9.815990 0.926961
vertex 21.141757 9.815990 -0.225880
vertex 20.720687 9.815990 -0.926961
endloop
endfacet
facet normal -0.992413 0.122945 0.000000
outer loop
vertex 0.696447 9.815990 0.431802
vertex 0.772451 10.429490 0.299623
vertex 0.772451 10.429490 -0.299623
endloop
endfacet
facet normal -0.992413 0.122945 0.000000
outer loop
vertex 0.696447 9.815990 0.431802
vertex 0.772451 10.429490 -0.299623
vertex 0.696447 9.815990 -0.431802
endloop
endfacet
facet normal 0.780995 0.624537 0.000000
outer loop
vertex 20.230091 10.429490 0.406970
vertex 20.720687 9.815990 0.926961
vertex 20.720687 9.815990 -0.926961
endloop
endfacet
facet normal 0.780995 0.624537 0.000000
outer loop
vertex 20.230091 10.429490 0.406970
vertex 20.720687 9.815990 -0.926961
vertex 20.230091 10.429490 -0.406970
endloop
endfacet
facet normal 0.000000 1.000000 0.000000
outer loop
vertex 19.838218 10.429490 1.096955
vertex 20.230091 10.429490 0.406970
vertex 20.230091 10.429490 -0.406970
endloop
endfacet
facet normal 0.000000 1.000000 0.000000
outer loop
vertex 19.838218 10.429490 1.096955
vertex 20.230091 10.429490 -0.406970
vertex 19.838218 10.429490 -1.096955
endloop
endfacet
facet normal -0.999949 -0.010109 0.000000
outer loop
vertex 0.772451 10.429490 0.299623
vertex 0.766249 11.042989 0.159101
vertex 0.766249 11.042989 -0.159101
endloop
endfacet
facet normal -0.999949 -0.010109 -0.000000
outer loop
vertex 0.772451 10.429490 0.299623
vertex 0.766249 11.042989 -0.159101
vertex 0.772451 10.429490 -0.299623
endloop
endfacet
facet normal 0.992942 0.118598 0.000000
outer loop
vertex 19.764941 11.042989 0.714522
vertex 19.838218 10.429490 1.096955
vertex 19.838218 10.429490 -1.096955
endloop
endfacet
facet normal 0.992942 0.118598 0.000000
outer loop
vertex 19.764941 11.042989 0.714522
vertex 19.838218 10.429490 -1.096955
vertex 19.764941 11.042989 -0.714522
endloop
endfacet
facet normal 0.000000 1.000000 0.000000
outer loop
vertex 19.460632 11.042989 1.435252
vertex 19.764941 11.042989 0.714522
vertex 19.764941 11.042989 -0.714522
endloop
endfacet
facet normal 0.000000 1.000000 0.000000
outer loop
vertex 19.460632 11.042989 1.435252
vertex 19.764941 11.042989 -0.714522
vertex 19.460632 11.042989 -1.435252
endloop
endfacet
facet normal -0.709705 0.704499 0.000000
outer loop
vertex 0.766249 11.042989 0.159101
vertex 1.375248 11.656489 0.463480
vertex 1.375248 11.656489 -0.463480
endloop
endfacet
facet normal -0.709705 0.704499 0.000000
outer loop
vertex 0.766249 11.042989 0.159101
vertex 1.375248 11.656489 -0.463480
vertex 0.766249 11.042989 -0.159101
endloop
endfacet
facet normal 0.994003 0.109357 0.000000
outer loop
vertex 19.393137 11.656489 1.136509
vertex 19.460632 11.042989 1.435252
vertex 19.460632 11.042989 -1.435252
endloop
endfacet
facet normal 0.994003 0.109357 0.000000
outer loop
vertex 19.393137 11.656489 1.136509
vertex 19.460632 11.042989 -1.435252
vertex 19.393137 11.656489 -1.136509
endloop
endfacet
facet normal -0.989137 0.146998 0.000000
outer loop
vertex 1.375248 11.656489 0.463480
vertex 1.466421 12.269988 0.248466
vertex 1.466421 12.269988 -0.248466
endloop
endfacet
facet normal -0.989137 0.146998 0.000000
outer loop
vertex 1.375248 11.656489 0.463480
vertex 1.466421 12.269988 -0.248466
vertex 1.375248 11.656489 -0.463480
endloop
endfacet
facet normal 0.919854 0.392262 0.000000
outer loop
vertex 19.131517 12.269988 0.813873
vertex 19.393137 11.656489 1.136509
vertex 19.393137 11.656489 -1.136509
endloop
endfacet
facet normal 0.919854 0.392262 0.000000
outer loop
vertex 19.131517 12.269988 0.813873
vertex 19.393137 11.656489 -1.136509
vertex 19.131517 12.269988 -0.813873
endloop
endfacet
facet normal -0.743910 0.668280 0.000000
outer loop
vertex 1.466421 12.269988 0.248466
vertex 2.017549 12.883487 0.587476
vertex 2.017549 12.883487 -0.587476
endloop
endfacet
facet normal -0.743910 0.668280 0.000000
outer loop
vertex 1.466421 12.269988 0.248466
vertex 2.017549 12.883487 -0.587476
vertex 1.466421 12.269988 -0.248466
endloop
endfacet
facet normal 0.971681 0.236295 0.000000
outer loop
vertex 18.982325 12.883487 0.464172
vertex 19.131517 12.269988 0.813873
vertex 19.131517 12.269988 -0.813873
endloop
endfacet
facet normal 0.971681 0.236295 0.000000
outer loop
vertex 18.982325 12.883487 0.464172
vertex 19.131517 12.269988 -0.813873
vertex 18.982325 12.883487 -0.464172
endloop
endfacet
facet normal 0.000000 1.000000 0.000000
outer loop
vertex 18.655145 12.883487 1.126883
vertex 18.982325 12.883487 0.464172
vertex 18.982325 12.883487 -0.464172
endloop
endfacet
facet normal 0.000000 1.000000 0.000000
outer loop
vertex 18.655145 12.883487 1.126883
vertex 18.982325 12.883487 -0.464172
vertex 18.655145 12.883487 -1.126883
endloop
endfacet
facet normal -0.981184 0.193076 0.000000
outer loop
vertex 2.017549 12.883487 0.587476
vertex 2.138273 13.496987 0.508347
vertex 2.138273 13.496987 -0.508347
endloop
endfacet
facet normal -0.981184 0.193076 0.000000
outer loop
vertex 2.017549 12.883487 0.587476
vertex 2.138273 13.496987 -0.508347
vertex 2.017549 12.883487 -0.587476
endloop
endfacet
facet normal 0.868740 0.495268 0.000000
outer loop
vertex 18.305390 13.496987 0.997511
vertex 18.655145 12.883487 1.126883
vertex 18.655145 12.883487 -1.126883
endloop
endfacet
facet normal 0.868740 0.495268 0.000000
outer loop
vertex 18.305390 13.496987 0.997511
vertex 18.655145 12.883487 -1.126883
vertex 18.305390 13.496987 -0.997511
endloop
endfacet
facet normal 0.000000 1.000000 0.000000
outer loop
vertex 18.015234 13.496987 1.716816
vertex 18.305390 13.496987 0.997511
vertex 18.305390 13.496987 -0.997511
endloop
endfacet
facet normal 0.000000 1.000000 0.000000
outer loop
vertex 18.015234 13.496987 1.716816
vertex 18.305390 13.496987 -0.997511
vertex 18.015234 13.496987 -1.716816
endloop
endfacet
facet normal -1.000000 -0.000525 0.000000
outer loop
vertex 2.138273 13.496987 0.508347
vertex 2.137951 14.110486 0.508639
vertex 2.137951 14.110486 -0.508639
endloop
endfacet
facet normal -1.000000 -0.000525 -0.000000
outer loop
vertex 2.138273 13.496987 0.508347
vertex 2.137951 14.110486 -0.508639
vertex 2.138273 13.496987 -0.508347
endloop
endfacet
facet normal 0.932341 -0.361580 0.000000
outer loop
vertex 5.430820 14.110486 0.519479
vertex 5.192893 13.496987 1.374445
vertex 5.192893 13.496987 -1.374445
endloop
endfacet
facet normal 0.932341 -0.361580 0.000000
outer loop
vertex 5.430820 14.110486 0.519479
vertex 5.192893 13.496987 -1.374445
vertex 5.430820 14.110486 -0.519479
endloop
endfacet
facet normal 0.000000 1.000000 0.000000
outer loop
vertex 5.046188 14.110486 1.191421
vertex 5.430820 14.110486 0.519479
vertex 5.430820 14.110486 -0.519479
endloop
endfacet
facet normal 0.000000 1.000000 0.000000
outer loop
vertex 5.046188 14.110486 1.191421
vertex 5.430820 14.110486 -0.519479
vertex 5.046188 14.110486 -1.191421
endloop
endfacet
facet normal -0.593838 0.804585 0.000000
outer loop
vertex 5.192893 13.496987 1.374445
vertex 6.024116 14.110486 0.022038
vertex 6.024116 14.110486 -0.022038
endloop
endfacet
facet normal -0.593838 0.804585 0.000000
outer loop
vertex 5.192893 13.496987 1.374445
vertex 6.024116 14.110486 -0.022038
vertex 5.192893 13.496987 -1.374445
endloop
endfacet
facet normal 0.999898 0.014293 0.000000
outer loop
vertex 18.006464 14.110486 1.507688
vertex 18.015234 13.496987 1.716816
vertex 18.015234 13.496987 -1.716816
endloop
endfacet
facet normal 0.999898 0.014293 0.000000
outer loop
vertex 18.006464 14.110486 1.507688
vertex 18.015234 13.496987 -1.716816
vertex 18.006464 14.110486 -1.507688
endloop
endfacet
facet normal 0.000000 -1.000000 0.000000
outer loop
vertex 2.137951 14.110486 0.508639
vertex 1.548452 14.110486 0.006703
vertex 1.548452 14.110486 -0.006703
endloop
endfacet
facet normal 0.000000 -1.000000 -0.000000
outer loop
vertex 2.137951 14.110486 0.508639
vertex 1.548452 14.110486 -0.006703
vertex 2.137951 14.110486 -0.508639
endloop
endfacet
facet normal -0.992994 -0.118164 0.000000
outer loop
vertex 1.548452 14.110486 0.006703
vertex 1.475447 14.723986 0.280100
vertex 1.475447 14.723986 -0.280100
endloop
endfacet
facet normal -0.992994 -0.118164 -0.000000
outer loop
vertex 1.548452 14.110486 0.006703
vertex 1.475447 14.723986 -0.280100
vertex 1.548452 14.110486 -0.006703
endloop
endfacet
facet normal 0.955824 0.293940 0.000000
outer loop
vertex 4.857521 14.723986 0.581644
vertex 5.046188 14.110486 1.191421
vertex 5.046188 14.110486 -1.191421
endloop
endfacet
facet normal 0.955824 0.293940 0.000000
outer loop
vertex 4.857521 14.723986 0.581644
vertex 5.046188 14.110486 -1.191421
vertex 4.857521 14.723986 -0.581644
endloop
endfacet
facet normal 0.000000 1.000000 0.000000
outer loop
vertex 4.547126 14.723986 1.280060
vertex 4.857521 14.723986 0.581644
vertex 4.857521 14.723986 -0.581644
endloop
endfacet
facet normal 0.000000 1.000000 0.000000
outer loop
vertex 4.547126 14.723986 1.280060
vertex 4.857521 14.723986 -0.581644
vertex 4.547126 14.723986 -1.280060
endloop
endfacet
facet normal 0.557786 -0.829985 0.000000
outer loop
vertex 6.024116 14.110486 0.022038
vertex 6.937002 14.723986 -0.036168
vertex 6.937002 14.723986 0.036168
endloop
endfacet
facet normal -0.557786 0.829985 0.000000
outer loop
vertex 6.024116 14.110486 0.022038
vertex 6.937002 14.723986 0.036168
vertex 6.024116 14.110486 -0.022038
endloop
endfacet
facet normal 0.000000 1.000000 0.000000
outer loop
vertex 6.937002 14.723986 -0.036168
vertex 7.698663 14.723986 0.027106
vertex 7.698663 14.723986 -0.027106
endloop
endfacet
facet normal 0.000000 -1.000000 0.000000
outer loop
vertex 6.937002 14.723986 -0.036168
vertex 7.698663 14.723986 -0.027106
vertex 6.937002 14.723986 0.036168
endloop
endfacet
facet normal 0.000000 -1.000000 0.000000
outer loop
vertex 12.747284 14.723986 0.172132
vertex 13.489436 14.723986 -0.010464
vertex 13.489436 14.723986 0.010464
endloop
endfacet
facet normal 0.000000 1.000000 0.000000
outer loop
vertex 12.747284 14.723986 0.172132
vertex 13.489436 14.723986 0.010464
vertex 12.747284 14.723986 -0.172132
endloop
endfacet
facet normal -0.000000 1.000000 0.000000
outer loop
vertex 13.489436 14.723986 -0.010464
vertex 14.251229 14.723986 0.051197
vertex 14.251229 14.723986 -0.051197
endloop
endfacet
facet normal 0.000000 -1.000000 0.000000
outer loop
vertex 13.489436 14.723986 -0.010464
vertex 14.251229 14.723986 -0.051197
vertex 13.489436 14.723986 0.010464
endloop
endfacet
facet normal -0.000000 1.000000 0.000000
outer loop
vertex 14.251229 14.723986 0.051197
vertex 14.628857 14.723986 0.715672
vertex 14.628857 14.723986 -0.715672
endloop
endfacet
facet normal 0.000000 1.000000 0.000000
outer loop
vertex 14.251229 14.723986 0.051197
vertex 14.628857 14.723986 -0.715672
vertex 14.251229 14.723986 -0.051197
endloop
endfacet
facet normal 0.979137 0.203203 0.000000
outer loop
vertex 17.879143 14.723986 1.256709
vertex 18.006464 14.110486 1.507688
vertex 18.006464 14.110486 -1.507688
endloop
endfacet
facet normal 0.979137 0.203203 0.000000
outer loop
vertex 17.879143 14.723986 1.256709
vertex 18.006464 14.110486 -1.507688
vertex 17.879143 14.723986 -1.256709
endloop
endfacet
facet normal -0.999688 -0.024994 0.000000
outer loop
vertex 1.475447 14.723986 0.280100
vertex 1.460108 15.337485 0.290534
vertex 1.460108 15.337485 -0.290534
endloop
endfacet
facet normal -0.999688 -0.024994 -0.000000
outer loop
vertex 1.475447 14.723986 0.280100
vertex 1.460108 15.337485 -0.290534
vertex 1.475447 14.723986 -0.280100
endloop
endfacet
facet normal 0.909948 0.414722 0.000000
outer loop
vertex 4.267515 15.337485 1.178975
vertex 4.547126 14.723986 1.280060
vertex 4.547126 14.723986 -1.280060
endloop
endfacet
facet normal 0.909948 0.414722 0.000000
outer loop
vertex 4.267515 15.337485 1.178975
vertex 4.547126 14.723986 -1.280060
vertex 4.267515 15.337485 -1.178975
endloop
endfacet
facet normal -0.726342 0.687334 0.000000
outer loop
vertex 7.698663 14.723986 0.027106
vertex 8.279214 15.337485 0.041508
vertex 8.279214 15.337485 -0.041508
endloop
endfacet
facet normal -0.726342 0.687334 0.000000
outer loop
vertex 7.698663 14.723986 0.027106
vertex 8.279214 15.337485 -0.041508
vertex 7.698663 14.723986 -0.027106
endloop
endfacet
facet normal -0.000000 1.000000 0.000000
outer loop
vertex 8.279214 15.337485 0.041508
vertex 9.037697 15.337485 0.041509
vertex 9.037697 15.337485 -0.041509
endloop
endfacet
facet normal 0.000000 1.000000 0.000000
outer loop
vertex 8.279214 15.337485 0.041508
vertex 9.037697 15.337485 -0.041509
vertex 8.279214 15.337485 -0.041508
endloop
endfacet
facet normal -0.000000 1.000000 0.000000
outer loop
vertex 9.037697 15.337485 0.041509
vertex 9.796180 15.337485 0.041601
vertex 9.796180 15.337485 -0.041601
endloop
endfacet
facet normal 0.000000 1.000000 0.000000
outer loop
vertex 9.037697 15.337485 0.041509
vertex 9.796180 15.337485 -0.041601
vertex 9.037697 15.337485 -0.041509
endloop
endfacet
facet normal -0.000000 1.000000 0.000000
outer loop
vertex 9.796180 15.337485 0.041601
vertex 10.554663 15.337485 0.041625
vertex 10.554663 15.337485 -0.041625
endloop
endfacet
facet normal 0.000000 1.000000 0.000000
outer loop
vertex 9.796180 15.337485 0.041601
vertex 10.554663 15.337485 -0.041625
vertex 9.796180 15.337485 -0.041601
endloop
endfacet
facet normal 0.000000 1.000000 0.000000
outer loop
vertex 10.554663 15.337485 0.041625
vertex 11.313145 15.337485 0.041538
vertex 11.313145 15.337485 -0.041538
endloop
endfacet
facet normal 0.000000 1.000000 0.000000
outer loop
vertex 10.554663 15.337485 0.041625
vertex 11.313145 15.337485 -0.041538
vertex 10.554663 15.337485 -0.041625
endloop
endfacet
facet normal 0.000000 1.000000 0.000000
outer loop
vertex 11.313145 15.337485 0.041538
vertex 12.071628 15.337485 0.041508
vertex 12.071628 15.337485 -0.041508
endloop
endfacet
facet normal 0.000000 1.000000 0.000000
outer loop
vertex 11.313145 15.337485 0.041538
vertex 12.071628 15.337485 -0.041508
vertex 11.313145 15.337485 -0.041538
endloop
endfacet
facet normal 0.991009 -0.133794 0.000000
outer loop
vertex 12.830111 15.337485 0.041508
vertex 12.747284 14.723986 0.172132
vertex 12.747284 14.723986 -0.172132
endloop
endfacet
facet normal 0.991009 -0.133794 0.000000
outer loop
vertex 12.830111 15.337485 0.041508
vertex 12.747284 14.723986 -0.172132
vertex 12.830111 15.337485 -0.041508
endloop
endfacet
facet normal 0.000000 1.000000 0.000000
outer loop
vertex 12.071628 15.337485 0.041508
vertex 12.830111 15.337485 0.041508
vertex 12.830111 15.337485 -0.041508
endloop
endfacet
facet normal 0.000000 1.000000 0.000000
outer loop
vertex 12.071628 15.337485 0.041508
vertex 12.830111 15.337485 -0.041508
vertex 12.071628 15.337485 -0.041508
endloop
endfacet
facet normal -0.999577 0.029067 0.000000
outer loop
vertex 14.628857 14.723986 0.715672
vertex 14.646697 15.337485 0.958501
vertex 14.646697 15.337485 -0.958501
endloop
endfacet
facet normal -0.999577 0.029067 0.000000
outer loop
vertex 14.628857 14.723986 0.715672
vertex 14.646697 15.337485 -0.958501
vertex 14.628857 14.723986 -0.715672
endloop
endfacet
facet normal 0.989517 0.144414 0.000000
outer loop
vertex 17.789606 15.337485 1.209435
vertex 17.879143 14.723986 1.256709
vertex 17.879143 14.723986 -1.256709
endloop
endfacet
facet normal 0.989517 0.144414 0.000000
outer loop
vertex 17.789606 15.337485 1.209435
vertex 17.879143 14.723986 -1.256709
vertex 17.789606 15.337485 -1.209435
endloop
endfacet
facet normal -0.976075 -0.217436 0.000000
outer loop
vertex 1.460108 15.337485 0.290534
vertex 1.323441 15.950984 0.522729
vertex 1.323441 15.950984 -0.522729
endloop
endfacet
facet normal -0.976075 -0.217436 -0.000000
outer loop
vertex 1.460108 15.337485 0.290534
vertex 1.323441 15.950984 -0.522729
vertex 1.460108 15.337485 -0.290534
endloop
endfacet
facet normal 0.957836 0.287315 0.000000
outer loop
vertex 4.083488 15.950984 0.644661
vertex 4.267515 15.337485 1.178975
vertex 4.267515 15.337485 -1.178975
endloop
endfacet
facet normal 0.957836 0.287315 0.000000
outer loop
vertex 4.083488 15.950984 0.644661
vertex 4.267515 15.337485 -1.178975
vertex 4.083488 15.950984 -0.644661
endloop
endfacet
facet normal 0.000000 1.000000 0.000000
outer loop
vertex 3.725146 15.950984 1.293471
vertex 4.083488 15.950984 0.644661
vertex 4.083488 15.950984 -0.644661
endloop
endfacet
facet normal 0.000000 1.000000 0.000000
outer loop
vertex 3.725146 15.950984 1.293471
vertex 4.083488 15.950984 -0.644661
vertex 3.725146 15.950984 -1.293471
endloop
endfacet
facet normal -0.966908 -0.255124 0.000000
outer loop
vertex 14.646697 15.337485 0.958501
vertex 14.484821 15.950984 0.751940
vertex 14.484821 15.950984 -0.751940
endloop
endfacet
facet normal -0.966908 -0.255124 -0.000000
outer loop
vertex 14.646697 15.337485 0.958501
vertex 14.484821 15.950984 -0.751940
vertex 14.646697 15.337485 -0.958501
endloop
endfacet
facet normal 0.986013 0.166666 0.000000
outer loop
vertex 17.685907 15.950984 0.821660
vertex 17.789606 15.337485 1.209435
vertex 17.789606 15.337485 -1.209435
endloop
endfacet
facet normal 0.986013 0.166666 0.000000
outer loop
vertex 17.685907 15.950984 0.821660
vertex 17.789606 15.337485 -1.209435
vertex 17.685907 15.950984 -0.821660
endloop
endfacet
facet normal 0.000000 1.000000 0.000000
outer loop
vertex 17.403669 15.950984 1.507011
vertex 17.685907 15.950984 0.821660
vertex 17.685907 15.950984 -0.821660
endloop
endfacet
facet normal 0.000000 1.000000 0.000000
outer loop
vertex 17.403669 15.950984 1.507011
vertex 17.685907 15.950984 -0.821660
vertex 17.403669 15.950984 -1.507011
endloop
endfacet
facet normal 0.000000 -1.000000 0.000000
outer loop
vertex 1.323441 15.950984 0.522729
vertex 0.738056 15.950984 0.068100
vertex 0.738056 15.950984 -0.068100
endloop
endfacet
facet normal 0.000000 -1.000000 -0.000000
outer loop
vertex 1.323441 15.950984 0.522729
vertex 0.738056 15.950984 -0.068100
vertex 1.323441 15.950984 -0.522729
endloop
endfacet
facet normal -0.999505 -0.031462 0.000000
outer loop
vertex 0.738056 15.950984 0.068100
vertex 0.718744 16.564484 0.101695
vertex 0.718744 16.564484 -0.101695
endloop
endfacet
facet normal -0.999505 -0.031462 -0.000000
outer loop
vertex 0.738056 15.950984 0.068100
vertex 0.718744 16.564484 -0.101695
vertex 0.738056 15.950984 -0.068100
endloop
endfacet
facet normal 0.892960 0.450136 0.000000
outer loop
vertex 3.415885 16.564484 0.896515
vertex 3.725146 15.950984 1.293471
vertex 3.725146 15.950984 -1.293471
endloop
endfacet
facet normal 0.892960 0.450136 0.000000
outer loop
vertex 3.415885 16.564484 0.896515
vertex 3.725146 15.950984 -1.293471
vertex 3.415885 16.564484 -0.896515
endloop
endfacet
facet normal 0.000000 1.000000 0.000000
outer loop
vertex 3.075828 16.564484 1.537840
vertex 3.415885 16.564484 0.896515
vertex 3.415885 16.564484 -0.896515
endloop
endfacet
facet normal 0.000000 1.000000 0.000000
outer loop
vertex 3.075828 16.564484 1.537840
vertex 3.415885 16.564484 -0.896515
vertex 3.075828 16.564484 -1.537840
endloop
endfacet
facet normal -0.929959 -0.367664 0.000000
outer loop
vertex 14.484821 15.950984 0.751940
vertex 14.242271 16.564484 0.705466
vertex 14.242271 16.564484 -0.705466
endloop
endfacet
facet normal -0.929959 -0.367664 -0.000000
outer loop
vertex 14.484821 15.950984 0.751940
vertex 14.242271 16.564484 -0.705466
vertex 14.484821 15.950984 -0.751940
endloop
endfacet
facet normal 0.990575 -0.136970 0.000000
outer loop
vertex 17.488499 16.564484 1.299496
vertex 17.403669 15.950984 1.507011
vertex 17.403669 15.950984 -1.507011
endloop
endfacet
facet normal 0.990575 -0.136970 0.000000
outer loop
vertex 17.488499 16.564484 1.299496
vertex 17.403669 15.950984 -1.507011
vertex 17.488499 16.564484 -1.299496
endloop
endfacet
facet normal -0.999949 0.010073 0.000000
outer loop
vertex 0.718744 16.564484 0.101695
vertex 0.724924 17.177983 0.092037
vertex 0.724924 17.177983 -0.092037
endloop
endfacet
facet normal -0.999949 0.010073 0.000000
outer loop
vertex 0.718744 16.564484 0.101695
vertex 0.724924 17.177983 -0.092037
vertex 0.718744 16.564484 -0.101695
endloop
endfacet
facet normal 0.999369 -0.035524 0.000000
outer loop
vertex 3.097635 17.177983 1.375032
vertex 3.075828 16.564484 1.537840
vertex 3.075828 16.564484 -1.537840
endloop
endfacet
facet normal 0.999369 -0.035524 0.000000
outer loop
vertex 3.097635 17.177983 1.375032
vertex 3.075828 16.564484 -1.537840
vertex 3.097635 17.177983 -1.375032
endloop
endfacet
facet normal -0.995502 0.094742 0.000000
outer loop
vertex 14.242271 16.564484 0.705466
vertex 14.300658 17.177983 0.846457
vertex 14.300658 17.177983 -0.846457
endloop
endfacet
facet normal -0.995502 0.094742 0.000000
outer loop
vertex 14.242271 16.564484 0.705466
vertex 14.300658 17.177983 -0.846457
vertex 14.242271 16.564484 -0.705466
endloop
endfacet
facet normal 0.999462 0.032789 0.000000
outer loop
vertex 17.468372 17.177983 1.427576
vertex 17.488499 16.564484 1.299496
vertex 17.488499 16.564484 -1.299496
endloop
endfacet
facet normal 0.999462 0.032789 0.000000
outer loop
vertex 17.468372 17.177983 1.427576
vertex 17.488499 16.564484 -1.299496
vertex 17.468372 17.177983 -1.427576
endloop
endfacet
facet normal -0.706175 0.708038 0.000000
outer loop
vertex 0.724924 17.177983 0.092037
vertex 1.340042 17.791483 0.427592
vertex 1.340042 17.791483 -0.427592
endloop
endfacet
facet normal -0.706175 0.708038 0.000000
outer loop
vertex 0.724924 17.177983 0.092037
vertex 1.340042 17.791483 -0.427592
vertex 0.724924 17.177983 -0.092037
endloop
endfacet
facet normal 0.999525 -0.030816 0.000000
outer loop
vertex 3.116550 17.791483 1.369306
vertex 3.097635 17.177983 1.375032
vertex 3.097635 17.177983 -1.375032
endloop
endfacet
facet normal 0.999525 -0.030816 0.000000
outer loop
vertex 3.116550 17.791483 1.369306
vertex 3.097635 17.177983 -1.375032
vertex 3.116550 17.791483 -1.369306
endloop
endfacet
facet normal -0.997839 0.065707 0.000000
outer loop
vertex 14.300658 17.177983 0.846457
vertex 14.341057 17.791483 0.973822
vertex 14.341057 17.791483 -0.973822
endloop
endfacet
facet normal -0.997839 0.065707 0.000000
outer loop
vertex 14.300658 17.177983 0.846457
vertex 14.341057 17.791483 -0.973822
vertex 14.300658 17.177983 -0.846457
endloop
endfacet
facet normal 0.965904 0.258901 0.000000
outer loop
vertex 17.303930 17.791483 1.107309
vertex 17.468372 17.177983 1.427576
vertex 17.468372 17.177983 -1.427576
endloop
endfacet
facet normal 0.965904 0.258901 0.000000
outer loop
vertex 17.303930 17.791483 1.107309
vertex 17.468372 17.177983 -1.427576
vertex 17.303930 17.791483 -1.107309
endloop
endfacet
facet normal -0.999446 -0.033287 0.000000
outer loop
vertex 1.340042 17.791483 0.427592
vertex 1.319609 18.404982 0.325480
vertex 1.319609 18.404982 -0.325480
endloop
endfacet
facet normal -0.999446 -0.033287 -0.000000
outer loop
vertex 1.340042 17.791483 0.427592
vertex 1.319609 18.404982 -0.325480
vertex 1.340042 17.791483 -0.427592
endloop
endfacet
facet normal 0.977274 0.211981 0.000000
outer loop
vertex 2.983476 18.404982 1.223455
vertex 3.116550 17.791483 1.369306
vertex 3.116550 17.791483 -1.369306
endloop
endfacet
facet normal 0.977274 0.211981 0.000000
outer loop
vertex 2.983476 18.404982 1.223455
vertex 3.116550 17.791483 -1.369306
vertex 2.983476 18.404982 -1.223455
endloop
endfacet
facet normal -0.914588 -0.404387 0.000000
outer loop
vertex 14.341057 17.791483 0.973822
vertex 14.069796 18.404982 0.625301
vertex 14.069796 18.404982 -0.625301
endloop
endfacet
facet normal -0.914588 -0.404387 -0.000000
outer loop
vertex 14.341057 17.791483 0.973822
vertex 14.069796 18.404982 -0.625301
vertex 14.341057 17.791483 -0.973822
endloop
endfacet
facet normal 0.994316 0.106466 0.000000
outer loop
vertex 17.238240 18.404982 0.883870
vertex 17.303930 17.791483 1.107309
vertex 17.303930 17.791483 -1.107309
endloop
endfacet
facet normal 0.994316 0.106466 0.000000
outer loop
vertex 17.238240 18.404982 0.883870
vertex 17.303930 17.791483 -1.107309
vertex 17.238240 18.404982 -0.883870
endloop
endfacet
facet normal -0.998433 0.055953 0.000000
outer loop
vertex 1.319609 18.404982 0.325480
vertex 1.353990 19.018481 0.226652
vertex 1.353990 19.018481 -0.226652
endloop
endfacet
facet normal -0.998433 0.055953 0.000000
outer loop
vertex 1.319609 18.404982 0.325480
vertex 1.353990 19.018481 -0.226652
vertex 1.319609 18.404982 -0.325480
endloop
endfacet
facet normal 0.986199 -0.165561 0.000000
outer loop
vertex 3.086469 19.018481 1.027087
vertex 2.983476 18.404982 1.223455
vertex 2.983476 18.404982 -1.223455
endloop
endfacet
facet normal 0.986199 -0.165561 0.000000
outer loop
vertex 3.086469 19.018481 1.027087
vertex 2.983476 18.404982 -1.223455
vertex 3.086469 19.018481 -1.027087
endloop
endfacet
facet normal 0.000000 1.000000 0.000000
outer loop
vertex 2.780665 19.018481 1.650881
vertex 3.086469 19.018481 1.027087
vertex 3.086469 19.018481 -1.027087
endloop
endfacet
facet normal 0.000000 1.000000 0.000000
outer loop
vertex 2.780665 19.018481 1.650881
vertex 3.086469 19.018481 -1.027087
vertex 2.780665 19.018481 -1.650881
endloop
endfacet
facet normal -0.923244 0.384213 0.000000
outer loop
vertex 14.069796 18.404982 0.625301
vertex 14.325108 19.018481 0.686926
vertex 14.325108 19.018481 -0.686926
endloop
endfacet
facet normal -0.923244 0.384213 0.000000
outer loop
vertex 14.069796 18.404982 0.625301
vertex 14.325108 19.018481 -0.686926
vertex 14.069796 18.404982 -0.625301
endloop
endfacet
facet normal 0.000000 1.000000 0.000000
outer loop
vertex 15.154338 19.018481 0.593140
vertex 15.720038 19.018481 0.189881
vertex 15.720038 19.018481 -0.189881
endloop
endfacet
facet normal 0.000000 1.000000 0.000000
outer loop
vertex 15.154338 19.018481 0.593140
vertex 15.720038 19.018481 -0.189881
vertex 15.154338 19.018481 -0.593140
endloop
endfacet
facet normal 0.996504 0.083543 0.000000
outer loop
vertex 17.186806 19.018481 0.675923
vertex 17.238240 18.404982 0.883870
vertex 17.238240 18.404982 -0.883870
endloop
endfacet
facet normal 0.996504 0.083543 0.000000
outer loop
vertex 17.186806 19.018481 0.675923
vertex 17.238240 18.404982 -0.883870
vertex 17.186806 19.018481 -0.675923
endloop
endfacet
facet normal 0.000000 1.000000 0.000000
outer loop
vertex 16.678263 19.018481 1.149230
vertex 17.186806 19.018481 0.675923
vertex 17.186806 19.018481 -0.675923
endloop
endfacet
facet normal 0.000000 1.000000 0.000000
outer loop
vertex 16.678263 19.018481 1.149230
vertex 17.186806 19.018481 -0.675923
vertex 16.678263 19.018481 -1.149230
endloop
endfacet
facet normal -0.999602 0.028205 0.000000
outer loop
vertex 1.353990 19.018481 0.226652
vertex 1.371301 19.631981 0.239223
vertex 1.371301 19.631981 -0.239223
endloop
endfacet
facet normal -0.999602 0.028205 0.000000
outer loop
vertex 1.353990 19.018481 0.226652
vertex 1.371301 19.631981 -0.239223
vertex 1.353990 19.018481 -0.226652
endloop
endfacet
facet normal 0.968665 -0.248371 0.000000
outer loop
vertex 2.937970 19.631981 1.255841
vertex 2.780665 19.018481 1.650881
vertex 2.780665 19.018481 -1.650881
endloop
endfacet
facet normal 0.968665 -0.248371 0.000000
outer loop
vertex 2.937970 19.631981 1.255841
vertex 2.780665 19.018481 -1.650881
vertex 2.937970 19.631981 -1.255841
endloop
endfacet
facet normal 0.000000 -1.000000 0.000000
outer loop
vertex 14.325108 19.018481 0.686926
vertex 13.787194 19.018481 0.247286
vertex 13.787194 19.018481 -0.247286
endloop
endfacet
facet normal 0.000000 -1.000000 -0.000000
outer loop
vertex 14.325108 19.018481 0.686926
vertex 13.787194 19.018481 -0.247286
vertex 14.325108 19.018481 -0.686926
endloop
endfacet
facet normal -0.967684 -0.252164 0.000000
outer loop
vertex 13.787194 19.018481 0.247286
vertex 13.627325 19.631981 0.283988
vertex 13.627325 19.631981 -0.283988
endloop
endfacet
facet normal -0.967684 -0.252164 -0.000000
outer loop
vertex 13.787194 19.018481 0.247286
vertex 13.627325 19.631981 -0.283988
vertex 13.787194 19.018481 -0.247286
endloop
endfacet
facet normal 0.999048 -0.043619 0.000000
outer loop
vertex 15.181124 19.631981 0.420568
vertex 15.154338 19.018481 0.593140
vertex 15.154338 19.018481 -0.593140
endloop
endfacet
facet normal 0.999048 -0.043619 0.000000
outer loop
vertex 15.181124 19.631981 0.420568
vertex 15.154338 19.018481 -0.593140
vertex 15.181124 19.631981 -0.420568
endloop
endfacet
facet normal -0.982081 0.188458 0.000000
outer loop
vertex 15.720038 19.018481 0.189881
vertex 15.837767 19.631981 0.161879
vertex 15.837767 19.631981 -0.161879
endloop
endfacet
facet normal -0.982081 0.188458 0.000000
outer loop
vertex 15.720038 19.018481 0.189881
vertex 15.837767 19.631981 -0.161879
vertex 15.720038 19.018481 -0.189881
endloop
endfacet
facet normal 0.999979 0.006425 0.000000
outer loop
vertex 16.674322 19.631981 1.282279
vertex 16.678263 19.018481 1.149230
vertex 16.678263 19.018481 -1.149230
endloop
endfacet
facet normal 0.999979 0.006425 0.000000
outer loop
vertex 16.674322 19.631981 1.282279
vertex 16.678263 19.018481 -1.149230
vertex 16.674322 19.631981 -1.282279
endloop
endfacet
facet normal -0.999132 0.041663 0.000000
outer loop
vertex 1.371301 19.631981 0.239223
vertex 1.396883 20.245480 0.248206
vertex 1.396883 20.245480 -0.248206
endloop
endfacet
facet normal -0.999132 0.041663 0.000000
outer loop
vertex 1.371301 19.631981 0.239223
vertex 1.396883 20.245480 -0.248206
vertex 1.371301 19.631981 -0.239223
endloop
endfacet
facet normal 0.999279 -0.037963 0.000000
outer loop
vertex 2.961277 20.245480 1.418455
vertex 2.937970 19.631981 1.255841
vertex 2.937970 19.631981 -1.255841
endloop
endfacet
facet normal 0.999279 -0.037963 0.000000
outer loop
vertex 2.961277 20.245480 1.418455
vertex 2.937970 19.631981 -1.255841
vertex 2.961277 20.245480 -1.418455
endloop
endfacet
facet normal -0.996125 0.087951 0.000000
outer loop
vertex 13.627325 19.631981 0.283988
vertex 13.681493 20.245480 0.473294
vertex 13.681493 20.245480 -0.473294
endloop
endfacet
facet normal -0.996125 0.087951 0.000000
outer loop
vertex 13.627325 19.631981 0.283988
vertex 13.681493 20.245480 -0.473294
vertex 13.627325 19.631981 -0.283988
endloop
endfacet
facet normal 0.999906 -0.013695 0.000000
outer loop
vertex 15.189527 20.245480 0.328347
vertex 15.181124 19.631981 0.420568
vertex 15.181124 19.631981 -0.420568
endloop
endfacet
facet normal 0.999906 -0.013695 0.000000
outer loop
vertex 15.189527 20.245480 0.328347
vertex 15.181124 19.631981 -0.420568
vertex 15.189527 20.245480 -0.328347
endloop
endfacet
facet normal -0.995549 0.094241 0.000000
outer loop
vertex 15.837767 19.631981 0.161879
vertex 15.895842 20.245480 0.187109
vertex 15.895842 20.245480 -0.187109
endloop
endfacet
facet normal -0.995549 0.094241 0.000000
outer loop
vertex 15.837767 19.631981 0.161879
vertex 15.895842 20.245480 -0.187109
vertex 15.837767 19.631981 -0.161879
endloop
endfacet
facet normal 0.997006 0.077318 0.000000
outer loop
vertex 16.626745 20.245480 1.422690
vertex 16.674322 19.631981 1.282279
vertex 16.674322 19.631981 -1.282279
endloop
endfacet
facet normal 0.997006 0.077318 0.000000
outer loop
vertex 16.626745 20.245480 1.422690
vertex 16.674322 19.631981 -1.282279
vertex 16.626745 20.245480 -1.422690
endloop
endfacet
facet normal -0.999238 0.039043 0.000000
outer loop
vertex 1.396883 20.245480 0.248206
vertex 1.420854 20.858980 0.252761
vertex 1.420854 20.858980 -0.252761
endloop
endfacet
facet normal -0.999238 0.039043 0.000000
outer loop
vertex 1.396883 20.245480 0.248206
vertex 1.420854 20.858980 -0.252761
vertex 1.396883 20.245480 -0.248206
endloop
endfacet
facet normal 0.954738 -0.297448 0.000000
outer loop
vertex 3.152412 20.858980 1.506381
vertex 2.961277 20.245480 1.418455
vertex 2.961277 20.245480 -1.418455
endloop
endfacet
facet normal 0.954738 -0.297448 0.000000
outer loop
vertex 3.152412 20.858980 1.506381
vertex 2.961277 20.245480 -1.418455
vertex 3.152412 20.858980 -1.506381
endloop
endfacet
facet normal -0.999647 0.026576 0.000000
outer loop
vertex 13.681493 20.245480 0.473294
vertex 13.697802 20.858980 0.857078
vertex 13.697802 20.858980 -0.857078
endloop
endfacet
facet normal -0.999647 0.026576 0.000000
outer loop
vertex 13.681493 20.245480 0.473294
vertex 13.697802 20.858980 -0.857078
vertex 13.681493 20.245480 -0.473294
endloop
endfacet
facet normal 0.950515 0.310678 0.000000
outer loop
vertex 14.989003 20.858980 0.398689
vertex 15.189527 20.245480 0.328347
vertex 15.189527 20.245480 -0.328347
endloop
endfacet
facet normal 0.950515 0.310678 0.000000
outer loop
vertex 14.989003 20.858980 0.398689
vertex 15.189527 20.245480 -0.328347
vertex 14.989003 20.858980 -0.398689
endloop
endfacet
facet normal -0.959951 -0.280168 0.000000
outer loop
vertex 15.895842 20.245480 0.187109
vertex 15.716788 20.858980 0.312196
vertex 15.716788 20.858980 -0.312196
endloop
endfacet
facet normal -0.959951 -0.280168 -0.000000
outer loop
vertex 15.895842 20.245480 0.187109
vertex 15.716788 20.858980 -0.312196
vertex 15.895842 20.245480 -0.187109
endloop
endfacet
facet normal 0.832877 -0.553459 0.000000
outer loop
vertex 17.034424 20.858980 1.051329
vertex 16.626745 20.245480 1.422690
vertex 16.626745 20.245480 -1.422690
endloop
endfacet
facet normal 0.832877 -0.553459 0.000000
outer loop
vertex 17.034424 20.858980 1.051329
vertex 16.626745 20.245480 -1.422690
vertex 17.034424 20.858980 -1.051329
endloop
endfacet
facet normal -0.999937 -0.011228 0.000000
outer loop
vertex 1.420854 20.858980 0.252761
vertex 1.413966 21.472479 0.213666
vertex 1.413966 21.472479 -0.213666
endloop
endfacet
facet normal -0.999937 -0.011228 -0.000000
outer loop
vertex 1.420854 20.858980 0.252761
vertex 1.413966 21.472479 -0.213666
vertex 1.420854 20.858980 -0.252761
endloop
endfacet
facet normal 0.994359 -0.106064 0.000000
outer loop
vertex 3.217851 21.472479 1.506093
vertex 3.152412 20.858980 1.506381
vertex 3.152412 20.858980 -1.506381
endloop
endfacet
facet normal 0.994359 -0.106064 0.000000
outer loop
vertex 3.217851 21.472479 1.506093
vertex 3.152412 20.858980 -1.506381
vertex 3.217851 21.472479 -1.506093
endloop
endfacet
facet normal -0.998654 -0.051867 0.000000
outer loop
vertex 13.697802 20.858980 0.857078
vertex 13.665939 21.472479 0.916476
vertex 13.665939 21.472479 -0.916476
endloop
endfacet
facet normal -0.998654 -0.051867 -0.000000
outer loop
vertex 13.697802 20.858980 0.857078
vertex 13.665939 21.472479 -0.916476
vertex 13.697802 20.858980 -0.857078
endloop
endfacet
facet normal 0.999995 0.003027 0.000000
outer loop
vertex 14.987146 21.472479 0.364086
vertex 14.989003 20.858980 0.398689
vertex 14.989003 20.858980 -0.398689
endloop
endfacet
facet normal 0.999995 0.003027 0.000000
outer loop
vertex 14.987146 21.472479 0.364086
vertex 14.989003 20.858980 -0.398689
vertex 14.987146 21.472479 -0.364086
endloop
endfacet
facet normal 0.000000 1.000000 0.000000
outer loop
vertex 14.480051 21.472479 0.879612
vertex 14.987146 21.472479 0.364086
vertex 14.987146 21.472479 -0.364086
endloop
endfacet
facet normal 0.000000 1.000000 0.000000
outer loop
vertex 14.480051 21.472479 0.879612
vertex 14.987146 21.472479 -0.364086
vertex 14.480051 21.472479 -0.879612
endloop
endfacet
facet normal -0.999932 -0.011652 0.000000
outer loop
vertex 15.716788 20.858980 0.312196
vertex 15.709639 21.472479 0.333836
vertex 15.709639 21.472479 -0.333836
endloop
endfacet
facet normal -0.999932 -0.011652 -0.000000
outer loop
vertex 15.716788 20.858980 0.312196
vertex 15.709639 21.472479 -0.333836
vertex 15.716788 20.858980 -0.312196
endloop
endfacet
facet normal 0.998289 -0.058480 0.000000
outer loop
vertex 17.070363 21.472479 1.017609
vertex 17.034424 20.858980 1.051329
vertex 17.034424 20.858980 -1.051329
endloop
endfacet
facet normal 0.998289 -0.058480 0.000000
outer loop
vertex 17.070363 21.472479 1.017609
vertex 17.034424 20.858980 -1.051329
vertex 17.070363 21.472479 -1.017609
endloop
endfacet
facet normal -0.996836 -0.079484 0.000000
outer loop
vertex 1.413966 21.472479 0.213666
vertex 1.365048 22.085978 0.130370
vertex 1.365048 22.085978 -0.130370
endloop
endfacet
facet normal -0.996836 -0.079484 -0.000000
outer loop
vertex 1.413966 21.472479 0.213666
vertex 1.365048 22.085978 -0.130370
vertex 1.413966 21.472479 -0.213666
endloop
endfacet
facet normal 0.813729 -0.581244 0.000000
outer loop
vertex 3.656072 22.085978 0.725932
vertex 3.217851 21.472479 1.506093
vertex 3.217851 21.472479 -1.506093
endloop
endfacet
facet normal 0.813729 -0.581244 0.000000
outer loop
vertex 3.656072 22.085978 0.725932
vertex 3.217851 21.472479 -1.506093
vertex 3.656072 22.085978 -0.725932
endloop
endfacet
facet normal -0.997824 -0.065935 0.000000
outer loop
vertex 13.665939 21.472479 0.916476
vertex 13.625400 22.085978 0.351973
vertex 13.625400 22.085978 -0.351973
endloop
endfacet
facet normal -0.997824 -0.065935 -0.000000
outer loop
vertex 13.665939 21.472479 0.916476
vertex 13.625400 22.085978 -0.351973
vertex 13.665939 21.472479 -0.916476
endloop
endfacet
facet normal 0.694030 -0.719946 0.000000
outer loop
vertex 15.116459 22.085978 0.159720
vertex 14.480051 21.472479 0.879612
vertex 14.480051 21.472479 -0.879612
endloop
endfacet
facet normal 0.694030 -0.719946 0.000000
outer loop
vertex 15.116459 22.085978 0.159720
vertex 14.480051 21.472479 -0.879612
vertex 15.116459 22.085978 -0.159720
endloop
endfacet
facet normal 0.993338 -0.115240 0.000000
outer loop
vertex 15.709639 21.472479 0.333836
vertex 15.780813 22.085978 -0.021967
vertex 15.780813 22.085978 0.021967
endloop
endfacet
facet normal -0.993338 0.115240 0.000000
outer loop
vertex 15.709639 21.472479 0.333836
vertex 15.780813 22.085978 0.021967
vertex 15.709639 21.472479 -0.333836
endloop
endfacet
facet normal 0.854543 -0.519380 0.000000
outer loop
vertex 17.443240 22.085978 0.773931
vertex 17.070363 21.472479 1.017609
vertex 17.070363 21.472479 -1.017609
endloop
endfacet
facet normal 0.854543 -0.519380 0.000000
outer loop
vertex 17.443240 22.085978 0.773931
vertex 17.070363 21.472479 -1.017609
vertex 17.443240 22.085978 -0.773931
endloop
endfacet
facet normal -0.720679 0.693269 0.000000
outer loop
vertex 1.365048 22.085978 0.130370
vertex 1.955214 22.699478 0.155881
vertex 1.955214 22.699478 -0.155881
endloop
endfacet
facet normal -0.720679 0.693269 0.000000
outer loop
vertex 1.365048 22.085978 0.130370
vertex 1.955214 22.699478 -0.155881
vertex 1.365048 22.085978 -0.130370
endloop
endfacet
facet normal 0.827810 -0.561009 0.000000
outer loop
vertex 4.071842 22.699478 0.274200
vertex 3.656072 22.085978 0.725932
vertex 3.656072 22.085978 -0.725932
endloop
endfacet
facet normal 0.827810 -0.561009 0.000000
outer loop
vertex 4.071842 22.699478 0.274200
vertex 3.656072 22.085978 -0.725932
vertex 4.071842 22.699478 -0.274200
endloop
endfacet
facet normal -0.992990 0.118196 0.000000
outer loop
vertex 13.625400 22.085978 0.351973
vertex 13.698425 22.699478 0.451669
vertex 13.698425 22.699478 -0.451669
endloop
endfacet
facet normal -0.992990 0.118196 0.000000
outer loop
vertex 13.625400 22.085978 0.351973
vertex 13.698425 22.699478 -0.451669
vertex 13.625400 22.085978 -0.351973
endloop
endfacet
facet normal 0.963251 -0.268605 0.000000
outer loop
vertex 15.287535 22.699478 0.106368
vertex 15.116459 22.085978 0.159720
vertex 15.116459 22.085978 -0.159720
endloop
endfacet
facet normal 0.963251 -0.268605 0.000000
outer loop
vertex 15.287535 22.699478 0.106368
vertex 15.116459 22.085978 -0.159720
vertex 15.287535 22.699478 -0.106368
endloop
endfacet
facet normal 0.000000 1.000000 0.000000
outer loop
vertex 14.730499 22.699478 0.456274
vertex 15.287535 22.699478 0.106368
vertex 15.287535 22.699478 -0.106368
endloop
endfacet
facet normal 0.000000 1.000000 0.000000
outer loop
vertex 14.730499 22.699478 0.456274
vertex 15.287535 22.699478 -0.106368
vertex 14.730499 22.699478 -0.456274
endloop
endfacet
facet normal -0.612625 0.790374 0.000000
outer loop
vertex 15.780813 22.085978 -0.021967
vertex 16.572315 22.699478 0.303266
vertex 16.572315 22.699478 -0.303266
endloop
endfacet
facet normal 0.612625 -0.790374 0.000000
outer loop
vertex 15.780813 22.085978 -0.021967
vertex 16.572315 22.699478 -0.303266
vertex 15.780813 22.085978 0.021967
endloop
endfacet
facet normal 0.970210 -0.242267 0.000000
outer loop
vertex 17.596434 22.699478 0.585011
vertex 17.443240 22.085978 0.773931
vertex 17.443240 22.085978 -0.773931
endloop
endfacet
facet normal 0.970210 -0.242267 0.000000
outer loop
vertex 17.596434 22.699478 0.585011
vertex 17.443240 22.085978 -0.773931
vertex 17.596434 22.699478 -0.585011
endloop
endfacet
facet normal -0.792720 0.609586 0.000000
outer loop
vertex 1.955214 22.699478 0.155881
vertex 2.426982 23.312977 0.223377
vertex 2.426982 23.312977 -0.223377
endloop
endfacet
facet normal -0.792720 0.609586 0.000000
outer loop
vertex 1.955214 22.699478 0.155881
vertex 2.426982 23.312977 -0.223377
vertex 1.955214 22.699478 -0.155881
endloop
endfacet
facet normal 0.000000 1.000000 0.000000
outer loop
vertex 2.426982 23.312977 0.223377
vertex 3.021563 23.312977 0.058264
vertex 3.021563 23.312977 -0.058264
endloop
endfacet
facet normal 0.000000 1.000000 0.000000
outer loop
vertex 2.426982 23.312977 0.223377
vertex 3.021563 23.312977 -0.058264
vertex 2.426982 23.312977 -0.223377
endloop
endfacet
facet normal 0.000000 1.000000 0.000000
outer loop
vertex 3.021563 23.312977 0.058264
vertex 3.637960 23.312977 0.029230
vertex 3.637960 23.312977 -0.029230
endloop
endfacet
facet normal 0.000000 1.000000 0.000000
outer loop
vertex 3.021563 23.312977 0.058264
vertex 3.637960 23.312977 -0.029230
vertex 3.021563 23.312977 -0.058264
endloop
endfacet
facet normal 0.958469 -0.285196 0.000000
outer loop
vertex 4.254391 23.312977 0.000911
vertex 4.071842 22.699478 0.274200
vertex 4.071842 22.699478 -0.274200
endloop
endfacet
facet normal 0.958469 -0.285196 0.000000
outer loop
vertex 4.254391 23.312977 0.000911
vertex 4.071842 22.699478 -0.274200
vertex 4.254391 23.312977 -0.000911
endloop
endfacet
facet normal 0.000000 1.000000 0.000000
outer loop
vertex 3.637960 23.312977 0.029230
vertex 4.254391 23.312977 0.000911
vertex 4.254391 23.312977 -0.000911
endloop
endfacet
facet normal 0.000000 1.000000 0.000000
outer loop
vertex 3.637960 23.312977 0.029230
vertex 4.254391 23.312977 -0.000911
vertex 3.637960 23.312977 -0.029230
endloop
endfacet
facet normal -0.819667 0.572840 0.000000
outer loop
vertex 13.698425 22.699478 0.451669
vertex 14.127180 23.312977 0.025120
vertex 14.127180 23.312977 -0.025120
endloop
endfacet
facet normal -0.819667 0.572840 0.000000
outer loop
vertex 13.698425 22.699478 0.451669
vertex 14.127180 23.312977 -0.025120
vertex 13.698425 22.699478 -0.451669
endloop
endfacet
facet normal 0.999766 -0.021620 0.000000
outer loop
vertex 14.743766 23.312977 0.000392
vertex 14.730499 22.699478 0.456274
vertex 14.730499 22.699478 -0.456274
endloop
endfacet
facet normal 0.999766 -0.021620 0.000000
outer loop
vertex 14.743766 23.312977 0.000392
vertex 14.730499 22.699478 -0.456274
vertex 14.743766 23.312977 -0.000392
endloop
endfacet
facet normal 0.000000 1.000000 0.000000
outer loop
vertex 14.127180 23.312977 0.025120
vertex 14.743766 23.312977 0.000392
vertex 14.743766 23.312977 -0.000392
endloop
endfacet
facet normal 0.000000 1.000000 0.000000
outer loop
vertex 14.127180 23.312977 0.025120
vertex 14.743766 23.312977 -0.000392
vertex 14.127180 23.312977 -0.025120
endloop
endfacet
facet normal -0.692178 0.721727 0.000000
outer loop
vertex 16.572315 22.699478 0.303266
vertex 17.212005 23.312977 0.011568
vertex 17.212005 23.312977 -0.011568
endloop
endfacet
facet normal -0.692178 0.721727 0.000000
outer loop
vertex 16.572315 22.699478 0.303266
vertex 17.212005 23.312977 -0.011568
vertex 16.572315 22.699478 -0.303266
endloop
endfacet
facet normal 0.935097 -0.354392 0.000000
outer loop
vertex 17.828944 23.312977 -0.001672
vertex 17.596434 22.699478 0.585011
vertex 17.596434 22.699478 -0.585011
endloop
endfacet
facet normal -0.935097 0.354392 0.000000
outer loop
vertex 17.828944 23.312977 -0.001672
vertex 17.596434 22.699478 -0.585011
vertex 17.828944 23.312977 0.001672
endloop
endfacet
facet normal 0.000000 -1.000000 0.000000
outer loop
vertex 17.212005 23.312977 0.011568
vertex 17.828944 23.312977 -0.001672
vertex 17.828944 23.312977 0.001672
endloop
endfacet
facet normal 0.000000 1.000000 0.000000
outer loop
vertex 17.212005 23.312977 0.011568
vertex 17.828944 23.312977 0.001672
vertex 17.212005 23.312977 -0.011568
endloop
endfacet
endsolid foldforge
