solid foldforge
facet normal 0.000000 0.000000 1.000000
outer loop
vertex 0.000000 0.000000 0.000000
vertex 0.847477 0.000000 0.000000
vertex 0.871118 0.827586 0.000000
endloop
endfacet
facet normal 0.000000 0.000000 1.000000
outer loop
vertex 0.000000 0.000000 0.000000
vertex 0.871118 0.827586 0.000000
vertex 0.000000 0.827586 0.000000
endloop
endfacet
facet normal 0.000000 0.000000 1.000000
outer loop
vertex 0.847477 0.000000 0.000000
vertex 1.694954 0.000000 0.000000
vertex 1.742237 0.827586 0.000000
endloop
endfacet
facet normal 0.000000 0.000000 1.000000
outer loop
vertex 0.847477 0.000000 0.000000
vertex 1.742237 0.827586 0.000000
vertex 0.871118 0.827586 0.000000
endloop
endfacet
facet normal 0.000000 0.000000 1.000000
outer loop
vertex 1.694954 0.000000 0.000000
vertex 2.542431 0.000000 0.000000
vertex 2.613355 0.827586 0.000000
endloop
endfacet
facet normal 0.000000 0.000000 1.000000
outer loop
vertex 1.694954 0.000000 0.000000
vertex 2.613355 0.827586 0.000000
vertex 1.742237 0.827586 0.000000
endloop
endfacet
facet normal 0.000000 0.000000 1.000000
outer loop
vertex 2.542431 0.000000 0.000000
vertex 3.389908 0.000000 0.000000
vertex 3.484474 0.827586 0.000000
endloop
endfacet
facet normal 0.000000 0.000000 1.000000
outer loop
vertex 2.542431 0.000000 0.000000
vertex 3.484474 0.827586 0.000000
vertex 2.613355 0.827586 0.000000
endloop
endfacet
facet normal 0.000000 0.000000 1.000000
outer loop
vertex 3.389908 0.000000 0.000000
vertex 4.237385 0.000000 0.000000
vertex 4.355592 0.827586 0.000000
endloop
endfacet
facet normal 0.000000 0.000000 1.000000
outer loop
vertex 3.389908 0.000000 0.000000
vertex 4.355592 0.827586 0.000000
vertex 3.484474 0.827586 0.000000
endloop
endfacet
facet normal 0.000000 0.000000 1.000000
outer loop
vertex 4.237385 0.000000 0.000000
vertex 5.084862 0.000000 0.000000
vertex 5.226710 0.827586 0.000000
endloop
endfacet
facet normal 0.000000 0.000000 1.000000
outer loop
vertex 4.237385 0.000000 0.000000
vertex 5.226710 0.827586 0.000000
vertex 4.355592 0.827586 0.000000
endloop
endfacet
facet normal 0.000000 0.000000 1.000000
outer loop
vertex 5.084862 0.000000 0.000000
vertex 5.932339 0.000000 0.000000
vertex 6.097829 0.827586 0.000000
endloop
endfacet
facet normal 0.000000 0.000000 1.000000
outer loop
vertex 5.084862 0.000000 0.000000
vertex 6.097829 0.827586 0.000000
vertex 5.226710 0.827586 0.000000
endloop
endfacet
facet normal 0.000000 0.000000 1.000000
outer loop
vertex 5.932339 0.000000 0.000000
vertex 6.779816 0.000000 0.000000
vertex 6.968947 0.827586 0.000000
endloop
endfacet
facet normal 0.000000 0.000000 1.000000
outer loop
vertex 5.932339 0.000000 0.000000
vertex 6.968947 0.827586 0.000000
vertex 6.097829 0.827586 0.000000
endloop
endfacet
facet normal 0.000000 0.000000 1.000000
outer loop
vertex 6.779816 0.000000 0.000000
vertex 7.627293 0.000000 0.000000
vertex 7.840066 0.827586 0.000000
endloop
endfacet
facet normal 0.000000 0.000000 1.000000
outer loop
vertex 6.779816 0.000000 0.000000
vertex 7.840066 0.827586 0.000000
vertex 6.968947 0.827586 0.000000
endloop
endfacet
facet normal 0.000000 0.000000 1.000000
outer loop
vertex 7.627293 0.000000 0.000000
vertex 8.474770 0.000000 0.000000
vertex 8.711184 0.827586 0.000000
endloop
endfacet
facet normal 0.000000 0.000000 1.000000
outer loop
vertex 7.627293 0.000000 0.000000
vertex 8.711184 0.827586 0.000000
vertex 7.840066 0.827586 0.000000
endloop
endfacet
facet normal 0.000000 0.000000 1.000000
outer loop
vertex 8.474770 0.000000 0.000000
vertex 9.322247 0.000000 0.000000
vertex 9.582302 0.827586 0.000000
endloop
endfacet
facet normal 0.000000 0.000000 1.000000
outer loop
vertex 8.474770 0.000000 0.000000
vertex 9.582302 0.827586 0.000000
vertex 8.711184 0.827586 0.000000
endloop
endfacet
facet normal 0.000000 0.000000 1.000000
outer loop
vertex 9.322247 0.000000 0.000000
vertex 10.169724 0.000000 0.000000
vertex 10.453421 0.827586 0.000000
endloop
endfacet
facet normal 0.000000 0.000000 1.000000
outer loop
vertex 9.322247 0.000000 0.000000
vertex 10.453421 0.827586 0.000000
vertex 9.582302 0.827586 0.000000
endloop
endfacet
facet normal 0.000000 0.000000 1.000000
outer loop
vertex 10.169724 0.000000 0.000000
vertex 11.017201 0.000000 0.000000
vertex 11.324539 0.827586 0.000000
endloop
endfacet
facet normal 0.000000 0.000000 1.000000
outer loop
vertex 10.169724 0.000000 0.000000
vertex 11.324539 0.827586 0.000000
vertex 10.453421 0.827586 0.000000
endloop
endfacet
facet normal 0.000000 0.000000 1.000000
outer loop
vertex 11.017201 0.000000 0.000000
vertex 11.864678 0.000000 0.000000
vertex 12.195658 0.827586 0.000000
endloop
endfacet
facet normal 0.000000 0.000000 1.000000
outer loop
vertex 11.017201 0.000000 0.000000
vertex 12.195658 0.827586 0.000000
vertex 11.324539 0.827586 0.000000
endloop
endfacet
facet normal 0.000000 0.000000 1.000000
outer loop
vertex 11.864678 0.000000 0.000000
vertex 12.712155 0.000000 0.000000
vertex 13.066776 0.827586 0.000000
endloop
endfacet
facet normal 0.000000 0.000000 1.000000
outer loop
vertex 11.864678 0.000000 0.000000
vertex 13.066776 0.827586 0.000000
vertex 12.195658 0.827586 0.000000
endloop
endfacet
facet normal 0.000000 0.000000 1.000000
outer loop
vertex 12.712155 0.000000 0.000000
vertex 13.559632 0.000000 0.000000
vertex 13.937894 0.827586 0.000000
endloop
endfacet
facet normal 0.000000 0.000000 1.000000
outer loop
vertex 12.712155 0.000000 0.000000
vertex 13.937894 0.827586 0.000000
vertex 13.066776 0.827586 0.000000
endloop
endfacet
facet normal 0.000000 0.000000 1.000000
outer loop
vertex 13.559632 0.000000 0.000000
vertex 14.407108 0.000000 0.000000
vertex 14.809013 0.827586 0.000000
endloop
endfacet
facet normal 0.000000 0.000000 1.000000
outer loop
vertex 13.559632 0.000000 0.000000
vertex 14.809013 0.827586 0.000000
vertex 13.937894 0.827586 0.000000
endloop
endfacet
facet normal 0.000000 0.000000 1.000000
outer loop
vertex 14.407108 0.000000 0.000000
vertex 15.254585 0.000000 0.000000
vertex 15.680131 0.827586 0.000000
endloop
endfacet
facet normal 0.000000 0.000000 1.000000
outer loop
vertex 14.407108 0.000000 0.000000
vertex 15.680131 0.827586 0.000000
vertex 14.809013 0.827586 0.000000
endloop
endfacet
facet normal 0.000000 0.000000 1.000000
outer loop
vertex 15.254585 0.000000 0.000000
vertex 16.102062 0.000000 0.000000
vertex 16.551250 0.827586 0.000000
endloop
endfacet
facet normal 0.000000 0.000000 1.000000
outer loop
vertex 15.254585 0.000000 0.000000
vertex 16.551250 0.827586 0.000000
vertex 15.680131 0.827586 0.000000
endloop
endfacet
facet normal 0.000000 0.000000 1.000000
outer loop
vertex 16.102062 0.000000 0.000000
vertex 16.949539 0.000000 0.000000
vertex 17.422368 0.827586 0.000000
endloop
endfacet
facet normal 0.000000 0.000000 1.000000
outer loop
vertex 16.102062 0.000000 0.000000
vertex 17.422368 0.827586 0.000000
vertex 16.551250 0.827586 0.000000
endloop
endfacet
facet normal 0.000000 -0.000000 1.000000
outer loop
vertex 16.949539 0.000000 0.000000
vertex 17.797016 0.000000 0.000000
vertex 18.293486 0.827586 0.000000
endloop
endfacet
facet normal -0.000000 0.000000 1.000000
outer loop
vertex 16.949539 0.000000 0.000000
vertex 18.293486 0.827586 0.000000
vertex 17.422368 0.827586 0.000000
endloop
endfacet
facet normal 0.000000 -0.086055 0.996290
outer loop
vertex 17.797016 0.000000 0.000000
vertex 18.644493 0.000000 0.000000
vertex 19.161667 0.827586 0.071483
endloop
endfacet
facet normal -0.081960 0.049167 0.995422
outer loop
vertex 17.797016 0.000000 0.000000
vertex 19.161667 0.827586 0.071483
vertex 18.293486 0.827586 0.000000
endloop
endfacet
facet normal -0.000487 -0.528137 0.849159
outer loop
vertex 18.644493 0.000000 0.000000
vertex 19.491970 0.000000 0.000486
vertex 19.911163 0.827586 0.515446
endloop
endfacet
facet normal -0.495102 0.237203 0.835829
outer loop
vertex 18.644493 0.000000 0.000000
vertex 19.911163 0.827586 0.515446
vertex 19.161667 0.827586 0.071483
endloop
endfacet
facet normal -0.461100 -0.539657 0.704385
outer loop
vertex 19.491970 0.000000 0.000486
vertex 20.201033 0.000000 0.464648
vertex 20.405631 0.827586 1.232627
endloop
endfacet
facet normal -0.821616 0.063685 0.566472
outer loop
vertex 19.491970 0.000000 0.000486
vertex 20.405631 0.827586 1.232627
vertex 19.911163 0.827586 0.515446
endloop
endfacet
facet normal -0.390389 -0.643007 0.658892
outer loop
vertex 20.201033 0.000000 0.464648
vertex 20.930142 0.000000 0.896640
vertex 21.075007 0.827586 1.790106
endloop
endfacet
facet normal -0.559591 -0.485173 0.671911
outer loop
vertex 20.201033 0.000000 0.464648
vertex 21.075007 0.827586 1.790106
vertex 20.405631 0.827586 1.232627
endloop
endfacet
facet normal 0.159703 -0.701525 0.694519
outer loop
vertex 20.930142 0.000000 0.896640
vertex 21.756065 0.000000 0.706721
vertex 21.899734 0.827586 1.509619
endloop
endfacet
facet normal 0.218926 -0.733281 0.643716
outer loop
vertex 20.930142 0.000000 0.896640
vertex 21.899734 0.827586 1.509619
vertex 21.075007 0.827586 1.790106
endloop
endfacet
facet normal 0.584528 -0.648776 0.487255
outer loop
vertex 21.756065 0.000000 0.706721
vertex 22.298704 0.000000 0.055752
vertex 22.517391 0.827586 0.895333
endloop
endfacet
facet normal 0.547880 -0.629565 0.550886
outer loop
vertex 21.756065 0.000000 0.706721
vertex 22.517391 0.827586 0.895333
vertex 21.899734 0.827586 1.509619
endloop
endfacet
facet normal 0.057260 -0.440753 0.895800
outer loop
vertex 22.298704 0.000000 0.055752
vertex 23.144455 0.000000 0.001692
vertex 23.236057 0.827586 0.403027
endloop
endfacet
facet normal 0.402366 -0.702208 0.587372
outer loop
vertex 22.298704 0.000000 0.055752
vertex 23.236057 0.827586 0.403027
vertex 22.517391 0.827586 0.895333
endloop
endfacet
facet normal 0.000452 0.038764 0.999248
outer loop
vertex 23.144455 0.000000 0.001692
vertex 23.991932 0.000000 0.001308
vertex 23.991468 0.827586 -0.030796
endloop
endfacet
facet normal 0.449724 -0.429540 0.783099
outer loop
vertex 23.144455 0.000000 0.001692
vertex 23.991468 0.827586 -0.030796
vertex 23.236057 0.827586 0.403027
endloop
endfacet
facet normal 0.000000 0.000000 1.000000
outer loop
vertex 0.000000 0.827586 0.000000
vertex 0.871118 0.827586 0.000000
vertex 0.893587 1.655172 0.000000
endloop
endfacet
facet normal 0.000000 0.000000 1.000000
outer loop
vertex 0.000000 0.827586 0.000000
vertex 0.893587 1.655172 0.000000
vertex 0.000000 1.655172 0.000000
endloop
endfacet
facet normal 0.000000 0.000000 1.000000
outer loop
vertex 0.871118 0.827586 0.000000
vertex 1.742237 0.827586 0.000000
vertex 1.787173 1.655172 0.000000
endloop
endfacet
facet normal 0.000000 0.000000 1.000000
outer loop
vertex 0.871118 0.827586 0.000000
vertex 1.787173 1.655172 0.000000
vertex 0.893587 1.655172 0.000000
endloop
endfacet
facet normal 0.000000 0.000000 1.000000
outer loop
vertex 1.742237 0.827586 0.000000
vertex 2.613355 0.827586 0.000000
vertex 2.680760 1.655172 0.000000
endloop
endfacet
facet normal 0.000000 0.000000 1.000000
outer loop
vertex 1.742237 0.827586 0.000000
vertex 2.680760 1.655172 0.000000
vertex 1.787173 1.655172 0.000000
endloop
endfacet
facet normal 0.000000 0.000000 1.000000
outer loop
vertex 2.613355 0.827586 0.000000
vertex 3.484474 0.827586 0.000000
vertex 3.574347 1.655172 0.000000
endloop
endfacet
facet normal 0.000000 0.000000 1.000000
outer loop
vertex 2.613355 0.827586 0.000000
vertex 3.574347 1.655172 0.000000
vertex 2.680760 1.655172 0.000000
endloop
endfacet
facet normal 0.000000 0.000000 1.000000
outer loop
vertex 3.484474 0.827586 0.000000
vertex 4.355592 0.827586 0.000000
vertex 4.467933 1.655172 0.000000
endloop
endfacet
facet normal 0.000000 0.000000 1.000000
outer loop
vertex 3.484474 0.827586 0.000000
vertex 4.467933 1.655172 0.000000
vertex 3.574347 1.655172 0.000000
endloop
endfacet
facet normal 0.000000 0.000000 1.000000
outer loop
vertex 4.355592 0.827586 0.000000
vertex 5.226710 0.827586 0.000000
vertex 5.361520 1.655172 0.000000
endloop
endfacet
facet normal 0.000000 0.000000 1.000000
outer loop
vertex 4.355592 0.827586 0.000000
vertex 5.361520 1.655172 0.000000
vertex 4.467933 1.655172 0.000000
endloop
endfacet
facet normal 0.000000 0.000000 1.000000
outer loop
vertex 5.226710 0.827586 0.000000
vertex 6.097829 0.827586 0.000000
vertex 6.255106 1.655172 0.000000
endloop
endfacet
facet normal 0.000000 0.000000 1.000000
outer loop
vertex 5.226710 0.827586 0.000000
vertex 6.255106 1.655172 0.000000
vertex 5.361520 1.655172 0.000000
endloop
endfacet
facet normal 0.000000 0.000000 1.000000
outer loop
vertex 6.097829 0.827586 0.000000
vertex 6.968947 0.827586 0.000000
vertex 7.148693 1.655172 0.000000
endloop
endfacet
facet normal 0.000000 0.000000 1.000000
outer loop
vertex 6.097829 0.827586 0.000000
vertex 7.148693 1.655172 0.000000
vertex 6.255106 1.655172 0.000000
endloop
endfacet
facet normal 0.000000 0.000000 1.000000
outer loop
vertex 6.968947 0.827586 0.000000
vertex 7.840066 0.827586 0.000000
vertex 8.042280 1.655172 0.000000
endloop
endfacet
facet normal 0.000000 0.000000 1.000000
outer loop
vertex 6.968947 0.827586 0.000000
vertex 8.042280 1.655172 0.000000
vertex 7.148693 1.655172 0.000000
endloop
endfacet
facet normal 0.000000 0.000000 1.000000
outer loop
vertex 7.840066 0.827586 0.000000
vertex 8.711184 0.827586 0.000000
vertex 8.935866 1.655172 0.000000
endloop
endfacet
facet normal 0.000000 0.000000 1.000000
outer loop
vertex 7.840066 0.827586 0.000000
vertex 8.935866 1.655172 0.000000
vertex 8.042280 1.655172 0.000000
endloop
endfacet
facet normal 0.000000 0.000000 1.000000
outer loop
vertex 8.711184 0.827586 0.000000
vertex 9.582302 0.827586 0.000000
vertex 9.829453 1.655172 0.000000
endloop
endfacet
facet normal 0.000000 0.000000 1.000000
outer loop
vertex 8.711184 0.827586 0.000000
vertex 9.829453 1.655172 0.000000
vertex 8.935866 1.655172 0.000000
endloop
endfacet
facet normal 0.000000 0.000000 1.000000
outer loop
vertex 9.582302 0.827586 0.000000
vertex 10.453421 0.827586 0.000000
vertex 10.723040 1.655172 0.000000
endloop
endfacet
facet normal 0.000000 0.000000 1.000000
outer loop
vertex 9.582302 0.827586 0.000000
vertex 10.723040 1.655172 0.000000
vertex 9.829453 1.655172 0.000000
endloop
endfacet
facet normal 0.000000 0.000000 1.000000
outer loop
vertex 10.453421 0.827586 0.000000
vertex 11.324539 0.827586 0.000000
vertex 11.616626 1.655172 0.000000
endloop
endfacet
facet normal 0.000000 0.000000 1.000000
outer loop
vertex 10.453421 0.827586 0.000000
vertex 11.616626 1.655172 0.000000
vertex 10.723040 1.655172 0.000000
endloop
endfacet
facet normal 0.000000 0.000000 1.000000
outer loop
vertex 11.324539 0.827586 0.000000
vertex 12.195658 0.827586 0.000000
vertex 12.510213 1.655172 0.000000
endloop
endfacet
facet normal 0.000000 0.000000 1.000000
outer loop
vertex 11.324539 0.827586 0.000000
vertex 12.510213 1.655172 0.000000
vertex 11.616626 1.655172 0.000000
endloop
endfacet
facet normal 0.000000 0.000000 1.000000
outer loop
vertex 12.195658 0.827586 0.000000
vertex 13.066776 0.827586 0.000000
vertex 13.403800 1.655172 0.000000
endloop
endfacet
facet normal 0.000000 0.000000 1.000000
outer loop
vertex 12.195658 0.827586 0.000000
vertex 13.403800 1.655172 0.000000
vertex 12.510213 1.655172 0.000000
endloop
endfacet
facet normal 0.000000 0.000000 1.000000
outer loop
vertex 13.066776 0.827586 0.000000
vertex 13.937894 0.827586 0.000000
vertex 14.297386 1.655172 0.000000
endloop
endfacet
facet normal 0.000000 0.000000 1.000000
outer loop
vertex 13.066776 0.827586 0.000000
vertex 14.297386 1.655172 0.000000
vertex 13.403800 1.655172 0.000000
endloop
endfacet
facet normal 0.000000 0.000000 1.000000
outer loop
vertex 13.937894 0.827586 0.000000
vertex 14.809013 0.827586 0.000000
vertex 15.190973 1.655172 0.000000
endloop
endfacet
facet normal 0.000000 0.000000 1.000000
outer loop
vertex 13.937894 0.827586 0.000000
vertex 15.190973 1.655172 0.000000
vertex 14.297386 1.655172 0.000000
endloop
endfacet
facet normal 0.000000 0.000000 1.000000
outer loop
vertex 14.809013 0.827586 0.000000
vertex 15.680131 0.827586 0.000000
vertex 16.084560 1.655172 0.000000
endloop
endfacet
facet normal 0.000000 0.000000 1.000000
outer loop
vertex 14.809013 0.827586 0.000000
vertex 16.084560 1.655172 0.000000
vertex 15.190973 1.655172 0.000000
endloop
endfacet
facet normal 0.000000 0.000000 1.000000
outer loop
vertex 15.680131 0.827586 0.000000
vertex 16.551250 0.827586 0.000000
vertex 16.978146 1.655172 0.000000
endloop
endfacet
facet normal 0.000000 0.000000 1.000000
outer loop
vertex 15.680131 0.827586 0.000000
vertex 16.978146 1.655172 0.000000
vertex 16.084560 1.655172 0.000000
endloop
endfacet
facet normal 0.000000 -0.000419 1.000000
outer loop
vertex 16.551250 0.827586 0.000000
vertex 17.422368 0.827586 0.000000
vertex 17.871733 1.655172 0.000346
endloop
endfacet
facet normal -0.000388 0.000200 1.000000
outer loop
vertex 16.551250 0.827586 0.000000
vertex 17.871733 1.655172 0.000346
vertex 16.978146 1.655172 0.000000
endloop
endfacet
facet normal -0.000000 -0.253794 0.967258
outer loop
vertex 17.422368 0.827586 0.000000
vertex 18.293486 0.827586 0.000000
vertex 18.738621 1.655172 0.217147
endloop
endfacet
facet normal -0.240552 0.130213 0.961862
outer loop
vertex 17.422368 0.827586 0.000000
vertex 18.738621 1.655172 0.217147
vertex 17.871733 1.655172 0.000346
endloop
endfacet
facet normal -0.062224 -0.651921 0.755729
outer loop
vertex 18.293486 0.827586 0.000000
vertex 19.161667 0.827586 0.071483
vertex 19.410825 1.655172 0.805906
endloop
endfacet
facet normal -0.650899 0.155108 0.743150
outer loop
vertex 18.293486 0.827586 0.000000
vertex 19.410825 1.655172 0.805906
vertex 18.738621 1.655172 0.217147
endloop
endfacet
facet normal -0.369099 -0.689564 0.623111
outer loop
vertex 19.161667 0.827586 0.071483
vertex 19.911163 0.827586 0.515446
vertex 19.995786 1.655172 1.481419
endloop
endfacet
facet normal -0.712772 -0.333151 0.617225
outer loop
vertex 19.161667 0.827586 0.071483
vertex 19.995786 1.655172 1.481419
vertex 19.410825 1.655172 0.805906
endloop
endfacet
facet normal -0.759553 -0.385794 0.523682
outer loop
vertex 19.911163 0.827586 0.515446
vertex 20.405631 0.827586 1.232627
vertex 20.606540 1.655172 2.133706
endloop
endfacet
facet normal -0.591511 -0.585976 0.553847
outer loop
vertex 19.911163 0.827586 0.515446
vertex 20.606540 1.655172 2.133706
vertex 19.995786 1.655172 1.481419
endloop
endfacet
facet normal -0.583672 -0.410086 0.700826
outer loop
vertex 20.405631 0.827586 1.232627
vertex 21.075007 0.827586 1.790106
vertex 21.399881 1.655172 2.544931
endloop
endfacet
facet normal -0.349788 -0.649825 0.674815
outer loop
vertex 20.405631 0.827586 1.232627
vertex 21.399881 1.655172 2.544931
vertex 20.606540 1.655172 2.133706
endloop
endfacet
facet normal 0.213578 -0.748339 0.627991
outer loop
vertex 21.075007 0.827586 1.790106
vertex 21.899734 0.827586 1.509619
vertex 22.275760 1.655172 2.367919
endloop
endfacet
facet normal 0.142063 -0.696911 0.702946
outer loop
vertex 21.075007 0.827586 1.790106
vertex 22.275760 1.655172 2.367919
vertex 21.399881 1.655172 2.544931
endloop
endfacet
facet normal 0.444498 -0.776318 0.446937
outer loop
vertex 21.899734 0.827586 1.509619
vertex 22.517391 0.827586 0.895333
vertex 23.003501 1.655172 1.849373
endloop
endfacet
facet normal 0.388742 -0.742449 0.545572
outer loop
vertex 21.899734 0.827586 1.509619
vertex 23.003501 1.655172 1.849373
vertex 22.275760 1.655172 2.367919
endloop
endfacet
facet normal 0.415547 -0.677748 0.606613
outer loop
vertex 22.517391 0.827586 0.895333
vertex 23.236057 0.827586 0.403027
vertex 23.529248 1.655172 1.126817
endloop
endfacet
facet normal 0.529744 -0.755512 0.385453
outer loop
vertex 22.517391 0.827586 0.895333
vertex 23.529248 1.655172 1.126817
vertex 23.003501 1.655172 1.849373
endloop
endfacet
facet normal 0.460211 -0.382139 0.801359
outer loop
vertex 23.236057 0.827586 0.403027
vertex 23.991468 0.827586 -0.030796
vertex 23.992983 1.655172 0.362980
endloop
endfacet
facet normal 0.681640 -0.603415 0.413832
outer loop
vertex 23.236057 0.827586 0.403027
vertex 23.992983 1.655172 0.362980
vertex 23.529248 1.655172 1.126817
endloop
endfacet
facet normal 0.000000 0.000000 1.000000
outer loop
vertex 0.000000 1.655172 0.000000
vertex 0.893587 1.655172 0.000000
vertex 0.897287 2.482759 0.000000
endloop
endfacet
facet normal 0.000000 0.000000 1.000000
outer loop
vertex 0.000000 1.655172 0.000000
vertex 0.897287 2.482759 0.000000
vertex 0.000000 2.482759 0.000000
endloop
endfacet
facet normal 0.000000 0.000000 1.000000
outer loop
vertex 0.893587 1.655172 0.000000
vertex 1.787173 1.655172 0.000000
vertex 1.794574 2.482759 0.000000
endloop
endfacet
facet normal 0.000000 0.000000 1.000000
outer loop
vertex 0.893587 1.655172 0.000000
vertex 1.794574 2.482759 0.000000
vertex 0.897287 2.482759 0.000000
endloop
endfacet
facet normal 0.000000 0.000000 1.000000
outer loop
vertex 1.787173 1.655172 0.000000
vertex 2.680760 1.655172 0.000000
vertex 2.691860 2.482759 0.000000
endloop
endfacet
facet normal 0.000000 0.000000 1.000000
outer loop
vertex 1.787173 1.655172 0.000000
vertex 2.691860 2.482759 0.000000
vertex 1.794574 2.482759 0.000000
endloop
endfacet
facet normal 0.000000 0.000000 1.000000
outer loop
vertex 2.680760 1.655172 0.000000
vertex 3.574347 1.655172 0.000000
vertex 3.589147 2.482759 0.000000
endloop
endfacet
facet normal 0.000000 0.000000 1.000000
outer loop
vertex 2.680760 1.655172 0.000000
vertex 3.589147 2.482759 0.000000
vertex 2.691860 2.482759 0.000000
endloop
endfacet
facet normal 0.000000 0.000000 1.000000
outer loop
vertex 3.574347 1.655172 0.000000
vertex 4.467933 1.655172 0.000000
vertex 4.486434 2.482759 0.000000
endloop
endfacet
facet normal 0.000000 0.000000 1.000000
outer loop
vertex 3.574347 1.655172 0.000000
vertex 4.486434 2.482759 0.000000
vertex 3.589147 2.482759 0.000000
endloop
endfacet
facet normal 0.000000 0.000000 1.000000
outer loop
vertex 4.467933 1.655172 0.000000
vertex 5.361520 1.655172 0.000000
vertex 5.383721 2.482759 0.000000
endloop
endfacet
facet normal 0.000000 0.000000 1.000000
outer loop
vertex 4.467933 1.655172 0.000000
vertex 5.383721 2.482759 0.000000
vertex 4.486434 2.482759 0.000000
endloop
endfacet
facet normal 0.000000 0.000000 1.000000
outer loop
vertex 5.361520 1.655172 0.000000
vertex 6.255106 1.655172 0.000000
vertex 6.281008 2.482759 0.000000
endloop
endfacet
facet normal 0.000000 0.000000 1.000000
outer loop
vertex 5.361520 1.655172 0.000000
vertex 6.281008 2.482759 0.000000
vertex 5.383721 2.482759 0.000000
endloop
endfacet
facet normal 0.000000 0.000000 1.000000
outer loop
vertex 6.255106 1.655172 0.000000
vertex 7.148693 1.655172 0.000000
vertex 7.178294 2.482759 0.000000
endloop
endfacet
facet normal 0.000000 0.000000 1.000000
outer loop
vertex 6.255106 1.655172 0.000000
vertex 7.178294 2.482759 0.000000
vertex 6.281008 2.482759 0.000000
endloop
endfacet
facet normal 0.000000 0.000000 1.000000
outer loop
vertex 7.148693 1.655172 0.000000
vertex 8.042280 1.655172 0.000000
vertex 8.075581 2.482759 0.000000
endloop
endfacet
facet normal 0.000000 0.000000 1.000000
outer loop
vertex 7.148693 1.655172 0.000000
vertex 8.075581 2.482759 0.000000
vertex 7.178294 2.482759 0.000000
endloop
endfacet
facet normal 0.000000 0.000000 1.000000
outer loop
vertex 8.042280 1.655172 0.000000
vertex 8.935866 1.655172 0.000000
vertex 8.972868 2.482759 0.000000
endloop
endfacet
facet normal 0.000000 0.000000 1.000000
outer loop
vertex 8.042280 1.655172 0.000000
vertex 8.972868 2.482759 0.000000
vertex 8.075581 2.482759 0.000000
endloop
endfacet
facet normal 0.000000 0.000000 1.000000
outer loop
vertex 8.935866 1.655172 0.000000
vertex 9.829453 1.655172 0.000000
vertex 9.870155 2.482759 0.000000
endloop
endfacet
facet normal 0.000000 0.000000 1.000000
outer loop
vertex 8.935866 1.655172 0.000000
vertex 9.870155 2.482759 0.000000
vertex 8.972868 2.482759 0.000000
endloop
endfacet
facet normal 0.000000 0.000000 1.000000
outer loop
vertex 9.829453 1.655172 0.000000
vertex 10.723040 1.655172 0.000000
vertex 10.767442 2.482759 0.000000
endloop
endfacet
facet normal 0.000000 0.000000 1.000000
outer loop
vertex 9.829453 1.655172 0.000000
vertex 10.767442 2.482759 0.000000
vertex 9.870155 2.482759 0.000000
endloop
endfacet
facet normal 0.000000 0.000000 1.000000
outer loop
vertex 10.723040 1.655172 0.000000
vertex 11.616626 1.655172 0.000000
vertex 11.664728 2.482759 0.000000
endloop
endfacet
facet normal 0.000000 0.000000 1.000000
outer loop
vertex 10.723040 1.655172 0.000000
vertex 11.664728 2.482759 0.000000
vertex 10.767442 2.482759 0.000000
endloop
endfacet
facet normal 0.000000 0.000000 1.000000
outer loop
vertex 11.616626 1.655172 0.000000
vertex 12.510213 1.655172 0.000000
vertex 12.562015 2.482759 0.000000
endloop
endfacet
facet normal 0.000000 0.000000 1.000000
outer loop
vertex 11.616626 1.655172 0.000000
vertex 12.562015 2.482759 0.000000
vertex 11.664728 2.482759 0.000000
endloop
endfacet
facet normal 0.000000 0.000000 1.000000
outer loop
vertex 12.510213 1.655172 0.000000
vertex 13.403800 1.655172 0.000000
vertex 13.459302 2.482759 0.000000
endloop
endfacet
facet normal 0.000000 0.000000 1.000000
outer loop
vertex 12.510213 1.655172 0.000000
vertex 13.459302 2.482759 0.000000
vertex 12.562015 2.482759 0.000000
endloop
endfacet
facet normal 0.000000 0.000000 1.000000
outer loop
vertex 13.403800 1.655172 0.000000
vertex 14.297386 1.655172 0.000000
vertex 14.356589 2.482759 0.000000
endloop
endfacet
facet normal 0.000000 0.000000 1.000000
outer loop
vertex 13.403800 1.655172 0.000000
vertex 14.356589 2.482759 0.000000
vertex 13.459302 2.482759 0.000000
endloop
endfacet
facet normal 0.000000 0.000000 1.000000
outer loop
vertex 14.297386 1.655172 0.000000
vertex 15.190973 1.655172 0.000000
vertex 15.253875 2.482759 0.000000
endloop
endfacet
facet normal 0.000000 0.000000 1.000000
outer loop
vertex 14.297386 1.655172 0.000000
vertex 15.253875 2.482759 0.000000
vertex 14.356589 2.482759 0.000000
endloop
endfacet
facet normal 0.000000 -0.000000 1.000000
outer loop
vertex 15.190973 1.655172 0.000000
vertex 16.084560 1.655172 0.000000
vertex 16.151162 2.482759 0.000000
endloop
endfacet
facet normal -0.000000 0.000000 1.000000
outer loop
vertex 15.190973 1.655172 0.000000
vertex 16.151162 2.482759 0.000000
vertex 15.253875 2.482759 0.000000
endloop
endfacet
facet normal 0.000000 -0.021671 0.999765
outer loop
vertex 16.084560 1.655172 0.000000
vertex 16.978146 1.655172 0.000000
vertex 17.048270 2.482759 0.017939
endloop
endfacet
facet normal -0.019993 0.001609 0.999799
outer loop
vertex 16.084560 1.655172 0.000000
vertex 17.048270 2.482759 0.017939
vertex 16.151162 2.482759 0.000000
endloop
endfacet
facet normal -0.000342 -0.471832 0.881689
outer loop
vertex 16.978146 1.655172 0.000000
vertex 17.871733 1.655172 0.000346
vertex 17.838375 2.482759 0.443212
endloop
endfacet
facet normal -0.473850 0.021068 0.880354
outer loop
vertex 16.978146 1.655172 0.000000
vertex 17.838375 2.482759 0.443212
vertex 17.048270 2.482759 0.017939
endloop
endfacet
facet normal -0.168536 -0.719341 0.673902
outer loop
vertex 17.871733 1.655172 0.000346
vertex 18.738621 1.655172 0.217147
vertex 18.506259 2.482759 1.042424
endloop
endfacet
facet normal -0.614548 -0.391323 0.684979
outer loop
vertex 17.871733 1.655172 0.000346
vertex 18.506259 2.482759 1.042424
vertex 17.838375 2.482759 0.443212
endloop
endfacet
facet normal -0.470973 -0.699312 0.537724
outer loop
vertex 18.738621 1.655172 0.217147
vertex 19.410825 1.655172 0.805906
vertex 19.157177 2.482759 1.660024
endloop
endfacet
facet normal -0.507383 -0.675721 0.534755
outer loop
vertex 18.738621 1.655172 0.217147
vertex 19.157177 2.482759 1.660024
vertex 18.506259 2.482759 1.042424
endloop
endfacet
facet normal -0.607363 -0.595391 0.525946
outer loop
vertex 19.410825 1.655172 0.805906
vertex 19.995786 1.655172 1.481419
vertex 19.841621 2.482759 2.240248
endloop
endfacet
facet normal -0.460586 -0.701902 0.543318
outer loop
vertex 19.410825 1.655172 0.805906
vertex 19.841621 2.482759 2.240248
vertex 19.157177 2.482759 1.660024
endloop
endfacet
facet normal -0.648502 -0.459066 0.607210
outer loop
vertex 19.995786 1.655172 1.481419
vertex 20.606540 1.655172 2.133706
vertex 20.587495 2.482759 2.739042
endloop
endfacet
facet normal -0.420273 -0.654533 0.628456
outer loop
vertex 19.995786 1.655172 1.481419
vertex 20.587495 2.482759 2.739042
vertex 19.841621 2.482759 2.240248
endloop
endfacet
facet normal -0.369103 -0.597251 0.712077
outer loop
vertex 20.606540 1.655172 2.133706
vertex 21.399881 1.655172 2.544931
vertex 21.349442 2.482759 3.212920
endloop
endfacet
facet normal -0.446180 -0.535017 0.717412
outer loop
vertex 20.606540 1.655172 2.133706
vertex 21.349442 2.482759 3.212920
vertex 20.587495 2.482759 2.739042
endloop
endfacet
facet normal 0.148316 -0.662884 0.733885
outer loop
vertex 21.399881 1.655172 2.544931
vertex 22.275760 1.655172 2.367919
vertex 22.242134 2.482759 3.122235
endloop
endfacet
facet normal 0.079040 -0.623197 0.778061
outer loop
vertex 21.399881 1.655172 2.544931
vertex 22.242134 2.482759 3.122235
vertex 21.349442 2.482759 3.212920
endloop
endfacet
facet normal 0.489700 -0.536536 0.687258
outer loop
vertex 22.275760 1.655172 2.367919
vertex 23.003501 1.655172 1.849373
vertex 22.930923 2.482759 2.547176
endloop
endfacet
facet normal 0.531534 -0.558694 0.636657
outer loop
vertex 22.275760 1.655172 2.367919
vertex 22.930923 2.482759 2.547176
vertex 22.242134 2.482759 3.122235
endloop
endfacet
facet normal 0.729584 -0.431154 0.530861
outer loop
vertex 23.003501 1.655172 1.849373
vertex 23.529248 1.655172 1.126817
vertex 23.493472 2.482759 1.848132
endloop
endfacet
facet normal 0.707691 -0.418133 0.569507
outer loop
vertex 23.003501 1.655172 1.849373
vertex 23.493472 2.482759 1.848132
vertex 22.930923 2.482759 2.547176
endloop
endfacet
facet normal 0.773541 -0.425542 0.469626
outer loop
vertex 23.529248 1.655172 1.126817
vertex 23.992983 1.655172 0.362980
vertex 23.997352 2.482759 1.105684
endloop
endfacet
facet normal 0.753516 -0.413149 0.511391
outer loop
vertex 23.529248 1.655172 1.126817
vertex 23.997352 2.482759 1.105684
vertex 23.493472 2.482759 1.848132
endloop
endfacet
facet normal 0.000000 0.000000 1.000000
outer loop
vertex 0.000000 2.482759 0.000000
vertex 0.897287 2.482759 0.000000
vertex 0.914195 3.310345 0.000000
endloop
endfacet
facet normal 0.000000 0.000000 1.000000
outer loop
vertex 0.000000 2.482759 0.000000
vertex 0.914195 3.310345 0.000000
vertex 0.000000 3.310345 0.000000
endloop
endfacet
facet normal 0.000000 0.000000 1.000000
outer loop
vertex 0.897287 2.482759 0.000000
vertex 1.794574 2.482759 0.000000
vertex 1.828390 3.310345 0.000000
endloop
endfacet
facet normal 0.000000 0.000000 1.000000
outer loop
vertex 0.897287 2.482759 0.000000
vertex 1.828390 3.310345 0.000000
vertex 0.914195 3.310345 0.000000
endloop
endfacet
facet normal 0.000000 0.000000 1.000000
outer loop
vertex 1.794574 2.482759 0.000000
vertex 2.691860 2.482759 0.000000
vertex 2.742585 3.310345 0.000000
endloop
endfacet
facet normal 0.000000 0.000000 1.000000
outer loop
vertex 1.794574 2.482759 0.000000
vertex 2.742585 3.310345 0.000000
vertex 1.828390 3.310345 0.000000
endloop
endfacet
facet normal 0.000000 0.000000 1.000000
outer loop
vertex 2.691860 2.482759 0.000000
vertex 3.589147 2.482759 0.000000
vertex 3.656780 3.310345 0.000000
endloop
endfacet
facet normal 0.000000 0.000000 1.000000
outer loop
vertex 2.691860 2.482759 0.000000
vertex 3.656780 3.310345 0.000000
vertex 2.742585 3.310345 0.000000
endloop
endfacet
facet normal 0.000000 0.000000 1.000000
outer loop
vertex 3.589147 2.482759 0.000000
vertex 4.486434 2.482759 0.000000
vertex 4.570976 3.310345 0.000000
endloop
endfacet
facet normal 0.000000 0.000000 1.000000
outer loop
vertex 3.589147 2.482759 0.000000
vertex 4.570976 3.310345 0.000000
vertex 3.656780 3.310345 0.000000
endloop
endfacet
facet normal 0.000000 0.000000 1.000000
outer loop
vertex 4.486434 2.482759 0.000000
vertex 5.383721 2.482759 0.000000
vertex 5.485171 3.310345 0.000000
endloop
endfacet
facet normal 0.000000 0.000000 1.000000
outer loop
vertex 4.486434 2.482759 0.000000
vertex 5.485171 3.310345 0.000000
vertex 4.570976 3.310345 0.000000
endloop
endfacet
facet normal 0.000000 0.000000 1.000000
outer loop
vertex 5.383721 2.482759 0.000000
vertex 6.281008 2.482759 0.000000
vertex 6.399366 3.310345 0.000000
endloop
endfacet
facet normal 0.000000 0.000000 1.000000
outer loop
vertex 5.383721 2.482759 0.000000
vertex 6.399366 3.310345 0.000000
vertex 5.485171 3.310345 0.000000
endloop
endfacet
facet normal 0.000000 0.000000 1.000000
outer loop
vertex 6.281008 2.482759 0.000000
vertex 7.178294 2.482759 0.000000
vertex 7.313561 3.310345 0.000000
endloop
endfacet
facet normal 0.000000 0.000000 1.000000
outer loop
vertex 6.281008 2.482759 0.000000
vertex 7.313561 3.310345 0.000000
vertex 6.399366 3.310345 0.000000
endloop
endfacet
facet normal 0.000000 0.000000 1.000000
outer loop
vertex 7.178294 2.482759 0.000000
vertex 8.075581 2.482759 0.000000
vertex 8.227756 3.310345 0.000000
endloop
endfacet
facet normal 0.000000 0.000000 1.000000
outer loop
vertex 7.178294 2.482759 0.000000
vertex 8.227756 3.310345 0.000000
vertex 7.313561 3.310345 0.000000
endloop
endfacet
facet normal 0.000000 0.000000 1.000000
outer loop
vertex 8.075581 2.482759 0.000000
vertex 8.972868 2.482759 0.000000
vertex 9.141951 3.310345 0.000000
endloop
endfacet
facet normal 0.000000 0.000000 1.000000
outer loop
vertex 8.075581 2.482759 0.000000
vertex 9.141951 3.310345 0.000000
vertex 8.227756 3.310345 0.000000
endloop
endfacet
facet normal 0.000000 0.000000 1.000000
outer loop
vertex 8.972868 2.482759 0.000000
vertex 9.870155 2.482759 0.000000
vertex 10.056146 3.310345 0.000000
endloop
endfacet
facet normal 0.000000 0.000000 1.000000
outer loop
vertex 8.972868 2.482759 0.000000
vertex 10.056146 3.310345 0.000000
vertex 9.141951 3.310345 0.000000
endloop
endfacet
facet normal 0.000000 0.000000 1.000000
outer loop
vertex 9.870155 2.482759 0.000000
vertex 10.767442 2.482759 0.000000
vertex 10.970341 3.310345 0.000000
endloop
endfacet
facet normal 0.000000 0.000000 1.000000
outer loop
vertex 9.870155 2.482759 0.000000
vertex 10.970341 3.310345 0.000000
vertex 10.056146 3.310345 0.000000
endloop
endfacet
facet normal 0.000000 0.000000 1.000000
outer loop
vertex 10.767442 2.482759 0.000000
vertex 11.664728 2.482759 0.000000
vertex 11.884536 3.310345 0.000000
endloop
endfacet
facet normal 0.000000 0.000000 1.000000
outer loop
vertex 10.767442 2.482759 0.000000
vertex 11.884536 3.310345 0.000000
vertex 10.970341 3.310345 0.000000
endloop
endfacet
facet normal 0.000000 0.000000 1.000000
outer loop
vertex 11.664728 2.482759 0.000000
vertex 12.562015 2.482759 0.000000
vertex 12.798731 3.310345 0.000000
endloop
endfacet
facet normal 0.000000 0.000000 1.000000
outer loop
vertex 11.664728 2.482759 0.000000
vertex 12.798731 3.310345 0.000000
vertex 11.884536 3.310345 0.000000
endloop
endfacet
facet normal 0.000000 0.000000 1.000000
outer loop
vertex 12.562015 2.482759 0.000000
vertex 13.459302 2.482759 0.000000
vertex 13.712927 3.310345 0.000000
endloop
endfacet
facet normal 0.000000 0.000000 1.000000
outer loop
vertex 12.562015 2.482759 0.000000
vertex 13.712927 3.310345 0.000000
vertex 12.798731 3.310345 0.000000
endloop
endfacet
facet normal 0.000000 0.000000 1.000000
outer loop
vertex 13.459302 2.482759 0.000000
vertex 14.356589 2.482759 0.000000
vertex 14.627122 3.310345 0.000000
endloop
endfacet
facet normal 0.000000 0.000000 1.000000
outer loop
vertex 13.459302 2.482759 0.000000
vertex 14.627122 3.310345 0.000000
vertex 13.712927 3.310345 0.000000
endloop
endfacet
facet normal 0.000000 0.000000 1.000000
outer loop
vertex 14.356589 2.482759 0.000000
vertex 15.253875 2.482759 0.000000
vertex 15.541317 3.310345 0.000000
endloop
endfacet
facet normal 0.000000 0.000000 1.000000
outer loop
vertex 14.356589 2.482759 0.000000
vertex 15.541317 3.310345 0.000000
vertex 14.627122 3.310345 0.000000
endloop
endfacet
facet normal -0.000000 -0.008937 0.999960
outer loop
vertex 15.253875 2.482759 0.000000
vertex 16.151162 2.482759 0.000000
vertex 16.455482 3.310345 0.007396
endloop
endfacet
facet normal -0.008090 0.002810 0.999963
outer loop
vertex 15.253875 2.482759 0.000000
vertex 16.455482 3.310345 0.007396
vertex 15.541317 3.310345 0.000000
endloop
endfacet
facet normal -0.015925 -0.604550 0.796408
outer loop
vertex 16.151162 2.482759 0.000000
vertex 17.048270 2.482759 0.017939
vertex 17.108323 3.310345 0.647358
endloop
endfacet
facet normal -0.678961 0.243477 0.692626
outer loop
vertex 16.151162 2.482759 0.000000
vertex 17.108323 3.310345 0.647358
vertex 16.455482 3.310345 0.007396
endloop
endfacet
facet normal -0.333092 -0.711395 0.618844
outer loop
vertex 17.048270 2.482759 0.017939
vertex 17.838375 2.482759 0.443212
vertex 17.717156 3.310345 1.329322
endloop
endfacet
facet normal -0.679662 -0.412164 0.606778
outer loop
vertex 17.048270 2.482759 0.017939
vertex 17.717156 3.310345 1.329322
vertex 17.108323 3.310345 0.647358
endloop
endfacet
facet normal -0.481029 -0.693647 0.536158
outer loop
vertex 17.838375 2.482759 0.443212
vertex 18.506259 2.482759 1.042424
vertex 18.358644 3.310345 1.980664
endloop
endfacet
facet normal -0.541344 -0.650149 0.533154
outer loop
vertex 17.838375 2.482759 0.443212
vertex 18.358644 3.310345 1.980664
vertex 17.717156 3.310345 1.329322
endloop
endfacet
facet normal -0.549654 -0.601902 0.579306
outer loop
vertex 18.506259 2.482759 1.042424
vertex 19.157177 2.482759 1.660024
vertex 19.120855 3.310345 2.485428
endloop
endfacet
facet normal -0.381984 -0.722066 0.576809
outer loop
vertex 18.506259 2.482759 1.042424
vertex 19.120855 3.310345 2.485428
vertex 18.358644 3.310345 1.980664
endloop
endfacet
facet normal -0.549424 -0.527336 0.648112
outer loop
vertex 19.157177 2.482759 1.660024
vertex 19.841621 2.482759 2.240248
vertex 19.900217 3.310345 2.963286
endloop
endfacet
facet normal -0.393729 -0.657738 0.642151
outer loop
vertex 19.157177 2.482759 1.660024
vertex 19.900217 3.310345 2.963286
vertex 19.120855 3.310345 2.485428
endloop
endfacet
facet normal -0.489588 -0.473628 0.732107
outer loop
vertex 19.841621 2.482759 2.240248
vertex 20.587495 2.482759 2.739042
vertex 20.721790 3.310345 3.364248
endloop
endfacet
facet normal -0.350186 -0.602093 0.717533
outer loop
vertex 19.841621 2.482759 2.240248
vertex 20.721790 3.310345 3.364248
vertex 19.900217 3.310345 2.963286
endloop
endfacet
facet normal -0.521121 -0.162305 0.837908
outer loop
vertex 20.587495 2.482759 2.739042
vertex 21.349442 2.482759 3.212920
vertex 21.618786 3.310345 3.540740
endloop
endfacet
facet normal -0.157422 -0.578877 0.800075
outer loop
vertex 20.587495 2.482759 2.739042
vertex 21.618786 3.310345 3.540740
vertex 20.721790 3.310345 3.364248
endloop
endfacet
facet normal 0.100725 -0.082071 0.991523
outer loop
vertex 21.349442 2.482759 3.212920
vertex 22.242134 2.482759 3.122235
vertex 22.454080 3.310345 3.169206
endloop
endfacet
facet normal 0.364342 -0.443046 0.819125
outer loop
vertex 21.349442 2.482759 3.212920
vertex 22.454080 3.310345 3.169206
vertex 21.618786 3.310345 3.540740
endloop
endfacet
facet normal 0.637547 -0.101948 0.763636
outer loop
vertex 22.242134 2.482759 3.122235
vertex 22.930923 2.482759 2.547176
vertex 23.096851 3.310345 2.519131
endloop
endfacet
facet normal 0.694187 -0.216739 0.686388
outer loop
vertex 22.242134 2.482759 3.122235
vertex 23.096851 3.310345 2.519131
vertex 22.454080 3.310345 3.169206
endloop
endfacet
facet normal 0.778755 0.028144 0.626696
outer loop
vertex 22.930923 2.482759 2.547176
vertex 23.493472 2.482759 1.848132
vertex 23.558555 3.310345 1.730092
endloop
endfacet
facet normal 0.852791 -0.154071 0.499009
outer loop
vertex 22.930923 2.482759 2.547176
vertex 23.558555 3.310345 1.730092
vertex 23.096851 3.310345 2.519131
endloop
endfacet
facet normal 0.821264 0.121925 0.557369
outer loop
vertex 23.493472 2.482759 1.848132
vertex 23.997352 2.482759 1.105684
vertex 23.995648 3.310345 0.927159
endloop
endfacet
facet normal 0.878295 -0.000876 0.478118
outer loop
vertex 23.493472 2.482759 1.848132
vertex 23.995648 3.310345 0.927159
vertex 23.558555 3.310345 1.730092
endloop
endfacet
facet normal 0.000000 -0.000000 1.000000
outer loop
vertex 0.000000 3.310345 0.000000
vertex 0.914195 3.310345 0.000000
vertex 0.925387 4.137931 0.000000
endloop
endfacet
facet normal -0.000000 0.000000 1.000000
outer loop
vertex 0.000000 3.310345 0.000000
vertex 0.925387 4.137931 0.000000
vertex 0.000000 4.137931 0.000000
endloop
endfacet
facet normal 0.000000 -0.002071 0.999998
outer loop
vertex 0.914195 3.310345 0.000000
vertex 1.828390 3.310345 0.000000
vertex 1.850772 4.137931 0.001714
endloop
endfacet
facet normal -0.001852 0.000025 0.999998
outer loop
vertex 0.914195 3.310345 0.000000
vertex 1.850772 4.137931 0.001714
vertex 0.925387 4.137931 0.000000
endloop
endfacet
facet normal 0.000000 -0.005955 0.999982
outer loop
vertex 1.828390 3.310345 0.000000
vertex 2.742585 3.310345 0.000000
vertex 2.776153 4.137931 0.004928
endloop
endfacet
facet normal -0.003474 -0.001977 0.999992
outer loop
vertex 1.828390 3.310345 0.000000
vertex 2.776153 4.137931 0.004928
vertex 1.850772 4.137931 0.001714
endloop
endfacet
facet normal 0.000000 -0.016891 0.999857
outer loop
vertex 2.742585 3.310345 0.000000
vertex 3.656780 3.310345 0.000000
vertex 3.701496 4.137931 0.013981
endloop
endfacet
facet normal -0.009782 -0.005558 0.999937
outer loop
vertex 2.742585 3.310345 0.000000
vertex 3.701496 4.137931 0.013981
vertex 2.776153 4.137931 0.004928
endloop
endfacet
facet normal 0.000000 -0.042042 0.999116
outer loop
vertex 3.656780 3.310345 0.000000
vertex 4.570976 3.310345 0.000000
vertex 4.626647 4.137931 0.034824
endloop
endfacet
facet normal -0.022521 -0.015670 0.999624
outer loop
vertex 3.656780 3.310345 0.000000
vertex 4.626647 4.137931 0.034824
vertex 3.701496 4.137931 0.013981
endloop
endfacet
facet normal 0.000000 -0.044857 0.998993
outer loop
vertex 4.570976 3.310345 0.000000
vertex 5.485171 3.310345 0.000000
vertex 5.552031 4.137931 0.037161
endloop
endfacet
facet normal -0.002523 -0.041873 0.999120
outer loop
vertex 4.570976 3.310345 0.000000
vertex 5.552031 4.137931 0.037161
vertex 4.626647 4.137931 0.034824
endloop
endfacet
facet normal 0.000000 -0.010319 0.999947
outer loop
vertex 5.485171 3.310345 0.000000
vertex 6.399366 3.310345 0.000000
vertex 6.476975 4.137931 0.008540
endloop
endfacet
facet normal 0.030893 -0.047327 0.998402
outer loop
vertex 5.485171 3.310345 0.000000
vertex 6.476975 4.137931 0.008540
vertex 5.552031 4.137931 0.037161
endloop
endfacet
facet normal 0.000000 -0.000150 1.000000
outer loop
vertex 6.399366 3.310345 0.000000
vertex 7.313561 3.310345 0.000000
vertex 7.402324 4.137931 0.000124
endloop
endfacet
facet normal 0.009094 -0.011171 0.999896
outer loop
vertex 6.399366 3.310345 0.000000
vertex 7.402324 4.137931 0.000124
vertex 6.476975 4.137931 0.008540
endloop
endfacet
facet normal -0.000000 0.000002 1.000000
outer loop
vertex 7.313561 3.310345 0.000000
vertex 8.227756 3.310345 0.000000
vertex 8.327711 4.137931 -0.000001
endloop
endfacet
facet normal 0.000136 -0.000165 1.000000
outer loop
vertex 7.313561 3.310345 0.000000
vertex 8.327711 4.137931 -0.000001
vertex 7.402324 4.137931 0.000124
endloop
endfacet
facet normal -0.000000 0.000002 1.000000
outer loop
vertex 8.227756 3.310345 0.000000
vertex 9.141951 3.310345 0.000000
vertex 9.253097 4.137931 -0.000001
endloop
endfacet
facet normal 0.000000 0.000002 1.000000
outer loop
vertex 8.227756 3.310345 0.000000
vertex 9.253097 4.137931 -0.000001
vertex 8.327711 4.137931 -0.000001
endloop
endfacet
facet normal -0.000000 0.000002 1.000000
outer loop
vertex 9.141951 3.310345 0.000000
vertex 10.056146 3.310345 0.000000
vertex 10.178484 4.137931 -0.000001
endloop
endfacet
facet normal 0.000000 0.000002 1.000000
outer loop
vertex 9.141951 3.310345 0.000000
vertex 10.178484 4.137931 -0.000001
vertex 9.253097 4.137931 -0.000001
endloop
endfacet
facet normal -0.000000 0.000002 1.000000
outer loop
vertex 10.056146 3.310345 0.000000
vertex 10.970341 3.310345 0.000000
vertex 11.103871 4.137931 -0.000001
endloop
endfacet
facet normal 0.000000 0.000002 1.000000
outer loop
vertex 10.056146 3.310345 0.000000
vertex 11.103871 4.137931 -0.000001
vertex 10.178484 4.137931 -0.000001
endloop
endfacet
facet normal -0.000000 0.000002 1.000000
outer loop
vertex 10.970341 3.310345 0.000000
vertex 11.884536 3.310345 0.000000
vertex 12.029257 4.137931 -0.000001
endloop
endfacet
facet normal 0.000000 0.000002 1.000000
outer loop
vertex 10.970341 3.310345 0.000000
vertex 12.029257 4.137931 -0.000001
vertex 11.103871 4.137931 -0.000001
endloop
endfacet
facet normal -0.000000 0.000002 1.000000
outer loop
vertex 11.884536 3.310345 0.000000
vertex 12.798731 3.310345 0.000000
vertex 12.954644 4.137931 -0.000001
endloop
endfacet
facet normal 0.000000 0.000002 1.000000
outer loop
vertex 11.884536 3.310345 0.000000
vertex 12.954644 4.137931 -0.000001
vertex 12.029257 4.137931 -0.000001
endloop
endfacet
facet normal -0.000000 0.000002 1.000000
outer loop
vertex 12.798731 3.310345 0.000000
vertex 13.712927 3.310345 0.000000
vertex 13.880031 4.137931 -0.000001
endloop
endfacet
facet normal 0.000000 0.000002 1.000000
outer loop
vertex 12.798731 3.310345 0.000000
vertex 13.880031 4.137931 -0.000001
vertex 12.954644 4.137931 -0.000001
endloop
endfacet
facet normal -0.000000 0.000002 1.000000
outer loop
vertex 13.712927 3.310345 0.000000
vertex 14.627122 3.310345 0.000000
vertex 14.805418 4.137931 -0.000001
endloop
endfacet
facet normal 0.000000 0.000002 1.000000
outer loop
vertex 13.712927 3.310345 0.000000
vertex 14.805418 4.137931 -0.000001
vertex 13.880031 4.137931 -0.000001
endloop
endfacet
facet normal 0.000000 -0.007208 0.999974
outer loop
vertex 14.627122 3.310345 0.000000
vertex 15.541317 3.310345 0.000000
vertex 15.730785 4.137931 0.005965
endloop
endfacet
facet normal -0.006447 0.001391 0.999978
outer loop
vertex 14.627122 3.310345 0.000000
vertex 15.730785 4.137931 0.005965
vertex 14.805418 4.137931 -0.000001
endloop
endfacet
facet normal -0.007809 -0.261506 0.965170
outer loop
vertex 15.541317 3.310345 0.000000
vertex 16.455482 3.310345 0.007396
vertex 16.627884 4.137931 0.233020
endloop
endfacet
facet normal -0.245066 0.049127 0.968261
outer loop
vertex 15.541317 3.310345 0.000000
vertex 16.627884 4.137931 0.233020
vertex 15.730785 4.137931 0.005965
endloop
endfacet
facet normal -0.665585 -0.309811 0.678980
outer loop
vertex 16.455482 3.310345 0.007396
vertex 17.108323 3.310345 0.647358
vertex 17.107656 4.137931 1.024322
endloop
endfacet
facet normal -0.854527 0.036765 0.518105
outer loop
vertex 16.455482 3.310345 0.007396
vertex 17.107656 4.137931 1.024322
vertex 16.627884 4.137931 0.233020
endloop
endfacet
facet normal -0.676992 -0.419988 0.604394
outer loop
vertex 17.108323 3.310345 0.647358
vertex 17.717156 3.310345 1.329322
vertex 17.619639 4.137931 1.795175
endloop
endfacet
facet normal -0.807622 -0.244983 0.536405
outer loop
vertex 17.108323 3.310345 0.647358
vertex 17.619639 4.137931 1.795175
vertex 17.107656 4.137931 1.024322
endloop
endfacet
facet normal -0.601889 -0.535106 0.592783
outer loop
vertex 17.717156 3.310345 1.329322
vertex 18.358644 3.310345 1.980664
vertex 18.171666 4.137931 2.537878
endloop
endfacet
facet normal -0.737214 -0.395310 0.547947
outer loop
vertex 17.717156 3.310345 1.329322
vertex 18.171666 4.137931 2.537878
vertex 17.619639 4.137931 1.795175
endloop
endfacet
facet normal -0.469023 -0.527647 0.708241
outer loop
vertex 18.358644 3.310345 1.980664
vertex 19.120855 3.310345 2.485428
vertex 18.971587 4.137931 3.003138
endloop
endfacet
facet normal -0.412739 -0.571038 0.709621
outer loop
vertex 18.358644 3.310345 1.980664
vertex 18.971587 4.137931 3.003138
vertex 18.171666 4.137931 2.537878
endloop
endfacet
facet normal -0.453429 -0.497506 0.739520
outer loop
vertex 19.120855 3.310345 2.485428
vertex 19.900217 3.310345 2.963286
vertex 19.782953 4.137931 3.448139
endloop
endfacet
facet normal -0.405910 -0.536189 0.740093
outer loop
vertex 19.120855 3.310345 2.485428
vertex 19.782953 4.137931 3.448139
vertex 18.971587 4.137931 3.003138
endloop
endfacet
facet normal -0.376506 -0.512921 0.771463
outer loop
vertex 19.900217 3.310345 2.963286
vertex 20.721790 3.310345 3.364248
vertex 20.611344 4.137931 3.860581
endloop
endfacet
facet normal -0.384267 -0.506618 0.771801
outer loop
vertex 19.900217 3.310345 2.963286
vertex 20.611344 4.137931 3.860581
vertex 19.782953 4.137931 3.448139
endloop
endfacet
facet normal -0.181678 -0.338246 0.923354
outer loop
vertex 20.721790 3.310345 3.364248
vertex 21.618786 3.310345 3.540740
vertex 21.536144 4.137931 3.827643
endloop
endfacet
facet normal 0.030594 -0.511083 0.858987
outer loop
vertex 20.721790 3.310345 3.364248
vertex 21.536144 4.137931 3.827643
vertex 20.611344 4.137931 3.860581
endloop
endfacet
facet normal 0.405145 -0.078698 0.910859
outer loop
vertex 21.618786 3.310345 3.540740
vertex 22.454080 3.310345 3.169206
vertex 22.302072 4.137931 3.308321
endloop
endfacet
facet normal 0.546807 -0.224978 0.806466
outer loop
vertex 21.618786 3.310345 3.540740
vertex 22.302072 4.137931 3.308321
vertex 21.536144 4.137931 3.827643
endloop
endfacet
facet normal 0.708343 -0.087813 0.700385
outer loop
vertex 22.454080 3.310345 3.169206
vertex 23.096851 3.310345 2.519131
vertex 23.009262 4.137931 2.711477
endloop
endfacet
facet normal 0.644936 -0.009996 0.764172
outer loop
vertex 22.454080 3.310345 3.169206
vertex 23.009262 4.137931 2.711477
vertex 22.302072 4.137931 3.308321
endloop
endfacet
facet normal 0.857915 -0.109413 0.502007
outer loop
vertex 23.096851 3.310345 2.519131
vertex 23.558555 3.310345 1.730092
vertex 23.535326 4.137931 1.950164
endloop
endfacet
facet normal 0.821863 -0.045008 0.567904
outer loop
vertex 23.096851 3.310345 2.519131
vertex 23.535326 4.137931 1.950164
vertex 23.009262 4.137931 2.711477
endloop
endfacet
facet normal 0.870340 -0.134293 0.473787
outer loop
vertex 23.558555 3.310345 1.730092
vertex 23.995648 3.310345 0.927159
vertex 24.001587 4.137931 1.150826
endloop
endfacet
facet normal 0.858633 -0.109085 0.500848
outer loop
vertex 23.558555 3.310345 1.730092
vertex 24.001587 4.137931 1.150826
vertex 23.535326 4.137931 1.950164
endloop
endfacet
facet normal -0.000000 -0.020697 0.999786
outer loop
vertex 0.000000 4.137931 0.000000
vertex 0.925387 4.137931 0.000000
vertex 0.940288 4.965517 0.017132
endloop
endfacet
facet normal -0.018217 0.000000 0.999834
outer loop
vertex 0.000000 4.137931 0.000000
vertex 0.940288 4.965517 0.017132
vertex 0.000000 4.965517 0.000000
endloop
endfacet
facet normal -0.001755 -0.319862 0.947462
outer loop
vertex 0.925387 4.137931 0.000000
vertex 1.850772 4.137931 0.001714
vertex 1.842930 4.965517 0.281091
endloop
endfacet
facet normal -0.280644 -0.014814 0.959698
outer loop
vertex 0.925387 4.137931 0.000000
vertex 1.842930 4.965517 0.281091
vertex 0.940288 4.965517 0.017132
endloop
endfacet
facet normal -0.002379 -0.728701 0.684828
outer loop
vertex 1.850772 4.137931 0.001714
vertex 2.776153 4.137931 0.004928
vertex 2.564024 4.965517 0.884796
endloop
endfacet
facet normal -0.620528 -0.256092 0.741189
outer loop
vertex 1.850772 4.137931 0.001714
vertex 2.564024 4.965517 0.884796
vertex 1.842930 4.965517 0.281091
endloop
endfacet
facet normal -0.006046 -0.786125 0.618038
outer loop
vertex 2.776153 4.137931 0.004928
vertex 3.701496 4.137931 0.013981
vertex 3.487130 4.965517 1.064546
endloop
endfacet
facet normal -0.129047 -0.737664 0.662720
outer loop
vertex 2.776153 4.137931 0.004928
vertex 3.487130 4.965517 1.064546
vertex 2.564024 4.965517 0.884796
endloop
endfacet
facet normal -0.011478 -0.860432 0.509436
outer loop
vertex 3.701496 4.137931 0.013981
vertex 4.626647 4.137931 0.034824
vertex 4.355134 4.965517 1.426493
endloop
endfacet
facet normal -0.237940 -0.785991 0.570616
outer loop
vertex 3.701496 4.137931 0.013981
vertex 4.355134 4.965517 1.426493
vertex 3.487130 4.965517 1.064546
endloop
endfacet
facet normal -0.001269 -0.864541 0.502561
outer loop
vertex 4.626647 4.137931 0.034824
vertex 5.552031 4.137931 0.037161
vertex 5.294975 4.965517 1.460183
endloop
endfacet
facet normal -0.018225 -0.860922 0.508411
outer loop
vertex 4.626647 4.137931 0.034824
vertex 5.294975 4.965517 1.460183
vertex 4.355134 4.965517 1.426493
endloop
endfacet
facet normal 0.016602 -0.843718 0.536530
outer loop
vertex 5.552031 4.137931 0.037161
vertex 6.476975 4.137931 0.008540
vertex 6.224573 4.965517 1.317766
endloop
endfacet
facet normal 0.078398 -0.855562 0.511731
outer loop
vertex 5.552031 4.137931 0.037161
vertex 6.224573 4.965517 1.317766
vertex 5.294975 4.965517 1.460183
endloop
endfacet
facet normal 0.005699 -0.779352 0.626561
outer loop
vertex 6.476975 4.137931 0.008540
vertex 7.402324 4.137931 0.000124
vertex 7.120576 4.965517 1.032086
endloop
endfacet
facet normal 0.175353 -0.816567 0.549973
outer loop
vertex 6.476975 4.137931 0.008540
vertex 7.120576 4.965517 1.032086
vertex 6.224573 4.965517 1.317766
endloop
endfacet
facet normal 0.000111 -0.578356 0.815785
outer loop
vertex 7.402324 4.137931 0.000124
vertex 8.327711 4.137931 -0.000001
vertex 7.948907 4.965517 0.586773
endloop
endfacet
facet normal 0.345515 -0.683784 0.642697
outer loop
vertex 7.402324 4.137931 0.000124
vertex 7.948907 4.965517 0.586773
vertex 7.120576 4.965517 1.032086
endloop
endfacet
facet normal 0.000000 -0.265691 0.964058
outer loop
vertex 8.327711 4.137931 -0.000001
vertex 9.253097 4.137931 -0.000001
vertex 8.818260 4.965517 0.228079
endloop
endfacet
facet normal 0.343736 -0.433348 0.833100
outer loop
vertex 8.327711 4.137931 -0.000001
vertex 8.818260 4.965517 0.228079
vertex 7.948907 4.965517 0.586773
endloop
endfacet
facet normal 0.000000 -0.062402 0.998051
outer loop
vertex 9.253097 4.137931 -0.000001
vertex 10.178484 4.137931 -0.000001
vertex 9.742025 4.965517 0.051742
endloop
endfacet
facet normal 0.184784 -0.169692 0.968018
outer loop
vertex 9.253097 4.137931 -0.000001
vertex 9.742025 4.965517 0.051742
vertex 8.818260 4.965517 0.228079
endloop
endfacet
facet normal 0.000000 -0.016337 0.999867
outer loop
vertex 10.178484 4.137931 -0.000001
vertex 11.103871 4.137931 -0.000001
vertex 10.681692 4.965517 0.013521
endloop
endfacet
facet normal 0.040608 -0.041004 0.998333
outer loop
vertex 10.178484 4.137931 -0.000001
vertex 10.681692 4.965517 0.013521
vertex 9.742025 4.965517 0.051742
endloop
endfacet
facet normal 0.000000 -0.015374 0.999882
outer loop
vertex 11.103871 4.137931 -0.000001
vertex 12.029257 4.137931 -0.000001
vertex 11.622136 4.965517 0.012723
endloop
endfacet
facet normal 0.000848 -0.015905 0.999873
outer loop
vertex 11.103871 4.137931 -0.000001
vertex 11.622136 4.965517 0.012723
vertex 10.681692 4.965517 0.013521
endloop
endfacet
facet normal 0.000000 -0.015809 0.999875
outer loop
vertex 12.029257 4.137931 -0.000001
vertex 12.954644 4.137931 -0.000001
vertex 12.562581 4.965517 0.013083
endloop
endfacet
facet normal -0.000383 -0.015562 0.999879
outer loop
vertex 12.029257 4.137931 -0.000001
vertex 12.562581 4.965517 0.013083
vertex 11.622136 4.965517 0.012723
endloop
endfacet
facet normal 0.000000 -0.027604 0.999619
outer loop
vertex 12.954644 4.137931 -0.000001
vertex 13.880031 4.137931 -0.000001
vertex 13.502974 4.965517 0.022852
endloop
endfacet
facet normal -0.010385 -0.020726 0.999731
outer loop
vertex 12.954644 4.137931 -0.000001
vertex 13.502974 4.965517 0.022852
vertex 12.562581 4.965517 0.013083
endloop
endfacet
facet normal 0.000000 -0.105083 0.994463
outer loop
vertex 13.880031 4.137931 -0.000001
vertex 14.805418 4.137931 -0.000001
vertex 14.441197 4.965517 0.087448
endloop
endfacet
facet normal -0.068568 -0.058742 0.995916
outer loop
vertex 13.880031 4.137931 -0.000001
vertex 14.441197 4.965517 0.087448
vertex 13.502974 4.965517 0.022852
endloop
endfacet
facet normal -0.006281 -0.225406 0.974245
outer loop
vertex 14.805418 4.137931 -0.000001
vertex 15.730785 4.137931 0.005965
vertex 15.375455 4.965517 0.195148
endloop
endfacet
facet normal -0.113163 -0.153531 0.981643
outer loop
vertex 14.805418 4.137931 -0.000001
vertex 15.375455 4.965517 0.195148
vertex 14.441197 4.965517 0.087448
endloop
endfacet
facet normal -0.237516 -0.250855 0.938434
outer loop
vertex 15.730785 4.137931 0.005965
vertex 16.627884 4.137931 0.233020
vertex 16.299297 4.965517 0.371079
endloop
endfacet
facet normal -0.178940 -0.291629 0.939645
outer loop
vertex 15.730785 4.137931 0.005965
vertex 16.299297 4.965517 0.371079
vertex 15.375455 4.965517 0.195148
endloop
endfacet
facet normal -0.844297 -0.158487 0.511903
outer loop
vertex 16.627884 4.137931 0.233020
vertex 17.107656 4.137931 1.024322
vertex 16.961261 4.965517 1.039091
endloop
endfacet
facet normal -0.659636 -0.370950 0.653664
outer loop
vertex 16.627884 4.137931 0.233020
vertex 16.961261 4.965517 1.039091
vertex 16.299297 4.965517 0.371079
endloop
endfacet
facet normal -0.827357 -0.116260 0.549512
outer loop
vertex 17.107656 4.137931 1.024322
vertex 17.619639 4.137931 1.795175
vertex 17.508944 4.965517 1.803602
endloop
endfacet
facet normal -0.803431 -0.152394 0.575565
outer loop
vertex 17.107656 4.137931 1.024322
vertex 17.508944 4.965517 1.803602
vertex 16.961261 4.965517 1.039091
endloop
endfacet
facet normal -0.800576 -0.070743 0.595041
outer loop
vertex 17.619639 4.137931 1.795175
vertex 18.171666 4.137931 2.537878
vertex 18.097793 4.965517 2.536878
endloop
endfacet
facet normal -0.774980 -0.109996 0.622340
outer loop
vertex 17.619639 4.137931 1.795175
vertex 18.097793 4.965517 2.536878
vertex 17.508944 4.965517 1.803602
endloop
endfacet
facet normal -0.477116 -0.315376 0.820304
outer loop
vertex 18.171666 4.137931 2.537878
vertex 18.971587 4.137931 3.003138
vertex 18.764053 4.965517 3.200605
endloop
endfacet
facet normal -0.704401 -0.062022 0.707088
outer loop
vertex 18.171666 4.137931 2.537878
vertex 18.764053 4.965517 3.200605
vertex 18.097793 4.965517 2.536878
endloop
endfacet
facet normal -0.456304 -0.315600 0.831976
outer loop
vertex 18.971587 4.137931 3.003138
vertex 19.782953 4.137931 3.448139
vertex 19.587504 4.965517 3.654878
endloop
endfacet
facet normal -0.458701 -0.313425 0.831479
outer loop
vertex 18.971587 4.137931 3.003138
vertex 19.587504 4.965517 3.654878
vertex 18.764053 4.965517 3.200605
endloop
endfacet
facet normal -0.445108 -0.051405 0.894000
outer loop
vertex 19.782953 4.137931 3.448139
vertex 20.611344 4.137931 3.860581
vertex 20.506228 4.965517 3.855832
endloop
endfacet
facet normal -0.204976 -0.282508 0.937110
outer loop
vertex 19.782953 4.137931 3.448139
vertex 20.506228 4.965517 3.855832
vertex 19.587504 4.965517 3.654878
endloop
endfacet
facet normal 0.035506 0.070501 0.996880
outer loop
vertex 20.611344 4.137931 3.860581
vertex 21.536144 4.137931 3.827643
vertex 21.442967 4.965517 3.772433
endloop
endfacet
facet normal 0.088667 0.016978 0.995917
outer loop
vertex 20.611344 4.137931 3.860581
vertex 21.442967 4.965517 3.772433
vertex 20.506228 4.965517 3.855832
endloop
endfacet
facet normal 0.556987 0.122210 0.821480
outer loop
vertex 21.536144 4.137931 3.827643
vertex 22.302072 4.137931 3.308321
vertex 22.219153 4.965517 3.241425
endloop
endfacet
facet normal 0.560704 0.117805 0.819593
outer loop
vertex 21.536144 4.137931 3.827643
vertex 22.219153 4.965517 3.241425
vertex 21.442967 4.965517 3.772433
endloop
endfacet
facet normal 0.632427 0.196242 0.749350
outer loop
vertex 22.302072 4.137931 3.308321
vertex 23.009262 4.137931 2.711477
vertex 22.896976 4.965517 2.589511
endloop
endfacet
facet normal 0.687612 0.126686 0.714941
outer loop
vertex 22.302072 4.137931 3.308321
vertex 22.896976 4.965517 2.589511
vertex 22.219153 4.965517 3.241425
endloop
endfacet
facet normal 0.816104 0.126347 0.563925
outer loop
vertex 23.009262 4.137931 2.711477
vertex 23.535326 4.137931 1.950164
vertex 23.476963 4.965517 1.849206
endloop
endfacet
facet normal 0.772240 0.193939 0.605006
outer loop
vertex 23.009262 4.137931 2.711477
vertex 23.476963 4.965517 1.849206
vertex 22.896976 4.965517 2.589511
endloop
endfacet
facet normal 0.862287 0.058931 0.502979
outer loop
vertex 23.535326 4.137931 1.950164
vertex 24.001587 4.137931 1.150826
vertex 23.995359 4.965517 1.064540
endloop
endfacet
facet normal 0.827803 0.125094 0.546894
outer loop
vertex 23.535326 4.137931 1.950164
vertex 23.995359 4.965517 1.064540
vertex 23.476963 4.965517 1.849206
endloop
endfacet
facet normal -0.016756 -0.392471 0.919612
outer loop
vertex 0.000000 4.965517 0.000000
vertex 0.940288 4.965517 0.017132
vertex 0.859944 5.793103 0.368865
endloop
endfacet
facet normal -0.394041 -0.000203 0.919093
outer loop
vertex 0.000000 4.965517 0.000000
vertex 0.859944 5.793103 0.368865
vertex 0.000000 5.793103 0.000183
endloop
endfacet
facet normal -0.184639 -0.753159 0.631396
outer loop
vertex 0.940288 4.965517 0.017132
vertex 1.842930 4.965517 0.281091
vertex 1.394127 5.793103 1.137032
endloop
endfacet
facet normal -0.781407 -0.306807 0.543390
outer loop
vertex 0.940288 4.965517 0.017132
vertex 1.394127 5.793103 1.137032
vertex 0.859944 5.793103 0.368865
endloop
endfacet
facet normal -0.422398 -0.753012 0.504533
outer loop
vertex 1.842930 4.965517 0.281091
vertex 2.564024 4.965517 0.884796
vertex 2.109823 5.793103 1.739702
endloop
endfacet
facet normal -0.424666 -0.751885 0.504309
outer loop
vertex 1.842930 4.965517 0.281091
vertex 2.109823 5.793103 1.739702
vertex 1.394127 5.793103 1.137032
endloop
endfacet
facet normal -0.116062 -0.794528 0.596033
outer loop
vertex 2.564024 4.965517 0.884796
vertex 3.487130 4.965517 1.064546
vertex 2.985225 5.793103 2.070008
endloop
endfacet
facet normal -0.230476 -0.757479 0.610824
outer loop
vertex 2.564024 4.965517 0.884796
vertex 2.985225 5.793103 2.070008
vertex 2.109823 5.793103 1.739702
endloop
endfacet
facet normal -0.217968 -0.824167 0.522722
outer loop
vertex 3.487130 4.965517 1.064546
vertex 4.355134 4.965517 1.426493
vertex 3.813379 5.793103 2.505429
endloop
endfacet
facet normal -0.275998 -0.805149 0.524938
outer loop
vertex 3.487130 4.965517 1.064546
vertex 3.813379 5.793103 2.505429
vertex 2.985225 5.793103 2.070008
endloop
endfacet
facet normal -0.018524 -0.855933 0.516755
outer loop
vertex 4.355134 4.965517 1.426493
vertex 5.294975 4.965517 1.460183
vertex 4.698212 5.793103 2.809571
endloop
endfacet
facet normal -0.184919 -0.822425 0.537980
outer loop
vertex 4.355134 4.965517 1.426493
vertex 4.698212 5.793103 2.809571
vertex 3.813379 5.793103 2.505429
endloop
endfacet
facet normal 0.075103 -0.868358 0.490219
outer loop
vertex 5.294975 4.965517 1.460183
vertex 6.224573 4.965517 1.317766
vertex 5.631596 5.793103 2.874570
endloop
endfacet
facet normal -0.035585 -0.858846 0.510997
outer loop
vertex 5.294975 4.965517 1.460183
vertex 5.631596 5.793103 2.874570
vertex 4.698212 5.793103 2.809571
endloop
endfacet
facet normal 0.144974 -0.878770 0.454692
outer loop
vertex 6.224573 4.965517 1.317766
vertex 7.120576 4.965517 1.032086
vertex 6.564920 5.793103 2.808702
endloop
endfacet
facet normal 0.033814 -0.877090 0.479135
outer loop
vertex 6.224573 4.965517 1.317766
vertex 6.564920 5.793103 2.808702
vertex 5.631596 5.793103 2.874570
endloop
endfacet
facet normal 0.264648 -0.829233 0.492275
outer loop
vertex 7.120576 4.965517 1.032086
vertex 7.948907 4.965517 0.586773
vertex 7.351490 5.793103 2.302009
endloop
endfacet
facet normal 0.308735 -0.821575 0.479268
outer loop
vertex 7.120576 4.965517 1.032086
vertex 7.351490 5.793103 2.302009
vertex 6.564920 5.793103 2.808702
endloop
endfacet
facet normal 0.196481 -0.857103 0.476203
outer loop
vertex 7.948907 4.965517 0.586773
vertex 8.818260 4.965517 0.228079
vertex 8.223559 5.793103 1.963000
endloop
endfacet
facet normal 0.186126 -0.857972 0.478792
outer loop
vertex 7.948907 4.965517 0.586773
vertex 8.223559 5.793103 1.963000
vertex 7.351490 5.793103 2.302009
endloop
endfacet
facet normal 0.086745 -0.886549 0.454430
outer loop
vertex 8.818260 4.965517 0.228079
vertex 9.742025 4.965517 0.051742
vertex 9.141322 5.793103 1.780950
endloop
endfacet
facet normal 0.090009 -0.886566 0.453760
outer loop
vertex 8.818260 4.965517 0.228079
vertex 9.141322 5.793103 1.780950
vertex 8.223559 5.793103 1.963000
endloop
endfacet
facet normal 0.022481 -0.833083 0.552691
outer loop
vertex 9.742025 4.965517 0.051742
vertex 10.681692 4.965517 0.013521
vertex 9.938544 5.793103 1.291187
endloop
endfacet
facet normal 0.304193 -0.813810 0.495156
outer loop
vertex 9.742025 4.965517 0.051742
vertex 9.938544 5.793103 1.291187
vertex 9.141322 5.793103 1.780950
endloop
endfacet
facet normal 0.000566 -0.744845 0.667237
outer loop
vertex 10.681692 4.965517 0.013521
vertex 11.622136 4.965517 0.012723
vertex 10.804667 5.793103 0.937262
endloop
endfacet
facet normal 0.255790 -0.736706 0.625968
outer loop
vertex 10.681692 4.965517 0.013521
vertex 10.804667 5.793103 0.937262
vertex 9.938544 5.793103 1.291187
endloop
endfacet
facet normal -0.000263 -0.725697 0.688014
outer loop
vertex 11.622136 4.965517 0.012723
vertex 12.562581 4.965517 0.013083
vertex 11.738889 5.793103 0.885682
endloop
endfacet
facet normal 0.037810 -0.727716 0.684835
outer loop
vertex 11.622136 4.965517 0.012723
vertex 11.738889 5.793103 0.885682
vertex 10.804667 5.793103 0.937262
endloop
endfacet
facet normal -0.006586 -0.773300 0.634006
outer loop
vertex 12.562581 4.965517 0.013083
vertex 13.502974 4.965517 0.022852
vertex 12.664320 5.793103 1.023552
endloop
endfacet
facet normal -0.094819 -0.765455 0.636465
outer loop
vertex 12.562581 4.965517 0.013083
vertex 12.664320 5.793103 1.023552
vertex 11.738889 5.793103 0.885682
endloop
endfacet
facet normal -0.038264 -0.830458 0.555765
outer loop
vertex 13.502974 4.965517 0.022852
vertex 14.441197 4.965517 0.087448
vertex 13.568543 5.793103 1.263995
endloop
endfacet
facet normal -0.147341 -0.819311 0.554095
outer loop
vertex 13.502974 4.965517 0.022852
vertex 13.568543 5.793103 1.263995
vertex 12.664320 5.793103 1.023552
endloop
endfacet
facet normal -0.056498 -0.869836 0.490096
outer loop
vertex 14.441197 4.965517 0.087448
vertex 15.375455 4.965517 0.195148
vertex 14.456773 5.793103 1.558067
endloop
endfacet
facet normal -0.160686 -0.859431 0.485344
outer loop
vertex 14.441197 4.965517 0.087448
vertex 14.456773 5.793103 1.558067
vertex 13.568543 5.793103 1.263995
endloop
endfacet
facet normal -0.090129 -0.876289 0.473281
outer loop
vertex 15.375455 4.965517 0.195148
vertex 16.299297 4.965517 0.371079
vertex 15.376909 5.793103 1.727717
endloop
endfacet
facet normal -0.087283 -0.876513 0.473399
outer loop
vertex 15.375455 4.965517 0.195148
vertex 15.376909 5.793103 1.727717
vertex 14.456773 5.793103 1.558067
endloop
endfacet
facet normal -0.453623 -0.769520 0.449516
outer loop
vertex 16.299297 4.965517 0.371079
vertex 16.961261 4.965517 1.039091
vertex 16.309873 5.793103 1.798486
endloop
endfacet
facet normal -0.038035 -0.864364 0.501426
outer loop
vertex 16.299297 4.965517 0.371079
vertex 16.309873 5.793103 1.798486
vertex 15.376909 5.793103 1.727717
endloop
endfacet
facet normal -0.697065 -0.514524 0.499366
outer loop
vertex 16.961261 4.965517 1.039091
vertex 17.508944 4.965517 1.803602
vertex 17.165551 5.793103 2.176967
endloop
endfacet
facet normal -0.264441 -0.756731 0.597854
outer loop
vertex 16.961261 4.965517 1.039091
vertex 17.165551 5.793103 2.176967
vertex 16.309873 5.793103 1.798486
endloop
endfacet
facet normal -0.748551 -0.279879 0.601115
outer loop
vertex 17.508944 4.965517 1.803602
vertex 18.097793 4.965517 2.536878
vertex 17.931201 5.793103 2.714749
endloop
endfacet
facet normal -0.491193 -0.519309 0.699319
outer loop
vertex 17.508944 4.965517 1.803602
vertex 17.931201 5.793103 2.714749
vertex 17.165551 5.793103 2.176967
endloop
endfacet
facet normal -0.700281 -0.124355 0.702953
outer loop
vertex 18.097793 4.965517 2.536878
vertex 18.764053 4.965517 3.200605
vertex 18.685325 5.793103 3.268580
endloop
endfacet
facet normal -0.568137 -0.280635 0.773605
outer loop
vertex 18.097793 4.965517 2.536878
vertex 18.685325 5.793103 3.268580
vertex 17.931201 5.793103 2.714749
endloop
endfacet
facet normal -0.478188 -0.141387 0.866802
outer loop
vertex 18.764053 4.965517 3.200605
vertex 19.587504 4.965517 3.654878
vertex 19.494400 5.793103 3.738505
endloop
endfacet
facet normal -0.498740 -0.117974 0.858685
outer loop
vertex 18.764053 4.965517 3.200605
vertex 19.494400 5.793103 3.738505
vertex 18.685325 5.793103 3.268580
endloop
endfacet
facet normal -0.203442 0.305828 0.930097
outer loop
vertex 19.587504 4.965517 3.654878
vertex 20.506228 4.965517 3.855832
vertex 20.413519 5.793103 3.563433
endloop
endfacet
facet normal 0.186545 -0.077977 0.979347
outer loop
vertex 19.587504 4.965517 3.654878
vertex 20.413519 5.793103 3.563433
vertex 19.494400 5.793103 3.738505
endloop
endfacet
facet normal 0.075064 0.532440 0.843133
outer loop
vertex 20.506228 4.965517 3.855832
vertex 21.442967 4.965517 3.772433
vertex 21.299478 5.793103 3.262587
endloop
endfacet
facet normal 0.301503 0.347481 0.887892
outer loop
vertex 20.506228 4.965517 3.855832
vertex 21.299478 5.793103 3.262587
vertex 20.413519 5.793103 3.563433
endloop
endfacet
facet normal 0.540625 0.288516 0.790242
outer loop
vertex 21.442967 4.965517 3.772433
vertex 22.219153 4.965517 3.241425
vertex 22.185602 5.793103 2.962228
endloop
endfacet
facet normal 0.270493 0.538526 0.798012
outer loop
vertex 21.442967 4.965517 3.772433
vertex 22.185602 5.793103 2.962228
vertex 21.299478 5.793103 3.262587
endloop
endfacet
facet normal 0.683925 0.163011 0.711107
outer loop
vertex 22.219153 4.965517 3.241425
vertex 22.896976 4.965517 2.589511
vertex 22.917824 5.793103 2.379749
endloop
endfacet
facet normal 0.598028 0.277864 0.751768
outer loop
vertex 22.219153 4.965517 3.241425
vertex 22.917824 5.793103 2.379749
vertex 22.185602 5.793103 2.962228
endloop
endfacet
facet normal 0.780806 0.127055 0.611717
outer loop
vertex 22.896976 4.965517 2.589511
vertex 23.476963 4.965517 1.849206
vertex 23.500301 5.793103 1.647525
endloop
endfacet
facet normal 0.775232 0.136780 0.616690
outer loop
vertex 22.896976 4.965517 2.589511
vertex 23.500301 5.793103 1.647525
vertex 22.917824 5.793103 2.379749
endloop
endfacet
facet normal 0.828319 0.120083 0.547236
outer loop
vertex 23.476963 4.965517 1.849206
vertex 23.995359 4.965517 1.064540
vertex 24.009019 5.793103 0.862262
endloop
endfacet
facet normal 0.834348 0.108194 0.540516
outer loop
vertex 23.476963 4.965517 1.849206
vertex 24.009019 5.793103 0.862262
vertex 23.500301 5.793103 1.647525
endloop
endfacet
facet normal -0.280548 -0.702204 0.654372
outer loop
vertex 0.000000 5.793103 0.000183
vertex 0.859944 5.793103 0.368865
vertex 0.488793 6.620690 1.097822
endloop
endfacet
facet normal -0.825954 -0.207417 0.524194
outer loop
vertex 0.000000 5.793103 0.000183
vertex 0.488793 6.620690 1.097822
vertex 0.000000 6.620690 0.327648
endloop
endfacet
facet normal -0.654922 -0.603041 0.455432
outer loop
vertex 0.859944 5.793103 0.368865
vertex 1.394127 5.793103 1.137032
vertex 1.084950 6.620690 1.788243
endloop
endfacet
facet normal -0.558376 -0.675098 0.482141
outer loop
vertex 0.859944 5.793103 0.368865
vertex 1.084950 6.620690 1.788243
vertex 0.488793 6.620690 1.097822
endloop
endfacet
facet normal -0.534352 -0.558386 0.634565
outer loop
vertex 1.394127 5.793103 1.137032
vertex 2.109823 5.793103 1.739702
vertex 1.864734 6.620690 2.261554
endloop
endfacet
facet normal -0.392139 -0.654863 0.646051
outer loop
vertex 1.394127 5.793103 1.137032
vertex 1.864734 6.620690 2.261554
vertex 1.084950 6.620690 1.788243
endloop
endfacet
facet normal -0.275412 -0.625596 0.729916
outer loop
vertex 2.109823 5.793103 1.739702
vertex 2.985225 5.793103 2.070008
vertex 2.682758 6.620690 2.665189
endloop
endfacet
facet normal -0.363095 -0.571546 0.735865
outer loop
vertex 2.109823 5.793103 1.739702
vertex 2.682758 6.620690 2.665189
vertex 1.864734 6.620690 2.261554
endloop
endfacet
facet normal -0.398831 -0.515284 0.758562
outer loop
vertex 2.985225 5.793103 2.070008
vertex 3.813379 5.793103 2.505429
vertex 3.555110 6.620690 2.931810
endloop
endfacet
facet normal -0.228841 -0.622112 0.748738
outer loop
vertex 2.985225 5.793103 2.070008
vertex 3.555110 6.620690 2.931810
vertex 2.682758 6.620690 2.665189
endloop
endfacet
facet normal -0.311609 -0.284698 0.906557
outer loop
vertex 3.813379 5.793103 2.505429
vertex 4.698212 5.793103 2.809571
vertex 4.465473 6.620690 2.989471
endloop
endfacet
facet normal -0.055761 -0.470982 0.880379
outer loop
vertex 3.813379 5.793103 2.505429
vertex 4.465473 6.620690 2.989471
vertex 3.555110 6.620690 2.931810
endloop
endfacet
facet normal -0.065994 -0.312331 0.947678
outer loop
vertex 4.698212 5.793103 2.809571
vertex 5.631596 5.793103 2.874570
vertex 5.366942 6.620690 3.128892
endloop
endfacet
facet normal -0.148004 -0.249645 0.956960
outer loop
vertex 4.698212 5.793103 2.809571
vertex 5.366942 6.620690 3.128892
vertex 4.465473 6.620690 2.989471
endloop
endfacet
facet normal 0.060044 -0.522051 0.850798
outer loop
vertex 5.631596 5.793103 2.874570
vertex 6.564920 5.793103 2.808702
vertex 6.254744 6.620690 3.338400
endloop
endfacet
facet normal -0.215226 -0.349101 0.912034
outer loop
vertex 5.631596 5.793103 2.874570
vertex 6.254744 6.620690 3.338400
vertex 5.366942 6.620690 3.128892
endloop
endfacet
facet normal 0.346933 -0.767844 0.538566
outer loop
vertex 6.564920 5.793103 2.808702
vertex 7.351490 5.793103 2.302009
vertex 7.118358 6.620690 3.632094
endloop
endfacet
facet normal -0.260465 -0.587838 0.765902
outer loop
vertex 6.564920 5.793103 2.808702
vertex 7.118358 6.620690 3.632094
vertex 6.254744 6.620690 3.338400
endloop
endfacet
facet normal 0.244598 -0.737746 0.629208
outer loop
vertex 7.351490 5.793103 2.302009
vertex 8.223559 5.793103 1.963000
vertex 7.844909 6.620690 3.080542
endloop
endfacet
facet normal 0.404755 -0.742896 0.533178
outer loop
vertex 7.351490 5.793103 2.302009
vertex 7.844909 6.620690 3.080542
vertex 7.118358 6.620690 3.632094
endloop
endfacet
facet normal 0.154772 -0.606023 0.780244
outer loop
vertex 8.223559 5.793103 1.963000
vertex 9.141322 5.793103 1.780950
vertex 8.576558 6.620690 2.535773
endloop
endfacet
facet normal 0.464105 -0.629354 0.623313
outer loop
vertex 8.223559 5.793103 1.963000
vertex 8.576558 6.620690 2.535773
vertex 7.844909 6.620690 3.080542
endloop
endfacet
facet normal 0.359254 -0.727300 0.584783
outer loop
vertex 9.141322 5.793103 1.780950
vertex 9.938544 5.793103 1.291187
vertex 9.486613 6.620690 2.598101
endloop
endfacet
facet normal -0.049376 -0.691243 0.720934
outer loop
vertex 9.141322 5.793103 1.780950
vertex 9.486613 6.620690 2.598101
vertex 8.576558 6.620690 2.535773
endloop
endfacet
facet normal 0.221518 -0.810593 0.542097
outer loop
vertex 9.938544 5.793103 1.291187
vertex 10.804667 5.793103 0.937262
vertex 10.365580 6.620690 2.354168
endloop
endfacet
facet normal 0.157238 -0.808867 0.566577
outer loop
vertex 9.938544 5.793103 1.291187
vertex 10.365580 6.620690 2.354168
vertex 9.486613 6.620690 2.598101
endloop
endfacet
facet normal 0.029331 -0.846709 0.531248
outer loop
vertex 10.804667 5.793103 0.937262
vertex 11.738889 5.793103 0.885682
vertex 11.269362 6.620690 2.230622
endloop
endfacet
facet normal 0.071001 -0.851581 0.519393
outer loop
vertex 10.804667 5.793103 0.937262
vertex 11.269362 6.620690 2.230622
vertex 10.365580 6.620690 2.354168
endloop
endfacet
facet normal -0.080069 -0.839482 0.537456
outer loop
vertex 11.738889 5.793103 0.885682
vertex 12.664320 5.793103 1.023552
vertex 12.181447 6.620690 2.244267
endloop
endfacet
facet normal -0.007811 -0.852867 0.522071
outer loop
vertex 11.738889 5.793103 0.885682
vertex 12.181447 6.620690 2.244267
vertex 11.269362 6.620690 2.230622
endloop
endfacet
facet normal -0.148632 -0.815772 0.558950
outer loop
vertex 12.664320 5.793103 1.023552
vertex 13.568543 5.793103 1.263995
vertex 13.088155 6.620690 2.344093
endloop
endfacet
facet normal -0.059872 -0.837070 0.543810
outer loop
vertex 12.664320 5.793103 1.023552
vertex 13.088155 6.620690 2.344093
vertex 12.181447 6.620690 2.244267
endloop
endfacet
facet normal -0.209138 -0.746476 0.631692
outer loop
vertex 13.568543 5.793103 1.263995
vertex 14.456773 5.793103 1.558067
vertex 13.999441 6.620690 2.384623
endloop
endfacet
facet normal -0.026706 -0.799196 0.600477
outer loop
vertex 13.568543 5.793103 1.263995
vertex 13.999441 6.620690 2.384623
vertex 13.088155 6.620690 2.344093
endloop
endfacet
facet normal -0.127629 -0.710306 0.692226
outer loop
vertex 14.456773 5.793103 1.558067
vertex 15.376909 5.793103 1.727717
vertex 14.905521 6.620690 2.490006
endloop
endfacet
facet normal -0.079440 -0.726068 0.683019
outer loop
vertex 14.456773 5.793103 1.558067
vertex 14.905521 6.620690 2.490006
vertex 13.999441 6.620690 2.384623
endloop
endfacet
facet normal -0.050093 -0.749249 0.660391
outer loop
vertex 15.376909 5.793103 1.727717
vertex 16.309873 5.793103 1.798486
vertex 15.793616 6.620690 2.698267
endloop
endfacet
facet normal -0.159289 -0.716399 0.679264
outer loop
vertex 15.376909 5.793103 1.727717
vertex 15.793616 6.620690 2.698267
vertex 14.905521 6.620690 2.490006
endloop
endfacet
facet normal -0.321609 -0.606542 0.727100
outer loop
vertex 16.309873 5.793103 1.798486
vertex 17.165551 5.793103 2.176967
vertex 16.705147 6.620690 2.663688
endloop
endfacet
facet normal 0.025977 -0.728299 0.684767
outer loop
vertex 16.309873 5.793103 1.798486
vertex 16.705147 6.620690 2.663688
vertex 15.793616 6.620690 2.698267
endloop
endfacet
facet normal -0.538177 -0.351122 0.766211
outer loop
vertex 17.165551 5.793103 2.176967
vertex 17.931201 5.793103 2.714749
vertex 17.596240 6.620690 2.858724
endloop
endfacet
facet normal -0.175698 -0.569855 0.802742
outer loop
vertex 17.165551 5.793103 2.176967
vertex 17.596240 6.620690 2.858724
vertex 16.705147 6.620690 2.663688
endloop
endfacet
facet normal -0.587147 -0.126784 0.799490
outer loop
vertex 17.931201 5.793103 2.714749
vertex 18.685325 5.793103 3.268580
vertex 18.435424 6.620690 3.216292
endloop
endfacet
facet normal -0.373481 -0.303654 0.876531
outer loop
vertex 17.931201 5.793103 2.714749
vertex 18.435424 6.620690 3.216292
vertex 17.596240 6.620690 2.858724
endloop
endfacet
facet normal -0.492692 0.194139 0.848271
outer loop
vertex 18.685325 5.793103 3.268580
vertex 19.494400 5.793103 3.738505
vertex 19.318041 6.620690 3.446668
endloop
endfacet
facet normal -0.252524 -0.015127 0.967472
outer loop
vertex 18.685325 5.793103 3.268580
vertex 19.318041 6.620690 3.446668
vertex 18.435424 6.620690 3.216292
endloop
endfacet
facet normal 0.176211 0.336380 0.925093
outer loop
vertex 19.494400 5.793103 3.738505
vertex 20.413519 5.793103 3.563433
vertex 20.218309 6.620690 3.299691
endloop
endfacet
facet normal 0.150499 0.357148 0.921844
outer loop
vertex 19.494400 5.793103 3.738505
vertex 20.218309 6.620690 3.299691
vertex 19.318041 6.620690 3.446668
endloop
endfacet
facet normal 0.258001 0.596794 0.759784
outer loop
vertex 20.413519 5.793103 3.563433
vertex 21.299478 5.793103 3.262587
vertex 20.935568 6.620690 2.736109
endloop
endfacet
facet normal 0.574372 0.368440 0.730991
outer loop
vertex 20.413519 5.793103 3.563433
vertex 20.935568 6.620690 2.736109
vertex 20.218309 6.620690 3.299691
endloop
endfacet
facet normal 0.224174 0.715784 0.661362
outer loop
vertex 21.299478 5.793103 3.262587
vertex 22.185602 5.793103 2.962228
vertex 21.696109 6.620690 2.232459
endloop
endfacet
facet normal 0.436798 0.611676 0.659591
outer loop
vertex 21.299478 5.793103 3.262587
vertex 21.696109 6.620690 2.232459
vertex 20.935568 6.620690 2.736109
endloop
endfacet
facet normal 0.513049 0.566419 0.644943
outer loop
vertex 22.185602 5.793103 2.962228
vertex 22.917824 5.793103 2.379749
vertex 22.559462 6.620690 1.937999
endloop
endfacet
facet normal 0.225364 0.715961 0.660765
outer loop
vertex 22.185602 5.793103 2.962228
vertex 22.559462 6.620690 1.937999
vertex 21.696109 6.620690 2.232459
endloop
endfacet
facet normal 0.771835 0.165192 0.613988
outer loop
vertex 22.917824 5.793103 2.379749
vertex 23.500301 5.793103 1.647525
vertex 23.390791 6.620690 1.562529
endloop
endfacet
facet normal 0.342795 0.553568 0.758983
outer loop
vertex 22.917824 5.793103 2.379749
vertex 23.390791 6.620690 1.562529
vertex 22.559462 6.620690 1.937999
endloop
endfacet
facet normal 0.839071 0.021996 0.543576
outer loop
vertex 23.500301 5.793103 1.647525
vertex 24.009019 5.793103 0.862262
vertex 23.983091 6.620690 0.868796
endloop
endfacet
facet normal 0.750089 0.165029 0.640416
outer loop
vertex 23.500301 5.793103 1.647525
vertex 23.983091 6.620690 0.868796
vertex 23.390791 6.620690 1.562529
endloop
endfacet
facet normal -0.770709 -0.408360 0.489132
outer loop
vertex 0.000000 6.620690 0.327648
vertex 0.488793 6.620690 1.097822
vertex 0.554784 7.448276 1.892725
endloop
endfacet
facet normal -0.690576 -0.508927 0.513905
outer loop
vertex 0.000000 6.620690 0.327648
vertex 0.554784 7.448276 1.892725
vertex 0.000000 7.448276 1.147218
endloop
endfacet
facet normal -0.681268 -0.435695 0.588255
outer loop
vertex 0.488793 6.620690 1.097822
vertex 1.084950 6.620690 1.788243
vertex 1.212637 7.448276 2.549076
endloop
endfacet
facet normal -0.599306 -0.529168 0.600678
outer loop
vertex 0.488793 6.620690 1.097822
vertex 1.212637 7.448276 2.549076
vertex 0.554784 7.448276 1.892725
endloop
endfacet
facet normal -0.429661 -0.560635 0.707869
outer loop
vertex 1.084950 6.620690 1.788243
vertex 1.864734 6.620690 2.261554
vertex 2.019139 7.448276 3.010726
endloop
endfacet
facet normal -0.402921 -0.584959 0.703902
outer loop
vertex 1.084950 6.620690 1.788243
vertex 2.019139 7.448276 3.010726
vertex 1.212637 7.448276 2.549076
endloop
endfacet
facet normal -0.385764 -0.489862 0.781807
outer loop
vertex 1.864734 6.620690 2.261554
vertex 2.682758 6.620690 2.665189
vertex 2.904471 7.448276 3.293134
endloop
endfacet
facet normal -0.236641 -0.627415 0.741857
outer loop
vertex 1.864734 6.620690 2.261554
vertex 2.904471 7.448276 3.293134
vertex 2.019139 7.448276 3.010726
endloop
endfacet
facet normal -0.236635 -0.586988 0.774241
outer loop
vertex 2.682758 6.620690 2.665189
vertex 3.555110 6.620690 2.931810
vertex 3.772243 7.448276 3.625606
endloop
endfacet
facet normal -0.305066 -0.522433 0.796240
outer loop
vertex 2.682758 6.620690 2.665189
vertex 3.772243 7.448276 3.625606
vertex 2.904471 7.448276 3.293134
endloop
endfacet
facet normal -0.037638 -0.803407 0.594239
outer loop
vertex 3.555110 6.620690 2.931810
vertex 4.465473 6.620690 2.989471
vertex 4.562522 7.448276 4.114509
endloop
endfacet
facet normal -0.456106 -0.498407 0.737264
outer loop
vertex 3.555110 6.620690 2.931810
vertex 4.562522 7.448276 4.114509
vertex 3.772243 7.448276 3.625606
endloop
endfacet
facet normal -0.096160 -0.777292 0.621748
outer loop
vertex 4.465473 6.620690 2.989471
vertex 5.366942 6.620690 3.128892
vertex 5.489318 7.448276 4.182443
endloop
endfacet
facet normal -0.043572 -0.802968 0.594427
outer loop
vertex 4.465473 6.620690 2.989471
vertex 5.489318 7.448276 4.182443
vertex 4.562522 7.448276 4.114509
endloop
endfacet
facet normal -0.211815 -0.386634 0.897579
outer loop
vertex 5.366942 6.620690 3.128892
vertex 6.254744 6.620690 3.338400
vertex 6.284747 7.448276 3.701965
endloop
endfacet
facet normal 0.336576 -0.759108 0.557200
outer loop
vertex 5.366942 6.620690 3.128892
vertex 6.284747 7.448276 3.701965
vertex 5.489318 7.448276 4.182443
endloop
endfacet
facet normal -0.321148 0.071278 0.944343
outer loop
vertex 6.254744 6.620690 3.338400
vertex 7.118358 6.620690 3.632094
vertex 7.208449 7.448276 3.600266
endloop
endfacet
facet normal 0.100147 -0.403227 0.909604
outer loop
vertex 6.254744 6.620690 3.338400
vertex 7.208449 7.448276 3.600266
vertex 6.284747 7.448276 3.701965
endloop
endfacet
facet normal 0.410420 -0.734346 0.540640
outer loop
vertex 7.118358 6.620690 3.632094
vertex 7.844909 6.620690 3.080542
vertex 8.000227 7.448276 4.086737
endloop
endfacet
facet normal -0.521395 0.089396 0.848620
outer loop
vertex 7.118358 6.620690 3.632094
vertex 8.000227 7.448276 4.086737
vertex 7.208449 7.448276 3.600266
endloop
endfacet
facet normal 0.418326 -0.713688 0.561830
outer loop
vertex 7.844909 6.620690 3.080542
vertex 8.576558 6.620690 2.535773
vertex 8.710403 7.448276 3.487391
endloop
endfacet
facet normal 0.444754 -0.724202 0.526997
outer loop
vertex 7.844909 6.620690 3.080542
vertex 8.710403 7.448276 3.487391
vertex 8.000227 7.448276 4.086737
endloop
endfacet
facet normal -0.059566 -0.489941 0.869718
outer loop
vertex 8.576558 6.620690 2.535773
vertex 9.486613 6.620690 2.598101
vertex 9.539636 7.448276 3.067939
endloop
endfacet
facet normal 0.303765 -0.739658 0.600527
outer loop
vertex 8.576558 6.620690 2.535773
vertex 9.539636 7.448276 3.067939
vertex 8.710403 7.448276 3.487391
endloop
endfacet
facet normal 0.188866 -0.707949 0.680542
outer loop
vertex 9.486613 6.620690 2.598101
vertex 10.365580 6.620690 2.354168
vertex 10.461054 7.448276 3.188587
endloop
endfacet
facet normal -0.113537 -0.485003 0.867111
outer loop
vertex 9.486613 6.620690 2.598101
vertex 10.461054 7.448276 3.188587
vertex 9.539636 7.448276 3.067939
endloop
endfacet
facet normal 0.099714 -0.676736 0.729442
outer loop
vertex 10.365580 6.620690 2.354168
vertex 11.269362 6.620690 2.230622
vertex 11.367753 7.448276 2.984961
endloop
endfacet
facet normal 0.154244 -0.710278 0.686814
outer loop
vertex 10.365580 6.620690 2.354168
vertex 11.367753 7.448276 2.984961
vertex 10.461054 7.448276 3.188587
endloop
endfacet
facet normal -0.010636 -0.703181 0.710932
outer loop
vertex 11.269362 6.620690 2.230622
vertex 12.181447 6.620690 2.244267
vertex 12.293625 7.448276 3.064509
endloop
endfacet
facet normal -0.063691 -0.668130 0.741313
outer loop
vertex 11.269362 6.620690 2.230622
vertex 12.293625 7.448276 3.064509
vertex 11.367753 7.448276 2.984961
endloop
endfacet
facet normal -0.076163 -0.718075 0.691786
outer loop
vertex 12.181447 6.620690 2.244267
vertex 13.088155 6.620690 2.344093
vertex 13.210380 7.448276 3.216585
endloop
endfacet
facet normal -0.118315 -0.690867 0.713235
outer loop
vertex 12.181447 6.620690 2.244267
vertex 13.210380 7.448276 3.216585
vertex 12.293625 7.448276 3.064509
endloop
endfacet
facet normal -0.035219 -0.609672 0.791871
outer loop
vertex 13.088155 6.620690 2.344093
vertex 13.999441 6.620690 2.384623
vertex 14.120152 7.448276 3.027161
endloop
endfacet
facet normal 0.139723 -0.728113 0.671065
outer loop
vertex 13.088155 6.620690 2.344093
vertex 14.120152 7.448276 3.027161
vertex 13.210380 7.448276 3.216585
endloop
endfacet
facet normal -0.084782 -0.679297 0.728949
outer loop
vertex 13.999441 6.620690 2.384623
vertex 14.905521 6.620690 2.490006
vertex 15.016031 7.448276 3.274075
endloop
endfacet
facet normal -0.216677 -0.578779 0.786171
outer loop
vertex 13.999441 6.620690 2.384623
vertex 15.016031 7.448276 3.274075
vertex 14.120152 7.448276 3.027161
endloop
endfacet
facet normal -0.171354 -0.660832 0.730711
outer loop
vertex 14.905521 6.620690 2.490006
vertex 15.793616 6.620690 2.698267
vertex 15.922882 7.448276 3.477023
endloop
endfacet
facet normal -0.162703 -0.667062 0.727018
outer loop
vertex 14.905521 6.620690 2.490006
vertex 15.922882 7.448276 3.477023
vertex 15.016031 7.448276 3.274075
endloop
endfacet
facet normal 0.028847 -0.648777 0.760431
outer loop
vertex 15.793616 6.620690 2.698267
vertex 16.705147 6.620690 2.663688
vertex 16.845321 7.448276 3.364443
endloop
endfacet
facet normal 0.087701 -0.689886 0.718586
outer loop
vertex 15.793616 6.620690 2.698267
vertex 16.845321 7.448276 3.364443
vertex 15.922882 7.448276 3.477023
endloop
endfacet
facet normal -0.176672 -0.563228 0.807193
outer loop
vertex 16.705147 6.620690 2.663688
vertex 17.596240 6.620690 2.858724
vertex 17.768146 7.448276 3.473807
endloop
endfacet
facet normal -0.090962 -0.634508 0.767545
outer loop
vertex 16.705147 6.620690 2.663688
vertex 17.768146 7.448276 3.473807
vertex 16.845321 7.448276 3.364443
endloop
endfacet
facet normal -0.388035 -0.141700 0.910687
outer loop
vertex 17.596240 6.620690 2.858724
vertex 18.435424 6.620690 3.216292
vertex 18.697270 7.448276 3.456631
endloop
endfacet
facet normal 0.014808 -0.598429 0.801039
outer loop
vertex 17.596240 6.620690 2.858724
vertex 18.697270 7.448276 3.456631
vertex 17.768146 7.448276 3.473807
endloop
endfacet
facet normal -0.240436 0.306036 0.921158
outer loop
vertex 18.435424 6.620690 3.216292
vertex 19.318041 6.620690 3.446668
vertex 19.602350 7.448276 3.245928
endloop
endfacet
facet normal 0.213701 -0.334198 0.917956
outer loop
vertex 18.435424 6.620690 3.216292
vertex 19.602350 7.448276 3.245928
vertex 18.697270 7.448276 3.456631
endloop
endfacet
facet normal 0.135934 0.536891 0.832628
outer loop
vertex 19.318041 6.620690 3.446668
vertex 20.218309 6.620690 3.299691
vertex 20.381459 7.448276 2.739415
endloop
endfacet
facet normal 0.544988 0.016111 0.838289
outer loop
vertex 19.318041 6.620690 3.446668
vertex 20.381459 7.448276 2.739415
vertex 19.602350 7.448276 3.245928
endloop
endfacet
facet normal 0.572152 0.377383 0.728165
outer loop
vertex 20.218309 6.620690 3.299691
vertex 20.935568 6.620690 2.736109
vertex 21.113699 7.448276 2.167234
endloop
endfacet
facet normal 0.569285 0.380989 0.728534
outer loop
vertex 20.218309 6.620690 3.299691
vertex 21.113699 7.448276 2.167234
vertex 20.381459 7.448276 2.739415
endloop
endfacet
facet normal 0.460927 0.550538 0.696027
outer loop
vertex 20.935568 6.620690 2.736109
vertex 21.696109 6.620690 2.232459
vertex 21.781681 7.448276 1.521194
endloop
endfacet
facet normal 0.657298 0.325688 0.679622
outer loop
vertex 20.935568 6.620690 2.736109
vertex 21.781681 7.448276 1.521194
vertex 21.113699 7.448276 2.167234
endloop
endfacet
facet normal 0.238945 0.672376 0.700583
outer loop
vertex 21.696109 6.620690 2.232459
vertex 22.559462 6.620690 1.937999
vertex 22.621179 7.448276 1.122684
endloop
endfacet
facet normal 0.346025 0.590699 0.728932
outer loop
vertex 21.696109 6.620690 2.232459
vertex 22.621179 7.448276 1.122684
vertex 21.781681 7.448276 1.521194
endloop
endfacet
facet normal 0.315947 0.640955 0.699539
outer loop
vertex 22.559462 6.620690 1.937999
vertex 23.390791 6.620690 1.562529
vertex 23.478681 7.448276 0.764554
endloop
endfacet
facet normal 0.289264 0.660769 0.692611
outer loop
vertex 22.559462 6.620690 1.937999
vertex 23.478681 7.448276 0.764554
vertex 22.621179 7.448276 1.122684
endloop
endfacet
facet normal 0.635485 0.549343 0.542569
outer loop
vertex 23.390791 6.620690 1.562529
vertex 23.983091 6.620690 0.868796
vertex 24.008507 7.448276 0.001108
endloop
endfacet
facet normal 0.745656 0.419775 0.517480
outer loop
vertex 23.390791 6.620690 1.562529
vertex 24.008507 7.448276 0.001108
vertex 23.478681 7.448276 0.764554
endloop
endfacet
facet normal -0.797843 0.104545 0.593731
outer loop
vertex 0.000000 7.448276 1.147218
vertex 0.554784 7.448276 1.892725
vertex 0.638251 8.275862 1.859163
endloop
endfacet
facet normal -0.763149 0.033374 0.645360
outer loop
vertex 0.000000 7.448276 1.147218
vertex 0.638251 8.275862 1.859163
vertex 0.000000 8.275862 1.104420
endloop
endfacet
facet normal -0.672480 0.305728 0.674019
outer loop
vertex 0.554784 7.448276 1.892725
vertex 1.212637 7.448276 2.549076
vertex 1.455149 8.275862 2.415650
endloop
endfacet
facet normal -0.560718 0.089932 0.823109
outer loop
vertex 0.554784 7.448276 1.892725
vertex 1.455149 8.275862 2.415650
vertex 0.638251 8.275862 1.859163
endloop
endfacet
facet normal -0.479851 0.258847 0.838297
outer loop
vertex 1.212637 7.448276 2.549076
vertex 2.019139 7.448276 3.010726
vertex 2.305693 8.275862 2.919213
endloop
endfacet
facet normal -0.489555 0.276769 0.826883
outer loop
vertex 1.212637 7.448276 2.549076
vertex 2.305693 8.275862 2.919213
vertex 1.455149 8.275862 2.415650
endloop
endfacet
facet normal -0.301068 -0.136150 0.943833
outer loop
vertex 2.019139 7.448276 3.010726
vertex 2.904471 7.448276 3.293134
vertex 3.118994 8.275862 3.480945
endloop
endfacet
facet normal -0.546142 0.276541 0.790730
outer loop
vertex 2.019139 7.448276 3.010726
vertex 3.118994 8.275862 3.480945
vertex 2.305693 8.275862 2.919213
endloop
endfacet
facet normal -0.306455 -0.516041 0.799867
outer loop
vertex 2.904471 7.448276 3.293134
vertex 3.772243 7.448276 3.625606
vertex 3.819973 8.275862 4.177816
endloop
endfacet
facet normal -0.704859 0.021809 0.709012
outer loop
vertex 2.904471 7.448276 3.293134
vertex 3.819973 8.275862 4.177816
vertex 3.118994 8.275862 3.480945
endloop
endfacet
facet normal -0.398386 -0.653146 0.643963
outer loop
vertex 3.772243 7.448276 3.625606
vertex 4.562522 7.448276 4.114509
vertex 4.487050 8.275862 4.907206
endloop
endfacet
facet normal -0.683302 -0.377577 0.624927
outer loop
vertex 3.772243 7.448276 3.625606
vertex 4.487050 8.275862 4.907206
vertex 3.819973 8.275862 4.177816
endloop
endfacet
facet normal -0.038238 -0.852292 0.521666
outer loop
vertex 4.562522 7.448276 4.114509
vertex 5.489318 7.448276 4.182443
vertex 5.264149 8.275862 5.518040
endloop
endfacet
facet normal -0.480351 -0.629143 0.611099
outer loop
vertex 4.562522 7.448276 4.114509
vertex 5.264149 8.275862 5.518040
vertex 4.487050 8.275862 4.907206
endloop
endfacet
facet normal 0.249009 -0.876390 0.412233
outer loop
vertex 5.489318 7.448276 4.182443
vertex 6.284747 7.448276 3.701965
vertex 6.251896 8.275862 5.481223
endloop
endfacet
facet normal 0.019718 -0.848383 0.529015
outer loop
vertex 5.489318 7.448276 4.182443
vertex 6.251896 8.275862 5.481223
vertex 5.264149 8.275862 5.518040
endloop
endfacet
facet normal 0.065562 -0.800692 0.595477
outer loop
vertex 6.284747 7.448276 3.701965
vertex 7.208449 7.448276 3.600266
vertex 6.912178 8.275862 4.745677
endloop
endfacet
facet normal 0.431176 -0.815031 0.387056
outer loop
vertex 6.284747 7.448276 3.701965
vertex 6.912178 8.275862 4.745677
vertex 6.251896 8.275862 5.481223
endloop
endfacet
facet normal -0.515841 -0.170330 0.839581
outer loop
vertex 7.208449 7.448276 3.600266
vertex 8.000227 7.448276 4.086737
vertex 7.455228 8.275862 3.919784
endloop
endfacet
facet normal 0.758728 -0.418859 0.498887
outer loop
vertex 7.208449 7.448276 3.600266
vertex 7.455228 8.275862 3.919784
vertex 6.912178 8.275862 4.745677
endloop
endfacet
facet normal 0.577136 -0.446376 0.683859
outer loop
vertex 8.000227 7.448276 4.086737
vertex 8.710403 7.448276 3.487391
vertex 8.356043 8.275862 4.326641
endloop
endfacet
facet normal -0.410061 -0.086885 0.907910
outer loop
vertex 8.000227 7.448276 4.086737
vertex 8.356043 8.275862 4.326641
vertex 7.455228 8.275862 3.919784
endloop
endfacet
facet normal 0.230732 -0.859474 0.456144
outer loop
vertex 8.710403 7.448276 3.487391
vertex 9.539636 7.448276 3.067939
vertex 9.233181 8.275862 4.782306
endloop
endfacet
facet normal -0.310517 -0.739117 0.597733
outer loop
vertex 8.710403 7.448276 3.487391
vertex 9.233181 8.275862 4.782306
vertex 8.356043 8.275862 4.326641
endloop
endfacet
facet normal -0.090496 -0.717028 0.691145
outer loop
vertex 9.539636 7.448276 3.067939
vertex 10.461054 7.448276 3.188587
vertex 9.778278 8.275862 3.957764
endloop
endfacet
facet normal 0.640792 -0.640258 0.423622
outer loop
vertex 9.539636 7.448276 3.067939
vertex 9.778278 8.275862 3.957764
vertex 9.233181 8.275862 4.782306
endloop
endfacet
facet normal 0.159303 -0.686627 0.709342
outer loop
vertex 10.461054 7.448276 3.188587
vertex 11.367753 7.448276 2.984961
vertex 10.766034 8.275862 3.921180
endloop
endfacet
facet normal 0.027535 -0.668245 0.743431
outer loop
vertex 10.461054 7.448276 3.188587
vertex 10.766034 8.275862 3.921180
vertex 9.778278 8.275862 3.957764
endloop
endfacet
facet normal -0.054450 -0.771620 0.633749
outer loop
vertex 11.367753 7.448276 2.984961
vertex 12.293625 7.448276 3.064509
vertex 11.748964 8.275862 4.025339
endloop
endfacet
facet normal -0.067409 -0.768636 0.636125
outer loop
vertex 11.367753 7.448276 2.984961
vertex 11.748964 8.275862 4.025339
vertex 10.766034 8.275862 3.921180
endloop
endfacet
facet normal -0.109330 -0.744094 0.659069
outer loop
vertex 12.293625 7.448276 3.064509
vertex 13.210380 7.448276 3.216585
vertex 12.736282 8.275862 4.072291
endloop
endfacet
facet normal -0.030545 -0.765832 0.642315
outer loop
vertex 12.293625 7.448276 3.064509
vertex 12.736282 8.275862 4.072291
vertex 11.748964 8.275862 4.025339
endloop
endfacet
facet normal 0.140122 -0.726266 0.672981
outer loop
vertex 13.210380 7.448276 3.216585
vertex 14.120152 7.448276 3.027161
vertex 13.722292 8.275862 4.003111
endloop
endfacet
facet normal 0.049704 -0.704028 0.708431
outer loop
vertex 13.210380 7.448276 3.216585
vertex 13.722292 8.275862 4.003111
vertex 12.736282 8.275862 4.072291
endloop
endfacet
facet normal -0.190013 -0.698989 0.689426
outer loop
vertex 14.120152 7.448276 3.027161
vertex 15.016031 7.448276 3.274075
vertex 14.710389 8.275862 4.028902
endloop
endfacet
facet normal -0.016775 -0.765955 0.642676
outer loop
vertex 14.120152 7.448276 3.027161
vertex 14.710389 8.275862 4.028902
vertex 13.722292 8.275862 4.003111
endloop
endfacet
facet normal -0.154471 -0.706906 0.690234
outer loop
vertex 15.016031 7.448276 3.274075
vertex 15.922882 7.448276 3.477023
vertex 15.669495 8.275862 4.267893
endloop
endfacet
facet normal -0.173179 -0.697849 0.694993
outer loop
vertex 15.016031 7.448276 3.274075
vertex 15.669495 8.275862 4.267893
vertex 14.710389 8.275862 4.028902
endloop
endfacet
facet normal 0.086195 -0.702699 0.706246
outer loop
vertex 15.922882 7.448276 3.477023
vertex 16.845321 7.448276 3.364443
vertex 16.656286 8.275862 4.210944
endloop
endfacet
facet normal 0.042055 -0.683516 0.728723
outer loop
vertex 15.922882 7.448276 3.477023
vertex 16.656286 8.275862 4.210944
vertex 15.669495 8.275862 4.267893
endloop
endfacet
facet normal -0.094846 -0.592026 0.800319
outer loop
vertex 16.845321 7.448276 3.364443
vertex 17.768146 7.448276 3.473807
vertex 17.634646 8.275862 4.070183
endloop
endfacet
facet normal 0.101715 -0.699893 0.706968
outer loop
vertex 16.845321 7.448276 3.364443
vertex 17.634646 8.275862 4.070183
vertex 16.656286 8.275862 4.210944
endloop
endfacet
facet normal 0.017232 -0.361697 0.932137
outer loop
vertex 17.768146 7.448276 3.473807
vertex 18.697270 7.448276 3.456631
vertex 18.579504 8.275862 3.779936
endloop
endfacet
facet normal 0.247160 -0.539939 0.804598
outer loop
vertex 17.768146 7.448276 3.473807
vertex 18.579504 8.275862 3.779936
vertex 17.634646 8.275862 4.070183
endloop
endfacet
facet normal 0.226684 0.021717 0.973726
outer loop
vertex 18.697270 7.448276 3.456631
vertex 19.602350 7.448276 3.245928
vertex 19.425433 8.275862 3.268657
endloop
endfacet
facet normal 0.500528 -0.252297 0.828141
outer loop
vertex 18.697270 7.448276 3.456631
vertex 19.425433 8.275862 3.268657
vertex 18.579504 8.275862 3.779936
endloop
endfacet
facet normal 0.545057 -0.001685 0.838397
outer loop
vertex 19.602350 7.448276 3.245928
vertex 20.381459 7.448276 2.739415
vertex 20.294432 8.275862 2.797656
endloop
endfacet
facet normal 0.475080 0.077487 0.876524
outer loop
vertex 19.602350 7.448276 3.245928
vertex 20.294432 8.275862 2.797656
vertex 19.425433 8.275862 3.268657
endloop
endfacet
facet normal 0.615718 0.004254 0.787955
outer loop
vertex 20.381459 7.448276 2.739415
vertex 21.113699 7.448276 2.167234
vertex 21.075842 8.275862 2.192348
endloop
endfacet
facet normal 0.612368 0.008762 0.790524
outer loop
vertex 20.381459 7.448276 2.739415
vertex 21.075842 8.275862 2.192348
vertex 20.294432 8.275862 2.797656
endloop
endfacet
facet normal 0.687361 0.149776 0.710706
outer loop
vertex 21.113699 7.448276 2.167234
vertex 21.781681 7.448276 1.521194
vertex 21.699930 8.275862 1.425853
endloop
endfacet
facet normal 0.775362 0.016311 0.631307
outer loop
vertex 21.113699 7.448276 2.167234
vertex 21.699930 8.275862 1.425853
vertex 21.075842 8.275862 2.192348
endloop
endfacet
facet normal 0.324766 0.653046 0.684148
outer loop
vertex 21.781681 7.448276 1.521194
vertex 22.621179 7.448276 1.122684
vertex 22.160625 8.275862 0.551346
endloop
endfacet
facet normal 0.876063 0.139708 0.461515
outer loop
vertex 21.781681 7.448276 1.521194
vertex 22.160625 8.275862 0.551346
vertex 21.699930 8.275862 1.425853
endloop
endfacet
facet normal 0.310058 0.593891 0.742400
outer loop
vertex 22.621179 7.448276 1.122684
vertex 23.478681 7.448276 0.764554
vertex 23.104740 8.275862 0.258692
endloop
endfacet
facet normal 0.228479 0.636007 0.737084
outer loop
vertex 22.621179 7.448276 1.122684
vertex 23.104740 8.275862 0.258692
vertex 22.160625 8.275862 0.551346
endloop
endfacet
facet normal 0.819812 -0.064898 0.568943
outer loop
vertex 23.478681 7.448276 0.764554
vertex 24.008507 7.448276 0.001108
vertex 24.063122 8.275862 0.016813
endloop
endfacet
facet normal 0.200169 0.575238 0.793116
outer loop
vertex 23.478681 7.448276 0.764554
vertex 24.063122 8.275862 0.016813
vertex 23.104740 8.275862 0.258692
endloop
endfacet
facet normal -0.655732 0.512367 0.554522
outer loop
vertex 0.000000 8.275862 1.104420
vertex 0.638251 8.275862 1.859163
vertex 0.728441 9.103448 1.201142
endloop
endfacet
facet normal -0.611868 0.463674 0.640799
outer loop
vertex 0.000000 8.275862 1.104420
vertex 0.728441 9.103448 1.201142
vertex 0.000000 9.103448 0.505589
endloop
endfacet
facet normal -0.543399 0.261563 0.797686
outer loop
vertex 0.638251 8.275862 1.859163
vertex 1.455149 8.275862 2.415650
vertex 1.294031 9.103448 2.034526
endloop
endfacet
facet normal -0.729080 0.472877 0.494803
outer loop
vertex 0.638251 8.275862 1.859163
vertex 1.294031 9.103448 2.034526
vertex 0.728441 9.103448 1.201142
endloop
endfacet
facet normal -0.499234 -0.199317 0.843231
outer loop
vertex 1.455149 8.275862 2.415650
vertex 2.305693 8.275862 2.919213
vertex 1.873011 9.103448 2.858663
endloop
endfacet
facet normal -0.813749 0.104850 0.571681
outer loop
vertex 1.455149 8.275862 2.415650
vertex 1.873011 9.103448 2.858663
vertex 1.294031 9.103448 2.034526
endloop
endfacet
facet normal -0.497779 -0.482487 0.720709
outer loop
vertex 2.305693 8.275862 2.919213
vertex 3.118994 8.275862 3.480945
vertex 2.526051 9.103448 3.625448
endloop
endfacet
facet normal -0.718440 -0.330851 0.611867
outer loop
vertex 2.305693 8.275862 2.919213
vertex 2.526051 9.103448 3.625448
vertex 1.873011 9.103448 2.858663
endloop
endfacet
facet normal -0.647103 -0.396946 0.650916
outer loop
vertex 3.118994 8.275862 3.480945
vertex 3.819973 8.275862 4.177816
vertex 3.345599 9.103448 4.210906
endloop
endfacet
facet normal -0.507485 -0.487641 0.710398
outer loop
vertex 3.118994 8.275862 3.480945
vertex 3.345599 9.103448 4.210906
vertex 2.526051 9.103448 3.625448
endloop
endfacet
facet normal -0.732755 0.118165 0.670155
outer loop
vertex 3.819973 8.275862 4.177816
vertex 4.487050 8.275862 4.907206
vertex 4.293938 9.103448 4.550131
endloop
endfacet
facet normal -0.328185 -0.224800 0.917475
outer loop
vertex 3.819973 8.275862 4.177816
vertex 4.293938 9.103448 4.550131
vertex 3.345599 9.103448 4.210906
endloop
endfacet
facet normal -0.493372 0.602181 0.627665
outer loop
vertex 4.487050 8.275862 4.907206
vertex 5.264149 8.275862 5.518040
vertex 5.283243 9.103448 4.739063
endloop
endfacet
facet normal -0.175349 0.355246 0.918179
outer loop
vertex 4.487050 8.275862 4.907206
vertex 5.283243 9.103448 4.739063
vertex 4.293938 9.103448 4.550131
endloop
endfacet
facet normal 0.036367 0.216179 0.975676
outer loop
vertex 5.264149 8.275862 5.518040
vertex 6.251896 8.275862 5.481223
vertex 6.117846 9.103448 5.302852
endloop
endfacet
facet normal -0.438622 0.621293 0.649312
outer loop
vertex 5.264149 8.275862 5.518040
vertex 6.117846 9.103448 5.302852
vertex 5.283243 9.103448 4.739063
endloop
endfacet
facet normal 0.545679 -0.679917 0.489843
outer loop
vertex 6.251896 8.275862 5.481223
vertex 6.912178 8.275862 4.745677
vertex 6.988207 9.103448 5.809697
endloop
endfacet
facet normal -0.500491 0.104170 0.859452
outer loop
vertex 6.251896 8.275862 5.481223
vertex 6.988207 9.103448 5.809697
vertex 6.117846 9.103448 5.302852
endloop
endfacet
facet normal 0.523163 -0.779723 0.343995
outer loop
vertex 6.912178 8.275862 4.745677
vertex 7.455228 8.275862 3.919784
vertex 7.819704 9.103448 5.241336
endloop
endfacet
facet normal 0.377097 -0.743938 0.551683
outer loop
vertex 6.912178 8.275862 4.745677
vertex 7.819704 9.103448 5.241336
vertex 6.988207 9.103448 5.809697
endloop
endfacet
facet normal -0.410749 -0.064931 0.909433
outer loop
vertex 7.455228 8.275862 3.919784
vertex 8.356043 8.275862 4.326641
vertex 8.336874 9.103448 4.377071
endloop
endfacet
facet normal 0.549916 -0.767664 0.329066
outer loop
vertex 7.455228 8.275862 3.919784
vertex 8.336874 9.103448 4.377071
vertex 7.819704 9.103448 5.241336
endloop
endfacet
facet normal -0.456703 -0.136174 0.879135
outer loop
vertex 8.356043 8.275862 4.326641
vertex 9.233181 8.275862 4.782306
vertex 9.201318 9.103448 4.893943
endloop
endfacet
facet normal -0.512131 -0.064055 0.856515
outer loop
vertex 8.356043 8.275862 4.326641
vertex 9.201318 9.103448 4.893943
vertex 8.336874 9.103448 4.377071
endloop
endfacet
facet normal 0.522475 -0.779562 0.345403
outer loop
vertex 9.233181 8.275862 4.782306
vertex 9.778278 8.275862 3.957764
vertex 10.117264 9.103448 5.312826
endloop
endfacet
facet normal -0.411953 -0.137372 0.900791
outer loop
vertex 9.233181 8.275862 4.782306
vertex 10.117264 9.103448 5.312826
vertex 9.201318 9.103448 4.893943
endloop
endfacet
facet normal 0.029656 -0.598349 0.800687
outer loop
vertex 9.778278 8.275862 3.957764
vertex 10.766034 8.275862 3.921180
vertex 10.762842 9.103448 4.539749
endloop
endfacet
facet normal 0.453850 -0.806461 0.378999
outer loop
vertex 9.778278 8.275862 3.957764
vertex 10.762842 9.103448 4.539749
vertex 10.117264 9.103448 5.312826
endloop
endfacet
facet normal -0.084930 -0.591970 0.801473
outer loop
vertex 10.766034 8.275862 3.921180
vertex 11.748964 8.275862 4.025339
vertex 11.765192 9.103448 4.638315
endloop
endfacet
facet normal -0.078508 -0.597032 0.798367
outer loop
vertex 10.766034 8.275862 3.921180
vertex 11.765192 9.103448 4.638315
vertex 10.762842 9.103448 4.539749
endloop
endfacet
facet normal -0.033249 -0.714178 0.699174
outer loop
vertex 11.748964 8.275862 4.025339
vertex 12.736282 8.275862 4.072291
vertex 12.732916 9.103448 4.917477
endloop
endfacet
facet normal -0.226402 -0.576871 0.784833
outer loop
vertex 11.748964 8.275862 4.025339
vertex 12.732916 9.103448 4.917477
vertex 11.765192 9.103448 4.638315
endloop
endfacet
facet normal 0.054786 -0.622297 0.780862
outer loop
vertex 12.736282 8.275862 4.072291
vertex 13.722292 8.275862 4.003111
vertex 13.707598 9.103448 4.663675
endloop
endfacet
facet normal 0.179321 -0.702568 0.688652
outer loop
vertex 12.736282 8.275862 4.072291
vertex 13.707598 9.103448 4.663675
vertex 12.732916 9.103448 4.917477
endloop
endfacet
facet normal -0.020763 -0.605609 0.795491
outer loop
vertex 13.722292 8.275862 4.003111
vertex 14.710389 8.275862 4.028902
vertex 14.714771 9.103448 4.659060
endloop
endfacet
facet normal 0.003582 -0.623785 0.781588
outer loop
vertex 13.722292 8.275862 4.003111
vertex 14.714771 9.103448 4.659060
vertex 13.707598 9.103448 4.663675
endloop
endfacet
facet normal -0.212987 -0.473325 0.854751
outer loop
vertex 14.710389 8.275862 4.028902
vertex 15.669495 8.275862 4.267893
vertex 15.718821 9.103448 4.738465
endloop
endfacet
facet normal -0.062809 -0.604403 0.794199
outer loop
vertex 14.710389 8.275862 4.028902
vertex 15.718821 9.103448 4.738465
vertex 14.714771 9.103448 4.659060
endloop
endfacet
facet normal 0.049382 -0.515141 0.855682
outer loop
vertex 15.669495 8.275862 4.267893
vertex 16.656286 8.275862 4.210944
vertex 16.725455 9.103448 4.705178
endloop
endfacet
facet normal 0.028709 -0.495379 0.868202
outer loop
vertex 15.669495 8.275862 4.267893
vertex 16.725455 9.103448 4.705178
vertex 15.718821 9.103448 4.738465
endloop
endfacet
facet normal 0.133353 -0.350909 0.926866
outer loop
vertex 16.656286 8.275862 4.210944
vertex 17.634646 8.275862 4.070183
vertex 17.677776 9.103448 4.377299
endloop
endfacet
facet normal 0.280147 -0.509347 0.813685
outer loop
vertex 16.656286 8.275862 4.210944
vertex 17.677776 9.103448 4.377299
vertex 16.725455 9.103448 4.705178
endloop
endfacet
facet normal 0.290934 0.135503 0.947099
outer loop
vertex 17.634646 8.275862 4.070183
vertex 18.579504 8.275862 3.779936
vertex 18.429943 9.103448 3.707475
endloop
endfacet
facet normal 0.634900 -0.297663 0.712951
outer loop
vertex 17.634646 8.275862 4.070183
vertex 18.429943 9.103448 3.707475
vertex 17.677776 9.103448 4.377299
endloop
endfacet
facet normal 0.508916 0.178910 0.842019
outer loop
vertex 18.579504 8.275862 3.779936
vertex 19.425433 8.275862 3.268657
vertex 19.286117 9.103448 3.177016
endloop
endfacet
facet normal 0.519259 0.167222 0.838097
outer loop
vertex 18.579504 8.275862 3.779936
vertex 19.286117 9.103448 3.177016
vertex 18.429943 9.103448 3.707475
endloop
endfacet
facet normal 0.437662 0.395492 0.807489
outer loop
vertex 19.425433 8.275862 3.268657
vertex 20.294432 8.275862 2.797656
vertex 20.052467 9.103448 2.523467
endloop
endfacet
facet normal 0.637072 0.189965 0.747029
outer loop
vertex 19.425433 8.275862 3.268657
vertex 20.052467 9.103448 2.523467
vertex 19.286117 9.103448 3.177016
endloop
endfacet
facet normal 0.547229 0.448877 0.706434
outer loop
vertex 20.294432 8.275862 2.797656
vertex 21.075842 8.275862 2.192348
vertex 20.816591 9.103448 1.867314
endloop
endfacet
facet normal 0.595899 0.404141 0.693955
outer loop
vertex 20.294432 8.275862 2.797656
vertex 20.816591 9.103448 1.867314
vertex 20.052467 9.103448 2.523467
endloop
endfacet
facet normal 0.668537 0.506720 0.544329
outer loop
vertex 21.075842 8.275862 2.192348
vertex 21.699930 8.275862 1.425853
vertex 21.388336 9.103448 1.038142
endloop
endfacet
facet normal 0.741941 0.433351 0.511596
outer loop
vertex 21.075842 8.275862 2.192348
vertex 21.388336 9.103448 1.038142
vertex 20.816591 9.103448 1.867314
endloop
endfacet
facet normal 0.860646 0.231783 0.453393
outer loop
vertex 21.699930 8.275862 1.425853
vertex 22.160625 8.275862 0.551346
vertex 22.071280 9.103448 0.297866
endloop
endfacet
facet normal 0.631809 0.510951 0.582878
outer loop
vertex 21.699930 8.275862 1.425853
vertex 22.071280 9.103448 0.297866
vertex 21.388336 9.103448 1.038142
endloop
endfacet
facet normal 0.281741 0.307426 0.908907
outer loop
vertex 22.160625 8.275862 0.551346
vertex 23.104740 8.275862 0.258692
vertex 23.033660 9.103448 0.000805
endloop
endfacet
facet normal 0.280541 0.308660 0.908860
outer loop
vertex 22.160625 8.275862 0.551346
vertex 23.033660 9.103448 0.000805
vertex 22.071280 9.103448 0.297866
endloop
endfacet
facet normal 0.244630 0.025562 0.969280
outer loop
vertex 23.104740 8.275862 0.258692
vertex 24.063122 8.275862 0.016813
vertex 24.040844 9.103448 0.000610
endloop
endfacet
facet normal 0.000185 0.297518 0.954716
outer loop
vertex 23.104740 8.275862 0.258692
vertex 24.040844 9.103448 0.000610
vertex 23.033660 9.103448 0.000805
endloop
endfacet
facet normal -0.628025 0.415921 0.657719
outer loop
vertex 0.000000 9.103448 0.505589
vertex 0.728441 9.103448 1.201142
vertex 0.768550 9.931034 0.716102
endloop
endfacet
facet normal -0.613163 0.395477 0.683834
outer loop
vertex 0.000000 9.103448 0.505589
vertex 0.768550 9.931034 0.716102
vertex 0.000000 9.931034 0.026977
endloop
endfacet
facet normal -0.800102 0.254919 0.543004
outer loop
vertex 0.728441 9.103448 1.201142
vertex 1.294031 9.103448 2.034526
vertex 1.273831 9.931034 1.616242
endloop
endfacet
facet normal -0.828295 0.312647 0.464951
outer loop
vertex 0.728441 9.103448 1.201142
vertex 1.273831 9.931034 1.616242
vertex 0.768550 9.931034 0.716102
endloop
endfacet
facet normal -0.799869 0.210819 0.561930
outer loop
vertex 1.294031 9.103448 2.034526
vertex 1.873011 9.103448 2.858663
vertex 1.829469 9.931034 2.486201
endloop
endfacet
facet normal -0.817321 0.243892 0.522019
outer loop
vertex 1.294031 9.103448 2.034526
vertex 1.829469 9.931034 2.486201
vertex 1.273831 9.931034 1.616242
endloop
endfacet
facet normal -0.745306 0.203998 0.634747
outer loop
vertex 1.873011 9.103448 2.858663
vertex 2.526051 9.103448 3.625448
vertex 2.471035 9.931034 3.294876
endloop
endfacet
facet normal -0.762029 0.231995 0.604558
outer loop
vertex 1.873011 9.103448 2.858663
vertex 2.471035 9.931034 3.294876
vertex 1.829469 9.931034 2.486201
endloop
endfacet
facet normal -0.578628 -0.095453 0.809987
outer loop
vertex 2.526051 9.103448 3.625448
vertex 3.345599 9.103448 4.210906
vertex 3.086670 9.931034 4.123463
endloop
endfacet
facet normal -0.789317 0.181783 0.586458
outer loop
vertex 2.526051 9.103448 3.625448
vertex 3.086670 9.931034 4.123463
vertex 2.471035 9.931034 3.294876
endloop
endfacet
facet normal -0.278386 -0.562864 0.778258
outer loop
vertex 3.345599 9.103448 4.210906
vertex 4.293938 9.103448 4.550131
vertex 3.715783 9.931034 4.941862
endloop
endfacet
facet normal -0.779781 -0.180636 0.599427
outer loop
vertex 3.345599 9.103448 4.210906
vertex 3.715783 9.931034 4.941862
vertex 3.086670 9.931034 4.123463
endloop
endfacet
facet normal -0.128014 -0.730948 0.670319
outer loop
vertex 4.293938 9.103448 4.550131
vertex 5.283243 9.103448 4.739063
vertex 4.579529 9.931034 5.507111
endloop
endfacet
facet normal -0.432061 -0.614351 0.660224
outer loop
vertex 4.293938 9.103448 4.550131
vertex 4.579529 9.931034 5.507111
vertex 3.715783 9.931034 4.941862
endloop
endfacet
facet normal -0.554249 -0.140075 0.820480
outer loop
vertex 5.283243 9.103448 4.739063
vertex 6.117846 9.103448 5.302852
vertex 5.489437 9.931034 5.019639
endloop
endfacet
facet normal 0.435936 -0.384487 0.813713
outer loop
vertex 5.283243 9.103448 4.739063
vertex 5.489437 9.931034 5.019639
vertex 4.579529 9.931034 5.507111
endloop
endfacet
facet normal -0.339678 0.737820 0.583301
outer loop
vertex 6.117846 9.103448 5.302852
vertex 6.988207 9.103448 5.809697
vertex 6.270849 9.931034 4.345134
endloop
endfacet
facet normal 0.521431 0.602661 0.604077
outer loop
vertex 6.117846 9.103448 5.302852
vertex 6.270849 9.931034 4.345134
vertex 5.489437 9.931034 5.019639
endloop
endfacet
facet normal 0.447914 0.608254 0.655286
outer loop
vertex 6.988207 9.103448 5.809697
vertex 7.819704 9.103448 5.241336
vertex 7.092142 9.931034 4.970466
endloop
endfacet
facet normal -0.454120 0.661853 0.596428
outer loop
vertex 6.988207 9.103448 5.809697
vertex 7.092142 9.931034 4.970466
vertex 6.270849 9.931034 4.345134
endloop
endfacet
facet normal 0.820855 -0.291419 0.491194
outer loop
vertex 7.819704 9.103448 5.241336
vertex 8.336874 9.103448 4.377071
vertex 7.868509 9.931034 5.650772
endloop
endfacet
facet normal -0.625245 -0.316136 0.713531
outer loop
vertex 7.819704 9.103448 5.241336
vertex 7.868509 9.931034 5.650772
vertex 7.092142 9.931034 4.970466
endloop
endfacet
facet normal -0.442635 -0.506015 0.740286
outer loop
vertex 8.336874 9.103448 4.377071
vertex 9.201318 9.103448 4.893943
vertex 8.808857 9.931034 5.224970
endloop
endfacet
facet normal 0.268196 -0.759780 0.592288
outer loop
vertex 8.336874 9.103448 4.377071
vertex 8.808857 9.931034 5.224970
vertex 7.868509 9.931034 5.650772
endloop
endfacet
facet normal -0.397773 0.291973 0.869786
outer loop
vertex 9.201318 9.103448 4.893943
vertex 10.117264 9.103448 5.312826
vertex 9.782439 9.931034 4.881896
endloop
endfacet
facet normal 0.324614 -0.214530 0.921196
outer loop
vertex 9.201318 9.103448 4.893943
vertex 9.782439 9.931034 4.881896
vertex 8.808857 9.931034 5.224970
endloop
endfacet
facet normal 0.661840 -0.506463 0.552687
outer loop
vertex 10.117264 9.103448 5.312826
vertex 10.762842 9.103448 4.539749
vertex 10.669305 9.931034 5.410130
endloop
endfacet
facet normal -0.497558 0.233678 0.835363
outer loop
vertex 10.117264 9.103448 5.312826
vertex 10.669305 9.931034 5.410130
vertex 9.782439 9.931034 4.881896
endloop
endfacet
facet normal -0.086717 -0.463480 0.881854
outer loop
vertex 10.762842 9.103448 4.539749
vertex 11.765192 9.103448 4.638315
vertex 11.640745 9.931034 5.061036
endloop
endfacet
facet normal 0.244997 -0.689328 0.681765
outer loop
vertex 10.762842 9.103448 4.539749
vertex 11.640745 9.931034 5.061036
vertex 10.669305 9.931034 5.410130
endloop
endfacet
facet normal -0.249359 -0.436592 0.864412
outer loop
vertex 11.765192 9.103448 4.638315
vertex 12.732916 9.103448 4.917477
vertex 12.642672 9.931034 5.309436
endloop
endfacet
facet normal -0.212448 -0.469647 0.856912
outer loop
vertex 11.765192 9.103448 4.638315
vertex 12.642672 9.931034 5.309436
vertex 11.640745 9.931034 5.061036
endloop
endfacet
facet normal 0.234255 -0.368526 0.899618
outer loop
vertex 12.732916 9.103448 4.917477
vertex 13.707598 9.103448 4.663675
vertex 13.634061 9.931034 5.021842
endloop
endfacet
facet normal 0.256458 -0.390739 0.884055
outer loop
vertex 12.732916 9.103448 4.917477
vertex 13.634061 9.931034 5.021842
vertex 12.642672 9.931034 5.309436
endloop
endfacet
facet normal 0.004312 -0.338208 0.941061
outer loop
vertex 13.707598 9.103448 4.663675
vertex 14.714771 9.103448 4.659060
vertex 14.664265 9.931034 4.956718
endloop
endfacet
facet normal 0.058035 -0.392167 0.918062
outer loop
vertex 13.707598 9.103448 4.663675
vertex 14.664265 9.931034 4.956718
vertex 13.634061 9.931034 5.021842
endloop
endfacet
facet normal -0.076028 -0.264645 0.961344
outer loop
vertex 14.714771 9.103448 4.659060
vertex 15.718821 9.103448 4.738465
vertex 15.696496 9.931034 4.964523
endloop
endfacet
facet normal -0.007114 -0.338820 0.940824
outer loop
vertex 14.714771 9.103448 4.659060
vertex 15.696496 9.931034 4.964523
vertex 14.664265 9.931034 4.956718
endloop
endfacet
facet normal 0.032934 0.083653 0.995951
outer loop
vertex 15.718821 9.103448 4.738465
vertex 16.725455 9.103448 4.705178
vertex 16.675526 9.931034 4.637318
endloop
endfacet
facet normal 0.307478 -0.243007 0.920003
outer loop
vertex 15.718821 9.103448 4.738465
vertex 16.675526 9.931034 4.637318
vertex 15.696496 9.931034 4.964523
endloop
endfacet
facet normal 0.306442 0.337479 0.890057
outer loop
vertex 16.725455 9.103448 4.705178
vertex 17.677776 9.103448 4.377299
vertex 17.559484 9.931034 4.104233
endloop
endfacet
facet normal 0.513791 0.100857 0.851966
outer loop
vertex 16.725455 9.103448 4.705178
vertex 17.559484 9.931034 4.104233
vertex 16.675526 9.931034 4.637318
endloop
endfacet
facet normal 0.659186 0.132455 0.740222
outer loop
vertex 17.677776 9.103448 4.377299
vertex 18.429943 9.103448 3.707475
vertex 18.433992 9.931034 3.555782
endloop
endfacet
facet normal 0.500622 0.334940 0.798243
outer loop
vertex 17.677776 9.103448 4.377299
vertex 18.433992 9.931034 3.555782
vertex 17.559484 9.931034 4.104233
endloop
endfacet
facet normal 0.505378 0.281494 0.815692
outer loop
vertex 18.429943 9.103448 3.707475
vertex 19.286117 9.103448 3.177016
vertex 19.244854 9.931034 2.916983
endloop
endfacet
facet normal 0.612778 0.139576 0.777832
outer loop
vertex 18.429943 9.103448 3.707475
vertex 19.244854 9.931034 2.916983
vertex 18.433992 9.931034 3.555782
endloop
endfacet
facet normal 0.614079 0.323126 0.720067
outer loop
vertex 19.286117 9.103448 3.177016
vertex 20.052467 9.103448 2.523467
vertex 19.991448 9.931034 2.204130
endloop
endfacet
facet normal 0.668078 0.253161 0.699700
outer loop
vertex 19.286117 9.103448 3.177016
vertex 19.991448 9.931034 2.204130
vertex 19.244854 9.931034 2.916983
endloop
endfacet
facet normal 0.550852 0.533896 0.641496
outer loop
vertex 20.052467 9.103448 2.523467
vertex 20.816591 9.103448 1.867314
vertex 20.596341 9.931034 1.367669
endloop
endfacet
facet normal 0.779112 0.274849 0.563420
outer loop
vertex 20.052467 9.103448 2.523467
vertex 20.596341 9.931034 1.367669
vertex 19.991448 9.931034 2.204130
endloop
endfacet
facet normal 0.734044 0.452760 0.506151
outer loop
vertex 20.816591 9.103448 1.867314
vertex 21.388336 9.103448 1.038142
vertex 21.218585 9.931034 0.544034
endloop
endfacet
facet normal 0.691317 0.499304 0.522280
outer loop
vertex 20.816591 9.103448 1.867314
vertex 21.218585 9.931034 0.544034
vertex 20.596341 9.931034 1.367669
endloop
endfacet
facet normal 0.700536 0.302605 0.646282
outer loop
vertex 21.388336 9.103448 1.038142
vertex 22.071280 9.103448 0.297866
vertex 22.050495 9.931034 -0.067101
endloop
endfacet
facet normal 0.507083 0.516134 0.690269
outer loop
vertex 21.388336 9.103448 1.038142
vertex 22.050495 9.931034 -0.067101
vertex 21.218585 9.931034 0.544034
endloop
endfacet
facet normal 0.293724 0.090795 0.951568
outer loop
vertex 22.071280 9.103448 0.297866
vertex 23.033660 9.103448 0.000805
vertex 23.082426 9.931034 -0.093213
endloop
endfacet
facet normal 0.023141 0.403885 0.914517
outer loop
vertex 22.071280 9.103448 0.297866
vertex 23.082426 9.931034 -0.093213
vertex 22.050495 9.931034 -0.067101
endloop
endfacet
facet normal 0.000192 0.112631 0.993637
outer loop
vertex 23.033660 9.103448 0.000805
vertex 24.040844 9.103448 0.000610
vertex 24.114686 9.931034 -0.093213
endloop
endfacet
facet normal 0.000000 0.112879 0.993609
outer loop
vertex 23.033660 9.103448 0.000805
vertex 24.114686 9.931034 -0.093213
vertex 23.082426 9.931034 -0.093213
endloop
endfacet
facet normal -0.622603 0.360869 0.694362
outer loop
vertex 0.000000 9.931034 0.026977
vertex 0.768550 9.931034 0.716102
vertex 0.925987 10.758621 0.427161
endloop
endfacet
facet normal -0.335620 -0.078402 0.938729
outer loop
vertex 0.000000 9.931034 0.026977
vertex 0.925987 10.758621 0.427161
vertex 0.000000 10.758621 0.096097
endloop
endfacet
facet normal -0.833979 0.292099 0.468142
outer loop
vertex 0.768550 9.931034 0.716102
vertex 1.273831 9.931034 1.616242
vertex 1.384542 10.758621 1.297094
endloop
endfacet
facet normal -0.839794 0.314311 0.442668
outer loop
vertex 0.768550 9.931034 0.716102
vertex 1.384542 10.758621 1.297094
vertex 0.925987 10.758621 0.427161
endloop
endfacet
facet normal -0.795162 0.331344 0.507866
outer loop
vertex 1.273831 9.931034 1.616242
vertex 1.829469 9.931034 2.486201
vertex 1.935221 10.758621 2.111839
endloop
endfacet
facet normal -0.787524 0.310619 0.532280
outer loop
vertex 1.273831 9.931034 1.616242
vertex 1.935221 10.758621 2.111839
vertex 1.384542 10.758621 1.297094
endloop
endfacet
facet normal -0.698061 0.453878 0.553809
outer loop
vertex 1.829469 9.931034 2.486201
vertex 2.471035 9.931034 3.294876
vertex 2.625912 10.758621 2.811841
endloop
endfacet
facet normal -0.658924 0.378302 0.650159
outer loop
vertex 1.829469 9.931034 2.486201
vertex 2.625912 10.758621 2.811841
vertex 1.935221 10.758621 2.111839
endloop
endfacet
facet normal -0.616916 0.639778 0.458365
outer loop
vertex 2.471035 9.931034 3.294876
vertex 3.086670 9.931034 4.123463
vertex 3.410694 10.758621 3.404440
endloop
endfacet
facet normal -0.521600 0.500787 0.690758
outer loop
vertex 2.471035 9.931034 3.294876
vertex 3.410694 10.758621 3.404440
vertex 2.625912 10.758621 2.811841
endloop
endfacet
facet normal -0.491759 0.784393 0.378021
outer loop
vertex 3.086670 9.931034 4.123463
vertex 3.715783 9.931034 4.941862
vertex 4.249091 10.758621 3.918391
endloop
endfacet
facet normal -0.379790 0.686969 0.619542
outer loop
vertex 3.086670 9.931034 4.123463
vertex 4.249091 10.758621 3.918391
vertex 3.410694 10.758621 3.404440
endloop
endfacet
facet normal -0.275939 0.863749 0.421658
outer loop
vertex 3.715783 9.931034 4.941862
vertex 4.579529 9.931034 5.507111
vertex 5.188201 10.758621 4.210158
endloop
endfacet
facet normal -0.174740 0.808166 0.562436
outer loop
vertex 3.715783 9.931034 4.941862
vertex 5.188201 10.758621 4.210158
vertex 4.249091 10.758621 3.918391
endloop
endfacet
facet normal 0.470022 0.096739 0.877337
outer loop
vertex 4.579529 9.931034 5.507111
vertex 5.489437 9.931034 5.019639
vertex 6.087540 10.758621 4.607961
endloop
endfacet
facet normal -0.202377 0.865859 0.457528
outer loop
vertex 4.579529 9.931034 5.507111
vertex 6.087540 10.758621 4.607961
vertex 5.188201 10.758621 4.210158
endloop
endfacet
facet normal 0.553813 -0.530710 0.641590
outer loop
vertex 5.489437 9.931034 5.019639
vertex 6.270849 9.931034 4.345134
vertex 7.040526 10.758621 4.365321
endloop
endfacet
facet normal 0.236087 0.290634 0.927251
outer loop
vertex 5.489437 9.931034 5.019639
vertex 7.040526 10.758621 4.365321
vertex 6.087540 10.758621 4.607961
endloop
endfacet
facet normal -0.385272 0.771702 0.506005
outer loop
vertex 6.270849 9.931034 4.345134
vertex 7.092142 9.931034 4.970466
vertex 8.022570 10.758621 4.416751
endloop
endfacet
facet normal -0.052284 0.024273 0.998337
outer loop
vertex 6.270849 9.931034 4.345134
vertex 8.022570 10.758621 4.416751
vertex 7.040526 10.758621 4.365321
endloop
endfacet
facet normal -0.436716 0.748930 0.498381
outer loop
vertex 7.092142 9.931034 4.970466
vertex 7.868509 9.931034 5.650772
vertex 8.696623 10.758621 5.132788
endloop
endfacet
facet normal -0.448875 0.787375 0.422555
outer loop
vertex 7.092142 9.931034 4.970466
vertex 8.696623 10.758621 5.132788
vertex 8.022570 10.758621 4.416751
endloop
endfacet
facet normal 0.344134 -0.551351 0.759989
outer loop
vertex 7.868509 9.931034 5.650772
vertex 8.808857 9.931034 5.224970
vertex 9.625534 10.758621 5.455558
endloop
endfacet
facet normal -0.241590 0.676919 0.695281
outer loop
vertex 7.868509 9.931034 5.650772
vertex 9.625534 10.758621 5.455558
vertex 8.696623 10.758621 5.132788
endloop
endfacet
facet normal 0.275557 -0.559083 0.781982
outer loop
vertex 8.808857 9.931034 5.224970
vertex 9.782439 9.931034 4.881896
vertex 10.573710 10.758621 5.194754
endloop
endfacet
facet normal 0.234297 -0.468545 0.851805
outer loop
vertex 8.808857 9.931034 5.224970
vertex 10.573710 10.758621 5.194754
vertex 9.625534 10.758621 5.455558
endloop
endfacet
facet normal -0.485914 0.313584 0.815814
outer loop
vertex 9.782439 9.931034 4.881896
vertex 10.669305 9.931034 5.410130
vertex 11.480527 10.758621 5.575200
endloop
endfacet
facet normal -0.386785 0.021291 0.921924
outer loop
vertex 9.782439 9.931034 4.881896
vertex 11.480527 10.758621 5.575200
vertex 10.573710 10.758621 5.194754
endloop
endfacet
facet normal 0.271362 -0.596772 0.755132
outer loop
vertex 10.669305 9.931034 5.410130
vertex 11.640745 9.931034 5.061036
vertex 12.452144 10.758621 5.423486
endloop
endfacet
facet normal 0.145693 -0.328918 0.933052
outer loop
vertex 10.669305 9.931034 5.410130
vertex 12.452144 10.758621 5.423486
vertex 11.480527 10.758621 5.575200
endloop
endfacet
facet normal -0.216329 0.437983 0.872567
outer loop
vertex 11.640745 9.931034 5.061036
vertex 12.642672 9.931034 5.309436
vertex 13.371623 10.758621 5.074754
endloop
endfacet
facet normal 0.282720 -0.603658 0.745430
outer loop
vertex 11.640745 9.931034 5.061036
vertex 13.371623 10.758621 5.074754
vertex 12.452144 10.758621 5.423486
endloop
endfacet
facet normal 0.277366 -0.094267 0.956129
outer loop
vertex 12.642672 9.931034 5.309436
vertex 13.634061 9.931034 5.021842
vertex 14.339160 10.758621 4.898891
endloop
endfacet
facet normal 0.177528 0.120598 0.976699
outer loop
vertex 12.642672 9.931034 5.309436
vertex 14.339160 10.758621 4.898891
vertex 13.371623 10.758621 5.074754
endloop
endfacet
facet normal 0.063070 -0.024816 0.997701
outer loop
vertex 13.634061 9.931034 5.021842
vertex 14.664265 9.931034 4.956718
vertex 15.321860 10.758621 4.935733
endloop
endfacet
facet normal -0.036869 0.177515 0.983427
outer loop
vertex 13.634061 9.931034 5.021842
vertex 15.321860 10.758621 4.935733
vertex 14.339160 10.758621 4.898891
endloop
endfacet
facet normal -0.007187 0.310842 0.950434
outer loop
vertex 14.664265 9.931034 4.956718
vertex 15.696496 9.931034 4.964523
vertex 16.276142 10.758621 4.698242
endloop
endfacet
facet normal 0.238192 -0.164997 0.957100
outer loop
vertex 14.664265 9.931034 4.956718
vertex 16.276142 10.758621 4.698242
vertex 15.321860 10.758621 4.935733
endloop
endfacet
facet normal 0.308981 0.223225 0.924501
outer loop
vertex 15.696496 9.931034 4.964523
vertex 16.675526 9.931034 4.637318
vertex 17.163508 10.758621 4.274404
endloop
endfacet
facet normal 0.430969 -0.011534 0.902293
outer loop
vertex 15.696496 9.931034 4.964523
vertex 17.163508 10.758621 4.274404
vertex 16.276142 10.758621 4.698242
endloop
endfacet
facet normal 0.504340 0.215065 0.836294
outer loop
vertex 16.675526 9.931034 4.637318
vertex 17.559484 9.931034 4.104233
vertex 17.935184 10.758621 3.664837
endloop
endfacet
facet normal 0.619721 -0.021382 0.784531
outer loop
vertex 16.675526 9.931034 4.637318
vertex 17.935184 10.758621 3.664837
vertex 17.163508 10.758621 4.274404
endloop
endfacet
facet normal 0.516353 0.235610 0.823327
outer loop
vertex 17.559484 9.931034 4.104233
vertex 18.433992 9.931034 3.555782
vertex 18.753074 10.758621 3.118840
endloop
endfacet
facet normal 0.545508 0.186215 0.817157
outer loop
vertex 17.559484 9.931034 4.104233
vertex 18.753074 10.758621 3.118840
vertex 17.935184 10.758621 3.664837
endloop
endfacet
facet normal 0.585057 0.325863 0.742645
outer loop
vertex 18.433992 9.931034 3.555782
vertex 19.244854 9.931034 2.916983
vertex 19.431421 10.758621 2.406870
endloop
endfacet
facet normal 0.721390 0.084750 0.687323
outer loop
vertex 18.433992 9.931034 3.555782
vertex 19.431421 10.758621 2.406870
vertex 18.753074 10.758621 3.118840
endloop
endfacet
facet normal 0.596730 0.503308 0.624975
outer loop
vertex 19.244854 9.931034 2.916983
vertex 19.991448 9.931034 2.204130
vertex 19.953739 10.758621 1.573660
endloop
endfacet
facet normal 0.839513 0.135129 0.526269
outer loop
vertex 19.244854 9.931034 2.916983
vertex 19.953739 10.758621 1.573660
vertex 19.431421 10.758621 2.406870
endloop
endfacet
facet normal 0.704258 0.494616 0.509289
outer loop
vertex 19.991448 9.931034 2.204130
vertex 20.596341 9.931034 1.367669
vertex 20.470976 10.758621 0.737285
endloop
endfacet
facet normal 0.778635 0.402316 0.481529
outer loop
vertex 19.991448 9.931034 2.204130
vertex 20.470976 10.758621 0.737285
vertex 19.953739 10.758621 1.573660
endloop
endfacet
facet normal 0.730057 0.403502 0.551547
outer loop
vertex 20.596341 9.931034 1.367669
vertex 21.218585 9.931034 0.544034
vertex 21.151495 10.758621 0.027390
endloop
endfacet
facet normal 0.608997 0.536939 0.583797
outer loop
vertex 20.596341 9.931034 1.367669
vertex 21.151495 10.758621 0.027390
vertex 20.470976 10.758621 0.737285
endloop
endfacet
facet normal 0.590188 -0.078943 0.803396
outer loop
vertex 21.218585 9.931034 0.544034
vertex 22.050495 9.931034 -0.067101
vertex 22.132160 10.758621 -0.045773
endloop
endfacet
facet normal 0.062988 0.532176 0.844287
outer loop
vertex 21.218585 9.931034 0.544034
vertex 22.132160 10.758621 -0.045773
vertex 21.151495 10.758621 0.027390
endloop
endfacet
facet normal 0.025253 -0.058219 0.997984
outer loop
vertex 22.050495 9.931034 -0.067101
vertex 23.082426 9.931034 -0.093213
vertex 23.115550 10.758621 -0.045773
endloop
endfacet
facet normal 0.000000 -0.025764 0.999668
outer loop
vertex 22.050495 9.931034 -0.067101
vertex 23.115550 10.758621 -0.045773
vertex 22.132160 10.758621 -0.045773
endloop
endfacet
facet normal 0.000000 -0.057230 0.998361
outer loop
vertex 23.082426 9.931034 -0.093213
vertex 24.114686 9.931034 -0.093213
vertex 24.098940 10.758621 -0.045773
endloop
endfacet
facet normal -0.000000 -0.057230 0.998361
outer loop
vertex 23.082426 9.931034 -0.093213
vertex 24.098940 10.758621 -0.045773
vertex 23.115550 10.758621 -0.045773
endloop
endfacet
facet normal -0.328850 0.214090 0.919795
outer loop
vertex 0.000000 10.758621 0.096097
vertex 0.925987 10.758621 0.427161
vertex 0.984180 11.586207 0.255339
endloop
endfacet
facet normal -0.249557 0.111693 0.961897
outer loop
vertex 0.000000 10.758621 0.096097
vertex 0.984180 11.586207 0.255339
vertex 0.000000 11.586207 0.000000
endloop
endfacet
facet normal -0.868446 0.190388 0.457771
outer loop
vertex 0.925987 10.758621 0.427161
vertex 1.384542 10.758621 1.297094
vertex 1.483669 11.586207 1.140955
endloop
endfacet
facet normal -0.859638 0.161107 0.484838
outer loop
vertex 0.925987 10.758621 0.427161
vertex 1.483669 11.586207 1.140955
vertex 0.984180 11.586207 0.255339
endloop
endfacet
facet normal -0.814656 0.182084 0.550619
outer loop
vertex 1.384542 10.758621 1.297094
vertex 1.935221 10.758621 2.111839
vertex 2.039450 11.586207 1.992375
endloop
endfacet
facet normal -0.820575 0.199347 0.535646
outer loop
vertex 1.384542 10.758621 1.297094
vertex 2.039450 11.586207 1.992375
vertex 1.483669 11.586207 1.140955
endloop
endfacet
facet normal -0.711260 0.039824 0.701800
outer loop
vertex 1.935221 10.758621 2.111839
vertex 2.625912 10.758621 2.811841
vertex 2.659093 11.586207 2.798507
endloop
endfacet
facet normal -0.779216 0.184598 0.598954
outer loop
vertex 1.935221 10.758621 2.111839
vertex 2.659093 11.586207 2.798507
vertex 2.039450 11.586207 1.992375
endloop
endfacet
facet normal -0.593319 -0.174900 0.785737
outer loop
vertex 2.625912 10.758621 2.811841
vertex 3.410694 10.758621 3.404440
vertex 3.350976 11.586207 3.543561
endloop
endfacet
facet normal -0.732175 0.040310 0.679923
outer loop
vertex 2.625912 10.758621 2.811841
vertex 3.350976 11.586207 3.543561
vertex 2.659093 11.586207 2.798507
endloop
endfacet
facet normal -0.458292 -0.480690 0.747600
outer loop
vertex 3.410694 10.758621 3.404440
vertex 4.249091 10.758621 3.918391
vertex 4.019417 11.586207 4.309716
endloop
endfacet
facet normal -0.743484 -0.162693 0.648662
outer loop
vertex 3.410694 10.758621 3.404440
vertex 4.019417 11.586207 4.309716
vertex 3.350976 11.586207 3.543561
endloop
endfacet
facet normal -0.295968 0.069982 0.952631
outer loop
vertex 4.249091 10.758621 3.918391
vertex 5.188201 10.758621 4.210158
vertex 5.013252 11.586207 4.095009
endloop
endfacet
facet normal 0.195821 -0.374254 0.906415
outer loop
vertex 4.249091 10.758621 3.918391
vertex 5.013252 11.586207 4.095009
vertex 4.019417 11.586207 4.309716
endloop
endfacet
facet normal -0.274362 0.734840 0.620270
outer loop
vertex 5.188201 10.758621 4.210158
vertex 6.087540 10.758621 4.607961
vertex 5.854966 11.586207 3.524636
endloop
endfacet
facet normal 0.546241 0.227634 0.806103
outer loop
vertex 5.188201 10.758621 4.210158
vertex 5.854966 11.586207 3.524636
vertex 5.013252 11.586207 4.095009
endloop
endfacet
facet normal 0.195733 0.608852 0.768757
outer loop
vertex 6.087540 10.758621 4.607961
vertex 7.040526 10.758621 4.365321
vertex 6.844142 11.586207 3.759877
endloop
endfacet
facet normal -0.147499 0.770433 0.620224
outer loop
vertex 6.087540 10.758621 4.607961
vertex 6.844142 11.586207 3.759877
vertex 5.854966 11.586207 3.524636
endloop
endfacet
facet normal -0.052290 0.018883 0.998453
outer loop
vertex 7.040526 10.758621 4.365321
vertex 8.022570 10.758621 4.416751
vertex 7.648732 11.586207 4.381521
endloop
endfacet
facet normal -0.560887 0.397994 0.725953
outer loop
vertex 7.040526 10.758621 4.365321
vertex 7.648732 11.586207 4.381521
vertex 6.844142 11.586207 3.759877
endloop
endfacet
facet normal -0.617004 0.530987 0.580826
outer loop
vertex 8.022570 10.758621 4.416751
vertex 8.696623 10.758621 5.132788
vertex 8.664741 11.586207 4.342347
endloop
endfacet
facet normal 0.038460 0.059835 0.997467
outer loop
vertex 8.022570 10.758621 4.416751
vertex 8.664741 11.586207 4.342347
vertex 7.648732 11.586207 4.381521
endloop
endfacet
facet normal -0.326649 0.097756 0.940077
outer loop
vertex 8.696623 10.758621 5.132788
vertex 9.625534 10.758621 5.455558
vertex 9.184467 11.586207 5.216241
endloop
endfacet
facet normal -0.782283 0.414224 0.465243
outer loop
vertex 8.696623 10.758621 5.132788
vertex 9.184467 11.586207 5.216241
vertex 8.664741 11.586207 4.342347
endloop
endfacet
facet normal 0.212476 0.598444 0.772476
outer loop
vertex 9.625534 10.758621 5.455558
vertex 10.573710 10.758621 5.194754
vertex 10.057774 11.586207 4.695529
endloop
endfacet
facet normal 0.454124 0.462271 0.761628
outer loop
vertex 9.625534 10.758621 5.455558
vertex 10.057774 11.586207 4.695529
vertex 9.184467 11.586207 5.216241
endloop
endfacet
facet normal -0.353331 0.407287 0.842185
outer loop
vertex 10.573710 10.758621 5.194754
vertex 11.480527 10.758621 5.575200
vertex 11.031933 11.586207 4.986770
endloop
endfacet
facet normal -0.266010 0.370895 0.889762
outer loop
vertex 10.573710 10.758621 5.194754
vertex 11.031933 11.586207 4.986770
vertex 10.057774 11.586207 4.695529
endloop
endfacet
facet normal 0.132151 0.516010 0.846327
outer loop
vertex 11.480527 10.758621 5.575200
vertex 12.452144 10.758621 5.423486
vertex 12.048684 11.586207 4.981901
endloop
endfacet
facet normal 0.003898 0.580872 0.813985
outer loop
vertex 11.480527 10.758621 5.575200
vertex 12.048684 11.586207 4.981901
vertex 11.031933 11.586207 4.986770
endloop
endfacet
facet normal 0.302204 0.523237 0.796804
outer loop
vertex 12.452144 10.758621 5.423486
vertex 13.371623 10.758621 5.074754
vertex 13.015277 11.586207 4.666455
endloop
endfacet
facet normal 0.259112 0.549970 0.793973
outer loop
vertex 12.452144 10.758621 5.423486
vertex 13.015277 11.586207 4.666455
vertex 12.048684 11.586207 4.981901
endloop
endfacet
facet normal 0.150853 0.537069 0.829940
outer loop
vertex 13.371623 10.758621 5.074754
vertex 14.339160 10.758621 4.898891
vertex 14.002827 11.586207 4.424479
endloop
endfacet
facet normal 0.205718 0.502791 0.839572
outer loop
vertex 13.371623 10.758621 5.074754
vertex 14.002827 11.586207 4.424479
vertex 13.015277 11.586207 4.666455
endloop
endfacet
facet normal -0.031602 0.537075 0.842942
outer loop
vertex 14.339160 10.758621 4.898891
vertex 15.321860 10.758621 4.935733
vertex 15.019221 11.586207 4.397096
endloop
endfacet
facet normal 0.023256 0.504291 0.863220
outer loop
vertex 14.339160 10.758621 4.898891
vertex 15.019221 11.586207 4.397096
vertex 14.002827 11.586207 4.424479
endloop
endfacet
facet normal 0.191589 0.608799 0.769842
outer loop
vertex 15.321860 10.758621 4.935733
vertex 16.276142 10.758621 4.698242
vertex 15.995657 11.586207 4.113582
endloop
endfacet
facet normal 0.225536 0.588031 0.776758
outer loop
vertex 15.321860 10.758621 4.935733
vertex 15.995657 11.586207 4.113582
vertex 15.019221 11.586207 4.397096
endloop
endfacet
facet normal 0.427831 0.120992 0.895724
outer loop
vertex 16.276142 10.758621 4.698242
vertex 17.163508 10.758621 4.274404
vertex 17.004723 11.586207 4.238457
endloop
endfacet
facet normal -0.102528 0.550546 0.828485
outer loop
vertex 16.276142 10.758621 4.698242
vertex 17.004723 11.586207 4.238457
vertex 15.995657 11.586207 4.113582
endloop
endfacet
facet normal 0.611481 -0.163895 0.774099
outer loop
vertex 17.163508 10.758621 4.274404
vertex 17.935184 10.758621 3.664837
vertex 17.938920 11.586207 3.837106
endloop
endfacet
facet normal 0.392121 0.114878 0.912712
outer loop
vertex 17.163508 10.758621 4.274404
vertex 17.938920 11.586207 3.837106
vertex 17.004723 11.586207 4.238457
endloop
endfacet
facet normal 0.553444 0.079894 0.829046
outer loop
vertex 17.935184 10.758621 3.664837
vertex 18.753074 10.758621 3.118840
vertex 18.648506 11.586207 3.108893
endloop
endfacet
facet normal 0.708438 -0.146893 0.690317
outer loop
vertex 17.935184 10.758621 3.664837
vertex 18.648506 11.586207 3.108893
vertex 17.938920 11.586207 3.837106
endloop
endfacet
facet normal 0.713342 0.170913 0.679655
outer loop
vertex 18.753074 10.758621 3.118840
vertex 19.431421 10.758621 2.406870
vertex 19.304455 11.586207 2.332016
endloop
endfacet
facet normal 0.759947 0.103734 0.641654
outer loop
vertex 18.753074 10.758621 3.118840
vertex 19.304455 11.586207 2.332016
vertex 18.648506 11.586207 3.108893
endloop
endfacet
facet normal 0.814532 0.275347 0.510609
outer loop
vertex 19.431421 10.758621 2.406870
vertex 19.953739 10.758621 1.573660
vertex 19.766391 11.586207 1.426244
endloop
endfacet
facet normal 0.877089 0.175019 0.447307
outer loop
vertex 19.431421 10.758621 2.406870
vertex 19.766391 11.586207 1.426244
vertex 19.304455 11.586207 2.332016
endloop
endfacet
facet normal 0.787157 0.378696 0.486799
outer loop
vertex 19.953739 10.758621 1.573660
vertex 20.470976 10.758621 0.737285
vertex 20.211960 11.586207 0.512310
endloop
endfacet
facet normal 0.865228 0.271008 0.421824
outer loop
vertex 19.953739 10.758621 1.573660
vertex 20.211960 11.586207 0.512310
vertex 19.766391 11.586207 1.426244
endloop
endfacet
facet normal 0.721126 0.045828 0.691286
outer loop
vertex 20.470976 10.758621 0.737285
vertex 21.151495 10.758621 0.027390
vertex 21.103194 11.586207 0.022913
endloop
endfacet
facet normal 0.448595 0.362477 0.816929
outer loop
vertex 20.470976 10.758621 0.737285
vertex 21.103194 11.586207 0.022913
vertex 20.211960 11.586207 0.512310
endloop
endfacet
facet normal 0.074152 -0.081396 0.993920
outer loop
vertex 21.151495 10.758621 0.027390
vertex 22.132160 10.758621 -0.045773
vertex 22.119957 11.586207 0.022913
endloop
endfacet
facet normal 0.000000 0.005410 0.999985
outer loop
vertex 21.151495 10.758621 0.027390
vertex 22.119957 11.586207 0.022913
vertex 21.103194 11.586207 0.022913
endloop
endfacet
facet normal 0.000000 -0.082710 0.996574
outer loop
vertex 22.132160 10.758621 -0.045773
vertex 23.115550 10.758621 -0.045773
vertex 23.136720 11.586207 0.022913
endloop
endfacet
facet normal 0.000000 -0.082710 0.996574
outer loop
vertex 22.132160 10.758621 -0.045773
vertex 23.136720 11.586207 0.022913
vertex 22.119957 11.586207 0.022913
endloop
endfacet
facet normal -0.000000 -0.082710 0.996574
outer loop
vertex 23.115550 10.758621 -0.045773
vertex 24.098940 10.758621 -0.045773
vertex 24.153483 11.586207 0.022913
endloop
endfacet
facet normal 0.000000 -0.082710 0.996574
outer loop
vertex 23.115550 10.758621 -0.045773
vertex 24.153483 11.586207 0.022913
vertex 23.136720 11.586207 0.022913
endloop
endfacet
facet normal -0.246580 0.189478 0.950419
outer loop
vertex 0.000000 11.586207 0.000000
vertex 0.984180 11.586207 0.255339
vertex 0.962843 12.413793 0.084813
endloop
endfacet
facet normal -0.087746 0.000000 0.996143
outer loop
vertex 0.000000 11.586207 0.000000
vertex 0.962843 12.413793 0.084813
vertex 0.000000 12.413793 0.000000
endloop
endfacet
facet normal -0.763927 0.480394 0.430856
outer loop
vertex 0.984180 11.586207 0.255339
vertex 1.483669 11.586207 1.140955
vertex 1.735768 12.413793 0.665199
endloop
endfacet
facet normal -0.593877 0.147654 0.790891
outer loop
vertex 0.984180 11.586207 0.255339
vertex 1.735768 12.413793 0.665199
vertex 0.962843 12.413793 0.084813
endloop
endfacet
facet normal -0.761361 0.416327 0.496993
outer loop
vertex 1.483669 11.586207 1.140955
vertex 2.039450 11.586207 1.992375
vertex 2.184488 12.413793 1.521301
endloop
endfacet
facet normal -0.780421 0.472884 0.409052
outer loop
vertex 1.483669 11.586207 1.140955
vertex 2.184488 12.413793 1.521301
vertex 1.735768 12.413793 0.665199
endloop
endfacet
facet normal -0.737355 0.367522 0.566776
outer loop
vertex 2.039450 11.586207 1.992375
vertex 2.659093 11.586207 2.798507
vertex 2.712276 12.413793 2.331054
endloop
endfacet
facet normal -0.761777 0.416130 0.496519
outer loop
vertex 2.039450 11.586207 1.992375
vertex 2.712276 12.413793 2.331054
vertex 2.184488 12.413793 1.521301
endloop
endfacet
facet normal -0.665120 0.419665 0.617654
outer loop
vertex 2.659093 11.586207 2.798507
vertex 3.350976 11.586207 3.543561
vertex 3.388513 12.413793 3.021680
endloop
endfacet
facet normal -0.653739 0.403575 0.640119
outer loop
vertex 2.659093 11.586207 2.798507
vertex 3.388513 12.413793 3.021680
vertex 2.712276 12.413793 2.331054
endloop
endfacet
facet normal -0.492199 0.757188 0.429425
outer loop
vertex 3.350976 11.586207 3.543561
vertex 4.019417 11.586207 4.309716
vertex 4.335915 12.413793 3.213229
endloop
endfacet
facet normal -0.167893 0.531271 0.830399
outer loop
vertex 3.350976 11.586207 3.543561
vertex 4.335915 12.413793 3.213229
vertex 3.388513 12.413793 3.021680
endloop
endfacet
facet normal 0.118166 0.828773 0.546967
outer loop
vertex 4.019417 11.586207 4.309716
vertex 5.013252 11.586207 4.095009
vertex 5.209098 12.413793 2.798727
endloop
endfacet
facet normal 0.298286 0.718459 0.628365
outer loop
vertex 4.019417 11.586207 4.309716
vertex 5.209098 12.413793 2.798727
vertex 4.335915 12.413793 3.213229
endloop
endfacet
facet normal 0.507778 0.425026 0.749342
outer loop
vertex 5.013252 11.586207 4.095009
vertex 5.854966 11.586207 3.524636
vertex 6.174852 12.413793 2.838466
endloop
endfacet
facet normal -0.022039 0.844174 0.535617
outer loop
vertex 5.013252 11.586207 4.095009
vertex 6.174852 12.413793 2.838466
vertex 5.209098 12.413793 2.798727
endloop
endfacet
facet normal -0.165838 0.697291 0.697340
outer loop
vertex 5.854966 11.586207 3.524636
vertex 6.844142 11.586207 3.759877
vertex 7.127860 12.413793 2.999821
endloop
endfacet
facet normal -0.125195 0.661479 0.739440
outer loop
vertex 5.854966 11.586207 3.524636
vertex 7.127860 12.413793 2.999821
vertex 6.174852 12.413793 2.838466
endloop
endfacet
facet normal -0.408381 0.744207 0.528565
outer loop
vertex 6.844142 11.586207 3.759877
vertex 7.648732 11.586207 4.381521
vertex 7.973786 12.413793 3.467442
endloop
endfacet
facet normal -0.347328 0.696119 0.628316
outer loop
vertex 6.844142 11.586207 3.759877
vertex 7.973786 12.413793 3.467442
vertex 7.127860 12.413793 2.999821
endloop
endfacet
facet normal 0.037714 0.204576 0.978124
outer loop
vertex 7.648732 11.586207 4.381521
vertex 8.664741 11.586207 4.342347
vertex 8.637285 12.413793 4.170314
endloop
endfacet
facet normal -0.503058 0.722096 0.474878
outer loop
vertex 7.648732 11.586207 4.381521
vertex 8.637285 12.413793 4.170314
vertex 7.973786 12.413793 3.467442
endloop
endfacet
facet normal -0.679258 0.612712 0.403971
outer loop
vertex 8.664741 11.586207 4.342347
vertex 9.184467 11.586207 5.216241
vertex 9.529722 12.413793 4.541552
endloop
endfacet
facet normal -0.378055 0.176378 0.908826
outer loop
vertex 8.664741 11.586207 4.342347
vertex 9.529722 12.413793 4.541552
vertex 8.637285 12.413793 4.170314
endloop
endfacet
facet normal 0.503553 0.182232 0.844527
outer loop
vertex 9.184467 11.586207 5.216241
vertex 10.057774 11.586207 4.695529
vertex 10.459504 12.413793 4.277419
endloop
endfacet
facet normal 0.227000 0.556741 0.799069
outer loop
vertex 9.184467 11.586207 5.216241
vertex 10.459504 12.413793 4.277419
vertex 9.529722 12.413793 4.541552
endloop
endfacet
facet normal -0.248146 0.499504 0.830012
outer loop
vertex 10.057774 11.586207 4.695529
vertex 11.031933 11.586207 4.986770
vertex 11.373816 12.413793 4.590938
endloop
endfacet
facet normal -0.273777 0.536268 0.798412
outer loop
vertex 10.057774 11.586207 4.695529
vertex 11.373816 12.413793 4.590938
vertex 10.459504 12.413793 4.277419
endloop
endfacet
facet normal 0.003820 0.603221 0.797565
outer loop
vertex 11.031933 11.586207 4.986770
vertex 12.048684 11.586207 4.981901
vertex 12.311078 12.413793 4.354717
endloop
endfacet
facet normal 0.229736 0.341077 0.911531
outer loop
vertex 11.031933 11.586207 4.986770
vertex 12.311078 12.413793 4.354717
vertex 11.373816 12.413793 4.590938
endloop
endfacet
facet normal 0.268754 0.499589 0.823518
outer loop
vertex 12.048684 11.586207 4.981901
vertex 13.015277 11.586207 4.666455
vertex 13.240910 12.413793 4.090763
endloop
endfacet
facet normal 0.229752 0.540521 0.809352
outer loop
vertex 12.048684 11.586207 4.981901
vertex 13.240910 12.413793 4.090763
vertex 12.311078 12.413793 4.354717
endloop
endfacet
facet normal 0.220899 0.372090 0.901528
outer loop
vertex 13.015277 11.586207 4.666455
vertex 14.002827 11.586207 4.424479
vertex 14.205765 12.413793 4.033181
endloop
endfacet
facet normal 0.049306 0.561262 0.826168
outer loop
vertex 13.015277 11.586207 4.666455
vertex 14.205765 12.413793 4.033181
vertex 13.240910 12.413793 4.090763
endloop
endfacet
facet normal 0.023270 0.503387 0.863748
outer loop
vertex 14.002827 11.586207 4.424479
vertex 15.019221 11.586207 4.397096
vertex 15.164566 12.413793 3.910867
endloop
endfacet
facet normal 0.115913 0.401193 0.908630
outer loop
vertex 14.002827 11.586207 4.424479
vertex 15.164566 12.413793 3.910867
vertex 14.205765 12.413793 4.033181
endloop
endfacet
facet normal 0.265189 0.309046 0.913327
outer loop
vertex 15.019221 11.586207 4.397096
vertex 15.995657 11.586207 4.113582
vertex 16.124311 12.413793 3.796193
endloop
endfacet
facet normal 0.103402 0.490288 0.865405
outer loop
vertex 15.019221 11.586207 4.397096
vertex 16.124311 12.413793 3.796193
vertex 15.164566 12.413793 3.910867
endloop
endfacet
facet normal -0.108258 0.472253 0.874790
outer loop
vertex 15.995657 11.586207 4.113582
vertex 17.004723 11.586207 4.238457
vertex 17.090863 12.413793 3.802348
endloop
endfacet
facet normal -0.005943 0.358880 0.933365
outer loop
vertex 15.995657 11.586207 4.113582
vertex 17.090863 12.413793 3.802348
vertex 16.124311 12.413793 3.796193
endloop
endfacet
facet normal 0.345317 0.484470 0.803769
outer loop
vertex 17.004723 11.586207 4.238457
vertex 17.938920 11.586207 3.837106
vertex 17.938777 12.413793 3.338342
endloop
endfacet
facet normal 0.443810 0.381179 0.811009
outer loop
vertex 17.004723 11.586207 4.238457
vertex 17.938777 12.413793 3.338342
vertex 17.090863 12.413793 3.802348
endloop
endfacet
facet normal 0.677033 0.326193 0.659715
outer loop
vertex 17.938920 11.586207 3.837106
vertex 18.648506 11.586207 3.108893
vertex 18.656761 12.413793 2.691225
endloop
endfacet
facet normal 0.611033 0.408686 0.677949
outer loop
vertex 17.938920 11.586207 3.837106
vertex 18.656761 12.413793 2.691225
vertex 17.938777 12.413793 3.338342
endloop
endfacet
facet normal 0.711133 0.365738 0.600439
outer loop
vertex 18.648506 11.586207 3.108893
vertex 19.304455 11.586207 2.332016
vertex 19.231620 12.413793 1.914181
endloop
endfacet
facet normal 0.771664 0.280415 0.570879
outer loop
vertex 18.648506 11.586207 3.108893
vertex 19.231620 12.413793 1.914181
vertex 18.656761 12.413793 2.691225
endloop
endfacet
facet normal 0.844406 0.318635 0.430640
outer loop
vertex 19.304455 11.586207 2.332016
vertex 19.766391 11.586207 1.426244
vertex 19.649703 12.413793 1.042707
endloop
endfacet
facet normal 0.864126 0.285354 0.414558
outer loop
vertex 19.304455 11.586207 2.332016
vertex 19.649703 12.413793 1.042707
vertex 19.231620 12.413793 1.914181
endloop
endfacet
facet normal 0.887118 0.161149 0.432496
outer loop
vertex 19.766391 11.586207 1.426244
vertex 20.211960 11.586207 0.512310
vertex 20.192841 12.413793 0.243169
endloop
endfacet
facet normal 0.774000 0.352804 0.525789
outer loop
vertex 19.766391 11.586207 1.426244
vertex 20.192841 12.413793 0.243169
vertex 19.649703 12.413793 1.042707
endloop
endfacet
facet normal 0.480110 -0.071121 0.874320
outer loop
vertex 20.211960 11.586207 0.512310
vertex 21.103194 11.586207 0.022913
vertex 21.143432 12.413793 0.068136
endloop
endfacet
facet normal 0.172268 0.308243 0.935580
outer loop
vertex 20.211960 11.586207 0.512310
vertex 21.143432 12.413793 0.068136
vertex 20.192841 12.413793 0.243169
endloop
endfacet
facet normal 0.000000 -0.054564 0.998510
outer loop
vertex 21.103194 11.586207 0.022913
vertex 22.119957 11.586207 0.022913
vertex 22.110004 12.413793 0.068136
endloop
endfacet
facet normal 0.000000 -0.054564 0.998510
outer loop
vertex 21.103194 11.586207 0.022913
vertex 22.110004 12.413793 0.068136
vertex 21.143432 12.413793 0.068136
endloop
endfacet
facet normal 0.000000 -0.054564 0.998510
outer loop
vertex 22.119957 11.586207 0.022913
vertex 23.136720 11.586207 0.022913
vertex 23.076575 12.413793 0.068136
endloop
endfacet
facet normal 0.000000 -0.054564 0.998510
outer loop
vertex 22.119957 11.586207 0.022913
vertex 23.076575 12.413793 0.068136
vertex 22.110004 12.413793 0.068136
endloop
endfacet
facet normal 0.000000 -0.054564 0.998510
outer loop
vertex 23.136720 11.586207 0.022913
vertex 24.153483 11.586207 0.022913
vertex 24.043146 12.413793 0.068136
endloop
endfacet
facet normal 0.000000 -0.054564 0.998510
outer loop
vertex 23.136720 11.586207 0.022913
vertex 24.043146 12.413793 0.068136
vertex 23.076575 12.413793 0.068136
endloop
endfacet
facet normal -0.087474 0.078629 0.993059
outer loop
vertex 0.000000 12.413793 0.000000
vertex 0.962843 12.413793 0.084813
vertex 0.963358 13.241379 0.019331
endloop
endfacet
facet normal -0.020063 0.000000 0.999799
outer loop
vertex 0.000000 12.413793 0.000000
vertex 0.963358 13.241379 0.019331
vertex 0.000000 13.241379 0.000000
endloop
endfacet
facet normal -0.568875 0.320048 0.757595
outer loop
vertex 0.962843 12.413793 0.084813
vertex 1.735768 12.413793 0.665199
vertex 1.848445 13.241379 0.400192
endloop
endfacet
facet normal -0.394220 0.072733 0.916133
outer loop
vertex 0.962843 12.413793 0.084813
vertex 1.848445 13.241379 0.400192
vertex 0.963358 13.241379 0.019331
endloop
endfacet
facet normal -0.849211 0.284112 0.445108
outer loop
vertex 1.735768 12.413793 0.665199
vertex 2.184488 12.413793 1.521301
vertex 2.315488 13.241379 1.242987
endloop
endfacet
facet normal -0.843517 0.264530 0.467443
outer loop
vertex 1.735768 12.413793 0.665199
vertex 2.315488 13.241379 1.242987
vertex 1.848445 13.241379 0.400192
endloop
endfacet
facet normal -0.790560 0.330913 0.515279
outer loop
vertex 2.184488 12.413793 1.521301
vertex 2.712276 12.413793 2.331054
vertex 2.865267 13.241379 2.034301
endloop
endfacet
facet normal -0.781747 0.306398 0.543132
outer loop
vertex 2.184488 12.413793 1.521301
vertex 2.865267 13.241379 2.034301
vertex 2.315488 13.241379 1.242987
endloop
endfacet
facet normal -0.665070 0.365518 0.651213
outer loop
vertex 2.712276 12.413793 2.331054
vertex 3.388513 12.413793 3.021680
vertex 3.545124 13.241379 2.717109
endloop
endfacet
facet normal -0.661538 0.358481 0.658679
outer loop
vertex 2.712276 12.413793 2.331054
vertex 3.545124 13.241379 2.717109
vertex 2.865267 13.241379 2.034301
endloop
endfacet
facet normal -0.184907 0.359743 0.914546
outer loop
vertex 3.388513 12.413793 3.021680
vertex 4.335915 12.413793 3.213229
vertex 4.487432 13.241379 2.918326
endloop
endfacet
facet normal -0.193931 0.370932 0.908185
outer loop
vertex 3.388513 12.413793 3.021680
vertex 4.487432 13.241379 2.918326
vertex 3.545124 13.241379 2.717109
endloop
endfacet
facet normal 0.399436 0.363896 0.841446
outer loop
vertex 4.335915 12.413793 3.213229
vertex 5.209098 12.413793 2.798727
vertex 5.298625 13.241379 2.398326
endloop
endfacet
facet normal 0.529068 0.197238 0.825339
outer loop
vertex 4.335915 12.413793 3.213229
vertex 5.298625 13.241379 2.398326
vertex 4.487432 13.241379 2.918326
endloop
endfacet
facet normal -0.025092 0.792152 0.609808
outer loop
vertex 5.209098 12.413793 2.798727
vertex 6.174852 12.413793 2.838466
vertex 6.017700 13.241379 1.756949
endloop
endfacet
facet normal 0.639460 0.277685 0.716925
outer loop
vertex 5.209098 12.413793 2.798727
vertex 6.017700 13.241379 1.756949
vertex 5.298625 13.241379 2.398326
endloop
endfacet
facet normal -0.105055 0.777150 0.620485
outer loop
vertex 6.174852 12.413793 2.838466
vertex 7.127860 12.413793 2.999821
vertex 6.964540 13.241379 1.935628
endloop
endfacet
facet normal -0.115901 0.780614 0.614174
outer loop
vertex 6.174852 12.413793 2.838466
vertex 6.964540 13.241379 1.935628
vertex 6.017700 13.241379 1.756949
endloop
endfacet
facet normal -0.365298 0.655644 0.660823
outer loop
vertex 7.127860 12.413793 2.999821
vertex 7.973786 12.413793 3.467442
vertex 7.734961 13.241379 2.514321
endloop
endfacet
facet normal -0.444275 0.672893 0.591468
outer loop
vertex 7.127860 12.413793 2.999821
vertex 7.734961 13.241379 2.514321
vertex 6.964540 13.241379 1.935628
endloop
endfacet
facet normal -0.548965 0.655814 0.518214
outer loop
vertex 7.973786 12.413793 3.467442
vertex 8.637285 12.413793 4.170314
vertex 8.549150 13.241379 3.029616
endloop
endfacet
facet normal -0.413769 0.633540 0.653776
outer loop
vertex 7.973786 12.413793 3.467442
vertex 8.549150 13.241379 3.029616
vertex 7.734961 13.241379 2.514321
endloop
endfacet
facet normal -0.286715 0.665380 0.689249
outer loop
vertex 8.637285 12.413793 4.170314
vertex 9.529722 12.413793 4.541552
vertex 9.291731 13.241379 3.643625
endloop
endfacet
facet normal -0.451860 0.705113 0.546478
outer loop
vertex 8.637285 12.413793 4.170314
vertex 9.291731 13.241379 3.643625
vertex 8.549150 13.241379 3.029616
endloop
endfacet
facet normal 0.215742 0.613764 0.759440
outer loop
vertex 9.529722 12.413793 4.541552
vertex 10.459504 12.413793 4.277419
vertex 10.255008 13.241379 3.666675
endloop
endfacet
facet normal -0.016270 0.733071 0.679957
outer loop
vertex 9.529722 12.413793 4.541552
vertex 10.255008 13.241379 3.666675
vertex 9.291731 13.241379 3.643625
endloop
endfacet
facet normal -0.239327 0.674976 0.697947
outer loop
vertex 10.459504 12.413793 4.277419
vertex 11.373816 12.413793 4.590938
vertex 11.216028 13.241379 3.736483
endloop
endfacet
facet normal -0.058847 0.583310 0.810115
outer loop
vertex 10.459504 12.413793 4.277419
vertex 11.216028 13.241379 3.736483
vertex 10.255008 13.241379 3.666675
endloop
endfacet
facet normal 0.183849 0.658849 0.729464
outer loop
vertex 11.373816 12.413793 4.590938
vertex 12.311078 12.413793 4.354717
vertex 12.174894 13.241379 3.641567
endloop
endfacet
facet normal 0.068064 0.722897 0.687596
outer loop
vertex 11.373816 12.413793 4.590938
vertex 12.174894 13.241379 3.641567
vertex 11.216028 13.241379 3.736483
endloop
endfacet
facet normal 0.205754 0.657504 0.724813
outer loop
vertex 12.311078 12.413793 4.354717
vertex 13.240910 12.413793 4.090763
vertex 13.102104 13.241379 3.379433
endloop
endfacet
facet normal 0.204840 0.658073 0.724555
outer loop
vertex 12.311078 12.413793 4.354717
vertex 13.102104 13.241379 3.379433
vertex 12.174894 13.241379 3.641567
endloop
endfacet
facet normal 0.044481 0.665212 0.745328
outer loop
vertex 13.240910 12.413793 4.090763
vertex 14.205765 12.413793 4.033181
vertex 14.062628 13.241379 3.303095
endloop
endfacet
facet normal 0.059768 0.656413 0.752031
outer loop
vertex 13.240910 12.413793 4.090763
vertex 14.062628 13.241379 3.303095
vertex 13.102104 13.241379 3.379433
endloop
endfacet
facet normal 0.104587 0.562956 0.819843
outer loop
vertex 14.205765 12.413793 4.033181
vertex 15.164566 12.413793 3.910867
vertex 15.024471 13.241379 3.360467
endloop
endfacet
facet normal -0.044914 0.656505 0.752984
outer loop
vertex 14.205765 12.413793 4.033181
vertex 15.024471 13.241379 3.360467
vertex 14.062628 13.241379 3.303095
endloop
endfacet
facet normal 0.095283 0.595805 0.797457
outer loop
vertex 15.164566 12.413793 3.910867
vertex 16.124311 12.413793 3.796193
vertex 15.973858 13.241379 3.195854
endloop
endfacet
facet normal 0.140995 0.564684 0.813174
outer loop
vertex 15.164566 12.413793 3.910867
vertex 15.973858 13.241379 3.195854
vertex 15.024471 13.241379 3.360467
endloop
endfacet
facet normal -0.005885 0.381928 0.924173
outer loop
vertex 16.124311 12.413793 3.796193
vertex 17.090863 12.413793 3.802348
vertex 16.900746 13.241379 3.459125
endloop
endfacet
facet normal -0.229282 0.543888 0.807227
outer loop
vertex 16.124311 12.413793 3.796193
vertex 16.900746 13.241379 3.459125
vertex 15.973858 13.241379 3.195854
endloop
endfacet
facet normal 0.426423 0.459299 0.779236
outer loop
vertex 17.090863 12.413793 3.802348
vertex 17.938777 12.413793 3.338342
vertex 17.728366 13.241379 2.965688
endloop
endfacet
facet normal 0.462773 0.428218 0.776190
outer loop
vertex 17.090863 12.413793 3.802348
vertex 17.728366 13.241379 2.965688
vertex 16.900746 13.241379 3.459125
endloop
endfacet
facet normal 0.582177 0.493804 0.645932
outer loop
vertex 17.938777 12.413793 3.338342
vertex 18.656761 12.413793 2.691225
vertex 18.408053 13.241379 2.282710
endloop
endfacet
facet normal 0.634527 0.445671 0.631469
outer loop
vertex 17.938777 12.413793 3.338342
vertex 18.408053 13.241379 2.282710
vertex 17.728366 13.241379 2.965688
endloop
endfacet
facet normal 0.672238 0.548421 0.497323
outer loop
vertex 18.656761 12.413793 2.691225
vertex 19.231620 12.413793 1.914181
vertex 18.897744 13.241379 1.452870
endloop
endfacet
facet normal 0.767312 0.454104 0.452793
outer loop
vertex 18.656761 12.413793 2.691225
vertex 18.897744 13.241379 1.452870
vertex 18.408053 13.241379 2.282710
endloop
endfacet
facet normal 0.832293 0.384525 0.399286
outer loop
vertex 19.231620 12.413793 1.914181
vertex 19.649703 12.413793 1.042707
vertex 19.449534 13.241379 0.662957
endloop
endfacet
facet normal 0.687367 0.544955 0.480157
outer loop
vertex 19.231620 12.413793 1.914181
vertex 19.449534 13.241379 0.662957
vertex 18.897744 13.241379 1.452870
endloop
endfacet
facet normal 0.814743 0.172824 0.553467
outer loop
vertex 19.649703 12.413793 1.042707
vertex 20.192841 12.413793 0.243169
vertex 20.168161 13.241379 0.021079
endloop
endfacet
facet normal 0.595031 0.449606 0.666178
outer loop
vertex 19.649703 12.413793 1.042707
vertex 20.168161 13.241379 0.021079
vertex 19.449534 13.241379 0.662957
endloop
endfacet
facet normal 0.180724 0.063166 0.981503
outer loop
vertex 20.192841 12.413793 0.243169
vertex 21.143432 12.413793 0.068136
vertex 21.131705 13.241379 0.017035
endloop
endfacet
facet normal 0.004053 0.259299 0.965789
outer loop
vertex 20.192841 12.413793 0.243169
vertex 21.131705 13.241379 0.017035
vertex 20.168161 13.241379 0.021079
endloop
endfacet
facet normal 0.000000 0.061630 0.998099
outer loop
vertex 21.143432 12.413793 0.068136
vertex 22.110004 12.413793 0.068136
vertex 22.095257 13.241379 0.017035
endloop
endfacet
facet normal -0.000000 0.061630 0.998099
outer loop
vertex 21.143432 12.413793 0.068136
vertex 22.095257 13.241379 0.017035
vertex 21.131705 13.241379 0.017035
endloop
endfacet
facet normal 0.000000 0.061630 0.998099
outer loop
vertex 22.110004 12.413793 0.068136
vertex 23.076575 12.413793 0.068136
vertex 23.058810 13.241379 0.017035
endloop
endfacet
facet normal -0.000000 0.061630 0.998099
outer loop
vertex 22.110004 12.413793 0.068136
vertex 23.058810 13.241379 0.017035
vertex 22.095257 13.241379 0.017035
endloop
endfacet
facet normal 0.000000 0.061630 0.998099
outer loop
vertex 23.076575 12.413793 0.068136
vertex 24.043146 12.413793 0.068136
vertex 24.022362 13.241379 0.017035
endloop
endfacet
facet normal -0.000000 0.061630 0.998099
outer loop
vertex 23.076575 12.413793 0.068136
vertex 24.022362 13.241379 0.017035
vertex 23.058810 13.241379 0.017035
endloop
endfacet
facet normal -0.020057 0.024314 0.999503
outer loop
vertex 0.000000 13.241379 0.000000
vertex 0.963358 13.241379 0.019331
vertex 1.004316 14.068966 0.000021
endloop
endfacet
facet normal -0.000021 0.000000 1.000000
outer loop
vertex 0.000000 13.241379 0.000000
vertex 1.004316 14.068966 0.000021
vertex 0.000000 14.068966 0.000000
endloop
endfacet
facet normal -0.393620 0.091207 0.914738
outer loop
vertex 0.963358 13.241379 0.019331
vertex 1.848445 13.241379 0.400192
vertex 1.942594 14.068966 0.358188
endloop
endfacet
facet normal -0.356350 0.039418 0.933521
outer loop
vertex 0.963358 13.241379 0.019331
vertex 1.942594 14.068966 0.358188
vertex 1.004316 14.068966 0.000021
endloop
endfacet
facet normal -0.843958 0.262687 0.467687
outer loop
vertex 1.848445 13.241379 0.400192
vertex 2.315488 13.241379 1.242987
vertex 2.532989 14.068966 1.170643
endloop
endfacet
facet normal -0.803023 0.120972 0.583541
outer loop
vertex 1.848445 13.241379 0.400192
vertex 2.532989 14.068966 1.170643
vertex 1.942594 14.068966 0.358188
endloop
endfacet
facet normal -0.810587 0.160592 0.563169
outer loop
vertex 2.315488 13.241379 1.242987
vertex 2.865267 13.241379 2.034301
vertex 3.033949 14.068966 2.041097
endloop
endfacet
facet normal -0.836457 0.261914 0.481394
outer loop
vertex 2.315488 13.241379 1.242987
vertex 3.033949 14.068966 2.041097
vertex 2.532989 14.068966 1.170643
endloop
endfacet
facet normal -0.680840 0.277331 0.677897
outer loop
vertex 2.865267 13.241379 2.034301
vertex 3.545124 13.241379 2.717109
vertex 3.825108 14.068966 2.659739
endloop
endfacet
facet normal -0.611662 0.118248 0.782232
outer loop
vertex 2.865267 13.241379 2.034301
vertex 3.825108 14.068966 2.659739
vertex 3.033949 14.068966 2.041097
endloop
endfacet
facet normal -0.154660 0.671939 0.724277
outer loop
vertex 3.545124 13.241379 2.717109
vertex 4.487432 13.241379 2.918326
vertex 4.717893 14.068966 2.199756
endloop
endfacet
facet normal 0.456025 -0.092922 0.885103
outer loop
vertex 3.545124 13.241379 2.717109
vertex 4.717893 14.068966 2.199756
vertex 3.825108 14.068966 2.659739
endloop
endfacet
facet normal 0.377779 0.714124 0.589330
outer loop
vertex 4.487432 13.241379 2.918326
vertex 5.298625 13.241379 2.398326
vertex 5.309750 14.068966 1.388364
endloop
endfacet
facet normal 0.776616 0.275601 0.566490
outer loop
vertex 4.487432 13.241379 2.918326
vertex 5.309750 14.068966 1.388364
vertex 4.717893 14.068966 2.199756
endloop
endfacet
facet normal 0.402204 0.796804 0.450927
outer loop
vertex 5.298625 13.241379 2.398326
vertex 6.017700 13.241379 1.756949
vertex 5.783964 14.068966 0.503056
endloop
endfacet
facet normal 0.767679 0.491505 0.411207
outer loop
vertex 5.298625 13.241379 2.398326
vertex 5.783964 14.068966 0.503056
vertex 5.309750 14.068966 1.388364
endloop
endfacet
facet normal -0.099349 0.844374 0.526462
outer loop
vertex 6.017700 13.241379 1.756949
vertex 6.964540 13.241379 1.935628
vertex 6.785732 14.068966 0.574549
endloop
endfacet
facet normal -0.039648 0.830534 0.555554
outer loop
vertex 6.017700 13.241379 1.756949
vertex 6.785732 14.068966 0.574549
vertex 5.783964 14.068966 0.503056
endloop
endfacet
facet normal -0.423746 0.708652 0.564138
outer loop
vertex 6.964540 13.241379 1.935628
vertex 7.734961 13.241379 2.514321
vertex 7.489893 14.068966 1.290655
endloop
endfacet
facet normal -0.504426 0.706773 0.496011
outer loop
vertex 6.964540 13.241379 1.935628
vertex 7.489893 14.068966 1.290655
vertex 6.785732 14.068966 0.574549
endloop
endfacet
facet normal -0.395769 0.672550 0.625335
outer loop
vertex 7.734961 13.241379 2.514321
vertex 8.549150 13.241379 3.029616
vertex 8.248244 14.068966 1.949102
endloop
endfacet
facet normal -0.481928 0.677985 0.555050
outer loop
vertex 7.734961 13.241379 2.514321
vertex 8.248244 14.068966 1.949102
vertex 7.489893 14.068966 1.290655
endloop
endfacet
facet normal -0.439846 0.723579 0.531948
outer loop
vertex 8.549150 13.241379 3.029616
vertex 9.291731 13.241379 3.643625
vertex 9.146673 14.068966 2.397963
endloop
endfacet
facet normal -0.315166 0.709031 0.630829
outer loop
vertex 8.549150 13.241379 3.029616
vertex 9.146673 14.068966 2.397963
vertex 8.248244 14.068966 1.949102
endloop
endfacet
facet normal -0.017344 0.688694 0.724844
outer loop
vertex 9.291731 13.241379 3.643625
vertex 10.255008 13.241379 3.666675
vertex 10.030469 14.068966 2.874989
endloop
endfacet
facet normal -0.297979 0.778734 0.552071
outer loop
vertex 9.291731 13.241379 3.643625
vertex 10.030469 14.068966 2.874989
vertex 9.146673 14.068966 2.397963
endloop
endfacet
facet normal -0.055658 0.640162 0.766221
outer loop
vertex 10.255008 13.241379 3.666675
vertex 11.216028 13.241379 3.736483
vertex 11.022593 14.068966 3.031001
endloop
endfacet
facet normal -0.115300 0.670137 0.733227
outer loop
vertex 10.255008 13.241379 3.666675
vertex 11.022593 14.068966 3.031001
vertex 10.030469 14.068966 2.874989
endloop
endfacet
facet normal 0.069339 0.710300 0.700476
outer loop
vertex 11.216028 13.241379 3.736483
vertex 12.174894 13.241379 3.641567
vertex 12.004334 14.068966 2.819258
endloop
endfacet
facet normal 0.158073 0.661715 0.732902
outer loop
vertex 11.216028 13.241379 3.736483
vertex 12.004334 14.068966 2.819258
vertex 11.022593 14.068966 3.031001
endloop
endfacet
facet normal 0.192343 0.707197 0.680351
outer loop
vertex 12.174894 13.241379 3.641567
vertex 13.102104 13.241379 3.379433
vertex 12.973416 14.068966 2.555573
endloop
endfacet
facet normal 0.184461 0.711615 0.677922
outer loop
vertex 12.174894 13.241379 3.641567
vertex 12.973416 14.068966 2.555573
vertex 12.004334 14.068966 2.819258
endloop
endfacet
facet normal 0.051914 0.755399 0.653205
outer loop
vertex 13.102104 13.241379 3.379433
vertex 14.062628 13.241379 3.303095
vertex 13.957377 14.068966 2.354397
endloop
endfacet
facet normal 0.141184 0.709383 0.690538
outer loop
vertex 13.102104 13.241379 3.379433
vertex 13.957377 14.068966 2.354397
vertex 12.973416 14.068966 2.555573
endloop
endfacet
facet normal -0.034629 0.813481 0.580560
outer loop
vertex 14.062628 13.241379 3.303095
vertex 15.024471 13.241379 3.360467
vertex 14.949181 14.068966 2.196363
endloop
endfacet
facet normal 0.103147 0.755191 0.647339
outer loop
vertex 14.062628 13.241379 3.303095
vertex 14.949181 14.068966 2.196363
vertex 13.957377 14.068966 2.354397
endloop
endfacet
facet normal 0.129292 0.653638 0.745681
outer loop
vertex 15.024471 13.241379 3.360467
vertex 15.973858 13.241379 3.195854
vertex 15.912289 14.068966 2.481096
endloop
endfacet
facet normal -0.170943 0.797777 0.578213
outer loop
vertex 15.024471 13.241379 3.360467
vertex 15.912289 14.068966 2.481096
vertex 14.949181 14.068966 2.196363
endloop
endfacet
facet normal -0.270275 0.146650 0.951549
outer loop
vertex 15.973858 13.241379 3.195854
vertex 16.900746 13.241379 3.459125
vertex 16.572125 14.068966 3.238239
endloop
endfacet
facet normal -0.671226 0.455275 0.584962
outer loop
vertex 15.973858 13.241379 3.195854
vertex 16.572125 14.068966 3.238239
vertex 15.912289 14.068966 2.481096
endloop
endfacet
facet normal 0.492775 0.272131 0.826509
outer loop
vertex 16.900746 13.241379 3.459125
vertex 17.728366 13.241379 2.965688
vertex 17.491644 14.068966 2.834339
endloop
endfacet
facet normal 0.372876 0.374634 0.848889
outer loop
vertex 16.900746 13.241379 3.459125
vertex 17.491644 14.068966 2.834339
vertex 16.572125 14.068966 3.238239
endloop
endfacet
facet normal 0.655843 0.379309 0.652682
outer loop
vertex 17.728366 13.241379 2.965688
vertex 18.408053 13.241379 2.282710
vertex 18.142032 14.068966 2.069064
endloop
endfacet
facet normal 0.725579 0.305414 0.616650
outer loop
vertex 17.728366 13.241379 2.965688
vertex 18.142032 14.068966 2.069064
vertex 17.491644 14.068966 2.834339
endloop
endfacet
facet normal 0.797767 0.376760 0.470765
outer loop
vertex 18.408053 13.241379 2.282710
vertex 18.897744 13.241379 1.452870
vertex 18.653367 14.068966 1.204665
endloop
endfacet
facet normal 0.796881 0.377845 0.471395
outer loop
vertex 18.408053 13.241379 2.282710
vertex 18.653367 14.068966 1.204665
vertex 18.142032 14.068966 2.069064
endloop
endfacet
facet normal 0.702485 0.515471 0.490718
outer loop
vertex 18.897744 13.241379 1.452870
vertex 19.449534 13.241379 0.662957
vertex 19.094217 14.068966 0.302278
endloop
endfacet
facet normal 0.835115 0.368960 0.407985
outer loop
vertex 18.897744 13.241379 1.452870
vertex 19.094217 14.068966 0.302278
vertex 18.653367 14.068966 1.204665
endloop
endfacet
facet normal 0.662659 0.102361 0.741893
outer loop
vertex 19.449534 13.241379 0.662957
vertex 20.168161 13.241379 0.021079
vertex 20.054562 14.068966 0.008361
endloop
endfacet
facet normal 0.257251 0.476774 0.840541
outer loop
vertex 19.449534 13.241379 0.662957
vertex 20.054562 14.068966 0.008361
vertex 19.094217 14.068966 0.302278
endloop
endfacet
facet normal 0.004196 0.010850 0.999932
outer loop
vertex 20.168161 13.241379 0.021079
vertex 21.131705 13.241379 0.017035
vertex 21.058878 14.068966 0.008361
endloop
endfacet
facet normal 0.000000 0.015365 0.999882
outer loop
vertex 20.168161 13.241379 0.021079
vertex 21.058878 14.068966 0.008361
vertex 20.054562 14.068966 0.008361
endloop
endfacet
facet normal -0.000000 0.010481 0.999945
outer loop
vertex 21.131705 13.241379 0.017035
vertex 22.095257 13.241379 0.017035
vertex 22.063193 14.068966 0.008361
endloop
endfacet
facet normal 0.000000 0.010481 0.999945
outer loop
vertex 21.131705 13.241379 0.017035
vertex 22.063193 14.068966 0.008361
vertex 21.058878 14.068966 0.008361
endloop
endfacet
facet normal -0.000000 0.010481 0.999945
outer loop
vertex 22.095257 13.241379 0.017035
vertex 23.058810 13.241379 0.017035
vertex 23.067509 14.068966 0.008361
endloop
endfacet
facet normal 0.000000 0.010481 0.999945
outer loop
vertex 22.095257 13.241379 0.017035
vertex 23.067509 14.068966 0.008361
vertex 22.063193 14.068966 0.008361
endloop
endfacet
facet normal -0.000000 0.010481 0.999945
outer loop
vertex 23.058810 13.241379 0.017035
vertex 24.022362 13.241379 0.017035
vertex 24.071825 14.068966 0.008361
endloop
endfacet
facet normal 0.000000 0.010481 0.999945
outer loop
vertex 23.058810 13.241379 0.017035
vertex 24.071825 14.068966 0.008361
vertex 23.067509 14.068966 0.008361
endloop
endfacet
facet normal -0.000021 -0.046651 0.998911
outer loop
vertex 0.000000 14.068966 0.000000
vertex 1.004316 14.068966 0.000021
vertex 1.008620 14.896552 0.038671
endloop
endfacet
facet normal -0.038313 0.000000 0.999266
outer loop
vertex 0.000000 14.068966 0.000000
vertex 1.008620 14.896552 0.038671
vertex 0.000000 14.896552 0.000000
endloop
endfacet
facet normal -0.354638 -0.105472 0.929036
outer loop
vertex 1.004316 14.068966 0.000021
vertex 1.942594 14.068966 0.358188
vertex 1.931328 14.896552 0.447841
endloop
endfacet
facet normal -0.405042 -0.040551 0.913398
outer loop
vertex 1.004316 14.068966 0.000021
vertex 1.931328 14.896552 0.447841
vertex 1.008620 14.896552 0.038671
endloop
endfacet
facet normal -0.807989 0.049093 0.587149
outer loop
vertex 1.942594 14.068966 0.358188
vertex 2.532989 14.068966 1.170643
vertex 2.604536 14.896552 1.199905
endloop
endfacet
facet normal -0.742572 -0.082118 0.664713
outer loop
vertex 1.942594 14.068966 0.358188
vertex 2.604536 14.896552 1.199905
vertex 1.931328 14.896552 0.447841
endloop
endfacet
facet normal -0.862044 0.103663 0.496120
outer loop
vertex 2.532989 14.068966 1.170643
vertex 3.033949 14.068966 2.041097
vertex 3.141303 14.896552 2.054710
endloop
endfacet
facet normal -0.845626 0.054332 0.531003
outer loop
vertex 2.532989 14.068966 1.170643
vertex 3.141303 14.896552 2.054710
vertex 2.604536 14.896552 1.199905
endloop
endfacet
facet normal -0.505441 0.571584 0.646391
outer loop
vertex 3.033949 14.068966 2.041097
vertex 3.825108 14.068966 2.659739
vertex 4.143264 14.896552 2.176709
endloop
endfacet
facet normal -0.120867 -0.000649 0.992668
outer loop
vertex 3.033949 14.068966 2.041097
vertex 4.143264 14.896552 2.176709
vertex 3.141303 14.896552 2.054710
endloop
endfacet
facet normal 0.324915 0.704794 0.630631
outer loop
vertex 3.825108 14.068966 2.659739
vertex 4.717893 14.068966 2.199756
vertex 4.655507 14.896552 1.306986
endloop
endfacet
facet normal 0.861128 -0.035029 0.507181
outer loop
vertex 3.825108 14.068966 2.659739
vertex 4.655507 14.896552 1.306986
vertex 4.143264 14.896552 2.176709
endloop
endfacet
facet normal 0.643617 0.604441 0.469476
outer loop
vertex 4.717893 14.068966 2.199756
vertex 5.309750 14.068966 1.388364
vertex 5.208046 14.896552 0.462291
endloop
endfacet
facet normal 0.700501 0.547115 0.458218
outer loop
vertex 4.717893 14.068966 2.199756
vertex 5.208046 14.896552 0.462291
vertex 4.655507 14.896552 1.306986
endloop
endfacet
facet normal 0.880897 -0.037112 0.471851
outer loop
vertex 5.309750 14.068966 1.388364
vertex 5.783964 14.068966 0.503056
vertex 6.096877 14.896552 -0.016028
endloop
endfacet
facet normal 0.327859 0.722035 0.609241
outer loop
vertex 5.309750 14.068966 1.388364
vertex 6.096877 14.896552 -0.016028
vertex 5.208046 14.896552 0.462291
endloop
endfacet
facet normal -0.061196 0.510864 0.857481
outer loop
vertex 5.783964 14.068966 0.503056
vertex 6.785732 14.068966 0.574549
vertex 7.099093 14.896552 0.103860
endloop
endfacet
facet normal -0.098780 0.555293 0.825768
outer loop
vertex 5.783964 14.068966 0.503056
vertex 7.099093 14.896552 0.103860
vertex 6.096877 14.896552 -0.016028
endloop
endfacet
facet normal -0.494911 0.719882 0.486656
outer loop
vertex 6.785732 14.068966 0.574549
vertex 7.489893 14.068966 1.290655
vertex 7.991122 14.896552 0.576187
endloop
endfacet
facet normal -0.386990 0.562209 0.730862
outer loop
vertex 6.785732 14.068966 0.574549
vertex 7.991122 14.896552 0.576187
vertex 7.099093 14.896552 0.103860
endloop
endfacet
facet normal -0.417160 0.771453 0.480455
outer loop
vertex 7.489893 14.068966 1.290655
vertex 8.248244 14.068966 1.949102
vertex 8.835103 14.896552 1.129817
endloop
endfacet
facet normal -0.377506 0.725466 0.575489
outer loop
vertex 7.489893 14.068966 1.290655
vertex 8.835103 14.896552 1.129817
vertex 7.991122 14.896552 0.576187
endloop
endfacet
facet normal -0.275987 0.786559 0.552409
outer loop
vertex 8.248244 14.068966 1.949102
vertex 9.146673 14.068966 2.397963
vertex 9.762849 14.896552 1.527432
endloop
endfacet
facet normal -0.253522 0.765382 0.591538
outer loop
vertex 8.248244 14.068966 1.949102
vertex 9.762849 14.896552 1.527432
vertex 8.835103 14.896552 1.129817
endloop
endfacet
facet normal -0.247089 0.854037 0.457786
outer loop
vertex 9.146673 14.068966 2.397963
vertex 10.030469 14.068966 2.874989
vertex 10.753422 14.896552 1.721272
endloop
endfacet
facet normal -0.124448 0.761620 0.635962
outer loop
vertex 9.146673 14.068966 2.397963
vertex 10.753422 14.896552 1.721272
vertex 9.762849 14.896552 1.527432
endloop
endfacet
facet normal -0.072032 0.885993 0.458070
outer loop
vertex 10.030469 14.068966 2.874989
vertex 11.022593 14.068966 3.031001
vertex 11.747135 14.896552 1.544230
endloop
endfacet
facet normal 0.111232 0.773198 0.624333
outer loop
vertex 10.030469 14.068966 2.874989
vertex 11.747135 14.896552 1.544230
vertex 10.753422 14.896552 1.721272
endloop
endfacet
facet normal 0.095929 0.890492 0.444771
outer loop
vertex 11.022593 14.068966 3.031001
vertex 12.004334 14.068966 2.819258
vertex 12.615927 14.896552 1.030410
endloop
endfacet
facet normal 0.342317 0.740138 0.578805
outer loop
vertex 11.022593 14.068966 3.031001
vertex 12.615927 14.896552 1.030410
vertex 11.747135 14.896552 1.544230
endloop
endfacet
facet normal 0.111431 0.905467 0.409526
outer loop
vertex 12.004334 14.068966 2.819258
vertex 12.973416 14.068966 2.555573
vertex 13.518014 14.896552 0.577587
endloop
endfacet
facet normal 0.237742 0.848038 0.473615
outer loop
vertex 12.004334 14.068966 2.819258
vertex 13.518014 14.896552 0.577587
vertex 12.615927 14.896552 1.030410
endloop
endfacet
facet normal 0.091597 0.889326 0.448007
outer loop
vertex 12.973416 14.068966 2.555573
vertex 13.957377 14.068966 2.354397
vertex 14.527223 14.896552 0.595071
endloop
endfacet
facet normal -0.006660 0.923140 0.384407
outer loop
vertex 12.973416 14.068966 2.555573
vertex 14.527223 14.896552 0.595071
vertex 13.518014 14.896552 0.577587
endloop
endfacet
facet normal 0.110778 0.710205 0.695225
outer loop
vertex 13.957377 14.068966 2.354397
vertex 14.949181 14.068966 2.196363
vertex 15.246072 14.896552 1.303637
endloop
endfacet
facet normal -0.314273 0.894191 0.318834
outer loop
vertex 13.957377 14.068966 2.354397
vertex 15.246072 14.896552 1.303637
vertex 14.527223 14.896552 0.595071
endloop
endfacet
facet normal -0.268870 0.317192 0.909450
outer loop
vertex 14.949181 14.068966 2.196363
vertex 15.912289 14.068966 2.481096
vertex 15.787429 14.896552 2.155542
endloop
endfacet
facet normal -0.633187 0.661191 0.402369
outer loop
vertex 14.949181 14.068966 2.196363
vertex 15.787429 14.896552 2.155542
vertex 15.246072 14.896552 1.303637
endloop
endfacet
facet normal -0.753557 0.029716 0.656711
outer loop
vertex 15.912289 14.068966 2.481096
vertex 16.572125 14.068966 3.238239
vertex 16.375890 14.896552 2.975617
endloop
endfacet
facet normal -0.807878 0.106158 0.579710
outer loop
vertex 15.912289 14.068966 2.481096
vertex 16.375890 14.896552 2.975617
vertex 15.787429 14.896552 2.155542
endloop
endfacet
facet normal 0.384546 0.292741 0.875458
outer loop
vertex 16.572125 14.068966 3.238239
vertex 17.491644 14.068966 2.834339
vertex 17.324593 14.896552 2.630983
endloop
endfacet
facet normal 0.319253 0.354585 0.878833
outer loop
vertex 16.572125 14.068966 3.238239
vertex 17.324593 14.896552 2.630983
vertex 16.375890 14.896552 2.975617
endloop
endfacet
facet normal 0.717208 0.337754 0.609536
outer loop
vertex 17.491644 14.068966 2.834339
vertex 18.142032 14.068966 2.069064
vertex 17.948837 14.896552 1.837806
endloop
endfacet
facet normal 0.750457 0.296611 0.590623
outer loop
vertex 17.491644 14.068966 2.834339
vertex 17.948837 14.896552 1.837806
vertex 17.324593 14.896552 2.630983
endloop
endfacet
facet normal 0.826481 0.279107 0.488905
outer loop
vertex 18.142032 14.068966 2.069064
vertex 18.653367 14.068966 1.204665
vertex 18.499685 14.896552 0.992007
endloop
endfacet
facet normal 0.791375 0.328764 0.515403
outer loop
vertex 18.142032 14.068966 2.069064
vertex 18.499685 14.896552 0.992007
vertex 17.948837 14.896552 1.837806
endloop
endfacet
facet normal 0.887402 0.156745 0.433529
outer loop
vertex 18.653367 14.068966 1.204665
vertex 19.094217 14.068966 0.302278
vertex 19.030496 14.896552 0.133491
endloop
endfacet
facet normal 0.816221 0.281250 0.504660
outer loop
vertex 18.653367 14.068966 1.204665
vertex 19.030496 14.896552 0.133491
vertex 18.499685 14.896552 0.992007
endloop
endfacet
facet normal 0.291266 0.097282 0.951683
outer loop
vertex 19.094217 14.068966 0.302278
vertex 20.054562 14.068966 0.008361
vertex 20.020015 14.896552 -0.065663
endloop
endfacet
facet normal 0.192894 0.210321 0.958414
outer loop
vertex 19.094217 14.068966 0.302278
vertex 20.020015 14.896552 -0.065663
vertex 19.030496 14.896552 0.133491
endloop
endfacet
facet normal 0.000000 0.089089 0.996024
outer loop
vertex 20.054562 14.068966 0.008361
vertex 21.058878 14.068966 0.008361
vertex 21.029376 14.896552 -0.065663
endloop
endfacet
facet normal 0.000000 0.089089 0.996024
outer loop
vertex 20.054562 14.068966 0.008361
vertex 21.029376 14.896552 -0.065663
vertex 20.020015 14.896552 -0.065663
endloop
endfacet
facet normal 0.000000 0.089089 0.996024
outer loop
vertex 21.058878 14.068966 0.008361
vertex 22.063193 14.068966 0.008361
vertex 22.038737 14.896552 -0.065663
endloop
endfacet
facet normal 0.000000 0.089089 0.996024
outer loop
vertex 21.058878 14.068966 0.008361
vertex 22.038737 14.896552 -0.065663
vertex 21.029376 14.896552 -0.065663
endloop
endfacet
facet normal 0.000000 0.089089 0.996024
outer loop
vertex 22.063193 14.068966 0.008361
vertex 23.067509 14.068966 0.008361
vertex 23.048098 14.896552 -0.065663
endloop
endfacet
facet normal 0.000000 0.089089 0.996024
outer loop
vertex 22.063193 14.068966 0.008361
vertex 23.048098 14.896552 -0.065663
vertex 22.038737 14.896552 -0.065663
endloop
endfacet
facet normal 0.000000 0.089089 0.996024
outer loop
vertex 23.067509 14.068966 0.008361
vertex 24.071825 14.068966 0.008361
vertex 24.057458 14.896552 -0.065663
endloop
endfacet
facet normal 0.000000 0.089089 0.996024
outer loop
vertex 23.067509 14.068966 0.008361
vertex 24.057458 14.896552 -0.065663
vertex 23.048098 14.896552 -0.065663
endloop
endfacet
facet normal -0.038278 -0.042339 0.998370
outer loop
vertex 0.000000 14.896552 0.000000
vertex 1.008620 14.896552 0.038671
vertex 1.000341 15.724138 0.073451
endloop
endfacet
facet normal -0.073229 0.000000 0.997315
outer loop
vertex 0.000000 14.896552 0.000000
vertex 1.000341 15.724138 0.073451
vertex 0.000000 15.724138 0.000000
endloop
endfacet
facet normal -0.392011 -0.254650 0.884014
outer loop
vertex 1.008620 14.896552 0.038671
vertex 1.931328 14.896552 0.447841
vertex 1.827819 15.724138 0.640337
endloop
endfacet
facet normal -0.564712 -0.040290 0.824304
outer loop
vertex 1.008620 14.896552 0.038671
vertex 1.827819 15.724138 0.640337
vertex 1.000341 15.724138 0.073451
endloop
endfacet
facet normal -0.658263 -0.468490 0.589243
outer loop
vertex 1.931328 14.896552 0.447841
vertex 2.604536 14.896552 1.199905
vertex 2.304589 15.724138 1.522815
endloop
endfacet
facet normal -0.859152 -0.215422 0.464168
outer loop
vertex 1.931328 14.896552 0.447841
vertex 2.304589 15.724138 1.522815
vertex 1.827819 15.724138 0.640337
endloop
endfacet
facet normal -0.834855 -0.167897 0.524240
outer loop
vertex 2.604536 14.896552 1.199905
vertex 3.141303 14.896552 2.054710
vertex 3.057221 15.724138 2.185856
endloop
endfacet
facet normal -0.583503 -0.469918 0.662345
outer loop
vertex 2.604536 14.896552 1.199905
vertex 3.057221 15.724138 2.185856
vertex 2.304589 15.724138 1.522815
endloop
endfacet
facet normal -0.108042 0.448287 0.887336
outer loop
vertex 3.141303 14.896552 2.054710
vertex 4.143264 14.896552 2.176709
vertex 3.953465 15.724138 1.735498
endloop
endfacet
facet normal 0.446942 -0.095540 0.889446
outer loop
vertex 3.141303 14.896552 2.054710
vertex 3.953465 15.724138 1.735498
vertex 3.057221 15.724138 2.185856
endloop
endfacet
facet normal 0.818034 0.314149 0.481800
outer loop
vertex 4.143264 14.896552 2.176709
vertex 4.655507 14.896552 1.306986
vertex 4.557109 15.724138 0.934440
endloop
endfacet
facet normal 0.713174 0.450073 0.537418
outer loop
vertex 4.143264 14.896552 2.176709
vertex 4.557109 15.724138 0.934440
vertex 3.953465 15.724138 1.735498
endloop
endfacet
facet normal 0.784984 0.346610 0.513480
outer loop
vertex 4.655507 14.896552 1.306986
vertex 5.208046 14.896552 0.462291
vertex 5.089742 15.724138 0.084511
endloop
endfacet
facet normal 0.802306 0.321727 0.502789
outer loop
vertex 4.655507 14.896552 1.306986
vertex 5.089742 15.724138 0.084511
vertex 4.557109 15.724138 0.934440
endloop
endfacet
facet normal 0.473716 0.026572 0.880277
outer loop
vertex 5.208046 14.896552 0.462291
vertex 6.096877 14.896552 -0.016028
vertex 6.085636 15.724138 -0.034960
endloop
endfacet
facet normal 0.107786 0.425555 0.898491
outer loop
vertex 5.208046 14.896552 0.462291
vertex 6.085636 15.724138 -0.034960
vertex 5.089742 15.724138 0.084511
endloop
endfacet
facet normal -0.117190 0.162853 0.979666
outer loop
vertex 6.096877 14.896552 -0.016028
vertex 7.099093 14.896552 0.103860
vertex 7.088670 15.724138 -0.034960
endloop
endfacet
facet normal 0.000000 0.022870 0.999738
outer loop
vertex 6.096877 14.896552 -0.016028
vertex 7.088670 15.724138 -0.034960
vertex 6.085636 15.724138 -0.034960
endloop
endfacet
facet normal -0.381693 0.578509 0.720859
outer loop
vertex 7.099093 14.896552 0.103860
vertex 7.991122 14.896552 0.576187
vertex 8.091705 15.724138 -0.034716
endloop
endfacet
facet normal -0.000240 0.165426 0.986222
outer loop
vertex 7.099093 14.896552 0.103860
vertex 8.091705 15.724138 -0.034716
vertex 7.088670 15.724138 -0.034960
endloop
endfacet
facet normal -0.330268 0.798395 0.503476
outer loop
vertex 7.991122 14.896552 0.576187
vertex 8.835103 14.896552 1.129817
vertex 9.094491 15.724138 -0.012390
endloop
endfacet
facet normal -0.017886 0.595205 0.803375
outer loop
vertex 7.991122 14.896552 0.576187
vertex 9.094491 15.724138 -0.012390
vertex 8.091705 15.724138 -0.034716
endloop
endfacet
facet normal -0.194301 0.869893 0.453358
outer loop
vertex 8.835103 14.896552 1.129817
vertex 9.762849 14.896552 1.527432
vertex 10.093164 15.724138 0.081044
endloop
endfacet
facet normal -0.054057 0.814392 0.577792
outer loop
vertex 8.835103 14.896552 1.129817
vertex 10.093164 15.724138 0.081044
vertex 9.094491 15.724138 -0.012390
endloop
endfacet
facet normal -0.084926 0.896905 0.433993
outer loop
vertex 9.762849 14.896552 1.527432
vertex 10.753422 14.896552 1.721272
vertex 11.096194 15.724138 0.078028
endloop
endfacet
facet normal 0.001494 0.867816 0.496883
outer loop
vertex 9.762849 14.896552 1.527432
vertex 11.096194 15.724138 0.078028
vertex 10.093164 15.724138 0.081044
endloop
endfacet
facet normal 0.086337 0.870464 0.484601
outer loop
vertex 10.753422 14.896552 1.721272
vertex 11.747135 14.896552 1.544230
vertex 12.095832 15.724138 -0.004445
endloop
endfacet
facet normal 0.037599 0.889323 0.455732
outer loop
vertex 10.753422 14.896552 1.721272
vertex 12.095832 15.724138 -0.004445
vertex 11.096194 15.724138 0.078028
endloop
endfacet
facet normal 0.395502 0.629583 0.668733
outer loop
vertex 11.747135 14.896552 1.544230
vertex 12.615927 14.896552 1.030410
vertex 13.098428 15.724138 -0.034086
endloop
endfacet
facet normal 0.014005 0.880567 0.473714
outer loop
vertex 11.747135 14.896552 1.544230
vertex 13.098428 15.724138 -0.034086
vertex 12.095832 15.724138 -0.004445
endloop
endfacet
facet normal 0.424068 0.326302 0.844804
outer loop
vertex 12.615927 14.896552 1.030410
vertex 13.518014 14.896552 0.577587
vertex 14.101462 15.724138 -0.034940
endloop
endfacet
facet normal 0.000522 0.789365 0.613924
outer loop
vertex 12.615927 14.896552 1.030410
vertex 14.101462 15.724138 -0.034940
vertex 13.098428 15.724138 -0.034086
endloop
endfacet
facet normal -0.017321 0.008512 0.999814
outer loop
vertex 13.518014 14.896552 0.577587
vertex 14.527223 14.896552 0.595071
vertex 14.882668 15.724138 0.594183
endloop
endfacet
facet normal -0.439397 0.713606 0.545616
outer loop
vertex 13.518014 14.896552 0.577587
vertex 14.882668 15.724138 0.594183
vertex 14.101462 15.724138 -0.034940
endloop
endfacet
facet normal -0.698804 -0.095232 0.708945
outer loop
vertex 14.527223 14.896552 0.595071
vertex 15.246072 14.896552 1.303637
vertex 15.326226 15.724138 1.493813
endloop
endfacet
facet normal -0.836823 0.359855 0.412591
outer loop
vertex 14.527223 14.896552 0.595071
vertex 15.326226 15.724138 1.493813
vertex 14.882668 15.724138 0.594183
endloop
endfacet
facet normal -0.825716 -0.207045 0.524714
outer loop
vertex 15.246072 14.896552 1.303637
vertex 15.787429 14.896552 2.155542
vertex 15.740031 15.724138 2.407510
endloop
endfacet
facet normal -0.910914 -0.006577 0.412545
outer loop
vertex 15.246072 14.896552 1.303637
vertex 15.740031 15.724138 2.407510
vertex 15.326226 15.724138 1.493813
endloop
endfacet
facet normal -0.811669 0.044377 0.582430
outer loop
vertex 15.787429 14.896552 2.155542
vertex 16.375890 14.896552 2.975617
vertex 16.490785 15.724138 3.072677
endloop
endfacet
facet normal -0.640891 -0.256938 0.723354
outer loop
vertex 15.787429 14.896552 2.155542
vertex 16.490785 15.724138 3.072677
vertex 15.740031 15.724138 2.407510
endloop
endfacet
facet normal 0.335235 0.189741 0.922830
outer loop
vertex 16.375890 14.896552 2.975617
vertex 17.324593 14.896552 2.630983
vertex 17.294018 15.724138 2.471932
endloop
endfacet
facet normal 0.589754 -0.174356 0.788537
outer loop
vertex 16.375890 14.896552 2.975617
vertex 17.294018 15.724138 2.471932
vertex 16.490785 15.724138 3.072677
endloop
endfacet
facet normal 0.759969 0.254390 0.598108
outer loop
vertex 17.324593 14.896552 2.630983
vertex 17.948837 14.896552 1.837806
vertex 17.836655 15.724138 1.628354
endloop
endfacet
facet normal 0.833460 0.133829 0.536128
outer loop
vertex 17.324593 14.896552 2.630983
vertex 17.836655 15.724138 1.628354
vertex 17.294018 15.724138 2.471932
endloop
endfacet
facet normal 0.797921 0.305401 0.519666
outer loop
vertex 17.948837 14.896552 1.837806
vertex 18.499685 14.896552 0.992007
vertex 18.335301 15.724138 0.758049
endloop
endfacet
facet normal 0.843051 0.236528 0.483031
outer loop
vertex 17.948837 14.896552 1.837806
vertex 18.335301 15.724138 0.758049
vertex 17.836655 15.724138 1.628354
endloop
endfacet
facet normal 0.846068 0.102569 0.523114
outer loop
vertex 18.499685 14.896552 0.992007
vertex 19.030496 14.896552 0.133491
vertex 19.005447 15.724138 0.011737
endloop
endfacet
facet normal 0.705164 0.319071 0.633197
outer loop
vertex 18.499685 14.896552 0.992007
vertex 19.005447 15.724138 0.011737
vertex 18.335301 15.724138 0.758049
endloop
endfacet
facet normal 0.197195 0.033652 0.979787
outer loop
vertex 19.030496 14.896552 0.133491
vertex 20.020015 14.896552 -0.065663
vertex 20.003236 15.724138 -0.090710
endloop
endfacet
facet normal 0.101015 0.147801 0.983845
outer loop
vertex 19.030496 14.896552 0.133491
vertex 20.003236 15.724138 -0.090710
vertex 19.005447 15.724138 0.011737
endloop
endfacet
facet normal -0.000000 0.030252 0.999542
outer loop
vertex 20.020015 14.896552 -0.065663
vertex 21.029376 14.896552 -0.065663
vertex 21.006270 15.724138 -0.090710
endloop
endfacet
facet normal 0.000000 0.030252 0.999542
outer loop
vertex 20.020015 14.896552 -0.065663
vertex 21.006270 15.724138 -0.090710
vertex 20.003236 15.724138 -0.090710
endloop
endfacet
facet normal -0.000000 0.030252 0.999542
outer loop
vertex 21.029376 14.896552 -0.065663
vertex 22.038737 14.896552 -0.065663
vertex 22.009305 15.724138 -0.090710
endloop
endfacet
facet normal 0.000000 0.030252 0.999542
outer loop
vertex 21.029376 14.896552 -0.065663
vertex 22.009305 15.724138 -0.090710
vertex 21.006270 15.724138 -0.090710
endloop
endfacet
facet normal -0.000000 0.030252 0.999542
outer loop
vertex 22.038737 14.896552 -0.065663
vertex 23.048098 14.896552 -0.065663
vertex 23.012339 15.724138 -0.090710
endloop
endfacet
facet normal 0.000000 0.030252 0.999542
outer loop
vertex 22.038737 14.896552 -0.065663
vertex 23.012339 15.724138 -0.090710
vertex 22.009305 15.724138 -0.090710
endloop
endfacet
facet normal -0.000000 0.030252 0.999542
outer loop
vertex 23.048098 14.896552 -0.065663
vertex 24.057458 14.896552 -0.065663
vertex 24.015373 15.724138 -0.090710
endloop
endfacet
facet normal 0.000000 0.030252 0.999542
outer loop
vertex 23.048098 14.896552 -0.065663
vertex 24.015373 15.724138 -0.090710
vertex 23.012339 15.724138 -0.090710
endloop
endfacet
facet normal -0.072516 -0.139196 0.987606
outer loop
vertex 0.000000 15.724138 0.000000
vertex 1.000341 15.724138 0.073451
vertex 0.964435 16.551724 0.187456
endloop
endfacet
facet normal -0.190798 0.000000 0.981629
outer loop
vertex 0.000000 15.724138 0.000000
vertex 0.964435 16.551724 0.187456
vertex 0.000000 16.551724 0.000000
endloop
endfacet
facet normal -0.495891 -0.479726 0.723847
outer loop
vertex 1.000341 15.724138 0.073451
vertex 1.827819 15.724138 0.640337
vertex 1.534339 16.551724 0.987759
endloop
endfacet
facet normal -0.809214 -0.114492 0.576250
outer loop
vertex 1.000341 15.724138 0.073451
vertex 1.534339 16.551724 0.987759
vertex 0.964435 16.551724 0.187456
endloop
endfacet
facet normal -0.837086 -0.307829 0.452247
outer loop
vertex 1.827819 15.724138 0.640337
vertex 2.304589 15.724138 1.522815
vertex 2.132337 16.551724 1.767294
endloop
endfacet
facet normal -0.699054 -0.473022 0.536259
outer loop
vertex 1.827819 15.724138 0.640337
vertex 2.132337 16.551724 1.767294
vertex 1.534339 16.551724 0.987759
endloop
endfacet
facet normal -0.659652 0.064662 0.748784
outer loop
vertex 2.304589 15.724138 1.522815
vertex 3.057221 15.724138 2.185856
vertex 3.052896 16.551724 2.110580
endloop
endfacet
facet normal -0.329840 -0.329944 0.884501
outer loop
vertex 2.304589 15.724138 1.522815
vertex 3.052896 16.551724 2.110580
vertex 2.132337 16.551724 1.767294
endloop
endfacet
facet normal 0.413314 0.390676 0.822523
outer loop
vertex 3.057221 15.724138 2.185856
vertex 3.953465 15.724138 1.735498
vertex 3.767203 16.551724 1.436013
endloop
endfacet
facet normal 0.684931 0.069550 0.725281
outer loop
vertex 3.057221 15.724138 2.185856
vertex 3.767203 16.551724 1.436013
vertex 3.052896 16.551724 2.110580
endloop
endfacet
facet normal 0.699175 0.483283 0.526869
outer loop
vertex 3.953465 15.724138 1.735498
vertex 4.557109 15.724138 0.934440
vertex 4.251335 16.551724 0.581091
endloop
endfacet
facet normal 0.814983 0.350437 0.461515
outer loop
vertex 3.953465 15.724138 1.735498
vertex 4.251335 16.551724 0.581091
vertex 3.767203 16.551724 1.436013
endloop
endfacet
facet normal 0.847335 -0.007407 0.531007
outer loop
vertex 4.557109 15.724138 0.934440
vertex 5.089742 15.724138 0.084511
vertex 5.098066 16.551724 0.082772
endloop
endfacet
facet normal 0.443410 0.485518 0.753432
outer loop
vertex 4.557109 15.724138 0.934440
vertex 5.098066 16.551724 0.082772
vertex 4.251335 16.551724 0.581091
endloop
endfacet
facet normal 0.118595 -0.092851 0.988592
outer loop
vertex 5.089742 15.724138 0.084511
vertex 6.085636 15.724138 -0.034960
vertex 6.079764 16.551724 0.043473
endloop
endfacet
facet normal 0.040000 0.001697 0.999198
outer loop
vertex 5.089742 15.724138 0.084511
vertex 6.079764 16.551724 0.043473
vertex 5.098066 16.551724 0.082772
endloop
endfacet
facet normal 0.000000 -0.094351 0.995539
outer loop
vertex 6.085636 15.724138 -0.034960
vertex 7.088670 15.724138 -0.034960
vertex 7.062248 16.551724 0.043473
endloop
endfacet
facet normal 0.000000 -0.094351 0.995539
outer loop
vertex 6.085636 15.724138 -0.034960
vertex 7.062248 16.551724 0.043473
vertex 6.079764 16.551724 0.043473
endloop
endfacet
facet normal -0.000242 -0.094074 0.995565
outer loop
vertex 7.088670 15.724138 -0.034960
vertex 8.091705 15.724138 -0.034716
vertex 8.044732 16.551724 0.043473
endloop
endfacet
facet normal 0.000000 -0.094351 0.995539
outer loop
vertex 7.088670 15.724138 -0.034960
vertex 8.044732 16.551724 0.043473
vertex 7.062248 16.551724 0.043473
endloop
endfacet
facet normal -0.022205 -0.069129 0.997361
outer loop
vertex 8.091705 15.724138 -0.034716
vertex 9.094491 15.724138 -0.012390
vertex 9.027216 16.551724 0.043473
endloop
endfacet
facet normal 0.000000 -0.094060 0.995567
outer loop
vertex 8.091705 15.724138 -0.034716
vertex 9.027216 16.551724 0.043473
vertex 8.044732 16.551724 0.043473
endloop
endfacet
facet normal -0.093092 0.035783 0.995014
outer loop
vertex 9.094491 15.724138 -0.012390
vertex 10.093164 15.724138 0.081044
vertex 10.009700 16.551724 0.043473
endloop
endfacet
facet normal 0.000000 -0.067349 0.997730
outer loop
vertex 9.094491 15.724138 -0.012390
vertex 10.009700 16.551724 0.043473
vertex 9.027216 16.551724 0.043473
endloop
endfacet
facet normal 0.003005 0.042094 0.999109
outer loop
vertex 10.093164 15.724138 0.081044
vertex 11.096194 15.724138 0.078028
vertex 10.992185 16.551724 0.043473
endloop
endfacet
facet normal 0.000000 0.045351 0.998971
outer loop
vertex 10.093164 15.724138 0.081044
vertex 10.992185 16.551724 0.043473
vertex 10.009700 16.551724 0.043473
endloop
endfacet
facet normal 0.082138 -0.045620 0.995576
outer loop
vertex 11.096194 15.724138 0.078028
vertex 12.095832 15.724138 -0.004445
vertex 11.974669 16.551724 0.043473
endloop
endfacet
facet normal 0.000000 0.041717 0.999129
outer loop
vertex 11.096194 15.724138 0.078028
vertex 11.974669 16.551724 0.043473
vertex 10.992185 16.551724 0.043473
endloop
endfacet
facet normal 0.029436 -0.088286 0.995660
outer loop
vertex 12.095832 15.724138 -0.004445
vertex 13.098428 15.724138 -0.034086
vertex 12.957153 16.551724 0.043473
endloop
endfacet
facet normal 0.000000 -0.057805 0.998328
outer loop
vertex 12.095832 15.724138 -0.004445
vertex 12.957153 16.551724 0.043473
vertex 11.974669 16.551724 0.043473
endloop
endfacet
facet normal 0.000847 -0.094163 0.995556
outer loop
vertex 13.098428 15.724138 -0.034086
vertex 14.101462 15.724138 -0.034940
vertex 13.939637 16.551724 0.043473
endloop
endfacet
facet normal 0.000000 -0.093309 0.995637
outer loop
vertex 13.098428 15.724138 -0.034086
vertex 13.939637 16.551724 0.043473
vertex 12.957153 16.551724 0.043473
endloop
endfacet
facet normal -0.622821 -0.118223 0.773380
outer loop
vertex 14.101462 15.724138 -0.034940
vertex 14.882668 15.724138 0.594183
vertex 14.743378 16.551724 0.608519
endloop
endfacet
facet normal -0.565014 -0.186632 0.803696
outer loop
vertex 14.101462 15.724138 -0.034940
vertex 14.743378 16.551724 0.608519
vertex 13.939637 16.551724 0.043473
endloop
endfacet
facet normal -0.896749 -0.018874 0.442137
outer loop
vertex 14.882668 15.724138 0.594183
vertex 15.326226 15.724138 1.493813
vertex 15.278552 16.551724 1.432450
endloop
endfacet
facet normal -0.829271 -0.148904 0.538643
outer loop
vertex 14.882668 15.724138 0.594183
vertex 15.278552 16.551724 1.432450
vertex 14.743378 16.551724 0.608519
endloop
endfacet
facet normal -0.910736 0.020782 0.412465
outer loop
vertex 15.326226 15.724138 1.493813
vertex 15.740031 15.724138 2.407510
vertex 15.715787 16.551724 2.312280
endloop
endfacet
facet normal -0.895361 -0.018586 0.444953
outer loop
vertex 15.326226 15.724138 1.493813
vertex 15.715787 16.551724 2.312280
vertex 15.278552 16.551724 1.432450
endloop
endfacet
facet normal -0.650484 0.194542 0.734182
outer loop
vertex 15.740031 15.724138 2.407510
vertex 16.490785 15.724138 3.072677
vertex 16.518867 16.551724 2.878265
endloop
endfacet
facet normal -0.574367 0.076953 0.814973
outer loop
vertex 15.740031 15.724138 2.407510
vertex 16.518867 16.551724 2.878265
vertex 15.715787 16.551724 2.312280
endloop
endfacet
facet normal 0.594602 0.119971 0.795019
outer loop
vertex 16.490785 15.724138 3.072677
vertex 17.294018 15.724138 2.471932
vertex 17.328301 16.551724 2.321406
endloop
endfacet
facet normal 0.558367 0.171717 0.811627
outer loop
vertex 16.490785 15.724138 3.072677
vertex 17.328301 16.551724 2.321406
vertex 16.518867 16.551724 2.878265
endloop
endfacet
facet normal 0.838198 0.081939 0.539176
outer loop
vertex 17.294018 15.724138 2.471932
vertex 17.836655 15.724138 1.628354
vertex 17.846770 16.551724 1.486861
endloop
endfacet
facet normal 0.847858 0.060684 0.526740
outer loop
vertex 17.294018 15.724138 2.471932
vertex 17.846770 16.551724 1.486861
vertex 17.328301 16.551724 2.321406
endloop
endfacet
facet normal 0.859917 0.133394 0.492695
outer loop
vertex 17.836655 15.724138 1.628354
vertex 18.335301 15.724138 0.758049
vertex 18.291339 16.551724 0.610714
endloop
endfacet
facet normal 0.889804 0.066318 0.451499
outer loop
vertex 17.836655 15.724138 1.628354
vertex 18.291339 16.551724 0.610714
vertex 17.846770 16.551724 1.486861
endloop
endfacet
facet normal 0.738303 -0.124096 0.662954
outer loop
vertex 18.335301 15.724138 0.758049
vertex 19.005447 15.724138 0.011737
vertex 19.103349 16.551724 0.057619
endloop
endfacet
facet normal 0.554335 0.174333 0.813831
outer loop
vertex 18.335301 15.724138 0.758049
vertex 19.103349 16.551724 0.057619
vertex 18.291339 16.551724 0.610714
endloop
endfacet
facet normal 0.100820 -0.160079 0.981942
outer loop
vertex 19.005447 15.724138 0.011737
vertex 20.003236 15.724138 -0.090710
vertex 20.085590 16.551724 0.035749
endloop
endfacet
facet normal 0.022223 -0.057963 0.998071
outer loop
vertex 19.005447 15.724138 0.011737
vertex 20.085590 16.551724 0.035749
vertex 19.103349 16.551724 0.057619
endloop
endfacet
facet normal 0.000000 -0.151052 0.988526
outer loop
vertex 20.003236 15.724138 -0.090710
vertex 21.006270 15.724138 -0.090710
vertex 21.068074 16.551724 0.035749
endloop
endfacet
facet normal 0.000000 -0.151052 0.988526
outer loop
vertex 20.003236 15.724138 -0.090710
vertex 21.068074 16.551724 0.035749
vertex 20.085590 16.551724 0.035749
endloop
endfacet
facet normal 0.000000 -0.151052 0.988526
outer loop
vertex 21.006270 15.724138 -0.090710
vertex 22.009305 15.724138 -0.090710
vertex 22.050558 16.551724 0.035749
endloop
endfacet
facet normal 0.000000 -0.151052 0.988526
outer loop
vertex 21.006270 15.724138 -0.090710
vertex 22.050558 16.551724 0.035749
vertex 21.068074 16.551724 0.035749
endloop
endfacet
facet normal 0.000000 -0.151052 0.988526
outer loop
vertex 22.009305 15.724138 -0.090710
vertex 23.012339 15.724138 -0.090710
vertex 23.033043 16.551724 0.035749
endloop
endfacet
facet normal 0.000000 -0.151052 0.988526
outer loop
vertex 22.009305 15.724138 -0.090710
vertex 23.033043 16.551724 0.035749
vertex 22.050558 16.551724 0.035749
endloop
endfacet
facet normal 0.000000 -0.151052 0.988526
outer loop
vertex 23.012339 15.724138 -0.090710
vertex 24.015373 15.724138 -0.090710
vertex 24.015527 16.551724 0.035749
endloop
endfacet
facet normal 0.000000 -0.151052 0.988526
outer loop
vertex 23.012339 15.724138 -0.090710
vertex 24.015527 16.551724 0.035749
vertex 23.033043 16.551724 0.035749
endloop
endfacet
facet normal -0.187917 -0.173145 0.966803
outer loop
vertex 0.000000 16.551724 0.000000
vertex 0.964435 16.551724 0.187456
vertex 0.893931 17.379310 0.321965
endloop
endfacet
facet normal -0.338859 0.000000 0.940837
outer loop
vertex 0.000000 16.551724 0.000000
vertex 0.893931 17.379310 0.321965
vertex 0.000000 17.379310 0.000000
endloop
endfacet
facet normal -0.786069 -0.262214 0.559768
outer loop
vertex 0.964435 16.551724 0.187456
vertex 1.534339 16.551724 0.987759
vertex 1.369792 17.379310 1.144358
endloop
endfacet
facet normal -0.855314 -0.153305 0.494909
outer loop
vertex 0.964435 16.551724 0.187456
vertex 1.369792 17.379310 1.144358
vertex 0.893931 17.379310 0.321965
endloop
endfacet
facet normal -0.784533 -0.149355 0.601832
outer loop
vertex 1.534339 16.551724 0.987759
vertex 2.132337 16.551724 1.767294
vertex 2.024868 17.379310 1.832580
endloop
endfacet
facet normal -0.698500 -0.264689 0.664859
outer loop
vertex 1.534339 16.551724 0.987759
vertex 2.024868 17.379310 1.832580
vertex 1.369792 17.379310 1.144358
endloop
endfacet
facet normal -0.315768 0.428111 0.846765
outer loop
vertex 2.132337 16.551724 1.767294
vertex 3.052896 16.551724 2.110580
vertex 2.958652 17.379310 1.657021
endloop
endfacet
facet normal 0.184507 -0.053459 0.981376
outer loop
vertex 2.132337 16.551724 1.767294
vertex 2.958652 17.379310 1.657021
vertex 2.024868 17.379310 1.832580
endloop
endfacet
facet normal 0.549207 0.600131 0.581562
outer loop
vertex 3.052896 16.551724 2.110580
vertex 3.767203 16.551724 1.436013
vertex 3.474071 17.379310 0.858825
endloop
endfacet
facet normal 0.781876 0.365739 0.504881
outer loop
vertex 3.052896 16.551724 2.110580
vertex 3.474071 17.379310 0.858825
vertex 2.958652 17.379310 1.657021
endloop
endfacet
facet normal 0.820670 0.332449 0.464735
outer loop
vertex 3.767203 16.551724 1.436013
vertex 4.251335 16.551724 0.581091
vertex 4.141666 17.379310 0.182739
endloop
endfacet
facet normal 0.571417 0.595917 0.564239
outer loop
vertex 3.767203 16.551724 1.436013
vertex 4.141666 17.379310 0.182739
vertex 3.474071 17.379310 0.858825
endloop
endfacet
facet normal 0.503164 0.125947 0.854964
outer loop
vertex 4.251335 16.551724 0.581091
vertex 5.098066 16.551724 0.082772
vertex 5.069426 17.379310 -0.022286
endloop
endfacet
facet normal 0.193110 0.446209 0.873845
outer loop
vertex 4.251335 16.551724 0.581091
vertex 5.069426 17.379310 -0.022286
vertex 4.141666 17.379310 0.182739
endloop
endfacet
facet normal 0.039863 0.082671 0.995779
outer loop
vertex 5.098066 16.551724 0.082772
vertex 6.079764 16.551724 0.043473
vertex 6.019570 17.379310 -0.022825
endloop
endfacet
facet normal 0.000562 0.125954 0.992036
outer loop
vertex 5.098066 16.551724 0.082772
vertex 6.019570 17.379310 -0.022825
vertex 5.069426 17.379310 -0.022286
endloop
endfacet
facet normal -0.000000 0.079854 0.996807
outer loop
vertex 6.079764 16.551724 0.043473
vertex 7.062248 16.551724 0.043473
vertex 6.969714 17.379310 -0.022825
endloop
endfacet
facet normal 0.000000 0.079854 0.996807
outer loop
vertex 6.079764 16.551724 0.043473
vertex 6.969714 17.379310 -0.022825
vertex 6.019570 17.379310 -0.022825
endloop
endfacet
facet normal -0.000000 0.079854 0.996807
outer loop
vertex 7.062248 16.551724 0.043473
vertex 8.044732 16.551724 0.043473
vertex 7.919858 17.379310 -0.022825
endloop
endfacet
facet normal 0.000000 0.079854 0.996807
outer loop
vertex 7.062248 16.551724 0.043473
vertex 7.919858 17.379310 -0.022825
vertex 6.969714 17.379310 -0.022825
endloop
endfacet
facet normal -0.000000 0.079854 0.996807
outer loop
vertex 8.044732 16.551724 0.043473
vertex 9.027216 16.551724 0.043473
vertex 8.870003 17.379310 -0.022825
endloop
endfacet
facet normal 0.000000 0.079854 0.996807
outer loop
vertex 8.044732 16.551724 0.043473
vertex 8.870003 17.379310 -0.022825
vertex 7.919858 17.379310 -0.022825
endloop
endfacet
facet normal -0.000000 0.079854 0.996807
outer loop
vertex 9.027216 16.551724 0.043473
vertex 10.009700 16.551724 0.043473
vertex 9.820147 17.379310 -0.022825
endloop
endfacet
facet normal 0.000000 0.079854 0.996807
outer loop
vertex 9.027216 16.551724 0.043473
vertex 9.820147 17.379310 -0.022825
vertex 8.870003 17.379310 -0.022825
endloop
endfacet
facet normal -0.000000 0.079854 0.996807
outer loop
vertex 10.009700 16.551724 0.043473
vertex 10.992185 16.551724 0.043473
vertex 10.770291 17.379310 -0.022825
endloop
endfacet
facet normal 0.000000 0.079854 0.996807
outer loop
vertex 10.009700 16.551724 0.043473
vertex 10.770291 17.379310 -0.022825
vertex 9.820147 17.379310 -0.022825
endloop
endfacet
facet normal -0.000000 0.079854 0.996807
outer loop
vertex 10.992185 16.551724 0.043473
vertex 11.974669 16.551724 0.043473
vertex 11.720436 17.379310 -0.022825
endloop
endfacet
facet normal 0.000000 0.079854 0.996807
outer loop
vertex 10.992185 16.551724 0.043473
vertex 11.720436 17.379310 -0.022825
vertex 10.770291 17.379310 -0.022825
endloop
endfacet
facet normal -0.000000 0.079854 0.996807
outer loop
vertex 11.974669 16.551724 0.043473
vertex 12.957153 16.551724 0.043473
vertex 12.670580 17.379310 -0.022825
endloop
endfacet
facet normal 0.000000 0.079854 0.996807
outer loop
vertex 11.974669 16.551724 0.043473
vertex 12.670580 17.379310 -0.022825
vertex 11.720436 17.379310 -0.022825
endloop
endfacet
facet normal -0.000000 0.079854 0.996807
outer loop
vertex 12.957153 16.551724 0.043473
vertex 13.939637 16.551724 0.043473
vertex 13.620724 17.379310 -0.022825
endloop
endfacet
facet normal -0.000000 0.079854 0.996807
outer loop
vertex 12.957153 16.551724 0.043473
vertex 13.620724 17.379310 -0.022825
vertex 12.670580 17.379310 -0.022825
endloop
endfacet
facet normal -0.573552 0.073775 0.815840
outer loop
vertex 13.939637 16.551724 0.043473
vertex 14.743378 16.551724 0.608519
vertex 14.491744 17.379310 0.356779
endloop
endfacet
facet normal -0.398233 -0.080258 0.913767
outer loop
vertex 13.939637 16.551724 0.043473
vertex 14.491744 17.379310 0.356779
vertex 13.620724 17.379310 -0.022825
endloop
endfacet
facet normal -0.837549 0.050545 0.544020
outer loop
vertex 14.743378 16.551724 0.608519
vertex 15.278552 16.551724 1.432450
vertex 15.102543 17.379310 1.084583
endloop
endfacet
facet normal -0.765459 -0.037334 0.642400
outer loop
vertex 14.743378 16.551724 0.608519
vertex 15.102543 17.379310 1.084583
vertex 14.491744 17.379310 0.356779
endloop
endfacet
facet normal -0.892550 0.081321 0.443556
outer loop
vertex 15.278552 16.551724 1.432450
vertex 15.715787 16.551724 2.312280
vertex 15.587208 17.379310 1.901818
endloop
endfacet
facet normal -0.859691 0.031470 0.509844
outer loop
vertex 15.278552 16.551724 1.432450
vertex 15.587208 17.379310 1.901818
vertex 15.102543 17.379310 1.084583
endloop
endfacet
facet normal -0.486519 0.535492 0.690325
outer loop
vertex 15.715787 16.551724 2.312280
vertex 16.518867 16.551724 2.878265
vertex 16.485119 17.379310 2.212513
endloop
endfacet
facet normal -0.301711 0.385588 0.871947
outer loop
vertex 15.715787 16.551724 2.312280
vertex 16.485119 17.379310 2.212513
vertex 15.587208 17.379310 1.901818
endloop
endfacet
facet normal 0.528282 0.362288 0.767897
outer loop
vertex 16.518867 16.551724 2.878265
vertex 17.328301 16.551724 2.321406
vertex 17.380626 17.379310 1.894959
endloop
endfacet
facet normal 0.264576 0.610998 0.746111
outer loop
vertex 16.518867 16.551724 2.878265
vertex 17.380626 17.379310 1.894959
vertex 16.485119 17.379310 2.212513
endloop
endfacet
facet normal 0.838624 0.158951 0.521003
outer loop
vertex 17.328301 16.551724 2.321406
vertex 17.846770 16.551724 1.486861
vertex 17.921630 17.379310 1.113878
endloop
endfacet
facet normal 0.799108 0.234683 0.553490
outer loop
vertex 17.328301 16.551724 2.321406
vertex 17.921630 17.379310 1.113878
vertex 17.380626 17.379310 1.894959
endloop
endfacet
facet normal 0.886869 0.104662 0.450010
outer loop
vertex 17.846770 16.551724 1.486861
vertex 18.291339 16.551724 0.610714
vertex 18.364818 17.379310 0.273426
endloop
endfacet
facet normal 0.877147 0.129117 0.462538
outer loop
vertex 17.846770 16.551724 1.486861
vertex 18.364818 17.379310 0.273426
vertex 17.921630 17.379310 1.113878
endloop
endfacet
facet normal 0.560515 -0.093021 0.822904
outer loop
vertex 18.291339 16.551724 0.610714
vertex 19.103349 16.551724 0.057619
vertex 19.282943 17.379310 0.028842
endloop
endfacet
facet normal 0.241347 0.347806 0.905971
outer loop
vertex 18.291339 16.551724 0.610714
vertex 19.282943 17.379310 0.028842
vertex 18.364818 17.379310 0.273426
endloop
endfacet
facet normal 0.022260 0.004377 0.999743
outer loop
vertex 19.103349 16.551724 0.057619
vertex 20.085590 16.551724 0.035749
vertex 20.233087 17.379310 0.028842
endloop
endfacet
facet normal 0.000000 0.034752 0.999396
outer loop
vertex 19.103349 16.551724 0.057619
vertex 20.233087 17.379310 0.028842
vertex 19.282943 17.379310 0.028842
endloop
endfacet
facet normal -0.000000 0.008347 0.999965
outer loop
vertex 20.085590 16.551724 0.035749
vertex 21.068074 16.551724 0.035749
vertex 21.183231 17.379310 0.028842
endloop
endfacet
facet normal 0.000000 0.008347 0.999965
outer loop
vertex 20.085590 16.551724 0.035749
vertex 21.183231 17.379310 0.028842
vertex 20.233087 17.379310 0.028842
endloop
endfacet
facet normal -0.000000 0.008347 0.999965
outer loop
vertex 21.068074 16.551724 0.035749
vertex 22.050558 16.551724 0.035749
vertex 22.133375 17.379310 0.028842
endloop
endfacet
facet normal 0.000000 0.008347 0.999965
outer loop
vertex 21.068074 16.551724 0.035749
vertex 22.133375 17.379310 0.028842
vertex 21.183231 17.379310 0.028842
endloop
endfacet
facet normal -0.000000 0.008347 0.999965
outer loop
vertex 22.050558 16.551724 0.035749
vertex 23.033043 16.551724 0.035749
vertex 23.083520 17.379310 0.028842
endloop
endfacet
facet normal 0.000000 0.008347 0.999965
outer loop
vertex 22.050558 16.551724 0.035749
vertex 23.083520 17.379310 0.028842
vertex 22.133375 17.379310 0.028842
endloop
endfacet
facet normal -0.000000 0.008347 0.999965
outer loop
vertex 23.033043 16.551724 0.035749
vertex 24.015527 16.551724 0.035749
vertex 24.033664 17.379310 0.028842
endloop
endfacet
facet normal 0.000000 0.008347 0.999965
outer loop
vertex 23.033043 16.551724 0.035749
vertex 24.033664 17.379310 0.028842
vertex 23.083520 17.379310 0.028842
endloop
endfacet
facet normal -0.334347 0.162638 0.928311
outer loop
vertex 0.000000 17.379310 0.000000
vertex 0.893931 17.379310 0.321965
vertex 0.914390 18.206897 0.184343
endloop
endfacet
facet normal -0.197626 0.000000 0.980278
outer loop
vertex 0.000000 17.379310 0.000000
vertex 0.914390 18.206897 0.184343
vertex 0.000000 18.206897 0.000000
endloop
endfacet
facet normal -0.847788 0.201526 0.490554
outer loop
vertex 0.893931 17.379310 0.321965
vertex 1.369792 17.379310 1.144358
vertex 1.452070 18.206897 0.946570
endloop
endfacet
facet normal -0.811703 0.115283 0.572580
outer loop
vertex 0.893931 17.379310 0.321965
vertex 1.452070 18.206897 0.946570
vertex 0.914390 18.206897 0.184343
endloop
endfacet
facet normal -0.710212 0.196503 0.676007
outer loop
vertex 1.369792 17.379310 1.144358
vertex 2.024868 17.379310 1.832580
vertex 2.073038 18.206897 1.642623
endloop
endfacet
facet normal -0.726695 0.227189 0.648305
outer loop
vertex 1.369792 17.379310 1.144358
vertex 2.073038 18.206897 1.642623
vertex 1.452070 18.206897 0.946570
endloop
endfacet
facet normal 0.184675 0.032251 0.982270
outer loop
vertex 2.024868 17.379310 1.832580
vertex 2.958652 17.379310 1.657021
vertex 3.005574 18.206897 1.621027
endloop
endfacet
facet normal 0.022573 0.222408 0.974692
outer loop
vertex 2.024868 17.379310 1.832580
vertex 3.005574 18.206897 1.621027
vertex 2.073038 18.206897 1.642623
endloop
endfacet
facet normal 0.839047 0.049557 0.541797
outer loop
vertex 2.958652 17.379310 1.657021
vertex 3.474071 17.379310 0.858825
vertex 3.459288 18.206897 0.806021
endloop
endfacet
facet normal 0.873381 -0.028372 0.486211
outer loop
vertex 2.958652 17.379310 1.657021
vertex 3.459288 18.206897 0.806021
vertex 3.005574 18.206897 1.621027
endloop
endfacet
facet normal 0.711547 0.006259 0.702610
outer loop
vertex 3.474071 17.379310 0.858825
vertex 4.141666 17.379310 0.182739
vertex 4.144207 18.206897 0.172793
endloop
endfacet
facet normal 0.677678 0.058874 0.732998
outer loop
vertex 3.474071 17.379310 0.858825
vertex 4.144207 18.206897 0.172793
vertex 3.459288 18.206897 0.806021
endloop
endfacet
facet normal 0.215783 -0.000241 0.976441
outer loop
vertex 4.141666 17.379310 0.182739
vertex 5.069426 17.379310 -0.022286
vertex 5.056992 18.206897 -0.019335
endloop
endfacet
facet normal 0.205959 0.011127 0.978497
outer loop
vertex 4.141666 17.379310 0.182739
vertex 5.056992 18.206897 -0.019335
vertex 4.144207 18.206897 0.172793
endloop
endfacet
facet normal 0.000567 -0.004197 0.999991
outer loop
vertex 5.069426 17.379310 -0.022286
vertex 6.019570 17.379310 -0.022825
vertex 5.989779 18.206897 -0.019335
endloop
endfacet
facet normal 0.000000 -0.003566 0.999994
outer loop
vertex 5.069426 17.379310 -0.022286
vertex 5.989779 18.206897 -0.019335
vertex 5.056992 18.206897 -0.019335
endloop
endfacet
facet normal 0.000000 -0.004217 0.999991
outer loop
vertex 6.019570 17.379310 -0.022825
vertex 6.969714 17.379310 -0.022825
vertex 6.922566 18.206897 -0.019335
endloop
endfacet
facet normal 0.000000 -0.004217 0.999991
outer loop
vertex 6.019570 17.379310 -0.022825
vertex 6.922566 18.206897 -0.019335
vertex 5.989779 18.206897 -0.019335
endloop
endfacet
facet normal 0.000000 -0.004217 0.999991
outer loop
vertex 6.969714 17.379310 -0.022825
vertex 7.919858 17.379310 -0.022825
vertex 7.855352 18.206897 -0.019335
endloop
endfacet
facet normal 0.000000 -0.004217 0.999991
outer loop
vertex 6.969714 17.379310 -0.022825
vertex 7.855352 18.206897 -0.019335
vertex 6.922566 18.206897 -0.019335
endloop
endfacet
facet normal 0.000000 -0.004217 0.999991
outer loop
vertex 7.919858 17.379310 -0.022825
vertex 8.870003 17.379310 -0.022825
vertex 8.788139 18.206897 -0.019335
endloop
endfacet
facet normal 0.000000 -0.004217 0.999991
outer loop
vertex 7.919858 17.379310 -0.022825
vertex 8.788139 18.206897 -0.019335
vertex 7.855352 18.206897 -0.019335
endloop
endfacet
facet normal 0.000000 -0.004217 0.999991
outer loop
vertex 8.870003 17.379310 -0.022825
vertex 9.820147 17.379310 -0.022825
vertex 9.720926 18.206897 -0.019335
endloop
endfacet
facet normal 0.000000 -0.004217 0.999991
outer loop
vertex 8.870003 17.379310 -0.022825
vertex 9.720926 18.206897 -0.019335
vertex 8.788139 18.206897 -0.019335
endloop
endfacet
facet normal 0.000000 -0.004217 0.999991
outer loop
vertex 9.820147 17.379310 -0.022825
vertex 10.770291 17.379310 -0.022825
vertex 10.653712 18.206897 -0.019335
endloop
endfacet
facet normal 0.000000 -0.004217 0.999991
outer loop
vertex 9.820147 17.379310 -0.022825
vertex 10.653712 18.206897 -0.019335
vertex 9.720926 18.206897 -0.019335
endloop
endfacet
facet normal 0.000000 -0.004217 0.999991
outer loop
vertex 10.770291 17.379310 -0.022825
vertex 11.720436 17.379310 -0.022825
vertex 11.586499 18.206897 -0.019335
endloop
endfacet
facet normal 0.000000 -0.004217 0.999991
outer loop
vertex 10.770291 17.379310 -0.022825
vertex 11.586499 18.206897 -0.019335
vertex 10.653712 18.206897 -0.019335
endloop
endfacet
facet normal 0.000000 -0.004217 0.999991
outer loop
vertex 11.720436 17.379310 -0.022825
vertex 12.670580 17.379310 -0.022825
vertex 12.519286 18.206897 -0.019335
endloop
endfacet
facet normal 0.000000 -0.004217 0.999991
outer loop
vertex 11.720436 17.379310 -0.022825
vertex 12.519286 18.206897 -0.019335
vertex 11.586499 18.206897 -0.019335
endloop
endfacet
facet normal -0.000000 -0.004316 0.999991
outer loop
vertex 12.670580 17.379310 -0.022825
vertex 13.620724 17.379310 -0.022825
vertex 13.452072 18.206897 -0.019252
endloop
endfacet
facet normal -0.000088 -0.004233 0.999991
outer loop
vertex 12.670580 17.379310 -0.022825
vertex 13.452072 18.206897 -0.019252
vertex 12.519286 18.206897 -0.019335
endloop
endfacet
facet normal -0.399290 -0.034006 0.916194
outer loop
vertex 13.620724 17.379310 -0.022825
vertex 14.491744 17.379310 0.356779
vertex 14.323270 18.206897 0.314072
endloop
endfacet
facet normal -0.356292 -0.076628 0.931227
outer loop
vertex 13.620724 17.379310 -0.022825
vertex 14.323270 18.206897 0.314072
vertex 13.452072 18.206897 -0.019252
endloop
endfacet
facet normal -0.757932 -0.144694 0.636083
outer loop
vertex 14.491744 17.379310 0.356779
vertex 15.102543 17.379310 1.084583
vertex 14.907902 18.206897 1.040912
endloop
endfacet
facet normal -0.773074 -0.125289 0.621820
outer loop
vertex 14.491744 17.379310 0.356779
vertex 14.907902 18.206897 1.040912
vertex 14.323270 18.206897 0.314072
endloop
endfacet
facet normal -0.823990 0.286777 0.488671
outer loop
vertex 15.102543 17.379310 1.084583
vertex 15.587208 17.379310 1.901818
vertex 15.677370 18.206897 1.568178
endloop
endfacet
facet normal -0.563013 -0.089059 0.821636
outer loop
vertex 15.102543 17.379310 1.084583
vertex 15.677370 18.206897 1.568178
vertex 14.907902 18.206897 1.040912
endloop
endfacet
facet normal -0.187474 0.819331 0.541802
outer loop
vertex 15.587208 17.379310 1.901818
vertex 16.485119 17.379310 2.212513
vertex 16.338688 18.206897 0.910341
endloop
endfacet
facet normal 0.690324 0.204568 0.693977
outer loop
vertex 15.587208 17.379310 1.901818
vertex 16.338688 18.206897 0.910341
vertex 15.677370 18.206897 1.568178
endloop
endfacet
facet normal 0.268989 0.593500 0.758553
outer loop
vertex 16.485119 17.379310 2.212513
vertex 17.380626 17.379310 1.894959
vertex 17.176847 18.206897 1.319708
endloop
endfacet
facet normal -0.262959 0.800615 0.538395
outer loop
vertex 16.485119 17.379310 2.212513
vertex 17.176847 18.206897 1.319708
vertex 16.338688 18.206897 0.910341
endloop
endfacet
facet normal 0.815236 0.128639 0.564661
outer loop
vertex 17.380626 17.379310 1.894959
vertex 17.921630 17.379310 1.113878
vertex 17.978639 18.206897 0.843033
endloop
endfacet
facet normal 0.414061 0.586071 0.696473
outer loop
vertex 17.380626 17.379310 1.894959
vertex 17.978639 18.206897 0.843033
vertex 17.176847 18.206897 1.319708
endloop
endfacet
facet normal 0.883910 0.038090 0.466104
outer loop
vertex 17.921630 17.379310 1.113878
vertex 18.364818 17.379310 0.273426
vertex 18.452477 18.206897 0.039560
endloop
endfacet
facet normal 0.856487 0.106306 0.505103
outer loop
vertex 17.921630 17.379310 1.113878
vertex 18.452477 18.206897 0.039560
vertex 17.978639 18.206897 0.843033
endloop
endfacet
facet normal 0.256534 0.082816 0.962981
outer loop
vertex 18.364818 17.379310 0.273426
vertex 19.282943 17.379310 0.028842
vertex 19.379050 18.206897 -0.067934
endloop
endfacet
facet normal 0.111297 0.259315 0.959359
outer loop
vertex 18.364818 17.379310 0.273426
vertex 19.379050 18.206897 -0.067934
vertex 18.452477 18.206897 0.039560
endloop
endfacet
facet normal -0.000000 0.116145 0.993232
outer loop
vertex 19.282943 17.379310 0.028842
vertex 20.233087 17.379310 0.028842
vertex 20.311836 18.206897 -0.067934
endloop
endfacet
facet normal 0.000000 0.116145 0.993232
outer loop
vertex 19.282943 17.379310 0.028842
vertex 20.311836 18.206897 -0.067934
vertex 19.379050 18.206897 -0.067934
endloop
endfacet
facet normal -0.000000 0.116145 0.993232
outer loop
vertex 20.233087 17.379310 0.028842
vertex 21.183231 17.379310 0.028842
vertex 21.244623 18.206897 -0.067934
endloop
endfacet
facet normal 0.000000 0.116145 0.993232
outer loop
vertex 20.233087 17.379310 0.028842
vertex 21.244623 18.206897 -0.067934
vertex 20.311836 18.206897 -0.067934
endloop
endfacet
facet normal -0.000000 0.116145 0.993232
outer loop
vertex 21.183231 17.379310 0.028842
vertex 22.133375 17.379310 0.028842
vertex 22.177410 18.206897 -0.067934
endloop
endfacet
facet normal 0.000000 0.116145 0.993232
outer loop
vertex 21.183231 17.379310 0.028842
vertex 22.177410 18.206897 -0.067934
vertex 21.244623 18.206897 -0.067934
endloop
endfacet
facet normal -0.000000 0.116145 0.993232
outer loop
vertex 22.133375 17.379310 0.028842
vertex 23.083520 17.379310 0.028842
vertex 23.110196 18.206897 -0.067934
endloop
endfacet
facet normal 0.000000 0.116145 0.993232
outer loop
vertex 22.133375 17.379310 0.028842
vertex 23.110196 18.206897 -0.067934
vertex 22.177410 18.206897 -0.067934
endloop
endfacet
facet normal -0.000000 0.116145 0.993232
outer loop
vertex 23.083520 17.379310 0.028842
vertex 24.033664 17.379310 0.028842
vertex 24.042983 18.206897 -0.067934
endloop
endfacet
facet normal 0.000000 0.116145 0.993232
outer loop
vertex 23.083520 17.379310 0.028842
vertex 24.042983 18.206897 -0.067934
vertex 23.110196 18.206897 -0.067934
endloop
endfacet
facet normal -0.196906 0.085281 0.976706
outer loop
vertex 0.000000 18.206897 0.000000
vertex 0.914390 18.206897 0.184343
vertex 0.900176 19.034483 0.109216
endloop
endfacet
facet normal -0.120444 0.000000 0.992720
outer loop
vertex 0.000000 18.206897 0.000000
vertex 0.900176 19.034483 0.109216
vertex 0.000000 19.034483 0.000000
endloop
endfacet
facet normal -0.816399 0.042891 0.575893
outer loop
vertex 0.914390 18.206897 0.184343
vertex 1.452070 18.206897 0.946570
vertex 1.425995 19.034483 0.847970
endloop
endfacet
facet normal -0.814096 0.038618 0.579445
outer loop
vertex 0.914390 18.206897 0.184343
vertex 1.425995 19.034483 0.847970
vertex 0.900176 19.034483 0.109216
endloop
endfacet
facet normal -0.744320 0.071096 0.664028
outer loop
vertex 1.452070 18.206897 0.946570
vertex 2.073038 18.206897 1.642623
vertex 2.039143 19.034483 1.516022
endloop
endfacet
facet normal -0.735524 0.057255 0.675075
outer loop
vertex 1.452070 18.206897 0.946570
vertex 2.039143 19.034483 1.516022
vertex 1.425995 19.034483 0.847970
endloop
endfacet
facet normal 0.023062 0.088517 0.995808
outer loop
vertex 2.073038 18.206897 1.642623
vertex 3.005574 18.206897 1.621027
vertex 2.945325 19.034483 1.548858
endloop
endfacet
facet normal -0.035803 0.149687 0.988085
outer loop
vertex 2.073038 18.206897 1.642623
vertex 2.945325 19.034483 1.548858
vertex 2.039143 19.034483 1.516022
endloop
endfacet
facet normal 0.865579 0.136300 0.481867
outer loop
vertex 3.005574 18.206897 1.621027
vertex 3.459288 18.206897 0.806021
vertex 3.363384 19.034483 0.744202
endloop
endfacet
facet normal 0.882546 0.104236 0.458527
outer loop
vertex 3.005574 18.206897 1.621027
vertex 3.363384 19.034483 0.744202
vertex 2.945325 19.034483 1.548858
endloop
endfacet
facet normal 0.674226 0.116589 0.729264
outer loop
vertex 3.459288 18.206897 0.806021
vertex 4.144207 18.206897 0.172793
vertex 4.038193 19.034483 0.138498
endloop
endfacet
facet normal 0.662145 0.131835 0.737688
outer loop
vertex 3.459288 18.206897 0.806021
vertex 4.038193 19.034483 0.138498
vertex 3.363384 19.034483 0.744202
endloop
endfacet
facet normal 0.205884 0.029202 0.978141
outer loop
vertex 4.144207 18.206897 0.172793
vertex 5.056992 18.206897 -0.019335
vertex 4.931430 19.034483 -0.017613
endloop
endfacet
facet normal 0.171821 0.062751 0.983128
outer loop
vertex 4.144207 18.206897 0.172793
vertex 4.931430 19.034483 -0.017613
vertex 4.038193 19.034483 0.138498
endloop
endfacet
facet normal 0.000000 -0.002080 0.999998
outer loop
vertex 5.056992 18.206897 -0.019335
vertex 5.989779 18.206897 -0.019335
vertex 5.838207 19.034483 -0.017613
endloop
endfacet
facet normal -0.000000 -0.002080 0.999998
outer loop
vertex 5.056992 18.206897 -0.019335
vertex 5.838207 19.034483 -0.017613
vertex 4.931430 19.034483 -0.017613
endloop
endfacet
facet normal 0.000000 -0.002080 0.999998
outer loop
vertex 5.989779 18.206897 -0.019335
vertex 6.922566 18.206897 -0.019335
vertex 6.744984 19.034483 -0.017613
endloop
endfacet
facet normal -0.000000 -0.002080 0.999998
outer loop
vertex 5.989779 18.206897 -0.019335
vertex 6.744984 19.034483 -0.017613
vertex 5.838207 19.034483 -0.017613
endloop
endfacet
facet normal 0.000000 -0.002080 0.999998
outer loop
vertex 6.922566 18.206897 -0.019335
vertex 7.855352 18.206897 -0.019335
vertex 7.651761 19.034483 -0.017613
endloop
endfacet
facet normal -0.000000 -0.002080 0.999998
outer loop
vertex 6.922566 18.206897 -0.019335
vertex 7.651761 19.034483 -0.017613
vertex 6.744984 19.034483 -0.017613
endloop
endfacet
facet normal 0.000000 -0.002080 0.999998
outer loop
vertex 7.855352 18.206897 -0.019335
vertex 8.788139 18.206897 -0.019335
vertex 8.558537 19.034483 -0.017613
endloop
endfacet
facet normal -0.000000 -0.002080 0.999998
outer loop
vertex 7.855352 18.206897 -0.019335
vertex 8.558537 19.034483 -0.017613
vertex 7.651761 19.034483 -0.017613
endloop
endfacet
facet normal 0.000000 -0.002080 0.999998
outer loop
vertex 8.788139 18.206897 -0.019335
vertex 9.720926 18.206897 -0.019335
vertex 9.465314 19.034483 -0.017613
endloop
endfacet
facet normal -0.000000 -0.002080 0.999998
outer loop
vertex 8.788139 18.206897 -0.019335
vertex 9.465314 19.034483 -0.017613
vertex 8.558537 19.034483 -0.017613
endloop
endfacet
facet normal 0.000000 -0.002080 0.999998
outer loop
vertex 9.720926 18.206897 -0.019335
vertex 10.653712 18.206897 -0.019335
vertex 10.372091 19.034483 -0.017613
endloop
endfacet
facet normal -0.000000 -0.002080 0.999998
outer loop
vertex 9.720926 18.206897 -0.019335
vertex 10.372091 19.034483 -0.017613
vertex 9.465314 19.034483 -0.017613
endloop
endfacet
facet normal 0.000000 -0.002080 0.999998
outer loop
vertex 10.653712 18.206897 -0.019335
vertex 11.586499 18.206897 -0.019335
vertex 11.278868 19.034483 -0.017613
endloop
endfacet
facet normal -0.000000 -0.002080 0.999998
outer loop
vertex 10.653712 18.206897 -0.019335
vertex 11.278868 19.034483 -0.017613
vertex 10.372091 19.034483 -0.017613
endloop
endfacet
facet normal 0.000000 -0.002080 0.999998
outer loop
vertex 11.586499 18.206897 -0.019335
vertex 12.519286 18.206897 -0.019335
vertex 12.185644 19.034483 -0.017613
endloop
endfacet
facet normal -0.000000 -0.002080 0.999998
outer loop
vertex 11.586499 18.206897 -0.019335
vertex 12.185644 19.034483 -0.017613
vertex 11.278868 19.034483 -0.017613
endloop
endfacet
facet normal -0.000088 -0.002019 0.999998
outer loop
vertex 12.519286 18.206897 -0.019335
vertex 13.452072 18.206897 -0.019252
vertex 13.092421 19.034483 -0.017613
endloop
endfacet
facet normal -0.000000 -0.002080 0.999998
outer loop
vertex 12.519286 18.206897 -0.019335
vertex 13.092421 19.034483 -0.017613
vertex 12.185644 19.034483 -0.017613
endloop
endfacet
facet normal -0.352742 0.159955 0.921948
outer loop
vertex 13.452072 18.206897 -0.019252
vertex 14.323270 18.206897 0.314072
vertex 13.996988 19.034483 0.045651
endloop
endfacet
facet normal -0.069732 -0.032279 0.997043
outer loop
vertex 13.452072 18.206897 -0.019252
vertex 13.996988 19.034483 0.045651
vertex 13.092421 19.034483 -0.017613
endloop
endfacet
facet normal -0.763005 -0.202900 0.613722
outer loop
vertex 14.323270 18.206897 0.314072
vertex 14.907902 18.206897 1.040912
vertex 14.496183 19.034483 0.802651
endloop
endfacet
facet normal -0.825518 -0.148901 0.544379
outer loop
vertex 14.323270 18.206897 0.314072
vertex 14.496183 19.034483 0.802651
vertex 13.996988 19.034483 0.045651
endloop
endfacet
facet normal -0.549651 0.233368 0.802137
outer loop
vertex 14.907902 18.206897 1.040912
vertex 15.677370 18.206897 1.568178
vertex 15.351406 19.034483 1.104044
endloop
endfacet
facet normal -0.330521 0.105581 0.937874
outer loop
vertex 14.907902 18.206897 1.040912
vertex 15.351406 19.034483 1.104044
vertex 14.496183 19.034483 0.802651
endloop
endfacet
facet normal 0.652499 0.379437 0.655951
outer loop
vertex 15.677370 18.206897 1.568178
vertex 16.338688 18.206897 0.910341
vertex 16.129986 19.034483 0.639225
endloop
endfacet
facet normal 0.423209 0.564252 0.708882
outer loop
vertex 15.677370 18.206897 1.568178
vertex 16.129986 19.034483 0.639225
vertex 15.351406 19.034483 1.104044
endloop
endfacet
facet normal -0.341825 0.627167 0.699869
outer loop
vertex 16.338688 18.206897 0.910341
vertex 17.176847 18.206897 1.319708
vertex 17.026740 19.034483 0.504777
endloop
endfacet
facet normal 0.139444 0.339859 0.930081
outer loop
vertex 16.338688 18.206897 0.910341
vertex 17.026740 19.034483 0.504777
vertex 16.129986 19.034483 0.639225
endloop
endfacet
facet normal 0.496829 0.234049 0.835693
outer loop
vertex 17.176847 18.206897 1.319708
vertex 17.978639 18.206897 0.843033
vertex 17.922684 19.034483 0.644521
endloop
endfacet
facet normal -0.112010 0.686834 0.718132
outer loop
vertex 17.176847 18.206897 1.319708
vertex 17.922684 19.034483 0.644521
vertex 17.026740 19.034483 0.504777
endloop
endfacet
facet normal 0.847016 -0.181790 0.499517
outer loop
vertex 17.978639 18.206897 0.843033
vertex 18.452477 18.206897 0.039560
vertex 18.617169 19.034483 0.061482
endloop
endfacet
facet normal 0.627002 0.221540 0.746852
outer loop
vertex 17.978639 18.206897 0.843033
vertex 18.617169 19.034483 0.061482
vertex 17.922684 19.034483 0.644521
endloop
endfacet
facet normal 0.114202 -0.133850 0.984399
outer loop
vertex 18.452477 18.206897 0.039560
vertex 19.379050 18.206897 -0.067934
vertex 19.523322 19.034483 0.027857
endloop
endfacet
facet normal 0.037060 -0.033830 0.998740
outer loop
vertex 18.452477 18.206897 0.039560
vertex 19.523322 19.034483 0.027857
vertex 18.617169 19.034483 0.061482
endloop
endfacet
facet normal 0.000000 -0.114979 0.993368
outer loop
vertex 19.379050 18.206897 -0.067934
vertex 20.311836 18.206897 -0.067934
vertex 20.430099 19.034483 0.027857
endloop
endfacet
facet normal -0.000000 -0.114979 0.993368
outer loop
vertex 19.379050 18.206897 -0.067934
vertex 20.430099 19.034483 0.027857
vertex 19.523322 19.034483 0.027857
endloop
endfacet
facet normal 0.000000 -0.114979 0.993368
outer loop
vertex 20.311836 18.206897 -0.067934
vertex 21.244623 18.206897 -0.067934
vertex 21.336876 19.034483 0.027857
endloop
endfacet
facet normal -0.000000 -0.114979 0.993368
outer loop
vertex 20.311836 18.206897 -0.067934
vertex 21.336876 19.034483 0.027857
vertex 20.430099 19.034483 0.027857
endloop
endfacet
facet normal 0.000000 -0.114979 0.993368
outer loop
vertex 21.244623 18.206897 -0.067934
vertex 22.177410 18.206897 -0.067934
vertex 22.243653 19.034483 0.027857
endloop
endfacet
facet normal -0.000000 -0.114979 0.993368
outer loop
vertex 21.244623 18.206897 -0.067934
vertex 22.243653 19.034483 0.027857
vertex 21.336876 19.034483 0.027857
endloop
endfacet
facet normal 0.000000 -0.114979 0.993368
outer loop
vertex 22.177410 18.206897 -0.067934
vertex 23.110196 18.206897 -0.067934
vertex 23.150429 19.034483 0.027857
endloop
endfacet
facet normal -0.000000 -0.114979 0.993368
outer loop
vertex 22.177410 18.206897 -0.067934
vertex 23.150429 19.034483 0.027857
vertex 22.243653 19.034483 0.027857
endloop
endfacet
facet normal 0.000000 -0.114979 0.993368
outer loop
vertex 23.110196 18.206897 -0.067934
vertex 24.042983 18.206897 -0.067934
vertex 24.057206 19.034483 0.027857
endloop
endfacet
facet normal -0.000000 -0.114979 0.993368
outer loop
vertex 23.110196 18.206897 -0.067934
vertex 24.057206 19.034483 0.027857
vertex 23.150429 19.034483 0.027857
endloop
endfacet
facet normal -0.120340 0.041600 0.991861
outer loop
vertex 0.000000 19.034483 0.000000
vertex 0.900176 19.034483 0.109216
vertex 0.888714 19.862069 0.073115
endloop
endfacet
facet normal -0.081994 0.000000 0.996633
outer loop
vertex 0.000000 19.034483 0.000000
vertex 0.888714 19.862069 0.073115
vertex 0.000000 19.862069 0.000000
endloop
endfacet
facet normal -0.801580 0.178765 0.570537
outer loop
vertex 0.900176 19.034483 0.109216
vertex 1.425995 19.034483 0.847970
vertex 1.512557 19.862069 0.710281
endloop
endfacet
facet normal -0.714386 0.020618 0.699448
outer loop
vertex 0.900176 19.034483 0.109216
vertex 1.512557 19.862069 0.710281
vertex 0.888714 19.862069 0.073115
endloop
endfacet
facet normal -0.721318 0.203491 0.662036
outer loop
vertex 1.425995 19.034483 0.847970
vertex 2.039143 19.034483 1.516022
vertex 2.126581 19.862069 1.356913
endloop
endfacet
facet normal -0.712356 0.187051 0.676433
outer loop
vertex 1.425995 19.034483 0.847970
vertex 2.126581 19.862069 1.356913
vertex 1.512557 19.862069 0.710281
endloop
endfacet
facet normal -0.032498 0.441137 0.896851
outer loop
vertex 2.039143 19.034483 1.516022
vertex 2.945325 19.034483 1.548858
vertex 2.992383 19.862069 1.143496
endloop
endfacet
facet normal 0.236275 0.159322 0.958536
outer loop
vertex 2.039143 19.034483 1.516022
vertex 2.992383 19.862069 1.143496
vertex 2.126581 19.862069 1.356913
endloop
endfacet
facet normal 0.876727 0.154484 0.455504
outer loop
vertex 2.945325 19.034483 1.548858
vertex 3.363384 19.034483 0.744202
vertex 3.417391 19.862069 0.359578
endloop
endfacet
facet normal 0.864679 0.180454 0.468793
outer loop
vertex 2.945325 19.034483 1.548858
vertex 3.417391 19.862069 0.359578
vertex 2.992383 19.862069 1.143496
endloop
endfacet
facet normal 0.666960 0.055116 0.743052
outer loop
vertex 3.363384 19.034483 0.744202
vertex 4.038193 19.034483 0.138498
vertex 4.199894 19.862069 -0.068030
endloop
endfacet
facet normal 0.448773 0.352386 0.821235
outer loop
vertex 3.363384 19.034483 0.744202
vertex 4.199894 19.862069 -0.068030
vertex 3.417391 19.862069 0.359578
endloop
endfacet
facet normal 0.171518 0.086288 0.981395
outer loop
vertex 4.038193 19.034483 0.138498
vertex 4.931430 19.034483 -0.017613
vertex 5.090202 19.862069 -0.118126
endloop
endfacet
facet normal 0.054651 0.231702 0.971251
outer loop
vertex 4.038193 19.034483 0.138498
vertex 5.090202 19.862069 -0.118126
vertex 4.199894 19.862069 -0.068030
endloop
endfacet
facet normal -0.000000 0.120567 0.992705
outer loop
vertex 4.931430 19.034483 -0.017613
vertex 5.838207 19.034483 -0.017613
vertex 5.981919 19.862069 -0.118126
endloop
endfacet
facet normal 0.000000 0.120567 0.992705
outer loop
vertex 4.931430 19.034483 -0.017613
vertex 5.981919 19.862069 -0.118126
vertex 5.090202 19.862069 -0.118126
endloop
endfacet
facet normal -0.000000 0.120567 0.992705
outer loop
vertex 5.838207 19.034483 -0.017613
vertex 6.744984 19.034483 -0.017613
vertex 6.873636 19.862069 -0.118126
endloop
endfacet
facet normal 0.000000 0.120567 0.992705
outer loop
vertex 5.838207 19.034483 -0.017613
vertex 6.873636 19.862069 -0.118126
vertex 5.981919 19.862069 -0.118126
endloop
endfacet
facet normal -0.000000 0.120567 0.992705
outer loop
vertex 6.744984 19.034483 -0.017613
vertex 7.651761 19.034483 -0.017613
vertex 7.765353 19.862069 -0.118126
endloop
endfacet
facet normal 0.000000 0.120567 0.992705
outer loop
vertex 6.744984 19.034483 -0.017613
vertex 7.765353 19.862069 -0.118126
vertex 6.873636 19.862069 -0.118126
endloop
endfacet
facet normal -0.000000 0.120567 0.992705
outer loop
vertex 7.651761 19.034483 -0.017613
vertex 8.558537 19.034483 -0.017613
vertex 8.657070 19.862069 -0.118126
endloop
endfacet
facet normal 0.000000 0.120567 0.992705
outer loop
vertex 7.651761 19.034483 -0.017613
vertex 8.657070 19.862069 -0.118126
vertex 7.765353 19.862069 -0.118126
endloop
endfacet
facet normal -0.000000 0.120567 0.992705
outer loop
vertex 8.558537 19.034483 -0.017613
vertex 9.465314 19.034483 -0.017613
vertex 9.548787 19.862069 -0.118126
endloop
endfacet
facet normal 0.000000 0.120567 0.992705
outer loop
vertex 8.558537 19.034483 -0.017613
vertex 9.548787 19.862069 -0.118126
vertex 8.657070 19.862069 -0.118126
endloop
endfacet
facet normal -0.000000 0.120567 0.992705
outer loop
vertex 9.465314 19.034483 -0.017613
vertex 10.372091 19.034483 -0.017613
vertex 10.440504 19.862069 -0.118126
endloop
endfacet
facet normal 0.000000 0.120567 0.992705
outer loop
vertex 9.465314 19.034483 -0.017613
vertex 10.440504 19.862069 -0.118126
vertex 9.548787 19.862069 -0.118126
endloop
endfacet
facet normal -0.000000 0.120567 0.992705
outer loop
vertex 10.372091 19.034483 -0.017613
vertex 11.278868 19.034483 -0.017613
vertex 11.332221 19.862069 -0.118126
endloop
endfacet
facet normal 0.000000 0.120567 0.992705
outer loop
vertex 10.372091 19.034483 -0.017613
vertex 11.332221 19.862069 -0.118126
vertex 10.440504 19.862069 -0.118126
endloop
endfacet
facet normal -0.000000 0.120567 0.992705
outer loop
vertex 11.278868 19.034483 -0.017613
vertex 12.185644 19.034483 -0.017613
vertex 12.223938 19.862069 -0.118126
endloop
endfacet
facet normal 0.000000 0.120567 0.992705
outer loop
vertex 11.278868 19.034483 -0.017613
vertex 12.223938 19.862069 -0.118126
vertex 11.332221 19.862069 -0.118126
endloop
endfacet
facet normal -0.000000 0.120567 0.992705
outer loop
vertex 12.185644 19.034483 -0.017613
vertex 13.092421 19.034483 -0.017613
vertex 13.115655 19.862069 -0.118126
endloop
endfacet
facet normal 0.000000 0.120567 0.992705
outer loop
vertex 12.185644 19.034483 -0.017613
vertex 13.115655 19.862069 -0.118126
vertex 12.223938 19.862069 -0.118126
endloop
endfacet
facet normal -0.069224 0.124684 0.989779
outer loop
vertex 13.092421 19.034483 -0.017613
vertex 13.996988 19.034483 0.045651
vertex 14.005344 19.862069 -0.058017
endloop
endfacet
facet normal -0.066904 0.122148 0.990254
outer loop
vertex 13.092421 19.034483 -0.017613
vertex 14.005344 19.862069 -0.058017
vertex 13.115655 19.862069 -0.118126
endloop
endfacet
facet normal -0.826724 0.138969 0.545174
outer loop
vertex 13.996988 19.034483 0.045651
vertex 14.496183 19.034483 0.802651
vertex 14.538895 19.862069 0.656464
endloop
endfacet
facet normal -0.798493 0.082756 0.596289
outer loop
vertex 13.996988 19.034483 0.045651
vertex 14.538895 19.862069 0.656464
vertex 14.005344 19.862069 -0.058017
endloop
endfacet
facet normal -0.272311 0.573395 0.772700
outer loop
vertex 14.496183 19.034483 0.802651
vertex 15.351406 19.034483 1.104044
vertex 15.419124 19.862069 0.513784
endloop
endfacet
facet normal 0.157842 0.163864 0.973773
outer loop
vertex 14.496183 19.034483 0.802651
vertex 15.419124 19.862069 0.513784
vertex 14.538895 19.862069 0.656464
endloop
endfacet
facet normal 0.435658 0.526964 0.729734
outer loop
vertex 15.351406 19.034483 1.104044
vertex 16.129986 19.034483 0.639225
vertex 16.162926 19.862069 0.021933
endloop
endfacet
facet normal 0.483345 0.481777 0.730937
outer loop
vertex 15.351406 19.034483 1.104044
vertex 16.162926 19.862069 0.021933
vertex 15.419124 19.862069 0.513784
endloop
endfacet
facet normal 0.141187 0.305382 0.941705
outer loop
vertex 16.129986 19.034483 0.639225
vertex 17.026740 19.034483 0.504777
vertex 17.028533 19.862069 0.236134
endloop
endfacet
facet normal -0.193682 0.591512 0.782688
outer loop
vertex 16.129986 19.034483 0.639225
vertex 17.028533 19.862069 0.236134
vertex 16.162926 19.862069 0.021933
endloop
endfacet
facet normal -0.138349 0.440554 0.887002
outer loop
vertex 17.026740 19.034483 0.504777
vertex 17.922684 19.034483 0.644521
vertex 17.920245 19.862069 0.233097
endloop
endfacet
facet normal 0.003240 0.308743 0.951140
outer loop
vertex 17.026740 19.034483 0.504777
vertex 17.920245 19.862069 0.233097
vertex 17.028533 19.862069 0.236134
endloop
endfacet
facet normal 0.628515 0.210921 0.748653
outer loop
vertex 17.922684 19.034483 0.644521
vertex 18.617169 19.034483 0.061482
vertex 18.683751 19.862069 -0.227575
endloop
endfacet
facet normal 0.475080 0.392839 0.787386
outer loop
vertex 17.922684 19.034483 0.644521
vertex 18.683751 19.862069 -0.227575
vertex 17.920245 19.862069 0.233097
endloop
endfacet
facet normal 0.035457 0.292747 0.955532
outer loop
vertex 18.617169 19.034483 0.061482
vertex 19.523322 19.034483 0.027857
vertex 19.575468 19.862069 -0.227627
endloop
endfacet
facet normal 0.000055 0.329738 0.944073
outer loop
vertex 18.617169 19.034483 0.061482
vertex 19.575468 19.862069 -0.227627
vertex 18.683751 19.862069 -0.227575
endloop
endfacet
facet normal -0.000000 0.294973 0.955505
outer loop
vertex 19.523322 19.034483 0.027857
vertex 20.430099 19.034483 0.027857
vertex 20.467185 19.862069 -0.227627
endloop
endfacet
facet normal 0.000000 0.294973 0.955505
outer loop
vertex 19.523322 19.034483 0.027857
vertex 20.467185 19.862069 -0.227627
vertex 19.575468 19.862069 -0.227627
endloop
endfacet
facet normal -0.000000 0.294973 0.955505
outer loop
vertex 20.430099 19.034483 0.027857
vertex 21.336876 19.034483 0.027857
vertex 21.358902 19.862069 -0.227627
endloop
endfacet
facet normal 0.000000 0.294973 0.955505
outer loop
vertex 20.430099 19.034483 0.027857
vertex 21.358902 19.862069 -0.227627
vertex 20.467185 19.862069 -0.227627
endloop
endfacet
facet normal -0.000000 0.294973 0.955505
outer loop
vertex 21.336876 19.034483 0.027857
vertex 22.243653 19.034483 0.027857
vertex 22.250619 19.862069 -0.227627
endloop
endfacet
facet normal 0.000000 0.294973 0.955505
outer loop
vertex 21.336876 19.034483 0.027857
vertex 22.250619 19.862069 -0.227627
vertex 21.358902 19.862069 -0.227627
endloop
endfacet
facet normal -0.000000 0.294973 0.955505
outer loop
vertex 22.243653 19.034483 0.027857
vertex 23.150429 19.034483 0.027857
vertex 23.142336 19.862069 -0.227627
endloop
endfacet
facet normal 0.000000 0.294973 0.955505
outer loop
vertex 22.243653 19.034483 0.027857
vertex 23.142336 19.862069 -0.227627
vertex 22.250619 19.862069 -0.227627
endloop
endfacet
facet normal -0.000000 0.294973 0.955505
outer loop
vertex 23.150429 19.034483 0.027857
vertex 24.057206 19.034483 0.027857
vertex 24.034053 19.862069 -0.227627
endloop
endfacet
facet normal 0.000000 0.294973 0.955505
outer loop
vertex 23.150429 19.034483 0.027857
vertex 24.034053 19.862069 -0.227627
vertex 23.142336 19.862069 -0.227627
endloop
endfacet
facet normal -0.081988 -0.012491 0.996555
outer loop
vertex 0.000000 19.862069 0.000000
vertex 0.888714 19.862069 0.073115
vertex 0.904249 20.689655 0.084767
endloop
endfacet
facet normal -0.093334 0.000000 0.995635
outer loop
vertex 0.000000 19.862069 0.000000
vertex 0.904249 20.689655 0.084767
vertex 0.000000 20.689655 0.000000
endloop
endfacet
facet normal -0.714347 0.023068 0.699411
outer loop
vertex 0.888714 19.862069 0.073115
vertex 1.512557 19.862069 0.710281
vertex 1.551070 20.689655 0.722320
endloop
endfacet
facet normal -0.701983 0.003150 0.712187
outer loop
vertex 0.888714 19.862069 0.073115
vertex 1.551070 20.689655 0.722320
vertex 0.904249 20.689655 0.084767
endloop
endfacet
facet normal -0.724421 -0.044964 0.687890
outer loop
vertex 1.512557 19.862069 0.710281
vertex 2.126581 19.862069 1.356913
vertex 2.133974 20.689655 1.418793
endloop
endfacet
facet normal -0.766594 0.026341 0.641591
outer loop
vertex 1.512557 19.862069 0.710281
vertex 2.133974 20.689655 1.418793
vertex 1.551070 20.689655 0.722320
endloop
endfacet
facet normal 0.237280 -0.130691 0.962610
outer loop
vertex 2.126581 19.862069 1.356913
vertex 2.992383 19.862069 1.143496
vertex 3.025905 20.689655 1.247593
endloop
endfacet
facet normal 0.187973 -0.074904 0.979314
outer loop
vertex 2.126581 19.862069 1.356913
vertex 3.025905 20.689655 1.247593
vertex 2.133974 20.689655 1.418793
endloop
endfacet
facet normal 0.875610 -0.089154 0.474720
outer loop
vertex 2.992383 19.862069 1.143496
vertex 3.417391 19.862069 0.359578
vertex 3.454368 20.689655 0.446798
endloop
endfacet
facet normal 0.877768 -0.094629 0.469647
outer loop
vertex 2.992383 19.862069 1.143496
vertex 3.454368 20.689655 0.446798
vertex 3.025905 20.689655 1.247593
endloop
endfacet
facet normal 0.478904 -0.051213 0.876372
outer loop
vertex 3.417391 19.862069 0.359578
vertex 4.199894 19.862069 -0.068030
vertex 4.225193 20.689655 -0.033493
endloop
endfacet
facet normal 0.525482 -0.112360 0.843353
outer loop
vertex 3.417391 19.862069 0.359578
vertex 4.225193 20.689655 -0.033493
vertex 3.454368 20.689655 0.446798
endloop
endfacet
facet normal 0.056166 -0.021794 0.998184
outer loop
vertex 4.199894 19.862069 -0.068030
vertex 5.090202 19.862069 -0.118126
vertex 5.130793 20.689655 -0.102341
endloop
endfacet
facet normal 0.075733 -0.043887 0.996162
outer loop
vertex 4.199894 19.862069 -0.068030
vertex 5.130793 20.689655 -0.102341
vertex 4.225193 20.689655 -0.033493
endloop
endfacet
facet normal 0.000000 -0.019070 0.999818
outer loop
vertex 5.090202 19.862069 -0.118126
vertex 5.981919 19.862069 -0.118126
vertex 6.039007 20.689655 -0.102341
endloop
endfacet
facet normal 0.000000 -0.019070 0.999818
outer loop
vertex 5.090202 19.862069 -0.118126
vertex 6.039007 20.689655 -0.102341
vertex 5.130793 20.689655 -0.102341
endloop
endfacet
facet normal 0.000000 -0.019070 0.999818
outer loop
vertex 5.981919 19.862069 -0.118126
vertex 6.873636 19.862069 -0.118126
vertex 6.947220 20.689655 -0.102341
endloop
endfacet
facet normal 0.000000 -0.019070 0.999818
outer loop
vertex 5.981919 19.862069 -0.118126
vertex 6.947220 20.689655 -0.102341
vertex 6.039007 20.689655 -0.102341
endloop
endfacet
facet normal 0.000000 -0.019070 0.999818
outer loop
vertex 6.873636 19.862069 -0.118126
vertex 7.765353 19.862069 -0.118126
vertex 7.855433 20.689655 -0.102341
endloop
endfacet
facet normal 0.000000 -0.019070 0.999818
outer loop
vertex 6.873636 19.862069 -0.118126
vertex 7.855433 20.689655 -0.102341
vertex 6.947220 20.689655 -0.102341
endloop
endfacet
facet normal 0.000000 -0.019070 0.999818
outer loop
vertex 7.765353 19.862069 -0.118126
vertex 8.657070 19.862069 -0.118126
vertex 8.763647 20.689655 -0.102341
endloop
endfacet
facet normal 0.000000 -0.019070 0.999818
outer loop
vertex 7.765353 19.862069 -0.118126
vertex 8.763647 20.689655 -0.102341
vertex 7.855433 20.689655 -0.102341
endloop
endfacet
facet normal 0.000000 -0.019070 0.999818
outer loop
vertex 8.657070 19.862069 -0.118126
vertex 9.548787 19.862069 -0.118126
vertex 9.671860 20.689655 -0.102341
endloop
endfacet
facet normal 0.000000 -0.019070 0.999818
outer loop
vertex 8.657070 19.862069 -0.118126
vertex 9.671860 20.689655 -0.102341
vertex 8.763647 20.689655 -0.102341
endloop
endfacet
facet normal 0.000000 -0.019070 0.999818
outer loop
vertex 9.548787 19.862069 -0.118126
vertex 10.440504 19.862069 -0.118126
vertex 10.580074 20.689655 -0.102341
endloop
endfacet
facet normal 0.000000 -0.019070 0.999818
outer loop
vertex 9.548787 19.862069 -0.118126
vertex 10.580074 20.689655 -0.102341
vertex 9.671860 20.689655 -0.102341
endloop
endfacet
facet normal 0.000000 -0.019070 0.999818
outer loop
vertex 10.440504 19.862069 -0.118126
vertex 11.332221 19.862069 -0.118126
vertex 11.488287 20.689655 -0.102341
endloop
endfacet
facet normal 0.000000 -0.019070 0.999818
outer loop
vertex 10.440504 19.862069 -0.118126
vertex 11.488287 20.689655 -0.102341
vertex 10.580074 20.689655 -0.102341
endloop
endfacet
facet normal 0.000000 -0.019070 0.999818
outer loop
vertex 11.332221 19.862069 -0.118126
vertex 12.223938 19.862069 -0.118126
vertex 12.396501 20.689655 -0.102341
endloop
endfacet
facet normal 0.000000 -0.019070 0.999818
outer loop
vertex 11.332221 19.862069 -0.118126
vertex 12.396501 20.689655 -0.102341
vertex 11.488287 20.689655 -0.102341
endloop
endfacet
facet normal 0.000000 -0.031411 0.999507
outer loop
vertex 12.223938 19.862069 -0.118126
vertex 13.115655 19.862069 -0.118126
vertex 13.304656 20.689655 -0.092118
endloop
endfacet
facet normal -0.011255 -0.016723 0.999797
outer loop
vertex 12.223938 19.862069 -0.118126
vertex 13.304656 20.689655 -0.092118
vertex 12.396501 20.689655 -0.102341
endloop
endfacet
facet normal -0.064779 -0.276601 0.958799
outer loop
vertex 13.115655 19.862069 -0.118126
vertex 14.005344 19.862069 -0.058017
vertex 14.167391 20.689655 0.191680
endloop
endfacet
facet normal -0.312210 0.041474 0.949108
outer loop
vertex 13.115655 19.862069 -0.118126
vertex 14.167391 20.689655 0.191680
vertex 13.304656 20.689655 -0.092118
endloop
endfacet
facet normal -0.801059 -0.021311 0.598206
outer loop
vertex 14.005344 19.862069 -0.058017
vertex 14.538895 19.862069 0.656464
vertex 14.712353 20.689655 0.918224
endloop
endfacet
facet normal -0.799733 -0.024394 0.599860
outer loop
vertex 14.005344 19.862069 -0.058017
vertex 14.712353 20.689655 0.918224
vertex 14.167391 20.689655 0.191680
endloop
endfacet
facet normal 0.154359 0.263312 0.952282
outer loop
vertex 14.538895 19.862069 0.656464
vertex 15.419124 19.862069 0.513784
vertex 15.370882 20.689655 0.292771
endloop
endfacet
facet normal 0.645095 -0.350039 0.679209
outer loop
vertex 14.538895 19.862069 0.656464
vertex 15.370882 20.689655 0.292771
vertex 14.712353 20.689655 0.918224
endloop
endfacet
facet normal 0.549207 0.092630 0.830537
outer loop
vertex 15.419124 19.862069 0.513784
vertex 16.162926 19.862069 0.021933
vertex 16.194052 20.689655 -0.090951
endloop
endfacet
facet normal 0.408235 0.257674 0.875756
outer loop
vertex 15.419124 19.862069 0.513784
vertex 16.194052 20.689655 -0.090951
vertex 15.370882 20.689655 0.292771
endloop
endfacet
facet normal -0.238726 -0.111053 0.964716
outer loop
vertex 16.162926 19.862069 0.021933
vertex 17.028533 19.862069 0.236134
vertex 17.001557 20.689655 0.324726
endloop
endfacet
facet normal -0.453359 0.137181 0.880708
outer loop
vertex 16.162926 19.862069 0.021933
vertex 17.001557 20.689655 0.324726
vertex 16.194052 20.689655 -0.090951
endloop
endfacet
facet normal 0.003371 -0.142548 0.989782
outer loop
vertex 17.028533 19.862069 0.236134
vertex 17.920245 19.862069 0.233097
vertex 17.909351 20.689655 0.352322
endloop
endfacet
facet normal -0.030210 -0.107365 0.993761
outer loop
vertex 17.028533 19.862069 0.236134
vertex 17.909351 20.689655 0.352322
vertex 17.001557 20.689655 0.324726
endloop
endfacet
facet normal 0.512605 0.124304 0.849579
outer loop
vertex 17.920245 19.862069 0.233097
vertex 18.683751 19.862069 -0.227575
vertex 18.564476 20.689655 -0.276695
endloop
endfacet
facet normal 0.689496 -0.094379 0.718114
outer loop
vertex 17.920245 19.862069 0.233097
vertex 18.564476 20.689655 -0.276695
vertex 17.909351 20.689655 0.352322
endloop
endfacet
facet normal 0.000058 0.059197 0.998246
outer loop
vertex 18.683751 19.862069 -0.227575
vertex 19.575468 19.862069 -0.227627
vertex 19.472690 20.689655 -0.276697
endloop
endfacet
facet normal 0.000002 0.059250 0.998243
outer loop
vertex 18.683751 19.862069 -0.227575
vertex 19.472690 20.689655 -0.276697
vertex 18.564476 20.689655 -0.276695
endloop
endfacet
facet normal -0.000000 0.059190 0.998247
outer loop
vertex 19.575468 19.862069 -0.227627
vertex 20.467185 19.862069 -0.227627
vertex 20.380903 20.689655 -0.276697
endloop
endfacet
facet normal -0.000000 0.059190 0.998247
outer loop
vertex 19.575468 19.862069 -0.227627
vertex 20.380903 20.689655 -0.276697
vertex 19.472690 20.689655 -0.276697
endloop
endfacet
facet normal -0.000000 0.059190 0.998247
outer loop
vertex 20.467185 19.862069 -0.227627
vertex 21.358902 19.862069 -0.227627
vertex 21.289117 20.689655 -0.276697
endloop
endfacet
facet normal -0.000000 0.059190 0.998247
outer loop
vertex 20.467185 19.862069 -0.227627
vertex 21.289117 20.689655 -0.276697
vertex 20.380903 20.689655 -0.276697
endloop
endfacet
facet normal -0.000000 0.059190 0.998247
outer loop
vertex 21.358902 19.862069 -0.227627
vertex 22.250619 19.862069 -0.227627
vertex 22.197330 20.689655 -0.276697
endloop
endfacet
facet normal -0.000000 0.059190 0.998247
outer loop
vertex 21.358902 19.862069 -0.227627
vertex 22.197330 20.689655 -0.276697
vertex 21.289117 20.689655 -0.276697
endloop
endfacet
facet normal -0.000000 0.059190 0.998247
outer loop
vertex 22.250619 19.862069 -0.227627
vertex 23.142336 19.862069 -0.227627
vertex 23.105543 20.689655 -0.276697
endloop
endfacet
facet normal -0.000000 0.059190 0.998247
outer loop
vertex 22.250619 19.862069 -0.227627
vertex 23.105543 20.689655 -0.276697
vertex 22.197330 20.689655 -0.276697
endloop
endfacet
facet normal -0.000000 0.059190 0.998247
outer loop
vertex 23.142336 19.862069 -0.227627
vertex 24.034053 19.862069 -0.227627
vertex 24.013757 20.689655 -0.276697
endloop
endfacet
facet normal -0.000000 0.059190 0.998247
outer loop
vertex 23.142336 19.862069 -0.227627
vertex 24.013757 20.689655 -0.276697
vertex 23.105543 20.689655 -0.276697
endloop
endfacet
facet normal -0.093307 0.023679 0.995356
outer loop
vertex 0.000000 20.689655 0.000000
vertex 0.904249 20.689655 0.084767
vertex 0.904333 21.517241 0.065087
endloop
endfacet
facet normal -0.071787 0.000000 0.997420
outer loop
vertex 0.000000 20.689655 0.000000
vertex 0.904333 21.517241 0.065087
vertex 0.000000 21.517241 0.000000
endloop
endfacet
facet normal -0.691772 0.169974 0.701827
outer loop
vertex 0.904249 20.689655 0.084767
vertex 1.551070 20.689655 0.722320
vertex 1.633846 21.517241 0.603480
endloop
endfacet
facet normal -0.593702 0.019190 0.804456
outer loop
vertex 0.904249 20.689655 0.084767
vertex 1.633846 21.517241 0.603480
vertex 0.904333 21.517241 0.065087
endloop
endfacet
facet normal -0.765333 0.063089 0.640535
outer loop
vertex 1.551070 20.689655 0.722320
vertex 2.133974 20.689655 1.418793
vertex 2.145998 21.517241 1.351648
endloop
endfacet
facet normal -0.814347 0.161502 0.557454
outer loop
vertex 1.551070 20.689655 0.722320
vertex 2.145998 21.517241 1.351648
vertex 1.633846 21.517241 0.603480
endloop
endfacet
facet normal 0.185516 -0.177296 0.966514
outer loop
vertex 2.133974 20.689655 1.418793
vertex 3.025905 20.689655 1.247593
vertex 3.051659 21.517241 1.394461
endloop
endfacet
facet normal -0.047063 0.081458 0.995565
outer loop
vertex 2.133974 20.689655 1.418793
vertex 3.051659 21.517241 1.394461
vertex 2.145998 21.517241 1.351648
endloop
endfacet
facet normal 0.862953 -0.205246 0.461720
outer loop
vertex 3.025905 20.689655 1.247593
vertex 3.454368 20.689655 0.446798
vertex 3.549573 21.517241 0.636743
endloop
endfacet
facet normal 0.829416 -0.122535 0.545028
outer loop
vertex 3.025905 20.689655 1.247593
vertex 3.549573 21.517241 0.636743
vertex 3.051659 21.517241 1.394461
endloop
endfacet
facet normal 0.520799 -0.173622 0.835837
outer loop
vertex 3.454368 20.689655 0.446798
vertex 4.225193 20.689655 -0.033493
vertex 4.282350 21.517241 0.102801
endloop
endfacet
facet normal 0.570880 -0.245493 0.783472
outer loop
vertex 3.454368 20.689655 0.446798
vertex 4.282350 21.517241 0.102801
vertex 3.549573 21.517241 0.636743
endloop
endfacet
facet normal 0.075012 -0.144371 0.986676
outer loop
vertex 4.225193 20.689655 -0.033493
vertex 5.130793 20.689655 -0.102341
vertex 5.184727 21.517241 0.014652
endloop
endfacet
facet normal 0.095838 -0.168193 0.981084
outer loop
vertex 4.225193 20.689655 -0.033493
vertex 5.184727 21.517241 0.014652
vertex 4.282350 21.517241 0.102801
endloop
endfacet
facet normal 0.000000 -0.139975 0.990155
outer loop
vertex 5.130793 20.689655 -0.102341
vertex 6.039007 20.689655 -0.102341
vertex 6.091400 21.517241 0.014652
endloop
endfacet
facet normal 0.000000 -0.139975 0.990155
outer loop
vertex 5.130793 20.689655 -0.102341
vertex 6.091400 21.517241 0.014652
vertex 5.184727 21.517241 0.014652
endloop
endfacet
facet normal 0.000000 -0.139975 0.990155
outer loop
vertex 6.039007 20.689655 -0.102341
vertex 6.947220 20.689655 -0.102341
vertex 6.998072 21.517241 0.014652
endloop
endfacet
facet normal 0.000000 -0.139975 0.990155
outer loop
vertex 6.039007 20.689655 -0.102341
vertex 6.998072 21.517241 0.014652
vertex 6.091400 21.517241 0.014652
endloop
endfacet
facet normal 0.000000 -0.139975 0.990155
outer loop
vertex 6.947220 20.689655 -0.102341
vertex 7.855433 20.689655 -0.102341
vertex 7.904745 21.517241 0.014652
endloop
endfacet
facet normal 0.000000 -0.139975 0.990155
outer loop
vertex 6.947220 20.689655 -0.102341
vertex 7.904745 21.517241 0.014652
vertex 6.998072 21.517241 0.014652
endloop
endfacet
facet normal 0.000000 -0.139975 0.990155
outer loop
vertex 7.855433 20.689655 -0.102341
vertex 8.763647 20.689655 -0.102341
vertex 8.811418 21.517241 0.014652
endloop
endfacet
facet normal 0.000000 -0.139975 0.990155
outer loop
vertex 7.855433 20.689655 -0.102341
vertex 8.811418 21.517241 0.014652
vertex 7.904745 21.517241 0.014652
endloop
endfacet
facet normal 0.000000 -0.139975 0.990155
outer loop
vertex 8.763647 20.689655 -0.102341
vertex 9.671860 20.689655 -0.102341
vertex 9.718090 21.517241 0.014652
endloop
endfacet
facet normal 0.000000 -0.139975 0.990155
outer loop
vertex 8.763647 20.689655 -0.102341
vertex 9.718090 21.517241 0.014652
vertex 8.811418 21.517241 0.014652
endloop
endfacet
facet normal 0.000000 -0.139975 0.990155
outer loop
vertex 9.671860 20.689655 -0.102341
vertex 10.580074 20.689655 -0.102341
vertex 10.624763 21.517241 0.014652
endloop
endfacet
facet normal 0.000000 -0.139975 0.990155
outer loop
vertex 9.671860 20.689655 -0.102341
vertex 10.624763 21.517241 0.014652
vertex 9.718090 21.517241 0.014652
endloop
endfacet
facet normal 0.000000 -0.139975 0.990155
outer loop
vertex 10.580074 20.689655 -0.102341
vertex 11.488287 20.689655 -0.102341
vertex 11.531435 21.517241 0.014652
endloop
endfacet
facet normal 0.000000 -0.139975 0.990155
outer loop
vertex 10.580074 20.689655 -0.102341
vertex 11.531435 21.517241 0.014652
vertex 10.624763 21.517241 0.014652
endloop
endfacet
facet normal 0.000000 -0.139975 0.990155
outer loop
vertex 11.488287 20.689655 -0.102341
vertex 12.396501 20.689655 -0.102341
vertex 12.438108 21.517241 0.014652
endloop
endfacet
facet normal 0.000000 -0.139975 0.990155
outer loop
vertex 11.488287 20.689655 -0.102341
vertex 12.438108 21.517241 0.014652
vertex 11.531435 21.517241 0.014652
endloop
endfacet
facet normal -0.011080 -0.176435 0.984250
outer loop
vertex 12.396501 20.689655 -0.102341
vertex 13.304656 20.689655 -0.092118
vertex 13.343806 21.517241 0.056675
endloop
endfacet
facet normal -0.045907 -0.137564 0.989428
outer loop
vertex 12.396501 20.689655 -0.102341
vertex 13.343806 21.517241 0.056675
vertex 12.438108 21.517241 0.014652
endloop
endfacet
facet normal -0.302577 -0.249734 0.919826
outer loop
vertex 13.304656 20.689655 -0.092118
vertex 14.167391 20.689655 0.191680
vertex 14.174992 21.517241 0.418870
endloop
endfacet
facet normal -0.395292 -0.144395 0.907135
outer loop
vertex 13.304656 20.689655 -0.092118
vertex 14.174992 21.517241 0.418870
vertex 13.343806 21.517241 0.056675
endloop
endfacet
facet normal -0.799802 0.020564 0.599911
outer loop
vertex 14.167391 20.689655 0.191680
vertex 14.712353 20.689655 0.918224
vertex 14.829613 21.517241 1.046187
endloop
endfacet
facet normal -0.679497 -0.188415 0.709072
outer loop
vertex 14.167391 20.689655 0.191680
vertex 14.829613 21.517241 1.046187
vertex 14.174992 21.517241 0.418870
endloop
endfacet
facet normal 0.687896 -0.047196 0.724273
outer loop
vertex 14.712353 20.689655 0.918224
vertex 15.370882 20.689655 0.292771
vertex 15.387178 21.517241 0.331221
endloop
endfacet
facet normal 0.772218 -0.202530 0.602213
outer loop
vertex 14.712353 20.689655 0.918224
vertex 15.387178 21.517241 0.331221
vertex 14.829613 21.517241 1.046187
endloop
endfacet
facet normal 0.385416 -0.409697 0.826803
outer loop
vertex 15.370882 20.689655 0.292771
vertex 16.194052 20.689655 -0.090951
vertex 16.292010 21.517241 0.273471
endloop
endfacet
facet normal 0.063623 -0.047566 0.996840
outer loop
vertex 15.370882 20.689655 0.292771
vertex 16.292010 21.517241 0.273471
vertex 15.387178 21.517241 0.331221
endloop
endfacet
facet normal -0.423679 -0.378265 0.823050
outer loop
vertex 16.194052 20.689655 -0.090951
vertex 17.001557 20.689655 0.324726
vertex 17.069435 21.517241 0.740017
endloop
endfacet
facet normal -0.490561 -0.301890 0.817443
outer loop
vertex 16.194052 20.689655 -0.090951
vertex 17.069435 21.517241 0.740017
vertex 16.292010 21.517241 0.273471
endloop
endfacet
facet normal -0.029531 -0.235535 0.971417
outer loop
vertex 17.001557 20.689655 0.324726
vertex 17.909351 20.689655 0.352322
vertex 17.956911 21.517241 0.554429
endloop
endfacet
facet normal 0.182495 -0.452892 0.872688
outer loop
vertex 17.001557 20.689655 0.324726
vertex 17.956911 21.517241 0.554429
vertex 17.069435 21.517241 0.740017
endloop
endfacet
facet normal 0.674369 -0.227856 0.702359
outer loop
vertex 17.909351 20.689655 0.352322
vertex 18.564476 20.689655 -0.276695
vertex 18.621182 21.517241 -0.062659
endloop
endfacet
facet normal 0.664985 -0.213030 0.715830
outer loop
vertex 17.909351 20.689655 0.352322
vertex 18.621182 21.517241 -0.062659
vertex 17.956911 21.517241 0.554429
endloop
endfacet
facet normal 0.000002 -0.250327 0.968161
outer loop
vertex 18.564476 20.689655 -0.276695
vertex 19.472690 20.689655 -0.276697
vertex 19.527855 21.517241 -0.062717
endloop
endfacet
facet normal 0.000062 -0.250392 0.968145
outer loop
vertex 18.564476 20.689655 -0.276695
vertex 19.527855 21.517241 -0.062717
vertex 18.621182 21.517241 -0.062659
endloop
endfacet
facet normal -0.000000 -0.250327 0.968161
outer loop
vertex 19.472690 20.689655 -0.276697
vertex 20.380903 20.689655 -0.276697
vertex 20.434528 21.517241 -0.062717
endloop
endfacet
facet normal 0.000000 -0.250327 0.968161
outer loop
vertex 19.472690 20.689655 -0.276697
vertex 20.434528 21.517241 -0.062717
vertex 19.527855 21.517241 -0.062717
endloop
endfacet
facet normal -0.000000 -0.250327 0.968161
outer loop
vertex 20.380903 20.689655 -0.276697
vertex 21.289117 20.689655 -0.276697
vertex 21.341200 21.517241 -0.062717
endloop
endfacet
facet normal 0.000000 -0.250327 0.968161
outer loop
vertex 20.380903 20.689655 -0.276697
vertex 21.341200 21.517241 -0.062717
vertex 20.434528 21.517241 -0.062717
endloop
endfacet
facet normal -0.000000 -0.250327 0.968161
outer loop
vertex 21.289117 20.689655 -0.276697
vertex 22.197330 20.689655 -0.276697
vertex 22.247873 21.517241 -0.062717
endloop
endfacet
facet normal 0.000000 -0.250327 0.968161
outer loop
vertex 21.289117 20.689655 -0.276697
vertex 22.247873 21.517241 -0.062717
vertex 21.341200 21.517241 -0.062717
endloop
endfacet
facet normal -0.000000 -0.250327 0.968161
outer loop
vertex 22.197330 20.689655 -0.276697
vertex 23.105543 20.689655 -0.276697
vertex 23.154545 21.517241 -0.062717
endloop
endfacet
facet normal 0.000000 -0.250327 0.968161
outer loop
vertex 22.197330 20.689655 -0.276697
vertex 23.154545 21.517241 -0.062717
vertex 22.247873 21.517241 -0.062717
endloop
endfacet
facet normal -0.000000 -0.250327 0.968161
outer loop
vertex 23.105543 20.689655 -0.276697
vertex 24.013757 20.689655 -0.276697
vertex 24.061218 21.517241 -0.062717
endloop
endfacet
facet normal 0.000000 -0.250327 0.968161
outer loop
vertex 23.105543 20.689655 -0.276697
vertex 24.061218 21.517241 -0.062717
vertex 23.154545 21.517241 -0.062717
endloop
endfacet
facet normal -0.071786 0.005277 0.997406
outer loop
vertex 0.000000 21.517241 0.000000
vertex 0.904333 21.517241 0.065087
vertex 0.901803 22.344828 0.060526
endloop
endfacet
facet normal -0.066966 0.000000 0.997755
outer loop
vertex 0.000000 21.517241 0.000000
vertex 0.901803 22.344828 0.060526
vertex 0.000000 22.344828 0.000000
endloop
endfacet
facet normal -0.593667 0.022026 0.804409
outer loop
vertex 0.904333 21.517241 0.065087
vertex 1.633846 21.517241 0.603480
vertex 1.638454 22.344828 0.584220
endloop
endfacet
facet normal -0.579413 0.002719 0.815029
outer loop
vertex 0.904333 21.517241 0.065087
vertex 1.638454 22.344828 0.584220
vertex 0.901803 22.344828 0.060526
endloop
endfacet
facet normal -0.824615 -0.037003 0.564483
outer loop
vertex 1.633846 21.517241 0.603480
vertex 2.145998 21.517241 1.351648
vertex 2.110957 22.344828 1.354709
endloop
endfacet
facet normal -0.852348 0.016910 0.522702
outer loop
vertex 1.633846 21.517241 0.603480
vertex 2.110957 22.344828 1.354709
vertex 1.638454 22.344828 0.584220
endloop
endfacet
facet normal -0.043420 -0.393028 0.918501
outer loop
vertex 2.145998 21.517241 1.351648
vertex 3.051659 21.517241 1.394461
vertex 2.927271 22.344828 1.742706
endloop
endfacet
facet normal -0.429181 -0.021512 0.902962
outer loop
vertex 2.145998 21.517241 1.351648
vertex 2.927271 22.344828 1.742706
vertex 2.110957 22.344828 1.354709
endloop
endfacet
facet normal 0.821445 -0.183998 0.539790
outer loop
vertex 3.051659 21.517241 1.394461
vertex 3.549573 21.517241 0.636743
vertex 3.478750 22.344828 1.026618
endloop
endfacet
facet normal 0.784877 -0.136384 0.604456
outer loop
vertex 3.051659 21.517241 1.394461
vertex 3.478750 22.344828 1.026618
vertex 2.927271 22.344828 1.742706
endloop
endfacet
facet normal 0.583065 -0.140446 0.800194
outer loop
vertex 3.549573 21.517241 0.636743
vertex 4.282350 21.517241 0.102801
vertex 4.106402 22.344828 0.376261
endloop
endfacet
facet normal 0.695450 -0.256673 0.671170
outer loop
vertex 3.549573 21.517241 0.636743
vertex 4.106402 22.344828 0.376261
vertex 3.478750 22.344828 1.026618
endloop
endfacet
facet normal 0.096512 -0.120713 0.987985
outer loop
vertex 4.282350 21.517241 0.102801
vertex 5.184727 21.517241 0.014652
vertex 4.977712 22.344828 0.135990
endloop
endfacet
facet normal 0.257155 -0.253466 0.932537
outer loop
vertex 4.282350 21.517241 0.102801
vertex 4.977712 22.344828 0.135990
vertex 4.106402 22.344828 0.376261
endloop
endfacet
facet normal 0.000000 -0.145039 0.989426
outer loop
vertex 5.184727 21.517241 0.014652
vertex 6.091400 21.517241 0.014652
vertex 5.881543 22.344828 0.135967
endloop
endfacet
facet normal 0.000025 -0.145060 0.989423
outer loop
vertex 5.184727 21.517241 0.014652
vertex 5.881543 22.344828 0.135967
vertex 4.977712 22.344828 0.135990
endloop
endfacet
facet normal 0.000000 -0.145039 0.989426
outer loop
vertex 6.091400 21.517241 0.014652
vertex 6.998072 21.517241 0.014652
vertex 6.785374 22.344828 0.135967
endloop
endfacet
facet normal -0.000000 -0.145039 0.989426
outer loop
vertex 6.091400 21.517241 0.014652
vertex 6.785374 22.344828 0.135967
vertex 5.881543 22.344828 0.135967
endloop
endfacet
facet normal 0.000000 -0.145039 0.989426
outer loop
vertex 6.998072 21.517241 0.014652
vertex 7.904745 21.517241 0.014652
vertex 7.689206 22.344828 0.135967
endloop
endfacet
facet normal -0.000000 -0.145039 0.989426
outer loop
vertex 6.998072 21.517241 0.014652
vertex 7.689206 22.344828 0.135967
vertex 6.785374 22.344828 0.135967
endloop
endfacet
facet normal 0.000000 -0.145039 0.989426
outer loop
vertex 7.904745 21.517241 0.014652
vertex 8.811418 21.517241 0.014652
vertex 8.593037 22.344828 0.135967
endloop
endfacet
facet normal -0.000000 -0.145039 0.989426
outer loop
vertex 7.904745 21.517241 0.014652
vertex 8.593037 22.344828 0.135967
vertex 7.689206 22.344828 0.135967
endloop
endfacet
facet normal 0.000000 -0.145039 0.989426
outer loop
vertex 8.811418 21.517241 0.014652
vertex 9.718090 21.517241 0.014652
vertex 9.496869 22.344828 0.135967
endloop
endfacet
facet normal -0.000000 -0.145039 0.989426
outer loop
vertex 8.811418 21.517241 0.014652
vertex 9.496869 22.344828 0.135967
vertex 8.593037 22.344828 0.135967
endloop
endfacet
facet normal 0.000000 -0.145039 0.989426
outer loop
vertex 9.718090 21.517241 0.014652
vertex 10.624763 21.517241 0.014652
vertex 10.400700 22.344828 0.135967
endloop
endfacet
facet normal -0.000000 -0.145039 0.989426
outer loop
vertex 9.718090 21.517241 0.014652
vertex 10.400700 22.344828 0.135967
vertex 9.496869 22.344828 0.135967
endloop
endfacet
facet normal 0.000000 -0.145039 0.989426
outer loop
vertex 10.624763 21.517241 0.014652
vertex 11.531435 21.517241 0.014652
vertex 11.304531 22.344828 0.135967
endloop
endfacet
facet normal -0.000000 -0.145039 0.989426
outer loop
vertex 10.624763 21.517241 0.014652
vertex 11.304531 22.344828 0.135967
vertex 10.400700 22.344828 0.135967
endloop
endfacet
facet normal 0.000000 -0.145039 0.989426
outer loop
vertex 11.531435 21.517241 0.014652
vertex 12.438108 21.517241 0.014652
vertex 12.208363 22.344828 0.135967
endloop
endfacet
facet normal -0.000000 -0.145039 0.989426
outer loop
vertex 11.531435 21.517241 0.014652
vertex 12.208363 22.344828 0.135967
vertex 11.304531 22.344828 0.135967
endloop
endfacet
facet normal -0.046077 -0.108045 0.993078
outer loop
vertex 12.438108 21.517241 0.014652
vertex 13.343806 21.517241 0.056675
vertex 13.112194 22.344828 0.135968
endloop
endfacet
facet normal -0.000001 -0.145039 0.989426
outer loop
vertex 12.438108 21.517241 0.014652
vertex 13.112194 22.344828 0.135968
vertex 12.208363 22.344828 0.135967
endloop
endfacet
facet normal -0.357983 -0.443800 0.821517
outer loop
vertex 13.343806 21.517241 0.056675
vertex 14.174992 21.517241 0.418870
vertex 13.812117 22.344828 0.707823
endloop
endfacet
facet normal -0.613627 -0.243693 0.751050
outer loop
vertex 13.343806 21.517241 0.056675
vertex 13.812117 22.344828 0.707823
vertex 13.112194 22.344828 0.135968
endloop
endfacet
facet normal -0.689839 0.076921 0.719865
outer loop
vertex 14.174992 21.517241 0.418870
vertex 14.829613 21.517241 1.046187
vertex 14.706294 22.344828 0.839580
endloop
endfacet
facet normal -0.134911 -0.378831 0.915580
outer loop
vertex 14.174992 21.517241 0.418870
vertex 14.706294 22.344828 0.839580
vertex 13.812117 22.344828 0.707823
endloop
endfacet
facet normal 0.788101 -0.034106 0.614600
outer loop
vertex 14.829613 21.517241 1.046187
vertex 15.387178 21.517241 0.331221
vertex 15.439118 22.344828 0.310544
endloop
endfacet
facet normal 0.562219 0.278201 0.778790
outer loop
vertex 14.829613 21.517241 1.046187
vertex 15.439118 22.344828 0.310544
vertex 14.706294 22.344828 0.839580
endloop
endfacet
facet normal 0.059328 -0.363901 0.929546
outer loop
vertex 15.387178 21.517241 0.331221
vertex 16.292010 21.517241 0.273471
vertex 16.296294 22.344828 0.597183
endloop
endfacet
facet normal -0.316836 0.043558 0.947480
outer loop
vertex 15.387178 21.517241 0.331221
vertex 16.296294 22.344828 0.597183
vertex 15.439118 22.344828 0.310544
endloop
endfacet
facet normal -0.489650 -0.307424 0.815925
outer loop
vertex 16.292010 21.517241 0.273471
vertex 17.069435 21.517241 0.740017
vertex 17.075366 22.344828 1.055394
endloop
endfacet
facet normal -0.480776 -0.317254 0.817438
outer loop
vertex 16.292010 21.517241 0.273471
vertex 17.075366 22.344828 1.055394
vertex 16.296294 22.344828 0.597183
endloop
endfacet
facet normal 0.201884 -0.165036 0.965405
outer loop
vertex 17.069435 21.517241 0.740017
vertex 17.956911 21.517241 0.554429
vertex 17.908910 22.344828 0.705943
endloop
endfacet
facet normal 0.364445 -0.333888 0.869309
outer loop
vertex 17.069435 21.517241 0.740017
vertex 17.908910 22.344828 0.705943
vertex 17.075366 22.344828 1.055394
endloop
endfacet
facet normal 0.677408 -0.096852 0.729203
outer loop
vertex 17.956911 21.517241 0.554429
vertex 18.621182 21.517241 -0.062659
vertex 18.572592 22.344828 0.092399
endloop
endfacet
facet normal 0.675779 -0.094635 0.731004
outer loop
vertex 17.956911 21.517241 0.554429
vertex 18.572592 22.344828 0.092399
vertex 17.908910 22.344828 0.705943
endloop
endfacet
facet normal 0.000063 -0.183527 0.983015
outer loop
vertex 18.621182 21.517241 -0.062659
vertex 19.527855 21.517241 -0.062717
vertex 19.476424 22.344828 0.091795
endloop
endfacet
facet normal 0.000657 -0.184120 0.982904
outer loop
vertex 18.621182 21.517241 -0.062659
vertex 19.476424 22.344828 0.091795
vertex 18.572592 22.344828 0.092399
endloop
endfacet
facet normal 0.000000 -0.183530 0.983014
outer loop
vertex 19.527855 21.517241 -0.062717
vertex 20.434528 21.517241 -0.062717
vertex 20.380255 22.344828 0.091795
endloop
endfacet
facet normal -0.000000 -0.183530 0.983014
outer loop
vertex 19.527855 21.517241 -0.062717
vertex 20.380255 22.344828 0.091795
vertex 19.476424 22.344828 0.091795
endloop
endfacet
facet normal 0.000000 -0.183530 0.983014
outer loop
vertex 20.434528 21.517241 -0.062717
vertex 21.341200 21.517241 -0.062717
vertex 21.284086 22.344828 0.091795
endloop
endfacet
facet normal -0.000000 -0.183530 0.983014
outer loop
vertex 20.434528 21.517241 -0.062717
vertex 21.284086 22.344828 0.091795
vertex 20.380255 22.344828 0.091795
endloop
endfacet
facet normal 0.000000 -0.183530 0.983014
outer loop
vertex 21.341200 21.517241 -0.062717
vertex 22.247873 21.517241 -0.062717
vertex 22.187918 22.344828 0.091795
endloop
endfacet
facet normal -0.000000 -0.183530 0.983014
outer loop
vertex 21.341200 21.517241 -0.062717
vertex 22.187918 22.344828 0.091795
vertex 21.284086 22.344828 0.091795
endloop
endfacet
facet normal 0.000000 -0.183530 0.983014
outer loop
vertex 22.247873 21.517241 -0.062717
vertex 23.154545 21.517241 -0.062717
vertex 23.091749 22.344828 0.091795
endloop
endfacet
facet normal -0.000000 -0.183530 0.983014
outer loop
vertex 22.247873 21.517241 -0.062717
vertex 23.091749 22.344828 0.091795
vertex 22.187918 22.344828 0.091795
endloop
endfacet
facet normal 0.000000 -0.183530 0.983014
outer loop
vertex 23.154545 21.517241 -0.062717
vertex 24.061218 21.517241 -0.062717
vertex 23.995581 22.344828 0.091795
endloop
endfacet
facet normal -0.000000 -0.183530 0.983014
outer loop
vertex 23.154545 21.517241 -0.062717
vertex 23.995581 22.344828 0.091795
vertex 23.091749 22.344828 0.091795
endloop
endfacet
facet normal -0.066953 0.020207 0.997552
outer loop
vertex 0.000000 22.344828 0.000000
vertex 0.901803 22.344828 0.060526
vertex 0.907967 23.172414 0.044176
endloop
endfacet
facet normal -0.048596 0.000000 0.998819
outer loop
vertex 0.000000 22.344828 0.000000
vertex 0.907967 23.172414 0.044176
vertex 0.000000 23.172414 0.000000
endloop
endfacet
facet normal -0.574105 0.135085 0.807562
outer loop
vertex 0.901803 22.344828 0.060526
vertex 1.638454 22.344828 0.584220
vertex 1.700311 23.172414 0.489760
endloop
endfacet
facet normal -0.490063 0.020867 0.871437
outer loop
vertex 0.901803 22.344828 0.060526
vertex 1.700311 23.172414 0.489760
vertex 0.907967 23.172414 0.044176
endloop
endfacet
facet normal -0.845351 0.128963 0.518411
outer loop
vertex 1.638454 22.344828 0.584220
vertex 2.110957 22.344828 1.354709
vertex 2.180229 23.172414 1.261792
endloop
endfacet
facet normal -0.842854 0.122800 0.523943
outer loop
vertex 1.638454 22.344828 0.584220
vertex 2.180229 23.172414 1.261792
vertex 1.700311 23.172414 0.489760
endloop
endfacet
facet normal -0.418149 0.226249 0.879751
outer loop
vertex 2.110957 22.344828 1.354709
vertex 2.927271 22.344828 1.742706
vertex 3.031903 23.172414 1.579605
endloop
endfacet
facet normal -0.346496 0.133254 0.928539
outer loop
vertex 2.110957 22.344828 1.354709
vertex 3.031903 23.172414 1.579605
vertex 2.180229 23.172414 1.261792
endloop
endfacet
facet normal 0.776207 -0.200408 0.597779
outer loop
vertex 2.927271 22.344828 1.742706
vertex 3.478750 22.344828 1.026618
vertex 3.722129 23.172414 0.988046
endloop
endfacet
facet normal 0.649280 0.067214 0.757574
outer loop
vertex 2.927271 22.344828 1.742706
vertex 3.722129 23.172414 0.988046
vertex 3.031903 23.172414 1.579605
endloop
endfacet
facet normal 0.719217 0.030712 0.694107
outer loop
vertex 3.478750 22.344828 1.026618
vertex 4.106402 22.344828 0.376261
vertex 4.216722 23.172414 0.225332
endloop
endfacet
facet normal 0.819197 -0.216153 0.531220
outer loop
vertex 3.478750 22.344828 1.026618
vertex 4.216722 23.172414 0.225332
vertex 3.722129 23.172414 0.988046
endloop
endfacet
facet normal 0.265571 0.044638 0.963057
outer loop
vertex 4.106402 22.344828 0.376261
vertex 4.977712 22.344828 0.135990
vertex 5.110775 23.172414 0.060938
endloop
endfacet
facet normal 0.178702 0.153421 0.971868
outer loop
vertex 4.106402 22.344828 0.376261
vertex 5.110775 23.172414 0.060938
vertex 4.216722 23.172414 0.225332
endloop
endfacet
facet normal 0.000026 0.092485 0.995714
outer loop
vertex 4.977712 22.344828 0.135990
vertex 5.881543 22.344828 0.135967
vertex 6.019813 23.172414 0.059095
endloop
endfacet
facet normal 0.002019 0.089995 0.995940
outer loop
vertex 4.977712 22.344828 0.135990
vertex 6.019813 23.172414 0.059095
vertex 5.110775 23.172414 0.060938
endloop
endfacet
facet normal -0.000000 0.092489 0.995714
outer loop
vertex 5.881543 22.344828 0.135967
vertex 6.785374 22.344828 0.135967
vertex 6.928854 23.172414 0.059095
endloop
endfacet
facet normal 0.000000 0.092489 0.995714
outer loop
vertex 5.881543 22.344828 0.135967
vertex 6.928854 23.172414 0.059095
vertex 6.019813 23.172414 0.059095
endloop
endfacet
facet normal -0.000000 0.092489 0.995714
outer loop
vertex 6.785374 22.344828 0.135967
vertex 7.689206 22.344828 0.135967
vertex 7.837895 23.172414 0.059095
endloop
endfacet
facet normal 0.000000 0.092489 0.995714
outer loop
vertex 6.785374 22.344828 0.135967
vertex 7.837895 23.172414 0.059095
vertex 6.928854 23.172414 0.059095
endloop
endfacet
facet normal -0.000000 0.092489 0.995714
outer loop
vertex 7.689206 22.344828 0.135967
vertex 8.593037 22.344828 0.135967
vertex 8.746935 23.172414 0.059095
endloop
endfacet
facet normal 0.000000 0.092489 0.995714
outer loop
vertex 7.689206 22.344828 0.135967
vertex 8.746935 23.172414 0.059095
vertex 7.837895 23.172414 0.059095
endloop
endfacet
facet normal -0.000000 0.092489 0.995714
outer loop
vertex 8.593037 22.344828 0.135967
vertex 9.496869 22.344828 0.135967
vertex 9.655976 23.172414 0.059095
endloop
endfacet
facet normal 0.000000 0.092489 0.995714
outer loop
vertex 8.593037 22.344828 0.135967
vertex 9.655976 23.172414 0.059095
vertex 8.746935 23.172414 0.059095
endloop
endfacet
facet normal -0.000000 0.092489 0.995714
outer loop
vertex 9.496869 22.344828 0.135967
vertex 10.400700 22.344828 0.135967
vertex 10.565016 23.172414 0.059095
endloop
endfacet
facet normal 0.000000 0.092489 0.995714
outer loop
vertex 9.496869 22.344828 0.135967
vertex 10.565016 23.172414 0.059095
vertex 9.655976 23.172414 0.059095
endloop
endfacet
facet normal -0.000000 0.092489 0.995714
outer loop
vertex 10.400700 22.344828 0.135967
vertex 11.304531 22.344828 0.135967
vertex 11.474057 23.172414 0.059095
endloop
endfacet
facet normal 0.000000 0.092489 0.995714
outer loop
vertex 10.400700 22.344828 0.135967
vertex 11.474057 23.172414 0.059095
vertex 10.565016 23.172414 0.059095
endloop
endfacet
facet normal -0.000000 0.092489 0.995714
outer loop
vertex 11.304531 22.344828 0.135967
vertex 12.208363 22.344828 0.135967
vertex 12.383097 23.172414 0.059095
endloop
endfacet
facet normal 0.000000 0.092489 0.995714
outer loop
vertex 11.304531 22.344828 0.135967
vertex 12.383097 23.172414 0.059095
vertex 11.474057 23.172414 0.059095
endloop
endfacet
facet normal -0.000001 0.036170 0.999346
outer loop
vertex 12.208363 22.344828 0.135967
vertex 13.112194 22.344828 0.135968
vertex 13.290926 23.172414 0.106015
endloop
endfacet
facet normal -0.051340 0.103109 0.993344
outer loop
vertex 12.208363 22.344828 0.135967
vertex 13.290926 23.172414 0.106015
vertex 12.383097 23.172414 0.059095
endloop
endfacet
facet normal -0.601740 0.308990 0.736501
outer loop
vertex 13.112194 22.344828 0.135968
vertex 13.812117 22.344828 0.707823
vertex 14.071247 23.172414 0.572335
endloop
endfacet
facet normal -0.507896 0.140450 0.849892
outer loop
vertex 13.112194 22.344828 0.135968
vertex 14.071247 23.172414 0.572335
vertex 13.290926 23.172414 0.106015
endloop
endfacet
facet normal -0.141123 0.250648 0.957737
outer loop
vertex 13.812117 22.344828 0.707823
vertex 14.706294 22.344828 0.839580
vertex 14.975785 23.172414 0.662704
endloop
endfacet
facet normal -0.097591 0.190479 0.976828
outer loop
vertex 13.812117 22.344828 0.707823
vertex 14.975785 23.172414 0.662704
vertex 14.071247 23.172414 0.572335
endloop
endfacet
facet normal 0.583998 0.067342 0.808957
outer loop
vertex 14.706294 22.344828 0.839580
vertex 15.439118 22.344828 0.310544
vertex 15.669550 23.172414 0.075299
endloop
endfacet
facet normal 0.645459 -0.047254 0.762332
outer loop
vertex 14.706294 22.344828 0.839580
vertex 15.669550 23.172414 0.075299
vertex 14.975785 23.172414 0.662704
endloop
endfacet
facet normal -0.312948 0.162006 0.935851
outer loop
vertex 15.439118 22.344828 0.310544
vertex 16.296294 22.344828 0.597183
vertex 16.467313 23.172414 0.511107
endloop
endfacet
facet normal -0.447710 0.357621 0.819550
outer loop
vertex 15.439118 22.344828 0.310544
vertex 16.467313 23.172414 0.511107
vertex 15.669550 23.172414 0.075299
endloop
endfacet
facet normal -0.505803 -0.067687 0.859990
outer loop
vertex 16.296294 22.344828 0.597183
vertex 17.075366 22.344828 1.055394
vertex 17.118182 23.172414 1.145713
endloop
endfacet
facet normal -0.681981 0.213680 0.699459
outer loop
vertex 16.296294 22.344828 0.597183
vertex 17.118182 23.172414 1.145713
vertex 16.467313 23.172414 0.511107
endloop
endfacet
facet normal 0.386320 0.040199 0.921488
outer loop
vertex 17.075366 22.344828 1.055394
vertex 17.908910 22.344828 0.705943
vertex 17.896011 23.172414 0.675248
endloop
endfacet
facet normal 0.513844 -0.119300 0.849548
outer loop
vertex 17.075366 22.344828 1.055394
vertex 17.896011 23.172414 0.675248
vertex 17.118182 23.172414 1.145713
endloop
endfacet
facet normal 0.676868 0.075894 0.732182
outer loop
vertex 17.908910 22.344828 0.705943
vertex 18.572592 22.344828 0.092399
vertex 18.541597 23.172414 0.035269
endloop
endfacet
facet normal 0.703526 0.037287 0.709690
outer loop
vertex 17.908910 22.344828 0.705943
vertex 18.541597 23.172414 0.035269
vertex 17.896011 23.172414 0.675248
endloop
endfacet
facet normal 0.000653 0.209872 0.977729
outer loop
vertex 18.572592 22.344828 0.092399
vertex 19.476424 22.344828 0.091795
vertex 19.442536 23.172414 -0.085826
endloop
endfacet
facet normal 0.132855 0.073208 0.988428
outer loop
vertex 18.572592 22.344828 0.092399
vertex 19.442536 23.172414 -0.085826
vertex 18.541597 23.172414 0.035269
endloop
endfacet
facet normal -0.000000 0.209846 0.977734
outer loop
vertex 19.476424 22.344828 0.091795
vertex 20.380255 22.344828 0.091795
vertex 20.351577 23.172414 -0.085826
endloop
endfacet
facet normal 0.000000 0.209846 0.977734
outer loop
vertex 19.476424 22.344828 0.091795
vertex 20.351577 23.172414 -0.085826
vertex 19.442536 23.172414 -0.085826
endloop
endfacet
facet normal -0.000000 0.209846 0.977734
outer loop
vertex 20.380255 22.344828 0.091795
vertex 21.284086 22.344828 0.091795
vertex 21.260617 23.172414 -0.085826
endloop
endfacet
facet normal 0.000000 0.209846 0.977734
outer loop
vertex 20.380255 22.344828 0.091795
vertex 21.260617 23.172414 -0.085826
vertex 20.351577 23.172414 -0.085826
endloop
endfacet
facet normal -0.000000 0.209846 0.977734
outer loop
vertex 21.284086 22.344828 0.091795
vertex 22.187918 22.344828 0.091795
vertex 22.169658 23.172414 -0.085826
endloop
endfacet
facet normal 0.000000 0.209846 0.977734
outer loop
vertex 21.284086 22.344828 0.091795
vertex 22.169658 23.172414 -0.085826
vertex 21.260617 23.172414 -0.085826
endloop
endfacet
facet normal -0.000000 0.209846 0.977734
outer loop
vertex 22.187918 22.344828 0.091795
vertex 23.091749 22.344828 0.091795
vertex 23.078698 23.172414 -0.085826
endloop
endfacet
facet normal 0.000000 0.209846 0.977734
outer loop
vertex 22.187918 22.344828 0.091795
vertex 23.078698 23.172414 -0.085826
vertex 22.169658 23.172414 -0.085826
endloop
endfacet
facet normal -0.000000 0.209846 0.977734
outer loop
vertex 23.091749 22.344828 0.091795
vertex 23.995581 22.344828 0.091795
vertex 23.987739 23.172414 -0.085826
endloop
endfacet
facet normal 0.000000 0.209846 0.977734
outer loop
vertex 23.091749 22.344828 0.091795
vertex 23.987739 23.172414 -0.085826
vertex 23.078698 23.172414 -0.085826
endloop
endfacet
facet normal -0.048537 0.049440 0.997597
outer loop
vertex 0.000000 23.172414 0.000000
vertex 0.907967 23.172414 0.044176
vertex 0.854220 24.000000 0.000546
endloop
endfacet
facet normal -0.000639 0.000000 1.000000
outer loop
vertex 0.000000 23.172414 0.000000
vertex 0.854220 24.000000 0.000546
vertex 0.000000 24.000000 0.000000
endloop
endfacet
facet normal -0.444982 0.419376 0.791274
outer loop
vertex 0.907967 23.172414 0.044176
vertex 1.700311 23.172414 0.489760
vertex 1.706719 24.000000 0.054742
endloop
endfacet
facet normal -0.063370 0.048436 0.996814
outer loop
vertex 0.907967 23.172414 0.044176
vertex 1.706719 24.000000 0.054742
vertex 0.854220 24.000000 0.000546
endloop
endfacet
facet normal -0.700383 0.565606 0.435378
outer loop
vertex 1.700311 23.172414 0.489760
vertex 2.180229 23.172414 1.261792
vertex 2.404513 24.000000 0.547464
endloop
endfacet
facet normal -0.529154 0.398011 0.749388
outer loop
vertex 1.700311 23.172414 0.489760
vertex 2.404513 24.000000 0.547464
vertex 1.706719 24.000000 0.054742
endloop
endfacet
facet normal -0.192681 0.834422 0.516346
outer loop
vertex 2.180229 23.172414 1.261792
vertex 3.031903 23.172414 1.579605
vertex 3.226439 24.000000 0.314809
endloop
endfacet
facet normal 0.217188 0.603415 0.767281
outer loop
vertex 2.180229 23.172414 1.261792
vertex 3.226439 24.000000 0.314809
vertex 2.404513 24.000000 0.547464
endloop
endfacet
facet normal 0.550118 0.534199 0.641873
outer loop
vertex 3.031903 23.172414 1.579605
vertex 3.722129 23.172414 0.988046
vertex 4.032834 24.000000 0.032996
endloop
endfacet
facet normal 0.194951 0.806725 0.557844
outer loop
vertex 3.031903 23.172414 1.579605
vertex 4.032834 24.000000 0.032996
vertex 3.226439 24.000000 0.314809
endloop
endfacet
facet normal 0.742631 -0.465392 0.481570
outer loop
vertex 3.722129 23.172414 0.988046
vertex 4.216722 23.172414 0.225332
vertex 4.886110 24.000000 -0.007150
endloop
endfacet
facet normal 0.031067 0.750349 0.660312
outer loop
vertex 3.722129 23.172414 0.988046
vertex 4.886110 24.000000 -0.007150
vertex 4.032834 24.000000 0.032996
endloop
endfacet
facet normal 0.180560 -0.055940 0.981972
outer loop
vertex 4.216722 23.172414 0.225332
vertex 5.110775 23.172414 0.060938
vertex 5.740330 24.000000 -0.007677
endloop
endfacet
facet normal 0.000594 0.270001 0.962860
outer loop
vertex 4.216722 23.172414 0.225332
vertex 5.740330 24.000000 -0.007677
vertex 4.886110 24.000000 -0.007150
endloop
endfacet
facet normal 0.002021 0.079026 0.996871
outer loop
vertex 5.110775 23.172414 0.060938
vertex 6.019813 23.172414 0.059095
vertex 6.594550 24.000000 -0.007677
endloop
endfacet
facet normal 0.000000 0.082625 0.996581
outer loop
vertex 5.110775 23.172414 0.060938
vertex 6.594550 24.000000 -0.007677
vertex 5.740330 24.000000 -0.007677
endloop
endfacet
facet normal 0.000000 0.080421 0.996761
outer loop
vertex 6.019813 23.172414 0.059095
vertex 6.928854 23.172414 0.059095
vertex 7.448770 24.000000 -0.007677
endloop
endfacet
facet normal 0.000000 0.080421 0.996761
outer loop
vertex 6.019813 23.172414 0.059095
vertex 7.448770 24.000000 -0.007677
vertex 6.594550 24.000000 -0.007677
endloop
endfacet
facet normal 0.000000 0.080421 0.996761
outer loop
vertex 6.928854 23.172414 0.059095
vertex 7.837895 23.172414 0.059095
vertex 8.302990 24.000000 -0.007677
endloop
endfacet
facet normal 0.000000 0.080421 0.996761
outer loop
vertex 6.928854 23.172414 0.059095
vertex 8.302990 24.000000 -0.007677
vertex 7.448770 24.000000 -0.007677
endloop
endfacet
facet normal 0.000000 0.080421 0.996761
outer loop
vertex 7.837895 23.172414 0.059095
vertex 8.746935 23.172414 0.059095
vertex 9.157210 24.000000 -0.007677
endloop
endfacet
facet normal 0.000000 0.080421 0.996761
outer loop
vertex 7.837895 23.172414 0.059095
vertex 9.157210 24.000000 -0.007677
vertex 8.302990 24.000000 -0.007677
endloop
endfacet
facet normal 0.000000 0.080421 0.996761
outer loop
vertex 8.746935 23.172414 0.059095
vertex 9.655976 23.172414 0.059095
vertex 10.011430 24.000000 -0.007677
endloop
endfacet
facet normal 0.000000 0.080421 0.996761
outer loop
vertex 8.746935 23.172414 0.059095
vertex 10.011430 24.000000 -0.007677
vertex 9.157210 24.000000 -0.007677
endloop
endfacet
facet normal 0.000000 0.080421 0.996761
outer loop
vertex 9.655976 23.172414 0.059095
vertex 10.565016 23.172414 0.059095
vertex 10.865650 24.000000 -0.007677
endloop
endfacet
facet normal 0.000000 0.080421 0.996761
outer loop
vertex 9.655976 23.172414 0.059095
vertex 10.865650 24.000000 -0.007677
vertex 10.011430 24.000000 -0.007677
endloop
endfacet
facet normal 0.000000 0.080421 0.996761
outer loop
vertex 10.565016 23.172414 0.059095
vertex 11.474057 23.172414 0.059095
vertex 11.719870 24.000000 -0.007677
endloop
endfacet
facet normal 0.000000 0.080421 0.996761
outer loop
vertex 10.565016 23.172414 0.059095
vertex 11.719870 24.000000 -0.007677
vertex 10.865650 24.000000 -0.007677
endloop
endfacet
facet normal 0.000000 0.080421 0.996761
outer loop
vertex 11.474057 23.172414 0.059095
vertex 12.383097 23.172414 0.059095
vertex 12.574090 24.000000 -0.007677
endloop
endfacet
facet normal 0.000000 0.080421 0.996761
outer loop
vertex 11.474057 23.172414 0.059095
vertex 12.574090 24.000000 -0.007677
vertex 11.719870 24.000000 -0.007677
endloop
endfacet
facet normal -0.051438 0.082659 0.995249
outer loop
vertex 12.383097 23.172414 0.059095
vertex 13.290926 23.172414 0.106015
vertex 13.426727 24.000000 0.044299
endloop
endfacet
facet normal -0.060576 0.094155 0.993713
outer loop
vertex 12.383097 23.172414 0.059095
vertex 13.426727 24.000000 0.044299
vertex 12.574090 24.000000 -0.007677
endloop
endfacet
facet normal -0.478862 0.358604 0.801308
outer loop
vertex 13.290926 23.172414 0.106015
vertex 14.071247 23.172414 0.572335
vertex 14.240747 24.000000 0.303264
endloop
endfacet
facet normal -0.300971 0.119937 0.946061
outer loop
vertex 13.290926 23.172414 0.106015
vertex 14.240747 24.000000 0.303264
vertex 13.426727 24.000000 0.044299
endloop
endfacet
facet normal -0.097696 0.184984 0.977873
outer loop
vertex 14.071247 23.172414 0.572335
vertex 14.975785 23.172414 0.662704
vertex 15.068211 24.000000 0.515384
endloop
endfacet
facet normal -0.233207 0.343539 0.909723
outer loop
vertex 14.071247 23.172414 0.572335
vertex 15.068211 24.000000 0.515384
vertex 14.240747 24.000000 0.303264
endloop
endfacet
facet normal 0.646006 -0.023272 0.762978
outer loop
vertex 14.975785 23.172414 0.662704
vertex 15.669550 23.172414 0.075299
vertex 15.764328 24.000000 0.020294
endloop
endfacet
facet normal 0.577720 0.080078 0.812298
outer loop
vertex 14.975785 23.172414 0.662704
vertex 15.764328 24.000000 0.020294
vertex 15.068211 24.000000 0.515384
endloop
endfacet
facet normal -0.421063 0.478141 0.770771
outer loop
vertex 15.669550 23.172414 0.075299
vertex 16.467313 23.172414 0.511107
vertex 16.616512 24.000000 0.079227
endloop
endfacet
facet normal -0.068801 0.074003 0.994882
outer loop
vertex 15.669550 23.172414 0.075299
vertex 16.616512 24.000000 0.079227
vertex 15.764328 24.000000 0.020294
endloop
endfacet
facet normal -0.607545 0.492561 0.623115
outer loop
vertex 16.467313 23.172414 0.511107
vertex 17.118182 23.172414 1.145713
vertex 17.265268 24.000000 0.634932
endloop
endfacet
facet normal -0.578676 0.456876 0.675572
outer loop
vertex 16.467313 23.172414 0.511107
vertex 17.265268 24.000000 0.634932
vertex 16.616512 24.000000 0.079227
endloop
endfacet
facet normal 0.508566 0.185414 0.840822
outer loop
vertex 17.118182 23.172414 1.145713
vertex 17.896011 23.172414 0.675248
vertex 18.080856 24.000000 0.380951
endloop
endfacet
facet normal 0.262008 0.472717 0.841362
outer loop
vertex 17.118182 23.172414 1.145713
vertex 18.080856 24.000000 0.380951
vertex 17.265268 24.000000 0.634932
endloop
endfacet
facet normal 0.671658 -0.299685 0.677543
outer loop
vertex 17.896011 23.172414 0.675248
vertex 18.541597 23.172414 0.035269
vertex 18.876288 24.000000 0.069535
endloop
endfacet
facet normal 0.353700 0.242271 0.903438
outer loop
vertex 17.896011 23.172414 0.675248
vertex 18.876288 24.000000 0.069535
vertex 18.080856 24.000000 0.380951
endloop
endfacet
facet normal 0.131863 -0.141934 0.981054
outer loop
vertex 18.541597 23.172414 0.035269
vertex 19.442536 23.172414 -0.085826
vertex 19.727305 24.000000 -0.004370
endloop
endfacet
facet normal 0.086268 -0.076019 0.993368
outer loop
vertex 18.541597 23.172414 0.035269
vertex 19.727305 24.000000 -0.004370
vertex 18.876288 24.000000 0.069535
endloop
endfacet
facet normal 0.000000 -0.097952 0.995191
outer loop
vertex 19.442536 23.172414 -0.085826
vertex 20.351577 23.172414 -0.085826
vertex 20.581525 24.000000 -0.004370
endloop
endfacet
facet normal -0.000000 -0.097952 0.995191
outer loop
vertex 19.442536 23.172414 -0.085826
vertex 20.581525 24.000000 -0.004370
vertex 19.727305 24.000000 -0.004370
endloop
endfacet
facet normal 0.000000 -0.097952 0.995191
outer loop
vertex 20.351577 23.172414 -0.085826
vertex 21.260617 23.172414 -0.085826
vertex 21.435745 24.000000 -0.004370
endloop
endfacet
facet normal -0.000000 -0.097952 0.995191
outer loop
vertex 20.351577 23.172414 -0.085826
vertex 21.435745 24.000000 -0.004370
vertex 20.581525 24.000000 -0.004370
endloop
endfacet
facet normal 0.000000 -0.097952 0.995191
outer loop
vertex 21.260617 23.172414 -0.085826
vertex 22.169658 23.172414 -0.085826
vertex 22.289965 24.000000 -0.004370
endloop
endfacet
facet normal -0.000000 -0.097952 0.995191
outer loop
vertex 21.260617 23.172414 -0.085826
vertex 22.289965 24.000000 -0.004370
vertex 21.435745 24.000000 -0.004370
endloop
endfacet
facet normal 0.000000 -0.097952 0.995191
outer loop
vertex 22.169658 23.172414 -0.085826
vertex 23.078698 23.172414 -0.085826
vertex 23.144185 24.000000 -0.004370
endloop
endfacet
facet normal -0.000000 -0.097952 0.995191
outer loop
vertex 22.169658 23.172414 -0.085826
vertex 23.144185 24.000000 -0.004370
vertex 22.289965 24.000000 -0.004370
endloop
endfacet
facet normal 0.000000 -0.097952 0.995191
outer loop
vertex 23.078698 23.172414 -0.085826
vertex 23.987739 23.172414 -0.085826
vertex 23.998405 24.000000 -0.004370
endloop
endfacet
facet normal -0.000000 -0.097952 0.995191
outer loop
vertex 23.078698 23.172414 -0.085826
vertex 23.998405 24.000000 -0.004370
vertex 23.144185 24.000000 -0.004370
endloop
endfacet
endsolid foldforge
