solid foldforge
facet normal 0.000000 0.000000 1.000000
outer loop
vertex 0.000000 0.000000 0.000000
vertex 1.082289 0.000000 0.000000
vertex 1.067762 0.827586 0.000000
endloop
endfacet
facet normal 0.000000 0.000000 1.000000
outer loop
vertex 0.000000 0.000000 0.000000
vertex 1.067762 0.827586 0.000000
vertex 0.000000 0.827586 0.000000
endloop
endfacet
facet normal 0.000000 0.000000 1.000000
outer loop
vertex 1.082289 0.000000 0.000000
vertex 2.164577 0.000000 0.000000
vertex 2.135524 0.827586 0.000000
endloop
endfacet
facet normal 0.000000 -0.000000 1.000000
outer loop
vertex 1.082289 0.000000 0.000000
vertex 2.135524 0.827586 0.000000
vertex 1.067762 0.827586 0.000000
endloop
endfacet
facet normal 0.000000 0.000000 1.000000
outer loop
vertex 2.164577 0.000000 0.000000
vertex 3.246866 0.000000 0.000000
vertex 3.203286 0.827586 0.000000
endloop
endfacet
facet normal 0.000000 -0.000000 1.000000
outer loop
vertex 2.164577 0.000000 0.000000
vertex 3.203286 0.827586 0.000000
vertex 2.135524 0.827586 0.000000
endloop
endfacet
facet normal 0.000000 0.000000 1.000000
outer loop
vertex 3.246866 0.000000 0.000000
vertex 4.329154 0.000000 0.000000
vertex 4.271049 0.827586 0.000000
endloop
endfacet
facet normal 0.000000 -0.000000 1.000000
outer loop
vertex 3.246866 0.000000 0.000000
vertex 4.271049 0.827586 0.000000
vertex 3.203286 0.827586 0.000000
endloop
endfacet
facet normal 0.000000 0.000000 1.000000
outer loop
vertex 4.329154 0.000000 0.000000
vertex 5.411443 0.000000 0.000000
vertex 5.338811 0.827586 0.000000
endloop
endfacet
facet normal 0.000000 -0.000000 1.000000
outer loop
vertex 4.329154 0.000000 0.000000
vertex 5.338811 0.827586 0.000000
vertex 4.271049 0.827586 0.000000
endloop
endfacet
facet normal 0.000000 0.000000 1.000000
outer loop
vertex 5.411443 0.000000 0.000000
vertex 6.493732 0.000000 0.000000
vertex 6.406573 0.827586 0.000000
endloop
endfacet
facet normal 0.000000 -0.000000 1.000000
outer loop
vertex 5.411443 0.000000 0.000000
vertex 6.406573 0.827586 0.000000
vertex 5.338811 0.827586 0.000000
endloop
endfacet
facet normal 0.000000 0.000000 1.000000
outer loop
vertex 6.493732 0.000000 0.000000
vertex 7.576020 0.000000 0.000000
vertex 7.474335 0.827586 0.000000
endloop
endfacet
facet normal 0.000000 -0.000000 1.000000
outer loop
vertex 6.493732 0.000000 0.000000
vertex 7.474335 0.827586 0.000000
vertex 6.406573 0.827586 0.000000
endloop
endfacet
facet normal 0.000000 0.000000 1.000000
outer loop
vertex 7.576020 0.000000 0.000000
vertex 8.658309 0.000000 0.000000
vertex 8.542097 0.827586 0.000000
endloop
endfacet
facet normal 0.000000 -0.000000 1.000000
outer loop
vertex 7.576020 0.000000 0.000000
vertex 8.542097 0.827586 0.000000
vertex 7.474335 0.827586 0.000000
endloop
endfacet
facet normal 0.000000 0.000000 1.000000
outer loop
vertex 8.658309 0.000000 0.000000
vertex 9.740597 0.000000 0.000000
vertex 9.609859 0.827586 0.000000
endloop
endfacet
facet normal 0.000000 -0.000000 1.000000
outer loop
vertex 8.658309 0.000000 0.000000
vertex 9.609859 0.827586 0.000000
vertex 8.542097 0.827586 0.000000
endloop
endfacet
facet normal 0.000000 0.000000 1.000000
outer loop
vertex 9.740597 0.000000 0.000000
vertex 10.822886 0.000000 0.000000
vertex 10.677622 0.827586 0.000000
endloop
endfacet
facet normal 0.000000 -0.000000 1.000000
outer loop
vertex 9.740597 0.000000 0.000000
vertex 10.677622 0.827586 0.000000
vertex 9.609859 0.827586 0.000000
endloop
endfacet
facet normal 0.000000 0.000000 1.000000
outer loop
vertex 10.822886 0.000000 0.000000
vertex 11.905175 0.000000 0.000000
vertex 11.745384 0.827586 0.000000
endloop
endfacet
facet normal 0.000000 -0.000000 1.000000
outer loop
vertex 10.822886 0.000000 0.000000
vertex 11.745384 0.827586 0.000000
vertex 10.677622 0.827586 0.000000
endloop
endfacet
facet normal 0.000000 0.000000 1.000000
outer loop
vertex 11.905175 0.000000 0.000000
vertex 12.987463 0.000000 0.000000
vertex 12.813146 0.827586 0.000000
endloop
endfacet
facet normal 0.000000 -0.000000 1.000000
outer loop
vertex 11.905175 0.000000 0.000000
vertex 12.813146 0.827586 0.000000
vertex 11.745384 0.827586 0.000000
endloop
endfacet
facet normal 0.000000 0.000000 1.000000
outer loop
vertex 12.987463 0.000000 0.000000
vertex 14.069752 0.000000 0.000000
vertex 13.880908 0.827586 0.000000
endloop
endfacet
facet normal 0.000000 -0.000000 1.000000
outer loop
vertex 12.987463 0.000000 0.000000
vertex 13.880908 0.827586 0.000000
vertex 12.813146 0.827586 0.000000
endloop
endfacet
facet normal 0.000000 0.000000 1.000000
outer loop
vertex 14.069752 0.000000 0.000000
vertex 15.152040 0.000000 0.000000
vertex 14.948670 0.827586 0.000000
endloop
endfacet
facet normal 0.000000 -0.000000 1.000000
outer loop
vertex 14.069752 0.000000 0.000000
vertex 14.948670 0.827586 0.000000
vertex 13.880908 0.827586 0.000000
endloop
endfacet
facet normal 0.000000 0.000000 1.000000
outer loop
vertex 15.152040 0.000000 0.000000
vertex 16.234329 0.000000 0.000000
vertex 16.016432 0.827586 0.000000
endloop
endfacet
facet normal 0.000000 -0.000000 1.000000
outer loop
vertex 15.152040 0.000000 0.000000
vertex 16.016432 0.827586 0.000000
vertex 14.948670 0.827586 0.000000
endloop
endfacet
facet normal 0.000000 0.000000 1.000000
outer loop
vertex 16.234329 0.000000 0.000000
vertex 17.316617 0.000000 0.000000
vertex 17.084194 0.827586 0.000000
endloop
endfacet
facet normal 0.000000 -0.000000 1.000000
outer loop
vertex 16.234329 0.000000 0.000000
vertex 17.084194 0.827586 0.000000
vertex 16.016432 0.827586 0.000000
endloop
endfacet
facet normal 0.000000 -0.000001 1.000000
outer loop
vertex 17.316617 0.000000 0.000000
vertex 18.398906 0.000000 0.000000
vertex 18.151957 0.827586 0.000001
endloop
endfacet
facet normal -0.000001 -0.000000 1.000000
outer loop
vertex 17.316617 0.000000 0.000000
vertex 18.151957 0.827586 0.000001
vertex 17.084194 0.827586 0.000000
endloop
endfacet
facet normal -0.000570 -0.336149 0.941809
outer loop
vertex 18.398906 0.000000 0.000000
vertex 19.481194 0.000000 0.000655
vertex 19.177914 0.827586 0.295852
endloop
endfacet
facet normal -0.276134 -0.082398 0.957581
outer loop
vertex 18.398906 0.000000 0.000000
vertex 19.177914 0.827586 0.295852
vertex 18.151957 0.827586 0.000001
endloop
endfacet
facet normal -0.930689 -0.118004 0.346255
outer loop
vertex 19.481194 0.000000 0.000655
vertex 19.858579 0.000000 1.015016
vertex 19.807057 0.827586 1.158577
endloop
endfacet
facet normal -0.720859 -0.451680 0.525688
outer loop
vertex 19.481194 0.000000 0.000655
vertex 19.807057 0.827586 1.158577
vertex 19.177914 0.827586 0.295852
endloop
endfacet
facet normal -0.973625 -0.110643 0.199529
outer loop
vertex 19.858579 0.000000 1.015016
vertex 20.075861 0.000000 2.075270
vertex 20.008830 0.827586 2.207101
endloop
endfacet
facet normal -0.977681 -0.093502 0.188140
outer loop
vertex 19.858579 0.000000 1.015016
vertex 20.008830 0.827586 2.207101
vertex 19.807057 0.827586 1.158577
endloop
endfacet
facet normal -0.971853 -0.125832 0.199166
outer loop
vertex 20.075861 0.000000 2.075270
vertex 20.293143 0.000000 3.135523
vertex 20.210603 0.827586 3.255626
endloop
endfacet
facet normal -0.976134 -0.108985 0.187842
outer loop
vertex 20.075861 0.000000 2.075270
vertex 20.210603 0.827586 3.255626
vertex 20.008830 0.827586 2.207101
endloop
endfacet
facet normal -0.947247 -0.207933 0.243898
outer loop
vertex 20.293143 0.000000 3.135523
vertex 20.563010 0.000000 4.183626
vertex 20.412376 0.827586 4.304151
endloop
endfacet
facet normal -0.974357 -0.124389 0.187500
outer loop
vertex 20.293143 0.000000 3.135523
vertex 20.412376 0.827586 4.304151
vertex 20.210603 0.827586 3.255626
endloop
endfacet
facet normal -0.539948 -0.673919 0.504271
outer loop
vertex 20.563010 0.000000 4.183626
vertex 21.301725 0.000000 4.974606
vertex 20.620692 0.827586 5.351395
endloop
endfacet
facet normal -0.960437 -0.202637 0.191048
outer loop
vertex 20.563010 0.000000 4.183626
vertex 20.620692 0.827586 5.351395
vertex 20.412376 0.827586 4.304151
endloop
endfacet
facet normal 0.857445 -0.490181 0.156557
outer loop
vertex 21.301725 0.000000 4.974606
vertex 21.496121 0.000000 3.909919
vertex 21.673144 0.827586 5.531559
endloop
endfacet
facet normal -0.145475 -0.506620 0.849808
outer loop
vertex 21.301725 0.000000 4.974606
vertex 21.673144 0.827586 5.531559
vertex 20.620692 0.827586 5.351395
endloop
endfacet
facet normal 0.660267 -0.742436 0.113295
outer loop
vertex 21.496121 0.000000 3.909919
vertex 21.679157 0.000000 2.843220
vertex 22.297120 0.827586 4.665089
endloop
endfacet
facet normal 0.490338 -0.796795 0.353109
outer loop
vertex 21.496121 0.000000 3.909919
vertex 22.297120 0.827586 4.665089
vertex 21.673144 0.827586 5.531559
endloop
endfacet
facet normal 0.473786 -0.876880 0.081297
outer loop
vertex 21.679157 0.000000 2.843220
vertex 21.862192 0.000000 1.776521
vertex 23.031271 0.827586 3.889758
endloop
endfacet
facet normal 0.317623 -0.899257 0.300754
outer loop
vertex 21.679157 0.000000 2.843220
vertex 23.031271 0.827586 3.889758
vertex 22.297120 0.827586 4.665089
endloop
endfacet
facet normal 0.422368 -0.903523 0.072474
outer loop
vertex 21.862192 0.000000 1.776521
vertex 22.045227 0.000000 0.709822
vertex 23.439256 0.827586 2.903014
endloop
endfacet
facet normal 0.371031 -0.915861 0.153409
outer loop
vertex 21.862192 0.000000 1.776521
vertex 23.439256 0.827586 2.903014
vertex 23.031271 0.827586 3.889758
endloop
endfacet
facet normal 0.256696 -0.923995 0.283445
outer loop
vertex 22.045227 0.000000 0.709822
vertex 22.847436 0.000000 -0.016683
vertex 23.735264 0.827586 1.877102
endloop
endfacet
facet normal 0.375788 -0.920341 0.108427
outer loop
vertex 22.045227 0.000000 0.709822
vertex 23.735264 0.827586 1.877102
vertex 23.439256 0.827586 2.903014
endloop
endfacet
facet normal 0.020253 -0.737209 0.675361
outer loop
vertex 22.847436 0.000000 -0.016683
vertex 23.929239 0.000000 -0.049125
vertex 24.031273 0.827586 0.851190
endloop
endfacet
facet normal 0.494668 -0.857282 0.142728
outer loop
vertex 22.847436 0.000000 -0.016683
vertex 24.031273 0.827586 0.851190
vertex 23.735264 0.827586 1.877102
endloop
endfacet
facet normal 0.000000 0.000000 1.000000
outer loop
vertex 0.000000 0.827586 0.000000
vertex 1.067762 0.827586 0.000000
vertex 1.040420 1.655172 0.000000
endloop
endfacet
facet normal 0.000000 0.000000 1.000000
outer loop
vertex 0.000000 0.827586 0.000000
vertex 1.040420 1.655172 0.000000
vertex 0.000000 1.655172 0.000000
endloop
endfacet
facet normal 0.000000 0.000000 1.000000
outer loop
vertex 1.067762 0.827586 0.000000
vertex 2.135524 0.827586 0.000000
vertex 2.080839 1.655172 0.000000
endloop
endfacet
facet normal 0.000000 -0.000000 1.000000
outer loop
vertex 1.067762 0.827586 0.000000
vertex 2.080839 1.655172 0.000000
vertex 1.040420 1.655172 0.000000
endloop
endfacet
facet normal 0.000000 0.000000 1.000000
outer loop
vertex 2.135524 0.827586 0.000000
vertex 3.203286 0.827586 0.000000
vertex 3.121259 1.655172 0.000000
endloop
endfacet
facet normal 0.000000 -0.000000 1.000000
outer loop
vertex 2.135524 0.827586 0.000000
vertex 3.121259 1.655172 0.000000
vertex 2.080839 1.655172 0.000000
endloop
endfacet
facet normal 0.000000 0.000000 1.000000
outer loop
vertex 3.203286 0.827586 0.000000
vertex 4.271049 0.827586 0.000000
vertex 4.161679 1.655172 0.000000
endloop
endfacet
facet normal 0.000000 -0.000000 1.000000
outer loop
vertex 3.203286 0.827586 0.000000
vertex 4.161679 1.655172 0.000000
vertex 3.121259 1.655172 0.000000
endloop
endfacet
facet normal 0.000000 0.000000 1.000000
outer loop
vertex 4.271049 0.827586 0.000000
vertex 5.338811 0.827586 0.000000
vertex 5.202098 1.655172 0.000000
endloop
endfacet
facet normal 0.000000 -0.000000 1.000000
outer loop
vertex 4.271049 0.827586 0.000000
vertex 5.202098 1.655172 0.000000
vertex 4.161679 1.655172 0.000000
endloop
endfacet
facet normal 0.000000 0.000000 1.000000
outer loop
vertex 5.338811 0.827586 0.000000
vertex 6.406573 0.827586 0.000000
vertex 6.242518 1.655172 0.000000
endloop
endfacet
facet normal 0.000000 -0.000000 1.000000
outer loop
vertex 5.338811 0.827586 0.000000
vertex 6.242518 1.655172 0.000000
vertex 5.202098 1.655172 0.000000
endloop
endfacet
facet normal 0.000000 0.000000 1.000000
outer loop
vertex 6.406573 0.827586 0.000000
vertex 7.474335 0.827586 0.000000
vertex 7.282937 1.655172 0.000000
endloop
endfacet
facet normal 0.000000 -0.000000 1.000000
outer loop
vertex 6.406573 0.827586 0.000000
vertex 7.282937 1.655172 0.000000
vertex 6.242518 1.655172 0.000000
endloop
endfacet
facet normal 0.000000 0.000000 1.000000
outer loop
vertex 7.474335 0.827586 0.000000
vertex 8.542097 0.827586 0.000000
vertex 8.323357 1.655172 0.000000
endloop
endfacet
facet normal 0.000000 -0.000000 1.000000
outer loop
vertex 7.474335 0.827586 0.000000
vertex 8.323357 1.655172 0.000000
vertex 7.282937 1.655172 0.000000
endloop
endfacet
facet normal 0.000000 0.000000 1.000000
outer loop
vertex 8.542097 0.827586 0.000000
vertex 9.609859 0.827586 0.000000
vertex 9.363777 1.655172 0.000000
endloop
endfacet
facet normal 0.000000 -0.000000 1.000000
outer loop
vertex 8.542097 0.827586 0.000000
vertex 9.363777 1.655172 0.000000
vertex 8.323357 1.655172 0.000000
endloop
endfacet
facet normal 0.000000 0.000000 1.000000
outer loop
vertex 9.609859 0.827586 0.000000
vertex 10.677622 0.827586 0.000000
vertex 10.404196 1.655172 0.000000
endloop
endfacet
facet normal 0.000000 -0.000000 1.000000
outer loop
vertex 9.609859 0.827586 0.000000
vertex 10.404196 1.655172 0.000000
vertex 9.363777 1.655172 0.000000
endloop
endfacet
facet normal 0.000000 0.000000 1.000000
outer loop
vertex 10.677622 0.827586 0.000000
vertex 11.745384 0.827586 0.000000
vertex 11.444616 1.655172 0.000000
endloop
endfacet
facet normal 0.000000 -0.000000 1.000000
outer loop
vertex 10.677622 0.827586 0.000000
vertex 11.444616 1.655172 0.000000
vertex 10.404196 1.655172 0.000000
endloop
endfacet
facet normal 0.000000 0.000000 1.000000
outer loop
vertex 11.745384 0.827586 0.000000
vertex 12.813146 0.827586 0.000000
vertex 12.485036 1.655172 0.000000
endloop
endfacet
facet normal 0.000000 -0.000000 1.000000
outer loop
vertex 11.745384 0.827586 0.000000
vertex 12.485036 1.655172 0.000000
vertex 11.444616 1.655172 0.000000
endloop
endfacet
facet normal 0.000000 0.000000 1.000000
outer loop
vertex 12.813146 0.827586 0.000000
vertex 13.880908 0.827586 0.000000
vertex 13.525455 1.655172 0.000000
endloop
endfacet
facet normal 0.000000 -0.000000 1.000000
outer loop
vertex 12.813146 0.827586 0.000000
vertex 13.525455 1.655172 0.000000
vertex 12.485036 1.655172 0.000000
endloop
endfacet
facet normal 0.000000 0.000000 1.000000
outer loop
vertex 13.880908 0.827586 0.000000
vertex 14.948670 0.827586 0.000000
vertex 14.565875 1.655172 0.000000
endloop
endfacet
facet normal 0.000000 -0.000000 1.000000
outer loop
vertex 13.880908 0.827586 0.000000
vertex 14.565875 1.655172 0.000000
vertex 13.525455 1.655172 0.000000
endloop
endfacet
facet normal 0.000000 0.000000 1.000000
outer loop
vertex 14.948670 0.827586 0.000000
vertex 16.016432 0.827586 0.000000
vertex 15.606295 1.655172 0.000000
endloop
endfacet
facet normal 0.000000 -0.000000 1.000000
outer loop
vertex 14.948670 0.827586 0.000000
vertex 15.606295 1.655172 0.000000
vertex 14.565875 1.655172 0.000000
endloop
endfacet
facet normal 0.000000 0.000000 1.000000
outer loop
vertex 16.016432 0.827586 0.000000
vertex 17.084194 0.827586 0.000000
vertex 16.646714 1.655172 0.000000
endloop
endfacet
facet normal 0.000000 -0.000000 1.000000
outer loop
vertex 16.016432 0.827586 0.000000
vertex 16.646714 1.655172 0.000000
vertex 15.606295 1.655172 0.000000
endloop
endfacet
facet normal -0.000001 -0.003681 0.999993
outer loop
vertex 17.084194 0.827586 0.000000
vertex 18.151957 0.827586 0.000001
vertex 17.687129 1.655172 0.003047
endloop
endfacet
facet normal -0.002928 -0.001548 0.999995
outer loop
vertex 17.084194 0.827586 0.000000
vertex 17.687129 1.655172 0.003047
vertex 16.646714 1.655172 0.000000
endloop
endfacet
facet normal -0.213187 -0.638745 0.739294
outer loop
vertex 18.151957 0.827586 0.000001
vertex 19.177914 0.827586 0.295852
vertex 18.378646 1.655172 0.780400
endloop
endfacet
facet normal -0.688345 -0.388874 0.612338
outer loop
vertex 18.151957 0.827586 0.000001
vertex 18.378646 1.655172 0.780400
vertex 17.687129 1.655172 0.003047
endloop
endfacet
facet normal -0.482026 -0.802550 0.351518
outer loop
vertex 19.177914 0.827586 0.295852
vertex 19.807057 0.827586 1.158577
vertex 18.835167 1.655172 1.715312
endloop
endfacet
facet normal -0.597066 -0.747336 0.291549
outer loop
vertex 19.177914 0.827586 0.295852
vertex 18.835167 1.655172 1.715312
vertex 18.378646 1.655172 0.780400
endloop
endfacet
facet normal -0.626084 -0.770392 0.120481
outer loop
vertex 19.807057 0.827586 1.158577
vertex 20.008830 0.827586 2.207101
vertex 19.089971 1.655172 2.724048
endloop
endfacet
facet normal -0.590185 -0.793383 0.149079
outer loop
vertex 19.807057 0.827586 1.158577
vertex 19.089971 1.655172 2.724048
vertex 18.835167 1.655172 1.715312
endloop
endfacet
facet normal -0.643971 -0.754947 0.123923
outer loop
vertex 20.008830 0.827586 2.207101
vertex 20.210603 0.827586 3.255626
vertex 19.332788 1.655172 3.735736
endloop
endfacet
facet normal -0.614790 -0.774765 0.147557
outer loop
vertex 20.008830 0.827586 2.207101
vertex 19.332788 1.655172 3.735736
vertex 19.089971 1.655172 2.724048
endloop
endfacet
facet normal -0.662498 -0.738135 0.127488
outer loop
vertex 20.210603 0.827586 3.255626
vertex 20.412376 0.827586 4.304151
vertex 19.575606 1.655172 4.747424
endloop
endfacet
facet normal -0.632779 -0.759292 0.151875
outer loop
vertex 20.210603 0.827586 3.255626
vertex 19.575606 1.655172 4.747424
vertex 19.332788 1.655172 3.735736
endloop
endfacet
facet normal -0.873089 -0.455580 0.173673
outer loop
vertex 20.412376 0.827586 4.304151
vertex 20.620692 0.827586 5.351395
vertex 20.229664 1.655172 5.556548
endloop
endfacet
facet normal -0.517173 -0.746833 0.418058
outer loop
vertex 20.412376 0.827586 4.304151
vertex 20.229664 1.655172 5.556548
vertex 19.575606 1.655172 4.747424
endloop
endfacet
facet normal -0.159376 -0.328349 0.931014
outer loop
vertex 20.620692 0.827586 5.351395
vertex 21.673144 0.827586 5.531559
vertex 21.251696 1.655172 5.751286
endloop
endfacet
facet normal -0.177641 -0.315046 0.932303
outer loop
vertex 20.620692 0.827586 5.351395
vertex 21.251696 1.655172 5.751286
vertex 20.229664 1.655172 5.556548
endloop
endfacet
facet normal 0.659221 -0.583148 0.474727
outer loop
vertex 21.673144 0.827586 5.531559
vertex 22.297120 0.827586 4.665089
vertex 22.290371 1.655172 5.691056
endloop
endfacet
facet normal 0.056348 -0.229300 0.971723
outer loop
vertex 21.673144 0.827586 5.531559
vertex 22.290371 1.655172 5.691056
vertex 21.251696 1.655172 5.751286
endloop
endfacet
facet normal 0.427041 -0.808783 0.404360
outer loop
vertex 22.297120 0.827586 4.665089
vertex 23.031271 0.827586 3.889758
vertex 23.257127 1.655172 5.306535
endloop
endfacet
facet normal 0.242641 -0.754301 0.610045
outer loop
vertex 22.297120 0.827586 4.665089
vertex 23.257127 1.655172 5.306535
vertex 22.290371 1.655172 5.691056
endloop
endfacet
facet normal 0.750987 -0.582755 0.310507
outer loop
vertex 23.031271 0.827586 3.889758
vertex 23.439256 0.827586 2.903014
vertex 23.505425 1.655172 4.296178
endloop
endfacet
facet normal 0.805429 -0.558664 0.197937
outer loop
vertex 23.031271 0.827586 3.889758
vertex 23.505425 1.655172 4.296178
vertex 23.257127 1.655172 5.306535
endloop
endfacet
facet normal 0.861660 -0.442415 0.248617
outer loop
vertex 23.439256 0.827586 2.903014
vertex 23.735264 0.827586 1.877102
vertex 23.753723 1.655172 3.285821
endloop
endfacet
facet normal 0.875681 -0.432286 0.215201
outer loop
vertex 23.439256 0.827586 2.903014
vertex 23.753723 1.655172 3.285821
vertex 23.505425 1.655172 4.296178
endloop
endfacet
facet normal 0.878420 -0.405143 0.253452
outer loop
vertex 23.735264 0.827586 1.877102
vertex 24.031273 0.827586 0.851190
vertex 24.002022 1.655172 2.275465
endloop
endfacet
facet normal 0.892805 -0.393393 0.219410
outer loop
vertex 23.735264 0.827586 1.877102
vertex 24.002022 1.655172 2.275465
vertex 23.753723 1.655172 3.285821
endloop
endfacet
facet normal 0.000000 0.000000 1.000000
outer loop
vertex 0.000000 1.655172 0.000000
vertex 1.040420 1.655172 0.000000
vertex 0.976662 2.482759 0.000000
endloop
endfacet
facet normal 0.000000 0.000000 1.000000
outer loop
vertex 0.000000 1.655172 0.000000
vertex 0.976662 2.482759 0.000000
vertex 0.000000 2.482759 0.000000
endloop
endfacet
facet normal 0.000000 0.000000 1.000000
outer loop
vertex 1.040420 1.655172 0.000000
vertex 2.080839 1.655172 0.000000
vertex 1.953325 2.482759 0.000000
endloop
endfacet
facet normal 0.000000 -0.000000 1.000000
outer loop
vertex 1.040420 1.655172 0.000000
vertex 1.953325 2.482759 0.000000
vertex 0.976662 2.482759 0.000000
endloop
endfacet
facet normal 0.000000 0.000000 1.000000
outer loop
vertex 2.080839 1.655172 0.000000
vertex 3.121259 1.655172 0.000000
vertex 2.929987 2.482759 0.000000
endloop
endfacet
facet normal 0.000000 -0.000000 1.000000
outer loop
vertex 2.080839 1.655172 0.000000
vertex 2.929987 2.482759 0.000000
vertex 1.953325 2.482759 0.000000
endloop
endfacet
facet normal 0.000000 0.000000 1.000000
outer loop
vertex 3.121259 1.655172 0.000000
vertex 4.161679 1.655172 0.000000
vertex 3.906649 2.482759 0.000000
endloop
endfacet
facet normal 0.000000 -0.000000 1.000000
outer loop
vertex 3.121259 1.655172 0.000000
vertex 3.906649 2.482759 0.000000
vertex 2.929987 2.482759 0.000000
endloop
endfacet
facet normal 0.000000 0.000000 1.000000
outer loop
vertex 4.161679 1.655172 0.000000
vertex 5.202098 1.655172 0.000000
vertex 4.883311 2.482759 0.000000
endloop
endfacet
facet normal 0.000000 -0.000000 1.000000
outer loop
vertex 4.161679 1.655172 0.000000
vertex 4.883311 2.482759 0.000000
vertex 3.906649 2.482759 0.000000
endloop
endfacet
facet normal 0.000000 0.000000 1.000000
outer loop
vertex 5.202098 1.655172 0.000000
vertex 6.242518 1.655172 0.000000
vertex 5.859974 2.482759 0.000000
endloop
endfacet
facet normal 0.000000 -0.000000 1.000000
outer loop
vertex 5.202098 1.655172 0.000000
vertex 5.859974 2.482759 0.000000
vertex 4.883311 2.482759 0.000000
endloop
endfacet
facet normal 0.000000 0.000000 1.000000
outer loop
vertex 6.242518 1.655172 0.000000
vertex 7.282937 1.655172 0.000000
vertex 6.836636 2.482759 0.000000
endloop
endfacet
facet normal 0.000000 -0.000000 1.000000
outer loop
vertex 6.242518 1.655172 0.000000
vertex 6.836636 2.482759 0.000000
vertex 5.859974 2.482759 0.000000
endloop
endfacet
facet normal 0.000000 0.000000 1.000000
outer loop
vertex 7.282937 1.655172 0.000000
vertex 8.323357 1.655172 0.000000
vertex 7.813298 2.482759 0.000000
endloop
endfacet
facet normal 0.000000 -0.000000 1.000000
outer loop
vertex 7.282937 1.655172 0.000000
vertex 7.813298 2.482759 0.000000
vertex 6.836636 2.482759 0.000000
endloop
endfacet
facet normal 0.000000 0.000000 1.000000
outer loop
vertex 8.323357 1.655172 0.000000
vertex 9.363777 1.655172 0.000000
vertex 8.789960 2.482759 0.000000
endloop
endfacet
facet normal 0.000000 -0.000000 1.000000
outer loop
vertex 8.323357 1.655172 0.000000
vertex 8.789960 2.482759 0.000000
vertex 7.813298 2.482759 0.000000
endloop
endfacet
facet normal 0.000000 0.000000 1.000000
outer loop
vertex 9.363777 1.655172 0.000000
vertex 10.404196 1.655172 0.000000
vertex 9.766623 2.482759 0.000000
endloop
endfacet
facet normal 0.000000 -0.000000 1.000000
outer loop
vertex 9.363777 1.655172 0.000000
vertex 9.766623 2.482759 0.000000
vertex 8.789960 2.482759 0.000000
endloop
endfacet
facet normal 0.000000 0.000000 1.000000
outer loop
vertex 10.404196 1.655172 0.000000
vertex 11.444616 1.655172 0.000000
vertex 10.743285 2.482759 0.000000
endloop
endfacet
facet normal 0.000000 -0.000000 1.000000
outer loop
vertex 10.404196 1.655172 0.000000
vertex 10.743285 2.482759 0.000000
vertex 9.766623 2.482759 0.000000
endloop
endfacet
facet normal 0.000000 0.000000 1.000000
outer loop
vertex 11.444616 1.655172 0.000000
vertex 12.485036 1.655172 0.000000
vertex 11.719947 2.482759 0.000000
endloop
endfacet
facet normal 0.000000 -0.000000 1.000000
outer loop
vertex 11.444616 1.655172 0.000000
vertex 11.719947 2.482759 0.000000
vertex 10.743285 2.482759 0.000000
endloop
endfacet
facet normal 0.000000 0.000000 1.000000
outer loop
vertex 12.485036 1.655172 0.000000
vertex 13.525455 1.655172 0.000000
vertex 12.696609 2.482759 0.000000
endloop
endfacet
facet normal 0.000000 -0.000000 1.000000
outer loop
vertex 12.485036 1.655172 0.000000
vertex 12.696609 2.482759 0.000000
vertex 11.719947 2.482759 0.000000
endloop
endfacet
facet normal 0.000000 0.000000 1.000000
outer loop
vertex 13.525455 1.655172 0.000000
vertex 14.565875 1.655172 0.000000
vertex 13.673272 2.482759 0.000000
endloop
endfacet
facet normal 0.000000 -0.000000 1.000000
outer loop
vertex 13.525455 1.655172 0.000000
vertex 13.673272 2.482759 0.000000
vertex 12.696609 2.482759 0.000000
endloop
endfacet
facet normal 0.000000 0.000000 1.000000
outer loop
vertex 14.565875 1.655172 0.000000
vertex 15.606295 1.655172 0.000000
vertex 14.649934 2.482759 0.000000
endloop
endfacet
facet normal 0.000000 -0.000000 1.000000
outer loop
vertex 14.565875 1.655172 0.000000
vertex 14.649934 2.482759 0.000000
vertex 13.673272 2.482759 0.000000
endloop
endfacet
facet normal 0.000000 -0.000000 1.000000
outer loop
vertex 15.606295 1.655172 0.000000
vertex 16.646714 1.655172 0.000000
vertex 15.626596 2.482759 0.000000
endloop
endfacet
facet normal -0.000000 -0.000000 1.000000
outer loop
vertex 15.606295 1.655172 0.000000
vertex 15.626596 2.482759 0.000000
vertex 14.649934 2.482759 0.000000
endloop
endfacet
facet normal -0.002922 -0.065680 0.997836
outer loop
vertex 16.646714 1.655172 0.000000
vertex 17.687129 1.655172 0.003047
vertex 16.601746 2.482759 0.054342
endloop
endfacet
facet normal -0.055510 -0.068424 0.996111
outer loop
vertex 16.646714 1.655172 0.000000
vertex 16.601746 2.482759 0.054342
vertex 15.626596 2.482759 0.000000
endloop
endfacet
facet normal -0.588713 -0.615750 0.523707
outer loop
vertex 17.687129 1.655172 0.003047
vertex 18.378646 1.655172 0.780400
vertex 17.385532 2.482759 0.637050
endloop
endfacet
facet normal -0.458595 -0.639682 0.616845
outer loop
vertex 17.687129 1.655172 0.003047
vertex 17.385532 2.482759 0.637050
vertex 16.601746 2.482759 0.054342
endloop
endfacet
facet normal -0.567316 -0.775507 0.277022
outer loop
vertex 18.378646 1.655172 0.780400
vertex 18.835167 1.655172 1.715312
vertex 17.638049 2.482759 1.580503
endloop
endfacet
facet normal -0.645154 -0.744284 0.172677
outer loop
vertex 18.378646 1.655172 0.780400
vertex 17.638049 2.482759 1.580503
vertex 17.385532 2.482759 0.637050
endloop
endfacet
facet normal -0.578225 -0.802697 0.146058
outer loop
vertex 18.835167 1.655172 1.715312
vertex 19.089971 1.655172 2.724048
vertex 17.890566 2.482759 2.523957
endloop
endfacet
facet normal -0.573556 -0.804653 0.153513
outer loop
vertex 18.835167 1.655172 1.715312
vertex 17.890566 2.482759 2.523957
vertex 17.638049 2.482759 1.580503
endloop
endfacet
facet normal -0.591799 -0.793473 0.142039
outer loop
vertex 19.089971 1.655172 2.724048
vertex 19.332788 1.655172 3.735736
vertex 18.157799 2.482759 3.463348
endloop
endfacet
facet normal -0.578633 -0.798804 0.164607
outer loop
vertex 19.089971 1.655172 2.724048
vertex 18.157799 2.482759 3.463348
vertex 17.890566 2.482759 2.523957
endloop
endfacet
facet normal -0.636039 -0.756406 0.152657
outer loop
vertex 19.332788 1.655172 3.735736
vertex 19.575606 1.655172 4.747424
vertex 18.502532 2.482759 4.377147
endloop
endfacet
facet normal -0.595393 -0.771398 0.224613
outer loop
vertex 19.332788 1.655172 3.735736
vertex 18.502532 2.482759 4.377147
vertex 18.157799 2.482759 3.463348
endloop
endfacet
facet normal -0.523835 -0.739116 0.423444
outer loop
vertex 19.575606 1.655172 4.747424
vertex 20.229664 1.655172 5.556548
vertex 18.847264 2.482759 5.290946
endloop
endfacet
facet normal -0.643577 -0.725853 0.242791
outer loop
vertex 19.575606 1.655172 4.747424
vertex 18.847264 2.482759 5.290946
vertex 18.502532 2.482759 4.377147
endloop
endfacet
facet normal -0.182167 -0.229711 0.956059
outer loop
vertex 20.229664 1.655172 5.556548
vertex 21.251696 1.655172 5.751286
vertex 19.749882 2.482759 5.663974
endloop
endfacet
facet normal -0.361459 -0.323082 0.874623
outer loop
vertex 20.229664 1.655172 5.556548
vertex 19.749882 2.482759 5.663974
vertex 18.847264 2.482759 5.290946
endloop
endfacet
facet normal 0.057788 0.059370 0.996562
outer loop
vertex 21.251696 1.655172 5.751286
vertex 22.290371 1.655172 5.691056
vertex 20.724132 2.482759 5.732575
endloop
endfacet
facet normal -0.070223 -0.022218 0.997284
outer loop
vertex 21.251696 1.655172 5.751286
vertex 20.724132 2.482759 5.732575
vertex 19.749882 2.482759 5.663974
endloop
endfacet
facet normal 0.361022 0.213974 0.907677
outer loop
vertex 22.290371 1.655172 5.691056
vertex 23.257127 1.655172 5.306535
vertex 21.700792 2.482759 5.730463
endloop
endfacet
facet normal 0.002160 -0.046028 0.998938
outer loop
vertex 22.290371 1.655172 5.691056
vertex 21.700792 2.482759 5.730463
vertex 20.724132 2.482759 5.732575
endloop
endfacet
facet normal 0.843974 0.494660 0.207409
outer loop
vertex 23.257127 1.655172 5.306535
vertex 23.505425 1.655172 4.296178
vertex 22.676784 2.482759 5.694274
endloop
endfacet
facet normal 0.033888 -0.404433 0.913939
outer loop
vertex 23.257127 1.655172 5.306535
vertex 22.676784 2.482759 5.694274
vertex 21.700792 2.482759 5.730463
endloop
endfacet
facet normal 0.949632 -0.209132 0.233375
outer loop
vertex 23.505425 1.655172 4.296178
vertex 23.753723 1.655172 3.285821
vertex 23.480471 2.482759 5.139336
endloop
endfacet
facet normal 0.439102 -0.634653 0.635928
outer loop
vertex 23.505425 1.655172 4.296178
vertex 23.480471 2.482759 5.139336
vertex 22.676784 2.482759 5.694274
endloop
endfacet
facet normal 0.839246 -0.503119 0.206247
outer loop
vertex 23.753723 1.655172 3.285821
vertex 24.002022 1.655172 2.275465
vertex 23.997909 2.482759 4.311009
endloop
endfacet
facet normal 0.628353 -0.671640 0.392519
outer loop
vertex 23.753723 1.655172 3.285821
vertex 23.997909 2.482759 4.311009
vertex 23.480471 2.482759 5.139336
endloop
endfacet
facet normal 0.000000 0.000000 1.000000
outer loop
vertex 0.000000 2.482759 0.000000
vertex 0.976662 2.482759 0.000000
vertex 1.003113 3.310345 0.000000
endloop
endfacet
facet normal 0.000000 0.000000 1.000000
outer loop
vertex 0.000000 2.482759 0.000000
vertex 1.003113 3.310345 0.000000
vertex 0.000000 3.310345 0.000000
endloop
endfacet
facet normal 0.000000 0.000000 1.000000
outer loop
vertex 0.976662 2.482759 0.000000
vertex 1.953325 2.482759 0.000000
vertex 2.006225 3.310345 0.000000
endloop
endfacet
facet normal 0.000000 0.000000 1.000000
outer loop
vertex 0.976662 2.482759 0.000000
vertex 2.006225 3.310345 0.000000
vertex 1.003113 3.310345 0.000000
endloop
endfacet
facet normal 0.000000 0.000000 1.000000
outer loop
vertex 1.953325 2.482759 0.000000
vertex 2.929987 2.482759 0.000000
vertex 3.009338 3.310345 0.000000
endloop
endfacet
facet normal 0.000000 0.000000 1.000000
outer loop
vertex 1.953325 2.482759 0.000000
vertex 3.009338 3.310345 0.000000
vertex 2.006225 3.310345 0.000000
endloop
endfacet
facet normal 0.000000 0.000000 1.000000
outer loop
vertex 2.929987 2.482759 0.000000
vertex 3.906649 2.482759 0.000000
vertex 4.012451 3.310345 0.000000
endloop
endfacet
facet normal 0.000000 0.000000 1.000000
outer loop
vertex 2.929987 2.482759 0.000000
vertex 4.012451 3.310345 0.000000
vertex 3.009338 3.310345 0.000000
endloop
endfacet
facet normal 0.000000 0.000000 1.000000
outer loop
vertex 3.906649 2.482759 0.000000
vertex 4.883311 2.482759 0.000000
vertex 5.015564 3.310345 0.000000
endloop
endfacet
facet normal 0.000000 0.000000 1.000000
outer loop
vertex 3.906649 2.482759 0.000000
vertex 5.015564 3.310345 0.000000
vertex 4.012451 3.310345 0.000000
endloop
endfacet
facet normal 0.000000 0.000000 1.000000
outer loop
vertex 4.883311 2.482759 0.000000
vertex 5.859974 2.482759 0.000000
vertex 6.018676 3.310345 0.000000
endloop
endfacet
facet normal 0.000000 0.000000 1.000000
outer loop
vertex 4.883311 2.482759 0.000000
vertex 6.018676 3.310345 0.000000
vertex 5.015564 3.310345 0.000000
endloop
endfacet
facet normal 0.000000 0.000000 1.000000
outer loop
vertex 5.859974 2.482759 0.000000
vertex 6.836636 2.482759 0.000000
vertex 7.021789 3.310345 0.000000
endloop
endfacet
facet normal 0.000000 0.000000 1.000000
outer loop
vertex 5.859974 2.482759 0.000000
vertex 7.021789 3.310345 0.000000
vertex 6.018676 3.310345 0.000000
endloop
endfacet
facet normal 0.000000 0.000000 1.000000
outer loop
vertex 6.836636 2.482759 0.000000
vertex 7.813298 2.482759 0.000000
vertex 8.024902 3.310345 0.000000
endloop
endfacet
facet normal 0.000000 0.000000 1.000000
outer loop
vertex 6.836636 2.482759 0.000000
vertex 8.024902 3.310345 0.000000
vertex 7.021789 3.310345 0.000000
endloop
endfacet
facet normal 0.000000 0.000000 1.000000
outer loop
vertex 7.813298 2.482759 0.000000
vertex 8.789960 2.482759 0.000000
vertex 9.028014 3.310345 0.000000
endloop
endfacet
facet normal 0.000000 0.000000 1.000000
outer loop
vertex 7.813298 2.482759 0.000000
vertex 9.028014 3.310345 0.000000
vertex 8.024902 3.310345 0.000000
endloop
endfacet
facet normal 0.000000 0.000000 1.000000
outer loop
vertex 8.789960 2.482759 0.000000
vertex 9.766623 2.482759 0.000000
vertex 10.031127 3.310345 0.000000
endloop
endfacet
facet normal 0.000000 0.000000 1.000000
outer loop
vertex 8.789960 2.482759 0.000000
vertex 10.031127 3.310345 0.000000
vertex 9.028014 3.310345 0.000000
endloop
endfacet
facet normal 0.000000 0.000000 1.000000
outer loop
vertex 9.766623 2.482759 0.000000
vertex 10.743285 2.482759 0.000000
vertex 11.034240 3.310345 0.000000
endloop
endfacet
facet normal 0.000000 0.000000 1.000000
outer loop
vertex 9.766623 2.482759 0.000000
vertex 11.034240 3.310345 0.000000
vertex 10.031127 3.310345 0.000000
endloop
endfacet
facet normal 0.000000 0.000000 1.000000
outer loop
vertex 10.743285 2.482759 0.000000
vertex 11.719947 2.482759 0.000000
vertex 12.037353 3.310345 0.000000
endloop
endfacet
facet normal 0.000000 0.000000 1.000000
outer loop
vertex 10.743285 2.482759 0.000000
vertex 12.037353 3.310345 0.000000
vertex 11.034240 3.310345 0.000000
endloop
endfacet
facet normal 0.000000 0.000000 1.000000
outer loop
vertex 11.719947 2.482759 0.000000
vertex 12.696609 2.482759 0.000000
vertex 13.040465 3.310345 0.000000
endloop
endfacet
facet normal 0.000000 0.000000 1.000000
outer loop
vertex 11.719947 2.482759 0.000000
vertex 13.040465 3.310345 0.000000
vertex 12.037353 3.310345 0.000000
endloop
endfacet
facet normal 0.000000 0.000000 1.000000
outer loop
vertex 12.696609 2.482759 0.000000
vertex 13.673272 2.482759 0.000000
vertex 14.043578 3.310345 0.000000
endloop
endfacet
facet normal 0.000000 0.000000 1.000000
outer loop
vertex 12.696609 2.482759 0.000000
vertex 14.043578 3.310345 0.000000
vertex 13.040465 3.310345 0.000000
endloop
endfacet
facet normal 0.000000 0.000000 1.000000
outer loop
vertex 13.673272 2.482759 0.000000
vertex 14.649934 2.482759 0.000000
vertex 15.046691 3.310345 0.000000
endloop
endfacet
facet normal 0.000000 0.000000 1.000000
outer loop
vertex 13.673272 2.482759 0.000000
vertex 15.046691 3.310345 0.000000
vertex 14.043578 3.310345 0.000000
endloop
endfacet
facet normal -0.000000 -0.021891 0.999760
outer loop
vertex 14.649934 2.482759 0.000000
vertex 15.626596 2.482759 0.000000
vertex 16.049640 3.310345 0.018121
endloop
endfacet
facet normal -0.018064 0.008660 0.999799
outer loop
vertex 14.649934 2.482759 0.000000
vertex 16.049640 3.310345 0.018121
vertex 15.046691 3.310345 0.000000
endloop
endfacet
facet normal -0.041255 -0.671001 0.740308
outer loop
vertex 15.626596 2.482759 0.000000
vertex 16.601746 2.482759 0.054342
vertex 16.667797 3.310345 0.808131
endloop
endfacet
facet normal -0.733959 0.362609 0.574299
outer loop
vertex 15.626596 2.482759 0.000000
vertex 16.667797 3.310345 0.808131
vertex 16.049640 3.310345 0.018121
endloop
endfacet
facet normal -0.334478 -0.828080 0.449898
outer loop
vertex 16.601746 2.482759 0.054342
vertex 17.385532 2.482759 0.637050
vertex 16.884243 3.310345 1.787614
endloop
endfacet
facet normal -0.969647 -0.117776 0.214272
outer loop
vertex 16.601746 2.482759 0.054342
vertex 16.884243 3.310345 1.787614
vertex 16.667797 3.310345 0.808131
endloop
endfacet
facet normal -0.683766 -0.706378 0.183011
outer loop
vertex 17.385532 2.482759 0.637050
vertex 17.638049 2.482759 1.580503
vertex 17.100688 3.310345 2.767097
endloop
endfacet
facet normal -0.728879 -0.665426 0.161067
outer loop
vertex 17.385532 2.482759 0.637050
vertex 17.100688 3.310345 2.767097
vertex 16.884243 3.310345 1.787614
endloop
endfacet
facet normal -0.665772 -0.724565 0.178195
outer loop
vertex 17.638049 2.482759 1.580503
vertex 17.890566 2.482759 2.523957
vertex 17.317134 3.310345 3.746579
endloop
endfacet
facet normal -0.710260 -0.686219 0.156953
outer loop
vertex 17.638049 2.482759 1.580503
vertex 17.317134 3.310345 3.746579
vertex 17.100688 3.310345 2.767097
endloop
endfacet
facet normal -0.707884 -0.677014 0.201375
outer loop
vertex 17.890566 2.482759 2.523957
vertex 18.157799 2.482759 3.463348
vertex 17.709501 3.310345 4.669771
endloop
endfacet
facet normal -0.584696 -0.772255 0.248502
outer loop
vertex 17.890566 2.482759 2.523957
vertex 17.709501 3.310345 4.669771
vertex 17.317134 3.310345 3.746579
endloop
endfacet
facet normal -0.684616 -0.681613 0.258273
outer loop
vertex 18.157799 2.482759 3.463348
vertex 18.502532 2.482759 4.377147
vertex 18.132164 3.310345 5.579492
endloop
endfacet
facet normal -0.608381 -0.741604 0.282658
outer loop
vertex 18.157799 2.482759 3.463348
vertex 18.132164 3.310345 5.579492
vertex 17.709501 3.310345 4.669771
endloop
endfacet
facet normal -0.926507 0.139337 0.349527
outer loop
vertex 18.502532 2.482759 4.377147
vertex 18.847264 2.482759 5.290946
vertex 19.127527 3.310345 5.703938
endloop
endfacet
facet normal -0.068907 -0.831560 0.551145
outer loop
vertex 18.502532 2.482759 4.377147
vertex 19.127527 3.310345 5.703938
vertex 18.132164 3.310345 5.579492
endloop
endfacet
facet normal -0.381273 0.059173 0.922567
outer loop
vertex 18.847264 2.482759 5.290946
vertex 19.749882 2.482759 5.663974
vertex 20.128629 3.310345 5.767419
endloop
endfacet
facet normal -0.057128 -0.430235 0.900907
outer loop
vertex 18.847264 2.482759 5.290946
vertex 20.128629 3.310345 5.767419
vertex 19.127527 3.310345 5.703938
endloop
endfacet
facet normal -0.070149 -0.051239 0.996220
outer loop
vertex 19.749882 2.482759 5.663974
vertex 20.724132 2.482759 5.732575
vertex 21.131082 3.310345 5.803796
endloop
endfacet
facet normal -0.036053 -0.107688 0.993531
outer loop
vertex 19.749882 2.482759 5.663974
vertex 21.131082 3.310345 5.803796
vertex 20.128629 3.310345 5.767419
endloop
endfacet
facet normal 0.002155 -0.084580 0.996414
outer loop
vertex 20.724132 2.482759 5.732575
vertex 21.700792 2.482759 5.730463
vertex 22.134187 3.310345 5.799776
endloop
endfacet
facet normal 0.003992 -0.087689 0.996140
outer loop
vertex 20.724132 2.482759 5.732575
vertex 22.134187 3.310345 5.799776
vertex 21.131082 3.310345 5.803796
endloop
endfacet
facet normal 0.036722 -0.133554 0.990361
outer loop
vertex 21.700792 2.482759 5.730463
vertex 22.676784 2.482759 5.694274
vertex 23.137239 3.310345 5.788804
endloop
endfacet
facet normal 0.010894 -0.089119 0.995961
outer loop
vertex 21.700792 2.482759 5.730463
vertex 23.137239 3.310345 5.788804
vertex 22.134187 3.310345 5.799776
endloop
endfacet
facet normal 0.555947 0.206540 0.805148
outer loop
vertex 22.676784 2.482759 5.694274
vertex 23.480471 2.482759 5.139336
vertex 23.553916 3.310345 4.876327
endloop
endfacet
facet normal 0.795847 -0.484308 0.363419
outer loop
vertex 22.676784 2.482759 5.694274
vertex 23.553916 3.310345 4.876327
vertex 23.137239 3.310345 5.788804
endloop
endfacet
facet normal 0.821434 0.248880 0.513132
outer loop
vertex 23.480471 2.482759 5.139336
vertex 23.997909 2.482759 4.311009
vertex 23.965477 3.310345 3.961530
endloop
endfacet
facet normal 0.910845 0.049395 0.409782
outer loop
vertex 23.480471 2.482759 5.139336
vertex 23.965477 3.310345 3.961530
vertex 23.553916 3.310345 4.876327
endloop
endfacet
facet normal 0.000000 -0.000000 1.000000
outer loop
vertex 0.000000 3.310345 0.000000
vertex 1.003113 3.310345 0.000000
vertex 0.990552 4.137931 0.000000
endloop
endfacet
facet normal -0.000000 0.000000 1.000000
outer loop
vertex 0.000000 3.310345 0.000000
vertex 0.990552 4.137931 0.000000
vertex 0.000000 4.137931 0.000000
endloop
endfacet
facet normal 0.000000 -0.014233 0.999899
outer loop
vertex 1.003113 3.310345 0.000000
vertex 2.006225 3.310345 0.000000
vertex 1.981033 4.137931 0.011780
endloop
endfacet
facet normal -0.011893 -0.000181 0.999929
outer loop
vertex 1.003113 3.310345 0.000000
vertex 1.981033 4.137931 0.011780
vertex 0.990552 4.137931 0.000000
endloop
endfacet
facet normal 0.000000 -0.015410 0.999881
outer loop
vertex 2.006225 3.310345 0.000000
vertex 3.009338 3.310345 0.000000
vertex 2.971585 4.137931 0.012755
endloop
endfacet
facet normal -0.000983 -0.014263 0.999898
outer loop
vertex 2.006225 3.310345 0.000000
vertex 2.971585 4.137931 0.012755
vertex 1.981033 4.137931 0.011780
endloop
endfacet
facet normal 0.000000 -0.098370 0.995150
outer loop
vertex 3.009338 3.310345 0.000000
vertex 4.012451 3.310345 0.000000
vertex 3.959727 4.137931 0.081806
endloop
endfacet
facet normal -0.069698 -0.018551 0.997396
outer loop
vertex 3.009338 3.310345 0.000000
vertex 3.959727 4.137931 0.081806
vertex 2.971585 4.137931 0.012755
endloop
endfacet
facet normal 0.000000 -0.197706 0.980261
outer loop
vertex 4.012451 3.310345 0.000000
vertex 5.015564 3.310345 0.000000
vertex 4.946616 4.137931 0.166913
endloop
endfacet
facet normal -0.085458 -0.103400 0.990962
outer loop
vertex 4.012451 3.310345 0.000000
vertex 4.946616 4.137931 0.166913
vertex 3.959727 4.137931 0.081806
endloop
endfacet
facet normal 0.000000 -0.087368 0.996176
outer loop
vertex 5.015564 3.310345 0.000000
vertex 6.018676 3.310345 0.000000
vertex 5.932666 4.137931 0.072582
endloop
endfacet
facet normal 0.093508 -0.189348 0.977448
outer loop
vertex 5.015564 3.310345 0.000000
vertex 5.932666 4.137931 0.072582
vertex 4.946616 4.137931 0.166913
endloop
endfacet
facet normal 0.000000 -0.001868 0.999998
outer loop
vertex 6.018676 3.310345 0.000000
vertex 7.021789 3.310345 0.000000
vertex 6.920667 4.137931 0.001546
endloop
endfacet
facet normal 0.071485 -0.079769 0.994247
outer loop
vertex 6.018676 3.310345 0.000000
vertex 6.920667 4.137931 0.001546
vertex 5.932666 4.137931 0.072582
endloop
endfacet
facet normal 0.000000 -0.000122 1.000000
outer loop
vertex 7.021789 3.310345 0.000000
vertex 8.024902 3.310345 0.000000
vertex 7.911218 4.137931 0.000101
endloop
endfacet
facet normal 0.001459 -0.001689 0.999998
outer loop
vertex 7.021789 3.310345 0.000000
vertex 7.911218 4.137931 0.000101
vertex 6.920667 4.137931 0.001546
endloop
endfacet
facet normal 0.000000 -0.000116 1.000000
outer loop
vertex 8.024902 3.310345 0.000000
vertex 9.028014 3.310345 0.000000
vertex 8.901769 4.137931 0.000096
endloop
endfacet
facet normal 0.000004 -0.000121 1.000000
outer loop
vertex 8.024902 3.310345 0.000000
vertex 8.901769 4.137931 0.000096
vertex 7.911218 4.137931 0.000101
endloop
endfacet
facet normal 0.000000 -0.000116 1.000000
outer loop
vertex 9.028014 3.310345 0.000000
vertex 10.031127 3.310345 0.000000
vertex 9.892321 4.137931 0.000096
endloop
endfacet
facet normal 0.000000 -0.000116 1.000000
outer loop
vertex 9.028014 3.310345 0.000000
vertex 9.892321 4.137931 0.000096
vertex 8.901769 4.137931 0.000096
endloop
endfacet
facet normal 0.000000 -0.000116 1.000000
outer loop
vertex 10.031127 3.310345 0.000000
vertex 11.034240 3.310345 0.000000
vertex 10.882873 4.137931 0.000096
endloop
endfacet
facet normal 0.000000 -0.000116 1.000000
outer loop
vertex 10.031127 3.310345 0.000000
vertex 10.882873 4.137931 0.000096
vertex 9.892321 4.137931 0.000096
endloop
endfacet
facet normal 0.000000 -0.000116 1.000000
outer loop
vertex 11.034240 3.310345 0.000000
vertex 12.037353 3.310345 0.000000
vertex 11.873425 4.137931 0.000096
endloop
endfacet
facet normal 0.000000 -0.000116 1.000000
outer loop
vertex 11.034240 3.310345 0.000000
vertex 11.873425 4.137931 0.000096
vertex 10.882873 4.137931 0.000096
endloop
endfacet
facet normal 0.000000 -0.000116 1.000000
outer loop
vertex 12.037353 3.310345 0.000000
vertex 13.040465 3.310345 0.000000
vertex 12.863977 4.137931 0.000096
endloop
endfacet
facet normal 0.000000 -0.000116 1.000000
outer loop
vertex 12.037353 3.310345 0.000000
vertex 12.863977 4.137931 0.000096
vertex 11.873425 4.137931 0.000096
endloop
endfacet
facet normal 0.000000 -0.000116 1.000000
outer loop
vertex 13.040465 3.310345 0.000000
vertex 14.043578 3.310345 0.000000
vertex 13.854528 4.137931 0.000096
endloop
endfacet
facet normal 0.000000 -0.000116 1.000000
outer loop
vertex 13.040465 3.310345 0.000000
vertex 13.854528 4.137931 0.000096
vertex 12.863977 4.137931 0.000096
endloop
endfacet
facet normal 0.000000 -0.000116 1.000000
outer loop
vertex 14.043578 3.310345 0.000000
vertex 15.046691 3.310345 0.000000
vertex 14.845080 4.137931 0.000096
endloop
endfacet
facet normal 0.000000 -0.000116 1.000000
outer loop
vertex 14.043578 3.310345 0.000000
vertex 14.845080 4.137931 0.000096
vertex 13.854528 4.137931 0.000096
endloop
endfacet
facet normal -0.017617 -0.221162 0.975078
outer loop
vertex 15.046691 3.310345 0.000000
vertex 16.049640 3.310345 0.018121
vertex 15.814922 4.137931 0.201589
endloop
endfacet
facet normal -0.203164 -0.049607 0.977887
outer loop
vertex 15.046691 3.310345 0.000000
vertex 15.814922 4.137931 0.201589
vertex 14.845080 4.137931 0.000096
endloop
endfacet
facet normal -0.753450 -0.291109 0.589550
outer loop
vertex 16.049640 3.310345 0.018121
vertex 16.667797 3.310345 0.808131
vertex 16.460976 4.137931 0.952460
endloop
endfacet
facet normal -0.713319 -0.338371 0.613744
outer loop
vertex 16.049640 3.310345 0.018121
vertex 16.460976 4.137931 0.952460
vertex 15.814922 4.137931 0.201589
endloop
endfacet
facet normal -0.925621 -0.318416 0.204543
outer loop
vertex 16.667797 3.310345 0.808131
vertex 16.884243 3.310345 1.787614
vertex 16.630655 4.137931 1.928370
endloop
endfacet
facet normal -0.949689 -0.266132 0.165120
outer loop
vertex 16.667797 3.310345 0.808131
vertex 16.630655 4.137931 1.928370
vertex 16.460976 4.137931 0.952460
endloop
endfacet
facet normal -0.909663 -0.363463 0.201017
outer loop
vertex 16.884243 3.310345 1.787614
vertex 17.100688 3.310345 2.767097
vertex 16.800335 4.137931 2.904281
endloop
endfacet
facet normal -0.935307 -0.314253 0.162620
outer loop
vertex 16.884243 3.310345 1.787614
vertex 16.800335 4.137931 2.904281
vertex 16.630655 4.137931 1.928370
endloop
endfacet
facet normal -0.892302 -0.406099 0.197181
outer loop
vertex 17.100688 3.310345 2.767097
vertex 17.317134 3.310345 3.746579
vertex 16.970014 4.137931 3.880192
endloop
endfacet
facet normal -0.919136 -0.360070 0.159808
outer loop
vertex 17.100688 3.310345 2.767097
vertex 16.970014 4.137931 3.880192
vertex 16.800335 4.137931 2.904281
endloop
endfacet
facet normal -0.746265 -0.585228 0.317171
outer loop
vertex 17.317134 3.310345 3.746579
vertex 17.709501 3.310345 4.669771
vertex 17.139693 4.137931 4.856103
endloop
endfacet
facet normal -0.901489 -0.403423 0.156740
outer loop
vertex 17.317134 3.310345 3.746579
vertex 17.139693 4.137931 4.856103
vertex 16.970014 4.137931 3.880192
endloop
endfacet
facet normal -0.857535 -0.325420 0.398417
outer loop
vertex 17.709501 3.310345 4.669771
vertex 18.132164 3.310345 5.579492
vertex 17.817584 4.137931 5.578361
endloop
endfacet
facet normal -0.609641 -0.548577 0.572190
outer loop
vertex 17.709501 3.310345 4.669771
vertex 17.817584 4.137931 5.578361
vertex 17.139693 4.137931 4.856103
endloop
endfacet
facet normal -0.124024 -0.023782 0.991994
outer loop
vertex 18.132164 3.310345 5.579492
vertex 19.127527 3.310345 5.703938
vertex 18.802577 4.137931 5.683151
endloop
endfacet
facet normal -0.105709 -0.038825 0.993639
outer loop
vertex 18.132164 3.310345 5.579492
vertex 18.802577 4.137931 5.683151
vertex 17.817584 4.137931 5.578361
endloop
endfacet
facet normal -0.063284 0.003125 0.997991
outer loop
vertex 19.127527 3.310345 5.703938
vertex 20.128629 3.310345 5.767419
vertex 19.791292 4.137931 5.743436
endloop
endfacet
facet normal -0.060860 0.001174 0.998146
outer loop
vertex 19.127527 3.310345 5.703938
vertex 19.791292 4.137931 5.743436
vertex 18.802577 4.137931 5.683151
endloop
endfacet
facet normal -0.036262 0.011470 0.999277
outer loop
vertex 20.128629 3.310345 5.767419
vertex 21.131082 3.310345 5.803796
vertex 20.781109 4.137931 5.781597
endloop
endfacet
facet normal -0.038521 0.013253 0.999170
outer loop
vertex 20.128629 3.310345 5.767419
vertex 20.781109 4.137931 5.781597
vertex 19.791292 4.137931 5.743436
endloop
endfacet
facet normal 0.004008 -0.007990 0.999960
outer loop
vertex 21.131082 3.310345 5.803796
vertex 22.134187 3.310345 5.799776
vertex 21.771313 4.137931 5.807843
endloop
endfacet
facet normal -0.026493 0.015608 0.999527
outer loop
vertex 21.131082 3.310345 5.803796
vertex 21.771313 4.137931 5.807843
vertex 20.781109 4.137931 5.781597
endloop
endfacet
facet normal 0.010929 -0.039582 0.999157
outer loop
vertex 22.134187 3.310345 5.799776
vertex 23.137239 3.310345 5.788804
vertex 22.761704 4.137931 5.825697
endloop
endfacet
facet normal -0.018022 -0.017647 0.999682
outer loop
vertex 22.134187 3.310345 5.799776
vertex 22.761704 4.137931 5.825697
vertex 21.771313 4.137931 5.807843
endloop
endfacet
facet normal 0.908519 -0.049770 0.414869
outer loop
vertex 23.137239 3.310345 5.788804
vertex 23.553916 3.310345 4.876327
vertex 23.478107 4.137931 5.141622
endloop
endfacet
facet normal 0.664827 0.270642 0.696245
outer loop
vertex 23.137239 3.310345 5.788804
vertex 23.478107 4.137931 5.141622
vertex 22.761704 4.137931 5.825697
endloop
endfacet
facet normal 0.902213 -0.145798 0.405899
outer loop
vertex 23.553916 3.310345 4.876327
vertex 23.965477 3.310345 3.961530
vertex 23.958121 4.137931 4.275147
endloop
endfacet
facet normal 0.872276 -0.075003 0.483228
outer loop
vertex 23.553916 3.310345 4.876327
vertex 23.958121 4.137931 4.275147
vertex 23.478107 4.137931 5.141622
endloop
endfacet
facet normal -0.000000 -0.293109 0.956079
outer loop
vertex 0.000000 4.137931 0.000000
vertex 0.990552 4.137931 0.000000
vertex 1.110958 4.965517 0.253716
endloop
endfacet
facet normal -0.222644 0.000000 0.974900
outer loop
vertex 0.000000 4.137931 0.000000
vertex 1.110958 4.965517 0.253716
vertex 0.000000 4.965517 0.000000
endloop
endfacet
facet normal -0.006882 -0.815548 0.578649
outer loop
vertex 0.990552 4.137931 0.000000
vertex 1.981033 4.137931 0.011780
vertex 1.780563 4.965517 1.175796
endloop
endfacet
facet normal -0.807581 -0.062296 0.586457
outer loop
vertex 0.990552 4.137931 0.000000
vertex 1.780563 4.965517 1.175796
vertex 1.110958 4.965517 0.253716
endloop
endfacet
facet normal -0.000337 -0.939449 0.342688
outer loop
vertex 1.981033 4.137931 0.011780
vertex 2.971585 4.137931 0.012755
vertex 2.059821 4.965517 2.280610
endloop
endfacet
facet normal -0.838828 -0.501411 0.212026
outer loop
vertex 1.981033 4.137931 0.011780
vertex 2.059821 4.965517 2.280610
vertex 1.780563 4.965517 1.175796
endloop
endfacet
facet normal -0.016448 -0.971767 0.235368
outer loop
vertex 2.971585 4.137931 0.012755
vertex 3.959727 4.137931 0.081806
vertex 2.339078 4.965517 3.385425
endloop
endfacet
facet normal -0.483162 -0.866972 0.122126
outer loop
vertex 2.971585 4.137931 0.012755
vertex 2.339078 4.965517 3.385425
vertex 2.059821 4.965517 2.280610
endloop
endfacet
facet normal -0.016742 -0.980832 0.194134
outer loop
vertex 3.959727 4.137931 0.081806
vertex 4.946616 4.137931 0.166913
vertex 3.143431 4.965517 4.192653
endloop
endfacet
facet normal -0.163894 -0.972866 0.163310
outer loop
vertex 3.959727 4.137931 0.081806
vertex 3.143431 4.965517 4.192653
vertex 2.339078 4.965517 3.385425
endloop
endfacet
facet normal 0.017503 -0.982964 0.182964
outer loop
vertex 4.946616 4.137931 0.166913
vertex 5.932666 4.137931 0.072582
vertex 4.170005 4.965517 4.687371
endloop
endfacet
facet normal -0.080082 -0.982839 0.166176
outer loop
vertex 4.946616 4.137931 0.166913
vertex 4.170005 4.965517 4.687371
vertex 3.143431 4.965517 4.192653
endloop
endfacet
facet normal 0.011901 -0.986135 0.165519
outer loop
vertex 5.932666 4.137931 0.072582
vertex 6.920667 4.137931 0.001546
vertex 5.249548 4.965517 5.052321
endloop
endfacet
facet normal -0.052953 -0.986235 0.156639
outer loop
vertex 5.932666 4.137931 0.072582
vertex 5.249548 4.965517 5.052321
vertex 4.170005 4.965517 4.687371
endloop
endfacet
facet normal 0.000268 -0.982998 0.183616
outer loop
vertex 6.920667 4.137931 0.001546
vertex 7.911218 4.137931 0.000101
vertex 6.206195 4.965517 4.433107
endloop
endfacet
facet normal 0.130982 -0.970513 0.202359
outer loop
vertex 6.920667 4.137931 0.001546
vertex 6.206195 4.965517 4.433107
vertex 5.249548 4.965517 5.052321
endloop
endfacet
facet normal 0.000001 -0.973768 0.227541
outer loop
vertex 7.911218 4.137931 0.000101
vertex 8.901769 4.137931 0.000096
vertex 6.916223 4.965517 3.541781
endloop
endfacet
facet normal 0.392098 -0.865274 0.312345
outer loop
vertex 7.911218 4.137931 0.000101
vertex 6.916223 4.965517 3.541781
vertex 6.206195 4.965517 4.433107
endloop
endfacet
facet normal 0.000000 -0.951690 0.307061
outer loop
vertex 8.901769 4.137931 0.000096
vertex 9.892321 4.137931 0.000096
vertex 7.503295 4.965517 2.565079
endloop
endfacet
facet normal 0.847803 -0.146776 0.509594
outer loop
vertex 8.901769 4.137931 0.000096
vertex 7.503295 4.965517 2.565079
vertex 6.916223 4.965517 3.541781
endloop
endfacet
facet normal 0.000000 -0.886165 0.463370
outer loop
vertex 9.892321 4.137931 0.000096
vertex 10.882873 4.137931 0.000096
vertex 8.080989 4.965517 1.582801
endloop
endfacet
facet normal 0.635271 0.675902 0.373613
outer loop
vertex 9.892321 4.137931 0.000096
vertex 8.080989 4.965517 1.582801
vertex 7.503295 4.965517 2.565079
endloop
endfacet
facet normal 0.000000 -0.645392 0.763851
outer loop
vertex 10.882873 4.137931 0.000096
vertex 11.873425 4.137931 0.000096
vertex 8.800778 4.965517 0.699339
endloop
endfacet
facet normal 0.447058 0.816990 0.364235
outer loop
vertex 10.882873 4.137931 0.000096
vertex 8.800778 4.965517 0.699339
vertex 8.080989 4.965517 1.582801
endloop
endfacet
facet normal 0.000000 -0.286013 0.958226
outer loop
vertex 11.873425 4.137931 0.000096
vertex 12.863977 4.137931 0.000096
vertex 9.846768 4.965517 0.247116
endloop
endfacet
facet normal 0.325434 0.572272 0.752727
outer loop
vertex 11.873425 4.137931 0.000096
vertex 9.846768 4.965517 0.247116
vertex 8.800778 4.965517 0.699339
endloop
endfacet
facet normal 0.000000 -0.240378 0.970679
outer loop
vertex 12.863977 4.137931 0.000096
vertex 13.854528 4.137931 0.000096
vertex 10.985552 4.965517 0.205039
endloop
endfacet
facet normal 0.036439 -0.161512 0.986198
outer loop
vertex 12.863977 4.137931 0.000096
vertex 10.985552 4.965517 0.205039
vertex 9.846768 4.965517 0.247116
endloop
endfacet
facet normal 0.000000 -0.240352 0.970686
outer loop
vertex 13.854528 4.137931 0.000096
vertex 14.845080 4.137931 0.000096
vertex 12.125114 4.965517 0.205016
endloop
endfacet
facet normal 0.000020 -0.240314 0.970695
outer loop
vertex 13.854528 4.137931 0.000096
vertex 12.125114 4.965517 0.205016
vertex 10.985552 4.965517 0.205039
endloop
endfacet
facet normal -0.171698 -0.536218 0.826432
outer loop
vertex 14.845080 4.137931 0.000096
vertex 15.814922 4.137931 0.201589
vertex 13.264669 4.965517 0.208720
endloop
endfacet
facet normal -0.003147 -0.250085 0.968219
outer loop
vertex 14.845080 4.137931 0.000096
vertex 13.264669 4.965517 0.208720
vertex 12.125114 4.965517 0.205016
endloop
endfacet
facet normal -0.420395 -0.832126 0.361711
outer loop
vertex 15.814922 4.137931 0.201589
vertex 16.460976 4.137931 0.952460
vertex 14.380790 4.965517 0.438667
endloop
endfacet
facet normal -0.170709 -0.533191 0.828593
outer loop
vertex 15.814922 4.137931 0.201589
vertex 14.380790 4.965517 0.438667
vertex 13.264669 4.965517 0.208720
endloop
endfacet
facet normal -0.598982 -0.793961 0.104144
outer loop
vertex 16.460976 4.137931 0.952460
vertex 16.630655 4.137931 1.928370
vertex 15.372320 4.965517 1.000332
endloop
endfacet
facet normal -0.404030 -0.572743 0.713250
outer loop
vertex 16.460976 4.137931 0.952460
vertex 15.372320 4.965517 1.000332
vertex 14.380790 4.965517 0.438667
endloop
endfacet
facet normal -0.820494 -0.553569 0.142657
outer loop
vertex 16.630655 4.137931 1.928370
vertex 16.800335 4.137931 2.904281
vertex 16.067888 4.965517 1.902987
endloop
endfacet
facet normal -0.702794 -0.461297 0.541558
outer loop
vertex 16.630655 4.137931 1.928370
vertex 16.067888 4.965517 1.902987
vertex 15.372320 4.965517 1.000332
endloop
endfacet
facet normal -0.950062 -0.264758 0.165185
outer loop
vertex 16.800335 4.137931 2.904281
vertex 16.970014 4.137931 3.880192
vertex 16.573203 4.965517 2.924387
endloop
endfacet
facet normal -0.868148 -0.248699 0.429497
outer loop
vertex 16.800335 4.137931 2.904281
vertex 16.573203 4.965517 2.924387
vertex 16.067888 4.965517 1.902987
endloop
endfacet
facet normal -0.977455 -0.125298 0.169948
outer loop
vertex 16.970014 4.137931 3.880192
vertex 17.139693 4.137931 4.856103
vertex 16.888159 4.965517 4.019560
endloop
endfacet
facet normal -0.951555 -0.140201 0.273654
outer loop
vertex 16.970014 4.137931 3.880192
vertex 16.888159 4.965517 4.019560
vertex 16.573203 4.965517 2.924387
endloop
endfacet
facet normal -0.720215 -0.156056 0.675972
outer loop
vertex 17.139693 4.137931 4.856103
vertex 17.817584 4.137931 5.578361
vertex 17.203115 4.965517 5.114733
endloop
endfacet
facet normal -0.960970 -0.012723 0.276361
outer loop
vertex 17.139693 4.137931 4.856103
vertex 17.203115 4.965517 5.114733
vertex 16.888159 4.965517 4.019560
endloop
endfacet
facet normal -0.104927 -0.127396 0.986286
outer loop
vertex 17.817584 4.137931 5.578361
vertex 18.802577 4.137931 5.683151
vertex 18.167111 4.965517 5.722443
endloop
endfacet
facet normal -0.531672 0.077718 0.843377
outer loop
vertex 17.817584 4.137931 5.578361
vertex 18.167111 4.965517 5.722443
vertex 17.203115 4.965517 5.114733
endloop
endfacet
facet normal -0.060620 -0.088825 0.994201
outer loop
vertex 18.802577 4.137931 5.683151
vertex 19.791292 4.137931 5.743436
vertex 19.304802 4.965517 5.787712
endloop
endfacet
facet normal -0.057038 -0.091000 0.994216
outer loop
vertex 18.802577 4.137931 5.683151
vertex 19.304802 4.965517 5.787712
vertex 18.167111 4.965517 5.722443
endloop
endfacet
facet normal -0.038369 -0.089883 0.995213
outer loop
vertex 19.791292 4.137931 5.743436
vertex 20.781109 4.137931 5.781597
vertex 20.443006 4.965517 5.843306
endloop
endfacet
facet normal -0.048622 -0.081839 0.995459
outer loop
vertex 19.791292 4.137931 5.743436
vertex 20.443006 4.965517 5.843306
vertex 19.304802 4.965517 5.787712
endloop
endfacet
facet normal -0.026335 -0.109950 0.993588
outer loop
vertex 20.781109 4.137931 5.781597
vertex 21.771313 4.137931 5.807843
vertex 21.581422 4.965517 5.894390
endloop
endfacet
facet normal -0.044636 -0.092407 0.994720
outer loop
vertex 20.781109 4.137931 5.781597
vertex 21.581422 4.965517 5.894390
vertex 20.443006 4.965517 5.843306
endloop
endfacet
facet normal -0.017893 -0.120693 0.992529
outer loop
vertex 21.771313 4.137931 5.807843
vertex 22.761704 4.137931 5.825697
vertex 22.720557 4.965517 5.925592
endloop
endfacet
facet normal -0.027214 -0.110147 0.993543
outer loop
vertex 21.771313 4.137931 5.807843
vertex 22.720557 4.965517 5.925592
vertex 21.581422 4.965517 5.894390
endloop
endfacet
facet normal 0.687458 -0.095281 0.719946
outer loop
vertex 22.761704 4.137931 5.825697
vertex 23.478107 4.137931 5.141622
vertex 23.568767 4.965517 5.164579
endloop
endfacet
facet normal 0.666743 -0.056551 0.743139
outer loop
vertex 22.761704 4.137931 5.825697
vertex 23.568767 4.965517 5.164579
vertex 22.720557 4.965517 5.925592
endloop
endfacet
facet normal 0.874429 -0.026650 0.484420
outer loop
vertex 23.478107 4.137931 5.141622
vertex 23.958121 4.137931 4.275147
vertex 24.060193 4.965517 4.136425
endloop
endfacet
facet normal 0.896749 -0.110127 0.428618
outer loop
vertex 23.478107 4.137931 5.141622
vertex 24.060193 4.965517 4.136425
vertex 23.568767 4.965517 5.164579
endloop
endfacet
facet normal -0.167123 -0.660721 0.731791
outer loop
vertex 0.000000 4.965517 0.000000
vertex 1.110958 4.965517 0.253716
vertex 0.588032 5.793103 0.881506
endloop
endfacet
facet normal -0.831783 -0.000254 0.555101
outer loop
vertex 0.000000 4.965517 0.000000
vertex 0.588032 5.793103 0.881506
vertex 0.000000 5.793103 0.000379
endloop
endfacet
facet normal -0.492429 -0.793497 0.357597
outer loop
vertex 1.110958 4.965517 0.253716
vertex 1.780563 4.965517 1.175796
vertex 0.954938 5.793103 1.875259
endloop
endfacet
facet normal -0.712839 -0.650071 0.263189
outer loop
vertex 1.110958 4.965517 0.253716
vertex 0.954938 5.793103 1.875259
vertex 0.588032 5.793103 0.881506
endloop
endfacet
facet normal -0.611548 -0.775960 0.154577
outer loop
vertex 1.780563 4.965517 1.175796
vertex 2.059821 4.965517 2.280610
vertex 1.169493 5.793103 2.912626
endloop
endfacet
facet normal -0.643172 -0.754079 0.133025
outer loop
vertex 1.780563 4.965517 1.175796
vertex 1.169493 5.793103 2.912626
vertex 0.954938 5.793103 1.875259
endloop
endfacet
facet normal -0.595143 -0.789414 0.150431
outer loop
vertex 2.059821 4.965517 2.280610
vertex 2.339078 4.965517 3.385425
vertex 1.384048 5.793103 3.949993
endloop
endfacet
facet normal -0.624397 -0.770358 0.129142
outer loop
vertex 2.059821 4.965517 2.280610
vertex 1.384048 5.793103 3.949993
vertex 1.169493 5.793103 2.912626
endloop
endfacet
facet normal -0.316780 -0.894435 0.315652
outer loop
vertex 2.339078 4.965517 3.385425
vertex 3.143431 4.965517 4.192653
vertex 1.598603 5.793103 4.987360
endloop
endfacet
facet normal -0.606335 -0.785258 0.125406
outer loop
vertex 2.339078 4.965517 3.385425
vertex 1.598603 5.793103 4.987360
vertex 1.384048 5.793103 3.949993
endloop
endfacet
facet normal -0.200795 -0.886607 0.416664
outer loop
vertex 3.143431 4.965517 4.192653
vertex 4.170005 4.965517 4.687371
vertex 2.449012 5.793103 5.619000
endloop
endfacet
facet normal -0.279560 -0.883278 0.376386
outer loop
vertex 3.143431 4.965517 4.192653
vertex 2.449012 5.793103 5.619000
vertex 1.598603 5.793103 4.987360
endloop
endfacet
facet normal -0.190104 -0.804757 0.562340
outer loop
vertex 4.170005 4.965517 4.687371
vertex 5.249548 4.965517 5.052321
vertex 3.507941 5.793103 5.647902
endloop
endfacet
facet normal -0.017621 -0.763445 0.645633
outer loop
vertex 4.170005 4.965517 4.687371
vertex 3.507941 5.793103 5.647902
vertex 2.449012 5.793103 5.619000
endloop
endfacet
facet normal 0.542279 -0.063597 0.837788
outer loop
vertex 5.249548 4.965517 5.052321
vertex 6.206195 4.965517 4.433107
vertex 4.563541 5.793103 5.559179
endloop
endfacet
facet normal 0.073669 -0.475745 0.876493
outer loop
vertex 5.249548 4.965517 5.052321
vertex 4.563541 5.793103 5.559179
vertex 3.507941 5.793103 5.647902
endloop
endfacet
facet normal 0.757850 -0.247401 0.603702
outer loop
vertex 6.206195 4.965517 4.433107
vertex 6.916223 4.965517 3.541781
vertex 5.621538 5.793103 5.506200
endloop
endfacet
facet normal 0.031095 -0.783217 0.620970
outer loop
vertex 6.206195 4.965517 4.433107
vertex 5.621538 5.793103 5.506200
vertex 4.563541 5.793103 5.559179
endloop
endfacet
facet normal 0.611135 -0.701125 0.367338
outer loop
vertex 6.916223 4.965517 3.541781
vertex 7.503295 4.965517 2.565079
vertex 6.680840 5.793103 5.512968
endloop
endfacet
facet normal -0.002472 -0.922137 0.386856
outer loop
vertex 6.916223 4.965517 3.541781
vertex 6.680840 5.793103 5.512968
vertex 5.621538 5.793103 5.506200
endloop
endfacet
facet normal 0.386038 -0.894108 0.227035
outer loop
vertex 7.503295 4.965517 2.565079
vertex 8.080989 4.965517 1.582801
vertex 7.736701 5.793103 5.427401
endloop
endfacet
facet normal 0.022367 -0.960897 0.276001
outer loop
vertex 7.503295 4.965517 2.565079
vertex 7.736701 5.793103 5.427401
vertex 6.680840 5.793103 5.512968
endloop
endfacet
facet normal 0.238982 -0.951303 0.194707
outer loop
vertex 8.080989 4.965517 1.582801
vertex 8.800778 4.965517 0.699339
vertex 8.662479 5.793103 4.912522
endloop
endfacet
facet normal 0.121962 -0.968006 0.219294
outer loop
vertex 8.080989 4.965517 1.582801
vertex 8.662479 5.793103 4.912522
vertex 7.736701 5.793103 5.427401
endloop
endfacet
facet normal 0.093066 -0.972112 0.215261
outer loop
vertex 8.800778 4.965517 0.699339
vertex 9.846768 4.965517 0.247116
vertex 9.417902 5.793103 4.169892
endloop
endfacet
facet normal 0.191918 -0.961798 0.195224
outer loop
vertex 8.800778 4.965517 0.699339
vertex 9.417902 5.793103 4.169892
vertex 8.662479 5.793103 4.912522
endloop
endfacet
facet normal 0.009275 -0.967936 0.251027
outer loop
vertex 9.846768 4.965517 0.247116
vertex 10.985552 4.965517 0.205039
vertex 10.172262 5.793103 3.426180
endloop
endfacet
facet normal 0.221240 -0.949049 0.224408
outer loop
vertex 9.846768 4.965517 0.247116
vertex 10.172262 5.793103 3.426180
vertex 9.417902 5.793103 4.169892
endloop
endfacet
facet normal 0.000006 -0.954235 0.299057
outer loop
vertex 10.985552 4.965517 0.205039
vertex 12.125114 4.965517 0.205016
vertex 11.058386 5.793103 2.845708
endloop
endfacet
facet normal 0.189247 -0.938469 0.288897
outer loop
vertex 10.985552 4.965517 0.205039
vertex 11.058386 5.793103 2.845708
vertex 10.172262 5.793103 3.426180
endloop
endfacet
facet normal -0.000966 -0.954851 0.297083
outer loop
vertex 12.125114 4.965517 0.205016
vertex 13.264669 4.965517 0.208720
vertex 12.117534 5.793103 2.864923
endloop
endfacet
facet normal -0.005389 -0.954841 0.297068
outer loop
vertex 12.125114 4.965517 0.205016
vertex 12.117534 5.793103 2.864923
vertex 11.058386 5.793103 2.845708
endloop
endfacet
facet normal -0.050437 -0.968258 0.244813
outer loop
vertex 13.264669 4.965517 0.208720
vertex 14.380790 4.965517 0.438667
vertex 13.013461 5.793103 3.430149
endloop
endfacet
facet normal -0.148382 -0.960555 0.235196
outer loop
vertex 13.264669 4.965517 0.208720
vertex 13.013461 5.793103 3.430149
vertex 12.117534 5.793103 2.864923
endloop
endfacet
facet normal -0.109640 -0.974944 0.193552
outer loop
vertex 14.380790 4.965517 0.438667
vertex 15.372320 4.965517 1.000332
vertex 13.710648 5.793103 4.227704
endloop
endfacet
facet normal -0.200322 -0.963953 0.175113
outer loop
vertex 14.380790 4.965517 0.438667
vertex 13.710648 5.793103 4.227704
vertex 13.013461 5.793103 3.430149
endloop
endfacet
facet normal -0.202546 -0.966755 0.156078
outer loop
vertex 15.372320 4.965517 1.000332
vertex 16.067888 4.965517 1.902987
vertex 14.474645 5.793103 4.961512
endloop
endfacet
facet normal -0.160324 -0.972849 0.166919
outer loop
vertex 15.372320 4.965517 1.000332
vertex 14.474645 5.793103 4.961512
vertex 13.710648 5.793103 4.227704
endloop
endfacet
facet normal -0.334218 -0.927879 0.165347
outer loop
vertex 16.067888 4.965517 1.902987
vertex 16.573203 4.965517 2.924387
vertex 15.466916 5.793103 5.332408
endloop
endfacet
facet normal -0.082285 -0.971991 0.220141
outer loop
vertex 16.067888 4.965517 1.902987
vertex 15.466916 5.793103 5.332408
vertex 14.474645 5.793103 4.961512
endloop
endfacet
facet normal -0.708568 -0.675579 0.203774
outer loop
vertex 16.573203 4.965517 2.924387
vertex 16.888159 4.965517 4.019560
vertex 16.516938 5.793103 5.472469
endloop
endfacet
facet normal -0.041060 -0.950557 0.307823
outer loop
vertex 16.573203 4.965517 2.924387
vertex 16.516938 5.793103 5.472469
vertex 15.466916 5.793103 5.332408
endloop
endfacet
facet normal -0.920822 0.286286 0.264815
outer loop
vertex 16.888159 4.965517 4.019560
vertex 17.203115 4.965517 5.114733
vertex 17.575421 5.793103 5.514641
endloop
endfacet
facet normal -0.019565 -0.870900 0.491071
outer loop
vertex 16.888159 4.965517 4.019560
vertex 17.575421 5.793103 5.514641
vertex 16.516938 5.793103 5.472469
endloop
endfacet
facet normal -0.483995 0.419895 0.767749
outer loop
vertex 17.203115 4.965517 5.114733
vertex 18.167111 4.965517 5.722443
vertex 18.633598 5.793103 5.563900
endloop
endfacet
facet normal -0.042216 -0.419240 0.906894
outer loop
vertex 17.203115 4.965517 5.114733
vertex 18.633598 5.793103 5.563900
vertex 17.575421 5.793103 5.514641
endloop
endfacet
facet normal -0.055859 0.221003 0.973672
outer loop
vertex 18.167111 4.965517 5.722443
vertex 19.304802 4.965517 5.787712
vertex 19.691324 5.793103 5.622042
endloop
endfacet
facet normal -0.053579 0.216931 0.974716
outer loop
vertex 18.167111 4.965517 5.722443
vertex 19.691324 5.793103 5.622042
vertex 18.633598 5.793103 5.563900
endloop
endfacet
facet normal -0.047558 0.222892 0.973682
outer loop
vertex 19.304802 4.965517 5.787712
vertex 20.443006 4.965517 5.843306
vertex 20.749613 5.793103 5.668833
endloop
endfacet
facet normal -0.043134 0.215438 0.975564
outer loop
vertex 19.304802 4.965517 5.787712
vertex 20.749613 5.793103 5.668833
vertex 19.691324 5.793103 5.622042
endloop
endfacet
facet normal -0.043585 0.233831 0.971300
outer loop
vertex 20.443006 4.965517 5.843306
vertex 21.581422 4.965517 5.894390
vertex 21.808307 5.793103 5.705337
endloop
endfacet
facet normal -0.033630 0.218084 0.975350
outer loop
vertex 20.443006 4.965517 5.843306
vertex 21.808307 5.793103 5.705337
vertex 20.749613 5.793103 5.668833
endloop
endfacet
facet normal -0.026338 0.273292 0.961570
outer loop
vertex 21.581422 4.965517 5.894390
vertex 22.720557 4.965517 5.925592
vertex 22.867573 5.793103 5.694407
endloop
endfacet
facet normal 0.010066 0.220066 0.975433
outer loop
vertex 21.581422 4.965517 5.894390
vertex 22.867573 5.793103 5.694407
vertex 21.808307 5.793103 5.705337
endloop
endfacet
facet normal 0.640327 0.283934 0.713697
outer loop
vertex 22.720557 4.965517 5.925592
vertex 23.568767 4.965517 5.164579
vertex 23.531391 5.793103 4.868870
endloop
endfacet
facet normal 0.778784 0.036588 0.626224
outer loop
vertex 22.720557 4.965517 5.925592
vertex 23.531391 5.793103 4.868870
vertex 22.867573 5.793103 5.694407
endloop
endfacet
facet normal 0.886559 0.185610 0.423748
outer loop
vertex 23.568767 4.965517 5.164579
vertex 24.060193 4.965517 4.136425
vertex 23.992648 5.793103 3.915242
endloop
endfacet
facet normal 0.883375 0.192569 0.427277
outer loop
vertex 23.568767 4.965517 5.164579
vertex 23.992648 5.793103 3.915242
vertex 23.531391 5.793103 4.868870
endloop
endfacet
facet normal -0.534242 -0.766465 0.356534
outer loop
vertex 0.000000 5.793103 0.000379
vertex 0.588032 5.793103 0.881506
vertex 0.190256 6.620690 2.064585
endloop
endfacet
facet normal -0.946161 -0.260782 0.191760
outer loop
vertex 0.000000 5.793103 0.000379
vertex 0.190256 6.620690 2.064585
vertex 0.000000 6.620690 1.125845
endloop
endfacet
facet normal -0.623783 -0.746895 0.230309
outer loop
vertex 0.588032 5.793103 0.881506
vertex 0.954938 5.793103 1.875259
vertex 0.380512 6.620690 3.003326
endloop
endfacet
facet normal -0.782168 -0.602564 0.158523
outer loop
vertex 0.588032 5.793103 0.881506
vertex 0.380512 6.620690 3.003326
vertex 0.190256 6.620690 2.064585
endloop
endfacet
facet normal -0.706293 -0.692684 0.146080
outer loop
vertex 0.954938 5.793103 1.875259
vertex 1.169493 5.793103 2.912626
vertex 0.570768 6.620690 3.942066
endloop
endfacet
facet normal -0.710191 -0.689138 0.143936
outer loop
vertex 0.954938 5.793103 1.875259
vertex 0.570768 6.620690 3.942066
vertex 0.380512 6.620690 3.003326
endloop
endfacet
facet normal -0.704666 -0.694409 0.145744
outer loop
vertex 1.169493 5.793103 2.912626
vertex 1.384048 5.793103 3.949993
vertex 0.761024 6.620690 4.880806
endloop
endfacet
facet normal -0.708383 -0.691073 0.143569
outer loop
vertex 1.169493 5.793103 2.912626
vertex 0.761024 6.620690 4.880806
vertex 0.570768 6.620690 3.942066
endloop
endfacet
facet normal -0.919449 -0.344167 0.190166
outer loop
vertex 1.384048 5.793103 3.949993
vertex 1.598603 5.793103 4.987360
vertex 1.412086 6.620690 5.583336
endloop
endfacet
facet normal -0.443617 -0.796359 0.411116
outer loop
vertex 1.384048 5.793103 3.949993
vertex 1.412086 6.620690 5.583336
vertex 0.761024 6.620690 4.880806
endloop
endfacet
facet normal -0.583160 -0.208522 0.785139
outer loop
vertex 1.598603 5.793103 4.987360
vertex 2.449012 5.793103 5.619000
vertex 2.352165 6.620690 5.766862
endloop
endfacet
facet normal -0.153287 -0.599989 0.785186
outer loop
vertex 1.598603 5.793103 4.987360
vertex 2.352165 6.620690 5.766862
vertex 1.412086 6.620690 5.583336
endloop
endfacet
facet normal -0.027027 -0.136587 0.990259
outer loop
vertex 2.449012 5.793103 5.619000
vertex 3.507941 5.793103 5.647902
vertex 3.309936 6.620690 5.756647
endloop
endfacet
facet normal 0.010501 -0.174681 0.984569
outer loop
vertex 2.449012 5.793103 5.619000
vertex 3.309936 6.620690 5.756647
vertex 2.352165 6.620690 5.766862
endloop
endfacet
facet normal 0.082974 -0.136150 0.987207
outer loop
vertex 3.507941 5.793103 5.647902
vertex 4.563541 5.793103 5.559179
vertex 4.265985 6.620690 5.698325
endloop
endfacet
facet normal 0.060481 -0.115804 0.991429
outer loop
vertex 3.507941 5.793103 5.647902
vertex 4.265985 6.620690 5.698325
vertex 3.309936 6.620690 5.756647
endloop
endfacet
facet normal 0.049533 -0.138027 0.989189
outer loop
vertex 4.563541 5.793103 5.559179
vertex 5.621538 5.793103 5.506200
vertex 5.222134 6.620690 5.641678
endloop
endfacet
facet normal 0.058516 -0.145027 0.987696
outer loop
vertex 4.563541 5.793103 5.559179
vertex 5.222134 6.620690 5.641678
vertex 4.265985 6.620690 5.698325
endloop
endfacet
facet normal -0.006332 -0.132435 0.991172
outer loop
vertex 5.621538 5.793103 5.506200
vertex 6.680840 5.793103 5.512968
vertex 6.179722 6.620690 5.620344
endloop
endfacet
facet normal 0.022017 -0.151155 0.988265
outer loop
vertex 5.621538 5.793103 5.506200
vertex 6.179722 6.620690 5.620344
vertex 5.222134 6.620690 5.641678
endloop
endfacet
facet normal 0.079611 -0.169137 0.982372
outer loop
vertex 6.680840 5.793103 5.512968
vertex 7.736701 5.793103 5.427401
vertex 7.137546 6.620690 5.618444
endloop
endfacet
facet normal 0.001968 -0.127495 0.991837
outer loop
vertex 6.680840 5.793103 5.512968
vertex 7.137546 6.620690 5.618444
vertex 6.179722 6.620690 5.620344
endloop
endfacet
facet normal 0.454635 -0.353655 0.817457
outer loop
vertex 7.736701 5.793103 5.427401
vertex 8.662479 5.793103 4.912522
vertex 8.094831 6.620690 5.586261
endloop
endfacet
facet normal 0.032906 -0.202128 0.978806
outer loop
vertex 7.736701 5.793103 5.427401
vertex 8.094831 6.620690 5.586261
vertex 7.137546 6.620690 5.618444
endloop
endfacet
facet normal 0.525458 -0.661962 0.534509
outer loop
vertex 8.662479 5.793103 4.912522
vertex 9.417902 5.793103 4.169892
vertex 9.052127 6.620690 5.554396
endloop
endfacet
facet normal 0.026094 -0.620300 0.783930
outer loop
vertex 8.662479 5.793103 4.912522
vertex 9.052127 6.620690 5.554396
vertex 8.094831 6.620690 5.586261
endloop
endfacet
facet normal 0.363077 -0.855890 0.368276
outer loop
vertex 9.417902 5.793103 4.169892
vertex 10.172262 5.793103 3.426180
vertex 10.008948 6.620690 5.510536
endloop
endfacet
facet normal 0.023724 -0.855330 0.517540
outer loop
vertex 9.417902 5.793103 4.169892
vertex 10.008948 6.620690 5.510536
vertex 9.052127 6.620690 5.554396
endloop
endfacet
facet normal 0.198690 -0.931947 0.303312
outer loop
vertex 10.172262 5.793103 3.426180
vertex 11.058386 5.793103 2.845708
vertex 10.964847 6.620690 5.449800
endloop
endfacet
facet normal 0.023542 -0.928529 0.370514
outer loop
vertex 10.172262 5.793103 3.426180
vertex 10.964847 6.620690 5.449800
vertex 10.008948 6.620690 5.510536
endloop
endfacet
facet normal -0.005542 -0.952190 0.305456
outer loop
vertex 11.058386 5.793103 2.845708
vertex 12.117534 5.793103 2.864923
vertex 11.922634 6.620690 5.441196
endloop
endfacet
facet normal 0.002722 -0.952999 0.302963
outer loop
vertex 11.058386 5.793103 2.845708
vertex 11.922634 6.620690 5.441196
vertex 10.964847 6.620690 5.449800
endloop
endfacet
facet normal -0.223796 -0.907788 0.354734
outer loop
vertex 12.117534 5.793103 2.864923
vertex 13.013461 5.793103 3.430149
vertex 12.880190 6.620690 5.463921
endloop
endfacet
facet normal -0.007246 -0.952217 0.305336
outer loop
vertex 12.117534 5.793103 2.864923
vertex 12.880190 6.620690 5.463921
vertex 11.922634 6.620690 5.441196
endloop
endfacet
facet normal -0.567060 -0.657819 0.495699
outer loop
vertex 13.013461 5.793103 3.430149
vertex 13.710648 5.793103 4.227704
vertex 13.837985 6.620690 5.471622
endloop
endfacet
facet normal -0.003029 -0.926314 0.376739
outer loop
vertex 13.013461 5.793103 3.430149
vertex 13.837985 6.620690 5.471622
vertex 12.880190 6.620690 5.463921
endloop
endfacet
facet normal -0.681286 -0.180896 0.709314
outer loop
vertex 13.710648 5.793103 4.227704
vertex 14.474645 5.793103 4.961512
vertex 14.795765 6.620690 5.481002
endloop
endfacet
facet normal -0.005428 -0.832304 0.554293
outer loop
vertex 13.710648 5.793103 4.227704
vertex 14.795765 6.620690 5.481002
vertex 13.837985 6.620690 5.471622
endloop
endfacet
facet normal -0.348874 -0.084489 0.933353
outer loop
vertex 14.474645 5.793103 4.961512
vertex 15.466916 5.793103 5.332408
vertex 15.753013 6.620690 5.514262
endloop
endfacet
facet normal -0.029594 -0.523158 0.851722
outer loop
vertex 14.474645 5.793103 4.961512
vertex 15.753013 6.620690 5.514262
vertex 14.795765 6.620690 5.481002
endloop
endfacet
facet normal -0.132026 -0.053793 0.989786
outer loop
vertex 15.466916 5.793103 5.332408
vertex 16.516938 5.793103 5.472469
vertex 16.710400 6.620690 5.543253
endloop
endfacet
facet normal -0.029626 -0.204744 0.978367
outer loop
vertex 15.466916 5.793103 5.332408
vertex 16.710400 6.620690 5.543253
vertex 15.753013 6.620690 5.514262
endloop
endfacet
facet normal -0.039748 -0.056104 0.997633
outer loop
vertex 16.516938 5.793103 5.472469
vertex 17.575421 5.793103 5.514641
vertex 17.667982 6.620690 5.564870
endloop
endfacet
facet normal -0.022497 -0.079975 0.996543
outer loop
vertex 16.516938 5.793103 5.472469
vertex 17.667982 6.620690 5.564870
vertex 16.710400 6.620690 5.543253
endloop
endfacet
facet normal -0.046450 -0.046289 0.997848
outer loop
vertex 17.575421 5.793103 5.514641
vertex 18.633598 5.793103 5.563900
vertex 18.625092 6.620690 5.601894
endloop
endfacet
facet normal -0.038593 -0.056235 0.997671
outer loop
vertex 17.575421 5.793103 5.514641
vertex 18.625092 6.620690 5.601894
vertex 17.667982 6.620690 5.564870
endloop
endfacet
facet normal -0.054837 -0.042459 0.997592
outer loop
vertex 18.633598 5.793103 5.563900
vertex 19.691324 5.793103 5.622042
vertex 19.581646 6.620690 5.651236
endloop
endfacet
facet normal -0.051459 -0.046329 0.997600
outer loop
vertex 18.633598 5.793103 5.563900
vertex 19.581646 6.620690 5.651236
vertex 18.625092 6.620690 5.601894
endloop
endfacet
facet normal -0.044144 -0.034858 0.998417
outer loop
vertex 19.691324 5.793103 5.622042
vertex 20.749613 5.793103 5.668833
vertex 20.538751 6.620690 5.688404
endloop
endfacet
facet normal -0.038773 -0.040359 0.998433
outer loop
vertex 19.691324 5.793103 5.622042
vertex 20.538751 6.620690 5.688404
vertex 19.581646 6.620690 5.651236
endloop
endfacet
facet normal -0.034451 -0.022194 0.999160
outer loop
vertex 20.749613 5.793103 5.668833
vertex 21.808307 5.793103 5.705337
vertex 21.496262 6.620690 5.712961
endloop
endfacet
facet normal -0.025626 -0.030159 0.999217
outer loop
vertex 20.749613 5.793103 5.668833
vertex 21.496262 6.620690 5.712961
vertex 20.538751 6.620690 5.688404
endloop
endfacet
facet normal 0.010318 0.008829 0.999908
outer loop
vertex 21.808307 5.793103 5.705337
vertex 22.867573 5.793103 5.694407
vertex 22.453844 6.620690 5.691368
endloop
endfacet
facet normal 0.022543 -0.000709 0.999746
outer loop
vertex 21.808307 5.793103 5.705337
vertex 22.453844 6.620690 5.691368
vertex 21.496262 6.620690 5.712961
endloop
endfacet
facet normal 0.752549 -0.259791 0.605127
outer loop
vertex 22.867573 5.793103 5.694407
vertex 23.531391 5.793103 4.868870
vertex 23.372825 6.620690 5.421361
endloop
endfacet
facet normal 0.279000 0.142965 0.949589
outer loop
vertex 22.867573 5.793103 5.694407
vertex 23.372825 6.620690 5.421361
vertex 22.453844 6.620690 5.691368
endloop
endfacet
facet normal 0.830669 -0.385432 0.401784
outer loop
vertex 23.531391 5.793103 4.868870
vertex 23.992648 5.793103 3.915242
vertex 23.998814 6.620690 4.696400
endloop
endfacet
facet normal 0.726681 -0.279665 0.627473
outer loop
vertex 23.531391 5.793103 4.868870
vertex 23.998814 6.620690 4.696400
vertex 23.372825 6.620690 5.421361
endloop
endfacet
facet normal -0.908139 -0.376043 0.184054
outer loop
vertex 0.000000 6.620690 1.125845
vertex 0.190256 6.620690 2.064585
vertex 0.506935 7.448276 5.317960
endloop
endfacet
facet normal -0.356583 -0.907440 0.222262
outer loop
vertex 0.000000 6.620690 1.125845
vertex 0.506935 7.448276 5.317960
vertex 0.000000 7.448276 4.504668
endloop
endfacet
facet normal -0.916998 0.352952 0.185850
outer loop
vertex 0.190256 6.620690 2.064585
vertex 0.380512 6.620690 3.003326
vertex 1.282310 7.448276 5.881184
endloop
endfacet
facet normal -0.188348 -0.947255 0.259294
outer loop
vertex 0.190256 6.620690 2.064585
vertex 1.282310 7.448276 5.881184
vertex 0.506935 7.448276 5.317960
endloop
endfacet
facet normal -0.539869 0.834608 0.109416
outer loop
vertex 0.380512 6.620690 3.003326
vertex 0.570768 6.620690 3.942066
vertex 2.240569 7.448276 5.868323
endloop
endfacet
facet normal 0.003695 -0.961352 0.275298
outer loop
vertex 0.380512 6.620690 3.003326
vertex 2.240569 7.448276 5.868323
vertex 1.282310 7.448276 5.881184
endloop
endfacet
facet normal -0.345599 0.935765 0.070043
outer loop
vertex 0.570768 6.620690 3.942066
vertex 0.761024 6.620690 4.880806
vertex 3.198785 7.448276 5.852520
endloop
endfacet
facet normal 0.006432 -0.920782 0.390024
outer loop
vertex 0.570768 6.620690 3.942066
vertex 3.198785 7.448276 5.852520
vertex 2.240569 7.448276 5.868323
endloop
endfacet
facet normal -0.298044 0.913717 0.276208
outer loop
vertex 0.761024 6.620690 4.880806
vertex 1.412086 6.620690 5.583336
vertex 4.156024 7.448276 5.806480
endloop
endfacet
facet normal 0.029090 -0.795834 0.604815
outer loop
vertex 0.761024 6.620690 4.880806
vertex 4.156024 7.448276 5.806480
vertex 3.198785 7.448276 5.852520
endloop
endfacet
facet normal -0.159539 0.553817 0.817211
outer loop
vertex 1.412086 6.620690 5.583336
vertex 2.352165 6.620690 5.766862
vertex 5.112388 7.448276 5.744876
endloop
endfacet
facet normal 0.057901 -0.434345 0.898884
outer loop
vertex 1.412086 6.620690 5.583336
vertex 5.112388 7.448276 5.744876
vertex 4.156024 7.448276 5.806480
endloop
endfacet
facet normal 0.010661 0.028438 0.999539
outer loop
vertex 2.352165 6.620690 5.766862
vertex 3.309936 6.620690 5.756647
vertex 6.069847 7.448276 5.703665
endloop
endfacet
facet normal 0.042711 -0.116090 0.992320
outer loop
vertex 2.352165 6.620690 5.766862
vertex 6.069847 7.448276 5.703665
vertex 5.112388 7.448276 5.744876
endloop
endfacet
facet normal 0.059687 -0.197809 0.978422
outer loop
vertex 3.309936 6.620690 5.756647
vertex 4.265985 6.620690 5.698325
vertex 7.028171 7.448276 5.697136
endloop
endfacet
facet normal 0.006808 0.041260 0.999125
outer loop
vertex 3.309936 6.620690 5.756647
vertex 7.028171 7.448276 5.697136
vertex 6.069847 7.448276 5.703665
endloop
endfacet
facet normal 0.057219 -0.252915 0.965795
outer loop
vertex 4.265985 6.620690 5.698325
vertex 5.222134 6.620690 5.641678
vertex 7.986514 7.448276 5.694624
endloop
endfacet
facet normal 0.002621 -0.007311 0.999970
outer loop
vertex 4.265985 6.620690 5.698325
vertex 7.986514 7.448276 5.694624
vertex 7.028171 7.448276 5.697136
endloop
endfacet
facet normal 0.022074 -0.133407 0.990815
outer loop
vertex 5.222134 6.620690 5.641678
vertex 6.179722 6.620690 5.620344
vertex 8.944548 7.448276 5.670176
endloop
endfacet
facet normal 0.025231 -0.147535 0.988735
outer loop
vertex 5.222134 6.620690 5.641678
vertex 8.944548 7.448276 5.670176
vertex 7.986514 7.448276 5.694624
endloop
endfacet
facet normal 0.001981 -0.051205 0.998686
outer loop
vertex 6.179722 6.620690 5.620344
vertex 7.137546 6.620690 5.618444
vertex 9.902779 7.448276 5.655390
endloop
endfacet
facet normal 0.015333 -0.111059 0.993695
outer loop
vertex 6.179722 6.620690 5.620344
vertex 9.902779 7.448276 5.655390
vertex 8.944548 7.448276 5.670176
endloop
endfacet
facet normal 0.033148 -0.163398 0.986003
outer loop
vertex 7.137546 6.620690 5.618444
vertex 8.094831 6.620690 5.586261
vertex 10.860800 7.448276 5.630419
endloop
endfacet
facet normal 0.025834 -0.130567 0.991103
outer loop
vertex 7.137546 6.620690 5.618444
vertex 10.860800 7.448276 5.630419
vertex 9.902779 7.448276 5.655390
endloop
endfacet
facet normal 0.032697 -0.184528 0.982283
outer loop
vertex 8.094831 6.620690 5.586261
vertex 9.052127 6.620690 5.554396
vertex 11.819062 7.448276 5.617761
endloop
endfacet
facet normal 0.013145 -0.097035 0.995194
outer loop
vertex 8.094831 6.620690 5.586261
vertex 11.819062 7.448276 5.617761
vertex 10.860800 7.448276 5.630419
endloop
endfacet
facet normal 0.044108 -0.268632 0.962233
outer loop
vertex 9.052127 6.620690 5.554396
vertex 10.008948 6.620690 5.510536
vertex 12.777403 7.448276 5.614674
endloop
endfacet
facet normal 0.003209 -0.087006 0.996203
outer loop
vertex 9.052127 6.620690 5.554396
vertex 12.777403 7.448276 5.614674
vertex 11.819062 7.448276 5.617761
endloop
endfacet
facet normal 0.058782 -0.375044 0.925142
outer loop
vertex 10.008948 6.620690 5.510536
vertex 10.964847 6.620690 5.449800
vertex 13.735734 7.448276 5.609239
endloop
endfacet
facet normal 0.005612 -0.143307 0.989662
outer loop
vertex 10.008948 6.620690 5.510536
vertex 13.735734 7.448276 5.609239
vertex 12.777403 7.448276 5.614674
endloop
endfacet
facet normal 0.008784 -0.209507 0.977768
outer loop
vertex 10.964847 6.620690 5.449800
vertex 11.922634 6.620690 5.441196
vertex 14.693952 7.448276 5.593628
endloop
endfacet
facet normal 0.015813 -0.239948 0.970657
outer loop
vertex 10.964847 6.620690 5.449800
vertex 14.693952 7.448276 5.593628
vertex 13.735734 7.448276 5.609239
endloop
endfacet
facet normal -0.023659 -0.074309 0.996955
outer loop
vertex 11.922634 6.620690 5.441196
vertex 12.880190 6.620690 5.463921
vertex 15.652296 7.448276 5.591392
endloop
endfacet
facet normal 0.002291 -0.188557 0.982060
outer loop
vertex 11.922634 6.620690 5.441196
vertex 15.652296 7.448276 5.591392
vertex 14.693952 7.448276 5.593628
endloop
endfacet
facet normal -0.007972 -0.130873 0.991367
outer loop
vertex 12.880190 6.620690 5.463921
vertex 13.837985 6.620690 5.471622
vertex 16.610569 7.448276 5.603168
endloop
endfacet
facet normal -0.012210 -0.112145 0.993617
outer loop
vertex 12.880190 6.620690 5.463921
vertex 16.610569 7.448276 5.603168
vertex 15.652296 7.448276 5.591392
endloop
endfacet
facet normal -0.009720 -0.121343 0.992563
outer loop
vertex 13.837985 6.620690 5.471622
vertex 14.795765 6.620690 5.481002
vertex 17.568895 7.448276 5.609334
endloop
endfacet
facet normal -0.006374 -0.136115 0.990673
outer loop
vertex 13.837985 6.620690 5.471622
vertex 17.568895 7.448276 5.609334
vertex 16.610569 7.448276 5.603168
endloop
endfacet
facet normal -0.034709 -0.030441 0.998934
outer loop
vertex 14.795765 6.620690 5.481002
vertex 15.753013 6.620690 5.514262
vertex 18.526874 7.448276 5.635861
endloop
endfacet
facet normal -0.027626 -0.062138 0.997685
outer loop
vertex 14.795765 6.620690 5.481002
vertex 18.526874 7.448276 5.635861
vertex 17.568895 7.448276 5.609334
endloop
endfacet
facet normal -0.030208 -0.062488 0.997588
outer loop
vertex 15.753013 6.620690 5.514262
vertex 16.710400 6.620690 5.543253
vertex 19.484245 7.448276 5.679086
endloop
endfacet
facet normal -0.045104 0.004395 0.998973
outer loop
vertex 15.753013 6.620690 5.514262
vertex 19.484245 7.448276 5.679086
vertex 18.526874 7.448276 5.635861
endloop
endfacet
facet normal -0.022469 -0.094104 0.995309
outer loop
vertex 16.710400 6.620690 5.543253
vertex 17.667982 6.620690 5.564870
vertex 20.442220 7.448276 5.705745
endloop
endfacet
facet normal -0.027747 -0.070657 0.997115
outer loop
vertex 16.710400 6.620690 5.543253
vertex 20.442220 7.448276 5.705745
vertex 19.484245 7.448276 5.679086
endloop
endfacet
facet normal -0.038653 -0.008690 0.999215
outer loop
vertex 17.667982 6.620690 5.564870
vertex 18.625092 6.620690 5.601894
vertex 21.400506 7.448276 5.716454
endloop
endfacet
facet normal -0.011078 -0.131598 0.991241
outer loop
vertex 17.667982 6.620690 5.564870
vertex 21.400506 7.448276 5.716454
vertex 20.442220 7.448276 5.705745
endloop
endfacet
facet normal -0.044723 0.496277 0.867012
outer loop
vertex 18.625092 6.620690 5.601894
vertex 19.581646 6.620690 5.651236
vertex 22.271296 7.448276 5.316266
endloop
endfacet
facet normal 0.228859 -0.836441 0.497986
outer loop
vertex 18.625092 6.620690 5.601894
vertex 22.271296 7.448276 5.316266
vertex 21.400506 7.448276 5.716454
endloop
endfacet
facet normal -0.036589 0.333062 0.942195
outer loop
vertex 19.581646 6.620690 5.651236
vertex 20.538751 6.620690 5.688404
vertex 23.211930 7.448276 5.499666
endloop
endfacet
facet normal -0.134025 0.713808 0.687398
outer loop
vertex 19.581646 6.620690 5.651236
vertex 23.211930 7.448276 5.499666
vertex 22.271296 7.448276 5.316266
endloop
endfacet
facet normal -0.014560 0.823090 0.567724
outer loop
vertex 20.538751 6.620690 5.688404
vertex 21.496262 6.620690 5.712961
vertex 23.411016 7.448276 4.562227
endloop
endfacet
facet normal 0.299234 -0.952061 0.063549
outer loop
vertex 20.538751 6.620690 5.688404
vertex 23.411016 7.448276 4.562227
vertex 23.211930 7.448276 5.499666
endloop
endfacet
facet normal 0.008475 0.926650 0.375829
outer loop
vertex 21.496262 6.620690 5.712961
vertex 22.453844 6.620690 5.691368
vertex 23.610102 7.448276 3.624788
endloop
endfacet
facet normal 0.441989 -0.892096 0.093866
outer loop
vertex 21.496262 6.620690 5.712961
vertex 23.610102 7.448276 3.624788
vertex 23.411016 7.448276 4.562227
endloop
endfacet
facet normal 0.088585 0.949341 0.301504
outer loop
vertex 22.453844 6.620690 5.691368
vertex 23.372825 6.620690 5.421361
vertex 23.809189 7.448276 2.687349
endloop
endfacet
facet normal 0.746084 -0.646725 0.158448
outer loop
vertex 22.453844 6.620690 5.691368
vertex 23.809189 7.448276 2.687349
vertex 23.610102 7.448276 3.624788
endloop
endfacet
facet normal 0.299791 0.918213 0.258863
outer loop
vertex 23.372825 6.620690 5.421361
vertex 23.998814 6.620690 4.696400
vertex 24.008275 7.448276 1.749910
endloop
endfacet
facet normal 0.964266 0.168092 0.204784
outer loop
vertex 23.372825 6.620690 5.421361
vertex 24.008275 7.448276 1.749910
vertex 23.809189 7.448276 2.687349
endloop
endfacet
facet normal -0.846382 -0.072920 0.527560
outer loop
vertex 0.000000 7.448276 4.504668
vertex 0.506935 7.448276 5.317960
vertex 0.614720 8.275862 5.605274
endloop
endfacet
facet normal -0.748695 -0.256705 0.611194
outer loop
vertex 0.000000 7.448276 4.504668
vertex 0.614720 8.275862 5.605274
vertex 0.000000 8.275862 4.852259
endloop
endfacet
facet normal -0.573957 0.215020 0.790151
outer loop
vertex 0.506935 7.448276 5.317960
vertex 1.282310 7.448276 5.881184
vertex 1.554507 8.275862 5.853697
endloop
endfacet
facet normal -0.244625 -0.289418 0.925417
outer loop
vertex 0.506935 7.448276 5.317960
vertex 1.554507 8.275862 5.853697
vertex 0.614720 8.275862 5.605274
endloop
endfacet
facet normal 0.013415 0.027402 0.999534
outer loop
vertex 1.282310 7.448276 5.881184
vertex 2.240569 7.448276 5.868323
vertex 2.526500 8.275862 5.841797
endloop
endfacet
facet normal 0.012237 0.029171 0.999500
outer loop
vertex 1.282310 7.448276 5.881184
vertex 2.526500 8.275862 5.841797
vertex 1.554507 8.275862 5.853697
endloop
endfacet
facet normal 0.016474 0.043473 0.998919
outer loop
vertex 2.240569 7.448276 5.868323
vertex 3.198785 7.448276 5.852520
vertex 3.498096 8.275862 5.811567
endloop
endfacet
facet normal 0.031092 0.021287 0.999290
outer loop
vertex 2.240569 7.448276 5.868323
vertex 3.498096 8.275862 5.811567
vertex 2.526500 8.275862 5.841797
endloop
endfacet
facet normal 0.048029 0.022895 0.998584
outer loop
vertex 3.198785 7.448276 5.852520
vertex 4.156024 7.448276 5.806480
vertex 4.469374 8.275862 5.772434
endloop
endfacet
facet normal 0.040233 0.034864 0.998582
outer loop
vertex 3.198785 7.448276 5.852520
vertex 4.469374 8.275862 5.772434
vertex 3.498096 8.275862 5.811567
endloop
endfacet
facet normal 0.064281 -0.004242 0.997923
outer loop
vertex 4.156024 7.448276 5.806480
vertex 5.112388 7.448276 5.744876
vertex 5.440390 8.275862 5.727265
endloop
endfacet
facet normal 0.046454 0.023494 0.998644
outer loop
vertex 4.156024 7.448276 5.806480
vertex 5.440390 8.275862 5.727265
vertex 4.469374 8.275862 5.772434
endloop
endfacet
facet normal 0.042999 0.011443 0.999010
outer loop
vertex 5.112388 7.448276 5.744876
vertex 6.069847 7.448276 5.703665
vertex 6.411282 8.275862 5.679490
endloop
endfacet
facet normal 0.049148 0.001774 0.998790
outer loop
vertex 5.112388 7.448276 5.744876
vertex 6.411282 8.275862 5.679490
vertex 5.440390 8.275862 5.727265
endloop
endfacet
facet normal 0.006810 0.033988 0.999399
outer loop
vertex 6.069847 7.448276 5.703665
vertex 7.028171 7.448276 5.697136
vertex 7.383262 8.275862 5.666571
endloop
endfacet
facet normal 0.013286 0.023719 0.999630
outer loop
vertex 6.069847 7.448276 5.703665
vertex 7.383262 8.275862 5.666571
vertex 6.411282 8.275862 5.679490
endloop
endfacet
facet normal 0.002621 0.017989 0.999835
outer loop
vertex 7.028171 7.448276 5.697136
vertex 7.986514 7.448276 5.694624
vertex 8.355252 8.275862 5.678767
endloop
endfacet
facet normal -0.012535 0.042275 0.999027
outer loop
vertex 7.028171 7.448276 5.697136
vertex 8.355252 8.275862 5.678767
vertex 7.383262 8.275862 5.666571
endloop
endfacet
facet normal 0.025510 -0.005707 0.999658
outer loop
vertex 7.986514 7.448276 5.694624
vertex 8.944548 7.448276 5.670176
vertex 9.327223 8.275862 5.665136
endloop
endfacet
facet normal 0.014022 0.012909 0.999818
outer loop
vertex 7.986514 7.448276 5.694624
vertex 9.327223 8.275862 5.665136
vertex 8.355252 8.275862 5.678767
endloop
endfacet
facet normal 0.015428 -0.000935 0.999881
outer loop
vertex 8.944548 7.448276 5.670176
vertex 9.902779 7.448276 5.655390
vertex 10.299172 8.275862 5.650048
endloop
endfacet
facet normal 0.015521 -0.001087 0.999879
outer loop
vertex 8.944548 7.448276 5.670176
vertex 10.299172 8.275862 5.650048
vertex 9.327223 8.275862 5.665136
endloop
endfacet
facet normal 0.026043 -0.033062 0.999114
outer loop
vertex 9.902779 7.448276 5.655390
vertex 10.860800 7.448276 5.630419
vertex 11.271233 8.275862 5.647106
endloop
endfacet
facet normal 0.003027 0.005005 0.999983
outer loop
vertex 9.902779 7.448276 5.655390
vertex 11.271233 8.275862 5.647106
vertex 10.299172 8.275862 5.650048
endloop
endfacet
facet normal 0.013200 -0.034380 0.999322
outer loop
vertex 10.860800 7.448276 5.630419
vertex 11.819062 7.448276 5.617761
vertex 12.243278 8.275862 5.640629
endloop
endfacet
facet normal 0.006661 -0.023462 0.999703
outer loop
vertex 10.860800 7.448276 5.630419
vertex 12.243278 8.275862 5.640629
vertex 11.271233 8.275862 5.647106
endloop
endfacet
facet normal 0.003221 -0.020690 0.999781
outer loop
vertex 11.819062 7.448276 5.617761
vertex 12.777403 7.448276 5.614674
vertex 13.215290 8.275862 5.630390
endloop
endfacet
facet normal 0.010528 -0.033012 0.999399
outer loop
vertex 11.819062 7.448276 5.617761
vertex 13.215290 8.275862 5.630390
vertex 12.243278 8.275862 5.640629
endloop
endfacet
facet normal 0.005671 0.002586 0.999981
outer loop
vertex 12.777403 7.448276 5.614674
vertex 13.735734 7.448276 5.609239
vertex 14.187013 8.275862 5.604539
endloop
endfacet
facet normal 0.026579 -0.033036 0.999101
outer loop
vertex 12.777403 7.448276 5.614674
vertex 14.187013 8.275862 5.604539
vertex 13.215290 8.275862 5.630390
endloop
endfacet
facet normal 0.016289 0.005751 0.999851
outer loop
vertex 13.735734 7.448276 5.609239
vertex 14.693952 7.448276 5.593628
vertex 15.158801 8.275862 5.581295
endloop
endfacet
facet normal 0.023911 -0.007362 0.999687
outer loop
vertex 13.735734 7.448276 5.609239
vertex 15.158801 8.275862 5.581295
vertex 14.187013 8.275862 5.604539
endloop
endfacet
facet normal 0.002333 0.009049 0.999956
outer loop
vertex 14.693952 7.448276 5.593628
vertex 15.652296 7.448276 5.591392
vertex 16.130866 8.275862 5.582787
endloop
endfacet
facet normal -0.001534 0.015762 0.999875
outer loop
vertex 14.693952 7.448276 5.593628
vertex 16.130866 8.275862 5.582787
vertex 15.158801 8.275862 5.581295
endloop
endfacet
facet normal -0.012281 0.033689 0.999357
outer loop
vertex 15.652296 7.448276 5.591392
vertex 16.610569 7.448276 5.603168
vertex 17.102931 8.275862 5.581321
endloop
endfacet
facet normal 0.001508 0.009525 0.999953
outer loop
vertex 15.652296 7.448276 5.591392
vertex 17.102931 8.275862 5.581321
vertex 16.130866 8.275862 5.582787
endloop
endfacet
facet normal -0.006432 0.027251 0.999608
outer loop
vertex 16.610569 7.448276 5.603168
vertex 17.568895 7.448276 5.609334
vertex 18.074958 8.275862 5.590029
endloop
endfacet
facet normal -0.008954 0.031712 0.999457
outer loop
vertex 16.610569 7.448276 5.603168
vertex 18.074958 8.275862 5.590029
vertex 17.102931 8.275862 5.581321
endloop
endfacet
facet normal -0.027657 0.040229 0.998808
outer loop
vertex 17.568895 7.448276 5.609334
vertex 18.526874 7.448276 5.635861
vertex 19.046652 8.275862 5.616921
endloop
endfacet
facet normal -0.027642 0.040203 0.998809
outer loop
vertex 17.568895 7.448276 5.609334
vertex 19.046652 8.275862 5.616921
vertex 18.074958 8.275862 5.590029
endloop
endfacet
facet normal -0.044912 0.092225 0.994725
outer loop
vertex 18.526874 7.448276 5.635861
vertex 19.484245 7.448276 5.679086
vertex 20.018672 8.275862 5.626487
endloop
endfacet
facet normal -0.009836 0.029053 0.999529
outer loop
vertex 18.526874 7.448276 5.635861
vertex 20.018672 8.275862 5.626487
vertex 19.046652 8.275862 5.616921
endloop
endfacet
facet normal -0.027403 0.171902 0.984733
outer loop
vertex 19.484245 7.448276 5.679086
vertex 20.442220 7.448276 5.705745
vertex 20.989452 8.275862 5.576503
endloop
endfacet
facet normal 0.051396 0.030255 0.998220
outer loop
vertex 19.484245 7.448276 5.679086
vertex 20.989452 8.275862 5.576503
vertex 20.018672 8.275862 5.626487
endloop
endfacet
facet normal -0.006891 0.787210 0.616647
outer loop
vertex 20.442220 7.448276 5.705745
vertex 21.400506 7.448276 5.716454
vertex 21.310409 8.275862 4.658953
endloop
endfacet
facet normal 0.819139 -0.496900 0.286533
outer loop
vertex 20.442220 7.448276 5.705745
vertex 21.310409 8.275862 4.658953
vertex 20.989452 8.275862 5.576503
endloop
endfacet
facet normal 0.175757 0.907111 0.382439
outer loop
vertex 21.400506 7.448276 5.716454
vertex 22.271296 7.448276 5.316266
vertex 21.503352 8.275862 3.706227
endloop
endfacet
facet normal 0.922070 0.338995 0.186735
outer loop
vertex 21.400506 7.448276 5.716454
vertex 21.503352 8.275862 3.706227
vertex 21.310409 8.275862 4.658953
endloop
endfacet
facet normal -0.062261 0.945597 0.319328
outer loop
vertex 22.271296 7.448276 5.316266
vertex 23.211930 7.448276 5.499666
vertex 21.696294 8.275862 2.753502
endloop
endfacet
facet normal 0.598846 0.791628 0.121276
outer loop
vertex 22.271296 7.448276 5.316266
vertex 21.696294 8.275862 2.753502
vertex 21.503352 8.275862 3.706227
endloop
endfacet
facet normal 0.364309 0.928059 0.077369
outer loop
vertex 23.211930 7.448276 5.499666
vertex 23.411016 7.448276 4.562227
vertex 21.889237 8.275862 1.800776
endloop
endfacet
facet normal 0.369913 0.926041 0.074914
outer loop
vertex 23.211930 7.448276 5.499666
vertex 21.889237 8.275862 1.800776
vertex 21.696294 8.275862 2.753502
endloop
endfacet
facet normal 0.577736 0.806949 0.122695
outer loop
vertex 23.411016 7.448276 4.562227
vertex 23.610102 7.448276 3.624788
vertex 22.858153 8.275862 1.722576
endloop
endfacet
facet normal 0.022254 0.960976 0.275734
outer loop
vertex 23.411016 7.448276 4.562227
vertex 22.858153 8.275862 1.722576
vertex 21.889237 8.275862 1.800776
endloop
endfacet
facet normal 0.781601 0.601287 0.165991
outer loop
vertex 23.610102 7.448276 3.624788
vertex 23.809189 7.448276 2.687349
vertex 23.527182 8.275862 1.017373
endloop
endfacet
facet normal 0.295614 0.913214 0.280450
outer loop
vertex 23.610102 7.448276 3.624788
vertex 23.527182 8.275862 1.017373
vertex 22.858153 8.275862 1.722576
endloop
endfacet
facet normal 0.898637 0.395006 0.190846
outer loop
vertex 23.809189 7.448276 2.687349
vertex 24.008275 7.448276 1.749910
vertex 23.982468 8.275862 0.158520
endloop
endfacet
facet normal 0.552967 0.779937 0.293133
outer loop
vertex 23.809189 7.448276 2.687349
vertex 23.982468 8.275862 0.158520
vertex 23.527182 8.275862 1.017373
endloop
endfacet
facet normal -0.523739 0.736816 0.427552
outer loop
vertex 0.000000 8.275862 4.852259
vertex 0.614720 8.275862 5.605274
vertex 0.312437 9.103448 3.808774
endloop
endfacet
facet normal -0.764440 0.596619 0.244291
outer loop
vertex 0.000000 8.275862 4.852259
vertex 0.312437 9.103448 3.808774
vertex 0.000000 9.103448 2.831092
endloop
endfacet
facet normal -0.184389 0.692413 0.697542
outer loop
vertex 0.614720 8.275862 5.605274
vertex 1.554507 8.275862 5.853697
vertex 0.624874 9.103448 4.786457
endloop
endfacet
facet normal -0.909089 0.298592 0.290517
outer loop
vertex 0.614720 8.275862 5.605274
vertex 0.624874 9.103448 4.786457
vertex 0.312437 9.103448 3.808774
endloop
endfacet
facet normal 0.011822 0.259546 0.965658
outer loop
vertex 1.554507 8.275862 5.853697
vertex 2.526500 8.275862 5.841797
vertex 1.201469 9.103448 5.635584
endloop
endfacet
facet normal -0.810463 -0.200688 0.550341
outer loop
vertex 1.554507 8.275862 5.853697
vertex 1.201469 9.103448 5.635584
vertex 0.624874 9.103448 4.786457
endloop
endfacet
facet normal 0.031038 -0.062565 0.997558
outer loop
vertex 2.526500 8.275862 5.841797
vertex 3.498096 8.275862 5.811567
vertex 2.192113 9.103448 5.904106
endloop
endfacet
facet normal -0.257553 -0.175603 0.950174
outer loop
vertex 2.526500 8.275862 5.841797
vertex 2.192113 9.103448 5.904106
vertex 1.201469 9.103448 5.635584
endloop
endfacet
facet normal 0.040124 -0.081358 0.995877
outer loop
vertex 3.498096 8.275862 5.811567
vertex 4.469374 8.275862 5.772434
vertex 3.218414 9.103448 5.890445
endloop
endfacet
facet normal 0.013256 -0.090432 0.995814
outer loop
vertex 3.498096 8.275862 5.811567
vertex 3.218414 9.103448 5.890445
vertex 2.192113 9.103448 5.904106
endloop
endfacet
facet normal 0.046300 -0.084655 0.995334
outer loop
vertex 4.469374 8.275862 5.772434
vertex 5.440390 8.275862 5.727265
vertex 4.244133 9.103448 5.853300
endloop
endfacet
facet normal 0.036051 -0.087462 0.995515
outer loop
vertex 4.469374 8.275862 5.772434
vertex 4.244133 9.103448 5.853300
vertex 3.218414 9.103448 5.890445
endloop
endfacet
facet normal 0.048966 -0.086082 0.995084
outer loop
vertex 5.440390 8.275862 5.727265
vertex 6.411282 8.275862 5.679490
vertex 5.269492 9.103448 5.807267
endloop
endfacet
facet normal 0.044679 -0.086979 0.995208
outer loop
vertex 5.440390 8.275862 5.727265
vertex 5.269492 9.103448 5.807267
vertex 4.244133 9.103448 5.853300
endloop
endfacet
facet normal 0.013231 -0.094340 0.995452
outer loop
vertex 6.411282 8.275862 5.679490
vertex 7.383262 8.275862 5.666571
vertex 6.294770 9.103448 5.759470
endloop
endfacet
facet normal 0.046381 -0.089620 0.994896
outer loop
vertex 6.411282 8.275862 5.679490
vertex 6.294770 9.103448 5.759470
vertex 5.269492 9.103448 5.807267
endloop
endfacet
facet normal -0.012511 -0.074678 0.997129
outer loop
vertex 7.383262 8.275862 5.666571
vertex 8.355252 8.275862 5.678767
vertex 7.320672 9.103448 5.727766
endloop
endfacet
facet normal 0.030810 -0.071390 0.996973
outer loop
vertex 7.383262 8.275862 5.666571
vertex 7.320672 9.103448 5.727766
vertex 6.294770 9.103448 5.759470
endloop
endfacet
facet normal 0.013993 -0.066008 0.997721
outer loop
vertex 8.355252 8.275862 5.678767
vertex 9.327223 8.275862 5.665136
vertex 8.347047 9.103448 5.733635
endloop
endfacet
facet normal -0.005705 -0.066208 0.997790
outer loop
vertex 8.355252 8.275862 5.678767
vertex 8.347047 9.103448 5.733635
vertex 7.320672 9.103448 5.727766
endloop
endfacet
facet normal 0.015460 -0.088877 0.995923
outer loop
vertex 9.327223 8.275862 5.665136
vertex 10.299172 8.275862 5.650048
vertex 9.373428 9.103448 5.738272
endloop
endfacet
facet normal -0.004501 -0.087780 0.996130
outer loop
vertex 9.327223 8.275862 5.665136
vertex 9.373428 9.103448 5.738272
vertex 8.347047 9.103448 5.733635
endloop
endfacet
facet normal 0.003013 -0.095929 0.995384
outer loop
vertex 10.299172 8.275862 5.650048
vertex 11.271233 8.275862 5.647106
vertex 10.399782 9.103448 5.729501
endloop
endfacet
facet normal 0.008506 -0.096587 0.995288
outer loop
vertex 10.299172 8.275862 5.650048
vertex 10.399782 9.103448 5.729501
vertex 9.373428 9.103448 5.738272
endloop
endfacet
facet normal 0.006627 -0.104265 0.994527
outer loop
vertex 11.271233 8.275862 5.647106
vertex 12.243278 8.275862 5.640629
vertex 11.426168 9.103448 5.732837
endloop
endfacet
facet normal -0.003233 -0.102441 0.994734
outer loop
vertex 11.271233 8.275862 5.647106
vertex 11.426168 9.103448 5.732837
vertex 10.399782 9.103448 5.729501
endloop
endfacet
facet normal 0.010472 -0.108062 0.994089
outer loop
vertex 12.243278 8.275862 5.640629
vertex 13.215290 8.275862 5.630390
vertex 12.452550 9.103448 5.728387
endloop
endfacet
facet normal 0.004311 -0.106526 0.994301
outer loop
vertex 12.243278 8.275862 5.640629
vertex 12.452550 9.103448 5.728387
vertex 11.426168 9.103448 5.732837
endloop
endfacet
facet normal 0.026464 -0.098285 0.994806
outer loop
vertex 13.215290 8.275862 5.630390
vertex 14.187013 8.275862 5.604539
vertex 13.478678 9.103448 5.705147
endloop
endfacet
facet normal 0.022536 -0.097055 0.995024
outer loop
vertex 13.215290 8.275862 5.630390
vertex 13.478678 9.103448 5.705147
vertex 12.452550 9.103448 5.728387
endloop
endfacet
facet normal 0.023815 -0.090115 0.995647
outer loop
vertex 14.187013 8.275862 5.604539
vertex 15.158801 8.275862 5.581295
vertex 14.504529 9.103448 5.671849
endloop
endfacet
facet normal 0.032300 -0.093327 0.995111
outer loop
vertex 14.187013 8.275862 5.604539
vertex 14.504529 9.103448 5.671849
vertex 13.478678 9.103448 5.705147
endloop
endfacet
facet normal -0.001531 -0.071657 0.997428
outer loop
vertex 15.158801 8.275862 5.581295
vertex 16.130866 8.275862 5.582787
vertex 15.530467 9.103448 5.641321
endloop
endfacet
facet normal 0.029634 -0.085542 0.995894
outer loop
vertex 15.158801 8.275862 5.581295
vertex 15.530467 9.103448 5.641321
vertex 14.504529 9.103448 5.671849
endloop
endfacet
facet normal 0.001505 -0.070224 0.997530
outer loop
vertex 16.130866 8.275862 5.582787
vertex 17.102931 8.275862 5.581321
vertex 16.556858 9.103448 5.640405
endloop
endfacet
facet normal 0.000890 -0.069909 0.997553
outer loop
vertex 16.130866 8.275862 5.582787
vertex 16.556858 9.103448 5.640405
vertex 15.530467 9.103448 5.641321
endloop
endfacet
facet normal -0.008944 -0.056828 0.998344
outer loop
vertex 17.102931 8.275862 5.581321
vertex 18.074958 8.275862 5.590029
vertex 17.583221 9.103448 5.632732
endloop
endfacet
facet normal 0.007459 -0.066312 0.997771
outer loop
vertex 17.102931 8.275862 5.581321
vertex 17.583221 9.103448 5.632732
vertex 16.556858 9.103448 5.640405
endloop
endfacet
facet normal -0.027649 -0.033966 0.999040
outer loop
vertex 18.074958 8.275862 5.590029
vertex 19.046652 8.275862 5.616921
vertex 18.609612 9.103448 5.632963
endloop
endfacet
facet normal -0.000225 -0.051664 0.998665
outer loop
vertex 18.074958 8.275862 5.590029
vertex 18.609612 9.103448 5.632963
vertex 17.583221 9.103448 5.632732
endloop
endfacet
facet normal -0.009840 -0.008246 0.999918
outer loop
vertex 19.046652 8.275862 5.616921
vertex 20.018672 8.275862 5.626487
vertex 19.635998 9.103448 5.629546
endloop
endfacet
facet normal 0.003329 -0.017623 0.999839
outer loop
vertex 19.046652 8.275862 5.616921
vertex 19.635998 9.103448 5.629546
vertex 18.609612 9.103448 5.632963
endloop
endfacet
facet normal 0.050076 0.227093 0.972585
outer loop
vertex 20.018672 8.275862 5.626487
vertex 20.989452 8.275862 5.576503
vertex 20.636719 9.103448 5.401428
endloop
endfacet
facet normal 0.221167 0.098681 0.970231
outer loop
vertex 20.018672 8.275862 5.626487
vertex 20.636719 9.103448 5.401428
vertex 19.635998 9.103448 5.629546
endloop
endfacet
facet normal 0.871113 0.385113 0.304713
outer loop
vertex 20.989452 8.275862 5.576503
vertex 21.310409 8.275862 4.658953
vertex 21.018140 9.103448 4.448539
endloop
endfacet
facet normal 0.838815 0.428549 0.335760
outer loop
vertex 20.989452 8.275862 5.576503
vertex 21.018140 9.103448 4.448539
vertex 20.636719 9.103448 5.401428
endloop
endfacet
facet normal 0.964567 0.177348 0.195341
outer loop
vertex 21.310409 8.275862 4.658953
vertex 21.503352 8.275862 3.706227
vertex 21.394261 9.103448 3.493546
endloop
endfacet
facet normal 0.857307 0.388611 0.337647
outer loop
vertex 21.310409 8.275862 4.658953
vertex 21.394261 9.103448 3.493546
vertex 21.018140 9.103448 4.448539
endloop
endfacet
facet normal 0.970734 0.137942 0.196590
outer loop
vertex 21.503352 8.275862 3.706227
vertex 21.696294 8.275862 2.753502
vertex 21.631076 9.103448 2.494847
endloop
endfacet
facet normal 0.956343 0.184342 0.226772
outer loop
vertex 21.503352 8.275862 3.706227
vertex 21.631076 9.103448 2.494847
vertex 21.394261 9.103448 3.493546
endloop
endfacet
facet normal 0.975398 0.097870 0.197535
outer loop
vertex 21.696294 8.275862 2.753502
vertex 21.889237 8.275862 1.800776
vertex 21.867891 9.103448 1.496149
endloop
endfacet
facet normal 0.962424 0.147171 0.228214
outer loop
vertex 21.696294 8.275862 2.753502
vertex 21.867891 9.103448 1.496149
vertex 21.631076 9.103448 2.494847
endloop
endfacet
facet normal 0.043636 0.840106 0.540665
outer loop
vertex 21.889237 8.275862 1.800776
vertex 22.858153 8.275862 1.722576
vertex 22.104706 9.103448 0.497451
endloop
endfacet
facet normal 0.967182 0.109366 0.229342
outer loop
vertex 21.889237 8.275862 1.800776
vertex 22.104706 9.103448 0.497451
vertex 21.867891 9.103448 1.496149
endloop
endfacet
facet normal 0.434706 0.800594 0.412407
outer loop
vertex 22.858153 8.275862 1.722576
vertex 23.527182 8.275862 1.017373
vertex 22.989616 9.103448 -0.022563
endloop
endfacet
facet normal 0.252719 0.866711 0.430052
outer loop
vertex 22.858153 8.275862 1.722576
vertex 22.989616 9.103448 -0.022563
vertex 22.104706 9.103448 0.497451
endloop
endfacet
facet normal 0.881525 0.067389 0.467304
outer loop
vertex 23.527182 8.275862 1.017373
vertex 23.982468 8.275862 0.158520
vertex 24.016006 9.103448 -0.024090
endloop
endfacet
facet normal 0.000926 0.782700 0.622398
outer loop
vertex 23.527182 8.275862 1.017373
vertex 24.016006 9.103448 -0.024090
vertex 22.989616 9.103448 -0.022563
endloop
endfacet
facet normal -0.701279 0.676745 0.224107
outer loop
vertex 0.000000 9.103448 2.831092
vertex 0.312437 9.103448 3.808774
vertex 0.239660 9.931034 1.081942
endloop
endfacet
facet normal -0.784881 0.594756 0.173860
outer loop
vertex 0.000000 9.103448 2.831092
vertex 0.239660 9.931034 1.081942
vertex 0.000000 9.931034 0.000009
endloop
endfacet
facet normal -0.744861 0.623316 0.238034
outer loop
vertex 0.312437 9.103448 3.808774
vertex 0.624874 9.103448 4.786457
vertex 0.479320 9.931034 2.163875
endloop
endfacet
facet normal -0.827285 0.531054 0.183253
outer loop
vertex 0.312437 9.103448 3.808774
vertex 0.479320 9.931034 2.163875
vertex 0.239660 9.931034 1.081942
endloop
endfacet
facet normal -0.545583 0.751723 0.370475
outer loop
vertex 0.624874 9.103448 4.786457
vertex 1.201469 9.103448 5.635584
vertex 0.718981 9.931034 3.245808
endloop
endfacet
facet normal -0.868473 0.456888 0.192376
outer loop
vertex 0.624874 9.103448 4.786457
vertex 0.718981 9.931034 3.245808
vertex 0.479320 9.931034 2.163875
endloop
endfacet
facet normal -0.144858 0.832716 0.534416
outer loop
vertex 1.201469 9.103448 5.635584
vertex 2.192113 9.103448 5.904106
vertex 1.047208 9.931034 4.304242
endloop
endfacet
facet normal -0.915237 0.285984 0.283821
outer loop
vertex 1.201469 9.103448 5.635584
vertex 1.047208 9.931034 4.304242
vertex 0.718981 9.931034 3.245808
endloop
endfacet
facet normal 0.010949 0.568581 0.822555
outer loop
vertex 2.192113 9.103448 5.904106
vertex 3.218414 9.103448 5.890445
vertex 1.435575 9.931034 5.342118
endloop
endfacet
facet normal -0.796646 -0.525824 0.298100
outer loop
vertex 2.192113 9.103448 5.904106
vertex 1.435575 9.931034 5.342118
vertex 1.047208 9.931034 4.304242
endloop
endfacet
facet normal 0.036069 -0.081624 0.996010
outer loop
vertex 3.218414 9.103448 5.890445
vertex 4.244133 9.103448 5.853300
vertex 2.334409 9.931034 5.990279
endloop
endfacet
facet normal -0.474076 -0.585702 0.657423
outer loop
vertex 3.218414 9.103448 5.890445
vertex 2.334409 9.931034 5.990279
vertex 1.435575 9.931034 5.342118
endloop
endfacet
facet normal 0.044635 -0.097541 0.994230
outer loop
vertex 4.244133 9.103448 5.853300
vertex 5.269492 9.103448 5.807267
vertex 3.442391 9.931034 5.970485
endloop
endfacet
facet normal 0.017726 -0.123323 0.992208
outer loop
vertex 4.244133 9.103448 5.853300
vertex 3.442391 9.931034 5.970485
vertex 2.334409 9.931034 5.990279
endloop
endfacet
facet normal 0.046314 -0.104316 0.993465
outer loop
vertex 5.269492 9.103448 5.807267
vertex 6.294770 9.103448 5.759470
vertex 4.549724 9.931034 5.927720
endloop
endfacet
facet normal 0.038352 -0.111182 0.993060
outer loop
vertex 5.269492 9.103448 5.807267
vertex 4.549724 9.931034 5.927720
vertex 3.442391 9.931034 5.970485
endloop
endfacet
facet normal 0.030730 -0.101103 0.994401
outer loop
vertex 6.294770 9.103448 5.759470
vertex 7.320672 9.103448 5.727766
vertex 5.656012 9.931034 5.863352
endloop
endfacet
facet normal 0.057898 -0.080220 0.995094
outer loop
vertex 6.294770 9.103448 5.759470
vertex 5.656012 9.931034 5.863352
vertex 4.549724 9.931034 5.927720
endloop
endfacet
facet normal -0.005694 -0.090791 0.995854
outer loop
vertex 7.320672 9.103448 5.727766
vertex 8.347047 9.103448 5.733635
vertex 6.762360 9.931034 5.800024
endloop
endfacet
facet normal 0.057080 -0.048559 0.997188
outer loop
vertex 7.320672 9.103448 5.727766
vertex 6.762360 9.931034 5.800024
vertex 5.656012 9.931034 5.863352
endloop
endfacet
facet normal -0.004511 -0.058949 0.998251
outer loop
vertex 8.347047 9.103448 5.733635
vertex 9.373428 9.103448 5.738272
vertex 7.870344 9.931034 5.780352
endloop
endfacet
facet normal 0.017734 -0.046166 0.998776
outer loop
vertex 8.347047 9.103448 5.733635
vertex 7.870344 9.931034 5.780352
vertex 6.762360 9.931034 5.800024
endloop
endfacet
facet normal 0.008534 -0.051915 0.998615
outer loop
vertex 9.373428 9.103448 5.738272
vertex 10.399782 9.103448 5.729501
vertex 8.978494 9.931034 5.784671
endloop
endfacet
facet normal -0.003891 -0.057828 0.998319
outer loop
vertex 9.373428 9.103448 5.738272
vertex 8.978494 9.931034 5.784671
vertex 7.870344 9.931034 5.780352
endloop
endfacet
facet normal -0.003240 -0.076434 0.997069
outer loop
vertex 10.399782 9.103448 5.729501
vertex 11.426168 9.103448 5.732837
vertex 10.086629 9.931034 5.791925
endloop
endfacet
facet normal -0.006526 -0.077668 0.996958
outer loop
vertex 10.399782 9.103448 5.729501
vertex 10.086629 9.931034 5.791925
vertex 8.978494 9.931034 5.784671
endloop
endfacet
facet normal 0.004325 -0.070400 0.997509
outer loop
vertex 11.426168 9.103448 5.732837
vertex 12.452550 9.103448 5.728387
vertex 11.194788 9.931034 5.792248
endloop
endfacet
facet normal -0.000291 -0.071684 0.997427
outer loop
vertex 11.426168 9.103448 5.732837
vertex 11.194788 9.931034 5.792248
vertex 10.086629 9.931034 5.791925
endloop
endfacet
facet normal 0.022575 -0.076822 0.996789
outer loop
vertex 12.452550 9.103448 5.728387
vertex 13.478678 9.103448 5.705147
vertex 12.302942 9.931034 5.795557
endloop
endfacet
facet normal -0.002976 -0.081431 0.996675
outer loop
vertex 12.452550 9.103448 5.728387
vertex 12.302942 9.931034 5.795557
vertex 11.194788 9.931034 5.792248
endloop
endfacet
facet normal 0.032343 -0.078171 0.996415
outer loop
vertex 13.478678 9.103448 5.705147
vertex 14.504529 9.103448 5.671849
vertex 13.410856 9.931034 5.772275
endloop
endfacet
facet normal 0.020944 -0.079124 0.996645
outer loop
vertex 13.478678 9.103448 5.705147
vertex 13.410856 9.931034 5.772275
vertex 12.302942 9.931034 5.795557
endloop
endfacet
facet normal 0.029646 -0.080722 0.996296
outer loop
vertex 14.504529 9.103448 5.671849
vertex 15.530467 9.103448 5.641321
vertex 14.518499 9.931034 5.738486
endloop
endfacet
facet normal 0.030392 -0.080732 0.996272
outer loop
vertex 14.504529 9.103448 5.671849
vertex 14.518499 9.931034 5.738486
vertex 13.410856 9.931034 5.772275
endloop
endfacet
facet normal 0.000890 -0.069130 0.997607
outer loop
vertex 15.530467 9.103448 5.641321
vertex 16.556858 9.103448 5.640405
vertex 15.625939 9.931034 5.698584
endloop
endfacet
facet normal 0.035911 -0.073106 0.996677
outer loop
vertex 15.530467 9.103448 5.641321
vertex 15.625939 9.931034 5.698584
vertex 14.518499 9.931034 5.738486
endloop
endfacet
facet normal 0.007461 -0.062013 0.998047
outer loop
vertex 16.556858 9.103448 5.640405
vertex 17.583221 9.103448 5.632732
vertex 16.734069 9.931034 5.690502
endloop
endfacet
facet normal 0.007279 -0.061975 0.998051
outer loop
vertex 16.556858 9.103448 5.640405
vertex 16.734069 9.931034 5.690502
vertex 15.625939 9.931034 5.698584
endloop
endfacet
facet normal -0.000225 -0.052306 0.998631
outer loop
vertex 17.583221 9.103448 5.632732
vertex 18.609612 9.103448 5.632963
vertex 17.842134 9.931034 5.676137
endloop
endfacet
facet normal 0.012942 -0.056409 0.998324
outer loop
vertex 17.583221 9.103448 5.632732
vertex 17.842134 9.931034 5.676137
vertex 16.734069 9.931034 5.690502
endloop
endfacet
facet normal 0.003327 -0.035693 0.999357
outer loop
vertex 18.609612 9.103448 5.632963
vertex 19.635998 9.103448 5.629546
vertex 18.950195 9.931034 5.661387
endloop
endfacet
facet normal 0.013300 -0.039789 0.999120
outer loop
vertex 18.609612 9.103448 5.632963
vertex 18.950195 9.931034 5.661387
vertex 17.842134 9.931034 5.676137
endloop
endfacet
facet normal 0.217779 0.199605 0.955369
outer loop
vertex 19.635998 9.103448 5.629546
vertex 20.636719 9.103448 5.401428
vertex 20.019165 9.931034 5.369294
endloop
endfacet
facet normal 0.259355 0.178403 0.949161
outer loop
vertex 19.635998 9.103448 5.629546
vertex 20.019165 9.931034 5.369294
vertex 18.950195 9.931034 5.661387
endloop
endfacet
facet normal 0.872364 0.342122 0.349189
outer loop
vertex 20.636719 9.103448 5.401428
vertex 21.018140 9.103448 4.448539
vertex 20.680841 9.931034 4.480362
endloop
endfacet
facet normal 0.681225 0.528027 0.507070
outer loop
vertex 20.636719 9.103448 5.401428
vertex 20.680841 9.931034 4.480362
vertex 20.019165 9.931034 5.369294
endloop
endfacet
facet normal 0.796086 0.517633 0.313535
outer loop
vertex 21.018140 9.103448 4.448539
vertex 21.394261 9.103448 3.493546
vertex 20.895657 9.931034 3.393224
endloop
endfacet
facet normal 0.913243 0.365271 0.180455
outer loop
vertex 21.018140 9.103448 4.448539
vertex 20.895657 9.931034 3.393224
vertex 20.680841 9.931034 4.480362
endloop
endfacet
facet normal 0.810330 0.553574 0.192148
outer loop
vertex 21.394261 9.103448 3.493546
vertex 21.631076 9.103448 2.494847
vertex 21.110473 9.931034 2.306085
endloop
endfacet
facet normal 0.835815 0.523582 0.165155
outer loop
vertex 21.394261 9.103448 3.493546
vertex 21.110473 9.931034 2.306085
vertex 20.895657 9.931034 3.393224
endloop
endfacet
facet normal 0.791422 0.581750 0.187665
outer loop
vertex 21.631076 9.103448 2.494847
vertex 21.867891 9.103448 1.496149
vertex 21.325289 9.931034 1.218947
endloop
endfacet
facet normal 0.818272 0.551623 0.161689
outer loop
vertex 21.631076 9.103448 2.494847
vertex 21.325289 9.931034 1.218947
vertex 21.110473 9.931034 2.306085
endloop
endfacet
facet normal 0.893980 0.394794 0.211984
outer loop
vertex 21.867891 9.103448 1.496149
vertex 22.104706 9.103448 0.497451
vertex 21.805020 9.931034 0.220011
endloop
endfacet
facet normal 0.725991 0.592773 0.348651
outer loop
vertex 21.867891 9.103448 1.496149
vertex 21.805020 9.931034 0.220011
vertex 21.325289 9.931034 1.218947
endloop
endfacet
facet normal 0.506187 0.042429 0.861380
outer loop
vertex 22.104706 9.103448 0.497451
vertex 22.989616 9.103448 -0.022563
vertex 22.890123 9.931034 -0.004861
endloop
endfacet
facet normal 0.188296 0.372789 0.908611
outer loop
vertex 22.104706 9.103448 0.497451
vertex 22.890123 9.931034 -0.004861
vertex 21.805020 9.931034 0.220011
endloop
endfacet
facet normal 0.001487 -0.023197 0.999730
outer loop
vertex 22.989616 9.103448 -0.022563
vertex 24.016006 9.103448 -0.024090
vertex 23.998282 9.931034 -0.004861
endloop
endfacet
facet normal 0.000000 -0.021385 0.999771
outer loop
vertex 22.989616 9.103448 -0.022563
vertex 23.998282 9.931034 -0.004861
vertex 22.890123 9.931034 -0.004861
endloop
endfacet
facet normal -0.944708 0.252460 0.209263
outer loop
vertex 0.000000 9.931034 0.000009
vertex 0.239660 9.931034 1.081942
vertex 0.446854 10.758621 1.018888
endloop
endfacet
facet normal -0.915797 0.000005 0.401641
outer loop
vertex 0.000000 9.931034 0.000009
vertex 0.446854 10.758621 1.018888
vertex 0.000000 10.758621 0.000000
endloop
endfacet
facet normal -0.882176 0.428461 0.195412
outer loop
vertex 0.239660 9.931034 1.081942
vertex 0.479320 9.931034 2.163875
vertex 0.856752 10.758621 2.053198
endloop
endfacet
facet normal -0.899564 0.252376 0.356498
outer loop
vertex 0.239660 9.931034 1.081942
vertex 0.856752 10.758621 2.053198
vertex 0.446854 10.758621 1.018888
endloop
endfacet
facet normal -0.890499 0.410002 0.197256
outer loop
vertex 0.479320 9.931034 2.163875
vertex 0.718981 9.931034 3.245808
vertex 1.077391 10.758621 3.143670
endloop
endfacet
facet normal -0.885842 0.427970 0.179236
outer loop
vertex 0.479320 9.931034 2.163875
vertex 1.077391 10.758621 3.143670
vertex 0.856752 10.758621 2.053198
endloop
endfacet
facet normal -0.911113 0.300071 0.282542
outer loop
vertex 0.718981 9.931034 3.245808
vertex 1.047208 9.931034 4.304242
vertex 1.298031 10.758621 4.234142
endloop
endfacet
facet normal -0.894159 0.409570 0.180919
outer loop
vertex 0.718981 9.931034 3.245808
vertex 1.298031 10.758621 4.234142
vertex 1.077391 10.758621 3.143670
endloop
endfacet
facet normal -0.931794 0.100934 0.348672
outer loop
vertex 1.047208 9.931034 4.304242
vertex 1.435575 9.931034 5.342118
vertex 1.518671 10.758621 5.324615
endloop
endfacet
facet normal -0.935160 0.299454 0.189215
outer loop
vertex 1.047208 9.931034 4.304242
vertex 1.518671 10.758621 5.324615
vertex 1.298031 10.758621 4.234142
endloop
endfacet
facet normal -0.582654 -0.087535 0.807993
outer loop
vertex 1.435575 9.931034 5.342118
vertex 2.334409 9.931034 5.990279
vertex 2.335097 10.758621 6.080433
endloop
endfacet
facet normal -0.676975 0.083440 0.731261
outer loop
vertex 1.435575 9.931034 5.342118
vertex 2.335097 10.758621 6.080433
vertex 1.518671 10.758621 5.324615
endloop
endfacet
facet normal 0.017733 -0.120130 0.992600
outer loop
vertex 2.334409 9.931034 5.990279
vertex 3.442391 9.931034 5.970485
vertex 3.447623 10.758621 6.070551
endloop
endfacet
facet normal 0.008830 -0.108298 0.994079
outer loop
vertex 2.334409 9.931034 5.990279
vertex 3.447623 10.758621 6.070551
vertex 2.335097 10.758621 6.080433
endloop
endfacet
facet normal 0.038190 -0.143795 0.988870
outer loop
vertex 3.442391 9.931034 5.970485
vertex 4.549724 9.931034 5.927720
vertex 4.559957 10.758621 6.047667
endloop
endfacet
facet normal 0.020420 -0.120141 0.992547
outer loop
vertex 3.442391 9.931034 5.970485
vertex 4.559957 10.758621 6.047667
vertex 3.447623 10.758621 6.070551
endloop
endfacet
facet normal 0.057451 -0.147433 0.987402
outer loop
vertex 4.549724 9.931034 5.927720
vertex 5.656012 9.931034 5.863352
vertex 5.670820 10.758621 5.986061
endloop
endfacet
facet normal 0.054796 -0.143885 0.988076
outer loop
vertex 4.549724 9.931034 5.927720
vertex 5.670820 10.758621 5.986061
vertex 4.559957 10.758621 6.047667
endloop
endfacet
facet normal 0.056833 -0.104633 0.992886
outer loop
vertex 5.656012 9.931034 5.863352
vertex 6.762360 9.931034 5.800024
vertex 6.778908 10.758621 5.886291
endloop
endfacet
facet normal 0.088693 -0.147644 0.985056
outer loop
vertex 5.656012 9.931034 5.863352
vertex 6.778908 10.758621 5.886291
vertex 5.670820 10.758621 5.986061
endloop
endfacet
facet normal 0.017697 -0.079179 0.996703
outer loop
vertex 6.762360 9.931034 5.800024
vertex 7.870344 9.931034 5.780352
vertex 7.890738 10.758621 5.845734
endloop
endfacet
facet normal 0.036254 -0.104326 0.993882
outer loop
vertex 6.762360 9.931034 5.800024
vertex 7.890738 10.758621 5.845734
vertex 6.778908 10.758621 5.886291
endloop
endfacet
facet normal -0.003885 -0.080251 0.996767
outer loop
vertex 7.870344 9.931034 5.780352
vertex 8.978494 9.931034 5.784671
vertex 9.003294 10.758621 5.851398
endloop
endfacet
facet normal -0.005075 -0.078633 0.996891
outer loop
vertex 7.870344 9.931034 5.780352
vertex 9.003294 10.758621 5.851398
vertex 7.890738 10.758621 5.845734
endloop
endfacet
facet normal -0.006519 -0.090282 0.995895
outer loop
vertex 8.978494 9.931034 5.784671
vertex 10.086629 9.931034 5.791925
vertex 10.115752 10.758621 5.867139
endloop
endfacet
facet normal -0.014104 -0.079939 0.996700
outer loop
vertex 8.978494 9.931034 5.784671
vertex 10.115752 10.758621 5.867139
vertex 9.003294 10.758621 5.851398
endloop
endfacet
facet normal -0.000290 -0.105109 0.994461
outer loop
vertex 10.086629 9.931034 5.791925
vertex 11.194788 9.931034 5.792248
vertex 11.228251 10.758621 5.879729
endloop
endfacet
facet normal -0.011270 -0.090112 0.995868
outer loop
vertex 10.086629 9.931034 5.791925
vertex 11.228251 10.758621 5.879729
vertex 10.115752 10.758621 5.867139
endloop
endfacet
facet normal -0.002971 -0.101106 0.994871
outer loop
vertex 11.194788 9.931034 5.792248
vertex 12.302942 9.931034 5.795557
vertex 12.340821 10.758621 5.879775
endloop
endfacet
facet normal -0.000041 -0.105119 0.994460
outer loop
vertex 11.194788 9.931034 5.792248
vertex 12.340821 10.758621 5.879775
vertex 11.228251 10.758621 5.879729
endloop
endfacet
facet normal 0.020888 -0.107135 0.994025
outer loop
vertex 12.302942 9.931034 5.795557
vertex 13.410856 9.931034 5.772275
vertex 13.453225 10.758621 5.860581
endloop
endfacet
facet normal 0.017163 -0.102004 0.994636
outer loop
vertex 12.302942 9.931034 5.795557
vertex 13.453225 10.758621 5.860581
vertex 12.340821 10.758621 5.879775
endloop
endfacet
facet normal 0.030320 -0.105954 0.993909
outer loop
vertex 13.410856 9.931034 5.772275
vertex 14.518499 9.931034 5.738486
vertex 14.565235 10.758621 5.825284
endloop
endfacet
facet normal 0.031541 -0.107644 0.993689
outer loop
vertex 13.410856 9.931034 5.772275
vertex 14.565235 10.758621 5.825284
vertex 13.453225 10.758621 5.860581
endloop
endfacet
facet normal 0.035823 -0.100955 0.994246
outer loop
vertex 14.518499 9.931034 5.738486
vertex 15.625939 9.931034 5.698584
vertex 15.676914 10.758621 5.780780
endloop
endfacet
facet normal 0.039774 -0.106448 0.993523
outer loop
vertex 14.518499 9.931034 5.738486
vertex 15.676914 10.758621 5.780780
vertex 14.565235 10.758621 5.825284
endloop
endfacet
facet normal 0.007258 -0.097979 0.995162
outer loop
vertex 15.625939 9.931034 5.698584
vertex 16.734069 9.931034 5.690502
vertex 16.789446 10.758621 5.771578
endloop
endfacet
facet normal 0.008230 -0.099333 0.995020
outer loop
vertex 15.625939 9.931034 5.698584
vertex 16.789446 10.758621 5.771578
vertex 15.676914 10.758621 5.780780
endloop
endfacet
facet normal 0.012901 -0.097438 0.995158
outer loop
vertex 16.734069 9.931034 5.690502
vertex 17.842134 9.931034 5.676137
vertex 17.901913 10.758621 5.756393
endloop
endfacet
facet normal 0.013582 -0.098392 0.995055
outer loop
vertex 16.734069 9.931034 5.690502
vertex 17.901913 10.758621 5.756393
vertex 16.789446 10.758621 5.771578
endloop
endfacet
facet normal 0.013270 -0.078175 0.996851
outer loop
vertex 17.842134 9.931034 5.676137
vertex 18.950195 9.931034 5.661387
vertex 19.014052 10.758621 5.725438
endloop
endfacet
facet normal 0.027688 -0.098467 0.994755
outer loop
vertex 17.842134 9.931034 5.676137
vertex 19.014052 10.758621 5.725438
vertex 17.901913 10.758621 5.756393
endloop
endfacet
facet normal 0.240270 0.411189 0.879314
outer loop
vertex 18.950195 9.931034 5.661387
vertex 20.019165 9.931034 5.369294
vertex 19.875624 10.758621 5.021516
endloop
endfacet
facet normal 0.628990 -0.108116 0.769859
outer loop
vertex 18.950195 9.931034 5.661387
vertex 19.875624 10.758621 5.021516
vertex 19.014052 10.758621 5.725438
endloop
endfacet
facet normal 0.573211 0.699559 0.426669
outer loop
vertex 20.019165 9.931034 5.369294
vertex 20.680841 9.931034 4.480362
vertex 20.081823 10.758621 3.928222
endloop
endfacet
facet normal 0.953710 0.241005 0.179873
outer loop
vertex 20.019165 9.931034 5.369294
vertex 20.081823 10.758621 3.928222
vertex 19.875624 10.758621 5.021516
endloop
endfacet
facet normal 0.747092 0.648121 0.147624
outer loop
vertex 20.680841 9.931034 4.480362
vertex 20.895657 9.931034 3.393224
vertex 20.288023 10.758621 2.834927
endloop
endfacet
facet normal 0.754322 0.640905 0.142268
outer loop
vertex 20.680841 9.931034 4.480362
vertex 20.288023 10.758621 2.834927
vertex 20.081823 10.758621 3.928222
endloop
endfacet
facet normal 0.742802 0.653225 0.146776
outer loop
vertex 20.895657 9.931034 3.393224
vertex 21.110473 9.931034 2.306085
vertex 20.494223 10.758621 1.741632
endloop
endfacet
facet normal 0.750020 0.646111 0.141457
outer loop
vertex 20.895657 9.931034 3.393224
vertex 20.494223 10.758621 1.741632
vertex 20.288023 10.758621 2.834927
endloop
endfacet
facet normal 0.789763 0.593230 0.156055
outer loop
vertex 21.110473 9.931034 2.306085
vertex 21.325289 9.931034 1.218947
vertex 20.811102 10.758621 0.675143
endloop
endfacet
facet normal 0.709659 0.672252 0.210857
outer loop
vertex 21.110473 9.931034 2.306085
vertex 20.811102 10.758621 0.675143
vertex 20.494223 10.758621 1.741632
endloop
endfacet
facet normal 0.895839 0.111281 0.430220
outer loop
vertex 21.325289 9.931034 1.218947
vertex 21.805020 9.931034 0.220011
vertex 21.761455 10.758621 0.096661
endloop
endfacet
facet normal 0.389495 0.662458 0.639878
outer loop
vertex 21.325289 9.931034 1.218947
vertex 21.761455 10.758621 0.096661
vertex 20.811102 10.758621 0.675143
endloop
endfacet
facet normal 0.201568 -0.115397 0.972653
outer loop
vertex 21.805020 9.931034 0.220011
vertex 22.890123 9.931034 -0.004861
vertex 22.874025 10.758621 0.096661
endloop
endfacet
facet normal 0.000000 0.147419 0.989074
outer loop
vertex 21.805020 9.931034 0.220011
vertex 22.874025 10.758621 0.096661
vertex 21.761455 10.758621 0.096661
endloop
endfacet
facet normal 0.000000 -0.121759 0.992560
outer loop
vertex 22.890123 9.931034 -0.004861
vertex 23.998282 9.931034 -0.004861
vertex 23.986595 10.758621 0.096661
endloop
endfacet
facet normal -0.000000 -0.121759 0.992560
outer loop
vertex 22.890123 9.931034 -0.004861
vertex 23.986595 10.758621 0.096661
vertex 22.874025 10.758621 0.096661
endloop
endfacet
facet normal -0.734677 0.597019 0.322208
outer loop
vertex 0.000000 10.758621 0.000000
vertex 0.446854 10.758621 1.018888
vertex 0.940054 11.586207 0.610016
endloop
endfacet
facet normal -0.544349 0.000000 0.838859
outer loop
vertex 0.000000 10.758621 0.000000
vertex 0.940054 11.586207 0.610016
vertex 0.000000 11.586207 0.000000
endloop
endfacet
facet normal -0.851331 0.401757 0.337383
outer loop
vertex 0.446854 10.758621 1.018888
vertex 0.856752 10.758621 2.053198
vertex 1.114090 11.586207 1.717054
endloop
endfacet
facet normal -0.822418 0.553997 0.129291
outer loop
vertex 0.446854 10.758621 1.018888
vertex 1.114090 11.586207 1.717054
vertex 0.940054 11.586207 0.610016
endloop
endfacet
facet normal -0.931827 0.310083 0.188540
outer loop
vertex 0.856752 10.758621 2.053198
vertex 1.077391 10.758621 3.143670
vertex 1.288125 11.586207 2.824093
endloop
endfacet
facet normal -0.926406 0.347221 0.145639
outer loop
vertex 0.856752 10.758621 2.053198
vertex 1.288125 11.586207 2.824093
vertex 1.114090 11.586207 1.717054
endloop
endfacet
facet normal -0.946966 0.257959 0.191604
outer loop
vertex 1.077391 10.758621 3.143670
vertex 1.298031 10.758621 4.234142
vertex 1.462161 11.586207 3.931131
endloop
endfacet
facet normal -0.943163 0.297421 0.148273
outer loop
vertex 1.077391 10.758621 3.143670
vertex 1.462161 11.586207 3.931131
vertex 1.288125 11.586207 2.824093
endloop
endfacet
facet normal -0.959632 0.203483 0.194166
outer loop
vertex 1.298031 10.758621 4.234142
vertex 1.518671 10.758621 5.324615
vertex 1.636197 11.586207 5.038169
endloop
endfacet
facet normal -0.957742 0.245071 0.150565
outer loop
vertex 1.298031 10.758621 4.234142
vertex 1.636197 11.586207 5.038169
vertex 1.462161 11.586207 3.931131
endloop
endfacet
facet normal -0.674897 0.114240 0.729016
outer loop
vertex 1.518671 10.758621 5.324615
vertex 2.335097 10.758621 6.080433
vertex 2.313625 11.586207 5.930868
endloop
endfacet
facet normal -0.758182 0.306811 0.575350
outer loop
vertex 1.518671 10.758621 5.324615
vertex 2.313625 11.586207 5.930868
vertex 1.636197 11.586207 5.038169
endloop
endfacet
facet normal 0.008882 -0.009697 0.999914
outer loop
vertex 2.335097 10.758621 6.080433
vertex 3.447623 10.758621 6.070551
vertex 3.424455 11.586207 6.078783
endloop
endfacet
facet normal -0.130000 0.173066 0.976293
outer loop
vertex 2.335097 10.758621 6.080433
vertex 3.424455 11.586207 6.078783
vertex 2.313625 11.586207 5.930868
endloop
endfacet
facet normal 0.020564 -0.020482 0.999579
outer loop
vertex 3.447623 10.758621 6.070551
vertex 4.559957 10.758621 6.047667
vertex 4.545004 11.586207 6.064932
endloop
endfacet
facet normal 0.012359 -0.009599 0.999878
outer loop
vertex 3.447623 10.758621 6.070551
vertex 4.545004 11.586207 6.064932
vertex 3.424455 11.586207 6.078783
endloop
endfacet
facet normal 0.055338 -0.035368 0.997841
outer loop
vertex 4.559957 10.758621 6.047667
vertex 5.670820 10.758621 5.986061
vertex 5.664559 11.586207 6.015742
endloop
endfacet
facet normal 0.043887 -0.020045 0.998835
outer loop
vertex 4.559957 10.758621 6.047667
vertex 5.664559 11.586207 6.015742
vertex 4.545004 11.586207 6.064932
endloop
endfacet
facet normal 0.089669 -0.012622 0.995892
outer loop
vertex 5.670820 10.758621 5.986061
vertex 6.778908 10.758621 5.886291
vertex 6.778861 11.586207 5.896783
endloop
endfacet
facet normal 0.106088 -0.034837 0.993746
outer loop
vertex 5.670820 10.758621 5.986061
vertex 6.778861 11.586207 5.896783
vertex 5.664559 11.586207 6.015742
endloop
endfacet
facet normal 0.036424 0.039896 0.998540
outer loop
vertex 6.778908 10.758621 5.886291
vertex 7.890738 10.758621 5.845734
vertex 7.896319 11.586207 5.812465
endloop
endfacet
facet normal 0.075235 -0.012638 0.997086
outer loop
vertex 6.778908 10.758621 5.886291
vertex 7.896319 11.586207 5.812465
vertex 6.778861 11.586207 5.896783
endloop
endfacet
facet normal -0.005088 0.032283 0.999466
outer loop
vertex 7.890738 10.758621 5.845734
vertex 9.003294 10.758621 5.851398
vertex 9.016887 11.586207 5.824736
endloop
endfacet
facet normal -0.010941 0.040239 0.999130
outer loop
vertex 7.890738 10.758621 5.845734
vertex 9.016887 11.586207 5.824736
vertex 7.896319 11.586207 5.812465
endloop
endfacet
facet normal -0.014144 0.026128 0.999559
outer loop
vertex 9.003294 10.758621 5.851398
vertex 10.115752 10.758621 5.867139
vertex 10.137323 11.586207 5.845812
endloop
endfacet
facet normal -0.018797 0.032503 0.999295
outer loop
vertex 9.003294 10.758621 5.851398
vertex 10.137323 11.586207 5.845812
vertex 9.016887 11.586207 5.824736
endloop
endfacet
facet normal -0.011315 0.009157 0.999894
outer loop
vertex 10.115752 10.758621 5.867139
vertex 11.228251 10.758621 5.879729
vertex 11.257640 11.586207 5.872483
endloop
endfacet
facet normal -0.023792 0.026375 0.999369
outer loop
vertex 10.115752 10.758621 5.867139
vertex 11.257640 11.586207 5.872483
vertex 10.137323 11.586207 5.845812
endloop
endfacet
facet normal -0.000041 0.009096 0.999959
outer loop
vertex 11.228251 10.758621 5.879729
vertex 12.340821 10.758621 5.879775
vertex 12.378275 11.586207 5.872249
endloop
endfacet
facet normal 0.000209 0.008748 0.999962
outer loop
vertex 11.228251 10.758621 5.879729
vertex 12.378275 11.586207 5.872249
vertex 11.257640 11.586207 5.872483
endloop
endfacet
facet normal 0.017252 0.006764 0.999828
outer loop
vertex 12.340821 10.758621 5.879775
vertex 13.453225 10.758621 5.860581
vertex 13.498764 11.586207 5.854196
endloop
endfacet
facet normal 0.016109 0.008364 0.999835
outer loop
vertex 12.340821 10.758621 5.879775
vertex 13.498764 11.586207 5.854196
vertex 12.378275 11.586207 5.872249
endloop
endfacet
facet normal 0.031725 0.004410 0.999487
outer loop
vertex 13.453225 10.758621 5.860581
vertex 14.565235 10.758621 5.825284
vertex 14.618874 11.586207 5.819930
endloop
endfacet
facet normal 0.030577 0.006028 0.999514
outer loop
vertex 13.453225 10.758621 5.860581
vertex 14.618874 11.586207 5.819930
vertex 13.498764 11.586207 5.854196
endloop
endfacet
facet normal 0.040000 0.007151 0.999174
outer loop
vertex 14.565235 10.758621 5.825284
vertex 15.676914 10.758621 5.780780
vertex 15.738500 11.586207 5.772392
endloop
endfacet
facet normal 0.042420 0.003714 0.999093
outer loop
vertex 14.565235 10.758621 5.825284
vertex 15.738500 11.586207 5.772392
vertex 14.618874 11.586207 5.819930
endloop
endfacet
facet normal 0.008271 0.005452 0.999951
outer loop
vertex 15.676914 10.758621 5.780780
vertex 16.789446 10.758621 5.771578
vertex 16.859119 11.586207 5.766490
endloop
endfacet
facet normal 0.005266 0.009744 0.999939
outer loop
vertex 15.676914 10.758621 5.780780
vertex 16.859119 11.586207 5.766490
vertex 15.738500 11.586207 5.772392
endloop
endfacet
facet normal 0.013647 0.016053 0.999778
outer loop
vertex 16.789446 10.758621 5.771578
vertex 17.901913 10.758621 5.756393
vertex 17.979487 11.586207 5.742046
endloop
endfacet
facet normal 0.021812 0.004311 0.999753
outer loop
vertex 16.789446 10.758621 5.771578
vertex 17.979487 11.586207 5.742046
vertex 16.859119 11.586207 5.766490
endloop
endfacet
facet normal 0.027543 0.141476 0.989558
outer loop
vertex 17.901913 10.758621 5.756393
vertex 19.014052 10.758621 5.725438
vertex 19.091705 11.586207 5.604958
endloop
endfacet
facet normal 0.122329 0.005739 0.992473
outer loop
vertex 17.901913 10.758621 5.756393
vertex 19.091705 11.586207 5.604958
vertex 17.979487 11.586207 5.742046
endloop
endfacet
facet normal 0.481630 0.648480 0.589496
outer loop
vertex 19.014052 10.758621 5.725438
vertex 19.875624 10.758621 5.021516
vertex 19.374463 11.586207 4.520582
endloop
endfacet
facet normal 0.966233 -0.053983 0.251951
outer loop
vertex 19.014052 10.758621 5.725438
vertex 19.374463 11.586207 4.520582
vertex 19.091705 11.586207 5.604958
endloop
endfacet
facet normal 0.837286 0.523464 0.157915
outer loop
vertex 19.875624 10.758621 5.021516
vertex 20.081823 10.758621 3.928222
vertex 19.657220 11.586207 3.436207
endloop
endfacet
facet normal 0.778315 0.594169 0.202950
outer loop
vertex 19.875624 10.758621 5.021516
vertex 19.657220 11.586207 3.436207
vertex 19.374463 11.586207 4.520582
endloop
endfacet
facet normal 0.878007 0.449090 0.165595
outer loop
vertex 20.081823 10.758621 3.928222
vertex 20.288023 10.758621 2.834927
vertex 19.955073 11.586207 2.355880
endloop
endfacet
facet normal 0.807316 0.546532 0.222582
outer loop
vertex 20.081823 10.758621 3.928222
vertex 19.955073 11.586207 2.355880
vertex 19.657220 11.586207 3.436207
endloop
endfacet
facet normal 0.937679 0.299137 0.176850
outer loop
vertex 20.288023 10.758621 2.834927
vertex 20.494223 10.758621 1.741632
vertex 20.314545 11.586207 1.294465
endloop
endfacet
facet normal 0.824022 0.493057 0.279073
outer loop
vertex 20.288023 10.758621 2.834927
vertex 20.314545 11.586207 1.294465
vertex 19.955073 11.586207 2.355880
endloop
endfacet
facet normal 0.915354 0.296911 0.271974
outer loop
vertex 20.494223 10.758621 1.741632
vertex 20.811102 10.758621 0.675143
vertex 20.674016 11.586207 0.233050
endloop
endfacet
facet normal 0.885691 0.354369 0.299959
outer loop
vertex 20.494223 10.758621 1.741632
vertex 20.674016 11.586207 0.233050
vertex 20.314545 11.586207 1.294465
endloop
endfacet
facet normal 0.518801 -0.066474 0.852307
outer loop
vertex 20.811102 10.758621 0.675143
vertex 21.761455 10.758621 0.096661
vertex 21.791043 11.586207 0.143196
endloop
endfacet
facet normal 0.070382 0.479057 0.874958
outer loop
vertex 20.811102 10.758621 0.675143
vertex 21.791043 11.586207 0.143196
vertex 20.674016 11.586207 0.233050
endloop
endfacet
facet normal 0.000000 -0.056142 0.998423
outer loop
vertex 21.761455 10.758621 0.096661
vertex 22.874025 10.758621 0.096661
vertex 22.911677 11.586207 0.143196
endloop
endfacet
facet normal 0.000000 -0.056142 0.998423
outer loop
vertex 21.761455 10.758621 0.096661
vertex 22.911677 11.586207 0.143196
vertex 21.791043 11.586207 0.143196
endloop
endfacet
facet normal -0.000000 -0.056142 0.998423
outer loop
vertex 22.874025 10.758621 0.096661
vertex 23.986595 10.758621 0.096661
vertex 24.032312 11.586207 0.143196
endloop
endfacet
facet normal 0.000000 -0.056142 0.998423
outer loop
vertex 22.874025 10.758621 0.096661
vertex 24.032312 11.586207 0.143196
vertex 22.911677 11.586207 0.143196
endloop
endfacet
facet normal -0.513921 0.329653 0.791968
outer loop
vertex 0.000000 11.586207 0.000000
vertex 0.940054 11.586207 0.610016
vertex 1.061214 12.413793 0.344160
endloop
endfacet
facet normal -0.308491 0.000000 0.951227
outer loop
vertex 0.000000 11.586207 0.000000
vertex 1.061214 12.413793 0.344160
vertex 0.000000 12.413793 0.000000
endloop
endfacet
facet normal -0.934812 0.323311 0.146960
outer loop
vertex 0.940054 11.586207 0.610016
vertex 1.114090 11.586207 1.717054
vertex 1.353735 12.413793 1.420753
endloop
endfacet
facet normal -0.941373 0.219986 0.255781
outer loop
vertex 0.940054 11.586207 0.610016
vertex 1.353735 12.413793 1.420753
vertex 1.061214 12.413793 0.344160
endloop
endfacet
facet normal -0.887513 0.439151 0.139524
outer loop
vertex 1.114090 11.586207 1.717054
vertex 1.288125 11.586207 2.824093
vertex 1.646257 12.413793 2.497347
endloop
endfacet
facet normal -0.904069 0.349741 0.245645
outer loop
vertex 1.114090 11.586207 1.717054
vertex 1.646257 12.413793 2.497347
vertex 1.353735 12.413793 1.420753
endloop
endfacet
facet normal -0.831606 0.539759 0.130735
outer loop
vertex 1.288125 11.586207 2.824093
vertex 1.462161 11.586207 3.931131
vertex 1.942977 12.413793 3.572790
endloop
endfacet
facet normal -0.854503 0.462862 0.235762
outer loop
vertex 1.288125 11.586207 2.824093
vertex 1.942977 12.413793 3.572790
vertex 1.646257 12.413793 2.497347
endloop
endfacet
facet normal -0.771709 0.624297 0.121319
outer loop
vertex 1.462161 11.586207 3.931131
vertex 1.636197 11.586207 5.038169
vertex 2.244199 12.413793 4.646981
endloop
endfacet
facet normal -0.797577 0.560222 0.223654
outer loop
vertex 1.462161 11.586207 3.931131
vertex 2.244199 12.413793 4.646981
vertex 1.942977 12.413793 3.572790
endloop
endfacet
facet normal -0.745565 0.352180 0.565775
outer loop
vertex 1.636197 11.586207 5.038169
vertex 2.313625 11.586207 5.930868
vertex 2.545420 12.413793 5.721173
endloop
endfacet
facet normal -0.739080 0.640943 0.207251
outer loop
vertex 1.636197 11.586207 5.038169
vertex 2.545420 12.413793 5.721173
vertex 2.244199 12.413793 4.646981
endloop
endfacet
facet normal -0.130854 0.130982 0.982711
outer loop
vertex 2.313625 11.586207 5.930868
vertex 3.424455 11.586207 6.078783
vertex 3.626812 12.413793 5.995422
endloop
endfacet
facet normal -0.234504 0.299977 0.924674
outer loop
vertex 2.313625 11.586207 5.930868
vertex 3.626812 12.413793 5.995422
vertex 2.545420 12.413793 5.721173
endloop
endfacet
facet normal 0.012318 0.081244 0.996618
outer loop
vertex 3.424455 11.586207 6.078783
vertex 4.545004 11.586207 6.064932
vertex 4.742438 12.413793 5.995027
endloop
endfacet
facet normal 0.000352 0.100135 0.994974
outer loop
vertex 3.424455 11.586207 6.078783
vertex 4.742438 12.413793 5.995027
vertex 3.626812 12.413793 5.995422
endloop
endfacet
facet normal 0.043841 0.049904 0.997791
outer loop
vertex 4.545004 11.586207 6.064932
vertex 5.664559 11.586207 6.015742
vertex 5.857683 12.413793 5.965865
endloop
endfacet
facet normal 0.026060 0.077966 0.996615
outer loop
vertex 4.545004 11.586207 6.064932
vertex 5.857683 12.413793 5.965865
vertex 4.742438 12.413793 5.995027
endloop
endfacet
facet normal 0.105255 0.129781 0.985940
outer loop
vertex 5.664559 11.586207 6.015742
vertex 6.778861 11.586207 5.896783
vertex 6.955795 12.413793 5.768958
endloop
endfacet
facet normal 0.176470 0.018131 0.984139
outer loop
vertex 5.664559 11.586207 6.015742
vertex 6.955795 12.413793 5.768958
vertex 5.857683 12.413793 5.965865
endloop
endfacet
facet normal 0.074455 0.144186 0.986746
outer loop
vertex 6.778861 11.586207 5.896783
vertex 7.896319 11.586207 5.812465
vertex 8.067756 12.413793 5.678600
endloop
endfacet
facet normal 0.080247 0.135375 0.987539
outer loop
vertex 6.778861 11.586207 5.896783
vertex 8.067756 12.413793 5.678600
vertex 6.955795 12.413793 5.768958
endloop
endfacet
facet normal -0.010853 0.132280 0.991153
outer loop
vertex 7.896319 11.586207 5.812465
vertex 9.016887 11.586207 5.824736
vertex 9.182751 12.413793 5.716101
endloop
endfacet
facet normal -0.033146 0.166278 0.985522
outer loop
vertex 7.896319 11.586207 5.812465
vertex 9.182751 12.413793 5.716101
vertex 8.067756 12.413793 5.678600
endloop
endfacet
facet normal -0.018678 0.116889 0.992969
outer loop
vertex 9.016887 11.586207 5.824736
vertex 10.137323 11.586207 5.845812
vertex 10.297819 12.413793 5.751410
endloop
endfacet
facet normal -0.031354 0.136261 0.990177
outer loop
vertex 9.016887 11.586207 5.824736
vertex 10.297819 12.413793 5.751410
vertex 9.182751 12.413793 5.716101
endloop
endfacet
facet normal -0.023662 0.107500 0.993923
outer loop
vertex 10.137323 11.586207 5.845812
vertex 11.257640 11.586207 5.872483
vertex 11.412887 12.413793 5.786669
endloop
endfacet
facet normal -0.031379 0.119283 0.992364
outer loop
vertex 10.137323 11.586207 5.845812
vertex 11.412887 12.413793 5.786669
vertex 10.297819 12.413793 5.751410
endloop
endfacet
facet normal 0.000208 0.104288 0.994547
outer loop
vertex 11.257640 11.586207 5.872483
vertex 12.378275 11.586207 5.872249
vertex 12.528513 12.413793 5.785437
endloop
endfacet
facet normal 0.001099 0.102935 0.994687
outer loop
vertex 11.257640 11.586207 5.872483
vertex 12.528513 12.413793 5.785437
vertex 11.412887 12.413793 5.786669
endloop
endfacet
facet normal 0.016025 0.102385 0.994616
outer loop
vertex 12.378275 11.586207 5.872249
vertex 13.498764 11.586207 5.854196
vertex 13.643981 12.413793 5.766665
endloop
endfacet
facet normal 0.016740 0.101305 0.994715
outer loop
vertex 12.378275 11.586207 5.872249
vertex 13.643981 12.413793 5.766665
vertex 12.528513 12.413793 5.785437
endloop
endfacet
facet normal 0.030410 0.104459 0.994064
outer loop
vertex 13.498764 11.586207 5.854196
vertex 14.618874 11.586207 5.819930
vertex 14.758960 12.413793 5.728679
endloop
endfacet
facet normal 0.033881 0.099238 0.994487
outer loop
vertex 13.498764 11.586207 5.854196
vertex 14.758960 12.413793 5.728679
vertex 13.643981 12.413793 5.766665
endloop
endfacet
facet normal 0.042197 0.102454 0.993842
outer loop
vertex 14.618874 11.586207 5.819930
vertex 15.738500 11.586207 5.772392
vertex 15.873581 12.413793 5.681341
endloop
endfacet
facet normal 0.042209 0.102437 0.993844
outer loop
vertex 14.618874 11.586207 5.819930
vertex 15.873581 12.413793 5.681341
vertex 14.758960 12.413793 5.728679
endloop
endfacet
facet normal 0.005241 0.099289 0.995045
outer loop
vertex 15.738500 11.586207 5.772392
vertex 16.859119 11.586207 5.766490
vertex 16.989206 12.413793 5.683225
endloop
endfacet
facet normal -0.001679 0.109630 0.993971
outer loop
vertex 15.738500 11.586207 5.772392
vertex 16.989206 12.413793 5.683225
vertex 15.873581 12.413793 5.681341
endloop
endfacet
facet normal 0.021720 0.092066 0.995516
outer loop
vertex 16.859119 11.586207 5.766490
vertex 17.979487 11.586207 5.742046
vertex 18.104644 12.413793 5.662780
endloop
endfacet
facet normal 0.018240 0.097250 0.995093
outer loop
vertex 16.859119 11.586207 5.766490
vertex 18.104644 12.413793 5.662780
vertex 16.989206 12.413793 5.683225
endloop
endfacet
facet normal 0.119632 0.208905 0.970591
outer loop
vertex 17.979487 11.586207 5.742046
vertex 19.091705 11.586207 5.604958
vertex 19.192278 12.413793 5.414436
endloop
endfacet
facet normal 0.222209 0.059606 0.973175
outer loop
vertex 17.979487 11.586207 5.742046
vertex 19.192278 12.413793 5.414436
vertex 18.104644 12.413793 5.662780
endloop
endfacet
facet normal 0.967243 0.028792 0.252215
outer loop
vertex 19.091705 11.586207 5.604958
vertex 19.374463 11.586207 4.520582
vertex 19.402447 12.413793 4.318785
endloop
endfacet
facet normal 0.979272 -0.075762 0.187845
outer loop
vertex 19.091705 11.586207 5.604958
vertex 19.402447 12.413793 4.318785
vertex 19.192278 12.413793 5.414436
endloop
endfacet
facet normal 0.961076 0.116320 0.250606
outer loop
vertex 19.374463 11.586207 4.520582
vertex 19.657220 11.586207 3.436207
vertex 19.612617 12.413793 3.223135
endloop
endfacet
facet normal 0.982015 0.012725 0.188372
outer loop
vertex 19.374463 11.586207 4.520582
vertex 19.612617 12.413793 3.223135
vertex 19.402447 12.413793 4.318785
endloop
endfacet
facet normal 0.940023 0.221785 0.259170
outer loop
vertex 19.657220 11.586207 3.436207
vertex 19.955073 11.586207 2.355880
vertex 19.822786 12.413793 2.127484
endloop
endfacet
facet normal 0.977081 0.100916 0.187425
outer loop
vertex 19.657220 11.586207 3.436207
vertex 19.822786 12.413793 2.127484
vertex 19.612617 12.413793 3.223135
endloop
endfacet
facet normal 0.908870 0.281441 0.307809
outer loop
vertex 19.955073 11.586207 2.355880
vertex 20.314545 11.586207 1.294465
vertex 20.138537 12.413793 1.057473
endloop
endfacet
facet normal 0.934417 0.225461 0.275738
outer loop
vertex 19.955073 11.586207 2.355880
vertex 20.138537 12.413793 1.057473
vertex 19.822786 12.413793 2.127484
endloop
endfacet
facet normal 0.946026 -0.048827 0.320393
outer loop
vertex 20.314545 11.586207 1.294465
vertex 20.674016 11.586207 0.233050
vertex 20.752901 12.413793 0.126249
endloop
endfacet
facet normal 0.791426 0.317838 0.522134
outer loop
vertex 20.314545 11.586207 1.294465
vertex 20.752901 12.413793 0.126249
vertex 20.138537 12.413793 1.057473
endloop
endfacet
facet normal 0.079764 0.101905 0.991591
outer loop
vertex 20.674016 11.586207 0.233050
vertex 21.791043 11.586207 0.143196
vertex 21.866061 12.413793 0.052111
endloop
endfacet
facet normal 0.065962 0.121524 0.990394
outer loop
vertex 20.674016 11.586207 0.233050
vertex 21.866061 12.413793 0.052111
vertex 20.752901 12.413793 0.126249
endloop
endfacet
facet normal 0.000000 0.109400 0.993998
outer loop
vertex 21.791043 11.586207 0.143196
vertex 22.911677 11.586207 0.143196
vertex 22.981687 12.413793 0.052111
endloop
endfacet
facet normal 0.000000 0.109400 0.993998
outer loop
vertex 21.791043 11.586207 0.143196
vertex 22.981687 12.413793 0.052111
vertex 21.866061 12.413793 0.052111
endloop
endfacet
facet normal 0.000000 0.109400 0.993998
outer loop
vertex 22.911677 11.586207 0.143196
vertex 24.032312 11.586207 0.143196
vertex 24.097313 12.413793 0.052111
endloop
endfacet
facet normal 0.000000 0.109400 0.993998
outer loop
vertex 22.911677 11.586207 0.143196
vertex 24.097313 12.413793 0.052111
vertex 22.981687 12.413793 0.052111
endloop
endfacet
facet normal -0.304637 0.157574 0.939344
outer loop
vertex 0.000000 12.413793 0.000000
vertex 1.061214 12.413793 0.344160
vertex 1.094414 13.241379 0.216101
endloop
endfacet
facet normal -0.193718 0.000000 0.981057
outer loop
vertex 0.000000 12.413793 0.000000
vertex 1.094414 13.241379 0.216101
vertex 0.000000 13.241379 0.000000
endloop
endfacet
facet normal -0.835142 0.501046 0.226916
outer loop
vertex 1.061214 12.413793 0.344160
vertex 1.353735 12.413793 1.420753
vertex 1.765132 13.241379 1.107491
endloop
endfacet
facet normal -0.792883 0.124124 0.596598
outer loop
vertex 1.061214 12.413793 0.344160
vertex 1.765132 13.241379 1.107491
vertex 1.094414 13.241379 0.216101
endloop
endfacet
facet normal -0.883374 0.402543 0.240022
outer loop
vertex 1.353735 12.413793 1.420753
vertex 1.646257 12.413793 2.497347
vertex 1.944884 13.241379 2.208459
endloop
endfacet
facet normal -0.864181 0.482995 0.141092
outer loop
vertex 1.353735 12.413793 1.420753
vertex 1.944884 13.241379 2.208459
vertex 1.765132 13.241379 1.107491
endloop
endfacet
facet normal -0.924279 0.284036 0.255013
outer loop
vertex 1.646257 12.413793 2.497347
vertex 1.942977 12.413793 3.572790
vertex 2.124635 13.241379 3.309427
endloop
endfacet
facet normal -0.912399 0.381231 0.148965
outer loop
vertex 1.646257 12.413793 2.497347
vertex 2.124635 13.241379 3.309427
vertex 1.944884 13.241379 2.208459
endloop
endfacet
facet normal -0.952593 0.145644 0.267123
outer loop
vertex 1.942977 12.413793 3.572790
vertex 2.244199 12.413793 4.646981
vertex 2.304387 13.241379 4.410394
endloop
endfacet
facet normal -0.953312 0.258787 0.155644
outer loop
vertex 1.942977 12.413793 3.572790
vertex 2.304387 13.241379 4.410394
vertex 2.124635 13.241379 3.309427
endloop
endfacet
facet normal -0.962856 -0.002847 0.270001
outer loop
vertex 2.244199 12.413793 4.646981
vertex 2.545420 12.413793 5.721173
vertex 2.484139 13.241379 5.511362
endloop
endfacet
facet normal -0.980151 0.117032 0.160026
outer loop
vertex 2.244199 12.413793 4.646981
vertex 2.484139 13.241379 5.511362
vertex 2.304387 13.241379 4.410394
endloop
endfacet
facet normal -0.245630 -0.039799 0.968546
outer loop
vertex 2.545420 12.413793 5.721173
vertex 3.626812 12.413793 5.995422
vertex 3.489573 13.241379 5.994624
endloop
endfacet
facet normal -0.425084 0.192736 0.884396
outer loop
vertex 2.545420 12.413793 5.721173
vertex 3.489573 13.241379 5.994624
vertex 2.484139 13.241379 5.511362
endloop
endfacet
facet normal 0.000354 -0.012904 0.999917
outer loop
vertex 3.626812 12.413793 5.995422
vertex 4.742438 12.413793 5.995027
vertex 4.605063 13.241379 6.005755
endloop
endfacet
facet normal -0.009979 -0.000691 0.999950
outer loop
vertex 3.626812 12.413793 5.995422
vertex 4.605063 13.241379 6.005755
vertex 3.489573 13.241379 5.994624
endloop
endfacet
facet normal 0.026065 0.075578 0.996799
outer loop
vertex 4.742438 12.413793 5.995027
vertex 5.857683 12.413793 5.965865
vertex 5.716212 13.241379 5.906816
endloop
endfacet
facet normal 0.088691 0.001810 0.996058
outer loop
vertex 4.742438 12.413793 5.995027
vertex 5.716212 13.241379 5.906816
vertex 4.605063 13.241379 6.005755
endloop
endfacet
facet normal 0.174876 0.135285 0.975252
outer loop
vertex 5.857683 12.413793 5.965865
vertex 6.955795 12.413793 5.768958
vertex 6.808570 13.241379 5.680557
endloop
endfacet
facet normal 0.201725 0.103972 0.973908
outer loop
vertex 5.857683 12.413793 5.965865
vertex 6.808570 13.241379 5.680557
vertex 5.716212 13.241379 5.906816
endloop
endfacet
facet normal 0.080668 0.089530 0.992712
outer loop
vertex 6.955795 12.413793 5.768958
vertex 8.067756 12.413793 5.678600
vertex 7.922233 13.241379 5.615787
endloop
endfacet
facet normal 0.057668 0.116175 0.991553
outer loop
vertex 6.955795 12.413793 5.768958
vertex 7.922233 13.241379 5.615787
vertex 6.808570 13.241379 5.680557
endloop
endfacet
facet normal -0.033531 0.070505 0.996948
outer loop
vertex 8.067756 12.413793 5.678600
vertex 9.182751 12.413793 5.716101
vertex 9.037168 13.241379 5.652677
endloop
endfacet
facet normal -0.032988 0.069871 0.997010
outer loop
vertex 8.067756 12.413793 5.678600
vertex 9.037168 13.241379 5.652677
vertex 7.922233 13.241379 5.615787
endloop
endfacet
facet normal -0.031606 0.052218 0.998135
outer loop
vertex 9.182751 12.413793 5.716101
vertex 10.297819 12.413793 5.751410
vertex 10.151556 13.241379 5.703483
endloop
endfacet
facet normal -0.045437 0.068386 0.996624
outer loop
vertex 9.182751 12.413793 5.716101
vertex 10.151556 13.241379 5.703483
vertex 9.037168 13.241379 5.652677
endloop
endfacet
facet normal -0.031587 0.033874 0.998927
outer loop
vertex 10.297819 12.413793 5.751410
vertex 11.412887 12.413793 5.786669
vertex 11.265958 13.241379 5.753960
endloop
endfacet
facet normal -0.045193 0.049794 0.997737
outer loop
vertex 10.297819 12.413793 5.751410
vertex 11.265958 13.241379 5.753960
vertex 10.151556 13.241379 5.703483
endloop
endfacet
facet normal 0.001104 0.027082 0.999633
outer loop
vertex 11.412887 12.413793 5.786669
vertex 12.528513 12.413793 5.785437
vertex 12.381465 13.241379 5.763179
endloop
endfacet
facet normal -0.008258 0.038028 0.999243
outer loop
vertex 11.412887 12.413793 5.786669
vertex 12.381465 13.241379 5.763179
vertex 11.265958 13.241379 5.753960
endloop
endfacet
facet normal 0.016822 0.022304 0.999610
outer loop
vertex 12.528513 12.413793 5.785437
vertex 13.643981 12.413793 5.766665
vertex 13.496940 13.241379 5.750674
endloop
endfacet
facet normal 0.011205 0.028873 0.999520
outer loop
vertex 12.528513 12.413793 5.785437
vertex 13.496940 13.241379 5.750674
vertex 12.381465 13.241379 5.763179
endloop
endfacet
facet normal 0.034032 0.031116 0.998936
outer loop
vertex 13.643981 12.413793 5.766665
vertex 14.758960 12.413793 5.728679
vertex 14.611665 13.241379 5.707919
endloop
endfacet
facet normal 0.038314 0.026109 0.998925
outer loop
vertex 13.643981 12.413793 5.766665
vertex 14.611665 13.241379 5.707919
vertex 13.496940 13.241379 5.750674
endloop
endfacet
facet normal 0.042424 0.018920 0.998921
outer loop
vertex 14.758960 12.413793 5.728679
vertex 15.873581 12.413793 5.681341
vertex 15.726629 13.241379 5.671907
endloop
endfacet
facet normal 0.032266 0.030804 0.999005
outer loop
vertex 14.758960 12.413793 5.728679
vertex 15.726629 13.241379 5.671907
vertex 14.611665 13.241379 5.707919
endloop
endfacet
facet normal -0.001689 -0.010515 0.999943
outer loop
vertex 15.873581 12.413793 5.681341
vertex 16.989206 12.413793 5.683225
vertex 16.841998 13.241379 5.691679
endloop
endfacet
facet normal -0.017723 0.008250 0.999809
outer loop
vertex 15.873581 12.413793 5.681341
vertex 16.841998 13.241379 5.691679
vertex 15.726629 13.241379 5.671907
endloop
endfacet
facet normal 0.018325 -0.013369 0.999743
outer loop
vertex 16.989206 12.413793 5.683225
vertex 18.104644 12.413793 5.662780
vertex 17.957441 13.241379 5.676545
endloop
endfacet
facet normal 0.013566 -0.007801 0.999878
outer loop
vertex 16.989206 12.413793 5.683225
vertex 17.957441 13.241379 5.676545
vertex 16.841998 13.241379 5.691679
endloop
endfacet
facet normal 0.164038 0.675998 0.718414
outer loop
vertex 18.104644 12.413793 5.662780
vertex 19.192278 12.413793 5.414436
vertex 18.606715 13.241379 4.769416
endloop
endfacet
facet normal 0.805865 0.133746 0.576795
outer loop
vertex 18.104644 12.413793 5.662780
vertex 18.606715 13.241379 4.769416
vertex 17.957441 13.241379 5.676545
endloop
endfacet
facet normal 0.858027 0.486518 0.164588
outer loop
vertex 19.192278 12.413793 5.414436
vertex 19.402447 12.413793 4.318785
vertex 19.043639 13.241379 3.742996
endloop
endfacet
facet normal 0.664984 0.691136 0.283068
outer loop
vertex 19.192278 12.413793 5.414436
vertex 19.043639 13.241379 3.742996
vertex 18.606715 13.241379 4.769416
endloop
endfacet
facet normal 0.863771 0.475864 0.165690
outer loop
vertex 19.402447 12.413793 4.318785
vertex 19.612617 12.413793 3.223135
vertex 19.266634 13.241379 2.649966
endloop
endfacet
facet normal 0.853478 0.491179 0.174123
outer loop
vertex 19.402447 12.413793 4.318785
vertex 19.266634 13.241379 2.649966
vertex 19.043639 13.241379 3.742996
endloop
endfacet
facet normal 0.869461 0.464996 0.166781
outer loop
vertex 19.612617 12.413793 3.223135
vertex 19.822786 12.413793 2.127484
vertex 19.489629 13.241379 1.556936
endloop
endfacet
facet normal 0.859230 0.480619 0.175296
outer loop
vertex 19.612617 12.413793 3.223135
vertex 19.489629 13.241379 1.556936
vertex 19.266634 13.241379 2.649966
endloop
endfacet
facet normal 0.786992 0.571586 0.232234
outer loop
vertex 19.822786 12.413793 2.127484
vertex 20.138537 12.413793 1.057473
vertex 19.712624 13.241379 0.463907
endloop
endfacet
facet normal 0.864932 0.469845 0.176460
outer loop
vertex 19.822786 12.413793 2.127484
vertex 19.712624 13.241379 0.463907
vertex 19.489629 13.241379 1.556936
endloop
endfacet
facet normal 0.823002 0.166898 0.542966
outer loop
vertex 20.138537 12.413793 1.057473
vertex 20.752901 12.413793 0.126249
vertex 20.702132 13.241379 -0.051181
endloop
endfacet
facet normal 0.347695 0.658002 0.667938
outer loop
vertex 20.138537 12.413793 1.057473
vertex 20.702132 13.241379 -0.051181
vertex 19.712624 13.241379 0.463907
endloop
endfacet
facet normal 0.065875 0.131696 0.989099
outer loop
vertex 20.752901 12.413793 0.126249
vertex 21.866061 12.413793 0.052111
vertex 21.817671 13.241379 -0.054857
endloop
endfacet
facet normal 0.003221 0.209819 0.977735
outer loop
vertex 20.752901 12.413793 0.126249
vertex 21.817671 13.241379 -0.054857
vertex 20.702132 13.241379 -0.051181
endloop
endfacet
facet normal -0.000000 0.128187 0.991750
outer loop
vertex 21.866061 12.413793 0.052111
vertex 22.981687 12.413793 0.052111
vertex 22.933216 13.241379 -0.054857
endloop
endfacet
facet normal -0.000000 0.128187 0.991750
outer loop
vertex 21.866061 12.413793 0.052111
vertex 22.933216 13.241379 -0.054857
vertex 21.817671 13.241379 -0.054857
endloop
endfacet
facet normal -0.000000 0.128187 0.991750
outer loop
vertex 22.981687 12.413793 0.052111
vertex 24.097313 12.413793 0.052111
vertex 24.048761 13.241379 -0.054857
endloop
endfacet
facet normal -0.000000 0.128187 0.991750
outer loop
vertex 22.981687 12.413793 0.052111
vertex 24.048761 13.241379 -0.054857
vertex 22.933216 13.241379 -0.054857
endloop
endfacet
facet normal -0.185447 0.289069 0.939174
outer loop
vertex 0.000000 13.241379 0.000000
vertex 1.094414 13.241379 0.216101
vertex 1.293019 14.068966 0.000593
endloop
endfacet
facet normal -0.000459 0.000000 1.000000
outer loop
vertex 0.000000 13.241379 0.000000
vertex 1.293019 14.068966 0.000593
vertex 0.000000 14.068966 0.000000
endloop
endfacet
facet normal -0.798834 0.023909 0.601076
outer loop
vertex 1.094414 13.241379 0.216101
vertex 1.765132 13.241379 1.107491
vertex 1.838968 14.068966 1.172701
endloop
endfacet
facet normal -0.861469 0.311226 0.401259
outer loop
vertex 1.094414 13.241379 0.216101
vertex 1.838968 14.068966 1.172701
vertex 1.293019 14.068966 0.000593
endloop
endfacet
facet normal -0.982687 0.092661 0.160440
outer loop
vertex 1.765132 13.241379 1.107491
vertex 1.944884 13.241379 2.208459
vertex 2.061764 14.068966 2.446380
endloop
endfacet
facet normal -0.982335 0.074102 0.171833
outer loop
vertex 1.765132 13.241379 1.107491
vertex 2.061764 14.068966 2.446380
vertex 1.838968 14.068966 1.172701
endloop
endfacet
facet normal -0.980933 0.110093 0.160154
outer loop
vertex 1.944884 13.241379 2.208459
vertex 2.124635 13.241379 3.309427
vertex 2.284561 14.068966 3.720059
endloop
endfacet
facet normal -0.981114 0.089225 0.171620
outer loop
vertex 1.944884 13.241379 2.208459
vertex 2.284561 14.068966 3.720059
vertex 2.061764 14.068966 2.446380
endloop
endfacet
facet normal -0.950951 0.267559 0.155259
outer loop
vertex 2.124635 13.241379 3.309427
vertex 2.304387 13.241379 4.410394
vertex 2.628049 14.068966 4.966620
endloop
endfacet
facet normal -0.962642 0.054409 0.265255
outer loop
vertex 2.124635 13.241379 3.309427
vertex 2.628049 14.068966 4.966620
vertex 2.284561 14.068966 3.720059
endloop
endfacet
facet normal -0.662665 0.741060 0.108191
outer loop
vertex 2.304387 13.241379 4.410394
vertex 2.484139 13.241379 5.511362
vertex 3.479558 14.068966 5.939671
endloop
endfacet
facet normal -0.744402 -0.146693 0.651419
outer loop
vertex 2.304387 13.241379 4.410394
vertex 3.479558 14.068966 5.939671
vertex 2.628049 14.068966 4.966620
endloop
endfacet
facet normal -0.337286 0.627545 0.701730
outer loop
vertex 2.484139 13.241379 5.511362
vertex 3.489573 13.241379 5.994624
vertex 4.770715 14.068966 5.870308
endloop
endfacet
facet normal 0.046377 -0.502571 0.863291
outer loop
vertex 2.484139 13.241379 5.511362
vertex 4.770715 14.068966 5.870308
vertex 3.479558 14.068966 5.939671
endloop
endfacet
facet normal -0.005119 0.858418 0.512926
outer loop
vertex 3.489573 13.241379 5.994624
vertex 4.605063 13.241379 6.005755
vertex 5.121878 14.068966 4.625888
endloop
endfacet
facet normal 0.546633 -0.823042 0.154254
outer loop
vertex 3.489573 13.241379 5.994624
vertex 5.121878 14.068966 4.625888
vertex 4.770715 14.068966 5.870308
endloop
endfacet
facet normal 0.027162 0.951950 0.305046
outer loop
vertex 4.605063 13.241379 6.005755
vertex 5.716212 13.241379 5.906816
vertex 5.363319 14.068966 3.355611
endloop
endfacet
facet normal 0.940418 -0.289248 0.178745
outer loop
vertex 4.605063 13.241379 6.005755
vertex 5.363319 14.068966 3.355611
vertex 5.121878 14.068966 4.625888
endloop
endfacet
facet normal 0.043547 0.976679 0.210241
outer loop
vertex 5.716212 13.241379 5.906816
vertex 6.808570 13.241379 5.680557
vertex 5.604760 14.068966 2.085334
endloop
endfacet
facet normal 0.696571 0.705167 0.132397
outer loop
vertex 5.716212 13.241379 5.906816
vertex 5.604760 14.068966 2.085334
vertex 5.363319 14.068966 3.355611
endloop
endfacet
facet normal 0.016134 0.960618 0.277405
outer loop
vertex 6.808570 13.241379 5.680557
vertex 7.922233 13.241379 5.615787
vertex 6.666727 14.068966 2.822982
endloop
endfacet
facet normal -0.195706 0.939316 0.281751
outer loop
vertex 6.808570 13.241379 5.680557
vertex 6.666727 14.068966 2.822982
vertex 5.604760 14.068966 2.085334
endloop
endfacet
facet normal -0.015310 0.886377 0.462710
outer loop
vertex 7.922233 13.241379 5.615787
vertex 9.037168 13.241379 5.652677
vertex 7.188251 14.068966 4.006160
endloop
endfacet
facet normal -0.914716 -0.027066 0.403190
outer loop
vertex 7.922233 13.241379 5.615787
vertex 7.188251 14.068966 4.006160
vertex 6.666727 14.068966 2.822982
endloop
endfacet
facet normal -0.041443 0.414696 0.909016
outer loop
vertex 9.037168 13.241379 5.652677
vertex 10.151556 13.241379 5.703483
vertex 7.654725 14.068966 5.212104
endloop
endfacet
facet normal -0.550944 -0.806873 0.213112
outer loop
vertex 9.037168 13.241379 5.652677
vertex 7.654725 14.068966 5.212104
vertex 7.188251 14.068966 4.006160
endloop
endfacet
facet normal -0.041166 -0.415090 0.908848
outer loop
vertex 10.151556 13.241379 5.703483
vertex 11.265958 13.241379 5.753960
vertex 8.668816 14.068966 6.014298
endloop
endfacet
facet normal -0.359565 -0.814925 0.454543
outer loop
vertex 10.151556 13.241379 5.703483
vertex 8.668816 14.068966 6.014298
vertex 7.654725 14.068966 5.212104
endloop
endfacet
facet normal -0.007742 -0.349785 0.936798
outer loop
vertex 11.265958 13.241379 5.753960
vertex 12.381465 13.241379 5.763179
vertex 9.961279 14.068966 6.052184
endloop
endfacet
facet normal -0.027144 -0.376489 0.926023
outer loop
vertex 11.265958 13.241379 5.753960
vertex 9.961279 14.068966 6.052184
vertex 8.668816 14.068966 6.014298
endloop
endfacet
facet normal 0.010244 -0.406031 0.913802
outer loop
vertex 12.381465 13.241379 5.763179
vertex 13.496940 13.241379 5.750674
vertex 11.251064 14.068966 6.143573
endloop
endfacet
facet normal -0.061798 -0.485294 0.872164
outer loop
vertex 12.381465 13.241379 5.763179
vertex 11.251064 14.068966 6.143573
vertex 9.961279 14.068966 6.052184
endloop
endfacet
facet normal 0.034409 -0.440453 0.897116
outer loop
vertex 13.496940 13.241379 5.750674
vertex 14.611665 13.241379 5.707919
vertex 12.543116 14.068966 6.193574
endloop
endfacet
facet normal -0.033460 -0.501290 0.864632
outer loop
vertex 13.496940 13.241379 5.750674
vertex 12.543116 14.068966 6.193574
vertex 11.251064 14.068966 6.143573
endloop
endfacet
facet normal 0.028223 -0.485398 0.873838
outer loop
vertex 14.611665 13.241379 5.707919
vertex 15.726629 13.241379 5.671907
vertex 13.836134 14.068966 6.192673
endloop
endfacet
facet normal 0.000601 -0.505003 0.863117
outer loop
vertex 14.611665 13.241379 5.707919
vertex 13.836134 14.068966 6.192673
vertex 12.543116 14.068966 6.193574
endloop
endfacet
facet normal -0.015400 -0.494978 0.868769
outer loop
vertex 15.726629 13.241379 5.671907
vertex 16.841998 13.241379 5.691679
vertex 15.127766 14.068966 6.132806
endloop
endfacet
facet normal 0.041031 -0.463317 0.885242
outer loop
vertex 15.726629 13.241379 5.671907
vertex 15.127766 14.068966 6.132806
vertex 13.836134 14.068966 6.192673
endloop
endfacet
facet normal 0.011879 -0.483087 0.875492
outer loop
vertex 16.841998 13.241379 5.691679
vertex 17.957441 13.241379 5.676545
vertex 16.420610 14.068966 6.154049
endloop
endfacet
facet normal -0.014292 -0.493224 0.869785
outer loop
vertex 16.841998 13.241379 5.691679
vertex 16.420610 14.068966 6.154049
vertex 15.127766 14.068966 6.132806
endloop
endfacet
facet normal 0.810271 -0.084379 0.579949
outer loop
vertex 17.957441 13.241379 5.676545
vertex 18.606715 13.241379 4.769416
vertex 17.713526 14.068966 6.137737
endloop
endfacet
facet normal 0.011038 -0.484275 0.874846
outer loop
vertex 17.957441 13.241379 5.676545
vertex 17.713526 14.068966 6.137737
vertex 16.420610 14.068966 6.154049
endloop
endfacet
facet normal 0.886811 -0.266577 0.377495
outer loop
vertex 18.606715 13.241379 4.769416
vertex 19.043639 13.241379 3.742996
vertex 18.651762 14.068966 5.248012
endloop
endfacet
facet normal 0.625823 -0.415713 0.659945
outer loop
vertex 18.606715 13.241379 4.769416
vertex 18.651762 14.068966 5.248012
vertex 17.713526 14.068966 6.137737
endloop
endfacet
facet normal 0.968695 0.150245 0.197629
outer loop
vertex 19.043639 13.241379 3.742996
vertex 19.266634 13.241379 2.649966
vertex 18.868304 14.068966 3.973254
endloop
endfacet
facet normal 0.973147 0.160181 0.165307
outer loop
vertex 19.043639 13.241379 3.742996
vertex 18.868304 14.068966 3.973254
vertex 18.651762 14.068966 5.248012
endloop
endfacet
facet normal 0.960137 0.199418 0.195883
outer loop
vertex 19.266634 13.241379 2.649966
vertex 19.489629 13.241379 1.556936
vertex 19.084845 14.068966 2.698496
endloop
endfacet
facet normal 0.965461 0.202457 0.164002
outer loop
vertex 19.266634 13.241379 2.649966
vertex 19.084845 14.068966 2.698496
vertex 18.868304 14.068966 3.973254
endloop
endfacet
facet normal 0.949425 0.247130 0.193698
outer loop
vertex 19.489629 13.241379 1.556936
vertex 19.712624 13.241379 0.463907
vertex 19.301387 14.068966 1.423739
endloop
endfacet
facet normal 0.956171 0.243631 0.162424
outer loop
vertex 19.489629 13.241379 1.556936
vertex 19.301387 14.068966 1.423739
vertex 19.084845 14.068966 2.698496
endloop
endfacet
facet normal 0.431894 -0.353671 0.829689
outer loop
vertex 19.712624 13.241379 0.463907
vertex 20.702132 13.241379 -0.051181
vertex 20.244896 14.068966 0.539607
endloop
endfacet
facet normal 0.609986 -0.451863 0.650951
outer loop
vertex 19.712624 13.241379 0.463907
vertex 20.244896 14.068966 0.539607
vertex 19.301387 14.068966 1.423739
endloop
endfacet
facet normal 0.002677 -0.582801 0.812610
outer loop
vertex 20.702132 13.241379 -0.051181
vertex 21.817671 13.241379 -0.054857
vertex 21.537914 14.068966 0.539607
endloop
endfacet
facet normal -0.000000 -0.581014 0.813894
outer loop
vertex 20.702132 13.241379 -0.051181
vertex 21.537914 14.068966 0.539607
vertex 20.244896 14.068966 0.539607
endloop
endfacet
facet normal -0.000000 -0.583401 0.812185
outer loop
vertex 21.817671 13.241379 -0.054857
vertex 22.933216 13.241379 -0.054857
vertex 22.830933 14.068966 0.539607
endloop
endfacet
facet normal -0.000000 -0.583401 0.812185
outer loop
vertex 21.817671 13.241379 -0.054857
vertex 22.830933 14.068966 0.539607
vertex 21.537914 14.068966 0.539607
endloop
endfacet
facet normal -0.000000 -0.583401 0.812185
outer loop
vertex 22.933216 13.241379 -0.054857
vertex 24.048761 13.241379 -0.054857
vertex 24.123952 14.068966 0.539607
endloop
endfacet
facet normal -0.000000 -0.583401 0.812185
outer loop
vertex 22.933216 13.241379 -0.054857
vertex 24.123952 14.068966 0.539607
vertex 22.830933 14.068966 0.539607
endloop
endfacet
facet normal -0.000358 -0.625442 0.780270
outer loop
vertex 0.000000 14.068966 0.000000
vertex 1.293019 14.068966 0.000593
vertex 1.266173 14.896552 0.663950
endloop
endfacet
facet normal -0.464400 0.000000 0.885625
outer loop
vertex 0.000000 14.068966 0.000000
vertex 1.266173 14.896552 0.663950
vertex 0.000000 14.896552 0.000000
endloop
endfacet
facet normal -0.841401 -0.372088 0.391912
outer loop
vertex 1.293019 14.068966 0.000593
vertex 1.838968 14.068966 1.172701
vertex 1.844944 14.896552 1.971256
endloop
endfacet
facet normal -0.861939 -0.333833 0.381598
outer loop
vertex 1.293019 14.068966 0.000593
vertex 1.844944 14.896552 1.971256
vertex 1.266173 14.896552 0.663950
endloop
endfacet
facet normal -0.983330 -0.058953 0.172007
outer loop
vertex 1.838968 14.068966 1.172701
vertex 2.061764 14.068966 2.446380
vertex 2.172474 14.896552 3.362927
endloop
endfacet
facet normal -0.951848 -0.209286 0.224018
outer loop
vertex 1.838968 14.068966 1.172701
vertex 2.172474 14.896552 3.362927
vertex 1.844944 14.896552 1.971256
endloop
endfacet
facet normal -0.984215 0.041004 0.172162
outer loop
vertex 2.061764 14.068966 2.446380
vertex 2.284561 14.068966 3.720059
vertex 2.500004 14.896552 4.754597
endloop
endfacet
facet normal -0.966065 -0.122569 0.227364
outer loop
vertex 2.061764 14.068966 2.446380
vertex 2.500004 14.896552 4.754597
vertex 2.172474 14.896552 3.362927
endloop
endfacet
facet normal -0.759691 0.615670 0.209332
outer loop
vertex 2.284561 14.068966 3.720059
vertex 2.628049 14.068966 4.966620
vertex 3.517163 14.896552 5.759292
endloop
endfacet
facet normal -0.573965 -0.576977 0.581086
outer loop
vertex 2.284561 14.068966 3.720059
vertex 3.517163 14.896552 5.759292
vertex 2.500004 14.896552 4.754597
endloop
endfacet
facet normal -0.349855 0.885364 0.306155
outer loop
vertex 2.628049 14.068966 4.966620
vertex 3.479558 14.068966 5.939671
vertex 4.622048 14.896552 4.851958
endloop
endfacet
facet normal 0.365061 -0.817992 0.444545
outer loop
vertex 2.628049 14.068966 4.966620
vertex 4.622048 14.896552 4.851958
vertex 3.517163 14.896552 5.759292
endloop
endfacet
facet normal 0.017713 0.943912 0.329721
outer loop
vertex 3.479558 14.068966 5.939671
vertex 4.770715 14.068966 5.870308
vertex 5.045376 14.896552 3.486375
endloop
endfacet
facet normal 0.699632 -0.680791 0.216885
outer loop
vertex 3.479558 14.068966 5.939671
vertex 5.045376 14.896552 3.486375
vertex 4.622048 14.896552 4.851958
endloop
endfacet
facet normal 0.868217 0.431479 0.245002
outer loop
vertex 4.770715 14.068966 5.870308
vertex 5.121878 14.068966 4.625888
vertex 5.421392 14.896552 2.107015
endloop
endfacet
facet normal 0.883933 0.400749 0.240962
outer loop
vertex 4.770715 14.068966 5.870308
vertex 5.421392 14.896552 2.107015
vertex 5.045376 14.896552 3.486375
endloop
endfacet
facet normal 0.977015 0.104671 0.185701
outer loop
vertex 5.121878 14.068966 4.625888
vertex 5.363319 14.068966 3.355611
vertex 5.775264 14.896552 0.721808
endloop
endfacet
facet normal 0.898748 0.373546 0.229598
outer loop
vertex 5.121878 14.068966 4.625888
vertex 5.775264 14.896552 0.721808
vertex 5.421392 14.896552 2.107015
endloop
endfacet
facet normal 0.709146 -0.692059 0.134787
outer loop
vertex 5.363319 14.068966 3.355611
vertex 5.604760 14.068966 2.085334
vertex 6.850639 14.896552 -0.220313
endloop
endfacet
facet normal 0.287119 0.900086 0.327730
outer loop
vertex 5.363319 14.068966 3.355611
vertex 6.850639 14.896552 -0.220313
vertex 5.775264 14.896552 0.721808
endloop
endfacet
facet normal -0.212943 0.927724 0.306567
outer loop
vertex 5.604760 14.068966 2.085334
vertex 6.666727 14.068966 2.822982
vertex 7.623001 14.896552 0.982800
endloop
endfacet
facet normal -0.285571 0.940659 0.183328
outer loop
vertex 5.604760 14.068966 2.085334
vertex 7.623001 14.896552 0.982800
vertex 6.850639 14.896552 -0.220313
endloop
endfacet
facet normal -0.430179 0.882605 0.189615
outer loop
vertex 6.666727 14.068966 2.822982
vertex 7.188251 14.068966 4.006160
vertex 8.140954 14.896552 2.315372
endloop
endfacet
facet normal -0.437248 0.883137 0.169952
outer loop
vertex 6.666727 14.068966 2.822982
vertex 8.140954 14.896552 2.315372
vertex 7.623001 14.896552 0.982800
endloop
endfacet
facet normal -0.463850 0.867554 0.179423
outer loop
vertex 7.188251 14.068966 4.006160
vertex 7.654725 14.068966 5.212104
vertex 8.605155 14.896552 3.667608
endloop
endfacet
facet normal -0.468823 0.868506 0.160939
outer loop
vertex 7.188251 14.068966 4.006160
vertex 8.605155 14.896552 3.667608
vertex 8.140954 14.896552 2.315372
endloop
endfacet
facet normal -0.301555 0.873925 0.381209
outer loop
vertex 7.654725 14.068966 5.212104
vertex 8.668816 14.068966 6.014298
vertex 9.505054 14.896552 4.778556
endloop
endfacet
facet normal -0.338398 0.900194 0.274112
outer loop
vertex 7.654725 14.068966 5.212104
vertex 9.505054 14.896552 4.778556
vertex 8.605155 14.896552 3.667608
endloop
endfacet
facet normal -0.018138 0.785367 0.618765
outer loop
vertex 8.668816 14.068966 6.014298
vertex 9.961279 14.068966 6.052184
vertex 10.912524 14.896552 5.029653
endloop
endfacet
facet normal -0.091133 0.854842 0.510824
outer loop
vertex 8.668816 14.068966 6.014298
vertex 10.912524 14.896552 5.029653
vertex 9.505054 14.896552 4.778556
endloop
endfacet
facet normal -0.031752 0.893407 0.448124
outer loop
vertex 9.961279 14.068966 6.052184
vertex 11.251064 14.068966 6.143573
vertex 12.264767 14.896552 4.565473
endloop
endfacet
facet normal 0.254090 0.622517 0.740210
outer loop
vertex 9.961279 14.068966 6.052184
vertex 12.264767 14.896552 4.565473
vertex 10.912524 14.896552 5.029653
endloop
endfacet
facet normal -0.011051 0.958300 0.285551
outer loop
vertex 11.251064 14.068966 6.143573
vertex 12.543116 14.068966 6.193574
vertex 13.145855 14.896552 3.439548
endloop
endfacet
facet normal 0.770637 0.206008 0.603058
outer loop
vertex 11.251064 14.068966 6.143573
vertex 13.145855 14.896552 3.439548
vertex 12.264767 14.896552 4.565473
endloop
endfacet
facet normal 0.000145 0.977978 0.208708
outer loop
vertex 12.543116 14.068966 6.193574
vertex 13.836134 14.068966 6.192673
vertex 14.028176 14.896552 2.314589
endloop
endfacet
facet normal 0.440396 0.828700 0.345409
outer loop
vertex 12.543116 14.068966 6.193574
vertex 14.028176 14.896552 2.314589
vertex 13.145855 14.896552 3.439548
endloop
endfacet
facet normal 0.013073 0.959311 0.282047
outer loop
vertex 13.836134 14.068966 6.192673
vertex 15.127766 14.068966 6.132806
vertex 15.042719 14.896552 3.321924
endloop
endfacet
facet normal -0.194137 0.961291 0.195527
outer loop
vertex 13.836134 14.068966 6.192673
vertex 15.042719 14.896552 3.321924
vertex 14.028176 14.896552 2.314589
endloop
endfacet
facet normal -0.007778 0.880832 0.473365
outer loop
vertex 15.127766 14.068966 6.132806
vertex 16.420610 14.068966 6.154049
vertex 15.679635 14.896552 4.601909
endloop
endfacet
facet normal -0.515220 0.817815 0.256372
outer loop
vertex 15.127766 14.068966 6.132806
vertex 15.679635 14.896552 4.601909
vertex 15.042719 14.896552 3.321924
endloop
endfacet
facet normal 0.009978 0.611980 0.790810
outer loop
vertex 16.420610 14.068966 6.154049
vertex 17.713526 14.068966 6.137737
vertex 16.784706 14.896552 5.509016
endloop
endfacet
facet normal -0.475937 0.661296 0.579804
outer loop
vertex 16.420610 14.068966 6.154049
vertex 16.784706 14.896552 5.509016
vertex 15.679635 14.896552 4.601909
endloop
endfacet
facet normal 0.644611 0.349868 0.679757
outer loop
vertex 17.713526 14.068966 6.137737
vertex 18.651762 14.068966 5.248012
vertex 18.192171 14.896552 5.257885
endloop
endfacet
facet normal 0.127665 0.686850 0.715499
outer loop
vertex 17.713526 14.068966 6.137737
vertex 18.192171 14.896552 5.257885
vertex 16.784706 14.896552 5.509016
endloop
endfacet
facet normal 0.982582 0.081696 0.166910
outer loop
vertex 18.651762 14.068966 5.248012
vertex 18.868304 14.068966 3.973254
vertex 18.801014 14.896552 3.964311
endloop
endfacet
facet normal 0.810115 0.445340 0.381295
outer loop
vertex 18.651762 14.068966 5.248012
vertex 18.801014 14.896552 3.964311
vertex 18.192171 14.896552 5.257885
endloop
endfacet
facet normal 0.982132 0.087077 0.166834
outer loop
vertex 18.868304 14.068966 3.973254
vertex 19.084845 14.068966 2.698496
vertex 19.036006 14.896552 2.554062
endloop
endfacet
facet normal 0.983102 0.081704 0.163816
outer loop
vertex 18.868304 14.068966 3.973254
vertex 19.036006 14.896552 2.554062
vertex 18.801014 14.896552 3.964311
endloop
endfacet
facet normal 0.981655 0.092450 0.166753
outer loop
vertex 19.084845 14.068966 2.698496
vertex 19.301387 14.068966 1.423739
vertex 19.270998 14.896552 1.143813
endloop
endfacet
facet normal 0.982696 0.086571 0.163748
outer loop
vertex 19.084845 14.068966 2.698496
vertex 19.270998 14.896552 1.143813
vertex 19.036006 14.896552 2.554062
endloop
endfacet
facet normal 0.542981 0.607793 0.579447
outer loop
vertex 19.301387 14.068966 1.423739
vertex 20.244896 14.068966 0.539607
vertex 19.991527 14.896552 -0.091040
endloop
endfacet
facet normal 0.846588 0.198173 0.493980
outer loop
vertex 19.301387 14.068966 1.423739
vertex 19.991527 14.896552 -0.091040
vertex 19.270998 14.896552 1.143813
endloop
endfacet
facet normal -0.000000 0.632317 0.774710
outer loop
vertex 20.244896 14.068966 0.539607
vertex 21.537914 14.068966 0.539607
vertex 21.420518 14.896552 -0.135867
endloop
endfacet
facet normal 0.024828 0.610718 0.791459
outer loop
vertex 20.244896 14.068966 0.539607
vertex 21.420518 14.896552 -0.135867
vertex 19.991527 14.896552 -0.091040
endloop
endfacet
facet normal -0.000000 0.632317 0.774710
outer loop
vertex 21.537914 14.068966 0.539607
vertex 22.830933 14.068966 0.539607
vertex 22.850211 14.896552 -0.135867
endloop
endfacet
facet normal -0.000000 0.632317 0.774710
outer loop
vertex 21.537914 14.068966 0.539607
vertex 22.850211 14.896552 -0.135867
vertex 21.420518 14.896552 -0.135867
endloop
endfacet
facet normal -0.000000 0.632317 0.774710
outer loop
vertex 22.830933 14.068966 0.539607
vertex 24.123952 14.068966 0.539607
vertex 24.279905 14.896552 -0.135867
endloop
endfacet
facet normal -0.000000 0.632317 0.774710
outer loop
vertex 22.830933 14.068966 0.539607
vertex 24.279905 14.896552 -0.135867
vertex 22.850211 14.896552 -0.135867
endloop
endfacet
facet normal -0.462773 -0.083639 0.882522
outer loop
vertex 0.000000 14.896552 0.000000
vertex 1.266173 14.896552 0.663950
vertex 1.176737 15.724138 0.695485
endloop
endfacet
facet normal -0.508805 0.000000 0.860882
outer loop
vertex 0.000000 14.896552 0.000000
vertex 1.176737 15.724138 0.695485
vertex 0.000000 15.724138 0.000000
endloop
endfacet
facet normal -0.859444 -0.341440 0.380494
outer loop
vertex 1.266173 14.896552 0.663950
vertex 1.844944 14.896552 1.971256
vertex 1.535311 15.724138 2.014512
endloop
endfacet
facet normal -0.958739 -0.113541 0.260631
outer loop
vertex 1.266173 14.896552 0.663950
vertex 1.535311 15.724138 2.014512
vertex 1.176737 15.724138 0.695485
endloop
endfacet
facet normal -0.929504 -0.296928 0.218759
outer loop
vertex 1.844944 14.896552 1.971256
vertex 2.172474 14.896552 3.362927
vertex 1.900744 15.724138 3.331655
endloop
endfacet
facet normal -0.902397 -0.350709 0.250365
outer loop
vertex 1.844944 14.896552 1.971256
vertex 1.900744 15.724138 3.331655
vertex 1.535311 15.724138 2.014512
endloop
endfacet
facet normal -0.951668 -0.210148 0.223975
outer loop
vertex 2.172474 14.896552 3.362927
vertex 2.500004 14.896552 4.754597
vertex 2.290697 15.724138 4.641749
endloop
endfacet
facet normal -0.917028 -0.290783 0.272956
outer loop
vertex 2.172474 14.896552 3.362927
vertex 2.290697 15.724138 4.641749
vertex 1.900744 15.724138 3.331655
endloop
endfacet
facet normal -0.613893 -0.486685 0.621509
outer loop
vertex 2.500004 14.896552 4.754597
vertex 3.517163 14.896552 5.759292
vertex 2.944788 15.724138 5.841988
endloop
endfacet
facet normal -0.867473 -0.154932 0.472744
outer loop
vertex 2.500004 14.896552 4.754597
vertex 2.944788 15.724138 5.841988
vertex 2.290697 15.724138 4.641749
endloop
endfacet
facet normal 0.628083 -0.143325 0.764833
outer loop
vertex 3.517163 14.896552 5.759292
vertex 4.622048 14.896552 4.851958
vertex 4.216276 15.724138 5.340263
endloop
endfacet
facet normal 0.362392 0.158868 0.918386
outer loop
vertex 3.517163 14.896552 5.759292
vertex 4.216276 15.724138 5.340263
vertex 2.944788 15.724138 5.841988
endloop
endfacet
facet normal 0.885993 0.373605 0.274656
outer loop
vertex 4.622048 14.896552 4.851958
vertex 5.045376 14.896552 3.486375
vertex 4.533840 15.724138 4.010767
endloop
endfacet
facet normal 0.920920 0.321744 0.219971
outer loop
vertex 4.622048 14.896552 4.851958
vertex 4.533840 15.724138 4.010767
vertex 4.216276 15.724138 5.340263
endloop
endfacet
facet normal 0.830169 0.509514 0.226305
outer loop
vertex 5.045376 14.896552 3.486375
vertex 5.421392 14.896552 2.107015
vertex 4.761893 15.724138 2.663028
endloop
endfacet
facet normal 0.880574 0.449874 0.149004
outer loop
vertex 5.045376 14.896552 3.486375
vertex 4.761893 15.724138 2.663028
vertex 4.533840 15.724138 4.010767
endloop
endfacet
facet normal 0.778122 0.595828 0.198783
outer loop
vertex 5.421392 14.896552 2.107015
vertex 5.775264 14.896552 0.721808
vertex 4.989946 15.724138 1.315289
endloop
endfacet
facet normal 0.817749 0.558694 0.138373
outer loop
vertex 5.421392 14.896552 2.107015
vertex 4.989946 15.724138 1.315289
vertex 4.761893 15.724138 2.663028
endloop
endfacet
facet normal 0.591928 0.439451 0.675651
outer loop
vertex 5.775264 14.896552 0.721808
vertex 6.850639 14.896552 -0.220313
vertex 5.767019 15.724138 0.190759
endloop
endfacet
facet normal 0.770815 0.349471 0.532648
outer loop
vertex 5.775264 14.896552 0.721808
vertex 5.767019 15.724138 0.190759
vertex 4.989946 15.724138 1.315289
endloop
endfacet
facet normal -0.838688 0.081948 0.538412
outer loop
vertex 6.850639 14.896552 -0.220313
vertex 7.623001 14.896552 0.982800
vertex 7.130130 15.724138 0.089090
endloop
endfacet
facet normal 0.069109 -0.369744 0.926560
outer loop
vertex 6.850639 14.896552 -0.220313
vertex 7.130130 15.724138 0.089090
vertex 5.767019 15.724138 0.190759
endloop
endfacet
facet normal -0.551595 0.806087 0.214398
outer loop
vertex 7.623001 14.896552 0.982800
vertex 8.140954 14.896552 2.315372
vertex 8.496698 15.724138 0.119077
endloop
endfacet
facet normal -0.015005 0.729508 0.683808
outer loop
vertex 7.623001 14.896552 0.982800
vertex 8.496698 15.724138 0.119077
vertex 7.130130 15.724138 0.089090
endloop
endfacet
facet normal -0.355407 0.926715 0.122005
outer loop
vertex 8.140954 14.896552 2.315372
vertex 8.605155 14.896552 3.667608
vertex 9.739940 15.724138 0.687194
endloop
endfacet
facet normal -0.149580 0.932994 0.327334
outer loop
vertex 8.140954 14.896552 2.315372
vertex 9.739940 15.724138 0.687194
vertex 8.496698 15.724138 0.119077
endloop
endfacet
facet normal -0.169476 0.975926 0.137280
outer loop
vertex 8.605155 14.896552 3.667608
vertex 9.505054 14.896552 4.778556
vertex 11.095965 15.724138 0.859255
endloop
endfacet
facet normal -0.032472 0.966154 0.255913
outer loop
vertex 8.605155 14.896552 3.667608
vertex 11.095965 15.724138 0.859255
vertex 9.739940 15.724138 0.687194
endloop
endfacet
facet normal -0.028763 0.986499 0.161222
outer loop
vertex 9.505054 14.896552 4.778556
vertex 10.912524 14.896552 5.029653
vertex 12.300662 15.724138 0.213411
endloop
endfacet
facet normal 0.138347 0.956172 0.258059
outer loop
vertex 9.505054 14.896552 4.778556
vertex 12.300662 15.724138 0.213411
vertex 11.095965 15.724138 0.859255
endloop
endfacet
facet normal 0.069788 0.976625 0.203305
outer loop
vertex 10.912524 14.896552 5.029653
vertex 12.264767 14.896552 4.565473
vertex 13.663625 15.724138 0.109779
endloop
endfacet
facet normal 0.013155 0.984831 0.173017
outer loop
vertex 10.912524 14.896552 5.029653
vertex 13.663625 15.724138 0.109779
vertex 12.300662 15.724138 0.213411
endloop
endfacet
facet normal 0.727718 0.382267 0.569472
outer loop
vertex 12.264767 14.896552 4.565473
vertex 13.145855 14.896552 3.439548
vertex 14.432347 15.724138 1.240033
endloop
endfacet
facet normal -0.182248 0.975408 0.123953
outer loop
vertex 12.264767 14.896552 4.565473
vertex 14.432347 15.724138 1.240033
vertex 13.663625 15.724138 0.109779
endloop
endfacet
facet normal 0.583614 -0.670724 0.457737
outer loop
vertex 13.145855 14.896552 3.439548
vertex 14.028176 14.896552 2.314589
vertex 14.786636 15.724138 2.560218
endloop
endfacet
facet normal -0.401134 0.909672 0.107650
outer loop
vertex 13.145855 14.896552 3.439548
vertex 14.786636 15.724138 2.560218
vertex 14.432347 15.724138 1.240033
endloop
endfacet
facet normal -0.665231 -0.329514 0.669991
outer loop
vertex 14.028176 14.896552 2.314589
vertex 15.042719 14.896552 3.321924
vertex 15.183120 15.724138 3.868350
endloop
endfacet
facet normal -0.750588 0.620372 0.227497
outer loop
vertex 14.028176 14.896552 2.314589
vertex 15.183120 15.724138 3.868350
vertex 14.786636 15.724138 2.560218
endloop
endfacet
facet normal -0.841871 -0.340245 0.418912
outer loop
vertex 15.042719 14.896552 3.321924
vertex 15.679635 14.896552 4.601909
vertex 15.623966 15.724138 5.162206
endloop
endfacet
facet normal -0.945269 -0.052288 0.322074
outer loop
vertex 15.042719 14.896552 3.321924
vertex 15.623966 15.724138 5.162206
vertex 15.183120 15.724138 3.868350
endloop
endfacet
facet normal -0.633358 -0.059358 0.771579
outer loop
vertex 15.679635 14.896552 4.601909
vertex 16.784706 14.896552 5.509016
vertex 16.895555 15.724138 5.663674
endloop
endfacet
facet normal -0.306964 -0.547631 0.778379
outer loop
vertex 15.679635 14.896552 4.601909
vertex 16.895555 15.724138 5.663674
vertex 15.623966 15.724138 5.162206
endloop
endfacet
facet normal 0.158795 0.427489 0.889965
outer loop
vertex 16.784706 14.896552 5.509016
vertex 18.192171 14.896552 5.257885
vertex 18.022821 15.724138 4.890576
endloop
endfacet
facet normal 0.551210 -0.224029 0.803728
outer loop
vertex 16.784706 14.896552 5.509016
vertex 18.022821 15.724138 4.890576
vertex 16.895555 15.724138 5.663674
endloop
endfacet
facet normal 0.829121 0.400338 0.390241
outer loop
vertex 18.192171 14.896552 5.257885
vertex 18.801014 14.896552 3.964311
vertex 18.557540 15.724138 3.632608
endloop
endfacet
facet normal 0.865369 0.340340 0.367839
outer loop
vertex 18.192171 14.896552 5.257885
vertex 18.557540 15.724138 3.632608
vertex 18.022821 15.724138 4.890576
endloop
endfacet
facet normal 0.949766 0.269995 0.158261
outer loop
vertex 18.801014 14.896552 3.964311
vertex 19.036006 14.896552 2.554062
vertex 18.843743 15.724138 2.296010
endloop
endfacet
facet normal 0.916595 0.348327 0.196269
outer loop
vertex 18.801014 14.896552 3.964311
vertex 18.843743 15.724138 2.296010
vertex 18.557540 15.724138 3.632608
endloop
endfacet
facet normal 0.966353 0.200580 0.161025
outer loop
vertex 19.036006 14.896552 2.554062
vertex 19.270998 14.896552 1.143813
vertex 19.129947 15.724138 0.959411
endloop
endfacet
facet normal 0.938521 0.280698 0.200964
outer loop
vertex 19.036006 14.896552 2.554062
vertex 19.129947 15.724138 0.959411
vertex 18.843743 15.724138 2.296010
endloop
endfacet
facet normal 0.838459 -0.240074 0.489236
outer loop
vertex 19.270998 14.896552 1.143813
vertex 19.991527 14.896552 -0.091040
vertex 20.147865 15.724138 0.047133
endloop
endfacet
facet normal 0.642743 0.269346 0.717171
outer loop
vertex 19.270998 14.896552 1.143813
vertex 20.147865 15.724138 0.047133
vertex 19.129947 15.724138 0.959411
endloop
endfacet
facet normal 0.030594 -0.218998 0.975246
outer loop
vertex 19.991527 14.896552 -0.091040
vertex 21.420518 14.896552 -0.135867
vertex 21.514762 15.724138 0.047016
endloop
endfacet
facet normal 0.000084 -0.164694 0.986345
outer loop
vertex 19.991527 14.896552 -0.091040
vertex 21.514762 15.724138 0.047016
vertex 20.147865 15.724138 0.047133
endloop
endfacet
facet normal -0.000000 -0.215778 0.976442
outer loop
vertex 21.420518 14.896552 -0.135867
vertex 22.850211 14.896552 -0.135867
vertex 22.881660 15.724138 0.047016
endloop
endfacet
facet normal 0.000000 -0.215778 0.976442
outer loop
vertex 21.420518 14.896552 -0.135867
vertex 22.881660 15.724138 0.047016
vertex 21.514762 15.724138 0.047016
endloop
endfacet
facet normal -0.000000 -0.215778 0.976442
outer loop
vertex 22.850211 14.896552 -0.135867
vertex 24.279905 14.896552 -0.135867
vertex 24.248557 15.724138 0.047016
endloop
endfacet
facet normal 0.000000 -0.215778 0.976442
outer loop
vertex 22.850211 14.896552 -0.135867
vertex 24.248557 15.724138 0.047016
vertex 22.881660 15.724138 0.047016
endloop
endfacet
facet normal -0.481976 -0.320434 0.815488
outer loop
vertex 0.000000 15.724138 0.000000
vertex 1.176737 15.724138 0.695485
vertex 0.993739 16.551724 0.912516
endloop
endfacet
facet normal -0.676364 0.000000 0.736567
outer loop
vertex 0.000000 15.724138 0.000000
vertex 0.993739 16.551724 0.912516
vertex 0.000000 16.551724 0.000000
endloop
endfacet
facet normal -0.885028 -0.398547 0.240593
outer loop
vertex 1.176737 15.724138 0.695485
vertex 1.535311 15.724138 2.014512
vertex 1.224418 16.551724 2.241798
endloop
endfacet
facet normal -0.952940 -0.254084 0.165370
outer loop
vertex 1.176737 15.724138 0.695485
vertex 1.224418 16.551724 2.241798
vertex 0.993739 16.551724 0.912516
endloop
endfacet
facet normal -0.827653 -0.512115 0.229627
outer loop
vertex 1.535311 15.724138 2.014512
vertex 1.900744 15.724138 3.331655
vertex 1.455098 16.551724 3.571079
endloop
endfacet
facet normal -0.909348 -0.384947 0.157805
outer loop
vertex 1.535311 15.724138 2.014512
vertex 1.455098 16.551724 3.571079
vertex 1.224418 16.551724 2.241798
endloop
endfacet
facet normal -0.752176 -0.619762 0.223887
outer loop
vertex 1.900744 15.724138 3.331655
vertex 2.290697 15.724138 4.641749
vertex 1.685777 16.551724 4.900361
endloop
endfacet
facet normal -0.852283 -0.501735 0.147903
outer loop
vertex 1.900744 15.724138 3.331655
vertex 1.685777 16.551724 4.900361
vertex 1.455098 16.551724 3.571079
endloop
endfacet
facet normal -0.877998 -0.013259 0.478480
outer loop
vertex 2.290697 15.724138 4.641749
vertex 2.944788 15.724138 5.841988
vertex 2.818522 16.551724 5.633226
endloop
endfacet
facet normal -0.453485 -0.550505 0.700925
outer loop
vertex 2.290697 15.724138 4.641749
vertex 2.818522 16.551724 5.633226
vertex 1.685777 16.551724 4.900361
endloop
endfacet
facet normal 0.258656 0.709524 0.655495
outer loop
vertex 2.944788 15.724138 5.841988
vertex 4.216276 15.724138 5.340263
vertex 3.728329 16.551724 4.637006
endloop
endfacet
facet normal 0.710546 0.272100 0.648912
outer loop
vertex 2.944788 15.724138 5.841988
vertex 3.728329 16.551724 4.637006
vertex 2.818522 16.551724 5.633226
endloop
endfacet
facet normal 0.762452 0.620886 0.182120
outer loop
vertex 4.216276 15.724138 5.340263
vertex 4.533840 15.724138 4.010767
vertex 4.024715 16.551724 3.320815
endloop
endfacet
facet normal 0.776010 0.606031 0.174746
outer loop
vertex 4.216276 15.724138 5.340263
vertex 4.024715 16.551724 3.320815
vertex 3.728329 16.551724 4.637006
endloop
endfacet
facet normal 0.823709 0.549615 0.139381
outer loop
vertex 4.533840 15.724138 4.010767
vertex 4.761893 15.724138 2.663028
vertex 4.321101 16.551724 2.004625
endloop
endfacet
facet normal 0.768005 0.616652 0.172943
outer loop
vertex 4.533840 15.724138 4.010767
vertex 4.321101 16.551724 2.004625
vertex 4.024715 16.551724 3.320815
endloop
endfacet
facet normal 0.937797 0.308797 0.158686
outer loop
vertex 4.761893 15.724138 2.663028
vertex 4.989946 15.724138 1.315289
vertex 4.813350 16.551724 0.748482
endloop
endfacet
facet normal 0.731947 0.618046 0.286831
outer loop
vertex 4.761893 15.724138 2.663028
vertex 4.813350 16.551724 0.748482
vertex 4.321101 16.551724 2.004625
endloop
endfacet
facet normal 0.793924 0.262114 0.548617
outer loop
vertex 4.989946 15.724138 1.315289
vertex 5.767019 15.724138 0.190759
vertex 5.767507 16.551724 -0.205345
endloop
endfacet
facet normal 0.596760 0.536198 0.596966
outer loop
vertex 4.989946 15.724138 1.315289
vertex 5.767507 16.551724 -0.205345
vertex 4.813350 16.551724 0.748482
endloop
endfacet
facet normal 0.070072 0.335383 0.939472
outer loop
vertex 5.767019 15.724138 0.190759
vertex 7.130130 15.724138 0.089090
vertex 7.116656 16.551724 -0.205345
endloop
endfacet
facet normal 0.000000 0.431724 0.902006
outer loop
vertex 5.767019 15.724138 0.190759
vertex 7.116656 16.551724 -0.205345
vertex 5.767507 16.551724 -0.205345
endloop
endfacet
facet normal -0.020431 0.364232 0.931084
outer loop
vertex 7.130130 15.724138 0.089090
vertex 8.496698 15.724138 0.119077
vertex 8.465805 16.551724 -0.205345
endloop
endfacet
facet normal -0.000000 0.335194 0.942149
outer loop
vertex 7.130130 15.724138 0.089090
vertex 8.465805 16.551724 -0.205345
vertex 7.116656 16.551724 -0.205345
endloop
endfacet
facet normal -0.291172 0.713590 0.637188
outer loop
vertex 8.496698 15.724138 0.119077
vertex 9.739940 15.724138 0.687194
vertex 9.814954 16.551724 -0.205345
endloop
endfacet
facet normal -0.000000 0.364969 0.931019
outer loop
vertex 8.496698 15.724138 0.119077
vertex 9.814954 16.551724 -0.205345
vertex 8.465805 16.551724 -0.205345
endloop
endfacet
facet normal -0.077251 0.789539 0.608819
outer loop
vertex 9.739940 15.724138 0.687194
vertex 11.095965 15.724138 0.859255
vertex 11.164102 16.551724 -0.205345
endloop
endfacet
facet normal -0.000000 0.733285 0.679921
outer loop
vertex 9.739940 15.724138 0.687194
vertex 11.164102 16.551724 -0.205345
vertex 9.814954 16.551724 -0.205345
endloop
endfacet
facet normal 0.449408 0.308726 0.838284
outer loop
vertex 11.095965 15.724138 0.859255
vertex 12.300662 15.724138 0.213411
vertex 12.513251 16.551724 -0.205345
endloop
endfacet
facet normal -0.000000 0.789509 0.613739
outer loop
vertex 11.095965 15.724138 0.859255
vertex 12.513251 16.551724 -0.205345
vertex 11.164102 16.551724 -0.205345
endloop
endfacet
facet normal 0.071300 0.339943 0.937739
outer loop
vertex 12.300662 15.724138 0.213411
vertex 13.663625 15.724138 0.109779
vertex 13.862400 16.551724 -0.205345
endloop
endfacet
facet normal -0.000000 0.451489 0.892276
outer loop
vertex 12.300662 15.724138 0.213411
vertex 13.862400 16.551724 -0.205345
vertex 12.513251 16.551724 -0.205345
endloop
endfacet
facet normal -0.825085 0.065776 0.561167
outer loop
vertex 13.663625 15.724138 0.109779
vertex 14.432347 15.724138 1.240033
vertex 14.366433 16.551724 1.046115
endloop
endfacet
facet normal -0.871349 0.342916 0.350941
outer loop
vertex 13.663625 15.724138 0.109779
vertex 14.366433 16.551724 1.046115
vertex 13.862400 16.551724 -0.205345
endloop
endfacet
facet normal -0.964592 -0.050519 0.258861
outer loop
vertex 14.432347 15.724138 1.240033
vertex 14.786636 15.724138 2.560218
vertex 14.688554 16.551724 2.356245
endloop
endfacet
facet normal -0.970857 -0.021393 0.238704
outer loop
vertex 14.432347 15.724138 1.240033
vertex 14.688554 16.551724 2.356245
vertex 14.366433 16.551724 1.046115
endloop
endfacet
facet normal -0.956151 -0.042314 0.289801
outer loop
vertex 14.786636 15.724138 2.560218
vertex 15.183120 15.724138 3.868350
vertex 15.079556 16.551724 3.647493
endloop
endfacet
facet normal -0.956240 -0.041963 0.289559
outer loop
vertex 14.786636 15.724138 2.560218
vertex 15.079556 16.551724 3.647493
vertex 14.688554 16.551724 2.356245
endloop
endfacet
facet normal -0.945726 0.042068 0.322230
outer loop
vertex 15.183120 15.724138 3.868350
vertex 15.623966 15.724138 5.162206
vertex 15.572575 16.551724 4.903333
endloop
endfacet
facet normal -0.930672 -0.018960 0.365364
outer loop
vertex 15.183120 15.724138 3.868350
vertex 15.572575 16.551724 4.903333
vertex 15.079556 16.551724 3.647493
endloop
endfacet
facet normal -0.326195 0.457637 0.827143
outer loop
vertex 15.623966 15.724138 5.162206
vertex 16.895555 15.724138 5.663674
vertex 16.888060 16.551724 5.202836
endloop
endfacet
facet normal -0.213140 0.279600 0.936160
outer loop
vertex 15.623966 15.724138 5.162206
vertex 16.888060 16.551724 5.202836
vertex 15.572575 16.551724 4.903333
endloop
endfacet
facet normal 0.442851 0.622028 0.645728
outer loop
vertex 16.895555 15.724138 5.663674
vertex 18.022821 15.724138 4.890576
vertex 17.823145 16.551724 4.230305
endloop
endfacet
facet normal 0.671018 0.365343 0.645181
outer loop
vertex 16.895555 15.724138 5.663674
vertex 17.823145 16.551724 4.230305
vertex 16.888060 16.551724 5.202836
endloop
endfacet
facet normal 0.743298 0.589647 0.315951
outer loop
vertex 18.022821 15.724138 4.890576
vertex 18.557540 15.724138 3.632608
vertex 18.197880 16.551724 2.934243
endloop
endfacet
facet normal 0.874928 0.412925 0.252971
outer loop
vertex 18.022821 15.724138 4.890576
vertex 18.197880 16.551724 2.934243
vertex 17.823145 16.551724 4.230305
endloop
endfacet
facet normal 0.886347 0.422336 0.189792
outer loop
vertex 18.557540 15.724138 3.632608
vertex 18.843743 15.724138 2.296010
vertex 18.589214 16.551724 1.643096
endloop
endfacet
facet normal 0.798480 0.551234 0.242012
outer loop
vertex 18.557540 15.724138 3.632608
vertex 18.589214 16.551724 1.643096
vertex 18.197880 16.551724 2.934243
endloop
endfacet
facet normal 0.934547 0.294240 0.200113
outer loop
vertex 18.843743 15.724138 2.296010
vertex 19.129947 15.724138 0.959411
vertex 18.998279 16.551724 0.357457
endloop
endfacet
facet normal 0.841183 0.469869 0.267648
outer loop
vertex 18.843743 15.724138 2.296010
vertex 18.998279 16.551724 0.357457
vertex 18.589214 16.551724 1.643096
endloop
endfacet
facet normal 0.620351 0.368842 0.692186
outer loop
vertex 19.129947 15.724138 0.959411
vertex 20.147865 15.724138 0.047133
vertex 20.129647 16.551724 -0.377532
endloop
endfacet
facet normal 0.447009 0.571602 0.688080
outer loop
vertex 19.129947 15.724138 0.959411
vertex 20.129647 16.551724 -0.377532
vertex 18.998279 16.551724 0.357457
endloop
endfacet
facet normal 0.000076 0.456443 0.889753
outer loop
vertex 20.147865 15.724138 0.047133
vertex 21.514762 15.724138 0.047016
vertex 21.478796 16.551724 -0.377532
endloop
endfacet
facet normal -0.000000 0.456539 0.889703
outer loop
vertex 20.147865 15.724138 0.047133
vertex 21.478796 16.551724 -0.377532
vertex 20.129647 16.551724 -0.377532
endloop
endfacet
facet normal 0.000000 0.456440 0.889754
outer loop
vertex 21.514762 15.724138 0.047016
vertex 22.881660 15.724138 0.047016
vertex 22.827945 16.551724 -0.377532
endloop
endfacet
facet normal -0.000000 0.456440 0.889754
outer loop
vertex 21.514762 15.724138 0.047016
vertex 22.827945 16.551724 -0.377532
vertex 21.478796 16.551724 -0.377532
endloop
endfacet
facet normal 0.000000 0.456440 0.889754
outer loop
vertex 22.881660 15.724138 0.047016
vertex 24.248557 15.724138 0.047016
vertex 24.177094 16.551724 -0.377532
endloop
endfacet
facet normal -0.000000 0.456440 0.889754
outer loop
vertex 22.881660 15.724138 0.047016
vertex 24.177094 16.551724 -0.377532
vertex 22.827945 16.551724 -0.377532
endloop
endfacet
facet normal -0.598481 -0.465874 0.651752
outer loop
vertex 0.000000 16.551724 0.000000
vertex 0.993739 16.551724 0.912516
vertex 0.652299 17.379310 1.190545
endloop
endfacet
facet normal -0.876993 0.000000 0.480504
outer loop
vertex 0.000000 16.551724 0.000000
vertex 0.652299 17.379310 1.190545
vertex 0.000000 17.379310 0.000000
endloop
endfacet
facet normal -0.942992 -0.289804 0.163644
outer loop
vertex 0.993739 16.551724 0.912516
vertex 1.224418 16.551724 2.241798
vertex 1.014683 17.379310 2.498814
endloop
endfacet
facet normal -0.866332 -0.438044 0.239970
outer loop
vertex 0.993739 16.551724 0.912516
vertex 1.014683 17.379310 2.498814
vertex 0.652299 17.379310 1.190545
endloop
endfacet
facet normal -0.954567 -0.247711 0.165653
outer loop
vertex 1.224418 16.551724 2.241798
vertex 1.455098 16.551724 3.571079
vertex 1.285120 17.379310 3.829135
endloop
endfacet
facet normal -0.935955 -0.296289 0.190267
outer loop
vertex 1.224418 16.551724 2.241798
vertex 1.285120 17.379310 3.829135
vertex 1.014683 17.379310 2.498814
endloop
endfacet
facet normal -0.964520 -0.204168 0.167380
outer loop
vertex 1.455098 16.551724 3.571079
vertex 1.685777 16.551724 4.900361
vertex 1.555557 17.379310 5.159456
endloop
endfacet
facet normal -0.947637 -0.254704 0.192642
outer loop
vertex 1.455098 16.551724 3.571079
vertex 1.555557 17.379310 5.159456
vertex 1.285120 17.379310 3.829135
endloop
endfacet
facet normal -0.493705 0.417074 0.763089
outer loop
vertex 1.685777 16.551724 4.900361
vertex 2.818522 16.551724 5.633226
vertex 2.910666 17.379310 5.240516
endloop
endfacet
facet normal -0.056839 -0.306425 0.950196
outer loop
vertex 1.685777 16.551724 4.900361
vertex 2.910666 17.379310 5.240516
vertex 1.555557 17.379310 5.159456
endloop
endfacet
facet normal 0.577997 0.622320 0.527861
outer loop
vertex 2.818522 16.551724 5.633226
vertex 3.728329 16.551724 4.637006
vertex 3.431152 17.379310 3.986728
endloop
endfacet
facet normal 0.920703 0.078858 0.382213
outer loop
vertex 2.818522 16.551724 5.633226
vertex 3.431152 17.379310 3.986728
vertex 2.910666 17.379310 5.240516
endloop
endfacet
facet normal 0.899422 0.387322 0.202536
outer loop
vertex 3.728329 16.551724 4.637006
vertex 4.024715 16.551724 3.320815
vertex 3.811806 17.379310 2.683658
endloop
endfacet
facet normal 0.835713 0.491919 0.244129
outer loop
vertex 3.728329 16.551724 4.637006
vertex 3.811806 17.379310 2.683658
vertex 3.431152 17.379310 3.986728
endloop
endfacet
facet normal 0.902048 0.380852 0.203128
outer loop
vertex 4.024715 16.551724 3.320815
vertex 4.321101 16.551724 2.004625
vertex 4.116667 17.379310 1.360801
endloop
endfacet
facet normal 0.897279 0.390040 0.206783
outer loop
vertex 4.024715 16.551724 3.320815
vertex 4.116667 17.379310 1.360801
vertex 3.811806 17.379310 2.683658
endloop
endfacet
facet normal 0.752223 0.589294 0.294776
outer loop
vertex 4.321101 16.551724 2.004625
vertex 4.813350 16.551724 0.748482
vertex 4.441583 17.379310 0.042726
endloop
endfacet
facet normal 0.893245 0.391954 0.220193
outer loop
vertex 4.321101 16.551724 2.004625
vertex 4.441583 17.379310 0.042726
vertex 4.116667 17.379310 1.360801
endloop
endfacet
facet normal 0.691210 -0.210065 0.691449
outer loop
vertex 4.813350 16.551724 0.748482
vertex 5.767507 16.551724 -0.205345
vertex 5.798826 17.379310 0.014770
endloop
endfacet
facet normal 0.015599 0.652848 0.757328
outer loop
vertex 4.813350 16.551724 0.748482
vertex 5.798826 17.379310 0.014770
vertex 4.441583 17.379310 0.042726
endloop
endfacet
facet normal 0.000000 -0.257037 0.966402
outer loop
vertex 5.767507 16.551724 -0.205345
vertex 7.116656 16.551724 -0.205345
vertex 7.156357 17.379310 0.014770
endloop
endfacet
facet normal 0.000000 -0.257036 0.966402
outer loop
vertex 5.767507 16.551724 -0.205345
vertex 7.156357 17.379310 0.014770
vertex 5.798826 17.379310 0.014770
endloop
endfacet
facet normal -0.000000 -0.257037 0.966402
outer loop
vertex 7.116656 16.551724 -0.205345
vertex 8.465805 16.551724 -0.205345
vertex 8.513888 17.379310 0.014770
endloop
endfacet
facet normal 0.000000 -0.257037 0.966402
outer loop
vertex 7.116656 16.551724 -0.205345
vertex 8.513888 17.379310 0.014770
vertex 7.156357 17.379310 0.014770
endloop
endfacet
facet normal -0.000000 -0.257037 0.966402
outer loop
vertex 8.465805 16.551724 -0.205345
vertex 9.814954 16.551724 -0.205345
vertex 9.871419 17.379310 0.014770
endloop
endfacet
facet normal 0.000000 -0.257037 0.966402
outer loop
vertex 8.465805 16.551724 -0.205345
vertex 9.871419 17.379310 0.014770
vertex 8.513888 17.379310 0.014770
endloop
endfacet
facet normal -0.000000 -0.257037 0.966402
outer loop
vertex 9.814954 16.551724 -0.205345
vertex 11.164102 16.551724 -0.205345
vertex 11.228950 17.379310 0.014770
endloop
endfacet
facet normal 0.000000 -0.257037 0.966402
outer loop
vertex 9.814954 16.551724 -0.205345
vertex 11.228950 17.379310 0.014770
vertex 9.871419 17.379310 0.014770
endloop
endfacet
facet normal -0.000000 -0.257037 0.966402
outer loop
vertex 11.164102 16.551724 -0.205345
vertex 12.513251 16.551724 -0.205345
vertex 12.586481 17.379310 0.014770
endloop
endfacet
facet normal 0.000000 -0.257037 0.966402
outer loop
vertex 11.164102 16.551724 -0.205345
vertex 12.586481 17.379310 0.014770
vertex 11.228950 17.379310 0.014770
endloop
endfacet
facet normal -0.000000 -0.257037 0.966402
outer loop
vertex 12.513251 16.551724 -0.205345
vertex 13.862400 16.551724 -0.205345
vertex 13.944012 17.379310 0.014770
endloop
endfacet
facet normal -0.000000 -0.257037 0.966402
outer loop
vertex 12.513251 16.551724 -0.205345
vertex 13.944012 17.379310 0.014770
vertex 12.586481 17.379310 0.014770
endloop
endfacet
facet normal -0.922722 -0.102341 0.371632
outer loop
vertex 13.862400 16.551724 -0.205345
vertex 14.366433 16.551724 1.046115
vertex 14.377406 17.379310 1.301262
endloop
endfacet
facet normal -0.947636 0.008541 0.319240
outer loop
vertex 13.862400 16.551724 -0.205345
vertex 14.377406 17.379310 1.301262
vertex 13.944012 17.379310 0.014770
endloop
endfacet
facet normal -0.967423 -0.086690 0.237860
outer loop
vertex 14.366433 16.551724 1.046115
vertex 14.688554 16.551724 2.356245
vertex 14.680364 17.379310 2.624556
endloop
endfacet
facet normal -0.973261 -0.055792 0.222821
outer loop
vertex 14.366433 16.551724 1.046115
vertex 14.680364 17.379310 2.624556
vertex 14.377406 17.379310 1.301262
endloop
endfacet
facet normal -0.948624 -0.132660 0.287252
outer loop
vertex 14.688554 16.551724 2.356245
vertex 15.079556 16.551724 3.647493
vertex 15.049640 17.379310 3.930896
endloop
endfacet
facet normal -0.957730 -0.097251 0.270731
outer loop
vertex 14.688554 16.551724 2.356245
vertex 15.049640 17.379310 3.930896
vertex 14.680364 17.379310 2.624556
endloop
endfacet
facet normal -0.928489 -0.071018 0.364507
outer loop
vertex 15.079556 16.551724 3.647493
vertex 15.572575 16.551724 4.903333
vertex 15.612490 17.379310 5.166247
endloop
endfacet
facet normal -0.896394 -0.172263 0.408414
outer loop
vertex 15.079556 16.551724 3.647493
vertex 15.612490 17.379310 5.166247
vertex 15.049640 17.379310 3.930896
endloop
endfacet
facet normal -0.217489 -0.200431 0.955262
outer loop
vertex 15.572575 16.551724 4.903333
vertex 16.888060 16.551724 5.202836
vertex 16.951307 17.379310 5.390878
endloop
endfacet
facet normal -0.158258 -0.292019 0.943228
outer loop
vertex 15.572575 16.551724 4.903333
vertex 16.951307 17.379310 5.390878
vertex 15.612490 17.379310 5.166247
endloop
endfacet
facet normal 0.720234 -0.041271 0.692502
outer loop
vertex 16.888060 16.551724 5.202836
vertex 17.823145 16.551724 4.230305
vertex 17.784888 17.379310 4.319415
endloop
endfacet
facet normal 0.773970 -0.195965 0.602137
outer loop
vertex 16.888060 16.551724 5.202836
vertex 17.784888 17.379310 4.319415
vertex 16.951307 17.379310 5.390878
endloop
endfacet
facet normal 0.951757 0.135767 0.275185
outer loop
vertex 17.823145 16.551724 4.230305
vertex 18.197880 16.551724 2.934243
vertex 18.063479 17.379310 2.990778
endloop
endfacet
facet normal 0.978454 0.023140 0.205164
outer loop
vertex 17.823145 16.551724 4.230305
vertex 18.063479 17.379310 2.990778
vertex 17.784888 17.379310 4.319415
endloop
endfacet
facet normal 0.921776 0.268842 0.279381
outer loop
vertex 18.197880 16.551724 2.934243
vertex 18.589214 16.551724 1.643096
vertex 18.342071 17.379310 1.662141
endloop
endfacet
facet normal 0.968597 0.143426 0.203097
outer loop
vertex 18.197880 16.551724 2.934243
vertex 18.342071 17.379310 1.662141
vertex 18.063479 17.379310 2.990778
endloop
endfacet
facet normal 0.951246 0.059358 0.302668
outer loop
vertex 18.589214 16.551724 1.643096
vertex 18.998279 16.551724 0.357457
vertex 18.922048 17.379310 0.434738
endloop
endfacet
facet normal 0.875013 0.251792 0.413465
outer loop
vertex 18.589214 16.551724 1.643096
vertex 18.922048 17.379310 0.434738
vertex 18.342071 17.379310 1.662141
endloop
endfacet
facet normal 0.532529 -0.210873 0.819722
outer loop
vertex 18.998279 16.551724 0.357457
vertex 20.129647 16.551724 -0.377532
vertex 20.137555 17.379310 -0.169773
endloop
endfacet
facet normal 0.444898 -0.042556 0.894569
outer loop
vertex 18.998279 16.551724 0.357457
vertex 20.137555 17.379310 -0.169773
vertex 18.922048 17.379310 0.434738
endloop
endfacet
facet normal -0.000000 -0.243487 0.969904
outer loop
vertex 20.129647 16.551724 -0.377532
vertex 21.478796 16.551724 -0.377532
vertex 21.495085 17.379310 -0.169773
endloop
endfacet
facet normal 0.000000 -0.243487 0.969904
outer loop
vertex 20.129647 16.551724 -0.377532
vertex 21.495085 17.379310 -0.169773
vertex 20.137555 17.379310 -0.169773
endloop
endfacet
facet normal -0.000000 -0.243487 0.969904
outer loop
vertex 21.478796 16.551724 -0.377532
vertex 22.827945 16.551724 -0.377532
vertex 22.852616 17.379310 -0.169773
endloop
endfacet
facet normal 0.000000 -0.243487 0.969904
outer loop
vertex 21.478796 16.551724 -0.377532
vertex 22.852616 17.379310 -0.169773
vertex 21.495085 17.379310 -0.169773
endloop
endfacet
facet normal -0.000000 -0.243487 0.969904
outer loop
vertex 22.827945 16.551724 -0.377532
vertex 24.177094 16.551724 -0.377532
vertex 24.210147 17.379310 -0.169773
endloop
endfacet
facet normal 0.000000 -0.243487 0.969904
outer loop
vertex 22.827945 16.551724 -0.377532
vertex 24.210147 17.379310 -0.169773
vertex 22.852616 17.379310 -0.169773
endloop
endfacet
facet normal -0.828571 0.327684 0.453974
outer loop
vertex 0.000000 17.379310 0.000000
vertex 0.652299 17.379310 1.190545
vertex 0.882903 18.206897 1.014069
endloop
endfacet
facet normal -0.754199 0.000000 0.656646
outer loop
vertex 0.000000 17.379310 0.000000
vertex 0.882903 18.206897 1.014069
vertex 0.000000 18.206897 0.000000
endloop
endfacet
facet normal -0.949400 0.171703 0.262979
outer loop
vertex 0.652299 17.379310 1.190545
vertex 1.014683 17.379310 2.498814
vertex 1.119704 18.206897 2.337616
endloop
endfacet
facet normal -0.939735 0.297706 0.168132
outer loop
vertex 0.652299 17.379310 1.190545
vertex 1.119704 18.206897 2.337616
vertex 0.882903 18.206897 1.014069
endloop
endfacet
facet normal -0.972393 0.123998 0.197675
outer loop
vertex 1.014683 17.379310 2.498814
vertex 1.285120 17.379310 3.829135
vertex 1.356506 18.206897 3.661163
endloop
endfacet
facet normal -0.972124 0.157241 0.173927
outer loop
vertex 1.014683 17.379310 2.498814
vertex 1.356506 18.206897 3.661163
vertex 1.119704 18.206897 2.337616
endloop
endfacet
facet normal -0.962982 0.185318 0.195762
outer loop
vertex 1.285120 17.379310 3.829135
vertex 1.555557 17.379310 5.159456
vertex 1.675752 18.206897 4.967277
endloop
endfacet
facet normal -0.963052 0.130848 0.235393
outer loop
vertex 1.285120 17.379310 3.829135
vertex 1.675752 18.206897 4.967277
vertex 1.356506 18.206897 3.661163
endloop
endfacet
facet normal -0.043609 0.683093 0.729028
outer loop
vertex 1.555557 17.379310 5.159456
vertex 2.910666 17.379310 5.240516
vertex 2.923311 18.206897 4.465831
endloop
endfacet
facet normal 0.368185 0.159239 0.916015
outer loop
vertex 1.555557 17.379310 5.159456
vertex 2.923311 18.206897 4.465831
vertex 1.675752 18.206897 4.967277
endloop
endfacet
facet normal 0.817225 0.465885 0.339256
outer loop
vertex 2.910666 17.379310 5.240516
vertex 3.431152 17.379310 3.986728
vertex 3.296688 18.206897 3.174149
endloop
endfacet
facet normal 0.933017 0.238205 0.269700
outer loop
vertex 2.910666 17.379310 5.240516
vertex 3.296688 18.206897 3.174149
vertex 2.923311 18.206897 4.465831
endloop
endfacet
facet normal 0.883515 0.390882 0.258093
outer loop
vertex 3.431152 17.379310 3.986728
vertex 3.811806 17.379310 2.683658
vertex 3.678952 18.206897 1.885069
endloop
endfacet
facet normal 0.879182 0.398834 0.260713
outer loop
vertex 3.431152 17.379310 3.986728
vertex 3.678952 18.206897 1.885069
vertex 3.296688 18.206897 3.174149
endloop
endfacet
facet normal 0.943693 0.249290 0.217480
outer loop
vertex 3.811806 17.379310 2.683658
vertex 4.116667 17.379310 1.360801
vertex 4.073452 18.206897 0.599681
endloop
endfacet
facet normal 0.876129 0.400118 0.268894
outer loop
vertex 3.811806 17.379310 2.683658
vertex 4.073452 18.206897 0.599681
vertex 3.678952 18.206897 1.885069
endloop
endfacet
facet normal 0.779979 -0.595538 0.192271
outer loop
vertex 4.116667 17.379310 1.360801
vertex 4.441583 17.379310 0.042726
vertex 5.138487 18.206897 -0.221022
endloop
endfacet
facet normal 0.485882 0.605265 0.630534
outer loop
vertex 4.116667 17.379310 1.360801
vertex 5.138487 18.206897 -0.221022
vertex 4.073452 18.206897 0.599681
endloop
endfacet
facet normal 0.019892 0.258711 0.965750
outer loop
vertex 4.441583 17.379310 0.042726
vertex 5.798826 17.379310 0.014770
vertex 6.483051 18.206897 -0.221022
endloop
endfacet
facet normal -0.000000 0.303648 0.952784
outer loop
vertex 4.441583 17.379310 0.042726
vertex 6.483051 18.206897 -0.221022
vertex 5.138487 18.206897 -0.221022
endloop
endfacet
facet normal 0.000000 0.274011 0.961727
outer loop
vertex 5.798826 17.379310 0.014770
vertex 7.156357 17.379310 0.014770
vertex 7.827615 18.206897 -0.221022
endloop
endfacet
facet normal -0.000000 0.274011 0.961727
outer loop
vertex 5.798826 17.379310 0.014770
vertex 7.827615 18.206897 -0.221022
vertex 6.483051 18.206897 -0.221022
endloop
endfacet
facet normal 0.000000 0.274011 0.961727
outer loop
vertex 7.156357 17.379310 0.014770
vertex 8.513888 17.379310 0.014770
vertex 9.172179 18.206897 -0.221022
endloop
endfacet
facet normal -0.000000 0.274011 0.961727
outer loop
vertex 7.156357 17.379310 0.014770
vertex 9.172179 18.206897 -0.221022
vertex 7.827615 18.206897 -0.221022
endloop
endfacet
facet normal 0.000000 0.274011 0.961727
outer loop
vertex 8.513888 17.379310 0.014770
vertex 9.871419 17.379310 0.014770
vertex 10.516743 18.206897 -0.221022
endloop
endfacet
facet normal -0.000000 0.274011 0.961727
outer loop
vertex 8.513888 17.379310 0.014770
vertex 10.516743 18.206897 -0.221022
vertex 9.172179 18.206897 -0.221022
endloop
endfacet
facet normal 0.000000 0.274011 0.961727
outer loop
vertex 9.871419 17.379310 0.014770
vertex 11.228950 17.379310 0.014770
vertex 11.861307 18.206897 -0.221022
endloop
endfacet
facet normal -0.000000 0.274011 0.961727
outer loop
vertex 9.871419 17.379310 0.014770
vertex 11.861307 18.206897 -0.221022
vertex 10.516743 18.206897 -0.221022
endloop
endfacet
facet normal 0.000000 0.273099 0.961986
outer loop
vertex 11.228950 17.379310 0.014770
vertex 12.586481 17.379310 0.014770
vertex 13.205871 18.206897 -0.220174
endloop
endfacet
facet normal -0.000606 0.274439 0.961604
outer loop
vertex 11.228950 17.379310 0.014770
vertex 13.205871 18.206897 -0.220174
vertex 11.861307 18.206897 -0.221022
endloop
endfacet
facet normal -0.000000 -0.726985 0.686653
outer loop
vertex 12.586481 17.379310 0.014770
vertex 13.944012 17.379310 0.014770
vertex 13.962983 18.206897 0.890966
endloop
endfacet
facet normal -0.652134 0.614224 0.444353
outer loop
vertex 12.586481 17.379310 0.014770
vertex 13.962983 18.206897 0.890966
vertex 13.205871 18.206897 -0.220174
endloop
endfacet
facet normal -0.838868 -0.465230 0.282598
outer loop
vertex 13.944012 17.379310 0.014770
vertex 14.377406 17.379310 1.301262
vertex 14.224518 18.206897 2.209849
endloop
endfacet
facet normal -0.964800 -0.180440 0.191320
outer loop
vertex 13.944012 17.379310 0.014770
vertex 14.224518 18.206897 2.209849
vertex 13.962983 18.206897 0.890966
endloop
endfacet
facet normal -0.881282 -0.427356 0.201763
outer loop
vertex 14.377406 17.379310 1.301262
vertex 14.680364 17.379310 2.624556
vertex 14.486052 18.206897 3.528732
endloop
endfacet
facet normal -0.912382 -0.367186 0.180925
outer loop
vertex 14.377406 17.379310 1.301262
vertex 14.486052 18.206897 3.528732
vertex 14.224518 18.206897 2.209849
endloop
endfacet
facet normal -0.956225 -0.112113 0.270305
outer loop
vertex 14.680364 17.379310 2.624556
vertex 15.049640 17.379310 3.930896
vertex 15.166708 18.206897 4.688284
endloop
endfacet
facet normal -0.688078 -0.602837 0.403901
outer loop
vertex 14.680364 17.379310 2.624556
vertex 15.166708 18.206897 4.688284
vertex 14.486052 18.206897 3.528732
endloop
endfacet
facet normal -0.570916 0.778712 0.260120
outer loop
vertex 15.049640 17.379310 3.930896
vertex 15.612490 17.379310 5.166247
vertex 16.069573 18.206897 3.691947
endloop
endfacet
facet normal 0.601539 -0.583960 0.545106
outer loop
vertex 15.049640 17.379310 3.930896
vertex 16.069573 18.206897 3.691947
vertex 15.166708 18.206897 4.688284
endloop
endfacet
facet normal -0.092509 0.829122 0.551360
outer loop
vertex 15.612490 17.379310 5.166247
vertex 16.951307 17.379310 5.390878
vertex 17.311646 18.206897 4.206833
endloop
endfacet
facet normal -0.181550 0.880472 0.437959
outer loop
vertex 15.612490 17.379310 5.166247
vertex 17.311646 18.206897 4.206833
vertex 16.069573 18.206897 3.691947
endloop
endfacet
facet normal 0.543193 -0.725502 0.422596
outer loop
vertex 16.951307 17.379310 5.390878
vertex 17.784888 17.379310 4.319415
vertex 18.521583 18.206897 4.793268
endloop
endfacet
facet normal -0.244481 0.828127 0.504415
outer loop
vertex 16.951307 17.379310 5.390878
vertex 18.521583 18.206897 4.793268
vertex 17.311646 18.206897 4.206833
endloop
endfacet
facet normal 0.713158 -0.684868 0.149536
outer loop
vertex 17.784888 17.379310 4.319415
vertex 18.063479 17.379310 2.990778
vertex 18.757832 18.206897 3.469622
endloop
endfacet
facet normal 0.704182 -0.698807 0.125685
outer loop
vertex 17.784888 17.379310 4.319415
vertex 18.757832 18.206897 3.469622
vertex 18.521583 18.206897 4.793268
endloop
endfacet
facet normal 0.730715 -0.665267 0.153218
outer loop
vertex 18.063479 17.379310 2.990778
vertex 18.342071 17.379310 1.662141
vertex 18.994081 18.206897 2.145976
endloop
endfacet
facet normal 0.721735 -0.680077 0.128818
outer loop
vertex 18.063479 17.379310 2.990778
vertex 18.994081 18.206897 2.145976
vertex 18.757832 18.206897 3.469622
endloop
endfacet
facet normal 0.742353 -0.570847 0.350779
outer loop
vertex 18.342071 17.379310 1.662141
vertex 18.922048 17.379310 0.434738
vertex 19.361053 18.206897 0.852460
endloop
endfacet
facet normal 0.708873 -0.676058 0.201108
outer loop
vertex 18.342071 17.379310 1.662141
vertex 19.361053 18.206897 0.852460
vertex 18.994081 18.206897 2.145976
endloop
endfacet
facet normal 0.357195 -0.597133 0.718222
outer loop
vertex 18.922048 17.379310 0.434738
vertex 20.137555 17.379310 -0.169773
vertex 20.584962 18.206897 0.295776
endloop
endfacet
facet normal 0.342516 -0.561790 0.753044
outer loop
vertex 18.922048 17.379310 0.434738
vertex 20.584962 18.206897 0.295776
vertex 19.361053 18.206897 0.852460
endloop
endfacet
facet normal 0.000000 -0.490286 0.871561
outer loop
vertex 20.137555 17.379310 -0.169773
vertex 21.495085 17.379310 -0.169773
vertex 21.929526 18.206897 0.295776
endloop
endfacet
facet normal -0.000000 -0.490286 0.871561
outer loop
vertex 20.137555 17.379310 -0.169773
vertex 21.929526 18.206897 0.295776
vertex 20.584962 18.206897 0.295776
endloop
endfacet
facet normal 0.000000 -0.490286 0.871561
outer loop
vertex 21.495085 17.379310 -0.169773
vertex 22.852616 17.379310 -0.169773
vertex 23.274090 18.206897 0.295776
endloop
endfacet
facet normal -0.000000 -0.490286 0.871561
outer loop
vertex 21.495085 17.379310 -0.169773
vertex 23.274090 18.206897 0.295776
vertex 21.929526 18.206897 0.295776
endloop
endfacet
facet normal 0.000000 -0.490286 0.871561
outer loop
vertex 22.852616 17.379310 -0.169773
vertex 24.210147 17.379310 -0.169773
vertex 24.618654 18.206897 0.295776
endloop
endfacet
facet normal -0.000000 -0.490286 0.871561
outer loop
vertex 22.852616 17.379310 -0.169773
vertex 24.618654 18.206897 0.295776
vertex 23.274090 18.206897 0.295776
endloop
endfacet
facet normal -0.720311 0.296388 0.627141
outer loop
vertex 0.000000 18.206897 0.000000
vertex 0.882903 18.206897 1.014069
vertex 1.065357 19.034483 0.832510
endloop
endfacet
facet normal -0.615736 0.000000 0.787953
outer loop
vertex 0.000000 18.206897 0.000000
vertex 1.065357 19.034483 0.832510
vertex 0.000000 19.034483 0.000000
endloop
endfacet
facet normal -0.959026 0.225450 0.171584
outer loop
vertex 0.882903 18.206897 1.014069
vertex 1.119704 18.206897 2.337616
vertex 1.283698 19.034483 2.166822
endloop
endfacet
facet normal -0.956730 0.245272 0.156555
outer loop
vertex 0.882903 18.206897 1.014069
vertex 1.283698 19.034483 2.166822
vertex 1.065357 19.034483 0.832510
endloop
endfacet
facet normal -0.963904 0.202851 0.172456
outer loop
vertex 1.119704 18.206897 2.337616
vertex 1.356506 18.206897 3.661163
vertex 1.502038 19.034483 3.501133
endloop
endfacet
facet normal -0.961998 0.223115 0.157417
outer loop
vertex 1.119704 18.206897 2.337616
vertex 1.502038 19.034483 3.501133
vertex 1.283698 19.034483 2.166822
endloop
endfacet
facet normal -0.967475 0.089841 0.236474
outer loop
vertex 1.356506 18.206897 3.661163
vertex 1.675752 18.206897 4.967277
vertex 1.720379 19.034483 4.835444
endloop
endfacet
facet normal -0.966813 0.200607 0.158205
outer loop
vertex 1.356506 18.206897 3.661163
vertex 1.720379 19.034483 4.835444
vertex 1.502038 19.034483 3.501133
endloop
endfacet
facet normal 0.313347 -0.542279 0.779582
outer loop
vertex 1.675752 18.206897 4.967277
vertex 2.923311 18.206897 4.465831
vertex 3.064151 19.034483 4.984892
endloop
endfacet
facet normal -0.109071 0.162110 0.980726
outer loop
vertex 1.675752 18.206897 4.967277
vertex 3.064151 19.034483 4.984892
vertex 1.720379 19.034483 4.835444
endloop
endfacet
facet normal 0.934030 -0.233864 0.269993
outer loop
vertex 2.923311 18.206897 4.465831
vertex 3.296688 18.206897 3.174149
vertex 3.361728 19.034483 3.665988
endloop
endfacet
facet normal 0.933293 -0.290902 0.210573
outer loop
vertex 2.923311 18.206897 4.465831
vertex 3.361728 19.034483 3.665988
vertex 3.064151 19.034483 4.984892
endloop
endfacet
facet normal 0.949995 -0.134716 0.281712
outer loop
vertex 3.296688 18.206897 3.174149
vertex 3.678952 18.206897 1.885069
vertex 3.659304 19.034483 2.347084
endloop
endfacet
facet normal 0.955141 -0.203139 0.215502
outer loop
vertex 3.296688 18.206897 3.174149
vertex 3.659304 19.034483 2.347084
vertex 3.361728 19.034483 3.665988
endloop
endfacet
facet normal 0.929785 -0.232528 0.285361
outer loop
vertex 3.678952 18.206897 1.885069
vertex 4.073452 18.206897 0.599681
vertex 4.132807 19.034483 1.080650
endloop
endfacet
facet normal 0.922919 -0.170728 0.345068
outer loop
vertex 3.678952 18.206897 1.885069
vertex 4.132807 19.034483 1.080650
vertex 3.659304 19.034483 2.347084
endloop
endfacet
facet normal 0.597940 -0.200908 0.775953
outer loop
vertex 4.073452 18.206897 0.599681
vertex 5.138487 18.206897 -0.221022
vertex 5.034628 19.034483 0.073288
endloop
endfacet
facet normal 0.681693 -0.403563 0.610272
outer loop
vertex 4.073452 18.206897 0.599681
vertex 5.034628 19.034483 0.073288
vertex 4.132807 19.034483 1.080650
endloop
endfacet
facet normal -0.000000 -0.335067 0.942194
outer loop
vertex 5.138487 18.206897 -0.221022
vertex 6.483051 18.206897 -0.221022
vertex 6.386685 19.034483 0.073288
endloop
endfacet
facet normal -0.000000 -0.335067 0.942194
outer loop
vertex 5.138487 18.206897 -0.221022
vertex 6.386685 19.034483 0.073288
vertex 5.034628 19.034483 0.073288
endloop
endfacet
facet normal -0.000000 -0.335067 0.942194
outer loop
vertex 6.483051 18.206897 -0.221022
vertex 7.827615 18.206897 -0.221022
vertex 7.738743 19.034483 0.073288
endloop
endfacet
facet normal -0.000000 -0.335067 0.942194
outer loop
vertex 6.483051 18.206897 -0.221022
vertex 7.738743 19.034483 0.073288
vertex 6.386685 19.034483 0.073288
endloop
endfacet
facet normal -0.000000 -0.335067 0.942194
outer loop
vertex 7.827615 18.206897 -0.221022
vertex 9.172179 18.206897 -0.221022
vertex 9.090800 19.034483 0.073288
endloop
endfacet
facet normal -0.000000 -0.335067 0.942194
outer loop
vertex 7.827615 18.206897 -0.221022
vertex 9.090800 19.034483 0.073288
vertex 7.738743 19.034483 0.073288
endloop
endfacet
facet normal -0.000000 -0.335067 0.942194
outer loop
vertex 9.172179 18.206897 -0.221022
vertex 10.516743 18.206897 -0.221022
vertex 10.442857 19.034483 0.073288
endloop
endfacet
facet normal -0.000000 -0.335067 0.942194
outer loop
vertex 9.172179 18.206897 -0.221022
vertex 10.442857 19.034483 0.073288
vertex 9.090800 19.034483 0.073288
endloop
endfacet
facet normal -0.000000 -0.335067 0.942194
outer loop
vertex 10.516743 18.206897 -0.221022
vertex 11.861307 18.206897 -0.221022
vertex 11.794915 19.034483 0.073288
endloop
endfacet
facet normal -0.000000 -0.335067 0.942194
outer loop
vertex 10.516743 18.206897 -0.221022
vertex 11.794915 19.034483 0.073288
vertex 10.442857 19.034483 0.073288
endloop
endfacet
facet normal -0.000594 -0.335251 0.942129
outer loop
vertex 11.861307 18.206897 -0.221022
vertex 13.205871 18.206897 -0.220174
vertex 13.146972 19.034483 0.074280
endloop
endfacet
facet normal -0.000691 -0.335116 0.942177
outer loop
vertex 11.861307 18.206897 -0.221022
vertex 13.146972 19.034483 0.074280
vertex 11.794915 19.034483 0.073288
endloop
endfacet
facet normal -0.804375 0.229302 0.548088
outer loop
vertex 13.205871 18.206897 -0.220174
vertex 13.962983 18.206897 0.890966
vertex 14.210915 19.034483 0.908596
endloop
endfacet
facet normal -0.587046 -0.308137 0.748618
outer loop
vertex 13.205871 18.206897 -0.220174
vertex 14.210915 19.034483 0.908596
vertex 13.146972 19.034483 0.074280
endloop
endfacet
facet normal -0.951415 0.243340 0.188666
outer loop
vertex 13.962983 18.206897 0.890966
vertex 14.224518 18.206897 2.209849
vertex 14.442306 19.034483 2.240707
endloop
endfacet
facet normal -0.945875 0.279869 0.164300
outer loop
vertex 13.962983 18.206897 0.890966
vertex 14.442306 19.034483 2.240707
vertex 14.210915 19.034483 0.908596
endloop
endfacet
facet normal -0.959565 0.207432 0.190282
outer loop
vertex 14.224518 18.206897 2.209849
vertex 14.486052 18.206897 3.528732
vertex 14.673696 19.034483 3.572817
endloop
endfacet
facet normal -0.955175 0.245178 0.165916
outer loop
vertex 14.224518 18.206897 2.209849
vertex 14.673696 19.034483 3.572817
vertex 14.442306 19.034483 2.240707
endloop
endfacet
facet normal -0.853748 -0.141293 0.501149
outer loop
vertex 14.486052 18.206897 3.528732
vertex 15.166708 18.206897 4.688284
vertex 15.123430 19.034483 4.847885
endloop
endfacet
facet normal -0.925430 0.192441 0.326412
outer loop
vertex 14.486052 18.206897 3.528732
vertex 15.123430 19.034483 4.847885
vertex 14.673696 19.034483 3.572817
endloop
endfacet
facet normal 0.702434 -0.318447 0.636536
outer loop
vertex 15.166708 18.206897 4.688284
vertex 16.069573 18.206897 3.691947
vertex 16.171406 19.034483 3.993598
endloop
endfacet
facet normal 0.627602 -0.115656 0.769896
outer loop
vertex 15.166708 18.206897 4.688284
vertex 16.171406 19.034483 3.993598
vertex 15.123430 19.034483 4.847885
endloop
endfacet
facet normal -0.303100 -0.611155 0.731177
outer loop
vertex 16.069573 18.206897 3.691947
vertex 17.311646 18.206897 4.206833
vertex 17.211752 19.034483 4.857160
endloop
endfacet
facet normal -0.626073 -0.197879 0.754239
outer loop
vertex 16.069573 18.206897 3.691947
vertex 17.211752 19.034483 4.857160
vertex 16.171406 19.034483 3.993598
endloop
endfacet
facet normal -0.357922 -0.571454 0.738466
outer loop
vertex 17.311646 18.206897 4.206833
vertex 18.521583 18.206897 4.793268
vertex 18.450406 19.034483 5.399188
endloop
endfacet
facet normal -0.317900 -0.609244 0.726472
outer loop
vertex 17.311646 18.206897 4.206833
vertex 18.450406 19.034483 5.399188
vertex 17.211752 19.034483 4.857160
endloop
endfacet
facet normal 0.983966 -0.031103 0.175622
outer loop
vertex 18.521583 18.206897 4.793268
vertex 18.757832 18.206897 3.469622
vertex 18.677488 19.034483 4.066337
endloop
endfacet
facet normal 0.985077 -0.038156 0.167831
outer loop
vertex 18.521583 18.206897 4.793268
vertex 18.677488 19.034483 4.066337
vertex 18.450406 19.034483 5.399188
endloop
endfacet
facet normal 0.984278 -0.018256 0.175678
outer loop
vertex 18.757832 18.206897 3.469622
vertex 18.994081 18.206897 2.145976
vertex 18.904570 19.034483 2.733485
endloop
endfacet
facet normal 0.985477 -0.025388 0.167899
outer loop
vertex 18.757832 18.206897 3.469622
vertex 18.904570 19.034483 2.733485
vertex 18.677488 19.034483 4.066337
endloop
endfacet
facet normal 0.960188 0.061926 0.272406
outer loop
vertex 18.994081 18.206897 2.145976
vertex 19.361053 18.206897 0.852460
vertex 19.151176 19.034483 1.404108
endloop
endfacet
facet normal 0.982963 -0.023131 0.182344
outer loop
vertex 18.994081 18.206897 2.145976
vertex 19.151176 19.034483 1.404108
vertex 18.904570 19.034483 2.733485
endloop
endfacet
facet normal 0.315570 -0.647344 0.693802
outer loop
vertex 19.361053 18.206897 0.852460
vertex 20.584962 18.206897 0.295776
vertex 20.472821 19.034483 1.118952
endloop
endfacet
facet normal 0.181002 -0.513293 0.838909
outer loop
vertex 19.361053 18.206897 0.852460
vertex 20.472821 19.034483 1.118952
vertex 19.151176 19.034483 1.404108
endloop
endfacet
facet normal -0.000000 -0.705215 0.708993
outer loop
vertex 20.584962 18.206897 0.295776
vertex 21.929526 18.206897 0.295776
vertex 21.824878 19.034483 1.118952
endloop
endfacet
facet normal -0.000000 -0.705215 0.708993
outer loop
vertex 20.584962 18.206897 0.295776
vertex 21.824878 19.034483 1.118952
vertex 20.472821 19.034483 1.118952
endloop
endfacet
facet normal -0.000000 -0.705215 0.708993
outer loop
vertex 21.929526 18.206897 0.295776
vertex 23.274090 18.206897 0.295776
vertex 23.176935 19.034483 1.118952
endloop
endfacet
facet normal -0.000000 -0.705215 0.708993
outer loop
vertex 21.929526 18.206897 0.295776
vertex 23.176935 19.034483 1.118952
vertex 21.824878 19.034483 1.118952
endloop
endfacet
facet normal -0.000000 -0.705215 0.708993
outer loop
vertex 23.274090 18.206897 0.295776
vertex 24.618654 18.206897 0.295776
vertex 24.528993 19.034483 1.118952
endloop
endfacet
facet normal -0.000000 -0.705215 0.708993
outer loop
vertex 23.274090 18.206897 0.295776
vertex 24.528993 19.034483 1.118952
vertex 23.176935 19.034483 1.118952
endloop
endfacet
facet normal -0.614482 0.063787 0.786348
outer loop
vertex 0.000000 19.034483 0.000000
vertex 1.065357 19.034483 0.832510
vertex 1.139440 19.862069 0.823269
endloop
endfacet
facet normal -0.585650 0.000000 0.810564
outer loop
vertex 0.000000 19.034483 0.000000
vertex 1.139440 19.862069 0.823269
vertex 0.000000 19.862069 0.000000
endloop
endfacet
facet normal -0.974248 0.159452 0.159422
outer loop
vertex 1.065357 19.034483 0.832510
vertex 1.283698 19.034483 2.166822
vertex 1.424541 19.862069 2.199791
endloop
endfacet
facet normal -0.975283 0.089560 0.201997
outer loop
vertex 1.065357 19.034483 0.832510
vertex 1.424541 19.862069 2.199791
vertex 1.139440 19.862069 0.823269
endloop
endfacet
facet normal -0.961153 0.226822 0.157279
outer loop
vertex 1.283698 19.034483 2.166822
vertex 1.502038 19.034483 3.501133
vertex 1.709642 19.862069 3.576313
endloop
endfacet
facet normal -0.967134 0.156612 0.200310
outer loop
vertex 1.283698 19.034483 2.166822
vertex 1.709642 19.862069 3.576313
vertex 1.424541 19.862069 2.199791
endloop
endfacet
facet normal -0.810621 0.570350 0.132646
outer loop
vertex 1.502038 19.034483 3.501133
vertex 1.720379 19.034483 4.835444
vertex 2.305006 19.862069 4.849747
endloop
endfacet
facet normal -0.890163 0.185495 0.416175
outer loop
vertex 1.502038 19.034483 3.501133
vertex 2.305006 19.862069 4.849747
vertex 1.709642 19.862069 3.576313
endloop
endfacet
facet normal -0.061295 0.832159 0.551138
outer loop
vertex 1.720379 19.034483 4.835444
vertex 3.064151 19.034483 4.984892
vertex 3.178068 19.862069 3.747995
endloop
endfacet
facet normal 0.682547 -0.491516 0.540871
outer loop
vertex 1.720379 19.034483 4.835444
vertex 3.178068 19.862069 3.747995
vertex 2.305006 19.862069 4.849747
endloop
endfacet
facet normal 0.946318 0.242683 0.213512
outer loop
vertex 3.064151 19.034483 4.984892
vertex 3.361728 19.034483 3.665988
vertex 3.442496 19.862069 2.367353
endloop
endfacet
facet normal 0.971853 0.144418 0.186134
outer loop
vertex 3.064151 19.034483 4.984892
vertex 3.442496 19.862069 2.367353
vertex 3.178068 19.862069 3.747995
endloop
endfacet
facet normal 0.932876 0.292304 0.210479
outer loop
vertex 3.361728 19.034483 3.665988
vertex 3.659304 19.034483 2.347084
vertex 3.706924 19.862069 0.986711
endloop
endfacet
facet normal 0.963202 0.195475 0.184477
outer loop
vertex 3.361728 19.034483 3.665988
vertex 3.706924 19.862069 0.986711
vertex 3.442496 19.862069 2.367353
endloop
endfacet
facet normal 0.907580 0.247291 0.339332
outer loop
vertex 3.659304 19.034483 2.347084
vertex 4.132807 19.034483 1.080650
vertex 4.399753 19.862069 -0.236434
endloop
endfacet
facet normal 0.692720 0.605127 0.392379
outer loop
vertex 3.659304 19.034483 2.347084
vertex 4.399753 19.862069 -0.236434
vertex 3.706924 19.862069 0.986711
endloop
endfacet
facet normal 0.719388 -0.260237 0.644017
outer loop
vertex 4.132807 19.034483 1.080650
vertex 5.034628 19.034483 0.073288
vertex 5.791069 19.862069 -0.437266
endloop
endfacet
facet normal 0.078196 0.836913 0.541721
outer loop
vertex 4.132807 19.034483 1.080650
vertex 5.791069 19.862069 -0.437266
vertex 4.399753 19.862069 -0.236434
endloop
endfacet
facet normal -0.000000 0.525045 0.851075
outer loop
vertex 5.034628 19.034483 0.073288
vertex 6.386685 19.034483 0.073288
vertex 7.196806 19.862069 -0.437266
endloop
endfacet
facet normal -0.000000 0.525045 0.851075
outer loop
vertex 5.034628 19.034483 0.073288
vertex 7.196806 19.862069 -0.437266
vertex 5.791069 19.862069 -0.437266
endloop
endfacet
facet normal -0.000000 0.525045 0.851075
outer loop
vertex 6.386685 19.034483 0.073288
vertex 7.738743 19.034483 0.073288
vertex 8.602542 19.862069 -0.437266
endloop
endfacet
facet normal -0.000000 0.525045 0.851075
outer loop
vertex 6.386685 19.034483 0.073288
vertex 8.602542 19.862069 -0.437266
vertex 7.196806 19.862069 -0.437266
endloop
endfacet
facet normal -0.000000 0.525045 0.851075
outer loop
vertex 7.738743 19.034483 0.073288
vertex 9.090800 19.034483 0.073288
vertex 10.008278 19.862069 -0.437266
endloop
endfacet
facet normal -0.000000 0.525045 0.851075
outer loop
vertex 7.738743 19.034483 0.073288
vertex 10.008278 19.862069 -0.437266
vertex 8.602542 19.862069 -0.437266
endloop
endfacet
facet normal -0.000000 0.525045 0.851075
outer loop
vertex 9.090800 19.034483 0.073288
vertex 10.442857 19.034483 0.073288
vertex 11.414015 19.862069 -0.437266
endloop
endfacet
facet normal -0.000000 0.525045 0.851075
outer loop
vertex 9.090800 19.034483 0.073288
vertex 11.414015 19.862069 -0.437266
vertex 10.008278 19.862069 -0.437266
endloop
endfacet
facet normal -0.000000 0.525045 0.851075
outer loop
vertex 10.442857 19.034483 0.073288
vertex 11.794915 19.034483 0.073288
vertex 12.819751 19.862069 -0.437266
endloop
endfacet
facet normal -0.000000 0.525045 0.851075
outer loop
vertex 10.442857 19.034483 0.073288
vertex 12.819751 19.862069 -0.437266
vertex 11.414015 19.862069 -0.437266
endloop
endfacet
facet normal -0.000720 -0.194023 0.980997
outer loop
vertex 11.794915 19.034483 0.073288
vertex 13.146972 19.034483 0.074280
vertex 14.052336 19.862069 0.238626
endloop
endfacet
facet normal -0.317640 0.750706 0.579262
outer loop
vertex 11.794915 19.034483 0.073288
vertex 14.052336 19.862069 0.238626
vertex 12.819751 19.862069 -0.437266
endloop
endfacet
facet normal -0.523926 -0.528308 0.668126
outer loop
vertex 13.146972 19.034483 0.074280
vertex 14.210915 19.034483 0.908596
vertex 14.289075 19.862069 1.624285
endloop
endfacet
facet normal -0.681534 0.722463 0.116440
outer loop
vertex 13.146972 19.034483 0.074280
vertex 14.289075 19.862069 1.624285
vertex 14.052336 19.862069 0.238626
endloop
endfacet
facet normal -0.983498 -0.059551 0.170836
outer loop
vertex 14.210915 19.034483 0.908596
vertex 14.442306 19.034483 2.240707
vertex 14.525813 19.862069 3.009943
endloop
endfacet
facet normal -0.984359 -0.052472 0.168177
outer loop
vertex 14.210915 19.034483 0.908596
vertex 14.525813 19.862069 3.009943
vertex 14.289075 19.862069 1.624285
endloop
endfacet
facet normal -0.981166 0.090925 0.170430
outer loop
vertex 14.442306 19.034483 2.240707
vertex 14.673696 19.034483 3.572817
vertex 14.888527 19.862069 4.368079
endloop
endfacet
facet normal -0.956497 -0.140923 0.255449
outer loop
vertex 14.442306 19.034483 2.240707
vertex 14.888527 19.862069 4.368079
vertex 14.525813 19.862069 3.009943
endloop
endfacet
facet normal -0.721498 0.643955 0.254483
outer loop
vertex 14.673696 19.034483 3.572817
vertex 15.123430 19.034483 4.847885
vertex 15.210168 19.862069 2.999634
endloop
endfacet
facet normal 0.880142 -0.427264 0.206870
outer loop
vertex 14.673696 19.034483 3.572817
vertex 15.210168 19.862069 2.999634
vertex 14.888527 19.862069 4.368079
endloop
endfacet
facet normal 0.219384 0.937786 0.269124
outer loop
vertex 15.123430 19.034483 4.847885
vertex 16.171406 19.034483 3.993598
vertex 15.531808 19.862069 1.631189
endloop
endfacet
facet normal 0.901034 0.378533 0.211780
outer loop
vertex 15.123430 19.034483 4.847885
vertex 15.531808 19.862069 1.631189
vertex 15.210168 19.862069 2.999634
endloop
endfacet
facet normal -0.361884 0.823998 0.435967
outer loop
vertex 16.171406 19.034483 3.993598
vertex 17.211752 19.034483 4.857160
vertex 16.470442 19.862069 2.677641
endloop
endfacet
facet normal -0.447208 0.799436 0.401131
outer loop
vertex 16.171406 19.034483 3.993598
vertex 16.470442 19.862069 2.677641
vertex 15.531808 19.862069 1.631189
endloop
endfacet
facet normal -0.279957 0.715769 0.639764
outer loop
vertex 17.211752 19.034483 4.857160
vertex 18.450406 19.034483 5.399188
vertex 17.154007 19.862069 3.905987
endloop
endfacet
facet normal -0.782210 0.445720 0.435294
outer loop
vertex 17.211752 19.034483 4.857160
vertex 17.154007 19.862069 3.905987
vertex 16.470442 19.862069 2.677641
endloop
endfacet
facet normal 0.777180 0.615189 0.132411
outer loop
vertex 18.450406 19.034483 5.399188
vertex 18.677488 19.034483 4.066337
vertex 18.208161 19.862069 2.976012
endloop
endfacet
facet normal 0.255411 0.922467 0.289516
outer loop
vertex 18.450406 19.034483 5.399188
vertex 18.208161 19.862069 2.976012
vertex 17.154007 19.862069 3.905987
endloop
endfacet
facet normal 0.791535 0.596059 0.134856
outer loop
vertex 18.677488 19.034483 4.066337
vertex 18.904570 19.034483 2.733485
vertex 18.475183 19.862069 1.595869
endloop
endfacet
facet normal 0.764023 0.628027 0.147818
outer loop
vertex 18.677488 19.034483 4.066337
vertex 18.475183 19.862069 1.595869
vertex 18.208161 19.862069 2.976012
endloop
endfacet
facet normal 0.787413 0.598869 0.146069
outer loop
vertex 18.904570 19.034483 2.733485
vertex 19.151176 19.034483 1.404108
vertex 18.742204 19.862069 0.215726
endloop
endfacet
facet normal 0.777713 0.610346 0.150467
outer loop
vertex 18.904570 19.034483 2.733485
vertex 18.742204 19.862069 0.215726
vertex 18.475183 19.862069 1.595869
endloop
endfacet
facet normal 0.111896 0.847654 0.518616
outer loop
vertex 19.151176 19.034483 1.404108
vertex 20.472821 19.034483 1.118952
vertex 20.098724 19.862069 -0.152986
endloop
endfacet
facet normal 0.144471 0.834635 0.531519
outer loop
vertex 19.151176 19.034483 1.404108
vertex 20.098724 19.862069 -0.152986
vertex 18.742204 19.862069 0.215726
endloop
endfacet
facet normal -0.000000 0.838195 0.545371
outer loop
vertex 20.472821 19.034483 1.118952
vertex 21.824878 19.034483 1.118952
vertex 21.504460 19.862069 -0.152986
endloop
endfacet
facet normal -0.000000 0.838195 0.545371
outer loop
vertex 20.472821 19.034483 1.118952
vertex 21.504460 19.862069 -0.152986
vertex 20.098724 19.862069 -0.152986
endloop
endfacet
facet normal -0.000000 0.838195 0.545371
outer loop
vertex 21.824878 19.034483 1.118952
vertex 23.176935 19.034483 1.118952
vertex 22.910197 19.862069 -0.152986
endloop
endfacet
facet normal -0.000000 0.838195 0.545371
outer loop
vertex 21.824878 19.034483 1.118952
vertex 22.910197 19.862069 -0.152986
vertex 21.504460 19.862069 -0.152986
endloop
endfacet
facet normal -0.000000 0.838195 0.545371
outer loop
vertex 23.176935 19.034483 1.118952
vertex 24.528993 19.034483 1.118952
vertex 24.315933 19.862069 -0.152986
endloop
endfacet
facet normal -0.000000 0.838195 0.545371
outer loop
vertex 23.176935 19.034483 1.118952
vertex 24.315933 19.862069 -0.152986
vertex 22.910197 19.862069 -0.152986
endloop
endfacet
facet normal -0.585357 -0.031601 0.810160
outer loop
vertex 0.000000 19.862069 0.000000
vertex 1.139440 19.862069 0.823269
vertex 1.185632 20.689655 0.888924
endloop
endfacet
facet normal -0.599871 0.000000 0.800097
outer loop
vertex 0.000000 19.862069 0.000000
vertex 1.185632 20.689655 0.888924
vertex 0.000000 20.689655 0.000000
endloop
endfacet
facet normal -0.976947 0.068065 0.202342
outer loop
vertex 1.139440 19.862069 0.823269
vertex 1.424541 19.862069 2.199791
vertex 1.510164 20.689655 2.334811
endloop
endfacet
facet normal -0.975054 0.037061 0.218853
outer loop
vertex 1.139440 19.862069 0.823269
vertex 1.510164 20.689655 2.334811
vertex 1.185632 20.689655 0.888924
endloop
endfacet
facet normal -0.970451 0.133510 0.200997
outer loop
vertex 1.424541 19.862069 2.199791
vertex 1.709642 19.862069 3.576313
vertex 1.864382 20.689655 3.773714
endloop
endfacet
facet normal -0.969182 0.061348 0.238586
outer loop
vertex 1.424541 19.862069 2.199791
vertex 1.864382 20.689655 3.773714
vertex 1.510164 20.689655 2.334811
endloop
endfacet
facet normal -0.905549 0.027214 0.423368
outer loop
vertex 1.709642 19.862069 3.576313
vertex 2.305006 19.862069 4.849747
vertex 2.460983 20.689655 5.130171
endloop
endfacet
facet normal -0.912803 0.074913 0.401471
outer loop
vertex 1.709642 19.862069 3.576313
vertex 2.460983 20.689655 5.130171
vertex 1.864382 20.689655 3.773714
endloop
endfacet
facet normal 0.771558 0.175728 0.611406
outer loop
vertex 2.305006 19.862069 4.849747
vertex 3.178068 19.862069 3.747995
vertex 2.990917 20.689655 3.746307
endloop
endfacet
facet normal 0.895175 -0.284871 0.342797
outer loop
vertex 2.305006 19.862069 4.849747
vertex 2.990917 20.689655 3.746307
vertex 2.460983 20.689655 5.130171
endloop
endfacet
facet normal 0.964495 0.188748 0.184725
outer loop
vertex 3.178068 19.862069 3.747995
vertex 3.442496 19.862069 2.367353
vertex 3.294241 20.689655 2.295823
endloop
endfacet
facet normal 0.955609 0.216510 0.199836
outer loop
vertex 3.178068 19.862069 3.747995
vertex 3.294241 20.689655 2.295823
vertex 2.990917 20.689655 3.746307
endloop
endfacet
facet normal 0.981711 0.029867 0.188022
outer loop
vertex 3.442496 19.862069 2.367353
vertex 3.706924 19.862069 0.986711
vertex 3.703777 20.689655 0.871678
endloop
endfacet
facet normal 0.943099 0.192389 0.271204
outer loop
vertex 3.442496 19.862069 2.367353
vertex 3.703777 20.689655 0.871678
vertex 3.294241 20.689655 2.295823
endloop
endfacet
facet normal 0.866437 -0.091777 0.490778
outer loop
vertex 3.706924 19.862069 0.986711
vertex 4.399753 19.862069 -0.236434
vertex 4.549136 20.689655 -0.345400
endloop
endfacet
facet normal 0.818542 0.082139 0.568544
outer loop
vertex 3.706924 19.862069 0.986711
vertex 4.549136 20.689655 -0.345400
vertex 3.703777 20.689655 0.871678
endloop
endfacet
facet normal 0.141259 -0.149582 0.978607
outer loop
vertex 4.399753 19.862069 -0.236434
vertex 5.791069 19.862069 -0.437266
vertex 6.030996 20.689655 -0.345400
endloop
endfacet
facet normal 0.000000 0.130541 0.991443
outer loop
vertex 4.399753 19.862069 -0.236434
vertex 6.030996 20.689655 -0.345400
vertex 4.549136 20.689655 -0.345400
endloop
endfacet
facet normal -0.000000 -0.110327 0.993895
outer loop
vertex 5.791069 19.862069 -0.437266
vertex 7.196806 19.862069 -0.437266
vertex 7.512857 20.689655 -0.345400
endloop
endfacet
facet normal 0.000000 -0.110327 0.993895
outer loop
vertex 5.791069 19.862069 -0.437266
vertex 7.512857 20.689655 -0.345400
vertex 6.030996 20.689655 -0.345400
endloop
endfacet
facet normal -0.000000 -0.110327 0.993895
outer loop
vertex 7.196806 19.862069 -0.437266
vertex 8.602542 19.862069 -0.437266
vertex 8.994717 20.689655 -0.345400
endloop
endfacet
facet normal 0.000000 -0.110327 0.993895
outer loop
vertex 7.196806 19.862069 -0.437266
vertex 8.994717 20.689655 -0.345400
vertex 7.512857 20.689655 -0.345400
endloop
endfacet
facet normal -0.000000 -0.110327 0.993895
outer loop
vertex 8.602542 19.862069 -0.437266
vertex 10.008278 19.862069 -0.437266
vertex 10.476578 20.689655 -0.345400
endloop
endfacet
facet normal 0.000000 -0.110327 0.993895
outer loop
vertex 8.602542 19.862069 -0.437266
vertex 10.476578 20.689655 -0.345400
vertex 8.994717 20.689655 -0.345400
endloop
endfacet
facet normal -0.000000 -0.110327 0.993895
outer loop
vertex 10.008278 19.862069 -0.437266
vertex 11.414015 19.862069 -0.437266
vertex 11.958438 20.689655 -0.345400
endloop
endfacet
facet normal 0.000000 -0.110327 0.993895
outer loop
vertex 10.008278 19.862069 -0.437266
vertex 11.958438 20.689655 -0.345400
vertex 10.476578 20.689655 -0.345400
endloop
endfacet
facet normal -0.000000 -0.391978 0.919974
outer loop
vertex 11.414015 19.862069 -0.437266
vertex 12.819751 19.862069 -0.437266
vertex 13.417177 20.689655 -0.084652
endloop
endfacet
facet normal -0.175956 0.006482 0.984377
outer loop
vertex 11.414015 19.862069 -0.437266
vertex 13.417177 20.689655 -0.084652
vertex 11.958438 20.689655 -0.345400
endloop
endfacet
facet normal -0.297896 -0.784941 0.543255
outer loop
vertex 12.819751 19.862069 -0.437266
vertex 14.052336 19.862069 0.238626
vertex 13.860664 20.689655 1.329289
endloop
endfacet
facet normal -0.832058 0.489458 0.260977
outer loop
vertex 12.819751 19.862069 -0.437266
vertex 13.860664 20.689655 1.329289
vertex 13.417177 20.689655 -0.084652
endloop
endfacet
facet normal -0.901054 -0.405465 0.153944
outer loop
vertex 14.052336 19.862069 0.238626
vertex 14.289075 19.862069 1.624285
vertex 14.115667 20.689655 2.789044
endloop
endfacet
facet normal -0.896654 -0.414097 0.156636
outer loop
vertex 14.052336 19.862069 0.238626
vertex 14.115667 20.689655 2.789044
vertex 13.860664 20.689655 1.329289
endloop
endfacet
facet normal -0.903276 -0.400346 0.154324
outer loop
vertex 14.289075 19.862069 1.624285
vertex 14.525813 19.862069 3.009943
vertex 14.370671 20.689655 4.248798
endloop
endfacet
facet normal -0.898788 -0.409303 0.157009
outer loop
vertex 14.289075 19.862069 1.624285
vertex 14.370671 20.689655 4.248798
vertex 14.115667 20.689655 2.789044
endloop
endfacet
facet normal -0.921135 0.301647 0.246005
outer loop
vertex 14.525813 19.862069 3.009943
vertex 14.888527 19.862069 4.368079
vertex 14.744743 20.689655 2.814929
endloop
endfacet
facet normal 0.949459 -0.192803 0.247698
outer loop
vertex 14.525813 19.862069 3.009943
vertex 14.744743 20.689655 2.814929
vertex 14.370671 20.689655 4.248798
endloop
endfacet
facet normal 0.795094 0.576976 0.186880
outer loop
vertex 14.888527 19.862069 4.368079
vertex 15.210168 19.862069 2.999634
vertex 14.996270 20.689655 1.354572
endloop
endfacet
facet normal 0.885041 0.439847 0.152436
outer loop
vertex 14.888527 19.862069 4.368079
vertex 14.996270 20.689655 1.354572
vertex 14.744743 20.689655 2.814929
endloop
endfacet
facet normal 0.754858 0.631435 0.177423
outer loop
vertex 15.210168 19.862069 2.999634
vertex 15.531808 19.862069 1.631189
vertex 15.247797 20.689655 -0.105786
endloop
endfacet
facet normal 0.847988 0.509495 0.146054
outer loop
vertex 15.210168 19.862069 2.999634
vertex 15.247797 20.689655 -0.105786
vertex 14.996270 20.689655 1.354572
endloop
endfacet
facet normal -0.569665 0.643731 0.510971
outer loop
vertex 15.531808 19.862069 1.631189
vertex 16.470442 19.862069 2.677641
vertex 16.035068 20.689655 1.149648
endloop
endfacet
facet normal -0.653728 0.636068 0.409947
outer loop
vertex 15.531808 19.862069 1.631189
vertex 16.035068 20.689655 1.149648
vertex 15.247797 20.689655 -0.105786
endloop
endfacet
facet normal -0.848715 0.237932 0.472304
outer loop
vertex 16.470442 19.862069 2.677641
vertex 17.154007 19.862069 3.905987
vertex 16.611767 20.689655 2.514686
endloop
endfacet
facet normal -0.896949 0.227785 0.378941
outer loop
vertex 16.470442 19.862069 2.677641
vertex 16.611767 20.689655 2.514686
vertex 16.035068 20.689655 1.149648
endloop
endfacet
facet normal 0.658503 -0.095988 0.746432
outer loop
vertex 17.154007 19.862069 3.905987
vertex 18.208161 19.862069 2.976012
vertex 17.590191 20.689655 3.627609
endloop
endfacet
facet normal -0.638894 0.525668 0.561683
outer loop
vertex 17.154007 19.862069 3.905987
vertex 17.590191 20.689655 3.627609
vertex 16.611767 20.689655 2.514686
endloop
endfacet
facet normal 0.856079 0.489588 0.165629
outer loop
vertex 18.208161 19.862069 2.976012
vertex 18.475183 19.862069 1.595869
vertex 17.889589 20.689655 2.176309
endloop
endfacet
facet normal 0.850041 0.496668 0.175360
outer loop
vertex 18.208161 19.862069 2.976012
vertex 17.889589 20.689655 2.176309
vertex 17.590191 20.689655 3.627609
endloop
endfacet
facet normal 0.864100 0.474745 0.167181
outer loop
vertex 18.475183 19.862069 1.595869
vertex 18.742204 19.862069 0.215726
vertex 18.188987 20.689655 0.725009
endloop
endfacet
facet normal 0.857677 0.482789 0.176936
outer loop
vertex 18.475183 19.862069 1.595869
vertex 18.188987 20.689655 0.725009
vertex 17.889589 20.689655 2.176309
endloop
endfacet
facet normal 0.261664 -0.069083 0.962683
outer loop
vertex 18.742204 19.862069 0.215726
vertex 20.098724 19.862069 -0.152986
vertex 19.515688 20.689655 0.064876
endloop
endfacet
facet normal 0.431852 -0.245420 0.867913
outer loop
vertex 18.742204 19.862069 0.215726
vertex 19.515688 20.689655 0.064876
vertex 18.188987 20.689655 0.725009
endloop
endfacet
facet normal -0.000000 -0.254576 0.967053
outer loop
vertex 20.098724 19.862069 -0.152986
vertex 21.504460 19.862069 -0.152986
vertex 20.997548 20.689655 0.064876
endloop
endfacet
facet normal 0.000000 -0.254576 0.967053
outer loop
vertex 20.098724 19.862069 -0.152986
vertex 20.997548 20.689655 0.064876
vertex 19.515688 20.689655 0.064876
endloop
endfacet
facet normal -0.000000 -0.254576 0.967053
outer loop
vertex 21.504460 19.862069 -0.152986
vertex 22.910197 19.862069 -0.152986
vertex 22.479408 20.689655 0.064876
endloop
endfacet
facet normal 0.000000 -0.254576 0.967053
outer loop
vertex 21.504460 19.862069 -0.152986
vertex 22.479408 20.689655 0.064876
vertex 20.997548 20.689655 0.064876
endloop
endfacet
facet normal -0.000000 -0.254576 0.967053
outer loop
vertex 22.910197 19.862069 -0.152986
vertex 24.315933 19.862069 -0.152986
vertex 23.961269 20.689655 0.064876
endloop
endfacet
facet normal 0.000000 -0.254576 0.967053
outer loop
vertex 22.910197 19.862069 -0.152986
vertex 23.961269 20.689655 0.064876
vertex 22.479408 20.689655 0.064876
endloop
endfacet
facet normal -0.599383 0.040299 0.799447
outer loop
vertex 0.000000 20.689655 0.000000
vertex 1.185632 20.689655 0.888924
vertex 1.191309 21.517241 0.851463
endloop
endfacet
facet normal -0.581477 0.000000 0.813563
outer loop
vertex 0.000000 20.689655 0.000000
vertex 1.191309 21.517241 0.851463
vertex 0.000000 21.517241 0.000000
endloop
endfacet
facet normal -0.971601 0.091838 0.218078
outer loop
vertex 1.185632 20.689655 0.888924
vertex 1.510164 20.689655 2.334811
vertex 1.572769 21.517241 2.265215
endloop
endfacet
facet normal -0.965309 0.018412 0.260460
outer loop
vertex 1.185632 20.689655 0.888924
vertex 1.572769 21.517241 2.265215
vertex 1.191309 21.517241 0.851463
endloop
endfacet
facet normal -0.956313 0.173332 0.235418
outer loop
vertex 1.510164 20.689655 2.334811
vertex 1.864382 20.689655 3.773714
vertex 1.988660 21.517241 3.669224
endloop
endfacet
facet normal -0.954393 0.095971 0.282708
outer loop
vertex 1.510164 20.689655 2.334811
vertex 1.988660 21.517241 3.669224
vertex 1.572769 21.517241 2.265215
endloop
endfacet
facet normal -0.915303 0.012557 0.402571
outer loop
vertex 1.864382 20.689655 3.773714
vertex 2.460983 20.689655 5.130171
vertex 2.442152 21.517241 5.061543
endloop
endfacet
facet normal -0.935487 0.178952 0.304697
outer loop
vertex 1.864382 20.689655 3.773714
vertex 2.442152 21.517241 5.061543
vertex 1.988660 21.517241 3.669224
endloop
endfacet
facet normal 0.926412 -0.126120 0.354759
outer loop
vertex 2.460983 20.689655 5.130171
vertex 2.990917 20.689655 3.746307
vertex 3.100752 21.517241 3.753700
endloop
endfacet
facet normal 0.891666 0.057525 0.449023
outer loop
vertex 2.460983 20.689655 5.130171
vertex 3.100752 21.517241 3.753700
vertex 2.442152 21.517241 5.061543
endloop
endfacet
facet normal 0.946667 -0.254227 0.197966
outer loop
vertex 2.990917 20.689655 3.746307
vertex 3.294241 20.689655 2.295823
vertex 3.505881 21.517241 2.346548
endloop
endfacet
facet normal 0.952946 -0.128923 0.274359
outer loop
vertex 2.990917 20.689655 3.746307
vertex 3.505881 21.517241 2.346548
vertex 3.100752 21.517241 3.753700
endloop
endfacet
facet normal 0.924208 -0.274235 0.265771
outer loop
vertex 3.294241 20.689655 2.295823
vertex 3.703777 20.689655 0.871678
vertex 3.928396 21.517241 0.944518
endloop
endfacet
facet normal 0.926083 -0.253935 0.279084
outer loop
vertex 3.294241 20.689655 2.295823
vertex 3.928396 21.517241 0.944518
vertex 3.505881 21.517241 2.346548
endloop
endfacet
facet normal 0.818425 0.083851 0.568462
outer loop
vertex 3.703777 20.689655 0.871678
vertex 4.549136 20.689655 -0.345400
vertex 4.503693 21.517241 -0.402048
endloop
endfacet
facet normal 0.884568 -0.273347 0.377916
outer loop
vertex 3.703777 20.689655 0.871678
vertex 4.503693 21.517241 -0.402048
vertex 3.928396 21.517241 0.944518
endloop
endfacet
facet normal -0.000000 0.068289 0.997666
outer loop
vertex 4.549136 20.689655 -0.345400
vertex 6.030996 20.689655 -0.345400
vertex 5.968004 21.517241 -0.402048
endloop
endfacet
facet normal -0.000000 0.068289 0.997666
outer loop
vertex 4.549136 20.689655 -0.345400
vertex 5.968004 21.517241 -0.402048
vertex 4.503693 21.517241 -0.402048
endloop
endfacet
facet normal -0.000000 0.068289 0.997666
outer loop
vertex 6.030996 20.689655 -0.345400
vertex 7.512857 20.689655 -0.345400
vertex 7.432315 21.517241 -0.402048
endloop
endfacet
facet normal -0.000000 0.068289 0.997666
outer loop
vertex 6.030996 20.689655 -0.345400
vertex 7.432315 21.517241 -0.402048
vertex 5.968004 21.517241 -0.402048
endloop
endfacet
facet normal -0.000000 0.068289 0.997666
outer loop
vertex 7.512857 20.689655 -0.345400
vertex 8.994717 20.689655 -0.345400
vertex 8.896626 21.517241 -0.402048
endloop
endfacet
facet normal -0.000000 0.068289 0.997666
outer loop
vertex 7.512857 20.689655 -0.345400
vertex 8.896626 21.517241 -0.402048
vertex 7.432315 21.517241 -0.402048
endloop
endfacet
facet normal -0.000000 0.068289 0.997666
outer loop
vertex 8.994717 20.689655 -0.345400
vertex 10.476578 20.689655 -0.345400
vertex 10.360937 21.517241 -0.402048
endloop
endfacet
facet normal -0.000000 0.068289 0.997666
outer loop
vertex 8.994717 20.689655 -0.345400
vertex 10.360937 21.517241 -0.402048
vertex 8.896626 21.517241 -0.402048
endloop
endfacet
facet normal -0.000000 0.068289 0.997666
outer loop
vertex 10.476578 20.689655 -0.345400
vertex 11.958438 20.689655 -0.345400
vertex 11.825248 21.517241 -0.402048
endloop
endfacet
facet normal -0.000000 0.068289 0.997666
outer loop
vertex 10.476578 20.689655 -0.345400
vertex 11.825248 21.517241 -0.402048
vertex 10.360937 21.517241 -0.402048
endloop
endfacet
facet normal -0.167799 -0.301011 0.938742
outer loop
vertex 11.958438 20.689655 -0.345400
vertex 13.417177 20.689655 -0.084652
vertex 13.185795 21.517241 0.139357
endloop
endfacet
facet normal -0.369731 0.004094 0.929130
outer loop
vertex 11.958438 20.689655 -0.345400
vertex 13.185795 21.517241 0.139357
vertex 11.825248 21.517241 -0.402048
endloop
endfacet
facet normal -0.947096 -0.121511 0.297059
outer loop
vertex 13.417177 20.689655 -0.084652
vertex 13.860664 20.689655 1.329289
vertex 13.798419 21.517241 1.469357
endloop
endfacet
facet normal -0.852616 -0.344685 0.392732
outer loop
vertex 13.417177 20.689655 -0.084652
vertex 13.798419 21.517241 1.469357
vertex 13.185795 21.517241 0.139357
endloop
endfacet
facet normal -0.984522 0.033715 0.171985
outer loop
vertex 13.860664 20.689655 1.329289
vertex 14.115667 20.689655 2.789044
vertex 14.161293 21.517241 2.887993
endloop
endfacet
facet normal -0.962485 -0.114060 0.246195
outer loop
vertex 13.860664 20.689655 1.329289
vertex 14.161293 21.517241 2.887993
vertex 13.798419 21.517241 1.469357
endloop
endfacet
facet normal -0.919569 0.358593 0.160639
outer loop
vertex 14.115667 20.689655 2.789044
vertex 14.370671 20.689655 4.248798
vertex 14.693951 21.517241 4.251988
endloop
endfacet
facet normal -0.931464 0.007862 0.363749
outer loop
vertex 14.115667 20.689655 2.789044
vertex 14.693951 21.517241 4.251988
vertex 14.161293 21.517241 2.887993
endloop
endfacet
facet normal 0.941860 -0.229179 0.245716
outer loop
vertex 14.370671 20.689655 4.248798
vertex 14.744743 20.689655 2.814929
vertex 14.947458 21.517241 2.809788
endloop
endfacet
facet normal 0.919011 -0.359616 0.161542
outer loop
vertex 14.370671 20.689655 4.248798
vertex 14.947458 21.517241 2.809788
vertex 14.693951 21.517241 4.251988
endloop
endfacet
facet normal 0.956866 -0.239262 0.164807
outer loop
vertex 14.744743 20.689655 2.814929
vertex 14.996270 20.689655 1.354572
vertex 15.200965 21.517241 1.367588
endloop
endfacet
facet normal 0.957667 -0.233532 0.168336
outer loop
vertex 14.744743 20.689655 2.814929
vertex 15.200965 21.517241 1.367588
vertex 14.947458 21.517241 2.809788
endloop
endfacet
facet normal 0.890133 -0.429136 0.153313
outer loop
vertex 14.996270 20.689655 1.354572
vertex 15.247797 20.689655 -0.105786
vertex 15.633941 21.517241 -0.031247
endloop
endfacet
facet normal 0.928711 -0.234227 0.287461
outer loop
vertex 14.996270 20.689655 1.354572
vertex 15.633941 21.517241 -0.031247
vertex 15.200965 21.517241 1.367588
endloop
endfacet
facet normal -0.845541 -0.062579 0.530231
outer loop
vertex 15.247797 20.689655 -0.105786
vertex 16.035068 20.689655 1.149648
vertex 16.103132 21.517241 1.355860
endloop
endfacet
facet normal -0.875504 0.381829 0.296141
outer loop
vertex 15.247797 20.689655 -0.105786
vertex 16.103132 21.517241 1.355860
vertex 15.633941 21.517241 -0.031247
endloop
endfacet
facet normal -0.920638 -0.033836 0.388949
outer loop
vertex 16.035068 20.689655 1.149648
vertex 16.611767 20.689655 2.514686
vertex 16.663347 21.517241 2.708770
endloop
endfacet
facet normal -0.923750 -0.019338 0.382508
outer loop
vertex 16.035068 20.689655 1.149648
vertex 16.663347 21.517241 2.708770
vertex 16.103132 21.517241 1.355860
endloop
endfacet
facet normal -0.724297 0.264435 0.636764
outer loop
vertex 16.611767 20.689655 2.514686
vertex 17.590191 20.689655 3.627609
vertex 17.844928 21.517241 3.573684
endloop
endfacet
facet normal -0.583918 -0.150683 0.797706
outer loop
vertex 16.611767 20.689655 2.514686
vertex 17.844928 21.517241 3.573684
vertex 16.663347 21.517241 2.708770
endloop
endfacet
facet normal 0.944699 -0.263748 0.194888
outer loop
vertex 17.590191 20.689655 3.627609
vertex 17.889589 20.689655 2.176309
vertex 18.128722 21.517241 2.137137
endloop
endfacet
facet normal 0.942385 -0.277941 0.186171
outer loop
vertex 17.590191 20.689655 3.627609
vertex 18.128722 21.517241 2.137137
vertex 17.844928 21.517241 3.573684
endloop
endfacet
facet normal 0.948193 -0.250333 0.195609
outer loop
vertex 17.889589 20.689655 2.176309
vertex 18.188987 20.689655 0.725009
vertex 18.412516 21.517241 0.700590
endloop
endfacet
facet normal 0.946093 -0.264529 0.186904
outer loop
vertex 17.889589 20.689655 2.176309
vertex 18.412516 21.517241 0.700590
vertex 18.128722 21.517241 2.137137
endloop
endfacet
facet normal 0.442090 -0.123056 0.888489
outer loop
vertex 18.188987 20.689655 0.725009
vertex 19.515688 20.689655 0.064876
vertex 19.734410 21.517241 0.070666
endloop
endfacet
facet normal 0.428470 -0.089198 0.899143
outer loop
vertex 18.188987 20.689655 0.725009
vertex 19.734410 21.517241 0.070666
vertex 18.412516 21.517241 0.700590
endloop
endfacet
facet normal 0.000000 -0.006996 0.999976
outer loop
vertex 19.515688 20.689655 0.064876
vertex 20.997548 20.689655 0.064876
vertex 21.198721 21.517241 0.070666
endloop
endfacet
facet normal -0.000000 -0.006996 0.999976
outer loop
vertex 19.515688 20.689655 0.064876
vertex 21.198721 21.517241 0.070666
vertex 19.734410 21.517241 0.070666
endloop
endfacet
facet normal 0.000000 -0.006996 0.999976
outer loop
vertex 20.997548 20.689655 0.064876
vertex 22.479408 20.689655 0.064876
vertex 22.663032 21.517241 0.070666
endloop
endfacet
facet normal -0.000000 -0.006996 0.999976
outer loop
vertex 20.997548 20.689655 0.064876
vertex 22.663032 21.517241 0.070666
vertex 21.198721 21.517241 0.070666
endloop
endfacet
facet normal 0.000000 -0.006996 0.999976
outer loop
vertex 22.479408 20.689655 0.064876
vertex 23.961269 20.689655 0.064876
vertex 24.127343 21.517241 0.070666
endloop
endfacet
facet normal -0.000000 -0.006996 0.999976
outer loop
vertex 22.479408 20.689655 0.064876
vertex 24.127343 21.517241 0.070666
vertex 22.663032 21.517241 0.070666
endloop
endfacet
facet normal -0.581446 0.010343 0.813519
outer loop
vertex 0.000000 21.517241 0.000000
vertex 1.191309 21.517241 0.851463
vertex 1.186477 22.344828 0.837487
endloop
endfacet
facet normal -0.576671 0.000000 0.816976
outer loop
vertex 0.000000 21.517241 0.000000
vertex 1.186477 22.344828 0.837487
vertex 0.000000 22.344828 0.000000
endloop
endfacet
facet normal -0.965218 0.022948 0.260436
outer loop
vertex 1.191309 21.517241 0.851463
vertex 1.572769 21.517241 2.265215
vertex 1.584096 22.344828 2.234273
endloop
endfacet
facet normal -0.961789 -0.000992 0.273790
outer loop
vertex 1.191309 21.517241 0.851463
vertex 1.584096 22.344828 2.234273
vertex 1.186477 22.344828 0.837487
endloop
endfacet
facet normal -0.958648 0.018873 0.283968
outer loop
vertex 1.572769 21.517241 2.265215
vertex 1.988660 21.517241 3.669224
vertex 1.992707 22.344828 3.627883
endloop
endfacet
facet normal -0.959334 0.023647 0.281280
outer loop
vertex 1.572769 21.517241 2.265215
vertex 1.992707 22.344828 3.627883
vertex 1.584096 22.344828 2.234273
endloop
endfacet
facet normal -0.950612 -0.021704 0.309623
outer loop
vertex 1.988660 21.517241 3.669224
vertex 2.442152 21.517241 5.061543
vertex 2.409430 22.344828 5.019090
endloop
endfacet
facet normal -0.957774 0.019015 0.286892
outer loop
vertex 1.988660 21.517241 3.669224
vertex 2.409430 22.344828 5.019090
vertex 1.992707 22.344828 3.627883
endloop
endfacet
facet normal 0.853650 -0.294084 0.429879
outer loop
vertex 2.442152 21.517241 5.061543
vertex 3.100752 21.517241 3.753700
vertex 3.318835 22.344828 3.886793
endloop
endfacet
facet normal 0.778129 0.062825 0.624955
outer loop
vertex 2.442152 21.517241 5.061543
vertex 3.318835 22.344828 3.886793
vertex 2.409430 22.344828 5.019090
endloop
endfacet
facet normal 0.900708 -0.348538 0.259320
outer loop
vertex 3.100752 21.517241 3.753700
vertex 3.505881 21.517241 2.346548
vertex 3.779231 22.344828 2.509423
endloop
endfacet
facet normal 0.908195 -0.288145 0.303571
outer loop
vertex 3.100752 21.517241 3.753700
vertex 3.779231 22.344828 2.509423
vertex 3.318835 22.344828 3.886793
endloop
endfacet
facet normal 0.931315 -0.232124 0.280661
outer loop
vertex 3.505881 21.517241 2.346548
vertex 3.928396 21.517241 0.944518
vertex 4.090551 22.344828 1.090906
endloop
endfacet
facet normal 0.917600 -0.342716 0.201385
outer loop
vertex 3.505881 21.517241 2.346548
vertex 4.090551 22.344828 1.090906
vertex 3.779231 22.344828 2.509423
endloop
endfacet
facet normal 0.918875 0.039427 0.392574
outer loop
vertex 3.928396 21.517241 0.944518
vertex 4.503693 21.517241 -0.402048
vertex 4.433280 22.344828 -0.320352
endloop
endfacet
facet normal 0.946582 -0.226134 0.229881
outer loop
vertex 3.928396 21.517241 0.944518
vertex 4.433280 22.344828 -0.320352
vertex 4.090551 22.344828 1.090906
endloop
endfacet
facet normal -0.000000 -0.097447 0.995241
outer loop
vertex 4.503693 21.517241 -0.402048
vertex 5.968004 21.517241 -0.402048
vertex 5.885558 22.344828 -0.321016
endloop
endfacet
facet normal 0.000455 -0.098200 0.995167
outer loop
vertex 4.503693 21.517241 -0.402048
vertex 5.885558 22.344828 -0.321016
vertex 4.433280 22.344828 -0.320352
endloop
endfacet
facet normal -0.000000 -0.097447 0.995241
outer loop
vertex 5.968004 21.517241 -0.402048
vertex 7.432315 21.517241 -0.402048
vertex 7.337837 22.344828 -0.321016
endloop
endfacet
facet normal -0.000000 -0.097447 0.995241
outer loop
vertex 5.968004 21.517241 -0.402048
vertex 7.337837 22.344828 -0.321016
vertex 5.885558 22.344828 -0.321016
endloop
endfacet
facet normal -0.000000 -0.097447 0.995241
outer loop
vertex 7.432315 21.517241 -0.402048
vertex 8.896626 21.517241 -0.402048
vertex 8.790115 22.344828 -0.321016
endloop
endfacet
facet normal -0.000000 -0.097447 0.995241
outer loop
vertex 7.432315 21.517241 -0.402048
vertex 8.790115 22.344828 -0.321016
vertex 7.337837 22.344828 -0.321016
endloop
endfacet
facet normal -0.000000 -0.097447 0.995241
outer loop
vertex 8.896626 21.517241 -0.402048
vertex 10.360937 21.517241 -0.402048
vertex 10.242393 22.344828 -0.321016
endloop
endfacet
facet normal -0.000000 -0.097447 0.995241
outer loop
vertex 8.896626 21.517241 -0.402048
vertex 10.242393 22.344828 -0.321016
vertex 8.790115 22.344828 -0.321016
endloop
endfacet
facet normal -0.000000 -0.097447 0.995241
outer loop
vertex 10.360937 21.517241 -0.402048
vertex 11.825248 21.517241 -0.402048
vertex 11.694672 22.344828 -0.321016
endloop
endfacet
facet normal -0.000000 -0.097447 0.995241
outer loop
vertex 10.360937 21.517241 -0.402048
vertex 11.694672 22.344828 -0.321016
vertex 10.242393 22.344828 -0.321016
endloop
endfacet
facet normal -0.367994 -0.096890 0.924766
outer loop
vertex 11.825248 21.517241 -0.402048
vertex 13.185795 21.517241 0.139357
vertex 13.059347 22.344828 0.175748
endloop
endfacet
facet normal -0.338471 -0.144446 0.929824
outer loop
vertex 11.825248 21.517241 -0.402048
vertex 13.059347 22.344828 0.175748
vertex 11.694672 22.344828 -0.321016
endloop
endfacet
facet normal -0.802884 -0.467555 0.369824
outer loop
vertex 13.185795 21.517241 0.139357
vertex 13.798419 21.517241 1.469357
vertex 13.373705 22.344828 1.593596
endloop
endfacet
facet normal -0.964227 -0.156726 0.213784
outer loop
vertex 13.185795 21.517241 0.139357
vertex 13.373705 22.344828 1.593596
vertex 13.059347 22.344828 0.175748
endloop
endfacet
facet normal -0.834058 -0.508755 0.213345
outer loop
vertex 13.798419 21.517241 1.469357
vertex 14.161293 21.517241 2.887993
vertex 13.688064 22.344828 3.011443
endloop
endfacet
facet normal -0.861366 -0.470719 0.190978
outer loop
vertex 13.798419 21.517241 1.469357
vertex 13.688064 22.344828 3.011443
vertex 13.373705 22.344828 1.593596
endloop
endfacet
facet normal -0.636506 0.730120 0.248564
outer loop
vertex 14.161293 21.517241 2.887993
vertex 14.693951 21.517241 4.251988
vertex 15.139501 22.344828 2.962008
endloop
endfacet
facet normal 0.033757 -0.128543 0.991129
outer loop
vertex 14.161293 21.517241 2.887993
vertex 15.139501 22.344828 2.962008
vertex 13.688064 22.344828 3.011443
endloop
endfacet
facet normal 0.940473 -0.296954 0.165314
outer loop
vertex 14.693951 21.517241 4.251988
vertex 14.947458 21.517241 2.809788
vertex 15.432056 22.344828 1.539502
endloop
endfacet
facet normal 0.957943 -0.208642 0.197012
outer loop
vertex 14.693951 21.517241 4.251988
vertex 15.432056 22.344828 1.539502
vertex 15.139501 22.344828 2.962008
endloop
endfacet
facet normal 0.926215 -0.340028 0.162808
outer loop
vertex 14.947458 21.517241 2.809788
vertex 15.200965 21.517241 1.367588
vertex 15.724611 22.344828 0.116996
endloop
endfacet
facet normal 0.946972 -0.255568 0.194756
outer loop
vertex 14.947458 21.517241 2.809788
vertex 15.724611 22.344828 0.116996
vertex 15.432056 22.344828 1.539502
endloop
endfacet
facet normal 0.566461 -0.805220 0.175335
outer loop
vertex 15.200965 21.517241 1.367588
vertex 15.633941 21.517241 -0.031247
vertex 16.360296 22.344828 1.422759
endloop
endfacet
facet normal -0.567090 0.776009 0.276077
outer loop
vertex 15.200965 21.517241 1.367588
vertex 16.360296 22.344828 1.422759
vertex 15.724611 22.344828 0.116996
endloop
endfacet
facet normal -0.941295 0.112201 0.318394
outer loop
vertex 15.633941 21.517241 -0.031247
vertex 16.103132 21.517241 1.355860
vertex 16.701864 22.344828 2.834298
endloop
endfacet
facet normal -0.889691 0.402616 0.215289
outer loop
vertex 15.633941 21.517241 -0.031247
vertex 16.701864 22.344828 2.834298
vertex 16.360296 22.344828 1.422759
endloop
endfacet
facet normal -0.922860 0.047949 0.382139
outer loop
vertex 16.103132 21.517241 1.355860
vertex 16.663347 21.517241 2.708770
vertex 17.305314 22.344828 4.155268
endloop
endfacet
facet normal -0.906373 -0.083952 0.414053
outer loop
vertex 16.103132 21.517241 1.355860
vertex 17.305314 22.344828 4.155268
vertex 16.701864 22.344828 2.834298
endloop
endfacet
facet normal -0.473968 0.596741 0.647499
outer loop
vertex 16.663347 21.517241 2.708770
vertex 17.844928 21.517241 3.573684
vertex 18.435556 22.344828 3.243312
endloop
endfacet
facet normal 0.298928 -0.879424 0.370480
outer loop
vertex 16.663347 21.517241 2.708770
vertex 18.435556 22.344828 3.243312
vertex 17.305314 22.344828 4.155268
endloop
endfacet
facet normal 0.844300 -0.509252 0.166794
outer loop
vertex 17.844928 21.517241 3.573684
vertex 18.128722 21.517241 2.137137
vertex 18.691766 22.344828 1.813812
endloop
endfacet
facet normal 0.832048 -0.534281 0.149128
outer loop
vertex 17.844928 21.517241 3.573684
vertex 18.691766 22.344828 1.813812
vertex 18.435556 22.344828 3.243312
endloop
endfacet
facet normal 0.855715 -0.489054 0.169049
outer loop
vertex 18.128722 21.517241 2.137137
vertex 18.412516 21.517241 0.700590
vertex 18.947976 22.344828 0.384313
endloop
endfacet
facet normal 0.843764 -0.514968 0.151228
outer loop
vertex 18.128722 21.517241 2.137137
vertex 18.947976 22.344828 0.384313
vertex 18.691766 22.344828 1.813812
endloop
endfacet
facet normal 0.428456 0.089560 0.899113
outer loop
vertex 18.412516 21.517241 0.700590
vertex 19.734410 21.517241 0.070666
vertex 20.250611 22.344828 -0.257757
endloop
endfacet
facet normal 0.441402 0.056646 0.895520
outer loop
vertex 18.412516 21.517241 0.700590
vertex 20.250611 22.344828 -0.257757
vertex 18.947976 22.344828 0.384313
endloop
endfacet
facet normal -0.000000 0.368860 0.929485
outer loop
vertex 19.734410 21.517241 0.070666
vertex 21.198721 21.517241 0.070666
vertex 21.702890 22.344828 -0.257757
endloop
endfacet
facet normal -0.000000 0.368860 0.929485
outer loop
vertex 19.734410 21.517241 0.070666
vertex 21.702890 22.344828 -0.257757
vertex 20.250611 22.344828 -0.257757
endloop
endfacet
facet normal -0.000000 0.368860 0.929485
outer loop
vertex 21.198721 21.517241 0.070666
vertex 22.663032 21.517241 0.070666
vertex 23.155168 22.344828 -0.257757
endloop
endfacet
facet normal -0.000000 0.368860 0.929485
outer loop
vertex 21.198721 21.517241 0.070666
vertex 23.155168 22.344828 -0.257757
vertex 21.702890 22.344828 -0.257757
endloop
endfacet
facet normal -0.000000 0.368860 0.929485
outer loop
vertex 22.663032 21.517241 0.070666
vertex 24.127343 21.517241 0.070666
vertex 24.607447 22.344828 -0.257757
endloop
endfacet
facet normal -0.000000 0.368860 0.929485
outer loop
vertex 22.663032 21.517241 0.070666
vertex 24.607447 22.344828 -0.257757
vertex 23.155168 22.344828 -0.257757
endloop
endfacet
facet normal -0.576670 0.001878 0.816975
outer loop
vertex 0.000000 22.344828 0.000000
vertex 1.186477 22.344828 0.837487
vertex 1.234617 23.172414 0.869564
endloop
endfacet
facet normal -0.575830 0.000000 0.817570
outer loop
vertex 0.000000 22.344828 0.000000
vertex 1.234617 23.172414 0.869564
vertex 0.000000 23.172414 0.000000
endloop
endfacet
facet normal -0.953142 0.133796 0.271328
outer loop
vertex 1.186477 22.344828 0.837487
vertex 1.584096 22.344828 2.234273
vertex 1.718948 23.172414 2.299894
endloop
endfacet
facet normal -0.946311 0.042626 0.320435
outer loop
vertex 1.186477 22.344828 0.837487
vertex 1.718948 23.172414 2.299894
vertex 1.234617 23.172414 0.869564
endloop
endfacet
facet normal -0.957074 0.072542 0.280617
outer loop
vertex 1.584096 22.344828 2.234273
vertex 1.992707 22.344828 3.627883
vertex 2.094892 23.172414 3.762456
endloop
endfacet
facet normal -0.959413 0.136778 0.246612
outer loop
vertex 1.584096 22.344828 2.234273
vertex 2.094892 23.172414 3.762456
vertex 1.718948 23.172414 2.299894
endloop
endfacet
facet normal -0.957870 -0.012741 0.286921
outer loop
vertex 1.992707 22.344828 3.627883
vertex 2.409430 22.344828 5.019090
vertex 2.460862 23.172414 5.227545
endloop
endfacet
facet normal -0.967070 0.080126 0.241568
outer loop
vertex 1.992707 22.344828 3.627883
vertex 2.460862 23.172414 5.227545
vertex 2.094892 23.172414 3.762456
endloop
endfacet
facet normal 0.569449 -0.683049 0.457353
outer loop
vertex 2.409430 22.344828 5.019090
vertex 3.318835 22.344828 3.886793
vertex 3.798126 23.172414 4.526014
endloop
endfacet
facet normal 0.450482 -0.244292 0.858713
outer loop
vertex 2.409430 22.344828 5.019090
vertex 3.798126 23.172414 4.526014
vertex 2.460862 23.172414 5.227545
endloop
endfacet
facet normal 0.848497 -0.446783 0.283616
outer loop
vertex 3.318835 22.344828 3.886793
vertex 3.779231 22.344828 2.509423
vertex 4.039232 23.172414 3.035280
endloop
endfacet
facet normal 0.810609 -0.570723 0.131105
outer loop
vertex 3.318835 22.344828 3.886793
vertex 4.039232 23.172414 3.035280
vertex 3.798126 23.172414 4.526014
endloop
endfacet
facet normal 0.924340 -0.323174 0.202864
outer loop
vertex 3.779231 22.344828 2.509423
vertex 4.090551 22.344828 1.090906
vertex 4.280338 23.172414 1.544546
endloop
endfacet
facet normal 0.912873 -0.380611 0.147645
outer loop
vertex 3.779231 22.344828 2.509423
vertex 4.280338 23.172414 1.544546
vertex 4.039232 23.172414 3.035280
endloop
endfacet
facet normal 0.900226 -0.376560 0.218623
outer loop
vertex 4.090551 22.344828 1.090906
vertex 4.433280 22.344828 -0.320352
vertex 4.680202 23.172414 0.088343
endloop
endfacet
facet normal 0.905475 -0.343939 0.248638
outer loop
vertex 4.090551 22.344828 1.090906
vertex 4.680202 23.172414 0.088343
vertex 4.280338 23.172414 1.544546
endloop
endfacet
facet normal 0.000448 -0.203665 0.979041
outer loop
vertex 4.433280 22.344828 -0.320352
vertex 5.885558 22.344828 -0.321016
vertex 6.171542 23.172414 -0.148989
endloop
endfacet
facet normal 0.138600 -0.471453 0.870932
outer loop
vertex 4.433280 22.344828 -0.320352
vertex 6.171542 23.172414 -0.148989
vertex 4.680202 23.172414 0.088343
endloop
endfacet
facet normal -0.000000 -0.203516 0.979072
outer loop
vertex 5.885558 22.344828 -0.321016
vertex 7.337837 22.344828 -0.321016
vertex 7.681648 23.172414 -0.148989
endloop
endfacet
facet normal 0.000000 -0.203516 0.979072
outer loop
vertex 5.885558 22.344828 -0.321016
vertex 7.681648 23.172414 -0.148989
vertex 6.171542 23.172414 -0.148989
endloop
endfacet
facet normal -0.000000 -0.203516 0.979072
outer loop
vertex 7.337837 22.344828 -0.321016
vertex 8.790115 22.344828 -0.321016
vertex 9.191754 23.172414 -0.148989
endloop
endfacet
facet normal 0.000000 -0.203516 0.979072
outer loop
vertex 7.337837 22.344828 -0.321016
vertex 9.191754 23.172414 -0.148989
vertex 7.681648 23.172414 -0.148989
endloop
endfacet
facet normal -0.000000 -0.203516 0.979072
outer loop
vertex 8.790115 22.344828 -0.321016
vertex 10.242393 22.344828 -0.321016
vertex 10.701860 23.172414 -0.148989
endloop
endfacet
facet normal 0.000000 -0.203516 0.979072
outer loop
vertex 8.790115 22.344828 -0.321016
vertex 10.701860 23.172414 -0.148989
vertex 9.191754 23.172414 -0.148989
endloop
endfacet
facet normal -0.000000 -0.203517 0.979071
outer loop
vertex 10.242393 22.344828 -0.321016
vertex 11.694672 22.344828 -0.321016
vertex 12.211966 23.172414 -0.148988
endloop
endfacet
facet normal -0.000000 -0.203516 0.979072
outer loop
vertex 10.242393 22.344828 -0.321016
vertex 12.211966 23.172414 -0.148988
vertex 10.701860 23.172414 -0.148989
endloop
endfacet
facet normal -0.297062 -0.495773 0.816066
outer loop
vertex 11.694672 22.344828 -0.321016
vertex 13.059347 22.344828 0.175748
vertex 13.388094 23.172414 0.798189
endloop
endfacet
facet normal -0.611244 0.224297 0.758994
outer loop
vertex 11.694672 22.344828 -0.321016
vertex 13.388094 23.172414 0.798189
vertex 12.211966 23.172414 -0.148988
endloop
endfacet
facet normal -0.933614 0.292433 0.206997
outer loop
vertex 13.059347 22.344828 0.175748
vertex 13.373705 22.344828 1.593596
vertex 13.779921 23.172414 2.256576
endloop
endfacet
facet normal -0.949041 0.185219 0.254980
outer loop
vertex 13.059347 22.344828 0.175748
vertex 13.779921 23.172414 2.256576
vertex 13.388094 23.172414 0.798189
endloop
endfacet
facet normal -0.739492 0.652894 0.163957
outer loop
vertex 13.373705 22.344828 1.593596
vertex 13.688064 22.344828 3.011443
vertex 14.540603 23.172414 3.561100
endloop
endfacet
facet normal -0.863681 0.020480 0.503622
outer loop
vertex 13.373705 22.344828 1.593596
vertex 14.540603 23.172414 3.561100
vertex 13.779921 23.172414 2.256576
endloop
endfacet
facet normal 0.024826 0.684162 0.728908
outer loop
vertex 13.688064 22.344828 3.011443
vertex 15.139501 22.344828 2.962008
vertex 15.161363 23.172414 2.184481
endloop
endfacet
facet normal 0.580132 -0.771370 0.261600
outer loop
vertex 13.688064 22.344828 3.011443
vertex 15.161363 23.172414 2.184481
vertex 14.540603 23.172414 3.561100
endloop
endfacet
facet normal 0.966990 0.159311 0.198873
outer loop
vertex 15.139501 22.344828 2.962008
vertex 15.432056 22.344828 1.539502
vertex 15.467199 23.172414 0.705670
endloop
endfacet
facet normal 0.966304 0.162229 0.199844
outer loop
vertex 15.139501 22.344828 2.962008
vertex 15.467199 23.172414 0.705670
vertex 15.161363 23.172414 2.184481
endloop
endfacet
facet normal 0.898581 -0.397995 0.184804
outer loop
vertex 15.432056 22.344828 1.539502
vertex 15.724611 22.344828 0.116996
vertex 16.237251 23.172414 -0.593346
endloop
endfacet
facet normal 0.776334 0.430714 0.460208
outer loop
vertex 15.432056 22.344828 1.539502
vertex 16.237251 23.172414 -0.593346
vertex 15.467199 23.172414 0.705670
endloop
endfacet
facet normal -0.766476 0.522760 0.373144
outer loop
vertex 15.724611 22.344828 0.116996
vertex 16.360296 22.344828 1.422759
vertex 16.650356 23.172414 0.859157
endloop
endfacet
facet normal -0.739905 0.638950 0.210436
outer loop
vertex 15.724611 22.344828 0.116996
vertex 16.650356 23.172414 0.859157
vertex 16.237251 23.172414 -0.593346
endloop
endfacet
facet normal -0.838137 0.506353 0.202814
outer loop
vertex 16.360296 22.344828 1.422759
vertex 16.701864 22.344828 2.834298
vertex 17.074596 23.172414 2.308447
endloop
endfacet
facet normal -0.848797 0.466701 0.248462
outer loop
vertex 16.360296 22.344828 1.422759
vertex 17.074596 23.172414 2.308447
vertex 16.650356 23.172414 0.859157
endloop
endfacet
facet normal -0.836038 0.393925 0.381922
outer loop
vertex 16.701864 22.344828 2.834298
vertex 17.305314 22.344828 4.155268
vertex 17.511881 23.172414 3.753854
endloop
endfacet
facet normal -0.815279 0.523912 0.246650
outer loop
vertex 16.701864 22.344828 2.834298
vertex 17.511881 23.172414 3.753854
vertex 17.074596 23.172414 2.308447
endloop
endfacet
facet normal 0.445608 0.704580 0.552269
outer loop
vertex 17.305314 22.344828 4.155268
vertex 18.435556 22.344828 3.243312
vertex 18.175453 23.172414 2.397354
endloop
endfacet
facet normal 0.898226 -0.011076 0.439393
outer loop
vertex 17.305314 22.344828 4.155268
vertex 18.175453 23.172414 2.397354
vertex 17.511881 23.172414 3.753854
endloop
endfacet
facet normal 0.883750 0.440336 0.158395
outer loop
vertex 18.435556 22.344828 3.243312
vertex 18.691766 22.344828 1.813812
vertex 18.441257 23.172414 0.910825
endloop
endfacet
facet normal 0.884211 0.439515 0.158105
outer loop
vertex 18.435556 22.344828 3.243312
vertex 18.441257 23.172414 0.910825
vertex 18.175453 23.172414 2.397354
endloop
endfacet
facet normal 0.883490 0.440876 0.158348
outer loop
vertex 18.691766 22.344828 1.813812
vertex 18.947976 22.344828 0.384313
vertex 18.707061 23.172414 -0.575704
endloop
endfacet
facet normal 0.883961 0.440034 0.158060
outer loop
vertex 18.691766 22.344828 1.813812
vertex 18.707061 23.172414 -0.575704
vertex 18.441257 23.172414 0.910825
endloop
endfacet
facet normal 0.196405 0.895906 0.398468
outer loop
vertex 18.947976 22.344828 0.384313
vertex 20.250611 22.344828 -0.257757
vertex 19.596510 23.172414 -1.796074
endloop
endfacet
facet normal 0.595176 0.676459 0.433785
outer loop
vertex 18.947976 22.344828 0.384313
vertex 19.596510 23.172414 -1.796074
vertex 18.707061 23.172414 -0.575704
endloop
endfacet
facet normal -0.000000 0.880647 0.473772
outer loop
vertex 20.250611 22.344828 -0.257757
vertex 21.702890 22.344828 -0.257757
vertex 21.106616 23.172414 -1.796074
endloop
endfacet
facet normal 0.000000 0.880647 0.473772
outer loop
vertex 20.250611 22.344828 -0.257757
vertex 21.106616 23.172414 -1.796074
vertex 19.596510 23.172414 -1.796074
endloop
endfacet
facet normal -0.000000 0.880647 0.473772
outer loop
vertex 21.702890 22.344828 -0.257757
vertex 23.155168 22.344828 -0.257757
vertex 22.616722 23.172414 -1.796074
endloop
endfacet
facet normal 0.000000 0.880647 0.473772
outer loop
vertex 21.702890 22.344828 -0.257757
vertex 22.616722 23.172414 -1.796074
vertex 21.106616 23.172414 -1.796074
endloop
endfacet
facet normal -0.000000 0.880647 0.473772
outer loop
vertex 23.155168 22.344828 -0.257757
vertex 24.607447 22.344828 -0.257757
vertex 24.126828 23.172414 -1.796074
endloop
endfacet
facet normal 0.000000 0.880647 0.473772
outer loop
vertex 23.155168 22.344828 -0.257757
vertex 24.126828 23.172414 -1.796074
vertex 22.616722 23.172414 -1.796074
endloop
endfacet
facet normal -0.441550 0.641878 0.626918
outer loop
vertex 0.000000 23.172414 0.000000
vertex 1.234617 23.172414 0.869564
vertex 1.317915 24.000000 0.080897
endloop
endfacet
facet normal -0.061267 0.000000 0.998121
outer loop
vertex 0.000000 23.172414 0.000000
vertex 1.317915 24.000000 0.080897
vertex 0.000000 24.000000 0.000000
endloop
endfacet
facet normal -0.839047 0.463982 0.284114
outer loop
vertex 1.234617 23.172414 0.869564
vertex 1.718948 23.172414 2.299894
vertex 1.836399 24.000000 1.295235
endloop
endfacet
facet normal -0.833362 0.422966 0.355819
outer loop
vertex 1.234617 23.172414 0.869564
vertex 1.836399 24.000000 1.295235
vertex 1.317915 24.000000 0.080897
endloop
endfacet
facet normal -0.895818 0.380115 0.230265
outer loop
vertex 1.718948 23.172414 2.299894
vertex 2.094892 23.172414 3.762456
vertex 2.142050 24.000000 2.579767
endloop
endfacet
facet normal -0.897235 0.386510 0.213494
outer loop
vertex 1.718948 23.172414 2.299894
vertex 2.142050 24.000000 2.579767
vertex 1.836399 24.000000 1.295235
endloop
endfacet
facet normal -0.649741 0.742627 0.162301
outer loop
vertex 2.094892 23.172414 3.762456
vertex 2.460862 23.172414 5.227545
vertex 2.996761 24.000000 3.586203
endloop
endfacet
facet normal -0.547528 0.695702 0.464986
outer loop
vertex 2.094892 23.172414 3.762456
vertex 2.996761 24.000000 3.586203
vertex 2.142050 24.000000 2.579767
endloop
endfacet
facet normal 0.179011 0.922776 0.341232
outer loop
vertex 2.460862 23.172414 5.227545
vertex 3.798126 23.172414 4.526014
vertex 3.580827 24.000000 2.402011
endloop
endfacet
facet normal 0.859837 0.284306 0.424088
outer loop
vertex 2.460862 23.172414 5.227545
vertex 3.580827 24.000000 2.402011
vertex 2.996761 24.000000 3.586203
endloop
endfacet
facet normal 0.954236 0.256153 0.154335
outer loop
vertex 3.798126 23.172414 4.526014
vertex 4.039232 23.172414 3.035280
vertex 4.114812 24.000000 1.194408
endloop
endfacet
facet normal 0.563582 0.787573 0.249208
outer loop
vertex 3.798126 23.172414 4.526014
vertex 4.114812 24.000000 1.194408
vertex 3.580827 24.000000 2.402011
endloop
endfacet
facet normal 0.700237 -0.704870 0.113254
outer loop
vertex 4.039232 23.172414 3.035280
vertex 4.280338 23.172414 1.544546
vertex 5.272677 24.000000 0.559749
endloop
endfacet
facet normal 0.223250 0.885591 0.407294
outer loop
vertex 4.039232 23.172414 3.035280
vertex 5.272677 24.000000 0.559749
vertex 4.114812 24.000000 1.194408
endloop
endfacet
facet normal 0.373576 -0.921910 0.102582
outer loop
vertex 4.280338 23.172414 1.544546
vertex 4.680202 23.172414 0.088343
vertex 6.593073 24.000000 0.559749
endloop
endfacet
facet normal -0.000000 0.765568 0.643355
outer loop
vertex 4.280338 23.172414 1.544546
vertex 6.593073 24.000000 0.559749
vertex 5.272677 24.000000 0.559749
endloop
endfacet
facet normal 0.101782 -0.761960 0.639576
outer loop
vertex 4.680202 23.172414 0.088343
vertex 6.171542 23.172414 -0.148989
vertex 7.913468 24.000000 0.559749
endloop
endfacet
facet normal -0.000000 -0.494951 0.868921
outer loop
vertex 4.680202 23.172414 0.088343
vertex 7.913468 24.000000 0.559749
vertex 6.593073 24.000000 0.559749
endloop
endfacet
facet normal 0.000000 -0.650462 0.759539
outer loop
vertex 6.171542 23.172414 -0.148989
vertex 7.681648 23.172414 -0.148989
vertex 9.233864 24.000000 0.559749
endloop
endfacet
facet normal -0.000000 -0.650462 0.759539
outer loop
vertex 6.171542 23.172414 -0.148989
vertex 9.233864 24.000000 0.559749
vertex 7.913468 24.000000 0.559749
endloop
endfacet
facet normal 0.000000 -0.650462 0.759539
outer loop
vertex 7.681648 23.172414 -0.148989
vertex 9.191754 23.172414 -0.148989
vertex 10.554259 24.000000 0.559749
endloop
endfacet
facet normal -0.000000 -0.650462 0.759539
outer loop
vertex 7.681648 23.172414 -0.148989
vertex 10.554259 24.000000 0.559749
vertex 9.233864 24.000000 0.559749
endloop
endfacet
facet normal 0.000000 -0.650462 0.759539
outer loop
vertex 9.191754 23.172414 -0.148989
vertex 10.701860 23.172414 -0.148989
vertex 11.874655 24.000000 0.559749
endloop
endfacet
facet normal -0.000000 -0.650462 0.759539
outer loop
vertex 9.191754 23.172414 -0.148989
vertex 11.874655 24.000000 0.559749
vertex 10.554259 24.000000 0.559749
endloop
endfacet
facet normal -0.000000 -0.756071 0.654490
outer loop
vertex 10.701860 23.172414 -0.148989
vertex 12.211966 23.172414 -0.148988
vertex 13.171686 24.000000 0.807046
endloop
endfacet
facet normal -0.162305 -0.499007 0.851263
outer loop
vertex 10.701860 23.172414 -0.148989
vertex 13.171686 24.000000 0.807046
vertex 11.874655 24.000000 0.559749
endloop
endfacet
facet normal -0.510577 -0.580830 0.633993
outer loop
vertex 12.211966 23.172414 -0.148988
vertex 13.388094 23.172414 0.798189
vertex 13.858176 24.000000 1.934953
endloop
endfacet
facet normal -0.795838 0.363343 0.484380
outer loop
vertex 12.211966 23.172414 -0.148988
vertex 13.858176 24.000000 1.934953
vertex 13.171686 24.000000 0.807046
endloop
endfacet
facet normal -0.941563 0.222408 0.252971
outer loop
vertex 13.388094 23.172414 0.798189
vertex 13.779921 23.172414 2.256576
vertex 14.229436 24.000000 3.202080
endloop
endfacet
facet normal -0.947769 0.156917 0.277690
outer loop
vertex 13.388094 23.172414 0.798189
vertex 14.229436 24.000000 3.202080
vertex 13.858176 24.000000 1.934953
endloop
endfacet
facet normal -0.816935 -0.325107 0.476364
outer loop
vertex 13.779921 23.172414 2.256576
vertex 14.540603 23.172414 3.561100
vertex 14.717351 24.000000 4.429020
endloop
endfacet
facet normal -0.926072 0.082267 0.368270
outer loop
vertex 13.779921 23.172414 2.256576
vertex 14.717351 24.000000 4.429020
vertex 14.229436 24.000000 3.202080
endloop
endfacet
facet normal 0.877871 -0.269515 0.395859
outer loop
vertex 14.540603 23.172414 3.561100
vertex 15.161363 23.172414 2.184481
vertex 14.986238 24.000000 3.136293
endloop
endfacet
facet normal 0.901803 -0.389316 0.187575
outer loop
vertex 14.540603 23.172414 3.561100
vertex 14.986238 24.000000 3.136293
vertex 14.717351 24.000000 4.429020
endloop
endfacet
facet normal 0.978906 -0.027510 0.202450
outer loop
vertex 15.161363 23.172414 2.184481
vertex 15.467199 23.172414 0.705670
vertex 15.255126 24.000000 1.843566
endloop
endfacet
facet normal 0.978688 -0.027025 0.203567
outer loop
vertex 15.161363 23.172414 2.184481
vertex 15.255126 24.000000 1.843566
vertex 14.986238 24.000000 3.136293
endloop
endfacet
facet normal 0.753044 -0.483373 0.446402
outer loop
vertex 15.467199 23.172414 0.705670
vertex 16.237251 23.172414 -0.593346
vertex 15.978637 24.000000 0.739041
endloop
endfacet
facet normal 0.736343 -0.474500 0.482336
outer loop
vertex 15.467199 23.172414 0.705670
vertex 15.978637 24.000000 0.739041
vertex 15.255126 24.000000 1.843566
endloop
endfacet
facet normal -0.909657 -0.324946 0.258715
outer loop
vertex 16.237251 23.172414 -0.593346
vertex 16.650356 23.172414 0.859157
vertex 16.644801 24.000000 1.879072
endloop
endfacet
facet normal -0.585999 -0.734407 0.342421
outer loop
vertex 16.237251 23.172414 -0.593346
vertex 16.644801 24.000000 1.879072
vertex 15.978637 24.000000 0.739041
endloop
endfacet
facet normal -0.858907 -0.446169 0.251421
outer loop
vertex 16.650356 23.172414 0.859157
vertex 17.074596 23.172414 2.308447
vertex 16.898327 24.000000 3.174899
endloop
endfacet
facet normal -0.953594 -0.236329 0.186569
outer loop
vertex 16.650356 23.172414 0.859157
vertex 16.898327 24.000000 3.174899
vertex 16.644801 24.000000 1.879072
endloop
endfacet
facet normal -0.796196 -0.555023 0.240876
outer loop
vertex 17.074596 23.172414 2.308447
vertex 17.511881 23.172414 3.753854
vertex 17.151854 24.000000 4.470727
endloop
endfacet
facet normal -0.908019 -0.379396 0.177653
outer loop
vertex 17.074596 23.172414 2.308447
vertex 17.151854 24.000000 4.470727
vertex 16.898327 24.000000 3.174899
endloop
endfacet
facet normal 0.857902 -0.296451 0.419668
outer loop
vertex 17.511881 23.172414 3.753854
vertex 18.175453 23.172414 2.397354
vertex 17.958532 24.000000 3.425396
endloop
endfacet
facet normal 0.778498 -0.181722 0.600764
outer loop
vertex 17.511881 23.172414 3.753854
vertex 17.958532 24.000000 3.425396
vertex 17.151854 24.000000 4.470727
endloop
endfacet
facet normal 0.964980 -0.197590 0.172547
outer loop
vertex 18.175453 23.172414 2.397354
vertex 18.441257 23.172414 0.910825
vertex 18.384558 24.000000 2.175618
endloop
endfacet
facet normal 0.935671 -0.150958 0.318953
outer loop
vertex 18.175453 23.172414 2.397354
vertex 18.384558 24.000000 2.175618
vertex 17.958532 24.000000 3.425396
endloop
endfacet
facet normal 0.855152 -0.495312 0.152909
outer loop
vertex 18.441257 23.172414 0.910825
vertex 18.707061 23.172414 -0.575704
vertex 18.910970 24.000000 0.964695
endloop
endfacet
facet normal 0.804769 -0.479535 0.349848
outer loop
vertex 18.441257 23.172414 0.910825
vertex 18.910970 24.000000 0.964695
vertex 18.384558 24.000000 2.175618
endloop
endfacet
facet normal 0.388878 -0.876608 0.283428
outer loop
vertex 18.707061 23.172414 -0.575704
vertex 19.596510 23.172414 -1.796074
vertex 19.997123 24.000000 0.213886
endloop
endfacet
facet normal 0.291969 -0.858111 0.422375
outer loop
vertex 18.707061 23.172414 -0.575704
vertex 19.997123 24.000000 0.213886
vertex 18.910970 24.000000 0.964695
endloop
endfacet
facet normal 0.000000 -0.924685 0.380732
outer loop
vertex 19.596510 23.172414 -1.796074
vertex 21.106616 23.172414 -1.796074
vertex 21.317519 24.000000 0.213886
endloop
endfacet
facet normal -0.000000 -0.924685 0.380732
outer loop
vertex 19.596510 23.172414 -1.796074
vertex 21.317519 24.000000 0.213886
vertex 19.997123 24.000000 0.213886
endloop
endfacet
facet normal 0.000000 -0.924685 0.380732
outer loop
vertex 21.106616 23.172414 -1.796074
vertex 22.616722 23.172414 -1.796074
vertex 22.637914 24.000000 0.213886
endloop
endfacet
facet normal -0.000000 -0.924685 0.380732
outer loop
vertex 21.106616 23.172414 -1.796074
vertex 22.637914 24.000000 0.213886
vertex 21.317519 24.000000 0.213886
endloop
endfacet
facet normal 0.000000 -0.924685 0.380732
outer loop
vertex 22.616722 23.172414 -1.796074
vertex 24.126828 23.172414 -1.796074
vertex 23.958310 24.000000 0.213886
endloop
endfacet
facet normal -0.000000 -0.924685 0.380732
outer loop
vertex 22.616722 23.172414 -1.796074
vertex 23.958310 24.000000 0.213886
vertex 22.637914 24.000000 0.213886
endloop
endfacet
endsolid foldforge
