solid foldforge
facet normal 0.000000 0.000000 1.000000
outer loop
vertex 0.000000 0.000000 0.000000
vertex 1.091423 0.000000 0.000000
vertex 1.098245 0.827586 0.000000
endloop
endfacet
facet normal 0.000000 0.000000 1.000000
outer loop
vertex 0.000000 0.000000 0.000000
vertex 1.098245 0.827586 0.000000
vertex 0.000000 0.827586 0.000000
endloop
endfacet
facet normal 0.000000 0.000000 1.000000
outer loop
vertex 1.091423 0.000000 0.000000
vertex 2.182846 0.000000 0.000000
vertex 2.196489 0.827586 0.000000
endloop
endfacet
facet normal 0.000000 0.000000 1.000000
outer loop
vertex 1.091423 0.000000 0.000000
vertex 2.196489 0.827586 0.000000
vertex 1.098245 0.827586 0.000000
endloop
endfacet
facet normal 0.000000 0.000000 1.000000
outer loop
vertex 2.182846 0.000000 0.000000
vertex 3.274270 0.000000 0.000000
vertex 3.294734 0.827586 0.000000
endloop
endfacet
facet normal 0.000000 0.000000 1.000000
outer loop
vertex 2.182846 0.000000 0.000000
vertex 3.294734 0.827586 0.000000
vertex 2.196489 0.827586 0.000000
endloop
endfacet
facet normal 0.000000 0.000000 1.000000
outer loop
vertex 3.274270 0.000000 0.000000
vertex 4.365693 0.000000 0.000000
vertex 4.392979 0.827586 0.000000
endloop
endfacet
facet normal 0.000000 0.000000 1.000000
outer loop
vertex 3.274270 0.000000 0.000000
vertex 4.392979 0.827586 0.000000
vertex 3.294734 0.827586 0.000000
endloop
endfacet
facet normal 0.000000 0.000000 1.000000
outer loop
vertex 4.365693 0.000000 0.000000
vertex 5.457116 0.000000 0.000000
vertex 5.491224 0.827586 0.000000
endloop
endfacet
facet normal 0.000000 0.000000 1.000000
outer loop
vertex 4.365693 0.000000 0.000000
vertex 5.491224 0.827586 0.000000
vertex 4.392979 0.827586 0.000000
endloop
endfacet
facet normal 0.000000 0.000000 1.000000
outer loop
vertex 5.457116 0.000000 0.000000
vertex 6.548539 0.000000 0.000000
vertex 6.589468 0.827586 0.000000
endloop
endfacet
facet normal 0.000000 0.000000 1.000000
outer loop
vertex 5.457116 0.000000 0.000000
vertex 6.589468 0.827586 0.000000
vertex 5.491224 0.827586 0.000000
endloop
endfacet
facet normal 0.000000 0.000000 1.000000
outer loop
vertex 6.548539 0.000000 0.000000
vertex 7.639962 0.000000 0.000000
vertex 7.687713 0.827586 0.000000
endloop
endfacet
facet normal 0.000000 0.000000 1.000000
outer loop
vertex 6.548539 0.000000 0.000000
vertex 7.687713 0.827586 0.000000
vertex 6.589468 0.827586 0.000000
endloop
endfacet
facet normal 0.000000 0.000000 1.000000
outer loop
vertex 7.639962 0.000000 0.000000
vertex 8.731386 0.000000 0.000000
vertex 8.785958 0.827586 0.000000
endloop
endfacet
facet normal 0.000000 0.000000 1.000000
outer loop
vertex 7.639962 0.000000 0.000000
vertex 8.785958 0.827586 0.000000
vertex 7.687713 0.827586 0.000000
endloop
endfacet
facet normal 0.000000 0.000000 1.000000
outer loop
vertex 8.731386 0.000000 0.000000
vertex 9.822809 0.000000 0.000000
vertex 9.884202 0.827586 0.000000
endloop
endfacet
facet normal 0.000000 0.000000 1.000000
outer loop
vertex 8.731386 0.000000 0.000000
vertex 9.884202 0.827586 0.000000
vertex 8.785958 0.827586 0.000000
endloop
endfacet
facet normal 0.000000 0.000000 1.000000
outer loop
vertex 9.822809 0.000000 0.000000
vertex 10.914232 0.000000 0.000000
vertex 10.982447 0.827586 0.000000
endloop
endfacet
facet normal 0.000000 0.000000 1.000000
outer loop
vertex 9.822809 0.000000 0.000000
vertex 10.982447 0.827586 0.000000
vertex 9.884202 0.827586 0.000000
endloop
endfacet
facet normal 0.000000 0.000000 1.000000
outer loop
vertex 10.914232 0.000000 0.000000
vertex 12.005655 0.000000 0.000000
vertex 12.080692 0.827586 0.000000
endloop
endfacet
facet normal 0.000000 0.000000 1.000000
outer loop
vertex 10.914232 0.000000 0.000000
vertex 12.080692 0.827586 0.000000
vertex 10.982447 0.827586 0.000000
endloop
endfacet
facet normal 0.000000 0.000000 1.000000
outer loop
vertex 12.005655 0.000000 0.000000
vertex 13.097078 0.000000 0.000000
vertex 13.178936 0.827586 0.000000
endloop
endfacet
facet normal 0.000000 0.000000 1.000000
outer loop
vertex 12.005655 0.000000 0.000000
vertex 13.178936 0.827586 0.000000
vertex 12.080692 0.827586 0.000000
endloop
endfacet
facet normal 0.000000 0.000000 1.000000
outer loop
vertex 13.097078 0.000000 0.000000
vertex 14.188502 0.000000 0.000000
vertex 14.277181 0.827586 0.000000
endloop
endfacet
facet normal 0.000000 0.000000 1.000000
outer loop
vertex 13.097078 0.000000 0.000000
vertex 14.277181 0.827586 0.000000
vertex 13.178936 0.827586 0.000000
endloop
endfacet
facet normal 0.000000 0.000000 1.000000
outer loop
vertex 14.188502 0.000000 0.000000
vertex 15.279925 0.000000 0.000000
vertex 15.375426 0.827586 0.000000
endloop
endfacet
facet normal 0.000000 0.000000 1.000000
outer loop
vertex 14.188502 0.000000 0.000000
vertex 15.375426 0.827586 0.000000
vertex 14.277181 0.827586 0.000000
endloop
endfacet
facet normal 0.000000 0.000000 1.000000
outer loop
vertex 15.279925 0.000000 0.000000
vertex 16.371348 0.000000 0.000000
vertex 16.473671 0.827586 0.000000
endloop
endfacet
facet normal 0.000000 0.000000 1.000000
outer loop
vertex 15.279925 0.000000 0.000000
vertex 16.473671 0.827586 0.000000
vertex 15.375426 0.827586 0.000000
endloop
endfacet
facet normal 0.000000 0.000000 1.000000
outer loop
vertex 16.371348 0.000000 0.000000
vertex 17.462771 0.000000 0.000000
vertex 17.571915 0.827586 0.000000
endloop
endfacet
facet normal 0.000000 0.000000 1.000000
outer loop
vertex 16.371348 0.000000 0.000000
vertex 17.571915 0.827586 0.000000
vertex 16.473671 0.827586 0.000000
endloop
endfacet
facet normal 0.000000 -0.000010 1.000000
outer loop
vertex 17.462771 0.000000 0.000000
vertex 18.554194 0.000000 0.000000
vertex 18.670160 0.827586 0.000008
endloop
endfacet
facet normal -0.000007 0.000001 1.000000
outer loop
vertex 17.462771 0.000000 0.000000
vertex 18.670160 0.827586 0.000008
vertex 17.571915 0.827586 0.000000
endloop
endfacet
facet normal -0.003090 -0.696974 0.717090
outer loop
vertex 18.554194 0.000000 0.000000
vertex 19.645607 0.000000 0.004703
vertex 19.413913 0.827586 0.808076
endloop
endfacet
facet normal -0.731902 0.102551 0.673649
outer loop
vertex 18.554194 0.000000 0.000000
vertex 19.413913 0.827586 0.808076
vertex 18.670160 0.827586 0.000008
endloop
endfacet
facet normal -0.926752 -0.303526 0.221366
outer loop
vertex 19.645607 0.000000 0.004703
vertex 19.899173 0.000000 1.066263
vertex 19.811033 0.827586 1.832008
endloop
endfacet
facet normal -0.795217 -0.522024 0.308416
outer loop
vertex 19.645607 0.000000 0.004703
vertex 19.811033 0.827586 1.832008
vertex 19.413913 0.827586 0.808076
endloop
endfacet
facet normal -0.944885 -0.271512 0.182958
outer loop
vertex 19.899173 0.000000 1.066263
vertex 20.106652 0.000000 2.137784
vertex 20.018464 0.827586 2.910485
endloop
endfacet
facet normal -0.945792 -0.269047 0.181911
outer loop
vertex 19.899173 0.000000 1.066263
vertex 20.018464 0.827586 2.910485
vertex 19.811033 0.827586 1.832008
endloop
endfacet
facet normal -0.944475 -0.272986 0.182879
outer loop
vertex 20.106652 0.000000 2.137784
vertex 20.314131 0.000000 3.209305
vertex 20.225895 0.827586 3.988963
endloop
endfacet
facet normal -0.945388 -0.270515 0.181833
outer loop
vertex 20.106652 0.000000 2.137784
vertex 20.225895 0.827586 3.988963
vertex 20.018464 0.827586 2.910485
endloop
endfacet
facet normal -0.942781 -0.277882 0.184242
outer loop
vertex 20.314131 0.000000 3.209305
vertex 20.523461 0.000000 4.280465
vertex 20.433326 0.827586 5.067440
endloop
endfacet
facet normal -0.944982 -0.271981 0.181755
outer loop
vertex 20.314131 0.000000 3.209305
vertex 20.433326 0.827586 5.067440
vertex 20.225895 0.827586 3.988963
endloop
endfacet
facet normal -0.474071 -0.678448 0.561217
outer loop
vertex 20.523461 0.000000 4.280465
vertex 21.357228 0.000000 4.984764
vertex 21.200761 0.827586 5.853052
endloop
endfacet
facet normal -0.574355 -0.596088 0.561066
outer loop
vertex 20.523461 0.000000 4.280465
vertex 21.200761 0.827586 5.853052
vertex 20.433326 0.827586 5.067440
endloop
endfacet
facet normal 0.748074 -0.651403 0.126724
outer loop
vertex 21.357228 0.000000 4.984764
vertex 21.539519 0.000000 3.908672
vertex 22.048960 0.827586 5.155413
endloop
endfacet
facet normal 0.522795 -0.568040 0.635622
outer loop
vertex 21.357228 0.000000 4.984764
vertex 22.048960 0.827586 5.155413
vertex 21.200761 0.827586 5.853052
endloop
endfacet
facet normal 0.605788 -0.788980 0.102621
outer loop
vertex 21.539519 0.000000 3.908672
vertex 21.721809 0.000000 2.832580
vertex 22.569948 0.827586 4.188608
endloop
endfacet
facet normal 0.548178 -0.782458 0.295400
outer loop
vertex 21.539519 0.000000 3.908672
vertex 22.569948 0.827586 4.188608
vertex 22.048960 0.827586 5.155413
endloop
endfacet
facet normal 0.532657 -0.841507 0.090232
outer loop
vertex 21.721809 0.000000 2.832580
vertex 21.904100 0.000000 1.756487
vertex 22.972629 0.827586 3.166850
endloop
endfacet
facet normal 0.503398 -0.840971 0.198392
outer loop
vertex 21.721809 0.000000 2.832580
vertex 22.972629 0.827586 3.166850
vertex 22.569948 0.827586 4.188608
endloop
endfacet
facet normal 0.483292 -0.871623 0.081870
outer loop
vertex 21.904100 0.000000 1.756487
vertex 22.086390 0.000000 0.680395
vertex 23.333462 0.827586 2.129574
endloop
endfacet
facet normal 0.462728 -0.871764 0.160967
outer loop
vertex 21.904100 0.000000 1.756487
vertex 23.333462 0.827586 2.129574
vertex 22.972629 0.827586 3.166850
endloop
endfacet
facet normal 0.353990 -0.854887 0.379287
outer loop
vertex 22.086390 0.000000 0.680395
vertex 22.884293 0.000000 -0.064291
vertex 23.656833 0.827586 1.080016
endloop
endfacet
facet normal 0.435085 -0.890355 0.134051
outer loop
vertex 22.086390 0.000000 0.680395
vertex 23.656833 0.827586 1.080016
vertex 23.333462 0.827586 2.129574
endloop
endfacet
facet normal 0.031265 -0.154459 0.987504
outer loop
vertex 22.884293 0.000000 -0.064291
vertex 23.975169 0.000000 -0.098828
vertex 23.980205 0.827586 0.030458
endloop
endfacet
facet normal 0.582898 -0.792450 0.179592
outer loop
vertex 22.884293 0.000000 -0.064291
vertex 23.980205 0.827586 0.030458
vertex 23.656833 0.827586 1.080016
endloop
endfacet
facet normal 0.000000 0.000000 1.000000
outer loop
vertex 0.000000 0.827586 0.000000
vertex 1.098245 0.827586 0.000000
vertex 1.066942 1.655172 0.000000
endloop
endfacet
facet normal 0.000000 0.000000 1.000000
outer loop
vertex 0.000000 0.827586 0.000000
vertex 1.066942 1.655172 0.000000
vertex 0.000000 1.655172 0.000000
endloop
endfacet
facet normal 0.000000 0.000000 1.000000
outer loop
vertex 1.098245 0.827586 0.000000
vertex 2.196489 0.827586 0.000000
vertex 2.133885 1.655172 0.000000
endloop
endfacet
facet normal 0.000000 -0.000000 1.000000
outer loop
vertex 1.098245 0.827586 0.000000
vertex 2.133885 1.655172 0.000000
vertex 1.066942 1.655172 0.000000
endloop
endfacet
facet normal 0.000000 0.000000 1.000000
outer loop
vertex 2.196489 0.827586 0.000000
vertex 3.294734 0.827586 0.000000
vertex 3.200827 1.655172 0.000000
endloop
endfacet
facet normal 0.000000 -0.000000 1.000000
outer loop
vertex 2.196489 0.827586 0.000000
vertex 3.200827 1.655172 0.000000
vertex 2.133885 1.655172 0.000000
endloop
endfacet
facet normal 0.000000 0.000000 1.000000
outer loop
vertex 3.294734 0.827586 0.000000
vertex 4.392979 0.827586 0.000000
vertex 4.267770 1.655172 0.000000
endloop
endfacet
facet normal 0.000000 -0.000000 1.000000
outer loop
vertex 3.294734 0.827586 0.000000
vertex 4.267770 1.655172 0.000000
vertex 3.200827 1.655172 0.000000
endloop
endfacet
facet normal 0.000000 0.000000 1.000000
outer loop
vertex 4.392979 0.827586 0.000000
vertex 5.491224 0.827586 0.000000
vertex 5.334712 1.655172 0.000000
endloop
endfacet
facet normal 0.000000 -0.000000 1.000000
outer loop
vertex 4.392979 0.827586 0.000000
vertex 5.334712 1.655172 0.000000
vertex 4.267770 1.655172 0.000000
endloop
endfacet
facet normal 0.000000 0.000000 1.000000
outer loop
vertex 5.491224 0.827586 0.000000
vertex 6.589468 0.827586 0.000000
vertex 6.401655 1.655172 0.000000
endloop
endfacet
facet normal 0.000000 -0.000000 1.000000
outer loop
vertex 5.491224 0.827586 0.000000
vertex 6.401655 1.655172 0.000000
vertex 5.334712 1.655172 0.000000
endloop
endfacet
facet normal 0.000000 0.000000 1.000000
outer loop
vertex 6.589468 0.827586 0.000000
vertex 7.687713 0.827586 0.000000
vertex 7.468597 1.655172 0.000000
endloop
endfacet
facet normal 0.000000 -0.000000 1.000000
outer loop
vertex 6.589468 0.827586 0.000000
vertex 7.468597 1.655172 0.000000
vertex 6.401655 1.655172 0.000000
endloop
endfacet
facet normal 0.000000 0.000000 1.000000
outer loop
vertex 7.687713 0.827586 0.000000
vertex 8.785958 0.827586 0.000000
vertex 8.535540 1.655172 0.000000
endloop
endfacet
facet normal 0.000000 -0.000000 1.000000
outer loop
vertex 7.687713 0.827586 0.000000
vertex 8.535540 1.655172 0.000000
vertex 7.468597 1.655172 0.000000
endloop
endfacet
facet normal 0.000000 0.000000 1.000000
outer loop
vertex 8.785958 0.827586 0.000000
vertex 9.884202 0.827586 0.000000
vertex 9.602482 1.655172 0.000000
endloop
endfacet
facet normal 0.000000 -0.000000 1.000000
outer loop
vertex 8.785958 0.827586 0.000000
vertex 9.602482 1.655172 0.000000
vertex 8.535540 1.655172 0.000000
endloop
endfacet
facet normal 0.000000 0.000000 1.000000
outer loop
vertex 9.884202 0.827586 0.000000
vertex 10.982447 0.827586 0.000000
vertex 10.669424 1.655172 0.000000
endloop
endfacet
facet normal 0.000000 -0.000000 1.000000
outer loop
vertex 9.884202 0.827586 0.000000
vertex 10.669424 1.655172 0.000000
vertex 9.602482 1.655172 0.000000
endloop
endfacet
facet normal 0.000000 0.000000 1.000000
outer loop
vertex 10.982447 0.827586 0.000000
vertex 12.080692 0.827586 0.000000
vertex 11.736367 1.655172 0.000000
endloop
endfacet
facet normal 0.000000 -0.000000 1.000000
outer loop
vertex 10.982447 0.827586 0.000000
vertex 11.736367 1.655172 0.000000
vertex 10.669424 1.655172 0.000000
endloop
endfacet
facet normal 0.000000 0.000000 1.000000
outer loop
vertex 12.080692 0.827586 0.000000
vertex 13.178936 0.827586 0.000000
vertex 12.803309 1.655172 0.000000
endloop
endfacet
facet normal 0.000000 -0.000000 1.000000
outer loop
vertex 12.080692 0.827586 0.000000
vertex 12.803309 1.655172 0.000000
vertex 11.736367 1.655172 0.000000
endloop
endfacet
facet normal 0.000000 0.000000 1.000000
outer loop
vertex 13.178936 0.827586 0.000000
vertex 14.277181 0.827586 0.000000
vertex 13.870252 1.655172 0.000000
endloop
endfacet
facet normal 0.000000 -0.000000 1.000000
outer loop
vertex 13.178936 0.827586 0.000000
vertex 13.870252 1.655172 0.000000
vertex 12.803309 1.655172 0.000000
endloop
endfacet
facet normal 0.000000 0.000000 1.000000
outer loop
vertex 14.277181 0.827586 0.000000
vertex 15.375426 0.827586 0.000000
vertex 14.937194 1.655172 0.000000
endloop
endfacet
facet normal 0.000000 -0.000000 1.000000
outer loop
vertex 14.277181 0.827586 0.000000
vertex 14.937194 1.655172 0.000000
vertex 13.870252 1.655172 0.000000
endloop
endfacet
facet normal 0.000000 0.000000 1.000000
outer loop
vertex 15.375426 0.827586 0.000000
vertex 16.473671 0.827586 0.000000
vertex 16.004137 1.655172 0.000000
endloop
endfacet
facet normal 0.000000 -0.000000 1.000000
outer loop
vertex 15.375426 0.827586 0.000000
vertex 16.004137 1.655172 0.000000
vertex 14.937194 1.655172 0.000000
endloop
endfacet
facet normal 0.000000 0.000000 1.000000
outer loop
vertex 16.473671 0.827586 0.000000
vertex 17.571915 0.827586 0.000000
vertex 17.071079 1.655172 0.000000
endloop
endfacet
facet normal 0.000000 -0.000000 1.000000
outer loop
vertex 16.473671 0.827586 0.000000
vertex 17.071079 1.655172 0.000000
vertex 16.004137 1.655172 0.000000
endloop
endfacet
facet normal -0.000007 -0.129555 0.991572
outer loop
vertex 17.571915 0.827586 0.000000
vertex 18.670160 0.827586 0.000008
vertex 18.132528 1.655172 0.108133
endloop
endfacet
facet normal -0.101158 -0.061219 0.992985
outer loop
vertex 17.571915 0.827586 0.000000
vertex 18.132528 1.655172 0.108133
vertex 17.071079 1.655172 0.000000
endloop
endfacet
facet normal -0.523066 -0.703295 0.481434
outer loop
vertex 18.670160 0.827586 0.000008
vertex 19.413913 0.827586 0.808076
vertex 18.557643 1.655172 1.086726
endloop
endfacet
facet normal -0.769752 -0.543750 0.334392
outer loop
vertex 18.670160 0.827586 0.000008
vertex 18.557643 1.655172 1.086726
vertex 18.132528 1.655172 0.108133
endloop
endfacet
facet normal -0.635399 -0.731805 0.246432
outer loop
vertex 19.413913 0.827586 0.808076
vertex 19.811033 0.827586 1.832008
vertex 18.953152 1.655172 2.077654
endloop
endfacet
facet normal -0.629195 -0.735559 0.251131
outer loop
vertex 19.413913 0.827586 0.808076
vertex 18.953152 1.655172 2.077654
vertex 18.557643 1.655172 1.086726
endloop
endfacet
facet normal -0.688377 -0.713167 0.132400
outer loop
vertex 19.811033 0.827586 1.832008
vertex 20.018464 0.827586 2.910485
vertex 19.200512 1.655172 3.115526
endloop
endfacet
facet normal -0.661827 -0.732874 0.157736
outer loop
vertex 19.811033 0.827586 1.832008
vertex 19.200512 1.655172 3.115526
vertex 18.953152 1.655172 2.077654
endloop
endfacet
facet normal -0.708149 -0.692802 0.136203
outer loop
vertex 20.018464 0.827586 2.910485
vertex 20.225895 0.827586 3.988963
vertex 19.447872 1.655172 4.153399
endloop
endfacet
facet normal -0.681382 -0.713685 0.162396
outer loop
vertex 20.018464 0.827586 2.910485
vertex 19.447872 1.655172 4.153399
vertex 19.200512 1.655172 3.115526
endloop
endfacet
facet normal -0.728439 -0.670632 0.140106
outer loop
vertex 20.225895 0.827586 3.988963
vertex 20.433326 0.827586 5.067440
vertex 19.695232 1.655172 5.191271
endloop
endfacet
facet normal -0.701535 -0.692743 0.167199
outer loop
vertex 20.225895 0.827586 3.988963
vertex 19.695232 1.655172 5.191271
vertex 19.447872 1.655172 4.153399
endloop
endfacet
facet normal -0.642251 -0.440334 0.627391
outer loop
vertex 20.433326 0.827586 5.067440
vertex 21.200761 0.827586 5.853052
vertex 20.575642 1.655172 5.793968
endloop
endfacet
facet normal -0.478531 -0.531380 0.699031
outer loop
vertex 20.433326 0.827586 5.067440
vertex 20.575642 1.655172 5.793968
vertex 19.695232 1.655172 5.191271
endloop
endfacet
facet normal 0.597445 -0.339749 0.726382
outer loop
vertex 21.200761 0.827586 5.853052
vertex 22.048960 0.827586 5.155413
vertex 21.639145 1.655172 5.879569
endloop
endfacet
facet normal -0.080226 0.010561 0.996721
outer loop
vertex 21.200761 0.827586 5.853052
vertex 21.639145 1.655172 5.879569
vertex 20.575642 1.655172 5.793968
endloop
endfacet
facet normal 0.587169 -0.745061 0.316411
outer loop
vertex 22.048960 0.827586 5.155413
vertex 22.569948 0.827586 4.188608
vertex 22.706075 1.655172 5.884731
endloop
endfacet
facet normal -0.003637 -0.659529 0.751671
outer loop
vertex 22.048960 0.827586 5.155413
vertex 22.706075 1.655172 5.884731
vertex 21.639145 1.655172 5.879569
endloop
endfacet
facet normal 0.599134 -0.765039 0.236122
outer loop
vertex 22.569948 0.827586 4.188608
vertex 22.972629 0.827586 3.166850
vertex 23.305973 1.655172 5.002411
endloop
endfacet
facet normal 0.507054 -0.789964 0.344751
outer loop
vertex 22.569948 0.827586 4.188608
vertex 23.305973 1.655172 5.002411
vertex 22.706075 1.655172 5.884731
endloop
endfacet
facet normal 0.685022 -0.688447 0.238296
outer loop
vertex 22.972629 0.827586 3.166850
vertex 23.333462 0.827586 2.129574
vertex 23.528791 1.655172 3.958994
endloop
endfacet
facet normal 0.742528 -0.650775 0.158564
outer loop
vertex 22.972629 0.827586 3.166850
vertex 23.528791 1.655172 3.958994
vertex 23.305973 1.655172 5.002411
endloop
endfacet
facet normal 0.759947 -0.606349 0.234141
outer loop
vertex 23.333462 0.827586 2.129574
vertex 23.656833 0.827586 1.080016
vertex 23.751610 1.655172 2.915578
endloop
endfacet
facet normal 0.804004 -0.569298 0.171692
outer loop
vertex 23.333462 0.827586 2.129574
vertex 23.751610 1.655172 2.915578
vertex 23.528791 1.655172 3.958994
endloop
endfacet
facet normal 0.801794 -0.544152 0.247035
outer loop
vertex 23.656833 0.827586 1.080016
vertex 23.980205 0.827586 0.030458
vertex 23.974428 1.655172 1.872161
endloop
endfacet
facet normal 0.847721 -0.498597 0.181028
outer loop
vertex 23.656833 0.827586 1.080016
vertex 23.974428 1.655172 1.872161
vertex 23.751610 1.655172 2.915578
endloop
endfacet
facet normal 0.000000 0.000000 1.000000
outer loop
vertex 0.000000 1.655172 0.000000
vertex 1.066942 1.655172 0.000000
vertex 0.971462 2.482759 0.000000
endloop
endfacet
facet normal 0.000000 0.000000 1.000000
outer loop
vertex 0.000000 1.655172 0.000000
vertex 0.971462 2.482759 0.000000
vertex 0.000000 2.482759 0.000000
endloop
endfacet
facet normal 0.000000 0.000000 1.000000
outer loop
vertex 1.066942 1.655172 0.000000
vertex 2.133885 1.655172 0.000000
vertex 1.942924 2.482759 0.000000
endloop
endfacet
facet normal 0.000000 -0.000000 1.000000
outer loop
vertex 1.066942 1.655172 0.000000
vertex 1.942924 2.482759 0.000000
vertex 0.971462 2.482759 0.000000
endloop
endfacet
facet normal 0.000000 0.000000 1.000000
outer loop
vertex 2.133885 1.655172 0.000000
vertex 3.200827 1.655172 0.000000
vertex 2.914387 2.482759 0.000000
endloop
endfacet
facet normal 0.000000 -0.000000 1.000000
outer loop
vertex 2.133885 1.655172 0.000000
vertex 2.914387 2.482759 0.000000
vertex 1.942924 2.482759 0.000000
endloop
endfacet
facet normal 0.000000 0.000000 1.000000
outer loop
vertex 3.200827 1.655172 0.000000
vertex 4.267770 1.655172 0.000000
vertex 3.885849 2.482759 0.000000
endloop
endfacet
facet normal 0.000000 -0.000000 1.000000
outer loop
vertex 3.200827 1.655172 0.000000
vertex 3.885849 2.482759 0.000000
vertex 2.914387 2.482759 0.000000
endloop
endfacet
facet normal 0.000000 0.000000 1.000000
outer loop
vertex 4.267770 1.655172 0.000000
vertex 5.334712 1.655172 0.000000
vertex 4.857311 2.482759 0.000000
endloop
endfacet
facet normal 0.000000 -0.000000 1.000000
outer loop
vertex 4.267770 1.655172 0.000000
vertex 4.857311 2.482759 0.000000
vertex 3.885849 2.482759 0.000000
endloop
endfacet
facet normal 0.000000 0.000000 1.000000
outer loop
vertex 5.334712 1.655172 0.000000
vertex 6.401655 1.655172 0.000000
vertex 5.828773 2.482759 0.000000
endloop
endfacet
facet normal 0.000000 -0.000000 1.000000
outer loop
vertex 5.334712 1.655172 0.000000
vertex 5.828773 2.482759 0.000000
vertex 4.857311 2.482759 0.000000
endloop
endfacet
facet normal 0.000000 0.000000 1.000000
outer loop
vertex 6.401655 1.655172 0.000000
vertex 7.468597 1.655172 0.000000
vertex 6.800235 2.482759 0.000000
endloop
endfacet
facet normal 0.000000 -0.000000 1.000000
outer loop
vertex 6.401655 1.655172 0.000000
vertex 6.800235 2.482759 0.000000
vertex 5.828773 2.482759 0.000000
endloop
endfacet
facet normal 0.000000 0.000000 1.000000
outer loop
vertex 7.468597 1.655172 0.000000
vertex 8.535540 1.655172 0.000000
vertex 7.771698 2.482759 0.000000
endloop
endfacet
facet normal 0.000000 -0.000000 1.000000
outer loop
vertex 7.468597 1.655172 0.000000
vertex 7.771698 2.482759 0.000000
vertex 6.800235 2.482759 0.000000
endloop
endfacet
facet normal 0.000000 0.000000 1.000000
outer loop
vertex 8.535540 1.655172 0.000000
vertex 9.602482 1.655172 0.000000
vertex 8.743160 2.482759 0.000000
endloop
endfacet
facet normal 0.000000 -0.000000 1.000000
outer loop
vertex 8.535540 1.655172 0.000000
vertex 8.743160 2.482759 0.000000
vertex 7.771698 2.482759 0.000000
endloop
endfacet
facet normal 0.000000 0.000000 1.000000
outer loop
vertex 9.602482 1.655172 0.000000
vertex 10.669424 1.655172 0.000000
vertex 9.714622 2.482759 0.000000
endloop
endfacet
facet normal 0.000000 -0.000000 1.000000
outer loop
vertex 9.602482 1.655172 0.000000
vertex 9.714622 2.482759 0.000000
vertex 8.743160 2.482759 0.000000
endloop
endfacet
facet normal 0.000000 0.000000 1.000000
outer loop
vertex 10.669424 1.655172 0.000000
vertex 11.736367 1.655172 0.000000
vertex 10.686084 2.482759 0.000000
endloop
endfacet
facet normal 0.000000 -0.000000 1.000000
outer loop
vertex 10.669424 1.655172 0.000000
vertex 10.686084 2.482759 0.000000
vertex 9.714622 2.482759 0.000000
endloop
endfacet
facet normal 0.000000 -0.000000 1.000000
outer loop
vertex 11.736367 1.655172 0.000000
vertex 12.803309 1.655172 0.000000
vertex 11.657546 2.482759 0.000000
endloop
endfacet
facet normal 0.000000 0.000000 1.000000
outer loop
vertex 11.736367 1.655172 0.000000
vertex 11.657546 2.482759 0.000000
vertex 10.686084 2.482759 0.000000
endloop
endfacet
facet normal 0.000000 -0.000000 1.000000
outer loop
vertex 12.803309 1.655172 0.000000
vertex 13.870252 1.655172 0.000000
vertex 12.629009 2.482759 0.000000
endloop
endfacet
facet normal 0.000000 0.000000 1.000000
outer loop
vertex 12.803309 1.655172 0.000000
vertex 12.629009 2.482759 0.000000
vertex 11.657546 2.482759 0.000000
endloop
endfacet
facet normal 0.000000 -0.000000 1.000000
outer loop
vertex 13.870252 1.655172 0.000000
vertex 14.937194 1.655172 0.000000
vertex 13.600471 2.482759 0.000000
endloop
endfacet
facet normal 0.000000 0.000000 1.000000
outer loop
vertex 13.870252 1.655172 0.000000
vertex 13.600471 2.482759 0.000000
vertex 12.629009 2.482759 0.000000
endloop
endfacet
facet normal 0.000000 -0.000000 1.000000
outer loop
vertex 14.937194 1.655172 0.000000
vertex 16.004137 1.655172 0.000000
vertex 14.571933 2.482759 0.000000
endloop
endfacet
facet normal 0.000000 0.000000 1.000000
outer loop
vertex 14.937194 1.655172 0.000000
vertex 14.571933 2.482759 0.000000
vertex 13.600471 2.482759 0.000000
endloop
endfacet
facet normal 0.000000 -0.000000 1.000000
outer loop
vertex 16.004137 1.655172 0.000000
vertex 17.071079 1.655172 0.000000
vertex 15.543395 2.482759 0.000000
endloop
endfacet
facet normal 0.000000 0.000000 1.000000
outer loop
vertex 16.004137 1.655172 0.000000
vertex 15.543395 2.482759 0.000000
vertex 14.571933 2.482759 0.000000
endloop
endfacet
facet normal -0.100714 -0.111753 0.988619
outer loop
vertex 17.071079 1.655172 0.000000
vertex 18.132528 1.655172 0.108133
vertex 16.514160 2.482759 0.036815
endloop
endfacet
facet normal -0.037804 -0.069784 0.996846
outer loop
vertex 17.071079 1.655172 0.000000
vertex 16.514160 2.482759 0.036815
vertex 15.543395 2.482759 0.000000
endloop
endfacet
facet normal -0.625487 -0.731392 0.271721
outer loop
vertex 18.132528 1.655172 0.108133
vertex 18.557643 1.655172 1.086726
vertex 17.349370 2.482759 0.532962
endloop
endfacet
facet normal -0.374988 -0.678900 0.631252
outer loop
vertex 18.132528 1.655172 0.108133
vertex 17.349370 2.482759 0.532962
vertex 16.514160 2.482759 0.036815
endloop
endfacet
facet normal -0.573252 -0.786785 0.228802
outer loop
vertex 18.557643 1.655172 1.086726
vertex 18.953152 1.655172 2.077654
vertex 17.577645 2.482759 1.477223
endloop
endfacet
facet normal -0.603698 -0.783741 0.145944
outer loop
vertex 18.557643 1.655172 1.086726
vertex 17.577645 2.482759 1.477223
vertex 17.349370 2.482759 0.532962
endloop
endfacet
facet normal -0.553612 -0.822256 0.131944
outer loop
vertex 18.953152 1.655172 2.077654
vertex 19.200512 1.655172 3.115526
vertex 17.805920 2.482759 2.421484
endloop
endfacet
facet normal -0.553115 -0.822304 0.133715
outer loop
vertex 18.953152 1.655172 2.077654
vertex 17.805920 2.482759 2.421484
vertex 17.577645 2.482759 1.477223
endloop
endfacet
facet normal -0.554595 -0.821555 0.132179
outer loop
vertex 19.200512 1.655172 3.115526
vertex 19.447872 1.655172 4.153399
vertex 18.034194 2.482759 3.365746
endloop
endfacet
facet normal -0.554195 -0.821534 0.133976
outer loop
vertex 19.200512 1.655172 3.115526
vertex 18.034194 2.482759 3.365746
vertex 17.805920 2.482759 2.421484
endloop
endfacet
facet normal -0.593686 -0.792159 0.141495
outer loop
vertex 19.447872 1.655172 4.153399
vertex 19.695232 1.655172 5.191271
vertex 18.372898 2.482759 4.276250
endloop
endfacet
facet normal -0.580054 -0.785479 0.215778
outer loop
vertex 19.447872 1.655172 4.153399
vertex 18.372898 2.482759 4.276250
vertex 18.034194 2.482759 3.365746
endloop
endfacet
facet normal -0.480906 -0.524616 0.702501
outer loop
vertex 19.695232 1.655172 5.191271
vertex 20.575642 1.655172 5.793968
vertex 18.758373 2.482759 5.167961
endloop
endfacet
facet normal -0.640058 -0.716777 0.276689
outer loop
vertex 19.695232 1.655172 5.191271
vertex 18.758373 2.482759 5.167961
vertex 18.372898 2.482759 4.276250
endloop
endfacet
facet normal -0.080218 -0.017363 0.996626
outer loop
vertex 20.575642 1.655172 5.793968
vertex 21.639145 1.655172 5.879569
vertex 19.553486 2.482759 5.726113
endloop
endfacet
facet normal -0.483372 -0.540558 0.688585
outer loop
vertex 20.575642 1.655172 5.793968
vertex 19.553486 2.482759 5.726113
vertex 18.758373 2.482759 5.167961
endloop
endfacet
facet normal -0.004838 0.012191 0.999914
outer loop
vertex 21.639145 1.655172 5.879569
vertex 22.706075 1.655172 5.884731
vertex 20.515107 2.482759 5.864040
endloop
endfacet
facet normal -0.139870 -0.171675 0.975174
outer loop
vertex 21.639145 1.655172 5.879569
vertex 20.515107 2.482759 5.864040
vertex 19.553486 2.482759 5.726113
endloop
endfacet
facet normal 0.535150 0.762381 0.363854
outer loop
vertex 22.706075 1.655172 5.884731
vertex 23.305973 1.655172 5.002411
vertex 21.482766 2.482759 5.949916
endloop
endfacet
facet normal -0.086527 -0.204698 0.974993
outer loop
vertex 22.706075 1.655172 5.884731
vertex 21.482766 2.482759 5.949916
vertex 20.515107 2.482759 5.864040
endloop
endfacet
facet normal 0.780586 0.602412 0.166691
outer loop
vertex 23.305973 1.655172 5.002411
vertex 23.528791 1.655172 3.958994
vertex 22.452468 2.482759 6.008381
endloop
endfacet
facet normal -0.037133 -0.786950 0.615898
outer loop
vertex 23.305973 1.655172 5.002411
vertex 22.452468 2.482759 6.008381
vertex 21.482766 2.482759 5.949916
endloop
endfacet
facet normal 0.938657 -0.280613 0.200447
outer loop
vertex 23.528791 1.655172 3.958994
vertex 23.751610 1.655172 2.915578
vertex 23.391619 2.482759 5.759917
endloop
endfacet
facet normal 0.111633 -0.899718 0.421954
outer loop
vertex 23.528791 1.655172 3.958994
vertex 23.391619 2.482759 5.759917
vertex 22.452468 2.482759 6.008381
endloop
endfacet
facet normal 0.752691 -0.638451 0.160735
outer loop
vertex 23.751610 1.655172 2.915578
vertex 23.974428 1.655172 1.872161
vertex 24.006754 2.482759 5.008021
endloop
endfacet
facet normal 0.369650 -0.878581 0.302415
outer loop
vertex 23.751610 1.655172 2.915578
vertex 24.006754 2.482759 5.008021
vertex 23.391619 2.482759 5.759917
endloop
endfacet
facet normal 0.000000 0.000000 1.000000
outer loop
vertex 0.000000 2.482759 0.000000
vertex 0.971462 2.482759 0.000000
vertex 1.005165 3.310345 0.000000
endloop
endfacet
facet normal 0.000000 0.000000 1.000000
outer loop
vertex 0.000000 2.482759 0.000000
vertex 1.005165 3.310345 0.000000
vertex 0.000000 3.310345 0.000000
endloop
endfacet
facet normal 0.000000 0.000000 1.000000
outer loop
vertex 0.971462 2.482759 0.000000
vertex 1.942924 2.482759 0.000000
vertex 2.010330 3.310345 0.000000
endloop
endfacet
facet normal 0.000000 0.000000 1.000000
outer loop
vertex 0.971462 2.482759 0.000000
vertex 2.010330 3.310345 0.000000
vertex 1.005165 3.310345 0.000000
endloop
endfacet
facet normal 0.000000 0.000000 1.000000
outer loop
vertex 1.942924 2.482759 0.000000
vertex 2.914387 2.482759 0.000000
vertex 3.015495 3.310345 0.000000
endloop
endfacet
facet normal 0.000000 0.000000 1.000000
outer loop
vertex 1.942924 2.482759 0.000000
vertex 3.015495 3.310345 0.000000
vertex 2.010330 3.310345 0.000000
endloop
endfacet
facet normal 0.000000 0.000000 1.000000
outer loop
vertex 2.914387 2.482759 0.000000
vertex 3.885849 2.482759 0.000000
vertex 4.020660 3.310345 0.000000
endloop
endfacet
facet normal 0.000000 0.000000 1.000000
outer loop
vertex 2.914387 2.482759 0.000000
vertex 4.020660 3.310345 0.000000
vertex 3.015495 3.310345 0.000000
endloop
endfacet
facet normal 0.000000 0.000000 1.000000
outer loop
vertex 3.885849 2.482759 0.000000
vertex 4.857311 2.482759 0.000000
vertex 5.025824 3.310345 0.000000
endloop
endfacet
facet normal 0.000000 0.000000 1.000000
outer loop
vertex 3.885849 2.482759 0.000000
vertex 5.025824 3.310345 0.000000
vertex 4.020660 3.310345 0.000000
endloop
endfacet
facet normal 0.000000 0.000000 1.000000
outer loop
vertex 4.857311 2.482759 0.000000
vertex 5.828773 2.482759 0.000000
vertex 6.030989 3.310345 0.000000
endloop
endfacet
facet normal 0.000000 0.000000 1.000000
outer loop
vertex 4.857311 2.482759 0.000000
vertex 6.030989 3.310345 0.000000
vertex 5.025824 3.310345 0.000000
endloop
endfacet
facet normal 0.000000 0.000000 1.000000
outer loop
vertex 5.828773 2.482759 0.000000
vertex 6.800235 2.482759 0.000000
vertex 7.036154 3.310345 0.000000
endloop
endfacet
facet normal 0.000000 0.000000 1.000000
outer loop
vertex 5.828773 2.482759 0.000000
vertex 7.036154 3.310345 0.000000
vertex 6.030989 3.310345 0.000000
endloop
endfacet
facet normal 0.000000 0.000000 1.000000
outer loop
vertex 6.800235 2.482759 0.000000
vertex 7.771698 2.482759 0.000000
vertex 8.041319 3.310345 0.000000
endloop
endfacet
facet normal 0.000000 0.000000 1.000000
outer loop
vertex 6.800235 2.482759 0.000000
vertex 8.041319 3.310345 0.000000
vertex 7.036154 3.310345 0.000000
endloop
endfacet
facet normal 0.000000 0.000000 1.000000
outer loop
vertex 7.771698 2.482759 0.000000
vertex 8.743160 2.482759 0.000000
vertex 9.046484 3.310345 0.000000
endloop
endfacet
facet normal 0.000000 0.000000 1.000000
outer loop
vertex 7.771698 2.482759 0.000000
vertex 9.046484 3.310345 0.000000
vertex 8.041319 3.310345 0.000000
endloop
endfacet
facet normal 0.000000 0.000000 1.000000
outer loop
vertex 8.743160 2.482759 0.000000
vertex 9.714622 2.482759 0.000000
vertex 10.051649 3.310345 0.000000
endloop
endfacet
facet normal 0.000000 0.000000 1.000000
outer loop
vertex 8.743160 2.482759 0.000000
vertex 10.051649 3.310345 0.000000
vertex 9.046484 3.310345 0.000000
endloop
endfacet
facet normal 0.000000 0.000000 1.000000
outer loop
vertex 9.714622 2.482759 0.000000
vertex 10.686084 2.482759 0.000000
vertex 11.056814 3.310345 0.000000
endloop
endfacet
facet normal 0.000000 0.000000 1.000000
outer loop
vertex 9.714622 2.482759 0.000000
vertex 11.056814 3.310345 0.000000
vertex 10.051649 3.310345 0.000000
endloop
endfacet
facet normal 0.000000 0.000000 1.000000
outer loop
vertex 10.686084 2.482759 0.000000
vertex 11.657546 2.482759 0.000000
vertex 12.061979 3.310345 0.000000
endloop
endfacet
facet normal 0.000000 0.000000 1.000000
outer loop
vertex 10.686084 2.482759 0.000000
vertex 12.061979 3.310345 0.000000
vertex 11.056814 3.310345 0.000000
endloop
endfacet
facet normal 0.000000 0.000000 1.000000
outer loop
vertex 11.657546 2.482759 0.000000
vertex 12.629009 2.482759 0.000000
vertex 13.067143 3.310345 0.000000
endloop
endfacet
facet normal 0.000000 0.000000 1.000000
outer loop
vertex 11.657546 2.482759 0.000000
vertex 13.067143 3.310345 0.000000
vertex 12.061979 3.310345 0.000000
endloop
endfacet
facet normal 0.000000 0.000000 1.000000
outer loop
vertex 12.629009 2.482759 0.000000
vertex 13.600471 2.482759 0.000000
vertex 14.072308 3.310345 0.000000
endloop
endfacet
facet normal 0.000000 0.000000 1.000000
outer loop
vertex 12.629009 2.482759 0.000000
vertex 14.072308 3.310345 0.000000
vertex 13.067143 3.310345 0.000000
endloop
endfacet
facet normal 0.000000 0.000000 1.000000
outer loop
vertex 13.600471 2.482759 0.000000
vertex 14.571933 2.482759 0.000000
vertex 15.077473 3.310345 0.000000
endloop
endfacet
facet normal 0.000000 0.000000 1.000000
outer loop
vertex 13.600471 2.482759 0.000000
vertex 15.077473 3.310345 0.000000
vertex 14.072308 3.310345 0.000000
endloop
endfacet
facet normal 0.000000 -0.048513 0.998823
outer loop
vertex 14.571933 2.482759 0.000000
vertex 15.543395 2.482759 0.000000
vertex 16.081834 3.310345 0.040196
endloop
endfacet
facet normal -0.039977 0.024421 0.998902
outer loop
vertex 14.571933 2.482759 0.000000
vertex 16.081834 3.310345 0.040196
vertex 15.077473 3.310345 0.000000
endloop
endfacet
facet normal -0.026790 -0.707283 0.706423
outer loop
vertex 15.543395 2.482759 0.000000
vertex 16.514160 2.482759 0.036815
vertex 16.648363 3.310345 0.870498
endloop
endfacet
facet normal -0.735845 0.454365 0.502080
outer loop
vertex 15.543395 2.482759 0.000000
vertex 16.648363 3.310345 0.870498
vertex 16.081834 3.310345 0.040196
endloop
endfacet
facet normal -0.260342 -0.860320 0.438259
outer loop
vertex 16.514160 2.482759 0.036815
vertex 17.349370 2.482759 0.532962
vertex 16.842866 3.310345 1.856664
endloop
endfacet
facet normal -0.980471 -0.035808 0.193379
outer loop
vertex 16.514160 2.482759 0.036815
vertex 16.842866 3.310345 1.856664
vertex 16.648363 3.310345 0.870498
endloop
endfacet
facet normal -0.679688 -0.714860 0.164314
outer loop
vertex 17.349370 2.482759 0.532962
vertex 17.577645 2.482759 1.477223
vertex 17.037368 3.310345 2.842831
endloop
endfacet
facet normal -0.725640 -0.673026 0.143118
outer loop
vertex 17.349370 2.482759 0.532962
vertex 17.037368 3.310345 2.842831
vertex 16.842866 3.310345 1.856664
endloop
endfacet
facet normal -0.662408 -0.731827 0.160137
outer loop
vertex 17.577645 2.482759 1.477223
vertex 17.805920 2.482759 2.421484
vertex 17.231870 3.310345 3.828998
endloop
endfacet
facet normal -0.707825 -0.692456 0.139605
outer loop
vertex 17.577645 2.482759 1.477223
vertex 17.231870 3.310345 3.828998
vertex 17.037368 3.310345 2.842831
endloop
endfacet
facet normal -0.712143 -0.680598 0.172160
outer loop
vertex 17.805920 2.482759 2.421484
vertex 18.034194 2.482759 3.365746
vertex 17.582952 3.310345 4.770857
endloop
endfacet
facet normal -0.587071 -0.779397 0.218833
outer loop
vertex 17.805920 2.482759 2.421484
vertex 17.582952 3.310345 4.770857
vertex 17.231870 3.310345 3.828998
endloop
endfacet
facet normal -0.711915 -0.650417 0.264830
outer loop
vertex 18.034194 2.482759 3.365746
vertex 18.372898 2.482759 4.276250
vertex 18.117462 3.310345 5.622124
endloop
endfacet
facet normal -0.500587 -0.806608 0.314318
outer loop
vertex 18.034194 2.482759 3.365746
vertex 18.117462 3.310345 5.622124
vertex 17.582952 3.310345 4.770857
endloop
endfacet
facet normal -0.914081 0.091198 0.395145
outer loop
vertex 18.372898 2.482759 4.276250
vertex 18.758373 2.482759 5.167961
vertex 19.108883 3.310345 5.787782
endloop
endfacet
facet normal -0.085235 -0.855877 0.510107
outer loop
vertex 18.372898 2.482759 4.276250
vertex 19.108883 3.310345 5.787782
vertex 18.117462 3.310345 5.622124
endloop
endfacet
facet normal -0.559232 0.229363 0.796651
outer loop
vertex 18.758373 2.482759 5.167961
vertex 19.553486 2.482759 5.726113
vertex 20.109948 3.310345 5.878468
endloop
endfacet
facet normal -0.073644 -0.577665 0.812945
outer loop
vertex 18.758373 2.482759 5.167961
vertex 20.109948 3.310345 5.878468
vertex 19.108883 3.310345 5.787782
endloop
endfacet
facet normal -0.141896 -0.034068 0.989295
outer loop
vertex 19.553486 2.482759 5.726113
vertex 20.515107 2.482759 5.864040
vertex 21.110184 3.310345 5.977892
endloop
endfacet
facet normal -0.098247 -0.115897 0.988390
outer loop
vertex 19.553486 2.482759 5.726113
vertex 21.110184 3.310345 5.977892
vertex 20.109948 3.310345 5.878468
endloop
endfacet
facet normal -0.088244 -0.059252 0.994335
outer loop
vertex 20.515107 2.482759 5.864040
vertex 21.482766 2.482759 5.949916
vertex 22.112379 3.310345 6.055107
endloop
endfacet
facet normal -0.076562 -0.081655 0.993716
outer loop
vertex 20.515107 2.482759 5.864040
vertex 22.112379 3.310345 6.055107
vertex 21.110184 3.310345 5.977892
endloop
endfacet
facet normal -0.060017 -0.074157 0.995439
outer loop
vertex 21.482766 2.482759 5.949916
vertex 22.452468 2.482759 6.008381
vertex 23.116041 3.310345 6.110041
endloop
endfacet
facet normal -0.054454 -0.085029 0.994889
outer loop
vertex 21.482766 2.482759 5.949916
vertex 23.116041 3.310345 6.110041
vertex 22.112379 3.310345 6.055107
endloop
endfacet
facet normal 0.218086 0.522425 0.824325
outer loop
vertex 22.452468 2.482759 6.008381
vertex 23.391619 2.482759 5.759917
vertex 23.536575 3.310345 5.197075
endloop
endfacet
facet normal 0.716294 -0.614867 0.329942
outer loop
vertex 22.452468 2.482759 6.008381
vertex 23.536575 3.310345 5.197075
vertex 23.116041 3.310345 6.110041
endloop
endfacet
facet normal 0.660530 0.521229 0.540389
outer loop
vertex 23.391619 2.482759 5.759917
vertex 24.006754 2.482759 5.008021
vertex 23.948973 3.310345 4.280404
endloop
endfacet
facet normal 0.905540 0.118455 0.407390
outer loop
vertex 23.391619 2.482759 5.759917
vertex 23.948973 3.310345 4.280404
vertex 23.536575 3.310345 5.197075
endloop
endfacet
facet normal 0.000000 -0.000000 1.000000
outer loop
vertex 0.000000 3.310345 0.000000
vertex 1.005165 3.310345 0.000000
vertex 0.991494 4.137931 0.000000
endloop
endfacet
facet normal -0.000000 0.000000 1.000000
outer loop
vertex 0.000000 3.310345 0.000000
vertex 0.991494 4.137931 0.000000
vertex 0.000000 4.137931 0.000000
endloop
endfacet
facet normal 0.000000 -0.036305 0.999341
outer loop
vertex 1.005165 3.310345 0.000000
vertex 2.010330 3.310345 0.000000
vertex 1.982532 4.137931 0.030065
endloop
endfacet
facet normal -0.030323 -0.000501 0.999540
outer loop
vertex 1.005165 3.310345 0.000000
vertex 1.982532 4.137931 0.030065
vertex 0.991494 4.137931 0.000000
endloop
endfacet
facet normal 0.000000 -0.038765 0.999248
outer loop
vertex 2.010330 3.310345 0.000000
vertex 3.015495 3.310345 0.000000
vertex 2.974024 4.137931 0.032105
endloop
endfacet
facet normal -0.002056 -0.036374 0.999336
outer loop
vertex 2.010330 3.310345 0.000000
vertex 2.974024 4.137931 0.032105
vertex 1.982532 4.137931 0.030065
endloop
endfacet
facet normal 0.000000 -0.245740 0.969336
outer loop
vertex 3.015495 3.310345 0.000000
vertex 4.020660 3.310345 0.000000
vertex 3.949464 4.137931 0.209804
endloop
endfacet
facet normal -0.179025 -0.047095 0.982717
outer loop
vertex 3.015495 3.310345 0.000000
vertex 3.949464 4.137931 0.209804
vertex 2.974024 4.137931 0.032105
endloop
endfacet
facet normal 0.000000 -0.394199 0.919025
outer loop
vertex 4.020660 3.310345 0.000000
vertex 5.025824 3.310345 0.000000
vertex 4.930272 4.137931 0.354978
endloop
endfacet
facet normal -0.141591 -0.254692 0.956600
outer loop
vertex 4.020660 3.310345 0.000000
vertex 4.930272 4.137931 0.354978
vertex 3.949464 4.137931 0.209804
endloop
endfacet
facet normal 0.000000 -0.215802 0.976437
outer loop
vertex 5.025824 3.310345 0.000000
vertex 6.030989 3.310345 0.000000
vertex 5.906720 4.137931 0.182904
endloop
endfacet
facet normal 0.161005 -0.373297 0.913634
outer loop
vertex 5.025824 3.310345 0.000000
vertex 5.906720 4.137931 0.182904
vertex 4.930272 4.137931 0.354978
endloop
endfacet
facet normal 0.000000 -0.008169 0.999967
outer loop
vertex 6.030989 3.310345 0.000000
vertex 7.036154 3.310345 0.000000
vertex 6.882442 4.137931 0.006761
endloop
endfacet
facet normal 0.174506 -0.187435 0.966652
outer loop
vertex 6.030989 3.310345 0.000000
vertex 6.882442 4.137931 0.006761
vertex 5.906720 4.137931 0.182904
endloop
endfacet
facet normal 0.000000 -0.001565 0.999999
outer loop
vertex 7.036154 3.310345 0.000000
vertex 8.041319 3.310345 0.000000
vertex 7.873921 4.137931 0.001295
endloop
endfacet
facet normal 0.005513 -0.007145 0.999959
outer loop
vertex 7.036154 3.310345 0.000000
vertex 7.873921 4.137931 0.001295
vertex 6.882442 4.137931 0.006761
endloop
endfacet
facet normal 0.000000 -0.001556 0.999999
outer loop
vertex 8.041319 3.310345 0.000000
vertex 9.046484 3.310345 0.000000
vertex 8.865415 4.137931 0.001288
endloop
endfacet
facet normal 0.000007 -0.001563 0.999999
outer loop
vertex 8.041319 3.310345 0.000000
vertex 8.865415 4.137931 0.001288
vertex 7.873921 4.137931 0.001295
endloop
endfacet
facet normal 0.000000 -0.001556 0.999999
outer loop
vertex 9.046484 3.310345 0.000000
vertex 10.051649 3.310345 0.000000
vertex 9.856908 4.137931 0.001288
endloop
endfacet
facet normal -0.000000 -0.001556 0.999999
outer loop
vertex 9.046484 3.310345 0.000000
vertex 9.856908 4.137931 0.001288
vertex 8.865415 4.137931 0.001288
endloop
endfacet
facet normal 0.000000 -0.001556 0.999999
outer loop
vertex 10.051649 3.310345 0.000000
vertex 11.056814 3.310345 0.000000
vertex 10.848402 4.137931 0.001288
endloop
endfacet
facet normal -0.000000 -0.001556 0.999999
outer loop
vertex 10.051649 3.310345 0.000000
vertex 10.848402 4.137931 0.001288
vertex 9.856908 4.137931 0.001288
endloop
endfacet
facet normal 0.000000 -0.001556 0.999999
outer loop
vertex 11.056814 3.310345 0.000000
vertex 12.061979 3.310345 0.000000
vertex 11.839896 4.137931 0.001288
endloop
endfacet
facet normal -0.000000 -0.001556 0.999999
outer loop
vertex 11.056814 3.310345 0.000000
vertex 11.839896 4.137931 0.001288
vertex 10.848402 4.137931 0.001288
endloop
endfacet
facet normal 0.000000 -0.001556 0.999999
outer loop
vertex 12.061979 3.310345 0.000000
vertex 13.067143 3.310345 0.000000
vertex 12.831390 4.137931 0.001288
endloop
endfacet
facet normal -0.000000 -0.001556 0.999999
outer loop
vertex 12.061979 3.310345 0.000000
vertex 12.831390 4.137931 0.001288
vertex 11.839896 4.137931 0.001288
endloop
endfacet
facet normal 0.000000 -0.001556 0.999999
outer loop
vertex 13.067143 3.310345 0.000000
vertex 14.072308 3.310345 0.000000
vertex 13.822884 4.137931 0.001288
endloop
endfacet
facet normal -0.000000 -0.001556 0.999999
outer loop
vertex 13.067143 3.310345 0.000000
vertex 13.822884 4.137931 0.001288
vertex 12.831390 4.137931 0.001288
endloop
endfacet
facet normal 0.000000 -0.001556 0.999999
outer loop
vertex 14.072308 3.310345 0.000000
vertex 15.077473 3.310345 0.000000
vertex 14.814378 4.137931 0.001288
endloop
endfacet
facet normal -0.000000 -0.001556 0.999999
outer loop
vertex 14.072308 3.310345 0.000000
vertex 14.814378 4.137931 0.001288
vertex 13.822884 4.137931 0.001288
endloop
endfacet
facet normal -0.039070 -0.213231 0.976220
outer loop
vertex 15.077473 3.310345 0.000000
vertex 16.081834 3.310345 0.040196
vertex 15.783863 4.137931 0.209036
endloop
endfacet
facet normal -0.209046 -0.067975 0.975540
outer loop
vertex 15.077473 3.310345 0.000000
vertex 15.783863 4.137931 0.209036
vertex 14.814378 4.137931 0.001288
endloop
endfacet
facet normal -0.797078 -0.262456 0.543860
outer loop
vertex 16.081834 3.310345 0.040196
vertex 16.648363 3.310345 0.870498
vertex 16.434821 4.137931 0.956908
endloop
endfacet
facet normal -0.698999 -0.375801 0.608419
outer loop
vertex 16.081834 3.310345 0.040196
vertex 16.434821 4.137931 0.956908
vertex 15.783863 4.137931 0.209036
endloop
endfacet
facet normal -0.939646 -0.287609 0.185327
outer loop
vertex 16.648363 3.310345 0.870498
vertex 16.842866 3.310345 1.856664
vertex 16.604756 4.137931 1.933731
endloop
endfacet
facet normal -0.950637 -0.262561 0.165380
outer loop
vertex 16.648363 3.310345 0.870498
vertex 16.604756 4.137931 1.933731
vertex 16.434821 4.137931 0.956908
endloop
endfacet
facet normal -0.932444 -0.311008 0.183907
outer loop
vertex 16.842866 3.310345 1.856664
vertex 17.037368 3.310345 2.842831
vertex 16.774691 4.137931 2.910553
endloop
endfacet
facet normal -0.943804 -0.286837 0.164191
outer loop
vertex 16.842866 3.310345 1.856664
vertex 16.774691 4.137931 2.910553
vertex 16.604756 4.137931 1.933731
endloop
endfacet
facet normal -0.924809 -0.333855 0.182401
outer loop
vertex 17.037368 3.310345 2.842831
vertex 17.231870 3.310345 3.828998
vertex 16.944627 4.137931 3.887376
endloop
endfacet
facet normal -0.936484 -0.310572 0.162918
outer loop
vertex 17.037368 3.310345 2.842831
vertex 16.944627 4.137931 3.887376
vertex 16.774691 4.137931 2.910553
endloop
endfacet
facet normal -0.814159 -0.495020 0.303481
outer loop
vertex 17.231870 3.310345 3.828998
vertex 17.582952 3.310345 4.770857
vertex 17.114562 4.137931 4.864198
endloop
endfacet
facet normal -0.928716 -0.333741 0.161566
outer loop
vertex 17.231870 3.310345 3.828998
vertex 17.114562 4.137931 4.864198
vertex 16.944627 4.137931 3.887376
endloop
endfacet
facet normal -0.777682 -0.395939 0.488306
outer loop
vertex 17.582952 3.310345 4.770857
vertex 18.117462 3.310345 5.622124
vertex 17.715428 4.137931 5.652881
endloop
endfacet
facet normal -0.706153 -0.460341 0.537990
outer loop
vertex 17.582952 3.310345 4.770857
vertex 17.715428 4.137931 5.652881
vertex 17.114562 4.137931 4.864198
endloop
endfacet
facet normal -0.164752 -0.025709 0.986000
outer loop
vertex 18.117462 3.310345 5.622124
vertex 19.108883 3.310345 5.787782
vertex 18.702950 4.137931 5.741532
endloop
endfacet
facet normal -0.089124 -0.080192 0.992787
outer loop
vertex 18.117462 3.310345 5.622124
vertex 18.702950 4.137931 5.741532
vertex 17.715428 4.137931 5.652881
endloop
endfacet
facet normal -0.090140 0.042047 0.995041
outer loop
vertex 19.108883 3.310345 5.787782
vertex 20.109948 3.310345 5.878468
vertex 19.692368 4.137931 5.805669
endloop
endfacet
facet normal -0.064668 0.024032 0.997617
outer loop
vertex 19.108883 3.310345 5.787782
vertex 19.692368 4.137931 5.805669
vertex 18.702950 4.137931 5.741532
endloop
endfacet
facet normal -0.098816 0.044331 0.994118
outer loop
vertex 20.109948 3.310345 5.878468
vertex 21.110184 3.310345 5.977892
vertex 20.679536 4.137931 5.898180
endloop
endfacet
facet normal -0.093229 0.040469 0.994822
outer loop
vertex 20.109948 3.310345 5.878468
vertex 20.679536 4.137931 5.898180
vertex 19.692368 4.137931 5.805669
endloop
endfacet
facet normal -0.076757 0.040075 0.996244
outer loop
vertex 21.110184 3.310345 5.977892
vertex 22.112379 3.310345 6.055107
vertex 21.666999 4.137931 5.987502
endloop
endfacet
facet normal -0.089980 0.048989 0.994738
outer loop
vertex 21.110184 3.310345 5.977892
vertex 21.666999 4.137931 5.987502
vertex 20.679536 4.137931 5.898180
endloop
endfacet
facet normal -0.054628 0.029157 0.998081
outer loop
vertex 22.112379 3.310345 6.055107
vertex 23.116041 3.310345 6.110041
vertex 22.655789 4.137931 6.060674
endloop
endfacet
facet normal -0.073735 0.041714 0.996405
outer loop
vertex 22.112379 3.310345 6.055107
vertex 22.655789 4.137931 6.060674
vertex 21.666999 4.137931 5.987502
endloop
endfacet
facet normal 0.906970 -0.053590 0.417772
outer loop
vertex 23.116041 3.310345 6.110041
vertex 23.536575 3.310345 5.197075
vertex 23.456823 4.137931 5.476375
endloop
endfacet
facet normal 0.551620 0.351888 0.756234
outer loop
vertex 23.116041 3.310345 6.110041
vertex 23.456823 4.137931 5.476375
vertex 22.655789 4.137931 6.060674
endloop
endfacet
facet normal 0.897143 -0.179533 0.403612
outer loop
vertex 23.536575 3.310345 5.197075
vertex 23.948973 3.310345 4.280404
vertex 23.960699 4.137931 4.622462
endloop
endfacet
facet normal 0.857885 -0.088171 0.506220
outer loop
vertex 23.536575 3.310345 5.197075
vertex 23.960699 4.137931 4.622462
vertex 23.456823 4.137931 5.476375
endloop
endfacet
facet normal -0.000000 -0.349097 0.937087
outer loop
vertex 0.000000 4.137931 0.000000
vertex 0.991494 4.137931 0.000000
vertex 1.149159 4.965517 0.308304
endloop
endfacet
facet normal -0.259123 0.000000 0.965844
outer loop
vertex 0.000000 4.137931 0.000000
vertex 1.149159 4.965517 0.308304
vertex 0.000000 4.965517 0.000000
endloop
endfacet
facet normal -0.016446 -0.840150 0.542105
outer loop
vertex 0.991494 4.137931 0.000000
vertex 1.982532 4.137931 0.030065
vertex 1.795882 4.965517 1.306989
endloop
endfacet
facet normal -0.838613 -0.042544 0.543064
outer loop
vertex 0.991494 4.137931 0.000000
vertex 1.795882 4.965517 1.306989
vertex 1.149159 4.965517 0.308304
endloop
endfacet
facet normal -0.000661 -0.947013 0.321196
outer loop
vertex 1.982532 4.137931 0.030065
vertex 2.974024 4.137931 0.032105
vertex 2.045780 4.965517 2.470247
endloop
endfacet
facet normal -0.858630 -0.478258 0.184456
outer loop
vertex 1.982532 4.137931 0.030065
vertex 2.045780 4.965517 2.470247
vertex 1.795882 4.965517 1.306989
endloop
endfacet
facet normal -0.039480 -0.975436 0.216715
outer loop
vertex 2.974024 4.137931 0.032105
vertex 3.949464 4.137931 0.209804
vertex 2.295678 4.965517 3.633505
endloop
endfacet
facet normal -0.492395 -0.863920 0.105779
outer loop
vertex 2.974024 4.137931 0.032105
vertex 2.295678 4.965517 3.633505
vertex 2.045780 4.965517 2.470247
endloop
endfacet
facet normal -0.025341 -0.984909 0.171205
outer loop
vertex 3.949464 4.137931 0.209804
vertex 4.930272 4.137931 0.354978
vertex 2.629836 4.965517 4.775415
endloop
endfacet
facet normal -0.296397 -0.951118 0.086735
outer loop
vertex 3.949464 4.137931 0.209804
vertex 2.629836 4.965517 4.775415
vertex 2.295678 4.965517 3.633505
endloop
endfacet
facet normal 0.031179 -0.983730 0.176925
outer loop
vertex 4.930272 4.137931 0.354978
vertex 5.906720 4.137931 0.182904
vertex 3.754503 4.965517 5.163673
endloop
endfacet
facet normal -0.054032 -0.986197 0.156515
outer loop
vertex 4.930272 4.137931 0.354978
vertex 3.754503 4.965517 5.163673
vertex 2.629836 4.965517 4.775415
endloop
endfacet
facet normal 0.027212 -0.988200 0.150735
outer loop
vertex 5.906720 4.137931 0.182904
vertex 6.882442 4.137931 0.006761
vertex 4.748529 4.965517 5.817531
endloop
endfacet
facet normal -0.084103 -0.988220 0.127858
outer loop
vertex 5.906720 4.137931 0.182904
vertex 4.748529 4.965517 5.817531
vertex 3.754503 4.965517 5.163673
endloop
endfacet
facet normal 0.000791 -0.989649 0.143508
outer loop
vertex 6.882442 4.137931 0.006761
vertex 7.873921 4.137931 0.001295
vertex 5.934252 4.965517 5.719134
endloop
endfacet
facet normal 0.012060 -0.989310 0.145329
outer loop
vertex 6.882442 4.137931 0.006761
vertex 5.934252 4.965517 5.719134
vertex 4.748529 4.965517 5.817531
endloop
endfacet
facet normal 0.000001 -0.985795 0.167953
outer loop
vertex 7.873921 4.137931 0.001295
vertex 8.865415 4.137931 0.001288
vertex 6.756104 4.965517 4.858798
endloop
endfacet
facet normal 0.223450 -0.951056 0.213455
outer loop
vertex 7.873921 4.137931 0.001295
vertex 6.756104 4.965517 4.858798
vertex 5.934252 4.965517 5.719134
endloop
endfacet
facet normal -0.000000 -0.977776 0.209653
outer loop
vertex 8.865415 4.137931 0.001288
vertex 9.856908 4.137931 0.001288
vertex 7.404160 4.965517 3.860979
endloop
endfacet
facet normal 0.575645 -0.727226 0.373866
outer loop
vertex 8.865415 4.137931 0.001288
vertex 7.404160 4.965517 3.860979
vertex 6.756104 4.965517 4.858798
endloop
endfacet
facet normal -0.000000 -0.959327 0.282297
outer loop
vertex 9.856908 4.137931 0.001288
vertex 10.848402 4.137931 0.001288
vertex 7.968740 4.965517 2.813664
endloop
endfacet
facet normal 0.818478 0.367994 0.441220
outer loop
vertex 9.856908 4.137931 0.001288
vertex 7.968740 4.965517 2.813664
vertex 7.404160 4.965517 3.860979
endloop
endfacet
facet normal -0.000000 -0.905346 0.424675
outer loop
vertex 10.848402 4.137931 0.001288
vertex 11.839896 4.137931 0.001288
vertex 8.531898 4.965517 1.765583
endloop
endfacet
facet normal 0.498559 0.824424 0.267887
outer loop
vertex 10.848402 4.137931 0.001288
vertex 8.531898 4.965517 1.765583
vertex 7.968740 4.965517 2.813664
endloop
endfacet
facet normal -0.000000 -0.671060 0.741403
outer loop
vertex 11.839896 4.137931 0.001288
vertex 12.831390 4.137931 0.001288
vertex 9.152324 4.965517 0.750354
endloop
endfacet
facet normal 0.340346 0.917008 0.207992
outer loop
vertex 11.839896 4.137931 0.001288
vertex 9.152324 4.965517 0.750354
vertex 8.531898 4.965517 1.765583
endloop
endfacet
facet normal -0.000000 -0.222480 0.974937
outer loop
vertex 12.831390 4.137931 0.001288
vertex 13.822884 4.137931 0.001288
vertex 10.201982 4.965517 0.190142
endloop
endfacet
facet normal 0.287823 0.791408 0.539288
outer loop
vertex 12.831390 4.137931 0.001288
vertex 10.201982 4.965517 0.190142
vertex 9.152324 4.965517 0.750354
endloop
endfacet
facet normal -0.000000 -0.188525 0.982068
outer loop
vertex 13.822884 4.137931 0.001288
vertex 14.814378 4.137931 0.001288
vertex 11.391402 4.965517 0.160158
endloop
endfacet
facet normal 0.025028 -0.117054 0.992810
outer loop
vertex 13.822884 4.137931 0.001288
vertex 11.391402 4.965517 0.160158
vertex 10.201982 4.965517 0.190142
endloop
endfacet
facet normal -0.167250 -0.602376 0.780494
outer loop
vertex 14.814378 4.137931 0.001288
vertex 15.783863 4.137931 0.209036
vertex 12.581199 4.965517 0.161467
endloop
endfacet
facet normal -0.001080 -0.192831 0.981231
outer loop
vertex 14.814378 4.137931 0.001288
vertex 12.581199 4.965517 0.161467
vertex 11.391402 4.965517 0.160158
endloop
endfacet
facet normal -0.350490 -0.885488 0.305071
outer loop
vertex 15.783863 4.137931 0.209036
vertex 16.434821 4.137931 0.956908
vertex 13.763974 4.965517 0.290551
endloop
endfacet
facet normal -0.101991 -0.340975 0.934523
outer loop
vertex 15.783863 4.137931 0.209036
vertex 13.763974 4.965517 0.290551
vertex 12.581199 4.965517 0.161467
endloop
endfacet
facet normal -0.452189 -0.888446 0.078666
outer loop
vertex 16.434821 4.137931 0.956908
vertex 16.604756 4.137931 1.933731
vertex 14.795910 4.965517 0.882773
endloop
endfacet
facet normal -0.368501 -0.672240 0.642106
outer loop
vertex 16.434821 4.137931 0.956908
vertex 14.795910 4.965517 0.882773
vertex 13.763974 4.965517 0.290551
endloop
endfacet
facet normal -0.757286 -0.639657 0.131743
outer loop
vertex 16.604756 4.137931 1.933731
vertex 16.774691 4.137931 2.910553
vertex 15.826363 4.965517 1.477573
endloop
endfacet
facet normal -0.499904 0.007170 0.866051
outer loop
vertex 16.604756 4.137931 1.933731
vertex 15.826363 4.965517 1.477573
vertex 14.795910 4.965517 0.882773
endloop
endfacet
facet normal -0.914394 -0.372261 0.159075
outer loop
vertex 16.774691 4.137931 2.910553
vertex 16.944627 4.137931 3.887376
vertex 16.372382 4.965517 2.534683
endloop
endfacet
facet normal -0.867090 -0.218102 0.447869
outer loop
vertex 16.774691 4.137931 2.910553
vertex 16.372382 4.965517 2.534683
vertex 15.826363 4.965517 1.477573
endloop
endfacet
facet normal -0.971260 -0.167644 0.168967
outer loop
vertex 16.944627 4.137931 3.887376
vertex 17.114562 4.137931 4.864198
vertex 16.762029 4.965517 3.658869
endloop
endfacet
facet normal -0.938339 -0.117234 0.325232
outer loop
vertex 16.944627 4.137931 3.887376
vertex 16.762029 4.965517 3.658869
vertex 16.372382 4.965517 2.534683
endloop
endfacet
facet normal -0.795238 0.022999 0.605861
outer loop
vertex 17.114562 4.137931 4.864198
vertex 17.715428 4.137931 5.652881
vertex 17.091267 4.965517 4.802207
endloop
endfacet
facet normal -0.960932 -0.006321 0.276712
outer loop
vertex 17.114562 4.137931 4.864198
vertex 17.091267 4.965517 4.802207
vertex 16.762029 4.965517 3.658869
endloop
endfacet
facet normal -0.088224 -0.162485 0.982759
outer loop
vertex 17.715428 4.137931 5.652881
vertex 18.702950 4.137931 5.741532
vertex 17.750259 4.965517 5.792837
endloop
endfacet
facet normal -0.831177 -0.058524 0.552920
outer loop
vertex 17.715428 4.137931 5.652881
vertex 17.750259 4.965517 5.792837
vertex 17.091267 4.965517 4.802207
endloop
endfacet
facet normal -0.064286 -0.111094 0.991729
outer loop
vertex 18.702950 4.137931 5.741532
vertex 19.692368 4.137931 5.805669
vertex 18.938706 4.965517 5.849521
endloop
endfacet
facet normal -0.047320 -0.115979 0.992124
outer loop
vertex 18.702950 4.137931 5.741532
vertex 18.938706 4.965517 5.849521
vertex 17.750259 4.965517 5.792837
endloop
endfacet
facet normal -0.092992 -0.081858 0.992296
outer loop
vertex 19.692368 4.137931 5.805669
vertex 20.679536 4.137931 5.898180
vertex 20.126721 4.965517 5.914644
endloop
endfacet
facet normal -0.054448 -0.102216 0.993271
outer loop
vertex 19.692368 4.137931 5.805669
vertex 20.126721 4.965517 5.914644
vertex 18.938706 4.965517 5.849521
endloop
endfacet
facet normal -0.089761 -0.085155 0.992316
outer loop
vertex 20.679536 4.137931 5.898180
vertex 21.666999 4.137931 5.987502
vertex 21.311264 4.965517 6.026343
endloop
endfacet
facet normal -0.093563 -0.082237 0.992211
outer loop
vertex 20.679536 4.137931 5.898180
vertex 21.311264 4.965517 6.026343
vertex 20.126721 4.965517 5.914644
endloop
endfacet
facet normal -0.073449 -0.097329 0.992538
outer loop
vertex 21.666999 4.137931 5.987502
vertex 22.655789 4.137931 6.060674
vertex 22.496534 4.965517 6.130043
endloop
endfacet
facet normal -0.086850 -0.083921 0.992680
outer loop
vertex 21.666999 4.137931 5.987502
vertex 22.496534 4.965517 6.130043
vertex 21.311264 4.965517 6.026343
endloop
endfacet
facet normal 0.586745 -0.093217 0.804388
outer loop
vertex 22.655789 4.137931 6.060674
vertex 23.456823 4.137931 5.476375
vertex 23.521197 4.965517 5.525323
endloop
endfacet
facet normal 0.508087 0.025609 0.860925
outer loop
vertex 22.655789 4.137931 6.060674
vertex 23.521197 4.965517 5.525323
vertex 22.496534 4.965517 6.130043
endloop
endfacet
facet normal 0.861239 -0.000611 0.508199
outer loop
vertex 23.456823 4.137931 5.476375
vertex 23.960699 4.137931 4.622462
vertex 24.055753 4.965517 4.462371
endloop
endfacet
facet normal 0.889295 -0.095626 0.447224
outer loop
vertex 23.456823 4.137931 5.476375
vertex 24.055753 4.965517 4.462371
vertex 23.521197 4.965517 5.525323
endloop
endfacet
facet normal -0.185732 -0.697310 0.692287
outer loop
vertex 0.000000 4.965517 0.000000
vertex 1.149159 4.965517 0.308304
vertex 0.439640 5.793103 0.951540
endloop
endfacet
facet normal -0.907636 -0.000464 0.419758
outer loop
vertex 0.000000 4.965517 0.000000
vertex 0.439640 5.793103 0.951540
vertex 0.000000 5.793103 0.000915
endloop
endfacet
facet normal -0.497341 -0.805559 0.322065
outer loop
vertex 1.149159 4.965517 0.308304
vertex 1.795882 4.965517 1.306989
vertex 0.849416 5.793103 1.915415
endloop
endfacet
facet normal -0.621186 -0.737825 0.264087
outer loop
vertex 1.149159 4.965517 0.308304
vertex 0.849416 5.793103 1.915415
vertex 0.439640 5.793103 0.951540
endloop
endfacet
facet normal -0.604089 -0.786280 0.129774
outer loop
vertex 1.795882 4.965517 1.306989
vertex 2.045780 4.965517 2.470247
vertex 1.069386 5.793103 2.939420
endloop
endfacet
facet normal -0.604096 -0.786275 0.129768
outer loop
vertex 1.795882 4.965517 1.306989
vertex 1.069386 5.793103 2.939420
vertex 0.849416 5.793103 1.915415
endloop
endfacet
facet normal -0.604084 -0.786283 0.129773
outer loop
vertex 2.045780 4.965517 2.470247
vertex 2.295678 4.965517 3.633505
vertex 1.289357 5.793103 3.963424
endloop
endfacet
facet normal -0.604091 -0.786279 0.129767
outer loop
vertex 2.045780 4.965517 2.470247
vertex 1.289357 5.793103 3.963424
vertex 1.069386 5.793103 2.939420
endloop
endfacet
facet normal -0.565465 -0.808002 0.165473
outer loop
vertex 2.295678 4.965517 3.633505
vertex 2.629836 4.965517 4.775415
vertex 1.509327 5.793103 4.987428
endloop
endfacet
facet normal -0.604086 -0.786283 0.129766
outer loop
vertex 2.295678 4.965517 3.633505
vertex 1.509327 5.793103 4.987428
vertex 1.289357 5.793103 3.963424
endloop
endfacet
facet normal -0.189437 -0.814246 0.548742
outer loop
vertex 2.629836 4.965517 4.775415
vertex 3.754503 4.965517 5.163673
vertex 2.130190 5.793103 5.830933
endloop
endfacet
facet normal -0.505005 -0.778976 0.371709
outer loop
vertex 2.629836 4.965517 4.775415
vertex 2.130190 5.793103 5.830933
vertex 1.509327 5.793103 4.987428
endloop
endfacet
facet normal -0.346821 -0.775705 0.527255
outer loop
vertex 3.754503 4.965517 5.163673
vertex 4.748529 4.965517 5.817531
vertex 3.164879 5.793103 5.993383
endloop
endfacet
facet normal -0.104285 -0.740226 0.664222
outer loop
vertex 3.754503 4.965517 5.163673
vertex 3.164879 5.793103 5.993383
vertex 2.130190 5.793103 5.830933
endloop
endfacet
facet normal 0.081496 -0.170025 0.982064
outer loop
vertex 4.748529 4.965517 5.817531
vertex 5.934252 4.965517 5.719134
vertex 4.212175 5.793103 6.005320
endloop
endfacet
facet normal -0.011097 -0.228107 0.973573
outer loop
vertex 4.748529 4.965517 5.817531
vertex 4.212175 5.793103 6.005320
vertex 3.164879 5.793103 5.993383
endloop
endfacet
facet normal 0.683851 0.324959 0.653261
outer loop
vertex 5.934252 4.965517 5.719134
vertex 6.756104 4.965517 4.858798
vertex 5.259505 5.793103 6.013802
endloop
endfacet
facet normal -0.007613 -0.340922 0.940061
outer loop
vertex 5.934252 4.965517 5.719134
vertex 5.259505 5.793103 6.013802
vertex 4.212175 5.793103 6.005320
endloop
endfacet
facet normal 0.801649 -0.293742 0.520649
outer loop
vertex 6.756104 4.965517 4.858798
vertex 7.404160 4.965517 3.860979
vertex 6.306862 5.793103 6.017411
endloop
endfacet
facet normal -0.002001 -0.814097 0.580726
outer loop
vertex 6.756104 4.965517 4.858798
vertex 6.306862 5.793103 6.017411
vertex 5.259505 5.793103 6.013802
endloop
endfacet
facet normal 0.568736 -0.763244 0.306591
outer loop
vertex 7.404160 4.965517 3.860979
vertex 7.968740 4.965517 2.813664
vertex 7.354221 5.793103 6.013858
endloop
endfacet
facet normal 0.001217 -0.933400 0.358836
outer loop
vertex 7.404160 4.965517 3.860979
vertex 7.354221 5.793103 6.013858
vertex 6.306862 5.793103 6.017411
endloop
endfacet
facet normal 0.354795 -0.915302 0.190640
outer loop
vertex 7.968740 4.965517 2.813664
vertex 8.531898 4.965517 1.765583
vertex 8.401112 5.793103 5.982405
endloop
endfacet
facet normal 0.007563 -0.967770 0.251722
outer loop
vertex 7.968740 4.965517 2.813664
vertex 8.401112 5.793103 5.982405
vertex 7.354221 5.793103 6.013858
endloop
endfacet
facet normal 0.245950 -0.957558 0.150305
outer loop
vertex 8.531898 4.965517 1.765583
vertex 9.152324 4.965517 0.750354
vertex 9.389213 5.793103 5.635089
endloop
endfacet
facet normal 0.068252 -0.978590 0.194173
outer loop
vertex 8.531898 4.965517 1.765583
vertex 9.389213 5.793103 5.635089
vertex 8.401112 5.793103 5.982405
endloop
endfacet
facet normal 0.092516 -0.980506 0.173345
outer loop
vertex 9.152324 4.965517 0.750354
vertex 10.201982 4.965517 0.190142
vertex 10.139704 5.793103 4.904517
endloop
endfacet
facet normal 0.153624 -0.975446 0.157813
outer loop
vertex 9.152324 4.965517 0.750354
vertex 10.139704 5.793103 4.904517
vertex 9.389213 5.793103 5.635089
endloop
endfacet
facet normal 0.005229 -0.978239 0.207415
outer loop
vertex 10.201982 4.965517 0.190142
vertex 11.391402 4.965517 0.160158
vertex 10.783842 5.793103 4.078650
endloop
endfacet
facet normal 0.219869 -0.960338 0.171487
outer loop
vertex 10.201982 4.965517 0.190142
vertex 10.783842 5.793103 4.078650
vertex 10.139704 5.793103 4.904517
endloop
endfacet
facet normal -0.000236 -0.976678 0.214707
outer loop
vertex 11.391402 4.965517 0.160158
vertex 12.581199 4.965517 0.161467
vertex 11.819909 5.793103 3.925228
endloop
endfacet
facet normal 0.031272 -0.976947 0.211180
outer loop
vertex 11.391402 4.965517 0.160158
vertex 11.819909 5.793103 3.925228
vertex 10.783842 5.793103 4.078650
endloop
endfacet
facet normal -0.021486 -0.980194 0.196871
outer loop
vertex 12.581199 4.965517 0.161467
vertex 13.763974 4.965517 0.290551
vertex 12.795863 5.793103 4.305339
endloop
endfacet
facet normal -0.077551 -0.976902 0.199118
outer loop
vertex 12.581199 4.965517 0.161467
vertex 12.795863 5.793103 4.305339
vertex 11.819909 5.793103 3.925228
endloop
endfacet
facet normal -0.098378 -0.980274 0.171422
outer loop
vertex 13.763974 4.965517 0.290551
vertex 14.795910 4.965517 0.882773
vertex 13.626034 5.793103 4.943922
endloop
endfacet
facet normal -0.130646 -0.976773 0.169843
outer loop
vertex 13.763974 4.965517 0.290551
vertex 13.626034 5.793103 4.943922
vertex 12.795863 5.793103 4.305339
endloop
endfacet
facet normal -0.097547 -0.980778 0.168994
outer loop
vertex 14.795910 4.965517 0.882773
vertex 15.826363 4.965517 1.477573
vertex 14.502930 5.793103 5.516656
endloop
endfacet
facet normal -0.109742 -0.979656 0.168023
outer loop
vertex 14.795910 4.965517 0.882773
vertex 14.502930 5.793103 5.516656
vertex 13.626034 5.793103 4.943922
endloop
endfacet
facet normal -0.316945 -0.934209 0.163708
outer loop
vertex 15.826363 4.965517 1.477573
vertex 16.372382 4.965517 2.534683
vertex 15.541849 5.793103 5.649397
endloop
endfacet
facet normal -0.024647 -0.980907 0.192907
outer loop
vertex 15.826363 4.965517 1.477573
vertex 15.541849 5.793103 5.649397
vertex 14.502930 5.793103 5.516656
endloop
endfacet
facet normal -0.674451 -0.700334 0.233767
outer loop
vertex 16.372382 4.965517 2.534683
vertex 16.762029 4.965517 3.658869
vertex 16.589166 5.793103 5.639467
endloop
endfacet
facet normal 0.002441 -0.966302 0.257399
outer loop
vertex 16.372382 4.965517 2.534683
vertex 16.589166 5.793103 5.639467
vertex 15.541849 5.793103 5.649397
endloop
endfacet
facet normal -0.907159 0.329882 0.261228
outer loop
vertex 16.762029 4.965517 3.658869
vertex 17.091267 4.965517 4.802207
vertex 17.636472 5.793103 5.650440
endloop
endfacet
facet normal -0.004036 -0.922808 0.385240
outer loop
vertex 16.762029 4.965517 3.658869
vertex 17.636472 5.793103 5.650440
vertex 16.589166 5.793103 5.639467
endloop
endfacet
facet normal -0.582428 0.714607 0.387446
outer loop
vertex 17.091267 4.965517 4.802207
vertex 17.750259 4.965517 5.792837
vertex 18.683662 5.793103 5.669570
endloop
endfacet
facet normal -0.012833 -0.711570 0.702498
outer loop
vertex 17.091267 4.965517 4.802207
vertex 18.683662 5.793103 5.669570
vertex 17.636472 5.793103 5.650440
endloop
endfacet
facet normal -0.046441 0.223106 0.973687
outer loop
vertex 17.750259 4.965517 5.792837
vertex 18.938706 4.965517 5.849521
vertex 19.730649 5.793103 5.697665
endloop
endfacet
facet normal -0.026404 0.176342 0.983975
outer loop
vertex 17.750259 4.965517 5.792837
vertex 19.730649 5.793103 5.697665
vertex 18.683662 5.793103 5.669570
endloop
endfacet
facet normal -0.053459 0.214609 0.975236
outer loop
vertex 18.938706 4.965517 5.849521
vertex 20.126721 4.965517 5.914644
vertex 20.775642 5.793103 5.768098
endloop
endfacet
facet normal -0.065280 0.240187 0.968529
outer loop
vertex 18.938706 4.965517 5.849521
vertex 20.775642 5.793103 5.768098
vertex 19.730649 5.793103 5.697665
endloop
endfacet
facet normal -0.091361 0.230123 0.968864
outer loop
vertex 20.126721 4.965517 5.914644
vertex 21.311264 4.965517 6.026343
vertex 21.817277 5.793103 5.877491
endloop
endfacet
facet normal -0.101134 0.249825 0.962995
outer loop
vertex 20.126721 4.965517 5.914644
vertex 21.817277 5.793103 5.877491
vertex 20.775642 5.793103 5.768098
endloop
endfacet
facet normal -0.084732 0.234263 0.968474
outer loop
vertex 21.311264 4.965517 6.026343
vertex 22.496534 4.965517 6.130043
vertex 22.861245 5.793103 5.961767
endloop
endfacet
facet normal -0.078443 0.222738 0.971717
outer loop
vertex 21.311264 4.965517 6.026343
vertex 22.861245 5.793103 5.961767
vertex 21.817277 5.793103 5.877491
endloop
endfacet
facet normal 0.471622 0.372763 0.799137
outer loop
vertex 22.496534 4.965517 6.130043
vertex 23.521197 4.965517 5.525323
vertex 23.514609 5.793103 5.143178
endloop
endfacet
facet normal 0.763701 -0.212615 0.609554
outer loop
vertex 22.496534 4.965517 6.130043
vertex 23.514609 5.793103 5.143178
vertex 22.861245 5.793103 5.961767
endloop
endfacet
facet normal 0.870108 0.226803 0.437575
outer loop
vertex 23.521197 4.965517 5.525323
vertex 24.055753 4.965517 4.462371
vertex 23.971594 5.793103 4.200768
endloop
endfacet
facet normal 0.880825 0.204239 0.427122
outer loop
vertex 23.521197 4.965517 5.525323
vertex 23.971594 5.793103 4.200768
vertex 23.514609 5.793103 5.143178
endloop
endfacet
facet normal -0.595589 -0.754588 0.275445
outer loop
vertex 0.000000 5.793103 0.000915
vertex 0.439640 5.793103 0.951540
vertex 0.189407 6.620690 2.677660
endloop
endfacet
facet normal -0.902510 -0.389282 0.184218
outer loop
vertex 0.000000 5.793103 0.000915
vertex 0.189407 6.620690 2.677660
vertex 0.000000 6.620690 1.749732
endloop
endfacet
facet normal -0.555093 -0.797610 0.235989
outer loop
vertex 0.439640 5.793103 0.951540
vertex 0.849416 5.793103 1.915415
vertex 0.378813 6.620690 3.605589
endloop
endfacet
facet normal -0.797632 -0.580755 0.162811
outer loop
vertex 0.439640 5.793103 0.951540
vertex 0.378813 6.620690 3.605589
vertex 0.189407 6.620690 2.677660
endloop
endfacet
facet normal -0.692507 -0.705907 0.148760
outer loop
vertex 0.849416 5.793103 1.915415
vertex 1.069386 5.793103 2.939420
vertex 0.568220 6.620690 4.533517
endloop
endfacet
facet normal -0.704837 -0.694627 0.143870
outer loop
vertex 0.849416 5.793103 1.915415
vertex 0.568220 6.620690 4.533517
vertex 0.378813 6.620690 3.605589
endloop
endfacet
facet normal -0.688459 -0.710037 0.147890
outer loop
vertex 1.069386 5.793103 2.939420
vertex 1.289357 5.793103 3.963424
vertex 0.757627 6.620690 5.461445
endloop
endfacet
facet normal -0.700284 -0.699407 0.142940
outer loop
vertex 1.069386 5.793103 2.939420
vertex 0.757627 6.620690 5.461445
vertex 0.568220 6.620690 4.533517
endloop
endfacet
facet normal -0.961359 -0.182049 0.206513
outer loop
vertex 1.289357 5.793103 3.963424
vertex 1.509327 5.793103 4.987428
vertex 1.561868 6.620690 5.961567
endloop
endfacet
facet normal -0.248359 -0.882502 0.399384
outer loop
vertex 1.289357 5.793103 3.963424
vertex 1.561868 6.620690 5.961567
vertex 0.757627 6.620690 5.461445
endloop
endfacet
facet normal -0.784149 0.227992 0.577174
outer loop
vertex 1.509327 5.793103 4.987428
vertex 2.130190 5.793103 5.830933
vertex 2.507340 6.620690 6.016422
endloop
endfacet
facet normal -0.037606 -0.760565 0.648172
outer loop
vertex 1.509327 5.793103 4.987428
vertex 2.507340 6.620690 6.016422
vertex 1.561868 6.620690 5.961567
endloop
endfacet
facet normal -0.155099 0.006874 0.987875
outer loop
vertex 2.130190 5.793103 5.830933
vertex 3.164879 5.793103 5.993383
vertex 3.454255 6.620690 6.033057
endloop
endfacet
facet normal -0.017168 -0.211218 0.977288
outer loop
vertex 2.130190 5.793103 5.830933
vertex 3.454255 6.620690 6.033057
vertex 2.507340 6.620690 6.016422
endloop
endfacet
facet normal -0.011387 -0.042205 0.999044
outer loop
vertex 3.164879 5.793103 5.993383
vertex 4.212175 5.793103 6.005320
vertex 4.401270 6.620690 6.042437
endloop
endfacet
facet normal -0.009894 -0.044430 0.998963
outer loop
vertex 3.164879 5.793103 5.993383
vertex 4.401270 6.620690 6.042437
vertex 3.454255 6.620690 6.033057
endloop
endfacet
facet normal -0.008094 -0.034645 0.999367
outer loop
vertex 4.212175 5.793103 6.005320
vertex 5.259505 5.793103 6.013802
vertex 5.348332 6.620690 6.043211
endloop
endfacet
facet normal -0.000817 -0.044619 0.999004
outer loop
vertex 4.212175 5.793103 6.005320
vertex 5.348332 6.620690 6.043211
vertex 4.401270 6.620690 6.042437
endloop
endfacet
facet normal -0.003444 -0.032378 0.999470
outer loop
vertex 5.259505 5.793103 6.013802
vertex 6.306862 5.793103 6.017411
vertex 6.295393 6.620690 6.044181
endloop
endfacet
facet normal -0.001024 -0.035404 0.999373
outer loop
vertex 5.259505 5.793103 6.013802
vertex 6.295393 6.620690 6.044181
vertex 5.348332 6.620690 6.043211
endloop
endfacet
facet normal 0.003391 -0.030691 0.999523
outer loop
vertex 6.306862 5.793103 6.017411
vertex 7.354221 5.793103 6.013858
vertex 7.242444 6.620690 6.039648
endloop
endfacet
facet normal 0.004784 -0.032264 0.999468
outer loop
vertex 6.306862 5.793103 6.017411
vertex 7.242444 6.620690 6.039648
vertex 6.295393 6.620690 6.044181
endloop
endfacet
facet normal 0.030015 -0.032215 0.999030
outer loop
vertex 7.354221 5.793103 6.013858
vertex 8.401112 5.793103 5.982405
vertex 8.189196 6.620690 6.015458
endloop
endfacet
facet normal 0.025532 -0.027693 0.999290
outer loop
vertex 7.354221 5.793103 6.013858
vertex 8.189196 6.620690 6.015458
vertex 7.242444 6.620690 6.039648
endloop
endfacet
facet normal 0.317958 -0.283976 0.904577
outer loop
vertex 8.401112 5.793103 5.982405
vertex 9.389213 5.793103 5.635089
vertex 9.135735 6.620690 5.983993
endloop
endfacet
facet normal 0.033208 -0.031394 0.998955
outer loop
vertex 8.401112 5.793103 5.982405
vertex 9.135735 6.620690 5.983993
vertex 8.189196 6.620690 6.015458
endloop
endfacet
facet normal 0.532400 -0.646091 0.546916
outer loop
vertex 9.389213 5.793103 5.635089
vertex 10.139704 5.793103 4.904517
vertex 10.081710 6.620690 5.938629
endloop
endfacet
facet normal 0.044374 -0.376526 0.925343
outer loop
vertex 9.389213 5.793103 5.635089
vertex 10.081710 6.620690 5.938629
vertex 9.135735 6.620690 5.983993
endloop
endfacet
facet normal 0.419018 -0.847122 0.326815
outer loop
vertex 10.139704 5.793103 4.904517
vertex 10.783842 5.793103 4.078650
vertex 11.028348 6.620690 5.910310
endloop
endfacet
facet normal 0.018708 -0.780111 0.625362
outer loop
vertex 10.139704 5.793103 4.904517
vertex 11.028348 6.620690 5.910310
vertex 10.081710 6.620690 5.938629
endloop
endfacet
facet normal 0.057246 -0.920476 0.386583
outer loop
vertex 10.783842 5.793103 4.078650
vertex 11.819909 5.793103 3.925228
vertex 11.974668 6.620690 5.872839
endloop
endfacet
facet normal 0.016230 -0.911990 0.409891
outer loop
vertex 10.783842 5.793103 4.078650
vertex 11.974668 6.620690 5.872839
vertex 11.028348 6.620690 5.910310
endloop
endfacet
facet normal -0.188723 -0.854159 0.484557
outer loop
vertex 11.819909 5.793103 3.925228
vertex 12.795863 5.793103 4.305339
vertex 12.919802 6.620690 5.812448
endloop
endfacet
facet normal 0.024874 -0.920781 0.389285
outer loop
vertex 11.819909 5.793103 3.925228
vertex 12.919802 6.620690 5.812448
vertex 11.974668 6.620690 5.872839
endloop
endfacet
facet normal -0.524453 -0.510000 0.681798
outer loop
vertex 12.795863 5.793103 4.305339
vertex 13.626034 5.793103 4.943922
vertex 13.864562 6.620690 5.746455
endloop
endfacet
facet normal 0.033455 -0.877208 0.478943
outer loop
vertex 12.795863 5.793103 4.305339
vertex 13.864562 6.620690 5.746455
vertex 12.919802 6.620690 5.812448
endloop
endfacet
facet normal -0.546834 0.001007 0.837241
outer loop
vertex 13.626034 5.793103 4.943922
vertex 14.502930 5.793103 5.516656
vertex 14.811164 6.620690 5.716980
endloop
endfacet
facet normal 0.022248 -0.699282 0.714500
outer loop
vertex 13.626034 5.793103 4.943922
vertex 14.811164 6.620690 5.716980
vertex 13.864562 6.620690 5.746455
endloop
endfacet
facet normal -0.126679 -0.030701 0.991469
outer loop
vertex 14.502930 5.793103 5.516656
vertex 15.541849 5.793103 5.649397
vertex 15.758118 6.620690 5.702656
endloop
endfacet
facet normal 0.014681 -0.240401 0.970563
outer loop
vertex 14.502930 5.793103 5.516656
vertex 15.758118 6.620690 5.702656
vertex 14.811164 6.620690 5.716980
endloop
endfacet
facet normal 0.009466 -0.057833 0.998281
outer loop
vertex 15.541849 5.793103 5.649397
vertex 16.589166 5.793103 5.639467
vertex 16.705038 6.620690 5.686313
endloop
endfacet
facet normal 0.017216 -0.068692 0.997489
outer loop
vertex 15.541849 5.793103 5.649397
vertex 16.705038 6.620690 5.686313
vertex 15.758118 6.620690 5.702656
endloop
endfacet
facet normal -0.010473 -0.026739 0.999588
outer loop
vertex 16.589166 5.793103 5.639467
vertex 17.636472 5.793103 5.650440
vertex 17.652003 6.620690 5.672740
endloop
endfacet
facet normal 0.014306 -0.058506 0.998185
outer loop
vertex 16.589166 5.793103 5.639467
vertex 17.652003 6.620690 5.672740
vertex 16.705038 6.620690 5.686313
endloop
endfacet
facet normal -0.018264 -0.006717 0.999811
outer loop
vertex 17.636472 5.793103 5.650440
vertex 18.683662 5.793103 5.669570
vertex 18.599064 6.620690 5.673584
endloop
endfacet
facet normal -0.000891 -0.026920 0.999637
outer loop
vertex 17.636472 5.793103 5.650440
vertex 18.599064 6.620690 5.673584
vertex 17.652003 6.620690 5.672740
endloop
endfacet
facet normal -0.026824 0.008236 0.999606
outer loop
vertex 18.683662 5.793103 5.669570
vertex 19.730649 5.793103 5.697665
vertex 19.546046 6.620690 5.685892
endloop
endfacet
facet normal -0.012996 -0.006179 0.999896
outer loop
vertex 18.683662 5.793103 5.669570
vertex 19.546046 6.620690 5.685892
vertex 18.599064 6.620690 5.673584
endloop
endfacet
facet normal -0.067210 0.033695 0.997170
outer loop
vertex 19.730649 5.793103 5.697665
vertex 20.775642 5.793103 5.768098
vertex 20.492454 6.620690 5.721046
endloop
endfacet
facet normal -0.037119 0.005935 0.999293
outer loop
vertex 19.730649 5.793103 5.697665
vertex 20.492454 6.620690 5.721046
vertex 19.546046 6.620690 5.685892
endloop
endfacet
facet normal -0.104215 0.066551 0.992326
outer loop
vertex 20.775642 5.793103 5.768098
vertex 21.817277 5.793103 5.877491
vertex 21.437546 6.620690 5.782109
endloop
endfacet
facet normal -0.064438 0.034652 0.997320
outer loop
vertex 20.775642 5.793103 5.768098
vertex 21.437546 6.620690 5.782109
vertex 20.492454 6.620690 5.721046
endloop
endfacet
facet normal -0.080453 0.016597 0.996620
outer loop
vertex 21.817277 5.793103 5.877491
vertex 22.861245 5.793103 5.961767
vertex 22.376092 6.620690 5.908821
endloop
endfacet
facet normal -0.133608 0.052753 0.989629
outer loop
vertex 21.817277 5.793103 5.877491
vertex 22.376092 6.620690 5.908821
vertex 21.437546 6.620690 5.782109
endloop
endfacet
facet normal 0.741059 -0.317772 0.591483
outer loop
vertex 22.861245 5.793103 5.961767
vertex 23.514609 5.793103 5.143178
vertex 23.320002 6.620690 5.831617
endloop
endfacet
facet normal 0.081017 0.110865 0.990528
outer loop
vertex 22.861245 5.793103 5.961767
vertex 23.320002 6.620690 5.831617
vertex 22.376092 6.620690 5.908821
endloop
endfacet
facet normal 0.788917 -0.480897 0.382554
outer loop
vertex 23.514609 5.793103 5.143178
vertex 23.971594 5.793103 4.200768
vertex 24.003256 6.620690 5.175805
endloop
endfacet
facet normal 0.634456 -0.400673 0.661004
outer loop
vertex 23.514609 5.793103 5.143178
vertex 24.003256 6.620690 5.175805
vertex 23.320002 6.620690 5.831617
endloop
endfacet
facet normal -0.965747 -0.168740 0.197126
outer loop
vertex 0.000000 6.620690 1.749732
vertex 0.189407 6.620690 2.677660
vertex 0.682500 7.448276 5.801801
endloop
endfacet
facet normal -0.221131 -0.947547 0.230771
outer loop
vertex 0.000000 6.620690 1.749732
vertex 0.682500 7.448276 5.801801
vertex 0.000000 7.448276 5.147810
endloop
endfacet
facet normal -0.729101 0.668029 0.148823
outer loop
vertex 0.189407 6.620690 2.677660
vertex 0.378813 6.620690 3.605589
vertex 1.615868 7.448276 5.951245
endloop
endfacet
facet normal -0.041953 -0.964149 0.262025
outer loop
vertex 0.189407 6.620690 2.677660
vertex 1.615868 7.448276 5.951245
vertex 0.682500 7.448276 5.801801
endloop
endfacet
facet normal -0.436236 0.895416 0.089044
outer loop
vertex 0.378813 6.620690 3.605589
vertex 0.568220 6.620690 4.533517
vertex 2.560861 7.448276 5.973578
endloop
endfacet
facet normal -0.007951 -0.941674 0.336431
outer loop
vertex 0.378813 6.620690 3.605589
vertex 2.560861 7.448276 5.973578
vertex 1.615868 7.448276 5.951245
endloop
endfacet
facet normal -0.298390 0.952499 0.060907
outer loop
vertex 0.568220 6.620690 4.533517
vertex 0.757627 6.620690 5.461445
vertex 3.506060 7.448276 5.984036
endloop
endfacet
facet normal -0.005577 -0.863656 0.504051
outer loop
vertex 0.568220 6.620690 4.533517
vertex 3.506060 7.448276 5.984036
vertex 2.560861 7.448276 5.973578
endloop
endfacet
facet normal -0.254398 0.876312 0.409095
outer loop
vertex 0.757627 6.620690 5.461445
vertex 1.561868 6.620690 5.961567
vertex 4.451315 7.448276 5.985635
endloop
endfacet
facet normal -0.001434 -0.530515 0.847674
outer loop
vertex 0.757627 6.620690 5.461445
vertex 4.451315 7.448276 5.985635
vertex 3.506060 7.448276 5.984036
endloop
endfacet
facet normal -0.056164 0.244499 0.968022
outer loop
vertex 1.561868 6.620690 5.961567
vertex 2.507340 6.620690 6.016422
vertex 5.396513 7.448276 5.975022
endloop
endfacet
facet normal 0.011202 -0.068124 0.997614
outer loop
vertex 1.561868 6.620690 5.961567
vertex 5.396513 7.448276 5.975022
vertex 4.451315 7.448276 5.985635
endloop
endfacet
facet normal -0.017400 0.136449 0.990494
outer loop
vertex 2.507340 6.620690 6.016422
vertex 3.454255 6.620690 6.033057
vertex 6.341755 7.448276 5.969775
endloop
endfacet
facet normal 0.005548 0.030634 0.999515
outer loop
vertex 2.507340 6.620690 6.016422
vertex 6.341755 7.448276 5.969775
vertex 5.396513 7.448276 5.975022
endloop
endfacet
facet normal -0.009823 0.127542 0.991785
outer loop
vertex 3.454255 6.620690 6.033057
vertex 4.401270 6.620690 6.042437
vertex 7.286997 7.448276 5.964593
endloop
endfacet
facet normal 0.005474 0.057241 0.998345
outer loop
vertex 3.454255 6.620690 6.033057
vertex 7.286997 7.448276 5.964593
vertex 6.341755 7.448276 5.969775
endloop
endfacet
facet normal -0.000812 0.113241 0.993567
outer loop
vertex 4.401270 6.620690 6.042437
vertex 5.348332 6.620690 6.043211
vertex 8.232160 7.448276 5.951245
endloop
endfacet
facet normal 0.014106 0.044771 0.998898
outer loop
vertex 4.401270 6.620690 6.042437
vertex 8.232160 7.448276 5.951245
vertex 7.286997 7.448276 5.964593
endloop
endfacet
facet normal -0.001014 0.141165 0.989986
outer loop
vertex 5.348332 6.620690 6.043211
vertex 6.295393 6.620690 6.044181
vertex 9.177158 7.448276 5.929127
endloop
endfacet
facet normal 0.023389 0.029543 0.999290
outer loop
vertex 5.348332 6.620690 6.043211
vertex 9.177158 7.448276 5.929127
vertex 8.232160 7.448276 5.951245
endloop
endfacet
facet normal 0.004732 0.150890 0.988539
outer loop
vertex 6.295393 6.620690 6.044181
vertex 7.242444 6.620690 6.039648
vertex 10.121951 7.448276 5.899543
endloop
endfacet
facet normal 0.031283 0.029964 0.999061
outer loop
vertex 6.295393 6.620690 6.044181
vertex 10.121951 7.448276 5.899543
vertex 9.177158 7.448276 5.929127
endloop
endfacet
facet normal 0.025438 0.090289 0.995591
outer loop
vertex 7.242444 6.620690 6.039648
vertex 8.189196 6.620690 6.015458
vertex 11.066644 7.448276 5.866886
endloop
endfacet
facet normal 0.034507 0.048925 0.998206
outer loop
vertex 7.242444 6.620690 6.039648
vertex 11.066644 7.448276 5.866886
vertex 10.121951 7.448276 5.899543
endloop
endfacet
facet normal 0.033137 0.072655 0.996807
outer loop
vertex 8.189196 6.620690 6.015458
vertex 9.135735 6.620690 5.983993
vertex 12.011104 7.448276 5.828086
endloop
endfacet
facet normal 0.041019 0.036633 0.998487
outer loop
vertex 8.189196 6.620690 6.015458
vertex 12.011104 7.448276 5.828086
vertex 11.066644 7.448276 5.866886
endloop
endfacet
facet normal 0.047868 0.036380 0.998191
outer loop
vertex 9.135735 6.620690 5.983993
vertex 10.081710 6.620690 5.938629
vertex 12.954617 7.448276 5.770699
endloop
endfacet
facet normal 0.060695 -0.022889 0.997894
outer loop
vertex 9.135735 6.620690 5.983993
vertex 12.954617 7.448276 5.770699
vertex 12.011104 7.448276 5.828086
endloop
endfacet
facet normal 0.029637 0.132701 0.990713
outer loop
vertex 10.081710 6.620690 5.938629
vertex 11.028348 6.620690 5.910310
vertex 13.898148 7.448276 5.713610
endloop
endfacet
facet normal 0.060394 -0.007112 0.998149
outer loop
vertex 10.081710 6.620690 5.938629
vertex 13.898148 7.448276 5.713610
vertex 12.954617 7.448276 5.770699
endloop
endfacet
facet normal 0.039443 0.078689 0.996119
outer loop
vertex 11.028348 6.620690 5.910310
vertex 11.974668 6.620690 5.872839
vertex 14.843199 7.448276 5.693879
endloop
endfacet
facet normal 0.020594 0.163036 0.986405
outer loop
vertex 11.028348 6.620690 5.910310
vertex 14.843199 7.448276 5.693879
vertex 13.898148 7.448276 5.713610
endloop
endfacet
facet normal 0.063660 -0.057918 0.996290
outer loop
vertex 11.974668 6.620690 5.872839
vertex 12.919802 6.620690 5.812448
vertex 15.788310 7.448276 5.677271
endloop
endfacet
facet normal 0.017362 0.153470 0.988001
outer loop
vertex 11.974668 6.620690 5.872839
vertex 15.788310 7.448276 5.677271
vertex 14.843199 7.448276 5.693879
endloop
endfacet
facet normal 0.069131 -0.125548 0.989676
outer loop
vertex 12.919802 6.620690 5.812448
vertex 13.864562 6.620690 5.746455
vertex 16.733203 7.448276 5.651060
endloop
endfacet
facet normal 0.027666 0.067016 0.997368
outer loop
vertex 12.919802 6.620690 5.812448
vertex 16.733203 7.448276 5.651060
vertex 15.788310 7.448276 5.677271
endloop
endfacet
facet normal 0.031122 0.000071 0.999516
outer loop
vertex 13.864562 6.620690 5.746455
vertex 14.811164 6.620690 5.716980
vertex 17.678170 7.448276 5.627650
endloop
endfacet
facet normal 0.024755 0.029376 0.999262
outer loop
vertex 13.864562 6.620690 5.746455
vertex 17.678170 7.448276 5.627650
vertex 16.733203 7.448276 5.651060
endloop
endfacet
facet normal 0.015105 0.051572 0.998555
outer loop
vertex 14.811164 6.620690 5.716980
vertex 15.758118 6.620690 5.702656
vertex 18.623362 7.448276 5.616573
endloop
endfacet
facet normal 0.011693 0.067181 0.997672
outer loop
vertex 14.811164 6.620690 5.716980
vertex 18.623362 7.448276 5.616573
vertex 17.678170 7.448276 5.627650
endloop
endfacet
facet normal 0.017253 0.021769 0.999614
outer loop
vertex 15.758118 6.620690 5.702656
vertex 16.705038 6.620690 5.686313
vertex 19.568616 7.448276 5.618865
endloop
endfacet
facet normal -0.002410 0.111710 0.993738
outer loop
vertex 15.758118 6.620690 5.702656
vertex 19.568616 7.448276 5.618865
vertex 18.623362 7.448276 5.616573
endloop
endfacet
facet normal 0.014331 -0.003431 0.999891
outer loop
vertex 16.705038 6.620690 5.686313
vertex 17.652003 6.620690 5.672740
vertex 20.513742 7.448276 5.634564
endloop
endfacet
facet normal -0.016451 0.137634 0.990347
outer loop
vertex 16.705038 6.620690 5.686313
vertex 20.513742 7.448276 5.634564
vertex 19.568616 7.448276 5.618865
endloop
endfacet
facet normal -0.000882 0.138690 0.990336
outer loop
vertex 17.652003 6.620690 5.672740
vertex 18.599064 6.620690 5.673584
vertex 21.456072 7.448276 5.560232
endloop
endfacet
facet normal 0.076704 -0.220382 0.972393
outer loop
vertex 17.652003 6.620690 5.672740
vertex 21.456072 7.448276 5.560232
vertex 20.513742 7.448276 5.634564
endloop
endfacet
facet normal -0.012948 0.085276 0.996273
outer loop
vertex 18.599064 6.620690 5.673584
vertex 19.546046 6.620690 5.685892
vertex 22.396853 7.448276 5.652106
endloop
endfacet
facet normal -0.087901 0.426736 0.900094
outer loop
vertex 18.599064 6.620690 5.673584
vertex 22.396853 7.448276 5.652106
vertex 21.456072 7.448276 5.560232
endloop
endfacet
facet normal -0.034055 0.397874 0.916808
outer loop
vertex 19.546046 6.620690 5.685892
vertex 20.492454 6.620690 5.721046
vertex 23.323821 7.448276 5.467063
endloop
endfacet
facet normal 0.165309 -0.535637 0.828110
outer loop
vertex 19.546046 6.620690 5.685892
vertex 23.323821 7.448276 5.467063
vertex 22.396853 7.448276 5.652106
endloop
endfacet
facet normal -0.033281 0.856485 0.515099
outer loop
vertex 20.492454 6.620690 5.721046
vertex 21.437546 6.620690 5.782109
vertex 23.507133 7.448276 4.539751
endloop
endfacet
facet normal 0.284757 -0.956945 0.056291
outer loop
vertex 20.492454 6.620690 5.721046
vertex 23.507133 7.448276 4.539751
vertex 23.323821 7.448276 5.467063
endloop
endfacet
facet normal -0.042793 0.947472 0.316964
outer loop
vertex 21.437546 6.620690 5.782109
vertex 22.376092 6.620690 5.908821
vertex 23.690446 7.448276 3.612440
endloop
endfacet
facet normal 0.411810 -0.907626 0.081407
outer loop
vertex 21.437546 6.620690 5.782109
vertex 23.690446 7.448276 3.612440
vertex 23.507133 7.448276 4.539751
endloop
endfacet
facet normal 0.021084 0.965974 0.257780
outer loop
vertex 22.376092 6.620690 5.908821
vertex 23.320002 6.620690 5.831617
vertex 23.873759 7.448276 2.685128
endloop
endfacet
facet normal 0.686811 -0.714043 0.135770
outer loop
vertex 22.376092 6.620690 5.908821
vertex 23.873759 7.448276 2.685128
vertex 23.690446 7.448276 3.612440
endloop
endfacet
facet normal 0.223356 0.946553 0.232702
outer loop
vertex 23.320002 6.620690 5.831617
vertex 24.003256 6.620690 5.175805
vertex 24.057072 7.448276 1.757816
endloop
endfacet
facet normal 0.977821 0.080636 0.193298
outer loop
vertex 23.320002 6.620690 5.831617
vertex 24.057072 7.448276 1.757816
vertex 23.873759 7.448276 2.685128
endloop
endfacet
facet normal -0.691851 0.006704 0.722009
outer loop
vertex 0.000000 7.448276 5.147810
vertex 0.682500 7.448276 5.801801
vertex 0.713460 8.275862 5.823784
endloop
endfacet
facet normal -0.696218 0.013994 0.717694
outer loop
vertex 0.000000 7.448276 5.147810
vertex 0.713460 8.275862 5.823784
vertex 0.000000 8.275862 5.131673
endloop
endfacet
facet normal -0.158063 0.021355 0.987198
outer loop
vertex 0.682500 7.448276 5.801801
vertex 1.615868 7.448276 5.951245
vertex 1.699823 8.275862 5.946785
endloop
endfacet
facet normal -0.123714 -0.021724 0.992080
outer loop
vertex 0.682500 7.448276 5.801801
vertex 1.699823 8.275862 5.946785
vertex 0.713460 8.275862 5.823784
endloop
endfacet
facet normal -0.023624 0.015208 0.999605
outer loop
vertex 1.615868 7.448276 5.951245
vertex 2.560861 7.448276 5.973578
vertex 2.693674 8.275862 5.964125
endloop
endfacet
facet normal -0.017445 0.007158 0.999822
outer loop
vertex 1.615868 7.448276 5.951245
vertex 2.693674 8.275862 5.964125
vertex 1.699823 8.275862 5.946785
endloop
endfacet
facet normal -0.011062 0.020031 0.999738
outer loop
vertex 2.560861 7.448276 5.973578
vertex 3.506060 7.448276 5.984036
vertex 3.687663 8.275862 5.969464
endloop
endfacet
facet normal -0.005371 0.012282 0.999910
outer loop
vertex 2.560861 7.448276 5.973578
vertex 3.687663 8.275862 5.969464
vertex 2.693674 8.275862 5.964125
endloop
endfacet
facet normal -0.001691 0.026572 0.999645
outer loop
vertex 3.506060 7.448276 5.984036
vertex 4.451315 7.448276 5.985635
vertex 4.681650 8.275862 5.964026
endloop
endfacet
facet normal 0.005470 0.016405 0.999850
outer loop
vertex 3.506060 7.448276 5.984036
vertex 4.681650 8.275862 5.964026
vertex 3.687663 8.275862 5.969464
endloop
endfacet
facet normal 0.011227 0.012154 0.999863
outer loop
vertex 4.451315 7.448276 5.985635
vertex 5.396513 7.448276 5.975022
vertex 5.675651 8.275862 5.961827
endloop
endfacet
facet normal 0.002211 0.025487 0.999673
outer loop
vertex 4.451315 7.448276 5.985635
vertex 5.675651 8.275862 5.961827
vertex 4.681650 8.275862 5.964026
endloop
endfacet
facet normal 0.005550 0.006292 0.999965
outer loop
vertex 5.396513 7.448276 5.975022
vertex 6.341755 7.448276 5.969775
vertex 6.669653 8.275862 5.962748
endloop
endfacet
facet normal -0.000926 0.016253 0.999867
outer loop
vertex 5.396513 7.448276 5.975022
vertex 6.669653 8.275862 5.962748
vertex 5.675651 8.275862 5.961827
endloop
endfacet
facet normal 0.005482 0.011262 0.999922
outer loop
vertex 6.341755 7.448276 5.969775
vertex 7.286997 7.448276 5.964593
vertex 7.663610 8.275862 5.953207
endloop
endfacet
facet normal 0.009599 0.004688 0.999943
outer loop
vertex 6.341755 7.448276 5.969775
vertex 7.663610 8.275862 5.953207
vertex 6.669653 8.275862 5.962748
endloop
endfacet
facet normal 0.014120 -0.005338 0.999886
outer loop
vertex 7.286997 7.448276 5.964593
vertex 8.232160 7.448276 5.951245
vertex 8.657606 8.275862 5.949655
endloop
endfacet
facet normal 0.003572 0.012131 0.999920
outer loop
vertex 7.286997 7.448276 5.964593
vertex 8.657606 8.275862 5.949655
vertex 7.663610 8.275862 5.953207
endloop
endfacet
facet normal 0.023394 -0.021414 0.999497
outer loop
vertex 8.232160 7.448276 5.951245
vertex 9.177158 7.448276 5.929127
vertex 9.651512 8.275862 5.935754
endloop
endfacet
facet normal 0.013985 -0.005269 0.999888
outer loop
vertex 8.232160 7.448276 5.951245
vertex 9.651512 8.275862 5.935754
vertex 8.657606 8.275862 5.949655
endloop
endfacet
facet normal 0.031290 -0.020122 0.999308
outer loop
vertex 9.177158 7.448276 5.929127
vertex 10.121951 7.448276 5.899543
vertex 10.644865 8.275862 5.899834
endloop
endfacet
facet normal 0.036122 -0.028704 0.998935
outer loop
vertex 9.177158 7.448276 5.929127
vertex 10.644865 8.275862 5.899834
vertex 9.651512 8.275862 5.935754
endloop
endfacet
facet normal 0.034543 -0.018719 0.999228
outer loop
vertex 10.121951 7.448276 5.899543
vertex 11.066644 7.448276 5.866886
vertex 11.638171 8.275862 5.862632
endloop
endfacet
facet normal 0.037416 -0.023993 0.999012
outer loop
vertex 10.121951 7.448276 5.899543
vertex 11.638171 8.275862 5.862632
vertex 10.644865 8.275862 5.899834
endloop
endfacet
facet normal 0.041040 -0.017521 0.999004
outer loop
vertex 11.066644 7.448276 5.866886
vertex 12.011104 7.448276 5.828086
vertex 12.631132 8.275862 5.817129
endloop
endfacet
facet normal 0.045762 -0.026470 0.998602
outer loop
vertex 11.066644 7.448276 5.866886
vertex 12.631132 8.275862 5.817129
vertex 11.638171 8.275862 5.862632
endloop
endfacet
facet normal 0.060670 -0.036498 0.997490
outer loop
vertex 12.011104 7.448276 5.828086
vertex 12.954617 7.448276 5.770699
vertex 13.623508 8.275862 5.760296
endloop
endfacet
facet normal 0.057151 -0.029605 0.997926
outer loop
vertex 12.011104 7.448276 5.828086
vertex 13.623508 8.275862 5.760296
vertex 12.631132 8.275862 5.817129
endloop
endfacet
facet normal 0.060243 -0.070972 0.995657
outer loop
vertex 12.954617 7.448276 5.770699
vertex 13.898148 7.448276 5.713610
vertex 14.617022 8.275862 5.729106
endloop
endfacet
facet normal 0.031376 -0.012796 0.999426
outer loop
vertex 12.954617 7.448276 5.770699
vertex 14.617022 8.275862 5.729106
vertex 13.623508 8.275862 5.760296
endloop
endfacet
facet normal 0.020857 -0.039968 0.998983
outer loop
vertex 13.898148 7.448276 5.713610
vertex 14.843199 7.448276 5.693879
vertex 15.610859 8.275862 5.710963
endloop
endfacet
facet normal 0.018242 -0.034555 0.999236
outer loop
vertex 13.898148 7.448276 5.713610
vertex 15.610859 8.275862 5.710963
vertex 14.617022 8.275862 5.729106
endloop
endfacet
facet normal 0.017564 -0.025478 0.999521
outer loop
vertex 14.843199 7.448276 5.693879
vertex 15.788310 7.448276 5.677271
vertex 16.604496 8.275862 5.684023
endloop
endfacet
facet normal 0.027074 -0.045727 0.998587
outer loop
vertex 14.843199 7.448276 5.693879
vertex 16.604496 8.275862 5.684023
vertex 15.610859 8.275862 5.710963
endloop
endfacet
facet normal 0.027719 -0.026717 0.999259
outer loop
vertex 15.788310 7.448276 5.677271
vertex 16.733203 7.448276 5.651060
vertex 17.597889 8.275862 5.649202
endloop
endfacet
facet normal 0.035000 -0.042664 0.998476
outer loop
vertex 15.788310 7.448276 5.677271
vertex 17.597889 8.275862 5.649202
vertex 16.604496 8.275862 5.684023
endloop
endfacet
facet normal 0.024762 -0.017466 0.999541
outer loop
vertex 16.733203 7.448276 5.651060
vertex 17.678170 7.448276 5.627650
vertex 18.591447 8.275862 5.619487
endloop
endfacet
facet normal 0.029882 -0.028978 0.999133
outer loop
vertex 16.733203 7.448276 5.651060
vertex 18.591447 8.275862 5.619487
vertex 17.597889 8.275862 5.649202
endloop
endfacet
facet normal 0.011719 0.007428 0.999904
outer loop
vertex 17.678170 7.448276 5.627650
vertex 18.623362 7.448276 5.616573
vertex 19.585242 8.275862 5.599151
endloop
endfacet
facet normal 0.020457 -0.012713 0.999710
outer loop
vertex 17.678170 7.448276 5.627650
vertex 19.585242 8.275862 5.599151
vertex 18.591447 8.275862 5.619487
endloop
endfacet
facet normal -0.002422 0.046770 0.998903
outer loop
vertex 18.623362 7.448276 5.616573
vertex 19.568616 7.448276 5.618865
vertex 20.579106 8.275862 5.582567
endloop
endfacet
facet normal 0.016684 0.001656 0.999859
outer loop
vertex 18.623362 7.448276 5.616573
vertex 20.579106 8.275862 5.582567
vertex 19.585242 8.275862 5.599151
endloop
endfacet
facet normal -0.015467 0.364363 0.931128
outer loop
vertex 19.568616 7.448276 5.618865
vertex 20.513742 7.448276 5.634564
vertex 21.539896 8.275862 5.327764
endloop
endfacet
facet normal 0.247441 -0.261206 0.933030
outer loop
vertex 19.568616 7.448276 5.618865
vertex 21.539896 8.275862 5.327764
vertex 20.579106 8.275862 5.582567
endloop
endfacet
facet normal 0.045123 0.818992 0.572028
outer loop
vertex 20.513742 7.448276 5.634564
vertex 21.456072 7.448276 5.560232
vertex 21.735889 8.275862 4.353275
endloop
endfacet
facet normal 0.645692 -0.752474 0.129864
outer loop
vertex 20.513742 7.448276 5.634564
vertex 21.735889 8.275862 4.353275
vertex 21.539896 8.275862 5.327764
endloop
endfacet
facet normal -0.033986 0.936873 0.348014
outer loop
vertex 21.456072 7.448276 5.560232
vertex 22.396853 7.448276 5.652106
vertex 21.931881 8.275862 3.378787
endloop
endfacet
facet normal 0.979424 -0.043870 0.196985
outer loop
vertex 21.456072 7.448276 5.560232
vertex 21.931881 8.275862 3.378787
vertex 21.735889 8.275862 4.353275
endloop
endfacet
facet normal 0.048480 0.968849 0.242861
outer loop
vertex 22.396853 7.448276 5.652106
vertex 23.323821 7.448276 5.467063
vertex 22.127874 8.275862 2.404298
endloop
endfacet
facet normal 0.661955 0.737625 0.133135
outer loop
vertex 22.396853 7.448276 5.652106
vertex 22.127874 8.275862 2.404298
vertex 21.931881 8.275862 3.378787
endloop
endfacet
facet normal 0.416687 0.905310 0.082371
outer loop
vertex 23.323821 7.448276 5.467063
vertex 23.507133 7.448276 4.539751
vertex 22.323867 8.275862 1.429809
endloop
endfacet
facet normal 0.414014 0.906454 0.083268
outer loop
vertex 23.323821 7.448276 5.467063
vertex 22.323867 8.275862 1.429809
vertex 22.127874 8.275862 2.404298
endloop
endfacet
facet normal 0.671989 0.728549 0.132840
outer loop
vertex 23.507133 7.448276 4.539751
vertex 23.690446 7.448276 3.612440
vertex 23.102537 8.275862 2.047640
endloop
endfacet
facet normal -0.271961 0.899196 0.342760
outer loop
vertex 23.507133 7.448276 4.539751
vertex 23.102537 8.275862 2.047640
vertex 22.323867 8.275862 1.429809
endloop
endfacet
facet normal 0.801065 0.577250 0.158356
outer loop
vertex 23.690446 7.448276 3.612440
vertex 23.873759 7.448276 2.685128
vertex 23.576173 8.275862 1.173734
endloop
endfacet
facet normal 0.481990 0.836329 0.261227
outer loop
vertex 23.690446 7.448276 3.612440
vertex 23.576173 8.275862 1.173734
vertex 23.102537 8.275862 2.047640
endloop
endfacet
facet normal 0.905375 0.385051 0.178976
outer loop
vertex 23.873759 7.448276 2.685128
vertex 24.057072 7.448276 1.757816
vertex 23.998450 8.275862 0.273888
endloop
endfacet
facet normal 0.608541 0.740355 0.285574
outer loop
vertex 23.873759 7.448276 2.685128
vertex 23.998450 8.275862 0.273888
vertex 23.576173 8.275862 1.173734
endloop
endfacet
facet normal -0.425718 0.791312 0.438850
outer loop
vertex 0.000000 8.275862 5.131673
vertex 0.713460 8.275862 5.823784
vertex 0.330556 9.103448 3.960075
endloop
endfacet
facet normal -0.725716 0.641573 0.248436
outer loop
vertex 0.000000 8.275862 5.131673
vertex 0.330556 9.103448 3.960075
vertex 0.000000 9.103448 2.994478
endloop
endfacet
facet normal -0.084533 0.730298 0.677878
outer loop
vertex 0.713460 8.275862 5.823784
vertex 1.699823 8.275862 5.946785
vertex 0.661111 9.103448 4.925673
endloop
endfacet
facet normal -0.908262 0.279972 0.310928
outer loop
vertex 0.713460 8.275862 5.823784
vertex 0.661111 9.103448 4.925673
vertex 0.330556 9.103448 3.960075
endloop
endfacet
facet normal -0.016762 0.277217 0.960661
outer loop
vertex 1.699823 8.275862 5.946785
vertex 2.693674 8.275862 5.964125
vertex 1.324334 9.103448 5.701418
endloop
endfacet
facet normal -0.751427 -0.150463 0.642432
outer loop
vertex 1.699823 8.275862 5.946785
vertex 1.324334 9.103448 5.701418
vertex 0.661111 9.103448 4.925673
endloop
endfacet
facet normal -0.005367 0.036933 0.999303
outer loop
vertex 2.693674 8.275862 5.964125
vertex 3.687663 8.275862 5.969464
vertex 2.318666 9.103448 5.931525
endloop
endfacet
facet normal -0.225003 -0.063657 0.972276
outer loop
vertex 2.693674 8.275862 5.964125
vertex 2.318666 9.103448 5.931525
vertex 1.324334 9.103448 5.701418
endloop
endfacet
facet normal 0.005469 0.028755 0.999572
outer loop
vertex 3.687663 8.275862 5.969464
vertex 4.681650 8.275862 5.964026
vertex 3.339150 9.103448 5.947563
endloop
endfacet
facet normal -0.015711 0.019839 0.999680
outer loop
vertex 3.687663 8.275862 5.969464
vertex 3.339150 9.103448 5.947563
vertex 2.318666 9.103448 5.931525
endloop
endfacet
facet normal 0.002212 0.012735 0.999916
outer loop
vertex 4.681650 8.275862 5.964026
vertex 5.675651 8.275862 5.961827
vertex 4.359739 9.103448 5.954198
endloop
endfacet
facet normal -0.006500 0.009346 0.999935
outer loop
vertex 4.681650 8.275862 5.964026
vertex 4.359739 9.103448 5.954198
vertex 3.339150 9.103448 5.947563
endloop
endfacet
facet normal -0.000926 0.003049 0.999995
outer loop
vertex 5.675651 8.275862 5.961827
vertex 6.669653 8.275862 5.962748
vertex 5.380338 9.103448 5.959031
endloop
endfacet
facet normal -0.004735 0.001690 0.999987
outer loop
vertex 5.675651 8.275862 5.961827
vertex 5.380338 9.103448 5.959031
vertex 4.359739 9.103448 5.954198
endloop
endfacet
facet normal 0.009599 -0.004751 0.999943
outer loop
vertex 6.669653 8.275862 5.962748
vertex 7.663610 8.275862 5.953207
vertex 6.400897 9.103448 5.969260
endloop
endfacet
facet normal -0.010022 -0.011123 0.999888
outer loop
vertex 6.669653 8.275862 5.962748
vertex 6.400897 9.103448 5.969260
vertex 5.380338 9.103448 5.959031
endloop
endfacet
facet normal 0.003572 -0.011200 0.999931
outer loop
vertex 7.663610 8.275862 5.953207
vertex 8.657606 8.275862 5.949655
vertex 7.421490 9.103448 5.963341
endloop
endfacet
facet normal 0.005799 -0.010548 0.999928
outer loop
vertex 7.663610 8.275862 5.953207
vertex 7.421490 9.103448 5.963341
vertex 6.400897 9.103448 5.969260
endloop
endfacet
facet normal 0.013984 -0.009566 0.999856
outer loop
vertex 8.657606 8.275862 5.949655
vertex 9.651512 8.275862 5.935754
vertex 8.442097 9.103448 5.960587
endloop
endfacet
facet normal 0.002698 -0.012506 0.999918
outer loop
vertex 8.657606 8.275862 5.949655
vertex 8.442097 9.103448 5.960587
vertex 7.421490 9.103448 5.963341
endloop
endfacet
facet normal 0.036131 -0.018173 0.999182
outer loop
vertex 9.651512 8.275862 5.935754
vertex 10.644865 8.275862 5.899834
vertex 9.462703 9.103448 5.957634
endloop
endfacet
facet normal 0.002893 -0.025769 0.999664
outer loop
vertex 9.651512 8.275862 5.935754
vertex 9.462703 9.103448 5.957634
vertex 8.442097 9.103448 5.960587
endloop
endfacet
facet normal 0.037413 -0.026756 0.998942
outer loop
vertex 10.644865 8.275862 5.899834
vertex 11.638171 8.275862 5.862632
vertex 10.482885 9.103448 5.928067
endloop
endfacet
facet normal 0.028958 -0.028419 0.999177
outer loop
vertex 10.644865 8.275862 5.899834
vertex 10.482885 9.103448 5.928067
vertex 9.462703 9.103448 5.957634
endloop
endfacet
facet normal 0.045763 -0.025368 0.998630
outer loop
vertex 11.638171 8.275862 5.862632
vertex 12.631132 8.275862 5.817129
vertex 11.502780 9.103448 5.889859
endloop
endfacet
facet normal 0.037423 -0.026742 0.998942
outer loop
vertex 11.638171 8.275862 5.862632
vertex 11.502780 9.103448 5.889859
vertex 10.482885 9.103448 5.928067
endloop
endfacet
facet normal 0.057155 -0.027079 0.997998
outer loop
vertex 12.631132 8.275862 5.817129
vertex 13.623508 8.275862 5.760296
vertex 12.522439 9.103448 5.845809
endloop
endfacet
facet normal 0.043142 -0.028942 0.998650
outer loop
vertex 12.631132 8.275862 5.817129
vertex 12.522439 9.103448 5.845809
vertex 11.502780 9.103448 5.889859
endloop
endfacet
facet normal 0.031364 -0.030480 0.999043
outer loop
vertex 13.623508 8.275862 5.760296
vertex 14.617022 8.275862 5.729106
vertex 13.541418 9.103448 5.788122
endloop
endfacet
facet normal 0.056501 -0.027952 0.998011
outer loop
vertex 13.623508 8.275862 5.760296
vertex 13.541418 9.103448 5.788122
vertex 12.522439 9.103448 5.845809
endloop
endfacet
facet normal 0.018240 -0.036356 0.999172
outer loop
vertex 14.617022 8.275862 5.729106
vertex 15.610859 8.275862 5.710963
vertex 14.561647 9.103448 5.760229
endloop
endfacet
facet normal 0.027311 -0.035742 0.998988
outer loop
vertex 14.617022 8.275862 5.729106
vertex 14.561647 9.103448 5.760229
vertex 13.541418 9.103448 5.788122
endloop
endfacet
facet normal 0.027087 -0.032781 0.999095
outer loop
vertex 15.610859 8.275862 5.710963
vertex 16.604496 8.275862 5.684023
vertex 15.582034 9.103448 5.738898
endloop
endfacet
facet normal 0.020890 -0.033001 0.999237
outer loop
vertex 15.610859 8.275862 5.710963
vertex 15.582034 9.103448 5.738898
vertex 14.561647 9.103448 5.760229
endloop
endfacet
facet normal 0.035017 -0.029135 0.998962
outer loop
vertex 16.604496 8.275862 5.684023
vertex 17.597889 8.275862 5.649202
vertex 16.602184 9.103448 5.708241
endloop
endfacet
facet normal 0.030025 -0.029154 0.999124
outer loop
vertex 16.604496 8.275862 5.684023
vertex 16.602184 9.103448 5.708241
vertex 15.582034 9.103448 5.738898
endloop
endfacet
facet normal 0.029888 -0.021186 0.999329
outer loop
vertex 17.597889 8.275862 5.649202
vertex 18.591447 8.275862 5.619487
vertex 17.621921 9.103448 5.666028
endloop
endfacet
facet normal 0.041351 -0.021510 0.998913
outer loop
vertex 17.597889 8.275862 5.649202
vertex 17.621921 9.103448 5.666028
vertex 16.602184 9.103448 5.708241
endloop
endfacet
facet normal 0.020458 -0.007025 0.999766
outer loop
vertex 18.591447 8.275862 5.619487
vertex 19.585242 8.275862 5.599151
vertex 18.641677 9.103448 5.624274
endloop
endfacet
facet normal 0.040910 -0.008262 0.999129
outer loop
vertex 18.591447 8.275862 5.619487
vertex 18.641677 9.103448 5.624274
vertex 17.621921 9.103448 5.666028
endloop
endfacet
facet normal 0.016682 0.016665 0.999722
outer loop
vertex 19.585242 8.275862 5.599151
vertex 20.579106 8.275862 5.582567
vertex 19.661496 9.103448 5.584083
endloop
endfacet
facet normal 0.039375 0.014564 0.999118
outer loop
vertex 19.585242 8.275862 5.599151
vertex 19.661496 9.103448 5.584083
vertex 18.641677 9.103448 5.624274
endloop
endfacet
facet normal 0.248979 0.237928 0.938829
outer loop
vertex 20.579106 8.275862 5.582567
vertex 21.539896 8.275862 5.327764
vertex 20.655502 9.103448 5.352571
endloop
endfacet
facet normal 0.220078 0.242287 0.944914
outer loop
vertex 20.579106 8.275862 5.582567
vertex 20.655502 9.103448 5.352571
vertex 19.661496 9.103448 5.584083
endloop
endfacet
facet normal 0.754731 0.638232 0.151794
outer loop
vertex 21.539896 8.275862 5.327764
vertex 21.735889 8.275862 4.353275
vertex 21.026307 9.103448 4.401704
endloop
endfacet
facet normal 0.663837 0.701645 0.258874
outer loop
vertex 21.539896 8.275862 5.327764
vertex 21.026307 9.103448 4.401704
vertex 20.655502 9.103448 5.352571
endloop
endfacet
facet normal 0.834466 0.524880 0.167831
outer loop
vertex 21.735889 8.275862 4.353275
vertex 21.931881 8.275862 3.378787
vertex 21.396858 9.103448 3.450737
endloop
endfacet
facet normal 0.735532 0.613881 0.286605
outer loop
vertex 21.735889 8.275862 4.353275
vertex 21.396858 9.103448 3.450737
vertex 21.026307 9.103448 4.401704
endloop
endfacet
facet normal 0.852134 0.494465 0.171384
outer loop
vertex 21.931881 8.275862 3.378787
vertex 22.127874 8.275862 2.404298
vertex 21.636709 9.103448 2.458711
endloop
endfacet
facet normal 0.830551 0.519481 0.200810
outer loop
vertex 21.931881 8.275862 3.378787
vertex 21.636709 9.103448 2.458711
vertex 21.396858 9.103448 3.450737
endloop
endfacet
facet normal 0.869408 0.462120 0.174859
outer loop
vertex 22.127874 8.275862 2.404298
vertex 22.323867 8.275862 1.429809
vertex 21.876560 9.103448 1.466684
endloop
endfacet
facet normal 0.847557 0.489544 0.204921
outer loop
vertex 22.127874 8.275862 2.404298
vertex 21.876560 9.103448 1.466684
vertex 21.636709 9.103448 2.458711
endloop
endfacet
facet normal -0.497650 0.599133 0.627203
outer loop
vertex 22.323867 8.275862 1.429809
vertex 23.102537 8.275862 2.047640
vertex 22.116411 9.103448 0.474657
endloop
endfacet
facet normal 0.864171 0.457771 0.208938
outer loop
vertex 22.323867 8.275862 1.429809
vertex 22.116411 9.103448 0.474657
vertex 21.876560 9.103448 1.466684
endloop
endfacet
facet normal 0.536012 0.792652 0.290506
outer loop
vertex 23.102537 8.275862 2.047640
vertex 23.576173 8.275862 1.173734
vertex 23.004144 9.103448 -0.028907
endloop
endfacet
facet normal 0.201047 0.913215 0.354426
outer loop
vertex 23.102537 8.275862 2.047640
vertex 23.004144 9.103448 -0.028907
vertex 22.116411 9.103448 0.474657
endloop
endfacet
facet normal 0.898023 0.126326 0.421421
outer loop
vertex 23.576173 8.275862 1.173734
vertex 23.998450 8.275862 0.273888
vertex 24.024753 9.103448 -0.030243
endloop
endfacet
facet normal 0.000742 0.823960 0.566648
outer loop
vertex 23.576173 8.275862 1.173734
vertex 24.024753 9.103448 -0.030243
vertex 23.004144 9.103448 -0.028907
endloop
endfacet
facet normal -0.689007 0.685300 0.235869
outer loop
vertex 0.000000 9.103448 2.994478
vertex 0.330556 9.103448 3.960075
vertex 0.259166 9.931034 1.347052
endloop
endfacet
facet normal -0.768249 0.612310 0.186737
outer loop
vertex 0.000000 9.103448 2.994478
vertex 0.259166 9.931034 1.347052
vertex 0.000000 9.931034 0.280826
endloop
endfacet
facet normal -0.731582 0.634086 0.250445
outer loop
vertex 0.330556 9.103448 3.960075
vertex 0.661111 9.103448 4.925673
vertex 0.518332 9.931034 2.413278
endloop
endfacet
facet normal -0.810276 0.551962 0.196953
outer loop
vertex 0.330556 9.103448 3.960075
vertex 0.518332 9.931034 2.413278
vertex 0.259166 9.931034 1.347052
endloop
endfacet
facet normal -0.476573 0.779016 0.407446
outer loop
vertex 0.661111 9.103448 4.925673
vertex 1.324334 9.103448 5.701418
vertex 0.777498 9.931034 3.479504
endloop
endfacet
facet normal -0.851645 0.481507 0.207008
outer loop
vertex 0.661111 9.103448 4.925673
vertex 0.777498 9.931034 3.479504
vertex 0.518332 9.931034 2.413278
endloop
endfacet
facet normal -0.134169 0.803660 0.579766
outer loop
vertex 1.324334 9.103448 5.701418
vertex 2.318666 9.103448 5.931525
vertex 1.146140 9.931034 4.512997
endloop
endfacet
facet normal -0.907076 0.269310 0.323550
outer loop
vertex 1.324334 9.103448 5.701418
vertex 1.146140 9.931034 4.512997
vertex 0.777498 9.931034 3.479504
endloop
endfacet
facet normal -0.014281 0.417236 0.908686
outer loop
vertex 2.318666 9.103448 5.931525
vertex 3.339150 9.103448 5.947563
vertex 1.534601 9.931034 5.539205
endloop
endfacet
facet normal -0.759614 -0.583356 0.287545
outer loop
vertex 2.318666 9.103448 5.931525
vertex 1.534601 9.931034 5.539205
vertex 1.146140 9.931034 4.512997
endloop
endfacet
facet normal -0.006481 0.077058 0.997006
outer loop
vertex 3.339150 9.103448 5.947563
vertex 4.359739 9.103448 5.954198
vertex 2.578048 9.931034 5.878652
endloop
endfacet
facet normal -0.303034 -0.201125 0.931514
outer loop
vertex 3.339150 9.103448 5.947563
vertex 2.578048 9.931034 5.878652
vertex 1.534601 9.931034 5.539205
endloop
endfacet
facet normal -0.004725 0.065268 0.997857
outer loop
vertex 4.359739 9.103448 5.954198
vertex 5.380338 9.103448 5.959031
vertex 3.675169 9.931034 5.896826
endloop
endfacet
facet normal -0.016537 0.055529 0.998320
outer loop
vertex 4.359739 9.103448 5.954198
vertex 3.675169 9.931034 5.896826
vertex 2.578048 9.931034 5.878652
endloop
endfacet
facet normal -0.010010 0.051290 0.998634
outer loop
vertex 5.380338 9.103448 5.959031
vertex 6.400897 9.103448 5.969260
vertex 4.772356 9.931034 5.910432
endloop
endfacet
facet normal -0.012385 0.049548 0.998695
outer loop
vertex 5.380338 9.103448 5.959031
vertex 4.772356 9.931034 5.910432
vertex 3.675169 9.931034 5.896826
endloop
endfacet
facet normal 0.005790 0.056861 0.998365
outer loop
vertex 6.400897 9.103448 5.969260
vertex 7.421490 9.103448 5.963341
vertex 5.869528 9.931034 5.925208
endloop
endfacet
facet normal -0.013452 0.044535 0.998917
outer loop
vertex 6.400897 9.103448 5.969260
vertex 5.869528 9.931034 5.925208
vertex 4.772356 9.931034 5.910432
endloop
endfacet
facet normal 0.002695 0.044029 0.999027
outer loop
vertex 7.421490 9.103448 5.963341
vertex 8.442097 9.103448 5.960587
vertex 6.966795 9.931034 5.928094
endloop
endfacet
facet normal -0.002629 0.041110 0.999151
outer loop
vertex 7.421490 9.103448 5.963341
vertex 6.966795 9.931034 5.928094
vertex 5.869528 9.931034 5.925208
endloop
endfacet
facet normal 0.002890 0.049419 0.998774
outer loop
vertex 8.442097 9.103448 5.960587
vertex 9.462703 9.103448 5.957634
vertex 8.064042 9.931034 5.920732
endloop
endfacet
facet normal 0.006700 0.051155 0.998668
outer loop
vertex 8.442097 9.103448 5.960587
vertex 8.064042 9.931034 5.920732
vertex 6.966795 9.931034 5.928094
endloop
endfacet
facet normal 0.028915 0.061109 0.997712
outer loop
vertex 9.462703 9.103448 5.957634
vertex 10.482885 9.103448 5.928067
vertex 9.161302 9.931034 5.915680
endloop
endfacet
facet normal 0.004598 0.052298 0.998621
outer loop
vertex 9.462703 9.103448 5.957634
vertex 9.161302 9.931034 5.915680
vertex 8.064042 9.931034 5.920732
endloop
endfacet
facet normal 0.037395 0.046993 0.998195
outer loop
vertex 10.482885 9.103448 5.928067
vertex 11.502780 9.103448 5.889859
vertex 10.258423 9.931034 5.897515
endloop
endfacet
facet normal 0.016541 0.041367 0.999007
outer loop
vertex 10.482885 9.103448 5.928067
vertex 10.258423 9.931034 5.897515
vertex 9.161302 9.931034 5.915680
endloop
endfacet
facet normal 0.043113 0.046688 0.997979
outer loop
vertex 11.502780 9.103448 5.889859
vertex 12.522439 9.103448 5.845809
vertex 11.354966 9.931034 5.857529
endloop
endfacet
facet normal 0.036404 0.045502 0.998301
outer loop
vertex 11.502780 9.103448 5.889859
vertex 11.354966 9.931034 5.857529
vertex 10.258423 9.931034 5.897515
endloop
endfacet
facet normal 0.056467 0.044406 0.997416
outer loop
vertex 12.522439 9.103448 5.845809
vertex 13.541418 9.103448 5.788122
vertex 12.451333 9.931034 5.812990
endloop
endfacet
facet normal 0.040553 0.043072 0.998249
outer loop
vertex 12.522439 9.103448 5.845809
vertex 12.451333 9.931034 5.812990
vertex 11.354966 9.931034 5.857529
endloop
endfacet
facet normal 0.027308 0.038782 0.998874
outer loop
vertex 13.541418 9.103448 5.788122
vertex 14.561647 9.103448 5.760229
vertex 13.547115 9.931034 5.755834
endloop
endfacet
facet normal 0.052050 0.038574 0.997899
outer loop
vertex 13.541418 9.103448 5.788122
vertex 13.547115 9.931034 5.755834
vertex 12.451333 9.931034 5.812990
endloop
endfacet
facet normal 0.020886 0.038097 0.999056
outer loop
vertex 14.561647 9.103448 5.760229
vertex 15.582034 9.103448 5.738898
vertex 14.644006 9.931034 5.726950
endloop
endfacet
facet normal 0.026305 0.037553 0.998948
outer loop
vertex 14.561647 9.103448 5.760229
vertex 14.644006 9.931034 5.726950
vertex 13.547115 9.931034 5.755834
endloop
endfacet
facet normal 0.030004 0.047483 0.998421
outer loop
vertex 15.582034 9.103448 5.738898
vertex 16.602184 9.103448 5.708241
vertex 15.740805 9.931034 5.694768
endloop
endfacet
facet normal 0.029295 0.047619 0.998436
outer loop
vertex 15.582034 9.103448 5.738898
vertex 15.740805 9.931034 5.694768
vertex 14.644006 9.931034 5.726950
endloop
endfacet
facet normal 0.041321 0.043839 0.998184
outer loop
vertex 16.602184 9.103448 5.708241
vertex 17.621921 9.103448 5.666028
vertex 16.837592 9.931034 5.662150
endloop
endfacet
facet normal 0.029694 0.047161 0.998446
outer loop
vertex 16.602184 9.103448 5.708241
vertex 16.837592 9.931034 5.662150
vertex 15.740805 9.931034 5.694768
endloop
endfacet
facet normal 0.040869 0.045530 0.998127
outer loop
vertex 17.621921 9.103448 5.666028
vertex 18.641677 9.103448 5.624274
vertex 17.933871 9.931034 5.615505
endloop
endfacet
facet normal 0.042467 0.044925 0.998087
outer loop
vertex 17.621921 9.103448 5.666028
vertex 17.933871 9.931034 5.615505
vertex 16.837592 9.931034 5.662150
endloop
endfacet
facet normal 0.039310 0.059403 0.997460
outer loop
vertex 18.641677 9.103448 5.624274
vertex 19.661496 9.103448 5.584083
vertex 19.029723 9.931034 5.559695
endloop
endfacet
facet normal 0.050788 0.054004 0.997248
outer loop
vertex 18.641677 9.103448 5.624274
vertex 19.029723 9.931034 5.559695
vertex 17.933871 9.931034 5.615505
endloop
endfacet
facet normal 0.216111 0.303854 0.927884
outer loop
vertex 19.661496 9.103448 5.584083
vertex 20.655502 9.103448 5.352571
vertex 20.072241 9.931034 5.217408
endloop
endfacet
facet normal 0.301451 0.257183 0.918142
outer loop
vertex 19.661496 9.103448 5.584083
vertex 20.072241 9.931034 5.217408
vertex 19.029723 9.931034 5.559695
endloop
endfacet
facet normal 0.865055 0.371324 0.337342
outer loop
vertex 20.655502 9.103448 5.352571
vertex 21.026307 9.103448 4.401704
vertex 20.703081 9.931034 4.319608
endloop
endfacet
facet normal 0.679572 0.556932 0.477503
outer loop
vertex 20.655502 9.103448 5.352571
vertex 20.703081 9.931034 4.319608
vertex 20.072241 9.931034 5.217408
endloop
endfacet
facet normal 0.787005 0.535333 0.306662
outer loop
vertex 21.026307 9.103448 4.401704
vertex 21.396858 9.103448 3.450737
vertex 20.914879 9.931034 3.242971
endloop
endfacet
facet normal 0.910271 0.373283 0.179070
outer loop
vertex 21.026307 9.103448 4.401704
vertex 20.914879 9.931034 3.242971
vertex 20.703081 9.931034 4.319608
endloop
endfacet
facet normal 0.802999 0.563471 0.194148
outer loop
vertex 21.396858 9.103448 3.450737
vertex 21.636709 9.103448 2.458711
vertex 21.126676 9.931034 2.166334
endloop
endfacet
facet normal 0.833958 0.526877 0.164057
outer loop
vertex 21.396858 9.103448 3.450737
vertex 21.126676 9.931034 2.166334
vertex 20.914879 9.931034 3.242971
endloop
endfacet
facet normal 0.781691 0.594339 0.188996
outer loop
vertex 21.636709 9.103448 2.458711
vertex 21.876560 9.103448 1.466684
vertex 21.338473 9.931034 1.089698
endloop
endfacet
facet normal 0.814056 0.558271 0.160142
outer loop
vertex 21.636709 9.103448 2.458711
vertex 21.338473 9.931034 1.089698
vertex 21.126676 9.931034 2.166334
endloop
endfacet
facet normal 0.892289 0.396584 0.215737
outer loop
vertex 21.876560 9.103448 1.466684
vertex 22.116411 9.103448 0.474657
vertex 21.836303 9.931034 0.111858
endloop
endfacet
facet normal 0.700604 0.618004 0.356686
outer loop
vertex 21.876560 9.103448 1.466684
vertex 21.836303 9.931034 0.111858
vertex 21.338473 9.931034 1.089698
endloop
endfacet
facet normal 0.489719 0.121846 0.863325
outer loop
vertex 22.116411 9.103448 0.474657
vertex 23.004144 9.103448 -0.028907
vertex 22.913983 9.931034 -0.094565
endloop
endfacet
facet normal 0.168650 0.443070 0.880481
outer loop
vertex 22.116411 9.103448 0.474657
vertex 22.913983 9.931034 -0.094565
vertex 21.836303 9.931034 0.111858
endloop
endfacet
facet normal 0.001305 0.077510 0.996991
outer loop
vertex 23.004144 9.103448 -0.028907
vertex 24.024753 9.103448 -0.030243
vertex 24.011254 9.931034 -0.094565
endloop
endfacet
facet normal 0.000000 0.079089 0.996868
outer loop
vertex 23.004144 9.103448 -0.028907
vertex 24.011254 9.931034 -0.094565
vertex 22.913983 9.931034 -0.094565
endloop
endfacet
facet normal -0.898310 0.381263 0.218351
outer loop
vertex 0.000000 9.931034 0.280826
vertex 0.259166 9.931034 1.347052
vertex 0.710519 10.758621 1.758897
endloop
endfacet
facet normal -0.666402 -0.466560 0.581576
outer loop
vertex 0.000000 9.931034 0.280826
vertex 0.710519 10.758621 1.758897
vertex 0.000000 10.758621 0.944745
endloop
endfacet
facet normal -0.879555 0.425059 0.213792
outer loop
vertex 0.259166 9.931034 1.347052
vertex 0.518332 9.931034 2.413278
vertex 1.011482 10.758621 2.796733
endloop
endfacet
facet normal -0.896238 0.359456 0.259901
outer loop
vertex 0.259166 9.931034 1.347052
vertex 1.011482 10.758621 2.796733
vertex 0.710519 10.758621 1.758897
endloop
endfacet
facet normal -0.893498 0.393057 0.217181
outer loop
vertex 0.518332 9.931034 2.413278
vertex 0.777498 9.931034 3.479504
vertex 1.232696 10.758621 3.854441
endloop
endfacet
facet normal -0.879522 0.438868 0.183947
outer loop
vertex 0.518332 9.931034 2.413278
vertex 1.232696 10.758621 3.854441
vertex 1.011482 10.758621 2.796733
endloop
endfacet
facet normal -0.925620 0.184986 0.330164
outer loop
vertex 0.777498 9.931034 3.479504
vertex 1.146140 9.931034 4.512997
vertex 1.453909 10.758621 4.912149
endloop
endfacet
facet normal -0.894063 0.407047 0.186988
outer loop
vertex 0.777498 9.931034 3.479504
vertex 1.453909 10.758621 4.912149
vertex 1.232696 10.758621 3.854441
endloop
endfacet
facet normal -0.920815 0.174932 0.348566
outer loop
vertex 1.146140 9.931034 4.512997
vertex 1.534601 9.931034 5.539205
vertex 1.836944 10.758621 5.922577
endloop
endfacet
facet normal -0.920791 0.174079 0.349055
outer loop
vertex 1.146140 9.931034 4.512997
vertex 1.836944 10.758621 5.922577
vertex 1.453909 10.758621 4.912149
endloop
endfacet
facet normal -0.309222 0.029444 0.950534
outer loop
vertex 1.534601 9.931034 5.539205
vertex 2.578048 9.931034 5.878652
vertex 2.916773 10.758621 5.963208
endloop
endfacet
facet normal -0.034300 -0.409740 0.911557
outer loop
vertex 1.534601 9.931034 5.539205
vertex 2.916773 10.758621 5.963208
vertex 1.836944 10.758621 5.922577
endloop
endfacet
facet normal -0.016482 -0.098532 0.994997
outer loop
vertex 2.578048 9.931034 5.878652
vertex 3.675169 9.931034 5.896826
vertex 3.997164 10.758621 5.984113
endloop
endfacet
facet normal -0.019260 -0.093819 0.995403
outer loop
vertex 2.578048 9.931034 5.878652
vertex 3.997164 10.758621 5.984113
vertex 2.916773 10.758621 5.963208
endloop
endfacet
facet normal -0.012327 -0.108231 0.994049
outer loop
vertex 3.675169 9.931034 5.896826
vertex 4.772356 9.931034 5.910432
vertex 5.077568 10.758621 6.004323
endloop
endfacet
facet normal -0.018613 -0.097707 0.995041
outer loop
vertex 3.675169 9.931034 5.896826
vertex 5.077568 10.758621 6.004323
vertex 3.997164 10.758621 5.984113
endloop
endfacet
facet normal -0.013378 -0.113969 0.993394
outer loop
vertex 4.772356 9.931034 5.910432
vertex 5.869528 9.931034 5.925208
vertex 6.157981 10.758621 6.024039
endloop
endfacet
facet normal -0.018142 -0.106102 0.994190
outer loop
vertex 4.772356 9.931034 5.910432
vertex 6.157981 10.758621 6.024039
vertex 5.077568 10.758621 6.004323
endloop
endfacet
facet normal -0.002616 -0.106852 0.994271
outer loop
vertex 5.869528 9.931034 5.925208
vertex 6.966795 9.931034 5.928094
vertex 7.238555 10.758621 6.017748
endloop
endfacet
facet normal 0.005779 -0.120562 0.992689
outer loop
vertex 5.869528 9.931034 5.925208
vertex 7.238555 10.758621 6.017748
vertex 6.157981 10.758621 6.024039
endloop
endfacet
facet normal 0.006677 -0.098111 0.995153
outer loop
vertex 6.966795 9.931034 5.928094
vertex 8.064042 9.931034 5.920732
vertex 8.319013 10.758621 6.000613
endloop
endfacet
facet normal 0.015756 -0.112801 0.993493
outer loop
vertex 6.966795 9.931034 5.928094
vertex 8.319013 10.758621 6.000613
vertex 7.238555 10.758621 6.017748
endloop
endfacet
facet normal 0.004588 -0.083798 0.996472
outer loop
vertex 8.064042 9.931034 5.920732
vertex 9.161302 9.931034 5.915680
vertex 9.399481 10.758621 5.984180
endloop
endfacet
facet normal 0.015130 -0.100682 0.994804
outer loop
vertex 8.064042 9.931034 5.920732
vertex 9.399481 10.758621 5.984180
vertex 8.319013 10.758621 6.000613
endloop
endfacet
facet normal 0.016494 -0.085950 0.996163
outer loop
vertex 9.161302 9.931034 5.915680
vertex 10.258423 9.931034 5.897515
vertex 10.479908 10.758621 5.965253
endloop
endfacet
facet normal 0.017448 -0.087461 0.996015
outer loop
vertex 9.161302 9.931034 5.915680
vertex 10.479908 10.758621 5.965253
vertex 9.399481 10.758621 5.984180
endloop
endfacet
facet normal 0.036285 -0.092559 0.995046
outer loop
vertex 10.258423 9.931034 5.897515
vertex 11.354966 9.931034 5.857529
vertex 11.559825 10.758621 5.927040
endloop
endfacet
facet normal 0.035217 -0.090885 0.995238
outer loop
vertex 10.258423 9.931034 5.897515
vertex 11.559825 10.758621 5.927040
vertex 10.479908 10.758621 5.965253
endloop
endfacet
facet normal 0.040414 -0.093343 0.994814
outer loop
vertex 11.354966 9.931034 5.857529
vertex 12.451333 9.931034 5.812990
vertex 12.639520 10.758621 5.882996
endloop
endfacet
facet normal 0.040580 -0.093600 0.994783
outer loop
vertex 11.354966 9.931034 5.857529
vertex 12.639520 10.758621 5.882996
vertex 11.559825 10.758621 5.927040
endloop
endfacet
facet normal 0.051808 -0.103669 0.993262
outer loop
vertex 12.451333 9.931034 5.812990
vertex 13.547115 9.931034 5.755834
vertex 13.718967 10.758621 5.833247
endloop
endfacet
facet normal 0.045833 -0.094545 0.994465
outer loop
vertex 12.451333 9.931034 5.812990
vertex 13.718967 10.758621 5.833247
vertex 12.639520 10.758621 5.882996
endloop
endfacet
facet normal 0.026207 -0.094001 0.995227
outer loop
vertex 13.547115 9.931034 5.755834
vertex 14.644006 9.931034 5.726950
vertex 14.799080 10.758621 5.801033
endloop
endfacet
facet normal 0.029664 -0.099198 0.994625
outer loop
vertex 13.547115 9.931034 5.755834
vertex 14.799080 10.758621 5.801033
vertex 13.718967 10.758621 5.833247
endloop
endfacet
facet normal 0.029233 -0.080712 0.996309
outer loop
vertex 14.644006 9.931034 5.726950
vertex 15.740805 9.931034 5.694768
vertex 15.878806 10.758621 5.757762
endloop
endfacet
facet normal 0.039856 -0.096497 0.994535
outer loop
vertex 14.644006 9.931034 5.726950
vertex 15.878806 10.758621 5.757762
vertex 14.799080 10.758621 5.801033
endloop
endfacet
facet normal 0.029634 -0.078899 0.996442
outer loop
vertex 15.740805 9.931034 5.694768
vertex 16.837592 9.931034 5.662150
vertex 16.958874 10.758621 5.724072
endloop
endfacet
facet normal 0.031075 -0.081013 0.996229
outer loop
vertex 15.740805 9.931034 5.694768
vertex 16.958874 10.758621 5.724072
vertex 15.878806 10.758621 5.757762
endloop
endfacet
facet normal 0.042357 -0.084756 0.995501
outer loop
vertex 16.837592 9.931034 5.662150
vertex 17.933871 9.931034 5.615505
vertex 18.038628 10.758621 5.681507
endloop
endfacet
facet normal 0.039263 -0.080277 0.995999
outer loop
vertex 16.837592 9.931034 5.662150
vertex 18.038628 10.758621 5.681507
vertex 16.958874 10.758621 5.724072
endloop
endfacet
facet normal 0.050746 0.067806 0.996407
outer loop
vertex 17.933871 9.931034 5.615505
vertex 19.029723 9.931034 5.559695
vertex 19.103801 10.758621 5.499604
endloop
endfacet
facet normal 0.167502 -0.099428 0.980845
outer loop
vertex 17.933871 9.931034 5.615505
vertex 19.103801 10.758621 5.499604
vertex 18.038628 10.758621 5.681507
endloop
endfacet
facet normal 0.259186 0.556463 0.789412
outer loop
vertex 19.029723 9.931034 5.559695
vertex 20.072241 9.931034 5.217408
vertex 19.841340 10.758621 4.709846
endloop
endfacet
facet normal 0.730764 -0.015860 0.682446
outer loop
vertex 19.029723 9.931034 5.559695
vertex 19.841340 10.758621 4.709846
vertex 19.103801 10.758621 5.499604
endloop
endfacet
facet normal 0.544980 0.745896 0.382931
outer loop
vertex 20.072241 9.931034 5.217408
vertex 20.703081 9.931034 4.319608
vertex 20.042233 10.758621 3.648092
endloop
endfacet
facet normal 0.915982 0.361856 0.173311
outer loop
vertex 20.072241 9.931034 5.217408
vertex 20.042233 10.758621 3.648092
vertex 19.841340 10.758621 4.709846
endloop
endfacet
facet normal 0.711512 0.688592 0.139970
outer loop
vertex 20.703081 9.931034 4.319608
vertex 20.914879 9.931034 3.242971
vertex 20.243125 10.758621 2.586337
endloop
endfacet
facet normal 0.717551 0.683146 0.135766
outer loop
vertex 20.703081 9.931034 4.319608
vertex 20.243125 10.758621 2.586337
vertex 20.042233 10.758621 3.648092
endloop
endfacet
facet normal 0.708159 0.692173 0.139310
outer loop
vertex 20.914879 9.931034 3.242971
vertex 21.126676 9.931034 2.166334
vertex 20.444017 10.758621 1.524582
endloop
endfacet
facet normal 0.714120 0.686859 0.135117
outer loop
vertex 20.914879 9.931034 3.242971
vertex 20.444017 10.758621 1.524582
vertex 20.243125 10.758621 2.586337
endloop
endfacet
facet normal 0.785642 0.599066 0.154553
outer loop
vertex 21.126676 9.931034 2.166334
vertex 21.338473 9.931034 1.089698
vertex 20.821087 10.758621 0.511912
endloop
endfacet
facet normal 0.648368 0.722035 0.241421
outer loop
vertex 21.126676 9.931034 2.166334
vertex 20.821087 10.758621 0.511912
vertex 20.444017 10.758621 1.524582
endloop
endfacet
facet normal 0.883075 0.134364 0.449583
outer loop
vertex 21.338473 9.931034 1.089698
vertex 21.836303 9.931034 0.111858
vertex 21.769948 10.758621 -0.005142
endloop
endfacet
facet normal 0.353510 0.673924 0.648735
outer loop
vertex 21.338473 9.931034 1.089698
vertex 21.769948 10.758621 -0.005142
vertex 20.821087 10.758621 0.511912
endloop
endfacet
facet normal 0.187337 -0.091319 0.978042
outer loop
vertex 21.836303 9.931034 0.111858
vertex 22.913983 9.931034 -0.094565
vertex 22.850541 10.758621 -0.005142
endloop
endfacet
facet normal 0.000000 0.139983 0.990154
outer loop
vertex 21.836303 9.931034 0.111858
vertex 22.850541 10.758621 -0.005142
vertex 21.769948 10.758621 -0.005142
endloop
endfacet
facet normal 0.000000 -0.107427 0.994213
outer loop
vertex 22.913983 9.931034 -0.094565
vertex 24.011254 9.931034 -0.094565
vertex 23.931134 10.758621 -0.005142
endloop
endfacet
facet normal -0.000000 -0.107427 0.994213
outer loop
vertex 22.913983 9.931034 -0.094565
vertex 23.931134 10.758621 -0.005142
vertex 22.850541 10.758621 -0.005142
endloop
endfacet
facet normal -0.497991 0.750417 0.434602
outer loop
vertex 0.000000 10.758621 0.944745
vertex 0.710519 10.758621 1.758897
vertex 0.942317 11.586207 0.595529
endloop
endfacet
facet normal -0.384430 0.694404 0.608290
outer loop
vertex 0.000000 10.758621 0.944745
vertex 0.942317 11.586207 0.595529
vertex 0.000000 11.586207 0.000000
endloop
endfacet
facet normal -0.860080 0.445033 0.249416
outer loop
vertex 0.710519 10.758621 1.758897
vertex 1.011482 10.758621 2.796733
vertex 1.120478 11.586207 1.695926
endloop
endfacet
facet normal -0.882520 0.448043 0.142885
outer loop
vertex 0.710519 10.758621 1.758897
vertex 1.120478 11.586207 1.695926
vertex 0.942317 11.586207 0.595529
endloop
endfacet
facet normal -0.926797 0.321677 0.193834
outer loop
vertex 1.011482 10.758621 2.796733
vertex 1.232696 10.758621 3.854441
vertex 1.298639 11.586207 2.796324
endloop
endfacet
facet normal -0.933860 0.324106 0.151198
outer loop
vertex 1.011482 10.758621 2.796733
vertex 1.298639 11.586207 2.796324
vertex 1.120478 11.586207 1.695926
endloop
endfacet
facet normal -0.942996 0.268070 0.197222
outer loop
vertex 1.232696 10.758621 3.854441
vertex 1.453909 10.758621 4.912149
vertex 1.476800 11.586207 3.896721
endloop
endfacet
facet normal -0.949841 0.272308 0.153785
outer loop
vertex 1.232696 10.758621 3.854441
vertex 1.476800 11.586207 3.896721
vertex 1.298639 11.586207 2.796324
endloop
endfacet
facet normal -0.918504 0.187391 0.348188
outer loop
vertex 1.453909 10.758621 4.912149
vertex 1.836944 10.758621 5.922577
vertex 1.654961 11.586207 4.997118
endloop
endfacet
facet normal -0.963396 0.218031 0.155980
outer loop
vertex 1.453909 10.758621 4.912149
vertex 1.654961 11.586207 4.997118
vertex 1.476800 11.586207 3.896721
endloop
endfacet
facet normal -0.037242 0.137877 0.989749
outer loop
vertex 1.836944 10.758621 5.922577
vertex 2.916773 10.758621 5.963208
vertex 2.397662 11.586207 5.828388
endloop
endfacet
facet normal -0.644767 0.502415 0.576069
outer loop
vertex 1.836944 10.758621 5.922577
vertex 2.397662 11.586207 5.828388
vertex 1.654961 11.586207 4.997118
endloop
endfacet
facet normal -0.019346 0.000930 0.999812
outer loop
vertex 2.916773 10.758621 5.963208
vertex 3.997164 10.758621 5.984113
vertex 3.502867 11.586207 5.973779
endloop
endfacet
facet normal -0.130015 0.079452 0.988324
outer loop
vertex 2.916773 10.758621 5.963208
vertex 3.502867 11.586207 5.973779
vertex 2.397662 11.586207 5.828388
endloop
endfacet
facet normal -0.018703 0.000207 0.999825
outer loop
vertex 3.997164 10.758621 5.984113
vertex 5.077568 10.758621 6.004323
vertex 4.617381 11.586207 5.995544
endloop
endfacet
facet normal -0.019525 0.000823 0.999809
outer loop
vertex 3.997164 10.758621 5.984113
vertex 4.617381 11.586207 5.995544
vertex 3.502867 11.586207 5.973779
endloop
endfacet
facet normal -0.018245 -0.006637 0.999812
outer loop
vertex 5.077568 10.758621 6.004323
vertex 6.157981 10.758621 6.024039
vertex 5.731800 11.586207 6.021756
endloop
endfacet
facet normal -0.023514 -0.002470 0.999720
outer loop
vertex 5.077568 10.758621 6.004323
vertex 5.731800 11.586207 6.021756
vertex 4.617381 11.586207 5.995544
endloop
endfacet
facet normal 0.005821 -0.009174 0.999941
outer loop
vertex 6.157981 10.758621 6.024039
vertex 7.238555 10.758621 6.017748
vertex 6.846511 11.586207 6.027623
endloop
endfacet
facet normal -0.005264 0.000048 0.999986
outer loop
vertex 6.157981 10.758621 6.024039
vertex 6.846511 11.586207 6.027623
vertex 5.731800 11.586207 6.021756
endloop
endfacet
facet normal 0.015857 -0.002028 0.999872
outer loop
vertex 7.238555 10.758621 6.017748
vertex 8.319013 10.758621 6.000613
vertex 7.961064 11.586207 6.007968
endloop
endfacet
facet normal 0.017632 -0.003578 0.999838
outer loop
vertex 7.238555 10.758621 6.017748
vertex 7.961064 11.586207 6.007968
vertex 6.846511 11.586207 6.027623
endloop
endfacet
facet normal 0.015208 0.002067 0.999882
outer loop
vertex 8.319013 10.758621 6.000613
vertex 9.399481 10.758621 5.984180
vertex 9.075601 11.586207 5.987395
endloop
endfacet
facet normal 0.018456 -0.000904 0.999829
outer loop
vertex 8.319013 10.758621 6.000613
vertex 9.075601 11.586207 5.987395
vertex 7.961064 11.586207 6.007968
endloop
endfacet
facet normal 0.017515 -0.002419 0.999844
outer loop
vertex 9.399481 10.758621 5.984180
vertex 10.479908 10.758621 5.965253
vertex 10.190226 11.586207 5.972330
endloop
endfacet
facet normal 0.013514 0.001404 0.999908
outer loop
vertex 9.399481 10.758621 5.984180
vertex 10.190226 11.586207 5.972330
vertex 9.075601 11.586207 5.987395
endloop
endfacet
facet normal 0.035363 -0.004114 0.999366
outer loop
vertex 10.479908 10.758621 5.965253
vertex 11.559825 10.758621 5.927040
vertex 11.304468 11.586207 5.939483
endloop
endfacet
facet normal 0.029467 0.001767 0.999564
outer loop
vertex 10.479908 10.758621 5.965253
vertex 11.304468 11.586207 5.939483
vertex 10.190226 11.586207 5.972330
endloop
endfacet
facet normal 0.040757 -0.009743 0.999122
outer loop
vertex 11.559825 10.758621 5.927040
vertex 12.639520 10.758621 5.882996
vertex 12.418498 11.586207 5.900083
endloop
endfacet
facet normal 0.035345 -0.004120 0.999367
outer loop
vertex 11.559825 10.758621 5.927040
vertex 12.418498 11.586207 5.900083
vertex 11.304468 11.586207 5.939483
endloop
endfacet
facet normal 0.046036 -0.011138 0.998878
outer loop
vertex 12.639520 10.758621 5.882996
vertex 13.718967 10.758621 5.833247
vertex 13.532148 11.586207 5.851085
endloop
endfacet
facet normal 0.043953 -0.008887 0.998994
outer loop
vertex 12.639520 10.758621 5.882996
vertex 13.532148 11.586207 5.851085
vertex 12.418498 11.586207 5.900083
endloop
endfacet
facet normal 0.029811 0.000026 0.999556
outer loop
vertex 13.718967 10.758621 5.833247
vertex 14.799080 10.758621 5.801033
vertex 14.645945 11.586207 5.805579
endloop
endfacet
facet normal 0.040820 -0.012320 0.999091
outer loop
vertex 13.718967 10.758621 5.833247
vertex 14.645945 11.586207 5.805579
vertex 13.532148 11.586207 5.851085
endloop
endfacet
facet normal 0.040042 0.008473 0.999162
outer loop
vertex 14.799080 10.758621 5.801033
vertex 15.878806 10.758621 5.757762
vertex 15.759547 11.586207 5.755524
endloop
endfacet
facet normal 0.044903 0.002822 0.998987
outer loop
vertex 14.799080 10.758621 5.801033
vertex 15.759547 11.586207 5.755524
vertex 14.645945 11.586207 5.805579
endloop
endfacet
facet normal 0.031177 0.004143 0.999505
outer loop
vertex 15.878806 10.758621 5.757762
vertex 16.958874 10.758621 5.724072
vertex 16.873808 11.586207 5.723295
endloop
endfacet
facet normal 0.028911 0.006870 0.999558
outer loop
vertex 15.878806 10.758621 5.757762
vertex 16.873808 11.586207 5.723295
vertex 15.759547 11.586207 5.755524
endloop
endfacet
facet normal 0.039390 0.006030 0.999206
outer loop
vertex 16.958874 10.758621 5.724072
vertex 18.038628 10.758621 5.681507
vertex 17.987635 11.586207 5.678523
endloop
endfacet
facet normal 0.040164 0.005066 0.999180
outer loop
vertex 16.958874 10.758621 5.724072
vertex 17.987635 11.586207 5.678523
vertex 16.873808 11.586207 5.723295
endloop
endfacet
facet normal 0.168249 -0.032258 0.985217
outer loop
vertex 18.038628 10.758621 5.681507
vertex 19.103801 10.758621 5.499604
vertex 19.092244 11.586207 5.528675
endloop
endfacet
facet normal 0.134416 0.011855 0.990854
outer loop
vertex 18.038628 10.758621 5.681507
vertex 19.092244 11.586207 5.528675
vertex 17.987635 11.586207 5.678523
endloop
endfacet
facet normal 0.620571 0.528228 0.579540
outer loop
vertex 19.103801 10.758621 5.499604
vertex 19.841340 10.758621 4.709846
vertex 19.378361 11.586207 4.451292
endloop
endfacet
facet normal 0.966490 0.004480 0.256667
outer loop
vertex 19.103801 10.758621 5.499604
vertex 19.378361 11.586207 4.451292
vertex 19.092244 11.586207 5.528675
endloop
endfacet
facet normal 0.875274 0.454390 0.165609
outer loop
vertex 19.841340 10.758621 4.709846
vertex 20.042233 10.758621 3.648092
vertex 19.664477 11.586207 3.373910
endloop
endfacet
facet normal 0.821106 0.527480 0.218058
outer loop
vertex 19.841340 10.758621 4.709846
vertex 19.664477 11.586207 3.373910
vertex 19.378361 11.586207 4.451292
endloop
endfacet
facet normal 0.914551 0.365586 0.173040
outer loop
vertex 20.042233 10.758621 3.648092
vertex 20.243125 10.758621 2.586337
vertex 19.966323 11.586207 2.300828
endloop
endfacet
facet normal 0.850876 0.467681 0.239342
outer loop
vertex 20.042233 10.758621 3.648092
vertex 19.966323 11.586207 2.300828
vertex 19.664477 11.586207 3.373910
endloop
endfacet
facet normal 0.963356 0.196775 0.182275
outer loop
vertex 20.243125 10.758621 2.586337
vertex 20.444017 10.758621 1.524582
vertex 20.327631 11.586207 1.246280
endloop
endfacet
facet normal 0.869632 0.393655 0.297952
outer loop
vertex 20.243125 10.758621 2.586337
vertex 20.327631 11.586207 1.246280
vertex 19.966323 11.586207 2.300828
endloop
endfacet
facet normal 0.901339 0.273769 0.335616
outer loop
vertex 20.444017 10.758621 1.524582
vertex 20.821087 10.758621 0.511912
vertex 20.688939 11.586207 0.191732
endloop
endfacet
facet normal 0.919466 0.235245 0.315026
outer loop
vertex 20.444017 10.758621 1.524582
vertex 20.688939 11.586207 0.191732
vertex 20.327631 11.586207 1.246280
endloop
endfacet
facet normal 0.472677 -0.155423 0.867422
outer loop
vertex 20.821087 10.758621 0.511912
vertex 21.769948 10.758621 -0.005142
vertex 21.801716 11.586207 0.125832
endloop
endfacet
facet normal 0.054972 0.367899 0.928239
outer loop
vertex 20.821087 10.758621 0.511912
vertex 21.801716 11.586207 0.125832
vertex 20.688939 11.586207 0.191732
endloop
endfacet
facet normal 0.000000 -0.156315 0.987707
outer loop
vertex 21.769948 10.758621 -0.005142
vertex 22.850541 10.758621 -0.005142
vertex 22.916443 11.586207 0.125832
endloop
endfacet
facet normal -0.000000 -0.156315 0.987707
outer loop
vertex 21.769948 10.758621 -0.005142
vertex 22.916443 11.586207 0.125832
vertex 21.801716 11.586207 0.125832
endloop
endfacet
facet normal -0.000000 -0.156315 0.987707
outer loop
vertex 22.850541 10.758621 -0.005142
vertex 23.931134 10.758621 -0.005142
vertex 24.031170 11.586207 0.125832
endloop
endfacet
facet normal -0.000000 -0.156315 0.987707
outer loop
vertex 22.850541 10.758621 -0.005142
vertex 24.031170 11.586207 0.125832
vertex 22.916443 11.586207 0.125832
endloop
endfacet
facet normal -0.505493 0.323596 0.799851
outer loop
vertex 0.000000 11.586207 0.000000
vertex 0.942317 11.586207 0.595529
vertex 1.059056 12.413793 0.334490
endloop
endfacet
facet normal -0.301174 0.000000 0.953569
outer loop
vertex 0.000000 11.586207 0.000000
vertex 1.059056 12.413793 0.334490
vertex 0.000000 12.413793 0.000000
endloop
endfacet
facet normal -0.934622 0.321844 0.151321
outer loop
vertex 0.942317 11.586207 0.595529
vertex 1.120478 11.586207 1.695926
vertex 1.358209 12.413793 1.404065
endloop
endfacet
facet normal -0.940389 0.215613 0.263021
outer loop
vertex 0.942317 11.586207 0.595529
vertex 1.358209 12.413793 1.404065
vertex 1.059056 12.413793 0.334490
endloop
endfacet
facet normal -0.886376 0.440162 0.143510
outer loop
vertex 1.120478 11.586207 1.695926
vertex 1.298639 11.586207 2.796324
vertex 1.657363 12.413793 2.473639
endloop
endfacet
facet normal -0.902718 0.348356 0.252485
outer loop
vertex 1.120478 11.586207 1.695926
vertex 1.657363 12.413793 2.473639
vertex 1.358209 12.413793 1.404065
endloop
endfacet
facet normal -0.829972 0.541378 0.134378
outer loop
vertex 1.298639 11.586207 2.796324
vertex 1.476800 11.586207 3.896721
vertex 1.959262 12.413793 3.542442
endloop
endfacet
facet normal -0.852716 0.463531 0.240862
outer loop
vertex 1.298639 11.586207 2.796324
vertex 1.959262 12.413793 3.542442
vertex 1.657363 12.413793 2.473639
endloop
endfacet
facet normal -0.770612 0.624972 0.124767
outer loop
vertex 1.476800 11.586207 3.896721
vertex 1.654961 11.586207 4.997118
vertex 2.263555 12.413793 4.610565
endloop
endfacet
facet normal -0.796039 0.561152 0.226780
outer loop
vertex 1.476800 11.586207 3.896721
vertex 2.263555 12.413793 4.610565
vertex 1.959262 12.413793 3.542442
endloop
endfacet
facet normal -0.719232 0.264141 0.642600
outer loop
vertex 1.654961 11.586207 4.997118
vertex 2.397662 11.586207 5.828388
vertex 2.567848 12.413793 5.678689
endloop
endfacet
facet normal -0.738140 0.641037 0.210286
outer loop
vertex 1.654961 11.586207 4.997118
vertex 2.567848 12.413793 5.678689
vertex 2.263555 12.413793 4.610565
endloop
endfacet
facet normal -0.129288 0.131901 0.982795
outer loop
vertex 2.397662 11.586207 5.828388
vertex 3.502867 11.586207 5.973779
vertex 3.659458 12.413793 5.883308
endloop
endfacet
facet normal -0.180097 0.210830 0.960789
outer loop
vertex 2.397662 11.586207 5.828388
vertex 3.659458 12.413793 5.883308
vertex 2.567848 12.413793 5.678689
endloop
endfacet
facet normal -0.019395 0.115035 0.993172
outer loop
vertex 3.502867 11.586207 5.973779
vertex 4.617381 11.586207 5.995544
vertex 4.769912 12.413793 5.902667
endloop
endfacet
facet normal -0.017321 0.111893 0.993569
outer loop
vertex 3.502867 11.586207 5.973779
vertex 4.769912 12.413793 5.902667
vertex 3.659458 12.413793 5.883308
endloop
endfacet
facet normal -0.023322 0.127539 0.991559
outer loop
vertex 4.617381 11.586207 5.995544
vertex 5.731800 11.586207 6.021756
vertex 5.880417 12.413793 5.918803
endloop
endfacet
facet normal -0.014434 0.114142 0.993360
outer loop
vertex 4.617381 11.586207 5.995544
vertex 5.880417 12.413793 5.918803
vertex 4.769912 12.413793 5.902667
endloop
endfacet
facet normal -0.005213 0.138475 0.990352
outer loop
vertex 5.731800 11.586207 6.021756
vertex 6.846511 11.586207 6.027623
vertex 6.991023 12.413793 5.912668
endloop
endfacet
facet normal 0.005483 0.122478 0.992456
outer loop
vertex 5.731800 11.586207 6.021756
vertex 6.991023 12.413793 5.912668
vertex 5.880417 12.413793 5.918803
endloop
endfacet
facet normal 0.017480 0.131042 0.991223
outer loop
vertex 6.846511 11.586207 6.027623
vertex 7.961064 11.586207 6.007968
vertex 8.101521 12.413793 5.896082
endloop
endfacet
facet normal 0.014797 0.135033 0.990731
outer loop
vertex 6.846511 11.586207 6.027623
vertex 8.101521 12.413793 5.896082
vertex 6.991023 12.413793 5.912668
endloop
endfacet
facet normal 0.018338 0.113016 0.993424
outer loop
vertex 7.961064 11.586207 6.007968
vertex 9.075601 11.586207 5.987395
vertex 9.212131 12.413793 5.890725
endloop
endfacet
facet normal 0.004780 0.133179 0.991081
outer loop
vertex 7.961064 11.586207 6.007968
vertex 9.212131 12.413793 5.890725
vertex 8.101521 12.413793 5.896082
endloop
endfacet
facet normal 0.013433 0.109438 0.993903
outer loop
vertex 9.075601 11.586207 5.987395
vertex 10.190226 11.586207 5.972330
vertex 10.322696 12.413793 5.879415
endloop
endfacet
facet normal 0.010117 0.114368 0.993387
outer loop
vertex 9.075601 11.586207 5.987395
vertex 10.322696 12.413793 5.879415
vertex 9.212131 12.413793 5.890725
endloop
endfacet
facet normal 0.029297 0.107334 0.993791
outer loop
vertex 10.190226 11.586207 5.972330
vertex 11.304468 11.586207 5.939483
vertex 11.432825 12.413793 5.846316
endloop
endfacet
facet normal 0.029632 0.106837 0.993835
outer loop
vertex 10.190226 11.586207 5.972330
vertex 11.432825 12.413793 5.846316
vertex 10.322696 12.413793 5.879415
endloop
endfacet
facet normal 0.035157 0.103100 0.994049
outer loop
vertex 11.304468 11.586207 5.939483
vertex 12.418498 11.586207 5.900083
vertex 12.542848 12.413793 5.809849
endloop
endfacet
facet normal 0.032646 0.106809 0.993743
outer loop
vertex 11.304468 11.586207 5.939483
vertex 12.542848 12.413793 5.809849
vertex 11.432825 12.413793 5.846316
endloop
endfacet
facet normal 0.043721 0.102987 0.993721
outer loop
vertex 12.418498 11.586207 5.900083
vertex 13.532148 11.586207 5.851085
vertex 13.652353 12.413793 5.760027
endloop
endfacet
facet normal 0.044627 0.101652 0.993819
outer loop
vertex 12.418498 11.586207 5.900083
vertex 13.652353 12.413793 5.760027
vertex 12.542848 12.413793 5.809849
endloop
endfacet
facet normal 0.040540 0.117578 0.992236
outer loop
vertex 13.532148 11.586207 5.851085
vertex 14.645945 11.586207 5.805579
vertex 14.761499 12.413793 5.702790
endloop
endfacet
facet normal 0.051269 0.101864 0.993476
outer loop
vertex 13.532148 11.586207 5.851085
vertex 14.761499 12.413793 5.702790
vertex 13.652353 12.413793 5.760027
endloop
endfacet
facet normal 0.044565 0.122525 0.991464
outer loop
vertex 14.645945 11.586207 5.805579
vertex 15.759547 11.586207 5.755524
vertex 15.870782 12.413793 5.648251
endloop
endfacet
facet normal 0.048773 0.116400 0.992004
outer loop
vertex 14.645945 11.586207 5.805579
vertex 15.870782 12.413793 5.648251
vertex 14.761499 12.413793 5.702790
endloop
endfacet
facet normal 0.028698 0.121173 0.992216
outer loop
vertex 15.759547 11.586207 5.755524
vertex 16.873808 11.586207 5.723295
vertex 16.981023 12.413793 5.619126
endloop
endfacet
facet normal 0.026018 0.125062 0.991808
outer loop
vertex 15.759547 11.586207 5.755524
vertex 16.981023 12.413793 5.619126
vertex 15.870782 12.413793 5.648251
endloop
endfacet
facet normal 0.039895 0.115711 0.992481
outer loop
vertex 16.873808 11.586207 5.723295
vertex 17.987635 11.586207 5.678523
vertex 18.090879 12.413793 5.577887
endloop
endfacet
facet normal 0.036863 0.120098 0.992077
outer loop
vertex 16.873808 11.586207 5.723295
vertex 18.090879 12.413793 5.577887
vertex 16.981023 12.413793 5.619126
endloop
endfacet
facet normal 0.131693 0.200606 0.970780
outer loop
vertex 17.987635 11.586207 5.678523
vertex 19.092244 11.586207 5.528675
vertex 19.177057 12.413793 5.346153
endloop
endfacet
facet normal 0.207758 0.092497 0.973797
outer loop
vertex 17.987635 11.586207 5.678523
vertex 19.177057 12.413793 5.346153
vertex 18.090879 12.413793 5.577887
endloop
endfacet
facet normal 0.965372 0.048291 0.256370
outer loop
vertex 19.092244 11.586207 5.528675
vertex 19.378361 11.586207 4.451292
vertex 19.388849 12.413793 4.255912
endloop
endfacet
facet normal 0.979971 -0.058444 0.190371
outer loop
vertex 19.092244 11.586207 5.528675
vertex 19.388849 12.413793 4.255912
vertex 19.177057 12.413793 5.346153
endloop
endfacet
facet normal 0.957278 0.137808 0.254221
outer loop
vertex 19.378361 11.586207 4.451292
vertex 19.664477 11.586207 3.373910
vertex 19.600640 12.413793 3.165670
endloop
endfacet
facet normal 0.981128 0.032563 0.190595
outer loop
vertex 19.378361 11.586207 4.451292
vertex 19.600640 12.413793 3.165670
vertex 19.388849 12.413793 4.255912
endloop
endfacet
facet normal 0.933291 0.245048 0.262525
outer loop
vertex 19.664477 11.586207 3.373910
vertex 19.966323 11.586207 2.300828
vertex 19.812432 12.413793 2.075429
endloop
endfacet
facet normal 0.974223 0.122768 0.189254
outer loop
vertex 19.664477 11.586207 3.373910
vertex 19.812432 12.413793 2.075429
vertex 19.600640 12.413793 3.165670
endloop
endfacet
facet normal 0.904581 0.292708 0.309927
outer loop
vertex 19.966323 11.586207 2.300828
vertex 20.327631 11.586207 1.246280
vertex 20.139411 12.413793 1.014030
endloop
endfacet
facet normal 0.925400 0.249724 0.285082
outer loop
vertex 19.966323 11.586207 2.300828
vertex 20.139411 12.413793 1.014030
vertex 19.812432 12.413793 2.075429
endloop
endfacet
facet normal 0.945541 -0.031651 0.323960
outer loop
vertex 20.327631 11.586207 1.246280
vertex 20.688939 11.586207 0.191732
vertex 20.752252 12.413793 0.087797
endloop
endfacet
facet normal 0.788491 0.325738 0.521705
outer loop
vertex 20.327631 11.586207 1.246280
vertex 20.752252 12.413793 0.087797
vertex 20.139411 12.413793 1.014030
endloop
endfacet
facet normal 0.058775 0.107554 0.992460
outer loop
vertex 20.688939 11.586207 0.191732
vertex 21.801716 11.586207 0.125832
vertex 21.861503 12.413793 0.032605
endloop
endfacet
facet normal 0.049331 0.120741 0.991458
outer loop
vertex 20.688939 11.586207 0.191732
vertex 21.861503 12.413793 0.032605
vertex 20.752252 12.413793 0.087797
endloop
endfacet
facet normal -0.000000 0.111941 0.993715
outer loop
vertex 21.801716 11.586207 0.125832
vertex 22.916443 11.586207 0.125832
vertex 22.972125 12.413793 0.032605
endloop
endfacet
facet normal 0.000000 0.111941 0.993715
outer loop
vertex 21.801716 11.586207 0.125832
vertex 22.972125 12.413793 0.032605
vertex 21.861503 12.413793 0.032605
endloop
endfacet
facet normal -0.000000 0.111941 0.993715
outer loop
vertex 22.916443 11.586207 0.125832
vertex 24.031170 11.586207 0.125832
vertex 24.082748 12.413793 0.032605
endloop
endfacet
facet normal 0.000000 0.111941 0.993715
outer loop
vertex 22.916443 11.586207 0.125832
vertex 24.082748 12.413793 0.032605
vertex 22.972125 12.413793 0.032605
endloop
endfacet
facet normal -0.297432 0.157143 0.941722
outer loop
vertex 0.000000 12.413793 0.000000
vertex 1.059056 12.413793 0.334490
vertex 1.089231 13.241379 0.205923
endloop
endfacet
facet normal -0.185763 0.000000 0.982595
outer loop
vertex 0.000000 12.413793 0.000000
vertex 1.089231 13.241379 0.205923
vertex 0.000000 13.241379 0.000000
endloop
endfacet
facet normal -0.833059 0.501719 0.233002
outer loop
vertex 1.059056 12.413793 0.334490
vertex 1.358209 12.413793 1.404065
vertex 1.766888 13.241379 1.083198
endloop
endfacet
facet normal -0.785390 0.122886 0.606680
outer loop
vertex 1.059056 12.413793 0.334490
vertex 1.766888 13.241379 1.083198
vertex 1.089231 13.241379 0.205923
endloop
endfacet
facet normal -0.882296 0.400820 0.246773
outer loop
vertex 1.358209 12.413793 1.404065
vertex 1.657363 12.413793 2.473639
vertex 1.950209 13.241379 2.176460
endloop
endfacet
facet normal -0.863736 0.482684 0.144834
outer loop
vertex 1.358209 12.413793 1.404065
vertex 1.950209 13.241379 2.176460
vertex 1.766888 13.241379 1.083198
endloop
endfacet
facet normal -0.923714 0.280492 0.260917
outer loop
vertex 1.657363 12.413793 2.473639
vertex 1.959262 12.413793 3.542442
vertex 2.133530 13.241379 3.269722
endloop
endfacet
facet normal -0.913034 0.378059 0.153100
outer loop
vertex 1.657363 12.413793 2.473639
vertex 2.133530 13.241379 3.269722
vertex 1.950209 13.241379 2.176460
endloop
endfacet
facet normal -0.951929 0.142434 0.271191
outer loop
vertex 1.959262 12.413793 3.542442
vertex 2.263555 12.413793 4.610565
vertex 2.316851 13.241379 4.362984
endloop
endfacet
facet normal -0.953990 0.253601 0.159968
outer loop
vertex 1.959262 12.413793 3.542442
vertex 2.316851 13.241379 4.362984
vertex 2.133530 13.241379 3.269722
endloop
endfacet
facet normal -0.961722 -0.005002 0.273981
outer loop
vertex 2.263555 12.413793 4.610565
vertex 2.567848 12.413793 5.678689
vertex 2.500172 13.241379 5.456246
endloop
endfacet
facet normal -0.979996 0.112272 0.164328
outer loop
vertex 2.263555 12.413793 4.610565
vertex 2.500172 13.241379 5.456246
vertex 2.316851 13.241379 4.362984
endloop
endfacet
facet normal -0.184236 0.005026 0.982869
outer loop
vertex 2.567848 12.413793 5.678689
vertex 3.659458 12.413793 5.883308
vertex 3.534260 13.241379 5.855608
endloop
endfacet
facet normal -0.351756 0.216050 0.910819
outer loop
vertex 2.567848 12.413793 5.678689
vertex 3.534260 13.241379 5.855608
vertex 2.500172 13.241379 5.456246
endloop
endfacet
facet normal -0.017426 0.022366 0.999598
outer loop
vertex 3.659458 12.413793 5.883308
vertex 4.769912 12.413793 5.902667
vertex 4.642473 13.241379 5.881928
endloop
endfacet
facet normal -0.023732 0.029856 0.999272
outer loop
vertex 3.659458 12.413793 5.883308
vertex 4.642473 13.241379 5.881928
vertex 3.534260 13.241379 5.855608
endloop
endfacet
facet normal -0.014481 0.081477 0.996570
outer loop
vertex 4.769912 12.413793 5.902667
vertex 5.880417 12.413793 5.918803
vertex 5.750517 13.241379 5.849254
endloop
endfacet
facet normal 0.029461 0.029575 0.999128
outer loop
vertex 4.769912 12.413793 5.902667
vertex 5.750517 13.241379 5.849254
vertex 4.642473 13.241379 5.881928
endloop
endfacet
facet normal 0.005515 0.059018 0.998242
outer loop
vertex 5.880417 12.413793 5.918803
vertex 6.991023 12.413793 5.912668
vertex 6.858938 13.241379 5.864469
endloop
endfacet
facet normal -0.013679 0.081603 0.996571
outer loop
vertex 5.880417 12.413793 5.918803
vertex 6.858938 13.241379 5.864469
vertex 5.750517 13.241379 5.849254
endloop
endfacet
facet normal 0.014925 0.035169 0.999270
outer loop
vertex 6.991023 12.413793 5.912668
vertex 8.101521 12.413793 5.896082
vertex 7.967455 13.241379 5.868957
endloop
endfacet
facet normal -0.004042 0.057498 0.998337
outer loop
vertex 6.991023 12.413793 5.912668
vertex 7.967455 13.241379 5.868957
vertex 6.858938 13.241379 5.864469
endloop
endfacet
facet normal 0.004823 0.011093 0.999927
outer loop
vertex 8.101521 12.413793 5.896082
vertex 9.212131 12.413793 5.890725
vertex 9.075901 13.241379 5.882202
endloop
endfacet
facet normal -0.011942 0.030823 0.999454
outer loop
vertex 8.101521 12.413793 5.896082
vertex 9.075901 13.241379 5.882202
vertex 7.967455 13.241379 5.868957
endloop
endfacet
facet normal 0.010184 0.003511 0.999942
outer loop
vertex 9.212131 12.413793 5.890725
vertex 10.322696 12.413793 5.879415
vertex 10.184418 13.241379 5.877918
endloop
endfacet
facet normal 0.003865 0.010935 0.999933
outer loop
vertex 9.212131 12.413793 5.890725
vertex 10.184418 13.241379 5.877918
vertex 9.075901 13.241379 5.882202
endloop
endfacet
facet normal 0.029802 -0.002225 0.999553
outer loop
vertex 10.322696 12.413793 5.879415
vertex 11.432825 12.413793 5.846316
vertex 11.292649 13.241379 5.852337
endloop
endfacet
facet normal 0.023075 0.005664 0.999718
outer loop
vertex 10.322696 12.413793 5.879415
vertex 11.292649 13.241379 5.852337
vertex 10.184418 13.241379 5.877918
endloop
endfacet
facet normal 0.032834 -0.002850 0.999457
outer loop
vertex 11.432825 12.413793 5.846316
vertex 12.542848 12.413793 5.809849
vertex 12.400607 13.241379 5.816882
endloop
endfacet
facet normal 0.031984 -0.001855 0.999487
outer loop
vertex 11.432825 12.413793 5.846316
vertex 12.400607 13.241379 5.816882
vertex 11.292649 13.241379 5.852337
endloop
endfacet
facet normal 0.044857 0.010599 0.998937
outer loop
vertex 12.542848 12.413793 5.809849
vertex 13.652353 12.413793 5.760027
vertex 13.507554 13.241379 5.757749
endloop
endfacet
facet normal 0.053344 0.000682 0.998576
outer loop
vertex 12.542848 12.413793 5.809849
vertex 13.507554 13.241379 5.757749
vertex 12.400607 13.241379 5.816882
endloop
endfacet
facet normal 0.051511 0.031421 0.998178
outer loop
vertex 13.652353 12.413793 5.760027
vertex 14.761499 12.413793 5.702790
vertex 14.613648 13.241379 5.684369
endloop
endfacet
facet normal 0.066189 0.014328 0.997704
outer loop
vertex 13.652353 12.413793 5.760027
vertex 14.613648 13.241379 5.684369
vertex 13.507554 13.241379 5.757749
endloop
endfacet
facet normal 0.049063 0.042124 0.997907
outer loop
vertex 14.761499 12.413793 5.702790
vertex 15.870782 12.413793 5.648251
vertex 15.720344 13.241379 5.620713
endloop
endfacet
facet normal 0.057394 0.032464 0.997824
outer loop
vertex 14.761499 12.413793 5.702790
vertex 15.720344 13.241379 5.620713
vertex 14.613648 13.241379 5.684369
endloop
endfacet
facet normal 0.026209 0.033440 0.999097
outer loop
vertex 15.870782 12.413793 5.648251
vertex 16.981023 12.413793 5.619126
vertex 16.828581 13.241379 5.595426
endloop
endfacet
facet normal 0.022795 0.037387 0.999041
outer loop
vertex 15.870782 12.413793 5.648251
vertex 16.828581 13.241379 5.595426
vertex 15.720344 13.241379 5.620713
endloop
endfacet
facet normal 0.037121 0.023598 0.999032
outer loop
vertex 16.981023 12.413793 5.619126
vertex 18.090879 12.413793 5.577887
vertex 17.936663 13.241379 5.564069
endloop
endfacet
facet normal 0.028271 0.033818 0.999028
outer loop
vertex 16.981023 12.413793 5.619126
vertex 17.936663 13.241379 5.564069
vertex 16.828581 13.241379 5.595426
endloop
endfacet
facet normal 0.153187 0.678961 0.718015
outer loop
vertex 18.090879 12.413793 5.577887
vertex 19.177057 12.413793 5.346153
vertex 18.611110 13.241379 4.684324
endloop
endfacet
facet normal 0.783888 0.156107 0.600958
outer loop
vertex 18.090879 12.413793 5.577887
vertex 18.611110 13.241379 4.684324
vertex 17.936663 13.241379 5.564069
endloop
endfacet
facet normal 0.863932 0.474820 0.167829
outer loop
vertex 19.177057 12.413793 5.346153
vertex 19.388849 12.413793 4.255912
vertex 19.048641 13.241379 3.665798
endloop
endfacet
facet normal 0.668145 0.686443 0.287017
outer loop
vertex 19.177057 12.413793 5.346153
vertex 19.048641 13.241379 3.665798
vertex 18.611110 13.241379 4.684324
endloop
endfacet
facet normal 0.868744 0.465621 0.168763
outer loop
vertex 19.388849 12.413793 4.255912
vertex 19.600640 12.413793 3.165670
vertex 19.270894 13.241379 2.579781
endloop
endfacet
facet normal 0.859981 0.479019 0.175995
outer loop
vertex 19.388849 12.413793 4.255912
vertex 19.270894 13.241379 2.579781
vertex 19.048641 13.241379 3.665798
endloop
endfacet
facet normal 0.873513 0.456269 0.169690
outer loop
vertex 19.600640 12.413793 3.165670
vertex 19.812432 12.413793 2.075429
vertex 19.493148 13.241379 1.493765
endloop
endfacet
facet normal 0.864810 0.469873 0.176983
outer loop
vertex 19.600640 12.413793 3.165670
vertex 19.493148 13.241379 1.493765
vertex 19.270894 13.241379 2.579781
endloop
endfacet
facet normal 0.780966 0.576376 0.240587
outer loop
vertex 19.812432 12.413793 2.075429
vertex 20.139411 12.413793 1.014030
vertex 19.715401 13.241379 0.407748
endloop
endfacet
facet normal 0.869598 0.460574 0.177963
outer loop
vertex 19.812432 12.413793 2.075429
vertex 19.715401 13.241379 0.407748
vertex 19.493148 13.241379 1.493765
endloop
endfacet
facet normal 0.826431 0.134210 0.546808
outer loop
vertex 20.139411 12.413793 1.014030
vertex 20.752252 12.413793 0.087797
vertex 20.718435 13.241379 -0.064217
endloop
endfacet
facet normal 0.319463 0.661055 0.678933
outer loop
vertex 20.139411 12.413793 1.014030
vertex 20.718435 13.241379 -0.064217
vertex 19.715401 13.241379 0.407748
endloop
endfacet
facet normal 0.049326 0.121623 0.991350
outer loop
vertex 20.752252 12.413793 0.087797
vertex 21.861503 12.413793 0.032605
vertex 21.826957 13.241379 -0.067208
endloop
endfacet
facet normal 0.002654 0.180765 0.983523
outer loop
vertex 20.752252 12.413793 0.087797
vertex 21.826957 13.241379 -0.067208
vertex 20.718435 13.241379 -0.064217
endloop
endfacet
facet normal 0.000000 0.119740 0.992805
outer loop
vertex 21.861503 12.413793 0.032605
vertex 22.972125 12.413793 0.032605
vertex 22.935482 13.241379 -0.067208
endloop
endfacet
facet normal -0.000000 0.119740 0.992805
outer loop
vertex 21.861503 12.413793 0.032605
vertex 22.935482 13.241379 -0.067208
vertex 21.826957 13.241379 -0.067208
endloop
endfacet
facet normal 0.000000 0.119740 0.992805
outer loop
vertex 22.972125 12.413793 0.032605
vertex 24.082748 12.413793 0.032605
vertex 24.044008 13.241379 -0.067208
endloop
endfacet
facet normal -0.000000 0.119740 0.992805
outer loop
vertex 22.972125 12.413793 0.032605
vertex 24.044008 13.241379 -0.067208
vertex 22.935482 13.241379 -0.067208
endloop
endfacet
facet normal -0.178283 0.280912 0.943029
outer loop
vertex 0.000000 13.241379 0.000000
vertex 1.089231 13.241379 0.205923
vertex 1.307063 14.068966 0.000582
endloop
endfacet
facet normal -0.000445 0.000000 1.000000
outer loop
vertex 0.000000 13.241379 0.000000
vertex 1.307063 14.068966 0.000582
vertex 0.000000 14.068966 0.000000
endloop
endfacet
facet normal -0.791293 0.015516 0.611240
outer loop
vertex 1.089231 13.241379 0.205923
vertex 1.766888 13.241379 1.083198
vertex 1.861247 14.068966 1.184345
endloop
endfacet
facet normal -0.856520 0.324940 0.400984
outer loop
vertex 1.089231 13.241379 0.205923
vertex 1.861247 14.068966 1.184345
vertex 1.307063 14.068966 0.000582
endloop
endfacet
facet normal -0.980232 0.110132 0.164368
outer loop
vertex 1.766888 13.241379 1.083198
vertex 1.950209 13.241379 2.176460
vertex 2.092543 14.068966 2.470780
endloop
endfacet
facet normal -0.980204 0.090221 0.176237
outer loop
vertex 1.766888 13.241379 1.083198
vertex 2.092543 14.068966 2.470780
vertex 1.861247 14.068966 1.184345
endloop
endfacet
facet normal -0.978079 0.128307 0.164007
outer loop
vertex 1.950209 13.241379 2.176460
vertex 2.133530 13.241379 3.269722
vertex 2.323839 14.068966 3.757216
endloop
endfacet
facet normal -0.978700 0.105744 0.175966
outer loop
vertex 1.950209 13.241379 2.176460
vertex 2.323839 14.068966 3.757216
vertex 2.092543 14.068966 2.470780
endloop
endfacet
facet normal -0.927179 0.340834 0.155472
outer loop
vertex 2.133530 13.241379 3.269722
vertex 2.316851 13.241379 4.362984
vertex 2.727932 14.068966 5.000245
endloop
endfacet
facet normal -0.950374 0.036554 0.308954
outer loop
vertex 2.133530 13.241379 3.269722
vertex 2.727932 14.068966 5.000245
vertex 2.323839 14.068966 3.757216
endloop
endfacet
facet normal -0.598366 0.794916 0.100336
outer loop
vertex 2.316851 13.241379 4.362984
vertex 2.500172 13.241379 5.456246
vertex 3.674312 14.068966 5.901788
endloop
endfacet
facet normal -0.674348 -0.210125 0.707886
outer loop
vertex 2.316851 13.241379 4.362984
vertex 3.674312 14.068966 5.901788
vertex 2.727932 14.068966 5.000245
endloop
endfacet
facet normal -0.299436 0.556039 0.775344
outer loop
vertex 2.500172 13.241379 5.456246
vertex 3.534260 13.241379 5.855608
vertex 4.978813 14.068966 5.819986
endloop
endfacet
facet normal 0.053045 -0.530669 0.845918
outer loop
vertex 2.500172 13.241379 5.456246
vertex 4.978813 14.068966 5.819986
vertex 3.674312 14.068966 5.901788
endloop
endfacet
facet normal -0.012350 0.854065 0.520019
outer loop
vertex 3.534260 13.241379 5.855608
vertex 4.642473 13.241379 5.881928
vertex 5.226418 14.068966 4.536590
endloop
endfacet
facet normal 0.496593 -0.862680 0.095808
outer loop
vertex 3.534260 13.241379 5.855608
vertex 5.226418 14.068966 4.536590
vertex 4.978813 14.068966 5.819986
endloop
endfacet
facet normal 0.008930 0.952996 0.302850
outer loop
vertex 4.642473 13.241379 5.881928
vertex 5.750517 13.241379 5.849254
vertex 5.474023 14.068966 3.253194
endloop
endfacet
facet normal 0.916367 -0.359188 0.176794
outer loop
vertex 4.642473 13.241379 5.881928
vertex 5.474023 14.068966 3.253194
vertex 5.226418 14.068966 4.536590
endloop
endfacet
facet normal -0.002864 0.977986 0.208650
outer loop
vertex 5.750517 13.241379 5.849254
vertex 6.858938 13.241379 5.864469
vertex 5.721629 14.068966 1.969797
endloop
endfacet
facet normal 0.721781 0.677968 0.139253
outer loop
vertex 5.750517 13.241379 5.849254
vertex 5.721629 14.068966 1.969797
vertex 5.474023 14.068966 3.253194
endloop
endfacet
facet normal -0.001153 0.958589 0.284792
outer loop
vertex 6.858938 13.241379 5.864469
vertex 7.967455 13.241379 5.868957
vertex 6.416127 14.068966 3.077085
endloop
endfacet
facet normal -0.507564 0.800645 0.318348
outer loop
vertex 6.858938 13.241379 5.864469
vertex 6.416127 14.068966 3.077085
vertex 5.721629 14.068966 1.969797
endloop
endfacet
facet normal -0.005589 0.883844 0.467749
outer loop
vertex 7.967455 13.241379 5.868957
vertex 9.075901 13.241379 5.882202
vertex 6.897221 14.068966 4.292389
endloop
endfacet
facet normal -0.831227 -0.448092 0.329052
outer loop
vertex 7.967455 13.241379 5.868957
vertex 6.897221 14.068966 4.292389
vertex 6.416127 14.068966 3.077085
endloop
endfacet
facet normal 0.003531 0.406802 0.913509
outer loop
vertex 9.075901 13.241379 5.882202
vertex 10.184418 13.241379 5.877918
vertex 7.345015 14.068966 5.520352
endloop
endfacet
facet normal -0.453340 -0.875873 0.165317
outer loop
vertex 9.075901 13.241379 5.882202
vertex 7.345015 14.068966 5.520352
vertex 6.897221 14.068966 4.292389
endloop
endfacet
facet normal 0.019340 -0.545482 0.837900
outer loop
vertex 10.184418 13.241379 5.877918
vertex 11.292649 13.241379 5.852337
vertex 8.252242 14.068966 6.461284
endloop
endfacet
facet normal -0.301292 -0.908203 0.290500
outer loop
vertex 10.184418 13.241379 5.877918
vertex 8.252242 14.068966 6.461284
vertex 7.345015 14.068966 5.520352
endloop
endfacet
facet normal 0.026038 -0.580717 0.813689
outer loop
vertex 11.292649 13.241379 5.852337
vertex 12.400607 13.241379 5.816882
vertex 9.558777 14.068966 6.498457
endloop
endfacet
facet normal -0.021777 -0.643191 0.765396
outer loop
vertex 11.292649 13.241379 5.852337
vertex 9.558777 14.068966 6.498457
vertex 8.252242 14.068966 6.461284
endloop
endfacet
facet normal 0.043338 -0.583086 0.811254
outer loop
vertex 12.400607 13.241379 5.816882
vertex 13.507554 13.241379 5.757749
vertex 10.865831 14.068966 6.493696
endloop
endfacet
facet normal 0.002829 -0.629917 0.776657
outer loop
vertex 12.400607 13.241379 5.816882
vertex 10.865831 14.068966 6.493696
vertex 9.558777 14.068966 6.498457
endloop
endfacet
facet normal 0.053327 -0.592470 0.803826
outer loop
vertex 13.507554 13.241379 5.757749
vertex 14.613648 13.241379 5.684369
vertex 12.172360 14.068966 6.456311
endloop
endfacet
facet normal 0.022361 -0.623553 0.781462
outer loop
vertex 13.507554 13.241379 5.757749
vertex 12.172360 14.068966 6.456311
vertex 10.865831 14.068966 6.493696
endloop
endfacet
facet normal 0.045714 -0.605191 0.794766
outer loop
vertex 14.613648 13.241379 5.684369
vertex 15.720344 13.241379 5.620713
vertex 13.477189 14.068966 6.379919
endloop
endfacet
facet normal 0.046560 -0.604458 0.795275
outer loop
vertex 14.613648 13.241379 5.684369
vertex 13.477189 14.068966 6.379919
vertex 12.172360 14.068966 6.456311
endloop
endfacet
facet normal 0.018199 -0.602918 0.797595
outer loop
vertex 15.720344 13.241379 5.620713
vertex 16.828581 13.241379 5.595426
vertex 14.779431 14.068966 6.267771
endloop
endfacet
facet normal 0.070905 -0.563116 0.823330
outer loop
vertex 15.720344 13.241379 5.620713
vertex 14.779431 14.068966 6.267771
vertex 13.477189 14.068966 6.379919
endloop
endfacet
facet normal 0.023132 -0.575577 0.817421
outer loop
vertex 16.828581 13.241379 5.595426
vertex 17.936663 13.241379 5.564069
vertex 16.084695 14.068966 6.199211
endloop
endfacet
facet normal 0.043346 -0.563113 0.825242
outer loop
vertex 16.828581 13.241379 5.595426
vertex 16.084695 14.068966 6.199211
vertex 14.779431 14.068966 6.267771
endloop
endfacet
facet normal 0.791474 0.073450 0.606774
outer loop
vertex 17.936663 13.241379 5.564069
vertex 18.611110 13.241379 4.684324
vertex 17.391533 14.068966 6.174956
endloop
endfacet
facet normal 0.015018 -0.587394 0.809162
outer loop
vertex 17.936663 13.241379 5.564069
vertex 17.391533 14.068966 6.174956
vertex 16.084695 14.068966 6.199211
endloop
endfacet
facet normal 0.908740 -0.147656 0.390370
outer loop
vertex 18.611110 13.241379 4.684324
vertex 19.048641 13.241379 3.665798
vertex 18.440325 14.068966 5.394923
endloop
endfacet
facet normal 0.519402 -0.492456 0.698362
outer loop
vertex 18.611110 13.241379 4.684324
vertex 18.440325 14.068966 5.394923
vertex 17.391533 14.068966 6.174956
endloop
endfacet
facet normal 0.924792 0.330063 0.189259
outer loop
vertex 19.048641 13.241379 3.665798
vertex 19.270894 13.241379 2.579781
vertex 18.662986 14.068966 4.106965
endloop
endfacet
facet normal 0.924641 0.345669 0.159851
outer loop
vertex 19.048641 13.241379 3.665798
vertex 18.662986 14.068966 4.106965
vertex 18.440325 14.068966 5.394923
endloop
endfacet
facet normal 0.910220 0.369867 0.186277
outer loop
vertex 19.270894 13.241379 2.579781
vertex 19.493148 13.241379 1.493765
vertex 18.885648 14.068966 2.819007
endloop
endfacet
facet normal 0.911901 0.378925 0.157649
outer loop
vertex 19.270894 13.241379 2.579781
vertex 18.885648 14.068966 2.819007
vertex 18.662986 14.068966 4.106965
endloop
endfacet
facet normal 0.894560 0.407734 0.183072
outer loop
vertex 19.493148 13.241379 1.493765
vertex 19.715401 13.241379 0.407748
vertex 19.108309 14.068966 1.531049
endloop
endfacet
facet normal 0.898410 0.410775 0.155317
outer loop
vertex 19.493148 13.241379 1.493765
vertex 19.108309 14.068966 1.531049
vertex 18.885648 14.068966 2.819007
endloop
endfacet
facet normal 0.392266 -0.388774 0.833656
outer loop
vertex 19.715401 13.241379 0.407748
vertex 20.718435 13.241379 -0.064217
vertex 20.057666 14.068966 0.632642
endloop
endfacet
facet normal 0.619262 -0.433935 0.654382
outer loop
vertex 19.715401 13.241379 0.407748
vertex 20.057666 14.068966 0.632642
vertex 19.108309 14.068966 1.531049
endloop
endfacet
facet normal 0.002062 -0.645046 0.764141
outer loop
vertex 20.718435 13.241379 -0.064217
vertex 21.826957 13.241379 -0.067208
vertex 21.364729 14.068966 0.632642
endloop
endfacet
facet normal -0.000000 -0.644106 0.764936
outer loop
vertex 20.718435 13.241379 -0.064217
vertex 21.364729 14.068966 0.632642
vertex 20.057666 14.068966 0.632642
endloop
endfacet
facet normal -0.000000 -0.645719 0.763575
outer loop
vertex 21.826957 13.241379 -0.067208
vertex 22.935482 13.241379 -0.067208
vertex 22.671792 14.068966 0.632642
endloop
endfacet
facet normal -0.000000 -0.645719 0.763575
outer loop
vertex 21.826957 13.241379 -0.067208
vertex 22.671792 14.068966 0.632642
vertex 21.364729 14.068966 0.632642
endloop
endfacet
facet normal -0.000000 -0.645719 0.763575
outer loop
vertex 22.935482 13.241379 -0.067208
vertex 24.044008 13.241379 -0.067208
vertex 23.978855 14.068966 0.632642
endloop
endfacet
facet normal -0.000000 -0.645719 0.763575
outer loop
vertex 22.935482 13.241379 -0.067208
vertex 23.978855 14.068966 0.632642
vertex 22.671792 14.068966 0.632642
endloop
endfacet
facet normal -0.000351 -0.614318 0.789058
outer loop
vertex 0.000000 14.068966 0.000000
vertex 1.307063 14.068966 0.000582
vertex 1.281384 14.896552 0.644885
endloop
endfacet
facet normal -0.449550 0.000000 0.893255
outer loop
vertex 0.000000 14.068966 0.000000
vertex 1.281384 14.896552 0.644885
vertex 0.000000 14.896552 0.000000
endloop
endfacet
facet normal -0.842879 -0.365853 0.394598
outer loop
vertex 1.307063 14.068966 0.000582
vertex 1.861247 14.068966 1.184345
vertex 1.863314 14.896552 1.956059
endloop
endfacet
facet normal -0.864263 -0.325446 0.383580
outer loop
vertex 1.307063 14.068966 0.000582
vertex 1.863314 14.896552 1.956059
vertex 1.281384 14.896552 0.644885
endloop
endfacet
facet normal -0.981434 -0.075169 0.176458
outer loop
vertex 1.861247 14.068966 1.184345
vertex 2.092543 14.068966 2.470780
vertex 2.187845 14.896552 3.353378
endloop
endfacet
facet normal -0.953562 -0.204135 0.221468
outer loop
vertex 1.861247 14.068966 1.184345
vertex 2.187845 14.896552 3.353378
vertex 1.863314 14.896552 1.956059
endloop
endfacet
facet normal -0.984150 0.011789 0.176946
outer loop
vertex 2.092543 14.068966 2.470780
vertex 2.323839 14.068966 3.757216
vertex 2.512376 14.896552 4.750698
endloop
endfacet
facet normal -0.966057 -0.128036 0.224369
outer loop
vertex 2.092543 14.068966 2.470780
vertex 2.512376 14.896552 4.750698
vertex 2.187845 14.896552 3.353378
endloop
endfacet
facet normal -0.738394 0.630202 0.240042
outer loop
vertex 2.323839 14.068966 3.757216
vertex 2.727932 14.068966 5.000245
vertex 3.640987 14.896552 5.636168
endloop
endfacet
facet normal -0.481098 -0.626521 0.613202
outer loop
vertex 2.323839 14.068966 3.757216
vertex 3.640987 14.896552 5.636168
vertex 2.512376 14.896552 4.750698
endloop
endfacet
facet normal -0.316363 0.888609 0.332097
outer loop
vertex 2.727932 14.068966 5.000245
vertex 3.674312 14.068966 5.901788
vertex 4.602654 14.896552 4.571734
endloop
endfacet
facet normal 0.445117 -0.800095 0.402142
outer loop
vertex 2.727932 14.068966 5.000245
vertex 4.602654 14.896552 4.571734
vertex 3.640987 14.896552 5.636168
endloop
endfacet
facet normal 0.018919 0.953213 0.301706
outer loop
vertex 3.674312 14.068966 5.901788
vertex 4.978813 14.068966 5.819986
vertex 5.029279 14.896552 3.202132
endloop
endfacet
facet normal 0.821211 -0.510076 0.255804
outer loop
vertex 3.674312 14.068966 5.901788
vertex 5.029279 14.896552 3.202132
vertex 4.602654 14.896552 4.571734
endloop
endfacet
facet normal 0.907909 0.380813 0.175163
outer loop
vertex 4.978813 14.068966 5.819986
vertex 5.226418 14.068966 4.536590
vertex 5.403908 14.896552 1.817402
endloop
endfacet
facet normal 0.765858 0.608713 0.207197
outer loop
vertex 4.978813 14.068966 5.819986
vertex 5.403908 14.896552 1.817402
vertex 5.029279 14.896552 3.202132
endloop
endfacet
facet normal 0.940611 0.286913 0.181472
outer loop
vertex 5.226418 14.068966 4.536590
vertex 5.474023 14.068966 3.253194
vertex 5.766372 14.896552 0.429440
endloop
endfacet
facet normal 0.821330 0.528594 0.214489
outer loop
vertex 5.226418 14.068966 4.536590
vertex 5.766372 14.896552 0.429440
vertex 5.403908 14.896552 1.817402
endloop
endfacet
facet normal 0.627795 -0.768898 0.121120
outer loop
vertex 5.474023 14.068966 3.253194
vertex 5.721629 14.068966 1.969797
vertex 7.122588 14.896552 -0.038001
endloop
endfacet
facet normal 0.099726 0.952017 0.289342
outer loop
vertex 5.474023 14.068966 3.253194
vertex 7.122588 14.896552 -0.038001
vertex 5.766372 14.896552 0.429440
endloop
endfacet
facet normal -0.311959 0.929730 0.195663
outer loop
vertex 5.721629 14.068966 1.969797
vertex 6.416127 14.068966 3.077085
vertex 7.740698 14.896552 1.256511
endloop
endfacet
facet normal -0.326902 0.932079 0.156091
outer loop
vertex 5.721629 14.068966 1.969797
vertex 7.740698 14.896552 1.256511
vertex 7.122588 14.896552 -0.038001
endloop
endfacet
facet normal -0.382485 0.911471 0.151412
outer loop
vertex 6.416127 14.068966 3.077085
vertex 6.897221 14.068966 4.292389
vertex 8.204901 14.896552 2.613838
endloop
endfacet
facet normal -0.387697 0.912201 0.132592
outer loop
vertex 6.416127 14.068966 3.077085
vertex 8.204901 14.896552 2.613838
vertex 7.740698 14.896552 1.256511
endloop
endfacet
facet normal -0.401056 0.904303 0.146251
outer loop
vertex 6.897221 14.068966 4.292389
vertex 7.345015 14.068966 5.520352
vertex 8.648619 14.896552 3.977999
endloop
endfacet
facet normal -0.404138 0.905203 0.131453
outer loop
vertex 6.897221 14.068966 4.292389
vertex 8.648619 14.896552 3.977999
vertex 8.204901 14.896552 2.613838
endloop
endfacet
facet normal -0.308939 0.903232 0.297873
outer loop
vertex 7.345015 14.068966 5.520352
vertex 8.252242 14.068966 6.461284
vertex 9.434557 14.896552 5.178050
endloop
endfacet
facet normal -0.328884 0.919478 0.215393
outer loop
vertex 7.345015 14.068966 5.520352
vertex 9.434557 14.896552 5.178050
vertex 8.648619 14.896552 3.977999
endloop
endfacet
facet normal -0.016665 0.810330 0.585737
outer loop
vertex 8.252242 14.068966 6.461284
vertex 9.558777 14.068966 6.498457
vertex 10.853267 14.896552 5.390375
endloop
endfacet
facet normal -0.073595 0.867624 0.491743
outer loop
vertex 8.252242 14.068966 6.461284
vertex 10.853267 14.896552 5.390375
vertex 9.434557 14.896552 5.178050
endloop
endfacet
facet normal 0.001692 0.885503 0.464631
outer loop
vertex 9.558777 14.068966 6.498457
vertex 10.865831 14.068966 6.493696
vertex 12.205519 14.896552 4.911588
endloop
endfacet
facet normal 0.268282 0.594889 0.757715
outer loop
vertex 9.558777 14.068966 6.498457
vertex 12.205519 14.896552 4.911588
vertex 10.853267 14.896552 5.390375
endloop
endfacet
facet normal 0.008458 0.955281 0.295578
outer loop
vertex 10.865831 14.068966 6.493696
vertex 12.172360 14.068966 6.456311
vertex 13.055954 14.896552 3.756347
endloop
endfacet
facet normal 0.793890 -0.167885 0.584426
outer loop
vertex 10.865831 14.068966 6.493696
vertex 13.055954 14.896552 3.756347
vertex 12.205519 14.896552 4.911588
endloop
endfacet
facet normal 0.012495 0.976880 0.213423
outer loop
vertex 12.172360 14.068966 6.456311
vertex 13.477189 14.068966 6.379919
vertex 13.861542 14.896552 2.569397
endloop
endfacet
facet normal 0.600273 0.688252 0.407408
outer loop
vertex 12.172360 14.068966 6.456311
vertex 13.861542 14.896552 2.569397
vertex 13.055954 14.896552 3.756347
endloop
endfacet
facet normal 0.021738 0.967376 0.252411
outer loop
vertex 13.477189 14.068966 6.379919
vertex 14.779431 14.068966 6.267771
vertex 15.209936 14.896552 3.058943
endloop
endfacet
facet normal -0.074243 0.976048 0.204494
outer loop
vertex 13.477189 14.068966 6.379919
vertex 15.209936 14.896552 3.058943
vertex 13.861542 14.896552 2.569397
endloop
endfacet
facet normal 0.021062 0.915838 0.400994
outer loop
vertex 14.779431 14.068966 6.267771
vertex 16.084695 14.068966 6.199211
vertex 15.895547 14.896552 4.319006
endloop
endfacet
facet normal -0.348953 0.917705 0.189868
outer loop
vertex 14.779431 14.068966 6.267771
vertex 15.895547 14.896552 4.319006
vertex 15.209936 14.896552 3.058943
endloop
endfacet
facet normal 0.012877 0.720069 0.693783
outer loop
vertex 16.084695 14.068966 6.199211
vertex 17.391533 14.068966 6.174956
vertex 16.918389 14.896552 5.324796
endloop
endfacet
facet normal -0.396264 0.824973 0.402982
outer loop
vertex 16.084695 14.068966 6.199211
vertex 16.918389 14.896552 5.324796
vertex 15.895547 14.896552 4.319006
endloop
endfacet
facet normal 0.575299 0.265895 0.773518
outer loop
vertex 17.391533 14.068966 6.174956
vertex 18.440325 14.068966 5.394923
vertex 18.345660 14.896552 5.180849
endloop
endfacet
facet normal 0.068194 0.733591 0.676161
outer loop
vertex 17.391533 14.068966 6.174956
vertex 18.345660 14.896552 5.180849
vertex 16.918389 14.896552 5.324796
endloop
endfacet
facet normal 0.909102 -0.385788 0.157165
outer loop
vertex 18.440325 14.068966 5.394923
vertex 18.662986 14.068966 4.106965
vertex 19.045055 14.896552 3.928385
endloop
endfacet
facet normal 0.851620 0.220428 0.475558
outer loop
vertex 18.440325 14.068966 5.394923
vertex 19.045055 14.896552 3.928385
vertex 18.345660 14.896552 5.180849
endloop
endfacet
facet normal 0.913180 -0.375738 0.157870
outer loop
vertex 18.662986 14.068966 4.106965
vertex 18.885648 14.068966 2.819007
vertex 19.279054 14.896552 2.513088
endloop
endfacet
facet normal 0.909541 -0.387455 0.150379
outer loop
vertex 18.662986 14.068966 4.106965
vertex 19.279054 14.896552 2.513088
vertex 19.045055 14.896552 3.928385
endloop
endfacet
facet normal 0.917185 -0.365553 0.158562
outer loop
vertex 18.885648 14.068966 2.819007
vertex 19.108309 14.068966 1.531049
vertex 19.513053 14.896552 1.097791
endloop
endfacet
facet normal 0.913275 -0.378324 0.150997
outer loop
vertex 18.885648 14.068966 2.819007
vertex 19.513053 14.896552 1.097791
vertex 19.279054 14.896552 2.513088
endloop
endfacet
facet normal 0.589933 0.513190 0.623390
outer loop
vertex 19.108309 14.068966 1.531049
vertex 20.057666 14.068966 0.632642
vertex 20.185315 14.896552 -0.169445
endloop
endfacet
facet normal 0.868388 -0.183526 0.460675
outer loop
vertex 19.108309 14.068966 1.531049
vertex 20.185315 14.896552 -0.169445
vertex 19.513053 14.896552 1.097791
endloop
endfacet
facet normal -0.000000 0.718329 0.695704
outer loop
vertex 20.057666 14.068966 0.632642
vertex 21.364729 14.068966 0.632642
vertex 21.618868 14.896552 -0.221857
endloop
endfacet
facet normal 0.026319 0.693621 0.719860
outer loop
vertex 20.057666 14.068966 0.632642
vertex 21.618868 14.896552 -0.221857
vertex 20.185315 14.896552 -0.169445
endloop
endfacet
facet normal -0.000000 0.718329 0.695704
outer loop
vertex 21.364729 14.068966 0.632642
vertex 22.671792 14.068966 0.632642
vertex 23.053378 14.896552 -0.221857
endloop
endfacet
facet normal -0.000000 0.718329 0.695704
outer loop
vertex 21.364729 14.068966 0.632642
vertex 23.053378 14.896552 -0.221857
vertex 21.618868 14.896552 -0.221857
endloop
endfacet
facet normal -0.000000 0.718329 0.695704
outer loop
vertex 22.671792 14.068966 0.632642
vertex 23.978855 14.068966 0.632642
vertex 24.487889 14.896552 -0.221857
endloop
endfacet
facet normal -0.000000 0.718329 0.695704
outer loop
vertex 22.671792 14.068966 0.632642
vertex 24.487889 14.896552 -0.221857
vertex 23.053378 14.896552 -0.221857
endloop
endfacet
facet normal -0.448880 -0.054594 0.891923
outer loop
vertex 0.000000 14.896552 0.000000
vertex 1.281384 14.896552 0.644885
vertex 1.195066 15.724138 0.652099
endloop
endfacet
facet normal -0.478991 0.000000 0.877820
outer loop
vertex 0.000000 14.896552 0.000000
vertex 1.195066 15.724138 0.652099
vertex 0.000000 15.724138 0.000000
endloop
endfacet
facet normal -0.894204 -0.207111 0.396868
outer loop
vertex 1.281384 14.896552 0.644885
vertex 1.863314 14.896552 1.956059
vertex 1.660688 15.724138 1.931402
endloop
endfacet
facet normal -0.934938 -0.100481 0.340285
outer loop
vertex 1.281384 14.896552 0.644885
vertex 1.660688 15.724138 1.931402
vertex 1.195066 15.724138 0.652099
endloop
endfacet
facet normal -0.960841 -0.164272 0.223158
outer loop
vertex 1.863314 14.896552 1.956059
vertex 2.187845 14.896552 3.353378
vertex 2.021011 15.724138 3.244255
endloop
endfacet
facet normal -0.940165 -0.222501 0.258036
outer loop
vertex 1.863314 14.896552 1.956059
vertex 2.021011 15.724138 3.244255
vertex 1.660688 15.724138 1.931402
endloop
endfacet
facet normal -0.963015 -0.150258 0.223663
outer loop
vertex 2.187845 14.896552 3.353378
vertex 2.512376 14.896552 4.750698
vertex 2.340721 15.724138 4.567586
endloop
endfacet
facet normal -0.959069 -0.162787 0.231706
outer loop
vertex 2.187845 14.896552 3.353378
vertex 2.340721 15.724138 4.567586
vertex 2.021011 15.724138 3.244255
endloop
endfacet
facet normal -0.538438 -0.488971 0.686288
outer loop
vertex 2.512376 14.896552 4.750698
vertex 3.640987 14.896552 5.636168
vertex 3.026458 15.724138 5.743673
endloop
endfacet
facet normal -0.861904 -0.067580 0.502547
outer loop
vertex 2.512376 14.896552 4.750698
vertex 3.026458 15.724138 5.743673
vertex 2.340721 15.724138 4.567586
endloop
endfacet
facet normal 0.716056 -0.262210 0.646923
outer loop
vertex 3.640987 14.896552 5.636168
vertex 4.602654 14.896552 4.571734
vertex 4.294513 15.724138 5.248240
endloop
endfacet
facet normal 0.359928 0.147597 0.921231
outer loop
vertex 3.640987 14.896552 5.636168
vertex 4.294513 15.724138 5.248240
vertex 3.026458 15.724138 5.743673
endloop
endfacet
facet normal 0.911150 0.298753 0.283819
outer loop
vertex 4.602654 14.896552 4.571734
vertex 5.029279 14.896552 3.202132
vertex 4.537816 15.724138 3.908755
endloop
endfacet
facet normal 0.960870 0.215098 0.174532
outer loop
vertex 4.602654 14.896552 4.571734
vertex 4.537816 15.724138 3.908755
vertex 4.294513 15.724138 5.248240
endloop
endfacet
facet normal 0.860687 0.452766 0.232853
outer loop
vertex 5.029279 14.896552 3.202132
vertex 5.403908 14.896552 1.817402
vertex 4.765867 15.724138 2.566589
endloop
endfacet
facet normal 0.901571 0.404602 0.153189
outer loop
vertex 5.029279 14.896552 3.202132
vertex 4.765867 15.724138 2.566589
vertex 4.537816 15.724138 3.908755
endloop
endfacet
facet normal 0.807389 0.551060 0.210848
outer loop
vertex 5.403908 14.896552 1.817402
vertex 5.766372 14.896552 0.429440
vertex 4.993919 15.724138 1.224422
endloop
endfacet
facet normal 0.842228 0.519781 0.143106
outer loop
vertex 5.403908 14.896552 1.817402
vertex 4.993919 15.724138 1.224422
vertex 4.765867 15.724138 2.566589
endloop
endfacet
facet normal 0.316897 0.232844 0.919434
outer loop
vertex 5.766372 14.896552 0.429440
vertex 7.122588 14.896552 -0.038001
vertex 5.871501 15.724138 0.183622
endloop
endfacet
facet normal 0.761126 0.093937 0.641766
outer loop
vertex 5.766372 14.896552 0.429440
vertex 5.871501 15.724138 0.183622
vertex 4.993919 15.724138 1.224422
endloop
endfacet
facet normal -0.901950 0.031802 0.430668
outer loop
vertex 7.122588 14.896552 -0.038001
vertex 7.740698 14.896552 1.256511
vertex 7.231835 15.724138 0.129684
endloop
endfacet
facet normal 0.038791 -0.203351 0.978337
outer loop
vertex 7.122588 14.896552 -0.038001
vertex 7.231835 15.724138 0.129684
vertex 5.871501 15.724138 0.183622
endloop
endfacet
facet normal -0.553590 0.810983 0.189327
outer loop
vertex 7.740698 14.896552 1.256511
vertex 8.204901 14.896552 2.613838
vertex 8.591463 15.724138 0.199169
endloop
endfacet
facet normal -0.030696 0.798936 0.600632
outer loop
vertex 7.740698 14.896552 1.256511
vertex 8.591463 15.724138 0.199169
vertex 7.231835 15.724138 0.129684
endloop
endfacet
facet normal -0.359397 0.925834 0.116900
outer loop
vertex 8.204901 14.896552 2.613838
vertex 8.648619 14.896552 3.977999
vertex 9.771974 15.724138 0.877264
endloop
endfacet
facet normal -0.169526 0.940297 0.295131
outer loop
vertex 8.204901 14.896552 2.613838
vertex 9.771974 15.724138 0.877264
vertex 8.591463 15.724138 0.199169
endloop
endfacet
facet normal -0.183615 0.975615 0.120254
outer loop
vertex 8.648619 14.896552 3.977999
vertex 9.434557 14.896552 5.178050
vertex 11.123320 15.724138 1.042437
endloop
endfacet
facet normal -0.030253 0.968413 0.247509
outer loop
vertex 8.648619 14.896552 3.977999
vertex 11.123320 15.724138 1.042437
vertex 9.771974 15.724138 0.877264
endloop
endfacet
facet normal -0.023096 0.987750 0.154325
outer loop
vertex 9.434557 14.896552 5.178050
vertex 10.853267 14.896552 5.390375
vertex 12.267794 15.724138 0.305147
endloop
endfacet
facet normal 0.166465 0.951588 0.258400
outer loop
vertex 9.434557 14.896552 5.178050
vertex 12.267794 15.724138 0.305147
vertex 11.123320 15.724138 1.042437
endloop
endfacet
facet normal 0.067417 0.979388 0.190406
outer loop
vertex 10.853267 14.896552 5.390375
vertex 12.205519 14.896552 4.911588
vertex 13.620744 15.724138 0.153667
endloop
endfacet
facet normal 0.018544 0.986014 0.165625
outer loop
vertex 10.853267 14.896552 5.390375
vertex 13.620744 15.724138 0.153667
vertex 12.267794 15.724138 0.305147
endloop
endfacet
facet normal 0.736249 0.405194 0.541993
outer loop
vertex 12.205519 14.896552 4.911588
vertex 13.055954 14.896552 3.756347
vertex 14.468367 15.724138 1.219008
endloop
endfacet
facet normal -0.155935 0.979945 0.124068
outer loop
vertex 12.205519 14.896552 4.911588
vertex 14.468367 15.724138 1.219008
vertex 13.620744 15.724138 0.153667
endloop
endfacet
facet normal 0.604417 -0.682934 0.410221
outer loop
vertex 13.055954 14.896552 3.756347
vertex 13.861542 14.896552 2.569397
vertex 14.820627 15.724138 2.534048
endloop
endfacet
facet normal -0.366071 0.925406 0.098059
outer loop
vertex 13.055954 14.896552 3.756347
vertex 14.820627 15.724138 2.534048
vertex 14.468367 15.724138 1.219008
endloop
endfacet
facet normal -0.256134 -0.660815 0.705491
outer loop
vertex 13.861542 14.896552 2.569397
vertex 15.209936 14.896552 3.058943
vertex 15.216679 15.724138 3.836569
endloop
endfacet
facet normal -0.636831 0.746291 0.193638
outer loop
vertex 13.861542 14.896552 2.569397
vertex 15.216679 15.724138 3.836569
vertex 14.820627 15.724138 2.534048
endloop
endfacet
facet normal -0.719802 -0.573146 0.391650
outer loop
vertex 15.209936 14.896552 3.058943
vertex 15.895547 14.896552 4.319006
vertex 15.672144 15.724138 5.119522
endloop
endfacet
facet normal -0.900959 -0.293203 0.319852
outer loop
vertex 15.209936 14.896552 3.058943
vertex 15.672144 15.724138 5.119522
vertex 15.216679 15.724138 3.836569
endloop
endfacet
facet normal -0.676930 -0.260504 0.688407
outer loop
vertex 15.895547 14.896552 4.319006
vertex 16.918389 14.896552 5.324796
vertex 16.927315 15.724138 5.646745
endloop
endfacet
facet normal -0.274337 -0.705813 0.653121
outer loop
vertex 15.895547 14.896552 4.319006
vertex 16.927315 15.724138 5.646745
vertex 15.672144 15.724138 5.119522
endloop
endfacet
facet normal 0.094638 0.332456 0.938359
outer loop
vertex 16.918389 14.896552 5.324796
vertex 18.345660 14.896552 5.180849
vertex 18.075284 15.724138 4.914908
endloop
endfacet
facet normal 0.509899 -0.316652 0.799834
outer loop
vertex 16.918389 14.896552 5.324796
vertex 18.075284 15.724138 4.914908
vertex 16.927315 15.724138 5.646745
endloop
endfacet
facet normal 0.745345 0.520796 0.416212
outer loop
vertex 18.345660 14.896552 5.180849
vertex 19.045055 14.896552 3.928385
vertex 18.614065 15.724138 3.664655
endloop
endfacet
facet normal 0.844520 0.392858 0.363936
outer loop
vertex 18.345660 14.896552 5.180849
vertex 18.614065 15.724138 3.664655
vertex 18.075284 15.724138 4.914908
endloop
endfacet
facet normal 0.884880 0.442248 0.146302
outer loop
vertex 19.045055 14.896552 3.928385
vertex 19.279054 14.896552 2.513088
vertex 18.895279 15.724138 2.332613
endloop
endfacet
facet normal 0.848073 0.498714 0.179041
outer loop
vertex 19.045055 14.896552 3.928385
vertex 18.895279 15.724138 2.332613
vertex 18.614065 15.724138 3.664655
endloop
endfacet
facet normal 0.909505 0.387540 0.150374
outer loop
vertex 19.279054 14.896552 2.513088
vertex 19.513053 14.896552 1.097791
vertex 19.176492 15.724138 1.000571
endloop
endfacet
facet normal 0.875567 0.446335 0.184845
outer loop
vertex 19.279054 14.896552 2.513088
vertex 19.176492 15.724138 1.000571
vertex 18.895279 15.724138 2.332613
endloop
endfacet
facet normal 0.869925 -0.173944 0.461491
outer loop
vertex 19.513053 14.896552 1.097791
vertex 20.185315 14.896552 -0.169445
vertex 20.203935 15.724138 0.107386
endloop
endfacet
facet normal 0.618182 0.334937 0.711103
outer loop
vertex 19.513053 14.896552 1.097791
vertex 20.203935 15.724138 0.107386
vertex 19.176492 15.724138 1.000571
endloop
endfacet
facet normal 0.033981 -0.367434 0.929429
outer loop
vertex 20.185315 14.896552 -0.169445
vertex 21.618868 14.896552 -0.221857
vertex 21.565338 15.724138 0.107272
endloop
endfacet
facet normal 0.000080 -0.317229 0.948349
outer loop
vertex 20.185315 14.896552 -0.169445
vertex 21.565338 15.724138 0.107272
vertex 20.203935 15.724138 0.107386
endloop
endfacet
facet normal -0.000000 -0.369546 0.929213
outer loop
vertex 21.618868 14.896552 -0.221857
vertex 23.053378 14.896552 -0.221857
vertex 22.926741 15.724138 0.107272
endloop
endfacet
facet normal -0.000000 -0.369546 0.929213
outer loop
vertex 21.618868 14.896552 -0.221857
vertex 22.926741 15.724138 0.107272
vertex 21.565338 15.724138 0.107272
endloop
endfacet
facet normal -0.000000 -0.369546 0.929213
outer loop
vertex 23.053378 14.896552 -0.221857
vertex 24.487889 14.896552 -0.221857
vertex 24.288143 15.724138 0.107272
endloop
endfacet
facet normal -0.000000 -0.369546 0.929213
outer loop
vertex 23.053378 14.896552 -0.221857
vertex 24.288143 15.724138 0.107272
vertex 22.926741 15.724138 0.107272
endloop
endfacet
facet normal -0.445673 -0.366443 0.816759
outer loop
vertex 0.000000 15.724138 0.000000
vertex 1.195066 15.724138 0.652099
vertex 0.987287 16.551724 0.910023
endloop
endfacet
facet normal -0.677750 0.000000 0.735293
outer loop
vertex 0.000000 15.724138 0.000000
vertex 0.987287 16.551724 0.910023
vertex 0.000000 16.551724 0.000000
endloop
endfacet
facet normal -0.798045 -0.527975 0.290461
outer loop
vertex 1.195066 15.724138 0.652099
vertex 1.660688 15.724138 1.931402
vertex 1.222563 16.551724 2.231962
endloop
endfacet
facet normal -0.942541 -0.288922 0.167751
outer loop
vertex 1.195066 15.724138 0.652099
vertex 1.222563 16.551724 2.231962
vertex 0.987287 16.551724 0.910023
endloop
endfacet
facet normal -0.769524 -0.602683 0.211202
outer loop
vertex 1.660688 15.724138 1.931402
vertex 2.021011 15.724138 3.244255
vertex 1.457839 16.551724 3.553900
endloop
endfacet
facet normal -0.849854 -0.504846 0.151255
outer loop
vertex 1.660688 15.724138 1.931402
vertex 1.457839 16.551724 3.553900
vertex 1.222563 16.551724 2.231962
endloop
endfacet
facet normal -0.741322 -0.646812 0.179099
outer loop
vertex 2.021011 15.724138 3.244255
vertex 2.340721 15.724138 4.567586
vertex 1.693114 16.551724 4.875839
endloop
endfacet
facet normal -0.793096 -0.592515 0.141154
outer loop
vertex 2.021011 15.724138 3.244255
vertex 1.693114 16.551724 4.875839
vertex 1.457839 16.551724 3.553900
endloop
endfacet
facet normal -0.861741 -0.070321 0.502452
outer loop
vertex 2.340721 15.724138 4.567586
vertex 3.026458 15.724138 5.743673
vertex 2.850151 16.551724 5.557119
endloop
endfacet
facet normal -0.412154 -0.583241 0.699971
outer loop
vertex 2.340721 15.724138 4.567586
vertex 2.850151 16.551724 5.557119
vertex 1.693114 16.551724 4.875839
endloop
endfacet
facet normal 0.249404 0.728226 0.638346
outer loop
vertex 3.026458 15.724138 5.743673
vertex 4.294513 15.724138 5.248240
vertex 3.715419 16.551724 4.530382
endloop
endfacet
facet normal 0.730761 0.294501 0.615838
outer loop
vertex 3.026458 15.724138 5.743673
vertex 3.715419 16.551724 4.530382
vertex 2.850151 16.551724 5.557119
endloop
endfacet
facet normal 0.777935 0.612251 0.141303
outer loop
vertex 4.294513 15.724138 5.248240
vertex 4.537816 15.724138 3.908755
vertex 4.011464 16.551724 3.220713
endloop
endfacet
facet normal 0.734505 0.657979 0.166031
outer loop
vertex 4.294513 15.724138 5.248240
vertex 4.011464 16.551724 3.220713
vertex 3.715419 16.551724 4.530382
endloop
endfacet
facet normal 0.815730 0.561582 0.138603
outer loop
vertex 4.537816 15.724138 3.908755
vertex 4.765867 15.724138 2.566589
vertex 4.307508 16.551724 1.911043
endloop
endfacet
facet normal 0.760292 0.626435 0.171861
outer loop
vertex 4.537816 15.724138 3.908755
vertex 4.307508 16.551724 1.911043
vertex 4.011464 16.551724 3.220713
endloop
endfacet
facet normal 0.934919 0.317320 0.158855
outer loop
vertex 4.765867 15.724138 2.566589
vertex 4.993919 15.724138 1.224422
vertex 4.808061 16.551724 0.665120
endloop
endfacet
facet normal 0.721324 0.629056 0.289794
outer loop
vertex 4.765867 15.724138 2.566589
vertex 4.808061 16.551724 0.665120
vertex 4.307508 16.551724 1.911043
endloop
endfacet
facet normal 0.711576 0.365616 0.599987
outer loop
vertex 4.993919 15.724138 1.224422
vertex 5.871501 15.724138 0.183622
vertex 5.801725 16.551724 -0.237934
endloop
endfacet
facet normal 0.563599 0.545684 0.620149
outer loop
vertex 4.993919 15.724138 1.224422
vertex 5.801725 16.551724 -0.237934
vertex 4.808061 16.551724 0.665120
endloop
endfacet
facet normal 0.036156 0.408877 0.911873
outer loop
vertex 5.871501 15.724138 0.183622
vertex 7.231835 15.724138 0.129684
vertex 7.144438 16.551724 -0.237935
endloop
endfacet
facet normal 0.000000 0.453888 0.891059
outer loop
vertex 5.871501 15.724138 0.183622
vertex 7.144438 16.551724 -0.237935
vertex 5.801725 16.551724 -0.237934
endloop
endfacet
facet normal -0.045264 0.462082 0.885681
outer loop
vertex 7.231835 15.724138 0.129684
vertex 8.591463 15.724138 0.199169
vertex 8.487150 16.551724 -0.237935
endloop
endfacet
facet normal 0.000000 0.405956 0.913893
outer loop
vertex 7.231835 15.724138 0.129684
vertex 8.487150 16.551724 -0.237935
vertex 7.144438 16.551724 -0.237935
endloop
endfacet
facet normal -0.318346 0.769091 0.554216
outer loop
vertex 8.591463 15.724138 0.199169
vertex 9.771974 15.724138 0.877264
vertex 9.829862 16.551724 -0.237935
endloop
endfacet
facet normal 0.000000 0.467028 0.884243
outer loop
vertex 8.591463 15.724138 0.199169
vertex 9.829862 16.551724 -0.237935
vertex 8.487150 16.551724 -0.237935
endloop
endfacet
facet normal -0.065987 0.839161 0.539865
outer loop
vertex 9.771974 15.724138 0.877264
vertex 11.123320 15.724138 1.042437
vertex 11.172575 16.551724 -0.237935
endloop
endfacet
facet normal 0.000000 0.803036 0.595931
outer loop
vertex 9.771974 15.724138 0.877264
vertex 11.172575 16.551724 -0.237935
vertex 9.829862 16.551724 -0.237935
endloop
endfacet
facet normal 0.504603 0.363105 0.783282
outer loop
vertex 11.123320 15.724138 1.042437
vertex 12.267794 15.724138 0.305147
vertex 12.515287 16.551724 -0.237935
endloop
endfacet
facet normal 0.000000 0.839836 0.542840
outer loop
vertex 11.123320 15.724138 1.042437
vertex 12.515287 16.551724 -0.237935
vertex 11.172575 16.551724 -0.237935
endloop
endfacet
facet normal 0.101907 0.401471 0.910185
outer loop
vertex 12.267794 15.724138 0.305147
vertex 13.620744 15.724138 0.153667
vertex 13.858000 16.551724 -0.237935
endloop
endfacet
facet normal 0.000000 0.548641 0.836058
outer loop
vertex 12.267794 15.724138 0.305147
vertex 13.858000 16.551724 -0.237935
vertex 12.515287 16.551724 -0.237935
endloop
endfacet
facet normal -0.780738 0.067679 0.621183
outer loop
vertex 13.620744 15.724138 0.153667
vertex 14.468367 15.724138 1.219008
vertex 14.368874 16.551724 1.003792
endloop
endfacet
facet normal -0.844859 0.406684 0.347594
outer loop
vertex 13.620744 15.724138 0.153667
vertex 14.368874 16.551724 1.003792
vertex 13.858000 16.551724 -0.237935
endloop
endfacet
facet normal -0.962830 -0.080247 0.257913
outer loop
vertex 14.468367 15.724138 1.219008
vertex 14.820627 15.724138 2.534048
vertex 14.690916 16.551724 2.307312
endloop
endfacet
facet normal -0.969381 -0.054260 0.239492
outer loop
vertex 14.468367 15.724138 1.219008
vertex 14.690916 16.551724 2.307312
vertex 14.368874 16.551724 1.003792
endloop
endfacet
facet normal -0.954824 -0.063410 0.290329
outer loop
vertex 14.820627 15.724138 2.534048
vertex 15.216679 15.724138 3.836569
vertex 15.086844 16.551724 3.590324
endloop
endfacet
facet normal -0.953272 -0.068815 0.294172
outer loop
vertex 14.820627 15.724138 2.534048
vertex 15.086844 16.551724 3.590324
vertex 14.690916 16.551724 2.307312
endloop
endfacet
facet normal -0.941963 0.029608 0.334409
outer loop
vertex 15.216679 15.724138 3.836569
vertex 15.672144 15.724138 5.119522
vertex 15.596307 16.551724 4.832630
endloop
endfacet
facet normal -0.924740 -0.032238 0.379231
outer loop
vertex 15.216679 15.724138 3.836569
vertex 15.596307 16.551724 4.832630
vertex 15.086844 16.551724 3.590324
endloop
endfacet
facet normal -0.338835 0.484221 0.806673
outer loop
vertex 15.672144 15.724138 5.119522
vertex 16.927315 15.724138 5.646745
vertex 16.903384 16.551724 5.139918
endloop
endfacet
facet normal -0.218190 0.301738 0.928088
outer loop
vertex 15.672144 15.724138 5.119522
vertex 16.903384 16.551724 5.139918
vertex 15.596307 16.551724 4.832630
endloop
endfacet
facet normal 0.385654 0.696647 0.604941
outer loop
vertex 16.927315 15.724138 5.646745
vertex 18.075284 15.724138 4.914908
vertex 17.797990 16.551724 4.138641
endloop
endfacet
facet normal 0.685163 0.394715 0.612169
outer loop
vertex 16.927315 15.724138 5.646745
vertex 17.797990 16.551724 4.138641
vertex 16.903384 16.551724 5.139918
endloop
endfacet
facet normal 0.690405 0.659410 0.297522
outer loop
vertex 18.075284 15.724138 4.914908
vertex 18.614065 15.724138 3.664655
vertex 18.174754 16.551724 2.849872
endloop
endfacet
facet normal 0.828547 0.504816 0.242220
outer loop
vertex 18.075284 15.724138 4.914908
vertex 18.174754 16.551724 2.849872
vertex 17.797990 16.551724 4.138641
endloop
endfacet
facet normal 0.846424 0.501633 0.178692
outer loop
vertex 18.614065 15.724138 3.664655
vertex 18.895279 15.724138 2.332613
vertex 18.566727 16.551724 1.565647
endloop
endfacet
facet normal 0.748632 0.622365 0.228499
outer loop
vertex 18.614065 15.724138 3.664655
vertex 18.566727 16.551724 1.565647
vertex 18.174754 16.551724 2.849872
endloop
endfacet
facet normal 0.902246 0.386872 0.190477
outer loop
vertex 18.895279 15.724138 2.332613
vertex 19.176492 15.724138 1.000571
vertex 18.972547 16.551724 0.285730
endloop
endfacet
facet normal 0.796113 0.549989 0.252422
outer loop
vertex 18.895279 15.724138 2.332613
vertex 18.972547 16.551724 0.285730
vertex 18.566727 16.551724 1.565647
endloop
endfacet
facet normal 0.577840 0.473580 0.664698
outer loop
vertex 19.176492 15.724138 1.000571
vertex 20.203935 15.724138 0.107386
vertex 20.120910 16.551724 -0.410071
endloop
endfacet
facet normal 0.391646 0.654834 0.646379
outer loop
vertex 19.176492 15.724138 1.000571
vertex 20.120910 16.551724 -0.410071
vertex 18.972547 16.551724 0.285730
endloop
endfacet
facet normal 0.000071 0.530080 0.847947
outer loop
vertex 20.203935 15.724138 0.107386
vertex 21.565338 15.724138 0.107272
vertex 21.463622 16.551724 -0.410071
endloop
endfacet
facet normal 0.000000 0.530158 0.847899
outer loop
vertex 20.203935 15.724138 0.107386
vertex 21.463622 16.551724 -0.410071
vertex 20.120910 16.551724 -0.410071
endloop
endfacet
facet normal -0.000000 0.530074 0.847951
outer loop
vertex 21.565338 15.724138 0.107272
vertex 22.926741 15.724138 0.107272
vertex 22.806335 16.551724 -0.410071
endloop
endfacet
facet normal 0.000000 0.530074 0.847951
outer loop
vertex 21.565338 15.724138 0.107272
vertex 22.806335 16.551724 -0.410071
vertex 21.463622 16.551724 -0.410071
endloop
endfacet
facet normal -0.000000 0.530074 0.847951
outer loop
vertex 22.926741 15.724138 0.107272
vertex 24.288143 15.724138 0.107272
vertex 24.149047 16.551724 -0.410071
endloop
endfacet
facet normal 0.000000 0.530074 0.847951
outer loop
vertex 22.926741 15.724138 0.107272
vertex 24.149047 16.551724 -0.410071
vertex 22.806335 16.551724 -0.410071
endloop
endfacet
facet normal -0.589345 -0.493825 0.639382
outer loop
vertex 0.000000 16.551724 0.000000
vertex 0.987287 16.551724 0.910023
vertex 0.611608 17.379310 1.202929
endloop
endfacet
facet normal -0.891400 0.000000 0.453217
outer loop
vertex 0.000000 16.551724 0.000000
vertex 0.611608 17.379310 1.202929
vertex 0.000000 17.379310 0.000000
endloop
endfacet
facet normal -0.937820 -0.304357 0.166911
outer loop
vertex 0.987287 16.551724 0.910023
vertex 1.222563 16.551724 2.231962
vertex 1.000808 17.379310 2.495069
endloop
endfacet
facet normal -0.843667 -0.472917 0.254117
outer loop
vertex 0.987287 16.551724 0.910023
vertex 1.000808 17.379310 2.495069
vertex 0.611608 17.379310 1.202929
endloop
endfacet
facet normal -0.952166 -0.254288 0.169464
outer loop
vertex 1.222563 16.551724 2.231962
vertex 1.457839 16.551724 3.553900
vertex 1.283232 17.379310 3.814667
endloop
endfacet
facet normal -0.928998 -0.312140 0.198827
outer loop
vertex 1.222563 16.551724 2.231962
vertex 1.283232 17.379310 3.814667
vertex 1.000808 17.379310 2.495069
endloop
endfacet
facet normal -0.964215 -0.202088 0.171609
outer loop
vertex 1.457839 16.551724 3.553900
vertex 1.693114 16.551724 4.875839
vertex 1.565656 17.379310 5.134265
endloop
endfacet
facet normal -0.943512 -0.262693 0.201933
outer loop
vertex 1.457839 16.551724 3.553900
vertex 1.565656 17.379310 5.134265
vertex 1.283232 17.379310 3.814667
endloop
endfacet
facet normal -0.452093 0.453976 0.767801
outer loop
vertex 1.693114 16.551724 4.875839
vertex 2.850151 16.551724 5.557119
vertex 2.914840 17.379310 5.105884
endloop
endfacet
facet normal 0.020093 -0.295189 0.955228
outer loop
vertex 1.693114 16.551724 4.875839
vertex 2.914840 17.379310 5.105884
vertex 1.565656 17.379310 5.134265
endloop
endfacet
facet normal 0.607063 0.608067 0.511594
outer loop
vertex 2.850151 16.551724 5.557119
vertex 3.715419 16.551724 4.530382
vertex 3.446680 17.379310 3.865623
endloop
endfacet
facet normal 0.909804 0.141603 0.390136
outer loop
vertex 2.850151 16.551724 5.557119
vertex 3.446680 17.379310 3.865623
vertex 2.914840 17.379310 5.105884
endloop
endfacet
facet normal 0.903431 0.376972 0.204216
outer loop
vertex 3.715419 16.551724 4.530382
vertex 4.011464 16.551724 3.220713
vertex 3.813893 17.379310 2.567064
endloop
endfacet
facet normal 0.849862 0.469016 0.240328
outer loop
vertex 3.715419 16.551724 4.530382
vertex 3.813893 17.379310 2.567064
vertex 3.446680 17.379310 3.865623
endloop
endfacet
facet normal 0.905487 0.371751 0.204681
outer loop
vertex 4.011464 16.551724 3.220713
vertex 4.307508 16.551724 1.911043
vertex 4.116715 17.379310 1.251996
endloop
endfacet
facet normal 0.901694 0.379256 0.207634
outer loop
vertex 4.011464 16.551724 3.220713
vertex 4.116715 17.379310 1.251996
vertex 3.813893 17.379310 2.567064
endloop
endfacet
facet normal 0.776422 0.547602 0.311929
outer loop
vertex 4.307508 16.551724 1.911043
vertex 4.808061 16.551724 0.665120
vertex 4.507520 17.379310 -0.039659
endloop
endfacet
facet normal 0.872425 0.411337 0.263962
outer loop
vertex 4.307508 16.551724 1.911043
vertex 4.507520 17.379310 -0.039659
vertex 4.116715 17.379310 1.251996
endloop
endfacet
facet normal 0.659416 -0.196732 0.725580
outer loop
vertex 4.808061 16.551724 0.665120
vertex 5.801725 16.551724 -0.237934
vertex 5.856790 17.379310 -0.063588
endloop
endfacet
facet normal 0.013458 0.651129 0.758848
outer loop
vertex 4.808061 16.551724 0.665120
vertex 5.856790 17.379310 -0.063588
vertex 4.507520 17.379310 -0.039659
endloop
endfacet
facet normal 0.000000 -0.206144 0.978522
outer loop
vertex 5.801725 16.551724 -0.237934
vertex 7.144438 16.551724 -0.237935
vertex 7.206272 17.379310 -0.063588
endloop
endfacet
facet normal 0.000000 -0.206144 0.978522
outer loop
vertex 5.801725 16.551724 -0.237934
vertex 7.206272 17.379310 -0.063588
vertex 5.856790 17.379310 -0.063588
endloop
endfacet
facet normal 0.000000 -0.206144 0.978522
outer loop
vertex 7.144438 16.551724 -0.237935
vertex 8.487150 16.551724 -0.237935
vertex 8.555754 17.379310 -0.063588
endloop
endfacet
facet normal 0.000000 -0.206144 0.978522
outer loop
vertex 7.144438 16.551724 -0.237935
vertex 8.555754 17.379310 -0.063588
vertex 7.206272 17.379310 -0.063588
endloop
endfacet
facet normal 0.000000 -0.206144 0.978522
outer loop
vertex 8.487150 16.551724 -0.237935
vertex 9.829862 16.551724 -0.237935
vertex 9.905236 17.379310 -0.063588
endloop
endfacet
facet normal 0.000000 -0.206144 0.978522
outer loop
vertex 8.487150 16.551724 -0.237935
vertex 9.905236 17.379310 -0.063588
vertex 8.555754 17.379310 -0.063588
endloop
endfacet
facet normal 0.000000 -0.206144 0.978522
outer loop
vertex 9.829862 16.551724 -0.237935
vertex 11.172575 16.551724 -0.237935
vertex 11.254719 17.379310 -0.063588
endloop
endfacet
facet normal 0.000000 -0.206144 0.978522
outer loop
vertex 9.829862 16.551724 -0.237935
vertex 11.254719 17.379310 -0.063588
vertex 9.905236 17.379310 -0.063588
endloop
endfacet
facet normal 0.000000 -0.206144 0.978522
outer loop
vertex 11.172575 16.551724 -0.237935
vertex 12.515287 16.551724 -0.237935
vertex 12.604201 17.379310 -0.063588
endloop
endfacet
facet normal 0.000000 -0.206144 0.978522
outer loop
vertex 11.172575 16.551724 -0.237935
vertex 12.604201 17.379310 -0.063588
vertex 11.254719 17.379310 -0.063588
endloop
endfacet
facet normal 0.000000 -0.206144 0.978522
outer loop
vertex 12.515287 16.551724 -0.237935
vertex 13.858000 16.551724 -0.237935
vertex 13.953683 17.379310 -0.063588
endloop
endfacet
facet normal -0.000000 -0.206144 0.978522
outer loop
vertex 12.515287 16.551724 -0.237935
vertex 13.953683 17.379310 -0.063588
vertex 12.604201 17.379310 -0.063588
endloop
endfacet
facet normal -0.921266 -0.087214 0.379029
outer loop
vertex 13.858000 16.551724 -0.237935
vertex 14.368874 16.551724 1.003792
vertex 14.378380 17.379310 1.217324
endloop
endfacet
facet normal -0.948293 0.043402 0.314414
outer loop
vertex 13.858000 16.551724 -0.237935
vertex 14.378380 17.379310 1.217324
vertex 13.953683 17.379310 -0.063588
endloop
endfacet
facet normal -0.967972 -0.076423 0.239143
outer loop
vertex 14.368874 16.551724 1.003792
vertex 14.690916 16.551724 2.307312
vertex 14.681185 17.379310 2.532395
endloop
endfacet
facet normal -0.973439 -0.046651 0.224142
outer loop
vertex 14.368874 16.551724 1.003792
vertex 14.681185 17.379310 2.532395
vertex 14.378380 17.379310 1.217324
endloop
endfacet
facet normal -0.948615 -0.120148 0.292735
outer loop
vertex 14.690916 16.551724 2.307312
vertex 15.086844 16.551724 3.590324
vertex 15.055643 17.379310 3.828884
endloop
endfacet
facet normal -0.957135 -0.086441 0.276444
outer loop
vertex 14.690916 16.551724 2.307312
vertex 15.055643 17.379310 3.828884
vertex 14.681185 17.379310 2.532395
endloop
endfacet
facet normal -0.923845 -0.054521 0.378864
outer loop
vertex 15.086844 16.551724 3.590324
vertex 15.596307 16.551724 4.832630
vertex 15.635548 17.379310 5.047413
endloop
endfacet
facet normal -0.891908 -0.155983 0.424464
outer loop
vertex 15.086844 16.551724 3.590324
vertex 15.635548 17.379310 5.047413
vertex 15.055643 17.379310 3.828884
endloop
endfacet
facet normal -0.226637 -0.138944 0.964018
outer loop
vertex 15.596307 16.551724 4.832630
vertex 16.903384 16.551724 5.139918
vertex 16.965889 17.379310 5.273894
endloop
endfacet
facet normal -0.162898 -0.240608 0.956855
outer loop
vertex 15.596307 16.551724 4.832630
vertex 16.965889 17.379310 5.273894
vertex 15.635548 17.379310 5.047413
endloop
endfacet
facet normal 0.745599 0.017480 0.666166
outer loop
vertex 16.903384 16.551724 5.139918
vertex 17.797990 16.551724 4.138641
vertex 17.747296 17.379310 4.173664
endloop
endfacet
facet normal 0.805638 -0.153477 0.572182
outer loop
vertex 16.903384 16.551724 5.139918
vertex 17.747296 17.379310 4.173664
vertex 16.965889 17.379310 5.273894
endloop
endfacet
facet normal 0.946308 0.167233 0.276647
outer loop
vertex 17.797990 16.551724 4.138641
vertex 18.174754 16.551724 2.849872
vertex 18.027419 17.379310 2.853576
endloop
endfacet
facet normal 0.976942 0.051069 0.207307
outer loop
vertex 17.797990 16.551724 4.138641
vertex 18.027419 17.379310 2.853576
vertex 17.747296 17.379310 4.173664
endloop
endfacet
facet normal 0.913322 0.296871 0.278766
outer loop
vertex 18.174754 16.551724 2.849872
vertex 18.566727 16.551724 1.565647
vertex 18.307541 17.379310 1.533487
endloop
endfacet
facet normal 0.963864 0.170681 0.204531
outer loop
vertex 18.174754 16.551724 2.849872
vertex 18.307541 17.379310 1.533487
vertex 18.027419 17.379310 2.853576
endloop
endfacet
facet normal 0.950374 0.077385 0.301333
outer loop
vertex 18.566727 16.551724 1.565647
vertex 18.972547 16.551724 0.285730
vertex 18.894778 17.379310 0.318475
endloop
endfacet
facet normal 0.862647 0.286369 0.416933
outer loop
vertex 18.566727 16.551724 1.565647
vertex 18.894778 17.379310 0.318475
vertex 18.307541 17.379310 1.533487
endloop
endfacet
facet normal 0.511904 -0.155480 0.844855
outer loop
vertex 18.972547 16.551724 0.285730
vertex 20.120910 16.551724 -0.410071
vertex 20.116345 17.379310 -0.255004
endloop
endfacet
facet normal 0.424958 0.004118 0.905204
outer loop
vertex 18.972547 16.551724 0.285730
vertex 20.116345 17.379310 -0.255004
vertex 18.894778 17.379310 0.318475
endloop
endfacet
facet normal 0.000000 -0.184168 0.982895
outer loop
vertex 20.120910 16.551724 -0.410071
vertex 21.463622 16.551724 -0.410071
vertex 21.465827 17.379310 -0.255004
endloop
endfacet
facet normal 0.000000 -0.184168 0.982895
outer loop
vertex 20.120910 16.551724 -0.410071
vertex 21.465827 17.379310 -0.255004
vertex 20.116345 17.379310 -0.255004
endloop
endfacet
facet normal 0.000000 -0.184168 0.982895
outer loop
vertex 21.463622 16.551724 -0.410071
vertex 22.806335 16.551724 -0.410071
vertex 22.815309 17.379310 -0.255004
endloop
endfacet
facet normal 0.000000 -0.184168 0.982895
outer loop
vertex 21.463622 16.551724 -0.410071
vertex 22.815309 17.379310 -0.255004
vertex 21.465827 17.379310 -0.255004
endloop
endfacet
facet normal 0.000000 -0.184168 0.982895
outer loop
vertex 22.806335 16.551724 -0.410071
vertex 24.149047 16.551724 -0.410071
vertex 24.164791 17.379310 -0.255004
endloop
endfacet
facet normal 0.000000 -0.184168 0.982895
outer loop
vertex 22.806335 16.551724 -0.410071
vertex 24.164791 17.379310 -0.255004
vertex 22.815309 17.379310 -0.255004
endloop
endfacet
facet normal -0.829498 0.366149 0.421744
outer loop
vertex 0.000000 17.379310 0.000000
vertex 0.611608 17.379310 1.202929
vertex 0.876473 18.206897 1.005379
endloop
endfacet
facet normal -0.753777 0.000000 0.657130
outer loop
vertex 0.000000 17.379310 0.000000
vertex 0.876473 18.206897 1.005379
vertex 0.000000 18.206897 0.000000
endloop
endfacet
facet normal -0.939570 0.192658 0.283003
outer loop
vertex 0.611608 17.379310 1.202929
vertex 1.000808 17.379310 2.495069
vertex 1.116961 18.206897 2.317308
endloop
endfacet
facet normal -0.926103 0.336918 0.169762
outer loop
vertex 0.611608 17.379310 1.202929
vertex 1.116961 18.206897 2.317308
vertex 0.876473 18.206897 1.005379
endloop
endfacet
facet normal -0.969118 0.133382 0.207413
outer loop
vertex 1.000808 17.379310 2.495069
vertex 1.283232 17.379310 3.814667
vertex 1.357448 18.206897 3.629237
endloop
endfacet
facet normal -0.968593 0.174081 0.177551
outer loop
vertex 1.000808 17.379310 2.495069
vertex 1.357448 18.206897 3.629237
vertex 1.116961 18.206897 2.317308
endloop
endfacet
facet normal -0.951972 0.228554 0.203744
outer loop
vertex 1.283232 17.379310 3.814667
vertex 1.565656 17.379310 5.134265
vertex 1.717123 18.206897 4.913615
endloop
endfacet
facet normal -0.952746 0.145221 0.266805
outer loop
vertex 1.283232 17.379310 3.814667
vertex 1.717123 18.206897 4.913615
vertex 1.357448 18.206897 3.629237
endloop
endfacet
facet normal 0.015588 0.671291 0.741030
outer loop
vertex 1.565656 17.379310 5.134265
vertex 2.914840 17.379310 5.105884
vertex 2.928707 18.206897 4.355891
endloop
endfacet
facet normal 0.412528 0.163432 0.896164
outer loop
vertex 1.565656 17.379310 5.134265
vertex 2.928707 18.206897 4.355891
vertex 1.717123 18.206897 4.913615
endloop
endfacet
facet normal 0.810139 0.472217 0.347398
outer loop
vertex 2.914840 17.379310 5.105884
vertex 3.446680 17.379310 3.865623
vertex 3.303022 18.206897 3.075703
endloop
endfacet
facet normal 0.933680 0.231759 0.272999
outer loop
vertex 2.914840 17.379310 5.105884
vertex 3.303022 18.206897 3.075703
vertex 2.928707 18.206897 4.355891
endloop
endfacet
facet normal 0.893769 0.370536 0.252745
outer loop
vertex 3.446680 17.379310 3.865623
vertex 3.813893 17.379310 2.567064
vertex 3.688076 18.206897 1.798705
endloop
endfacet
facet normal 0.875777 0.404079 0.264074
outer loop
vertex 3.446680 17.379310 3.865623
vertex 3.688076 18.206897 1.798705
vertex 3.303022 18.206897 3.075703
endloop
endfacet
facet normal 0.949127 0.226696 0.218556
outer loop
vertex 3.813893 17.379310 2.567064
vertex 4.116715 17.379310 1.251996
vertex 4.086282 18.206897 0.525746
endloop
endfacet
facet normal 0.879215 0.389019 0.275036
outer loop
vertex 3.813893 17.379310 2.567064
vertex 4.086282 18.206897 0.525746
vertex 3.688076 18.206897 1.798705
endloop
endfacet
facet normal 0.770802 -0.592853 0.233215
outer loop
vertex 4.116715 17.379310 1.251996
vertex 4.507520 17.379310 -0.039659
vertex 5.196589 18.206897 -0.213315
endloop
endfacet
facet normal 0.443096 0.600456 0.665672
outer loop
vertex 4.116715 17.379310 1.251996
vertex 5.196589 18.206897 -0.213315
vertex 4.086282 18.206897 0.525746
endloop
endfacet
facet normal 0.017491 0.164200 0.986272
outer loop
vertex 4.507520 17.379310 -0.039659
vertex 5.856790 17.379310 -0.063588
vertex 6.530378 18.206897 -0.213315
endloop
endfacet
facet normal -0.000000 0.205362 0.978686
outer loop
vertex 4.507520 17.379310 -0.039659
vertex 6.530378 18.206897 -0.213315
vertex 5.196589 18.206897 -0.213315
endloop
endfacet
facet normal 0.000000 0.178030 0.984025
outer loop
vertex 5.856790 17.379310 -0.063588
vertex 7.206272 17.379310 -0.063588
vertex 7.864167 18.206897 -0.213315
endloop
endfacet
facet normal -0.000000 0.178030 0.984025
outer loop
vertex 5.856790 17.379310 -0.063588
vertex 7.864167 18.206897 -0.213315
vertex 6.530378 18.206897 -0.213315
endloop
endfacet
facet normal 0.000000 0.178030 0.984025
outer loop
vertex 7.206272 17.379310 -0.063588
vertex 8.555754 17.379310 -0.063588
vertex 9.197955 18.206897 -0.213315
endloop
endfacet
facet normal -0.000000 0.178030 0.984025
outer loop
vertex 7.206272 17.379310 -0.063588
vertex 9.197955 18.206897 -0.213315
vertex 7.864167 18.206897 -0.213315
endloop
endfacet
facet normal 0.000000 0.178030 0.984025
outer loop
vertex 8.555754 17.379310 -0.063588
vertex 9.905236 17.379310 -0.063588
vertex 10.531744 18.206897 -0.213315
endloop
endfacet
facet normal -0.000000 0.178030 0.984025
outer loop
vertex 8.555754 17.379310 -0.063588
vertex 10.531744 18.206897 -0.213315
vertex 9.197955 18.206897 -0.213315
endloop
endfacet
facet normal 0.000000 0.178030 0.984025
outer loop
vertex 9.905236 17.379310 -0.063588
vertex 11.254719 17.379310 -0.063588
vertex 11.865533 18.206897 -0.213315
endloop
endfacet
facet normal -0.000000 0.178030 0.984025
outer loop
vertex 9.905236 17.379310 -0.063588
vertex 11.865533 18.206897 -0.213315
vertex 10.531744 18.206897 -0.213315
endloop
endfacet
facet normal 0.000000 0.177076 0.984197
outer loop
vertex 11.254719 17.379310 -0.063588
vertex 12.604201 17.379310 -0.063588
vertex 13.199321 18.206897 -0.212486
endloop
endfacet
facet normal -0.000611 0.178467 0.983946
outer loop
vertex 11.254719 17.379310 -0.063588
vertex 13.199321 18.206897 -0.212486
vertex 11.865533 18.206897 -0.213315
endloop
endfacet
facet normal -0.000000 -0.748723 0.662883
outer loop
vertex 12.604201 17.379310 -0.063588
vertex 13.953683 17.379310 -0.063588
vertex 13.976937 18.206897 0.871168
endloop
endfacet
facet normal -0.668991 0.567446 0.480059
outer loop
vertex 12.604201 17.379310 -0.063588
vertex 13.976937 18.206897 0.871168
vertex 13.199321 18.206897 -0.212486
endloop
endfacet
facet normal -0.840333 -0.464985 0.278619
outer loop
vertex 13.953683 17.379310 -0.063588
vertex 14.378380 17.379310 1.217324
vertex 14.239268 18.206897 2.178904
endloop
endfacet
facet normal -0.962413 -0.191019 0.193060
outer loop
vertex 13.953683 17.379310 -0.063588
vertex 14.239268 18.206897 2.178904
vertex 13.976937 18.206897 0.871168
endloop
endfacet
facet normal -0.881880 -0.425504 0.203060
outer loop
vertex 14.378380 17.379310 1.217324
vertex 14.681185 17.379310 2.532395
vertex 14.501600 18.206897 3.486641
endloop
endfacet
facet normal -0.912423 -0.366038 0.183032
outer loop
vertex 14.378380 17.379310 1.217324
vertex 14.501600 18.206897 3.486641
vertex 14.239268 18.206897 2.178904
endloop
endfacet
facet normal -0.955847 -0.100705 0.276072
outer loop
vertex 14.681185 17.379310 2.532395
vertex 15.055643 17.379310 3.828884
vertex 15.198131 18.206897 4.624110
endloop
endfacet
facet normal -0.670096 -0.618544 0.410334
outer loop
vertex 14.681185 17.379310 2.532395
vertex 15.198131 18.206897 4.624110
vertex 14.501600 18.206897 3.486641
endloop
endfacet
facet normal -0.570374 0.775237 0.271444
outer loop
vertex 15.055643 17.379310 3.828884
vertex 15.635548 17.379310 5.047413
vertex 16.084690 18.206897 3.627613
endloop
endfacet
facet normal 0.592726 -0.608766 0.527333
outer loop
vertex 15.055643 17.379310 3.828884
vertex 16.084690 18.206897 3.627613
vertex 15.198131 18.206897 4.624110
endloop
endfacet
facet normal -0.107605 0.767404 0.632070
outer loop
vertex 15.635548 17.379310 5.047413
vertex 16.965889 17.379310 5.273894
vertex 17.228426 18.206897 4.313806
endloop
endfacet
facet normal -0.255210 0.868285 0.425381
outer loop
vertex 15.635548 17.379310 5.047413
vertex 17.228426 18.206897 4.313806
vertex 16.084690 18.206897 3.627613
endloop
endfacet
facet normal 0.546641 -0.741928 0.388236
outer loop
vertex 16.965889 17.379310 5.273894
vertex 17.747296 17.379310 4.173664
vertex 18.510983 18.206897 4.679921
endloop
endfacet
facet normal -0.175499 0.768908 0.614801
outer loop
vertex 16.965889 17.379310 5.273894
vertex 18.510983 18.206897 4.679921
vertex 17.228426 18.206897 4.313806
endloop
endfacet
facet normal 0.699123 -0.699442 0.148353
outer loop
vertex 17.747296 17.379310 4.173664
vertex 18.027419 17.379310 2.853576
vertex 18.746418 18.206897 3.367076
endloop
endfacet
facet normal 0.690362 -0.712792 0.123804
outer loop
vertex 17.747296 17.379310 4.173664
vertex 18.746418 18.206897 3.367076
vertex 18.510983 18.206897 4.679921
endloop
endfacet
facet normal 0.717157 -0.680093 0.152180
outer loop
vertex 18.027419 17.379310 2.853576
vertex 18.307541 17.379310 1.533487
vertex 18.981854 18.206897 2.054230
endloop
endfacet
facet normal 0.708404 -0.694280 0.127040
outer loop
vertex 18.027419 17.379310 2.853576
vertex 18.981854 18.206897 2.054230
vertex 18.746418 18.206897 3.367076
endloop
endfacet
facet normal 0.716280 -0.605883 0.346191
outer loop
vertex 18.307541 17.379310 1.533487
vertex 18.894778 17.379310 0.318475
vertex 19.372295 18.206897 0.778869
endloop
endfacet
facet normal 0.688651 -0.693767 0.210825
outer loop
vertex 18.307541 17.379310 1.533487
vertex 19.372295 18.206897 0.778869
vertex 18.981854 18.206897 2.054230
endloop
endfacet
facet normal 0.328583 -0.634156 0.699914
outer loop
vertex 18.894778 17.379310 0.318475
vertex 20.116345 17.379310 -0.255004
vertex 20.603576 18.206897 0.266093
endloop
endfacet
facet normal 0.309720 -0.592436 0.743702
outer loop
vertex 18.894778 17.379310 0.318475
vertex 20.603576 18.206897 0.266093
vertex 19.372295 18.206897 0.778869
endloop
endfacet
facet normal 0.000000 -0.532830 0.846222
outer loop
vertex 20.116345 17.379310 -0.255004
vertex 21.465827 17.379310 -0.255004
vertex 21.937365 18.206897 0.266093
endloop
endfacet
facet normal 0.000000 -0.532830 0.846222
outer loop
vertex 20.116345 17.379310 -0.255004
vertex 21.937365 18.206897 0.266093
vertex 20.603576 18.206897 0.266093
endloop
endfacet
facet normal 0.000000 -0.532830 0.846222
outer loop
vertex 21.465827 17.379310 -0.255004
vertex 22.815309 17.379310 -0.255004
vertex 23.271153 18.206897 0.266093
endloop
endfacet
facet normal 0.000000 -0.532830 0.846222
outer loop
vertex 21.465827 17.379310 -0.255004
vertex 23.271153 18.206897 0.266093
vertex 21.937365 18.206897 0.266093
endloop
endfacet
facet normal 0.000000 -0.532830 0.846222
outer loop
vertex 22.815309 17.379310 -0.255004
vertex 24.164791 17.379310 -0.255004
vertex 24.604942 18.206897 0.266093
endloop
endfacet
facet normal 0.000000 -0.532830 0.846222
outer loop
vertex 22.815309 17.379310 -0.255004
vertex 24.604942 18.206897 0.266093
vertex 23.271153 18.206897 0.266093
endloop
endfacet
facet normal -0.721469 0.289628 0.628965
outer loop
vertex 0.000000 18.206897 0.000000
vertex 0.876473 18.206897 1.005379
vertex 1.065495 19.034483 0.841111
endloop
endfacet
facet normal -0.619613 0.000000 0.784908
outer loop
vertex 0.000000 18.206897 0.000000
vertex 1.065495 19.034483 0.841111
vertex 0.000000 19.034483 0.000000
endloop
endfacet
facet normal -0.957323 0.229647 0.175485
outer loop
vertex 0.876473 18.206897 1.005379
vertex 1.116961 18.206897 2.317308
vertex 1.290288 19.034483 2.179847
endloop
endfacet
facet normal -0.954897 0.249926 0.160341
outer loop
vertex 0.876473 18.206897 1.005379
vertex 1.290288 19.034483 2.179847
vertex 1.065495 19.034483 0.841111
endloop
endfacet
facet normal -0.962331 0.206885 0.176403
outer loop
vertex 1.116961 18.206897 2.317308
vertex 1.357448 18.206897 3.629237
vertex 1.515081 19.034483 3.518583
endloop
endfacet
facet normal -0.960243 0.227892 0.161239
outer loop
vertex 1.116961 18.206897 2.317308
vertex 1.515081 19.034483 3.518583
vertex 1.290288 19.034483 2.179847
endloop
endfacet
facet normal -0.959990 0.078403 0.268834
outer loop
vertex 1.357448 18.206897 3.629237
vertex 1.717123 18.206897 4.913615
vertex 1.767563 19.034483 4.852374
endloop
endfacet
facet normal -0.961185 0.207408 0.181949
outer loop
vertex 1.357448 18.206897 3.629237
vertex 1.767563 19.034483 4.852374
vertex 1.515081 19.034483 3.518583
endloop
endfacet
facet normal 0.402419 -0.271710 0.874204
outer loop
vertex 1.717123 18.206897 4.913615
vertex 2.928707 18.206897 4.355891
vertex 3.088505 19.034483 4.539552
endloop
endfacet
facet normal 0.230057 0.057866 0.971455
outer loop
vertex 1.717123 18.206897 4.913615
vertex 3.088505 19.034483 4.539552
vertex 1.767563 19.034483 4.852374
endloop
endfacet
facet normal 0.948869 -0.150578 0.277440
outer loop
vertex 2.928707 18.206897 4.355891
vertex 3.303022 18.206897 3.075703
vertex 3.393128 19.034483 3.216695
endloop
endfacet
facet normal 0.948024 -0.231501 0.218308
outer loop
vertex 2.928707 18.206897 4.355891
vertex 3.393128 19.034483 3.216695
vertex 3.088505 19.034483 4.539552
endloop
endfacet
facet normal 0.956481 -0.044335 0.288408
outer loop
vertex 3.303022 18.206897 3.075703
vertex 3.688076 18.206897 1.798705
vertex 3.697751 19.034483 1.893838
endloop
endfacet
facet normal 0.964502 -0.142852 0.222102
outer loop
vertex 3.303022 18.206897 3.075703
vertex 3.697751 19.034483 1.893838
vertex 3.393128 19.034483 3.216695
endloop
endfacet
facet normal 0.933664 -0.207288 0.292068
outer loop
vertex 3.688076 18.206897 1.798705
vertex 4.086282 18.206897 0.525746
vertex 4.232379 19.034483 0.646072
endloop
endfacet
facet normal 0.917740 -0.055930 0.393223
outer loop
vertex 3.688076 18.206897 1.798705
vertex 4.232379 19.034483 0.646072
vertex 3.697751 19.034483 1.893838
endloop
endfacet
facet normal 0.530361 -0.289605 0.796773
outer loop
vertex 4.086282 18.206897 0.525746
vertex 5.196589 18.206897 -0.213315
vertex 5.399324 19.034483 -0.047459
endloop
endfacet
facet normal 0.499464 -0.210363 0.840406
outer loop
vertex 4.086282 18.206897 0.525746
vertex 5.399324 19.034483 -0.047459
vertex 4.232379 19.034483 0.646072
endloop
endfacet
facet normal -0.000000 -0.196503 0.980503
outer loop
vertex 5.196589 18.206897 -0.213315
vertex 6.530378 18.206897 -0.213315
vertex 6.756802 19.034483 -0.047459
endloop
endfacet
facet normal -0.000000 -0.196503 0.980503
outer loop
vertex 5.196589 18.206897 -0.213315
vertex 6.756802 19.034483 -0.047459
vertex 5.399324 19.034483 -0.047459
endloop
endfacet
facet normal -0.000000 -0.196503 0.980503
outer loop
vertex 6.530378 18.206897 -0.213315
vertex 7.864167 18.206897 -0.213315
vertex 8.114280 19.034483 -0.047459
endloop
endfacet
facet normal -0.000000 -0.196503 0.980503
outer loop
vertex 6.530378 18.206897 -0.213315
vertex 8.114280 19.034483 -0.047459
vertex 6.756802 19.034483 -0.047459
endloop
endfacet
facet normal -0.000000 -0.196503 0.980503
outer loop
vertex 7.864167 18.206897 -0.213315
vertex 9.197955 18.206897 -0.213315
vertex 9.471758 19.034483 -0.047459
endloop
endfacet
facet normal -0.000000 -0.196503 0.980503
outer loop
vertex 7.864167 18.206897 -0.213315
vertex 9.471758 19.034483 -0.047459
vertex 8.114280 19.034483 -0.047459
endloop
endfacet
facet normal -0.000000 -0.196503 0.980503
outer loop
vertex 9.197955 18.206897 -0.213315
vertex 10.531744 18.206897 -0.213315
vertex 10.829236 19.034483 -0.047459
endloop
endfacet
facet normal -0.000000 -0.196503 0.980503
outer loop
vertex 9.197955 18.206897 -0.213315
vertex 10.829236 19.034483 -0.047459
vertex 9.471758 19.034483 -0.047459
endloop
endfacet
facet normal -0.000000 -0.196503 0.980503
outer loop
vertex 10.531744 18.206897 -0.213315
vertex 11.865533 18.206897 -0.213315
vertex 12.186714 19.034483 -0.047459
endloop
endfacet
facet normal -0.000000 -0.196503 0.980503
outer loop
vertex 10.531744 18.206897 -0.213315
vertex 12.186714 19.034483 -0.047459
vertex 10.829236 19.034483 -0.047459
endloop
endfacet
facet normal -0.000608 -0.203978 0.978975
outer loop
vertex 11.865533 18.206897 -0.213315
vertex 13.199321 18.206897 -0.212486
vertex 13.544170 19.034483 -0.039837
endloop
endfacet
facet normal -0.005507 -0.194444 0.980898
outer loop
vertex 11.865533 18.206897 -0.213315
vertex 13.544170 19.034483 -0.039837
vertex 12.186714 19.034483 -0.047459
endloop
endfacet
facet normal -0.811617 -0.045625 0.582405
outer loop
vertex 13.199321 18.206897 -0.212486
vertex 13.976937 18.206897 0.871168
vertex 14.148826 19.034483 1.175538
endloop
endfacet
facet normal -0.862126 0.269763 0.428912
outer loop
vertex 13.199321 18.206897 -0.212486
vertex 14.148826 19.034483 1.175538
vertex 13.544170 19.034483 -0.039837
endloop
endfacet
facet normal -0.975930 0.096093 0.195772
outer loop
vertex 13.976937 18.206897 0.871168
vertex 14.239268 18.206897 2.178904
vertex 14.387546 19.034483 2.511861
endloop
endfacet
facet normal -0.974937 0.138441 0.174162
outer loop
vertex 13.976937 18.206897 0.871168
vertex 14.387546 19.034483 2.511861
vertex 14.148826 19.034483 1.175538
endloop
endfacet
facet normal -0.978602 0.061655 0.196308
outer loop
vertex 14.239268 18.206897 2.178904
vertex 14.501600 18.206897 3.486641
vertex 14.626266 19.034483 3.848184
endloop
endfacet
facet normal -0.978970 0.105042 0.174883
outer loop
vertex 14.239268 18.206897 2.178904
vertex 14.626266 19.034483 3.848184
vertex 14.387546 19.034483 2.511861
endloop
endfacet
facet normal -0.570294 0.743512 0.349220
outer loop
vertex 14.501600 18.206897 3.486641
vertex 15.198131 18.206897 4.624110
vertex 15.959224 19.034483 4.105028
endloop
endfacet
facet normal -0.175646 -0.371769 0.911557
outer loop
vertex 14.501600 18.206897 3.486641
vertex 15.959224 19.034483 4.105028
vertex 14.626266 19.034483 3.848184
endloop
endfacet
facet normal 0.745524 0.065280 0.663274
outer loop
vertex 15.198131 18.206897 4.624110
vertex 16.084690 18.206897 3.627613
vertex 16.634940 19.034483 2.927678
endloop
endfacet
facet normal 0.780244 -0.436681 0.447805
outer loop
vertex 15.198131 18.206897 4.624110
vertex 16.634940 19.034483 2.927678
vertex 15.959224 19.034483 4.105028
endloop
endfacet
facet normal -0.266032 0.855925 0.443418
outer loop
vertex 16.084690 18.206897 3.627613
vertex 17.228426 18.206897 4.313806
vertex 17.971968 19.034483 3.162418
endloop
endfacet
facet normal -0.125496 0.687982 0.714795
outer loop
vertex 16.084690 18.206897 3.627613
vertex 17.971968 19.034483 3.162418
vertex 16.634940 19.034483 2.927678
endloop
endfacet
facet normal -0.265518 0.253605 0.930153
outer loop
vertex 17.228426 18.206897 4.313806
vertex 18.510983 18.206897 4.679921
vertex 18.444036 19.034483 4.435170
endloop
endfacet
facet normal -0.564486 0.798449 0.209370
outer loop
vertex 17.228426 18.206897 4.313806
vertex 18.444036 19.034483 4.435170
vertex 17.971968 19.034483 3.162418
endloop
endfacet
facet normal 0.984277 0.006502 0.176513
outer loop
vertex 18.510983 18.206897 4.679921
vertex 18.746418 18.206897 3.367076
vertex 18.785041 19.034483 3.121221
endloop
endfacet
facet normal 0.956858 0.150845 0.248330
outer loop
vertex 18.510983 18.206897 4.679921
vertex 18.785041 19.034483 3.121221
vertex 18.444036 19.034483 4.435170
endloop
endfacet
facet normal 0.984085 -0.020786 0.176478
outer loop
vertex 18.746418 18.206897 3.367076
vertex 18.981854 18.206897 2.054230
vertex 19.046857 19.034483 1.789231
endloop
endfacet
facet normal 0.981160 0.011503 0.192857
outer loop
vertex 18.746418 18.206897 3.367076
vertex 19.046857 19.034483 1.789231
vertex 18.785041 19.034483 3.121221
endloop
endfacet
facet normal 0.939856 0.184074 0.287729
outer loop
vertex 18.981854 18.206897 2.054230
vertex 19.372295 18.206897 0.778869
vertex 19.308673 19.034483 0.457240
endloop
endfacet
facet normal 0.981109 -0.015311 0.192847
outer loop
vertex 18.981854 18.206897 2.054230
vertex 19.308673 19.034483 0.457240
vertex 19.046857 19.034483 1.789231
endloop
endfacet
facet normal 0.382371 0.103879 0.918151
outer loop
vertex 19.372295 18.206897 0.778869
vertex 20.603576 18.206897 0.266093
vertex 20.633233 19.034483 0.160109
endloop
endfacet
facet normal 0.203506 0.368212 0.907196
outer loop
vertex 19.372295 18.206897 0.778869
vertex 20.633233 19.034483 0.160109
vertex 19.308673 19.034483 0.457240
endloop
endfacet
facet normal -0.000000 0.127026 0.991899
outer loop
vertex 20.603576 18.206897 0.266093
vertex 21.937365 18.206897 0.266093
vertex 21.990711 19.034483 0.160109
endloop
endfacet
facet normal -0.000000 0.127026 0.991899
outer loop
vertex 20.603576 18.206897 0.266093
vertex 21.990711 19.034483 0.160109
vertex 20.633233 19.034483 0.160109
endloop
endfacet
facet normal -0.000000 0.127026 0.991899
outer loop
vertex 21.937365 18.206897 0.266093
vertex 23.271153 18.206897 0.266093
vertex 23.348189 19.034483 0.160109
endloop
endfacet
facet normal -0.000000 0.127026 0.991899
outer loop
vertex 21.937365 18.206897 0.266093
vertex 23.348189 19.034483 0.160109
vertex 21.990711 19.034483 0.160109
endloop
endfacet
facet normal -0.000000 0.127026 0.991899
outer loop
vertex 23.271153 18.206897 0.266093
vertex 24.604942 18.206897 0.266093
vertex 24.705667 19.034483 0.160109
endloop
endfacet
facet normal -0.000000 0.127026 0.991899
outer loop
vertex 23.271153 18.206897 0.266093
vertex 24.705667 19.034483 0.160109
vertex 23.348189 19.034483 0.160109
endloop
endfacet
facet normal -0.613931 0.135119 0.777710
outer loop
vertex 0.000000 19.034483 0.000000
vertex 1.065495 19.034483 0.841111
vertex 1.115581 19.862069 0.736865
endloop
endfacet
facet normal -0.551145 0.000000 0.834409
outer loop
vertex 0.000000 19.034483 0.000000
vertex 1.115581 19.862069 0.736865
vertex 0.000000 19.862069 0.000000
endloop
endfacet
facet normal -0.974781 0.151690 0.163680
outer loop
vertex 1.065495 19.034483 0.841111
vertex 1.290288 19.034483 2.179847
vertex 1.396269 19.862069 2.044040
endloop
endfacet
facet normal -0.974150 0.085306 0.209177
outer loop
vertex 1.065495 19.034483 0.841111
vertex 1.396269 19.862069 2.044040
vertex 1.115581 19.862069 0.736865
endloop
endfacet
facet normal -0.961853 0.220800 0.161509
outer loop
vertex 1.290288 19.034483 2.179847
vertex 1.515081 19.034483 3.518583
vertex 1.676956 19.862069 3.351215
endloop
endfacet
facet normal -0.965486 0.157661 0.207317
outer loop
vertex 1.290288 19.034483 2.179847
vertex 1.676956 19.862069 3.351215
vertex 1.396269 19.862069 2.044040
endloop
endfacet
facet normal -0.834396 0.528049 0.157948
outer loop
vertex 1.515081 19.034483 3.518583
vertex 1.767563 19.034483 4.852374
vertex 2.236951 19.862069 4.565257
endloop
endfacet
facet normal -0.878336 0.253736 0.405146
outer loop
vertex 1.515081 19.034483 3.518583
vertex 2.236951 19.862069 4.565257
vertex 1.676956 19.862069 3.351215
endloop
endfacet
facet normal 0.181958 0.613622 0.768348
outer loop
vertex 1.767563 19.034483 4.852374
vertex 3.088505 19.034483 4.539552
vertex 3.345446 19.862069 3.817773
endloop
endfacet
facet normal 0.558845 -0.029444 0.828749
outer loop
vertex 1.767563 19.034483 4.852374
vertex 3.345446 19.862069 3.817773
vertex 2.236951 19.862069 4.565257
endloop
endfacet
facet normal 0.972994 -0.055506 0.224058
outer loop
vertex 3.088505 19.034483 4.539552
vertex 3.393128 19.034483 3.216695
vertex 3.603986 19.862069 2.506038
endloop
endfacet
facet normal 0.972181 -0.134716 0.191615
outer loop
vertex 3.088505 19.034483 4.539552
vertex 3.603986 19.862069 2.506038
vertex 3.345446 19.862069 3.817773
endloop
endfacet
facet normal 0.974487 -0.004345 0.224401
outer loop
vertex 3.393128 19.034483 3.216695
vertex 3.697751 19.034483 1.893838
vertex 3.862527 19.862069 1.194303
endloop
endfacet
facet normal 0.977687 -0.083628 0.192700
outer loop
vertex 3.393128 19.034483 3.216695
vertex 3.862527 19.862069 1.194303
vertex 3.603986 19.862069 2.506038
endloop
endfacet
facet normal 0.918799 0.028748 0.393677
outer loop
vertex 3.697751 19.034483 1.893838
vertex 4.232379 19.034483 0.646072
vertex 4.479739 19.862069 0.008326
endloop
endfacet
facet normal 0.867493 0.208889 0.451465
outer loop
vertex 3.697751 19.034483 1.893838
vertex 4.479739 19.862069 0.008326
vertex 3.862527 19.862069 1.194303
endloop
endfacet
facet normal 0.508774 0.091055 0.856071
outer loop
vertex 4.232379 19.034483 0.646072
vertex 5.399324 19.034483 -0.047459
vertex 5.766725 19.862069 -0.353835
endloop
endfacet
facet normal 0.225994 0.551327 0.803097
outer loop
vertex 4.232379 19.034483 0.646072
vertex 5.766725 19.862069 -0.353835
vertex 4.479739 19.862069 0.008326
endloop
endfacet
facet normal -0.000000 0.347178 0.937799
outer loop
vertex 5.399324 19.034483 -0.047459
vertex 6.756802 19.034483 -0.047459
vertex 7.103696 19.862069 -0.353835
endloop
endfacet
facet normal -0.000000 0.347178 0.937799
outer loop
vertex 5.399324 19.034483 -0.047459
vertex 7.103696 19.862069 -0.353835
vertex 5.766725 19.862069 -0.353835
endloop
endfacet
facet normal -0.000000 0.347178 0.937799
outer loop
vertex 6.756802 19.034483 -0.047459
vertex 8.114280 19.034483 -0.047459
vertex 8.440667 19.862069 -0.353835
endloop
endfacet
facet normal -0.000000 0.347178 0.937799
outer loop
vertex 6.756802 19.034483 -0.047459
vertex 8.440667 19.862069 -0.353835
vertex 7.103696 19.862069 -0.353835
endloop
endfacet
facet normal -0.000000 0.347178 0.937799
outer loop
vertex 8.114280 19.034483 -0.047459
vertex 9.471758 19.034483 -0.047459
vertex 9.777638 19.862069 -0.353835
endloop
endfacet
facet normal -0.000000 0.347178 0.937799
outer loop
vertex 8.114280 19.034483 -0.047459
vertex 9.777638 19.862069 -0.353835
vertex 8.440667 19.862069 -0.353835
endloop
endfacet
facet normal -0.000000 0.347178 0.937799
outer loop
vertex 9.471758 19.034483 -0.047459
vertex 10.829236 19.034483 -0.047459
vertex 11.114610 19.862069 -0.353835
endloop
endfacet
facet normal -0.000000 0.347178 0.937799
outer loop
vertex 9.471758 19.034483 -0.047459
vertex 11.114610 19.862069 -0.353835
vertex 9.777638 19.862069 -0.353835
endloop
endfacet
facet normal -0.000000 0.347178 0.937799
outer loop
vertex 10.829236 19.034483 -0.047459
vertex 12.186714 19.034483 -0.047459
vertex 12.451581 19.862069 -0.353835
endloop
endfacet
facet normal -0.000000 0.347178 0.937799
outer loop
vertex 10.829236 19.034483 -0.047459
vertex 12.451581 19.862069 -0.353835
vertex 11.114610 19.862069 -0.353835
endloop
endfacet
facet normal -0.005300 0.330083 0.943937
outer loop
vertex 12.186714 19.034483 -0.047459
vertex 13.544170 19.034483 -0.039837
vertex 13.788300 19.862069 -0.327863
endloop
endfacet
facet normal -0.018181 0.352233 0.935736
outer loop
vertex 12.186714 19.034483 -0.047459
vertex 13.788300 19.862069 -0.327863
vertex 12.451581 19.862069 -0.353835
endloop
endfacet
facet normal -0.892920 0.073155 0.444232
outer loop
vertex 13.544170 19.034483 -0.039837
vertex 14.148826 19.034483 1.175538
vertex 14.113813 19.862069 0.968876
endloop
endfacet
facet normal -0.909389 0.347708 0.228279
outer loop
vertex 13.544170 19.034483 -0.039837
vertex 14.113813 19.862069 0.968876
vertex 13.788300 19.862069 -0.327863
endloop
endfacet
facet normal -0.984412 0.002878 0.175855
outer loop
vertex 14.148826 19.034483 1.175538
vertex 14.387546 19.034483 2.511861
vertex 14.349426 19.862069 2.284923
endloop
endfacet
facet normal -0.984346 0.002362 0.176228
outer loop
vertex 14.148826 19.034483 1.175538
vertex 14.349426 19.862069 2.284923
vertex 14.113813 19.862069 0.968876
endloop
endfacet
facet normal -0.984410 0.003491 0.175855
outer loop
vertex 14.387546 19.034483 2.511861
vertex 14.626266 19.034483 3.848184
vertex 14.585038 19.862069 3.600970
endloop
endfacet
facet normal -0.984345 0.002984 0.176228
outer loop
vertex 14.387546 19.034483 2.511861
vertex 14.585038 19.862069 3.600970
vertex 14.349426 19.862069 2.284923
endloop
endfacet
facet normal -0.090254 0.878898 0.468393
outer loop
vertex 14.626266 19.034483 3.848184
vertex 15.959224 19.034483 4.105028
vertex 15.174405 19.862069 2.400912
endloop
endfacet
facet normal 0.883947 0.173715 0.434120
outer loop
vertex 14.626266 19.034483 3.848184
vertex 15.174405 19.862069 2.400912
vertex 14.585038 19.862069 3.600970
endloop
endfacet
facet normal 0.346507 0.916724 0.198870
outer loop
vertex 15.959224 19.034483 4.105028
vertex 16.634940 19.034483 2.927678
vertex 15.493010 19.862069 1.102458
endloop
endfacet
facet normal 0.561382 0.816012 0.137747
outer loop
vertex 15.959224 19.034483 4.105028
vertex 15.493010 19.862069 1.102458
vertex 15.174405 19.862069 2.400912
endloop
endfacet
facet normal -0.051591 0.954457 0.293852
outer loop
vertex 16.634940 19.034483 2.927678
vertex 17.971968 19.034483 3.162418
vertex 16.492631 19.862069 0.214623
endloop
endfacet
facet normal 0.241189 0.931711 0.271557
outer loop
vertex 16.634940 19.034483 2.927678
vertex 16.492631 19.862069 0.214623
vertex 15.493010 19.862069 1.102458
endloop
endfacet
facet normal -0.937455 -0.016702 0.347705
outer loop
vertex 17.971968 19.034483 3.162418
vertex 18.444036 19.034483 4.435170
vertex 17.267884 19.862069 1.303878
endloop
endfacet
facet normal -0.695815 0.520181 0.495231
outer loop
vertex 17.971968 19.034483 3.162418
vertex 17.267884 19.862069 1.303878
vertex 16.492631 19.862069 0.214623
endloop
endfacet
facet normal 0.787089 0.582035 0.204271
outer loop
vertex 18.444036 19.034483 4.435170
vertex 18.785041 19.034483 3.121221
vertex 18.530923 19.862069 1.742310
endloop
endfacet
facet normal -0.100430 0.951950 0.289319
outer loop
vertex 18.444036 19.034483 4.435170
vertex 18.530923 19.862069 1.742310
vertex 17.267884 19.862069 1.303878
endloop
endfacet
facet normal 0.854740 0.491114 0.168008
outer loop
vertex 18.785041 19.034483 3.121221
vertex 19.046857 19.034483 1.789231
vertex 18.836411 19.862069 0.440708
endloop
endfacet
facet normal 0.805183 0.562110 0.188977
outer loop
vertex 18.785041 19.034483 3.121221
vertex 18.836411 19.862069 0.440708
vertex 18.530923 19.862069 1.742310
endloop
endfacet
facet normal 0.875900 0.450730 0.172167
outer loop
vertex 19.046857 19.034483 1.789231
vertex 19.308673 19.034483 0.457240
vertex 19.141898 19.862069 -0.860895
endloop
endfacet
facet normal 0.827463 0.526868 0.194206
outer loop
vertex 19.046857 19.034483 1.789231
vertex 19.141898 19.862069 -0.860895
vertex 18.836411 19.862069 0.440708
endloop
endfacet
facet normal 0.131412 0.799723 0.585811
outer loop
vertex 19.308673 19.034483 0.457240
vertex 20.633233 19.034483 0.160109
vertex 20.476837 19.862069 -0.934591
endloop
endfacet
facet normal 0.029196 0.848211 0.528853
outer loop
vertex 19.308673 19.034483 0.457240
vertex 20.476837 19.862069 -0.934591
vertex 19.141898 19.862069 -0.860895
endloop
endfacet
facet normal -0.000000 0.797699 0.603056
outer loop
vertex 20.633233 19.034483 0.160109
vertex 21.990711 19.034483 0.160109
vertex 21.813808 19.862069 -0.934591
endloop
endfacet
facet normal -0.000000 0.797699 0.603056
outer loop
vertex 20.633233 19.034483 0.160109
vertex 21.813808 19.862069 -0.934591
vertex 20.476837 19.862069 -0.934591
endloop
endfacet
facet normal -0.000000 0.797699 0.603056
outer loop
vertex 21.990711 19.034483 0.160109
vertex 23.348189 19.034483 0.160109
vertex 23.150779 19.862069 -0.934591
endloop
endfacet
facet normal -0.000000 0.797699 0.603056
outer loop
vertex 21.990711 19.034483 0.160109
vertex 23.150779 19.862069 -0.934591
vertex 21.813808 19.862069 -0.934591
endloop
endfacet
facet normal -0.000000 0.797699 0.603056
outer loop
vertex 23.348189 19.034483 0.160109
vertex 24.705667 19.034483 0.160109
vertex 24.487750 19.862069 -0.934591
endloop
endfacet
facet normal -0.000000 0.797699 0.603056
outer loop
vertex 23.348189 19.034483 0.160109
vertex 24.487750 19.862069 -0.934591
vertex 23.150779 19.862069 -0.934591
endloop
endfacet
facet normal -0.550643 -0.042670 0.833649
outer loop
vertex 0.000000 19.862069 0.000000
vertex 1.115581 19.862069 0.736865
vertex 1.154677 20.689655 0.805049
endloop
endfacet
facet normal -0.571924 0.000000 0.820307
outer loop
vertex 0.000000 19.862069 0.000000
vertex 1.154677 20.689655 0.805049
vertex 0.000000 20.689655 0.000000
endloop
endfacet
facet normal -0.976035 0.058582 0.209582
outer loop
vertex 1.115581 19.862069 0.736865
vertex 1.396269 19.862069 2.044040
vertex 1.474256 20.689655 2.175906
endloop
endfacet
facet normal -0.973524 0.027291 0.226951
outer loop
vertex 1.115581 19.862069 0.736865
vertex 1.474256 20.689655 2.175906
vertex 1.154677 20.689655 0.805049
endloop
endfacet
facet normal -0.970984 0.117129 0.208498
outer loop
vertex 1.396269 19.862069 2.044040
vertex 1.676956 19.862069 3.351215
vertex 1.817543 20.689655 3.541020
endloop
endfacet
facet normal -0.968471 0.052458 0.243543
outer loop
vertex 1.396269 19.862069 2.044040
vertex 1.817543 20.689655 3.541020
vertex 1.474256 20.689655 2.175906
endloop
endfacet
facet normal -0.906617 0.056224 0.418191
outer loop
vertex 1.676956 19.862069 3.351215
vertex 2.236951 19.862069 4.565257
vertex 2.405714 20.689655 4.819861
endloop
endfacet
facet normal -0.906965 0.058403 0.417136
outer loop
vertex 1.676956 19.862069 3.351215
vertex 2.405714 20.689655 4.819861
vertex 1.817543 20.689655 3.541020
endloop
endfacet
facet normal 0.488219 0.487285 0.724013
outer loop
vertex 2.236951 19.862069 4.565257
vertex 3.345446 19.862069 3.817773
vertex 2.955205 20.689655 3.523929
endloop
endfacet
facet normal 0.879909 -0.294214 0.373092
outer loop
vertex 2.236951 19.862069 4.565257
vertex 2.955205 20.689655 3.523929
vertex 2.405714 20.689655 4.819861
endloop
endfacet
facet normal 0.875959 0.450430 0.172650
outer loop
vertex 3.345446 19.862069 3.817773
vertex 3.603986 19.862069 2.506038
vertex 3.249128 20.689655 2.147342
endloop
endfacet
facet normal 0.862203 0.471928 0.184094
outer loop
vertex 3.345446 19.862069 3.817773
vertex 3.249128 20.689655 2.147342
vertex 2.955205 20.689655 3.523929
endloop
endfacet
facet normal 0.920494 0.346085 0.181428
outer loop
vertex 3.603986 19.862069 2.506038
vertex 3.862527 19.862069 1.194303
vertex 3.630588 20.689655 0.792399
endloop
endfacet
facet normal 0.850440 0.468430 0.239426
outer loop
vertex 3.603986 19.862069 2.506038
vertex 3.630588 20.689655 0.792399
vertex 3.249128 20.689655 2.147342
endloop
endfacet
facet normal 0.862213 0.235034 0.448718
outer loop
vertex 3.862527 19.862069 1.194303
vertex 4.479739 19.862069 0.008326
vertex 4.443969 20.689655 -0.356423
endloop
endfacet
facet normal 0.727244 0.453869 0.514898
outer loop
vertex 3.862527 19.862069 1.194303
vertex 4.443969 20.689655 -0.356423
vertex 3.630588 20.689655 0.792399
endloop
endfacet
facet normal 0.270799 -0.024758 0.962318
outer loop
vertex 4.479739 19.862069 0.008326
vertex 5.766725 19.862069 -0.353835
vertex 5.851585 20.689655 -0.356423
endloop
endfacet
facet normal 0.000000 0.403304 0.915066
outer loop
vertex 4.479739 19.862069 0.008326
vertex 5.851585 20.689655 -0.356423
vertex 4.443969 20.689655 -0.356423
endloop
endfacet
facet normal -0.000000 0.003127 0.999995
outer loop
vertex 5.766725 19.862069 -0.353835
vertex 7.103696 19.862069 -0.353835
vertex 7.259200 20.689655 -0.356423
endloop
endfacet
facet normal 0.000000 0.003127 0.999995
outer loop
vertex 5.766725 19.862069 -0.353835
vertex 7.259200 20.689655 -0.356423
vertex 5.851585 20.689655 -0.356423
endloop
endfacet
facet normal -0.000000 0.003127 0.999995
outer loop
vertex 7.103696 19.862069 -0.353835
vertex 8.440667 19.862069 -0.353835
vertex 8.666816 20.689655 -0.356423
endloop
endfacet
facet normal 0.000000 0.003127 0.999995
outer loop
vertex 7.103696 19.862069 -0.353835
vertex 8.666816 20.689655 -0.356423
vertex 7.259200 20.689655 -0.356423
endloop
endfacet
facet normal -0.000000 0.003127 0.999995
outer loop
vertex 8.440667 19.862069 -0.353835
vertex 9.777638 19.862069 -0.353835
vertex 10.074431 20.689655 -0.356423
endloop
endfacet
facet normal 0.000000 0.003127 0.999995
outer loop
vertex 8.440667 19.862069 -0.353835
vertex 10.074431 20.689655 -0.356423
vertex 8.666816 20.689655 -0.356423
endloop
endfacet
facet normal -0.000000 0.003127 0.999995
outer loop
vertex 9.777638 19.862069 -0.353835
vertex 11.114610 19.862069 -0.353835
vertex 11.482046 20.689655 -0.356423
endloop
endfacet
facet normal 0.000000 0.003127 0.999995
outer loop
vertex 9.777638 19.862069 -0.353835
vertex 11.482046 20.689655 -0.356423
vertex 10.074431 20.689655 -0.356423
endloop
endfacet
facet normal -0.000000 -0.118038 0.993009
outer loop
vertex 11.114610 19.862069 -0.353835
vertex 12.451581 19.862069 -0.353835
vertex 12.886036 20.689655 -0.255461
endloop
endfacet
facet normal -0.071682 0.034943 0.996815
outer loop
vertex 11.114610 19.862069 -0.353835
vertex 12.886036 20.689655 -0.255461
vertex 11.482046 20.689655 -0.356423
endloop
endfacet
facet normal -0.010685 -0.835151 0.549917
outer loop
vertex 12.451581 19.862069 -0.353835
vertex 13.788300 19.862069 -0.327863
vertex 13.650764 20.689655 0.926306
endloop
endfacet
facet normal -0.785798 0.352074 0.508494
outer loop
vertex 12.451581 19.862069 -0.353835
vertex 13.650764 20.689655 0.926306
vertex 12.886036 20.689655 -0.255461
endloop
endfacet
facet normal -0.819721 -0.534525 0.205770
outer loop
vertex 13.788300 19.862069 -0.327863
vertex 14.113813 19.862069 0.968876
vertex 13.910740 20.689655 2.309706
endloop
endfacet
facet normal -0.898498 -0.405205 0.168850
outer loop
vertex 13.788300 19.862069 -0.327863
vertex 13.910740 20.689655 2.309706
vertex 13.650764 20.689655 0.926306
endloop
endfacet
facet normal -0.876032 -0.456038 0.156837
outer loop
vertex 14.113813 19.862069 0.968876
vertex 14.349426 19.862069 2.284923
vertex 14.170715 20.689655 3.693105
endloop
endfacet
facet normal -0.864626 -0.475415 0.162485
outer loop
vertex 14.113813 19.862069 0.968876
vertex 14.170715 20.689655 3.693105
vertex 13.910740 20.689655 2.309706
endloop
endfacet
facet normal -0.871237 0.465421 0.155978
outer loop
vertex 14.349426 19.862069 2.284923
vertex 14.585038 19.862069 3.600970
vertex 14.820045 20.689655 2.444205
endloop
endfacet
facet normal 0.763043 -0.510271 0.396722
outer loop
vertex 14.349426 19.862069 2.284923
vertex 14.820045 20.689655 2.444205
vertex 14.170715 20.689655 3.693105
endloop
endfacet
facet normal 0.693779 0.634490 0.340726
outer loop
vertex 14.585038 19.862069 3.600970
vertex 15.174405 19.862069 2.400912
vertex 15.076054 20.689655 1.060066
endloop
endfacet
facet normal 0.983014 -0.025006 0.181817
outer loop
vertex 14.585038 19.862069 3.600970
vertex 15.076054 20.689655 1.060066
vertex 14.820045 20.689655 2.444205
endloop
endfacet
facet normal 0.832920 0.514271 0.204375
outer loop
vertex 15.174405 19.862069 2.400912
vertex 15.493010 19.862069 1.102458
vertex 15.332063 20.689655 -0.324073
endloop
endfacet
facet normal 0.909331 0.380565 0.168189
outer loop
vertex 15.174405 19.862069 2.400912
vertex 15.332063 20.689655 -0.324073
vertex 15.076054 20.689655 1.060066
endloop
endfacet
facet normal 0.639075 -0.271742 0.719541
outer loop
vertex 15.493010 19.862069 1.102458
vertex 16.492631 19.862069 0.214623
vertex 16.293703 20.689655 0.703851
endloop
endfacet
facet normal -0.507269 0.719356 0.474558
outer loop
vertex 15.493010 19.862069 1.102458
vertex 16.293703 20.689655 0.703851
vertex 15.332063 20.689655 -0.324073
endloop
endfacet
facet normal -0.627451 -0.637868 0.446575
outer loop
vertex 16.492631 19.862069 0.214623
vertex 17.267884 19.862069 1.303878
vertex 16.902719 20.689655 1.972899
endloop
endfacet
facet normal -0.815154 -0.427192 0.391192
outer loop
vertex 16.492631 19.862069 0.214623
vertex 16.902719 20.689655 1.972899
vertex 16.293703 20.689655 0.703851
endloop
endfacet
facet normal -0.165307 -0.863650 0.476217
outer loop
vertex 17.267884 19.862069 1.303878
vertex 18.530923 19.862069 1.742310
vertex 17.855742 20.689655 3.008817
endloop
endfacet
facet normal -0.554660 -0.657245 0.510275
outer loop
vertex 17.267884 19.862069 1.303878
vertex 17.855742 20.689655 3.008817
vertex 16.902719 20.689655 1.972899
endloop
endfacet
facet normal 0.883836 0.419290 0.207437
outer loop
vertex 18.530923 19.862069 1.742310
vertex 18.836411 19.862069 0.440708
vertex 18.163445 20.689655 1.635245
endloop
endfacet
facet normal 0.885987 0.419087 0.198476
outer loop
vertex 18.530923 19.862069 1.742310
vertex 18.163445 20.689655 1.635245
vertex 17.855742 20.689655 3.008817
endloop
endfacet
facet normal 0.877978 0.432081 0.206062
outer loop
vertex 18.836411 19.862069 0.440708
vertex 19.141898 19.862069 -0.860895
vertex 18.471149 20.689655 0.261673
endloop
endfacet
facet normal 0.880414 0.431245 0.197228
outer loop
vertex 18.836411 19.862069 0.440708
vertex 18.471149 20.689655 0.261673
vertex 18.163445 20.689655 1.635245
endloop
endfacet
facet normal 0.039750 -0.692789 0.720044
outer loop
vertex 19.141898 19.862069 -0.860895
vertex 20.476837 19.862069 -0.934591
vertex 19.830795 20.689655 -0.102666
endloop
endfacet
facet normal 0.174074 -0.740071 0.649611
outer loop
vertex 19.141898 19.862069 -0.860895
vertex 19.830795 20.689655 -0.102666
vertex 18.471149 20.689655 0.261673
endloop
endfacet
facet normal -0.000000 -0.708953 0.705256
outer loop
vertex 20.476837 19.862069 -0.934591
vertex 21.813808 19.862069 -0.934591
vertex 21.238410 20.689655 -0.102666
endloop
endfacet
facet normal -0.000000 -0.708953 0.705256
outer loop
vertex 20.476837 19.862069 -0.934591
vertex 21.238410 20.689655 -0.102666
vertex 19.830795 20.689655 -0.102666
endloop
endfacet
facet normal -0.000000 -0.708953 0.705256
outer loop
vertex 21.813808 19.862069 -0.934591
vertex 23.150779 19.862069 -0.934591
vertex 22.646026 20.689655 -0.102666
endloop
endfacet
facet normal -0.000000 -0.708953 0.705256
outer loop
vertex 21.813808 19.862069 -0.934591
vertex 22.646026 20.689655 -0.102666
vertex 21.238410 20.689655 -0.102666
endloop
endfacet
facet normal -0.000000 -0.708953 0.705256
outer loop
vertex 23.150779 19.862069 -0.934591
vertex 24.487750 19.862069 -0.934591
vertex 24.053641 20.689655 -0.102666
endloop
endfacet
facet normal -0.000000 -0.708953 0.705256
outer loop
vertex 23.150779 19.862069 -0.934591
vertex 24.053641 20.689655 -0.102666
vertex 22.646026 20.689655 -0.102666
endloop
endfacet
facet normal -0.570687 0.065736 0.818533
outer loop
vertex 0.000000 20.689655 0.000000
vertex 1.154677 20.689655 0.805049
vertex 1.187984 21.517241 0.761808
endloop
endfacet
facet normal -0.539806 0.000000 0.841789
outer loop
vertex 0.000000 20.689655 0.000000
vertex 1.187984 21.517241 0.761808
vertex 0.000000 21.517241 0.000000
endloop
endfacet
facet normal -0.965736 0.129100 0.225136
outer loop
vertex 1.154677 20.689655 0.805049
vertex 1.474256 20.689655 2.175906
vertex 1.571824 21.517241 2.119866
endloop
endfacet
facet normal -0.960956 0.052866 0.271603
outer loop
vertex 1.154677 20.689655 0.805049
vertex 1.571824 21.517241 2.119866
vertex 1.187984 21.517241 0.761808
endloop
endfacet
facet normal -0.946737 0.216816 0.238077
outer loop
vertex 1.474256 20.689655 2.175906
vertex 1.817543 20.689655 3.541020
vertex 1.988744 21.517241 3.468137
endloop
endfacet
facet normal -0.947072 0.131486 0.292859
outer loop
vertex 1.474256 20.689655 2.175906
vertex 1.988744 21.517241 3.468137
vertex 1.571824 21.517241 2.119866
endloop
endfacet
facet normal -0.906967 0.058372 0.417137
outer loop
vertex 1.817543 20.689655 3.541020
vertex 2.405714 20.689655 4.819861
vertex 2.450615 21.517241 4.801679
endloop
endfacet
facet normal -0.922020 0.218860 0.319341
outer loop
vertex 1.817543 20.689655 3.541020
vertex 2.450615 21.517241 4.801679
vertex 1.988744 21.517241 3.468137
endloop
endfacet
facet normal 0.877422 -0.302851 0.372037
outer loop
vertex 2.405714 20.689655 4.819861
vertex 2.955205 20.689655 3.523929
vertex 3.204840 21.517241 3.608866
endloop
endfacet
facet normal 0.844719 -0.034095 0.534123
outer loop
vertex 2.405714 20.689655 4.819861
vertex 3.204840 21.517241 3.608866
vertex 2.450615 21.517241 4.801679
endloop
endfacet
facet normal 0.895907 -0.400947 0.191290
outer loop
vertex 2.955205 20.689655 3.523929
vertex 3.249128 20.689655 2.147342
vertex 3.596906 21.517241 2.253159
endloop
endfacet
facet normal 0.915388 -0.303289 0.264727
outer loop
vertex 2.955205 20.689655 3.523929
vertex 3.596906 21.517241 2.253159
vertex 3.204840 21.517241 3.608866
endloop
endfacet
facet normal 0.858509 -0.452266 0.241698
outer loop
vertex 3.249128 20.689655 2.147342
vertex 3.630588 20.689655 0.792399
vertex 4.033168 21.517241 0.911022
endloop
endfacet
facet normal 0.870748 -0.402105 0.283037
outer loop
vertex 3.249128 20.689655 2.147342
vertex 4.033168 21.517241 0.911022
vertex 3.596906 21.517241 2.253159
endloop
endfacet
facet normal 0.815722 -0.032305 0.577542
outer loop
vertex 3.630588 20.689655 0.792399
vertex 4.443969 20.689655 -0.356423
vertex 4.517804 21.517241 -0.414416
endloop
endfacet
facet normal 0.837983 -0.451556 0.306402
outer loop
vertex 3.630588 20.689655 0.792399
vertex 4.517804 21.517241 -0.414416
vertex 4.033168 21.517241 0.911022
endloop
endfacet
facet normal -0.000000 0.069903 0.997554
outer loop
vertex 4.443969 20.689655 -0.356423
vertex 5.851585 20.689655 -0.356423
vertex 5.929065 21.517241 -0.414416
endloop
endfacet
facet normal -0.000000 0.069903 0.997554
outer loop
vertex 4.443969 20.689655 -0.356423
vertex 5.929065 21.517241 -0.414416
vertex 4.517804 21.517241 -0.414416
endloop
endfacet
facet normal -0.000000 0.069903 0.997554
outer loop
vertex 5.851585 20.689655 -0.356423
vertex 7.259200 20.689655 -0.356423
vertex 7.340326 21.517241 -0.414416
endloop
endfacet
facet normal -0.000000 0.069903 0.997554
outer loop
vertex 5.851585 20.689655 -0.356423
vertex 7.340326 21.517241 -0.414416
vertex 5.929065 21.517241 -0.414416
endloop
endfacet
facet normal -0.000000 0.069903 0.997554
outer loop
vertex 7.259200 20.689655 -0.356423
vertex 8.666816 20.689655 -0.356423
vertex 8.751586 21.517241 -0.414416
endloop
endfacet
facet normal -0.000000 0.069903 0.997554
outer loop
vertex 7.259200 20.689655 -0.356423
vertex 8.751586 21.517241 -0.414416
vertex 7.340326 21.517241 -0.414416
endloop
endfacet
facet normal -0.000000 0.069903 0.997554
outer loop
vertex 8.666816 20.689655 -0.356423
vertex 10.074431 20.689655 -0.356423
vertex 10.162847 21.517241 -0.414416
endloop
endfacet
facet normal -0.000000 0.069903 0.997554
outer loop
vertex 8.666816 20.689655 -0.356423
vertex 10.162847 21.517241 -0.414416
vertex 8.751586 21.517241 -0.414416
endloop
endfacet
facet normal -0.000000 0.069903 0.997554
outer loop
vertex 10.074431 20.689655 -0.356423
vertex 11.482046 20.689655 -0.356423
vertex 11.574108 21.517241 -0.414416
endloop
endfacet
facet normal -0.000000 0.069903 0.997554
outer loop
vertex 10.074431 20.689655 -0.356423
vertex 11.574108 21.517241 -0.414416
vertex 10.162847 21.517241 -0.414416
endloop
endfacet
facet normal -0.070330 0.196291 0.978020
outer loop
vertex 11.482046 20.689655 -0.356423
vertex 12.886036 20.689655 -0.255461
vertex 12.985369 21.517241 -0.414416
endloop
endfacet
facet normal -0.000000 0.069903 0.997554
outer loop
vertex 11.482046 20.689655 -0.356423
vertex 12.985369 21.517241 -0.414416
vertex 11.574108 21.517241 -0.414416
endloop
endfacet
facet normal -0.820705 0.210699 0.531083
outer loop
vertex 12.886036 20.689655 -0.255461
vertex 13.650764 20.689655 0.926306
vertex 13.759303 21.517241 0.765704
endloop
endfacet
facet normal -0.819068 0.201481 0.537153
outer loop
vertex 12.886036 20.689655 -0.255461
vertex 13.759303 21.517241 0.765704
vertex 12.985369 21.517241 -0.414416
endloop
endfacet
facet normal -0.919117 0.354105 0.172725
outer loop
vertex 13.650764 20.689655 0.926306
vertex 13.910740 20.689655 2.309706
vertex 14.191870 21.517241 2.109037
endloop
endfacet
facet normal -0.936098 0.181267 0.301433
outer loop
vertex 13.650764 20.689655 0.926306
vertex 14.191870 21.517241 2.109037
vertex 13.759303 21.517241 0.765704
endloop
endfacet
facet normal -0.861122 0.481956 0.161826
outer loop
vertex 13.910740 20.689655 2.309706
vertex 14.170715 20.689655 3.693105
vertex 14.590620 21.517241 3.462793
endloop
endfacet
facet normal -0.892366 0.366870 0.262847
outer loop
vertex 13.910740 20.689655 2.309706
vertex 14.590620 21.517241 3.462793
vertex 14.191870 21.517241 2.109037
endloop
endfacet
facet normal 0.881577 0.112859 0.458350
outer loop
vertex 14.170715 20.689655 3.693105
vertex 14.820045 20.689655 2.444205
vertex 14.900365 21.517241 2.085943
endloop
endfacet
facet normal 0.894987 -0.398070 0.201342
outer loop
vertex 14.170715 20.689655 3.693105
vertex 14.900365 21.517241 2.085943
vertex 14.590620 21.517241 3.462793
endloop
endfacet
facet normal 0.982522 -0.040322 0.181726
outer loop
vertex 14.820045 20.689655 2.444205
vertex 15.076054 20.689655 1.060066
vertex 15.176261 21.517241 0.701913
endloop
endfacet
facet normal 0.980650 -0.010550 0.195485
outer loop
vertex 14.820045 20.689655 2.444205
vertex 15.176261 21.517241 0.701913
vertex 14.900365 21.517241 2.085943
endloop
endfacet
facet normal 0.960469 -0.214340 0.177647
outer loop
vertex 15.076054 20.689655 1.060066
vertex 15.332063 20.689655 -0.324073
vertex 15.577250 21.517241 -0.651181
endloop
endfacet
facet normal 0.958762 0.006871 0.284128
outer loop
vertex 15.076054 20.689655 1.060066
vertex 15.577250 21.517241 -0.651181
vertex 15.176261 21.517241 0.701913
endloop
endfacet
facet normal -0.719590 -0.170313 0.673189
outer loop
vertex 15.332063 20.689655 -0.324073
vertex 16.293703 20.689655 0.703851
vertex 16.068027 21.517241 0.671995
endloop
endfacet
facet normal -0.865904 0.383484 0.321171
outer loop
vertex 15.332063 20.689655 -0.324073
vertex 16.068027 21.517241 0.671995
vertex 15.577250 21.517241 -0.651181
endloop
endfacet
facet normal -0.875535 -0.238529 0.420169
outer loop
vertex 16.293703 20.689655 0.703851
vertex 16.902719 20.689655 1.972899
vertex 16.666336 21.517241 1.950151
endloop
endfacet
facet normal -0.882513 -0.224752 0.413107
outer loop
vertex 16.293703 20.689655 0.703851
vertex 16.666336 21.517241 1.950151
vertex 16.068027 21.517241 0.671995
endloop
endfacet
facet normal -0.612501 0.554367 0.563488
outer loop
vertex 16.902719 20.689655 1.972899
vertex 17.855742 20.689655 3.008817
vertex 18.014552 21.517241 2.367250
endloop
endfacet
facet normal -0.295052 -0.058061 0.953716
outer loop
vertex 16.902719 20.689655 1.972899
vertex 18.014552 21.517241 2.367250
vertex 16.666336 21.517241 1.950151
endloop
endfacet
facet normal 0.975726 -0.013478 0.218579
outer loop
vertex 17.855742 20.689655 3.008817
vertex 18.163445 20.689655 1.635245
vertex 18.319569 21.517241 0.989345
endloop
endfacet
facet normal 0.976173 -0.019804 0.216089
outer loop
vertex 17.855742 20.689655 3.008817
vertex 18.319569 21.517241 0.989345
vertex 18.014552 21.517241 2.367250
endloop
endfacet
facet normal 0.975774 -0.009167 0.218590
outer loop
vertex 18.163445 20.689655 1.635245
vertex 18.471149 20.689655 0.261673
vertex 18.624587 21.517241 -0.388560
endloop
endfacet
facet normal 0.976247 -0.015506 0.216105
outer loop
vertex 18.163445 20.689655 1.635245
vertex 18.624587 21.517241 -0.388560
vertex 18.319569 21.517241 0.989345
endloop
endfacet
facet normal 0.228970 0.466310 0.854475
outer loop
vertex 18.471149 20.689655 0.261673
vertex 19.830795 20.689655 -0.102666
vertex 20.019185 21.517241 -0.604784
endloop
endfacet
facet normal 0.122688 0.598982 0.791308
outer loop
vertex 18.471149 20.689655 0.261673
vertex 20.019185 21.517241 -0.604784
vertex 18.624587 21.517241 -0.388560
endloop
endfacet
facet normal -0.000000 0.518718 0.854946
outer loop
vertex 19.830795 20.689655 -0.102666
vertex 21.238410 20.689655 -0.102666
vertex 21.430446 21.517241 -0.604784
endloop
endfacet
facet normal -0.000000 0.518718 0.854946
outer loop
vertex 19.830795 20.689655 -0.102666
vertex 21.430446 21.517241 -0.604784
vertex 20.019185 21.517241 -0.604784
endloop
endfacet
facet normal -0.000000 0.518718 0.854946
outer loop
vertex 21.238410 20.689655 -0.102666
vertex 22.646026 20.689655 -0.102666
vertex 22.841707 21.517241 -0.604784
endloop
endfacet
facet normal -0.000000 0.518718 0.854946
outer loop
vertex 21.238410 20.689655 -0.102666
vertex 22.841707 21.517241 -0.604784
vertex 21.430446 21.517241 -0.604784
endloop
endfacet
facet normal -0.000000 0.518718 0.854946
outer loop
vertex 22.646026 20.689655 -0.102666
vertex 24.053641 20.689655 -0.102666
vertex 24.252967 21.517241 -0.604784
endloop
endfacet
facet normal -0.000000 0.518718 0.854946
outer loop
vertex 22.646026 20.689655 -0.102666
vertex 24.252967 21.517241 -0.604784
vertex 22.841707 21.517241 -0.604784
endloop
endfacet
facet normal -0.539549 0.030899 0.841387
outer loop
vertex 0.000000 21.517241 0.000000
vertex 1.187984 21.517241 0.761808
vertex 1.165544 22.344828 0.717025
endloop
endfacet
facet normal -0.523974 0.000000 0.851734
outer loop
vertex 0.000000 21.517241 0.000000
vertex 1.165544 22.344828 0.717025
vertex 0.000000 22.344828 0.000000
endloop
endfacet
facet normal -0.962086 0.021179 0.271923
outer loop
vertex 1.187984 21.517241 0.761808
vertex 1.571824 21.517241 2.119866
vertex 1.563594 22.344828 2.026289
endloop
endfacet
facet normal -0.956710 -0.010202 0.290864
outer loop
vertex 1.187984 21.517241 0.761808
vertex 1.563594 22.344828 2.026289
vertex 1.165544 22.344828 0.717025
endloop
endfacet
facet normal -0.954901 0.031209 0.295280
outer loop
vertex 1.571824 21.517241 2.119866
vertex 1.988744 21.517241 3.468137
vertex 1.973646 22.344828 3.331844
endloop
endfacet
facet normal -0.953765 0.024387 0.299562
outer loop
vertex 1.571824 21.517241 2.119866
vertex 1.973646 22.344828 3.331844
vertex 1.563594 22.344828 2.026289
endloop
endfacet
facet normal -0.944926 0.002457 0.327275
outer loop
vertex 1.988744 21.517241 3.468137
vertex 2.450615 21.517241 4.801679
vertex 2.394659 22.344828 4.633906
endloop
endfacet
facet normal -0.950969 0.033291 0.307490
outer loop
vertex 1.988744 21.517241 3.468137
vertex 2.394659 22.344828 4.633906
vertex 1.973646 22.344828 3.331844
endloop
endfacet
facet normal 0.820054 -0.242159 0.518527
outer loop
vertex 2.450615 21.517241 4.801679
vertex 3.204840 21.517241 3.608866
vertex 3.392921 22.344828 3.697909
endloop
endfacet
facet normal 0.671455 0.190575 0.716121
outer loop
vertex 2.450615 21.517241 4.801679
vertex 3.392921 22.344828 3.697909
vertex 2.394659 22.344828 4.633906
endloop
endfacet
facet normal 0.899754 -0.350337 0.260205
outer loop
vertex 3.204840 21.517241 3.608866
vertex 3.596906 21.517241 2.253159
vertex 3.872026 22.344828 2.416084
endloop
endfacet
facet normal 0.908623 -0.243038 0.339614
outer loop
vertex 3.204840 21.517241 3.608866
vertex 3.872026 22.344828 2.416084
vertex 3.392921 22.344828 3.697909
endloop
endfacet
facet normal 0.924306 -0.235353 0.300446
outer loop
vertex 3.596906 21.517241 2.253159
vertex 4.033168 21.517241 0.911022
vertex 4.187502 22.344828 1.084509
endloop
endfacet
facet normal 0.912935 -0.346074 0.216292
outer loop
vertex 3.596906 21.517241 2.253159
vertex 4.187502 22.344828 1.084509
vertex 3.872026 22.344828 2.416084
endloop
endfacet
facet normal 0.937890 -0.052544 0.342932
outer loop
vertex 4.033168 21.517241 0.911022
vertex 4.517804 21.517241 -0.414416
vertex 4.502978 22.344828 -0.247066
endloop
endfacet
facet normal 0.948347 -0.223954 0.224682
outer loop
vertex 4.033168 21.517241 0.911022
vertex 4.502978 22.344828 -0.247066
vertex 4.187502 22.344828 1.084509
endloop
endfacet
facet normal -0.000000 -0.126983 0.991905
outer loop
vertex 4.517804 21.517241 -0.414416
vertex 5.929065 21.517241 -0.414416
vertex 5.870036 22.344828 -0.308469
endloop
endfacet
facet normal 0.043989 -0.197254 0.979365
outer loop
vertex 4.517804 21.517241 -0.414416
vertex 5.870036 22.344828 -0.308469
vertex 4.502978 22.344828 -0.247066
endloop
endfacet
facet normal -0.000000 -0.126983 0.991905
outer loop
vertex 5.929065 21.517241 -0.414416
vertex 7.340326 21.517241 -0.414416
vertex 7.238472 22.344828 -0.308469
endloop
endfacet
facet normal -0.000000 -0.126983 0.991905
outer loop
vertex 5.929065 21.517241 -0.414416
vertex 7.238472 22.344828 -0.308469
vertex 5.870036 22.344828 -0.308469
endloop
endfacet
facet normal -0.000000 -0.126983 0.991905
outer loop
vertex 7.340326 21.517241 -0.414416
vertex 8.751586 21.517241 -0.414416
vertex 8.606908 22.344828 -0.308469
endloop
endfacet
facet normal -0.000000 -0.126983 0.991905
outer loop
vertex 7.340326 21.517241 -0.414416
vertex 8.606908 22.344828 -0.308469
vertex 7.238472 22.344828 -0.308469
endloop
endfacet
facet normal -0.000000 -0.126983 0.991905
outer loop
vertex 8.751586 21.517241 -0.414416
vertex 10.162847 21.517241 -0.414416
vertex 9.975344 22.344828 -0.308469
endloop
endfacet
facet normal -0.000000 -0.126983 0.991905
outer loop
vertex 8.751586 21.517241 -0.414416
vertex 9.975344 22.344828 -0.308469
vertex 8.606908 22.344828 -0.308469
endloop
endfacet
facet normal -0.000000 -0.126983 0.991905
outer loop
vertex 10.162847 21.517241 -0.414416
vertex 11.574108 21.517241 -0.414416
vertex 11.343780 22.344828 -0.308469
endloop
endfacet
facet normal -0.000000 -0.126983 0.991905
outer loop
vertex 10.162847 21.517241 -0.414416
vertex 11.343780 22.344828 -0.308469
vertex 9.975344 22.344828 -0.308469
endloop
endfacet
facet normal -0.000000 -0.126991 0.991904
outer loop
vertex 11.574108 21.517241 -0.414416
vertex 12.985369 21.517241 -0.414416
vertex 12.712216 22.344828 -0.308462
endloop
endfacet
facet normal -0.000005 -0.126984 0.991905
outer loop
vertex 11.574108 21.517241 -0.414416
vertex 12.712216 22.344828 -0.308462
vertex 11.343780 22.344828 -0.308469
endloop
endfacet
facet normal -0.732601 -0.482148 0.480447
outer loop
vertex 12.985369 21.517241 -0.414416
vertex 13.759303 21.517241 0.765704
vertex 13.315659 22.344828 0.919737
endloop
endfacet
facet normal -0.846419 -0.332612 0.415866
outer loop
vertex 12.985369 21.517241 -0.414416
vertex 13.315659 22.344828 0.919737
vertex 12.712216 22.344828 -0.308462
endloop
endfacet
facet normal -0.791043 -0.556207 0.254724
outer loop
vertex 13.759303 21.517241 0.765704
vertex 14.191870 21.517241 2.109037
vertex 13.653973 22.344828 2.245694
endloop
endfacet
facet normal -0.843457 -0.492207 0.215205
outer loop
vertex 13.759303 21.517241 0.765704
vertex 13.653973 22.344828 2.245694
vertex 13.315659 22.344828 0.919737
endloop
endfacet
facet normal -0.929281 0.248019 0.273721
outer loop
vertex 14.191870 21.517241 2.109037
vertex 14.590620 21.517241 3.462793
vertex 14.709519 22.344828 3.116578
endloop
endfacet
facet normal -0.559743 -0.475837 0.678430
outer loop
vertex 14.191870 21.517241 2.109037
vertex 14.709519 22.344828 3.116578
vertex 13.653973 22.344828 2.245694
endloop
endfacet
facet normal 0.970770 -0.099553 0.218391
outer loop
vertex 14.590620 21.517241 3.462793
vertex 14.900365 21.517241 2.085943
vertex 15.051462 22.344828 1.791553
endloop
endfacet
facet normal 0.967699 -0.034557 0.249729
outer loop
vertex 14.590620 21.517241 3.462793
vertex 15.051462 22.344828 1.791553
vertex 14.709519 22.344828 3.116578
endloop
endfacet
facet normal 0.965541 -0.175171 0.192473
outer loop
vertex 14.900365 21.517241 2.085943
vertex 15.176261 21.517241 0.701913
vertex 15.374281 22.344828 0.461739
endloop
endfacet
facet normal 0.967556 -0.093101 0.234879
outer loop
vertex 14.900365 21.517241 2.085943
vertex 15.374281 22.344828 0.461739
vertex 15.051462 22.344828 1.791553
endloop
endfacet
facet normal 0.497282 -0.854981 0.147369
outer loop
vertex 15.176261 21.517241 0.701913
vertex 15.577250 21.517241 -0.651181
vertex 16.402820 22.344828 1.364360
endloop
endfacet
facet normal -0.617409 0.351905 0.703540
outer loop
vertex 15.176261 21.517241 0.701913
vertex 16.402820 22.344828 1.364360
vertex 15.374281 22.344828 0.461739
endloop
endfacet
facet normal -0.936549 -0.046988 0.347374
outer loop
vertex 15.577250 21.517241 -0.651181
vertex 16.068027 21.517241 0.671995
vertex 16.772050 22.344828 2.682042
endloop
endfacet
facet normal -0.921426 0.290363 0.258194
outer loop
vertex 15.577250 21.517241 -0.651181
vertex 16.772050 22.344828 2.682042
vertex 16.402820 22.344828 1.364360
endloop
endfacet
facet normal -0.893262 -0.165052 0.418139
outer loop
vertex 16.068027 21.517241 0.671995
vertex 16.666336 21.517241 1.950151
vertex 17.420184 22.344828 3.887255
endloop
endfacet
facet normal -0.817412 -0.372296 0.439584
outer loop
vertex 16.068027 21.517241 0.671995
vertex 17.420184 22.344828 3.887255
vertex 16.772050 22.344828 2.682042
endloop
endfacet
facet normal -0.266246 -0.434134 0.860605
outer loop
vertex 16.666336 21.517241 1.950151
vertex 18.014552 21.517241 2.367250
vertex 18.358440 22.344828 2.891116
endloop
endfacet
facet normal 0.293688 -0.915001 0.276622
outer loop
vertex 16.666336 21.517241 1.950151
vertex 18.358440 22.344828 2.891116
vertex 17.420184 22.344828 3.887255
endloop
endfacet
facet normal 0.865911 -0.462013 0.191681
outer loop
vertex 18.014552 21.517241 2.367250
vertex 18.319569 21.517241 0.989345
vertex 18.636742 22.344828 1.551279
endloop
endfacet
facet normal 0.863105 -0.472132 0.179279
outer loop
vertex 18.014552 21.517241 2.367250
vertex 18.636742 22.344828 1.551279
vertex 18.358440 22.344828 2.891116
endloop
endfacet
facet normal 0.873507 -0.446763 0.193362
outer loop
vertex 18.319569 21.517241 0.989345
vertex 18.624587 21.517241 -0.388560
vertex 18.915045 22.344828 0.211441
endloop
endfacet
facet normal 0.871041 -0.456677 0.180927
outer loop
vertex 18.319569 21.517241 0.989345
vertex 18.915045 22.344828 0.211441
vertex 18.636742 22.344828 1.551279
endloop
endfacet
facet normal 0.116275 -0.651200 0.749946
outer loop
vertex 18.624587 21.517241 -0.388560
vertex 20.019185 21.517241 -0.604784
vertex 20.276554 22.344828 0.073929
endloop
endfacet
facet normal 0.080136 -0.603363 0.793430
outer loop
vertex 18.624587 21.517241 -0.388560
vertex 20.276554 22.344828 0.073929
vertex 18.915045 22.344828 0.211441
endloop
endfacet
facet normal -0.000000 -0.634131 0.773225
outer loop
vertex 20.019185 21.517241 -0.604784
vertex 21.430446 21.517241 -0.604784
vertex 21.644990 22.344828 0.073929
endloop
endfacet
facet normal -0.000000 -0.634131 0.773225
outer loop
vertex 20.019185 21.517241 -0.604784
vertex 21.644990 22.344828 0.073929
vertex 20.276554 22.344828 0.073929
endloop
endfacet
facet normal -0.000000 -0.634131 0.773225
outer loop
vertex 21.430446 21.517241 -0.604784
vertex 22.841707 21.517241 -0.604784
vertex 23.013426 22.344828 0.073929
endloop
endfacet
facet normal -0.000000 -0.634131 0.773225
outer loop
vertex 21.430446 21.517241 -0.604784
vertex 23.013426 22.344828 0.073929
vertex 21.644990 22.344828 0.073929
endloop
endfacet
facet normal -0.000000 -0.634131 0.773225
outer loop
vertex 22.841707 21.517241 -0.604784
vertex 24.252967 21.517241 -0.604784
vertex 24.381862 22.344828 0.073929
endloop
endfacet
facet normal -0.000000 -0.634131 0.773225
outer loop
vertex 22.841707 21.517241 -0.604784
vertex 24.381862 22.344828 0.073929
vertex 23.013426 22.344828 0.073929
endloop
endfacet
facet normal -0.523857 0.021121 0.851544
outer loop
vertex 0.000000 22.344828 0.000000
vertex 1.165544 22.344828 0.717025
vertex 1.215417 23.172414 0.727179
endloop
endfacet
facet normal -0.513420 0.000000 0.858137
outer loop
vertex 0.000000 22.344828 0.000000
vertex 1.215417 23.172414 0.727179
vertex 0.000000 23.172414 0.000000
endloop
endfacet
facet normal -0.945279 0.154451 0.287389
outer loop
vertex 1.165544 22.344828 0.717025
vertex 1.563594 22.344828 2.026289
vertex 1.707618 23.172414 2.055247
endloop
endfacet
facet normal -0.936397 0.052172 0.347042
outer loop
vertex 1.165544 22.344828 0.717025
vertex 1.707618 23.172414 2.055247
vertex 1.215417 23.172414 0.727179
endloop
endfacet
facet normal -0.947993 0.112499 0.297749
outer loop
vertex 1.563594 22.344828 2.026289
vertex 1.973646 22.344828 3.331844
vertex 2.098474 23.172414 3.416591
endloop
endfacet
facet normal -0.949448 0.155694 0.272596
outer loop
vertex 1.563594 22.344828 2.026289
vertex 2.098474 23.172414 3.416591
vertex 1.707618 23.172414 2.055247
endloop
endfacet
facet normal -0.950882 0.035927 0.307461
outer loop
vertex 1.973646 22.344828 3.331844
vertex 2.394659 22.344828 4.633906
vertex 2.473901 23.172414 4.782271
endloop
endfacet
facet normal -0.957553 0.117475 0.263232
outer loop
vertex 1.973646 22.344828 3.331844
vertex 2.473901 23.172414 4.782271
vertex 2.098474 23.172414 3.416591
endloop
endfacet
facet normal 0.502058 -0.679135 0.535456
outer loop
vertex 2.394659 22.344828 4.633906
vertex 3.392921 22.344828 3.697909
vertex 3.821336 23.172414 4.345869
endloop
endfacet
facet normal 0.302132 -0.196168 0.932864
outer loop
vertex 2.394659 22.344828 4.633906
vertex 3.821336 23.172414 4.345869
vertex 2.473901 23.172414 4.782271
endloop
endfacet
facet normal 0.854498 -0.409666 0.319384
outer loop
vertex 3.392921 22.344828 3.697909
vertex 3.872026 22.344828 2.416084
vertex 4.068742 23.172414 2.951303
endloop
endfacet
facet normal 0.826882 -0.542905 0.146695
outer loop
vertex 3.392921 22.344828 3.697909
vertex 4.068742 23.172414 2.951303
vertex 3.821336 23.172414 4.345869
endloop
endfacet
facet normal 0.936339 -0.272135 0.221837
outer loop
vertex 3.872026 22.344828 2.416084
vertex 4.187502 22.344828 1.084509
vertex 4.316149 23.172414 1.556736
endloop
endfacet
facet normal 0.930209 -0.327836 0.165026
outer loop
vertex 3.872026 22.344828 2.416084
vertex 4.316149 23.172414 1.556736
vertex 4.068742 23.172414 2.951303
endloop
endfacet
facet normal 0.934502 -0.278724 0.221402
outer loop
vertex 4.187502 22.344828 1.084509
vertex 4.502978 22.344828 -0.247066
vertex 4.648640 23.172414 0.179972
endloop
endfacet
facet normal 0.934817 -0.274136 0.225760
outer loop
vertex 4.187502 22.344828 1.084509
vertex 4.648640 23.172414 0.179972
vertex 4.316149 23.172414 1.556736
endloop
endfacet
facet normal 0.042892 -0.293691 0.954938
outer loop
vertex 4.502978 22.344828 -0.247066
vertex 5.870036 22.344828 -0.308469
vertex 6.044200 23.172414 -0.061767
endloop
endfacet
facet normal 0.150277 -0.474108 0.867547
outer loop
vertex 4.502978 22.344828 -0.247066
vertex 6.044200 23.172414 -0.061767
vertex 4.648640 23.172414 0.179972
endloop
endfacet
facet normal -0.000000 -0.285675 0.958327
outer loop
vertex 5.870036 22.344828 -0.308469
vertex 7.238472 22.344828 -0.308469
vertex 7.460543 23.172414 -0.061767
endloop
endfacet
facet normal -0.000000 -0.285675 0.958327
outer loop
vertex 5.870036 22.344828 -0.308469
vertex 7.460543 23.172414 -0.061767
vertex 6.044200 23.172414 -0.061767
endloop
endfacet
facet normal -0.000000 -0.285675 0.958327
outer loop
vertex 7.238472 22.344828 -0.308469
vertex 8.606908 22.344828 -0.308469
vertex 8.876886 23.172414 -0.061767
endloop
endfacet
facet normal -0.000000 -0.285675 0.958327
outer loop
vertex 7.238472 22.344828 -0.308469
vertex 8.876886 23.172414 -0.061767
vertex 7.460543 23.172414 -0.061767
endloop
endfacet
facet normal -0.000000 -0.285675 0.958327
outer loop
vertex 8.606908 22.344828 -0.308469
vertex 9.975344 22.344828 -0.308469
vertex 10.293228 23.172414 -0.061767
endloop
endfacet
facet normal -0.000000 -0.285675 0.958327
outer loop
vertex 8.606908 22.344828 -0.308469
vertex 10.293228 23.172414 -0.061767
vertex 8.876886 23.172414 -0.061767
endloop
endfacet
facet normal -0.000000 -0.285675 0.958327
outer loop
vertex 9.975344 22.344828 -0.308469
vertex 11.343780 22.344828 -0.308469
vertex 11.709571 23.172414 -0.061767
endloop
endfacet
facet normal -0.000000 -0.285675 0.958327
outer loop
vertex 9.975344 22.344828 -0.308469
vertex 11.709571 23.172414 -0.061767
vertex 10.293228 23.172414 -0.061767
endloop
endfacet
facet normal -0.000005 -0.285677 0.958326
outer loop
vertex 11.343780 22.344828 -0.308469
vertex 12.712216 22.344828 -0.308462
vertex 13.125914 23.172414 -0.061756
endloop
endfacet
facet normal -0.000007 -0.285672 0.958327
outer loop
vertex 11.343780 22.344828 -0.308469
vertex 13.125914 23.172414 -0.061756
vertex 11.709571 23.172414 -0.061767
endloop
endfacet
facet normal -0.895252 0.071042 0.439859
outer loop
vertex 12.712216 22.344828 -0.308462
vertex 13.315659 22.344828 0.919737
vertex 13.561291 23.172414 1.286010
endloop
endfacet
facet normal -0.888324 0.358517 0.286960
outer loop
vertex 12.712216 22.344828 -0.308462
vertex 13.561291 23.172414 1.286010
vertex 13.125914 23.172414 -0.061756
endloop
endfacet
facet normal -0.898305 0.374854 0.229200
outer loop
vertex 13.315659 22.344828 0.919737
vertex 13.653973 22.344828 2.245694
vertex 14.089736 23.172414 2.600077
endloop
endfacet
facet normal -0.922202 0.109579 0.370859
outer loop
vertex 13.315659 22.344828 0.919737
vertex 14.089736 23.172414 2.600077
vertex 13.561291 23.172414 1.286010
endloop
endfacet
facet normal -0.440057 0.722405 0.533367
outer loop
vertex 13.653973 22.344828 2.245694
vertex 14.709519 22.344828 3.116578
vertex 15.505124 23.172414 2.652093
endloop
endfacet
facet normal -0.033997 -0.378233 0.925086
outer loop
vertex 13.653973 22.344828 2.245694
vertex 15.505124 23.172414 2.652093
vertex 14.089736 23.172414 2.600077
endloop
endfacet
facet normal 0.768905 -0.607792 0.198428
outer loop
vertex 14.709519 22.344828 3.116578
vertex 15.051462 22.344828 1.791553
vertex 15.838786 23.172414 1.275613
endloop
endfacet
facet normal 0.758122 -0.625683 0.183771
outer loop
vertex 14.709519 22.344828 3.116578
vertex 15.838786 23.172414 1.275613
vertex 15.505124 23.172414 2.652093
endloop
endfacet
facet normal 0.740616 -0.647429 0.179788
outer loop
vertex 15.051462 22.344828 1.791553
vertex 15.374281 22.344828 0.461739
vertex 16.230573 23.172414 -0.085464
endloop
endfacet
facet normal 0.771820 -0.595764 0.222170
outer loop
vertex 15.051462 22.344828 1.791553
vertex 16.230573 23.172414 -0.085464
vertex 15.838786 23.172414 1.275613
endloop
endfacet
facet normal -0.628094 0.305367 0.715715
outer loop
vertex 15.374281 22.344828 0.461739
vertex 16.402820 22.344828 1.364360
vertex 16.682617 23.172414 1.256804
endloop
endfacet
facet normal -0.609215 0.766005 0.205169
outer loop
vertex 15.374281 22.344828 0.461739
vertex 16.682617 23.172414 1.256804
vertex 16.230573 23.172414 -0.085464
endloop
endfacet
facet normal -0.874159 0.419340 0.244950
outer loop
vertex 16.402820 22.344828 1.364360
vertex 16.772050 22.344828 2.682042
vertex 17.144829 23.172414 2.595605
endloop
endfacet
facet normal -0.888810 0.340376 0.306856
outer loop
vertex 16.402820 22.344828 1.364360
vertex 17.144829 23.172414 2.595605
vertex 16.682617 23.172414 1.256804
endloop
endfacet
facet normal -0.864290 0.192274 0.464794
outer loop
vertex 16.772050 22.344828 2.682042
vertex 17.420184 22.344828 3.887255
vertex 17.626040 23.172414 3.927695
endloop
endfacet
facet normal -0.854729 0.417254 0.308767
outer loop
vertex 16.772050 22.344828 2.682042
vertex 17.626040 23.172414 3.927695
vertex 17.144829 23.172414 2.595605
endloop
endfacet
facet normal 0.707669 0.234348 0.666548
outer loop
vertex 17.420184 22.344828 3.887255
vertex 18.358440 22.344828 2.891116
vertex 18.287606 23.172414 2.675354
endloop
endfacet
facet normal 0.859250 -0.235912 0.453910
outer loop
vertex 17.420184 22.344828 3.887255
vertex 18.287606 23.172414 2.675354
vertex 17.626040 23.172414 3.927695
endloop
endfacet
facet normal 0.971084 0.127710 0.201707
outer loop
vertex 18.358440 22.344828 2.891116
vertex 18.636742 22.344828 1.551279
vertex 18.582179 23.172414 1.289982
endloop
endfacet
facet normal 0.968957 0.136649 0.206030
outer loop
vertex 18.358440 22.344828 2.891116
vertex 18.582179 23.172414 1.289982
vertex 18.287606 23.172414 2.675354
endloop
endfacet
facet normal 0.978334 0.039581 0.203213
outer loop
vertex 18.636742 22.344828 1.551279
vertex 18.915045 22.344828 0.211441
vertex 18.942072 23.172414 -0.079873
endloop
endfacet
facet normal 0.957304 0.142525 0.251507
outer loop
vertex 18.636742 22.344828 1.551279
vertex 18.942072 23.172414 -0.079873
vertex 18.582179 23.172414 1.289982
endloop
endfacet
facet normal 0.066767 0.747354 0.661063
outer loop
vertex 18.915045 22.344828 0.211441
vertex 20.276554 22.344828 0.073929
vertex 20.132585 23.172414 -0.847145
endloop
endfacet
facet normal 0.521909 0.268010 0.809803
outer loop
vertex 18.915045 22.344828 0.211441
vertex 20.132585 23.172414 -0.847145
vertex 18.942072 23.172414 -0.079873
endloop
endfacet
facet normal -0.000000 0.743848 0.668348
outer loop
vertex 20.276554 22.344828 0.073929
vertex 21.644990 22.344828 0.073929
vertex 21.548928 23.172414 -0.847145
endloop
endfacet
facet normal 0.000000 0.743848 0.668348
outer loop
vertex 20.276554 22.344828 0.073929
vertex 21.548928 23.172414 -0.847145
vertex 20.132585 23.172414 -0.847145
endloop
endfacet
facet normal -0.000000 0.743848 0.668348
outer loop
vertex 21.644990 22.344828 0.073929
vertex 23.013426 22.344828 0.073929
vertex 22.965271 23.172414 -0.847145
endloop
endfacet
facet normal 0.000000 0.743848 0.668348
outer loop
vertex 21.644990 22.344828 0.073929
vertex 22.965271 23.172414 -0.847145
vertex 21.548928 23.172414 -0.847145
endloop
endfacet
facet normal -0.000000 0.743848 0.668348
outer loop
vertex 23.013426 22.344828 0.073929
vertex 24.381862 22.344828 0.073929
vertex 24.381613 23.172414 -0.847145
endloop
endfacet
facet normal 0.000000 0.743848 0.668348
outer loop
vertex 23.013426 22.344828 0.073929
vertex 24.381613 23.172414 -0.847145
vertex 22.965271 23.172414 -0.847145
endloop
endfacet
facet normal -0.421830 0.570053 0.705053
outer loop
vertex 0.000000 23.172414 0.000000
vertex 1.215417 23.172414 0.727179
vertex 1.217101 24.000000 0.059062
endloop
endfacet
facet normal -0.048470 0.000000 0.998825
outer loop
vertex 0.000000 23.172414 0.000000
vertex 1.217101 24.000000 0.059062
vertex 0.000000 24.000000 0.000000
endloop
endfacet
facet normal -0.816822 0.491079 0.302726
outer loop
vertex 1.215417 23.172414 0.727179
vertex 1.707618 23.172414 2.055247
vertex 1.851033 24.000000 1.099713
endloop
endfacet
facet normal -0.786902 0.388590 0.479356
outer loop
vertex 1.215417 23.172414 0.727179
vertex 1.851033 24.000000 1.099713
vertex 1.217101 24.000000 0.059062
endloop
endfacet
facet normal -0.874106 0.415879 0.250965
outer loop
vertex 1.707618 23.172414 2.055247
vertex 2.098474 23.172414 3.416591
vertex 2.165057 24.000000 2.277088
endloop
endfacet
facet normal -0.876138 0.421636 0.233679
outer loop
vertex 1.707618 23.172414 2.055247
vertex 2.165057 24.000000 2.277088
vertex 1.851033 24.000000 1.099713
endloop
endfacet
facet normal -0.691248 0.697185 0.190025
outer loop
vertex 2.098474 23.172414 3.416591
vertex 2.473901 23.172414 4.782271
vertex 2.889305 24.000000 3.257032
endloop
endfacet
facet normal -0.602802 0.661926 0.445514
outer loop
vertex 2.098474 23.172414 3.416591
vertex 2.889305 24.000000 3.257032
vertex 2.165057 24.000000 2.277088
endloop
endfacet
facet normal 0.110471 0.933517 0.341091
outer loop
vertex 2.473901 23.172414 4.782271
vertex 3.821336 23.172414 4.345869
vertex 3.480218 24.000000 2.191365
endloop
endfacet
facet normal 0.796095 0.413966 0.441435
outer loop
vertex 2.473901 23.172414 4.782271
vertex 3.480218 24.000000 2.191365
vertex 2.889305 24.000000 3.257032
endloop
endfacet
facet normal 0.898912 0.408074 0.159474
outer loop
vertex 3.821336 23.172414 4.345869
vertex 4.068742 23.172414 2.951303
vertex 4.021541 24.000000 1.099672
endloop
endfacet
facet normal 0.491097 0.836376 0.243514
outer loop
vertex 3.821336 23.172414 4.345869
vertex 4.021541 24.000000 1.099672
vertex 3.480218 24.000000 2.191365
endloop
endfacet
facet normal 0.808410 -0.570881 0.143418
outer loop
vertex 4.068742 23.172414 2.951303
vertex 4.316149 23.172414 1.556736
vertex 5.086665 24.000000 0.507780
endloop
endfacet
facet normal 0.218680 0.892928 0.393520
outer loop
vertex 4.068742 23.172414 2.951303
vertex 5.086665 24.000000 0.507780
vertex 4.021541 24.000000 1.099672
endloop
endfacet
facet normal 0.428295 -0.897700 0.103434
outer loop
vertex 4.316149 23.172414 1.556736
vertex 4.648640 23.172414 0.179972
vertex 6.305189 24.000000 0.503192
endloop
endfacet
facet normal 0.002336 0.784241 0.620452
outer loop
vertex 4.316149 23.172414 1.556736
vertex 6.305189 24.000000 0.503192
vertex 5.086665 24.000000 0.507780
endloop
endfacet
facet normal 0.122037 -0.699116 0.704517
outer loop
vertex 4.648640 23.172414 0.179972
vertex 6.044200 23.172414 -0.061767
vertex 7.523723 24.000000 0.503192
endloop
endfacet
facet normal -0.000000 -0.363795 0.931479
outer loop
vertex 4.648640 23.172414 0.179972
vertex 7.523723 24.000000 0.503192
vertex 6.305189 24.000000 0.503192
endloop
endfacet
facet normal -0.000000 -0.563810 0.825904
outer loop
vertex 6.044200 23.172414 -0.061767
vertex 7.460543 23.172414 -0.061767
vertex 8.742256 24.000000 0.503192
endloop
endfacet
facet normal -0.000000 -0.563810 0.825904
outer loop
vertex 6.044200 23.172414 -0.061767
vertex 8.742256 24.000000 0.503192
vertex 7.523723 24.000000 0.503192
endloop
endfacet
facet normal -0.000000 -0.563810 0.825904
outer loop
vertex 7.460543 23.172414 -0.061767
vertex 8.876886 23.172414 -0.061767
vertex 9.960790 24.000000 0.503192
endloop
endfacet
facet normal -0.000000 -0.563810 0.825904
outer loop
vertex 7.460543 23.172414 -0.061767
vertex 9.960790 24.000000 0.503192
vertex 8.742256 24.000000 0.503192
endloop
endfacet
facet normal -0.000000 -0.563810 0.825904
outer loop
vertex 8.876886 23.172414 -0.061767
vertex 10.293228 23.172414 -0.061767
vertex 11.179323 24.000000 0.503192
endloop
endfacet
facet normal -0.000000 -0.563810 0.825904
outer loop
vertex 8.876886 23.172414 -0.061767
vertex 11.179323 24.000000 0.503192
vertex 9.960790 24.000000 0.503192
endloop
endfacet
facet normal -0.000000 -0.563810 0.825904
outer loop
vertex 10.293228 23.172414 -0.061767
vertex 11.709571 23.172414 -0.061767
vertex 12.397857 24.000000 0.503192
endloop
endfacet
facet normal -0.000000 -0.563810 0.825904
outer loop
vertex 10.293228 23.172414 -0.061767
vertex 12.397857 24.000000 0.503192
vertex 11.179323 24.000000 0.503192
endloop
endfacet
facet normal -0.000004 -0.825188 0.564858
outer loop
vertex 11.709571 23.172414 -0.061767
vertex 13.125914 23.172414 -0.061756
vertex 13.432273 24.000000 1.147246
endloop
endfacet
facet normal -0.523449 -0.138578 0.840712
outer loop
vertex 11.709571 23.172414 -0.061767
vertex 13.432273 24.000000 1.147246
vertex 12.397857 24.000000 0.503192
endloop
endfacet
facet normal -0.944490 0.121865 0.305104
outer loop
vertex 13.125914 23.172414 -0.061756
vertex 13.561291 23.172414 1.286010
vertex 13.975584 24.000000 2.237952
endloop
endfacet
facet normal -0.852508 -0.304788 0.424658
outer loop
vertex 13.125914 23.172414 -0.061756
vertex 13.975584 24.000000 2.237952
vertex 13.432273 24.000000 1.147246
endloop
endfacet
facet normal -0.927301 -0.032421 0.372910
outer loop
vertex 13.561291 23.172414 1.286010
vertex 14.089736 23.172414 2.600077
vertex 14.377745 24.000000 3.388208
endloop
endfacet
facet normal -0.939919 0.092526 0.328621
outer loop
vertex 13.561291 23.172414 1.286010
vertex 14.377745 24.000000 3.388208
vertex 13.975584 24.000000 2.237952
endloop
endfacet
facet normal -0.034390 0.350940 0.935766
outer loop
vertex 14.089736 23.172414 2.600077
vertex 15.505124 23.172414 2.652093
vertex 14.967627 24.000000 2.321970
endloop
endfacet
facet normal 0.694801 -0.607862 0.384390
outer loop
vertex 14.089736 23.172414 2.600077
vertex 14.967627 24.000000 2.321970
vertex 14.377745 24.000000 3.388208
endloop
endfacet
facet normal 0.789811 0.582705 0.191452
outer loop
vertex 15.505124 23.172414 2.652093
vertex 15.838786 23.172414 1.275613
vertex 15.261244 24.000000 1.139341
endloop
endfacet
facet normal 0.785212 0.587740 0.194948
outer loop
vertex 15.505124 23.172414 2.652093
vertex 15.261244 24.000000 1.139341
vertex 14.967627 24.000000 2.321970
endloop
endfacet
facet normal 0.834782 0.495378 0.240293
outer loop
vertex 15.838786 23.172414 1.275613
vertex 16.230573 23.172414 -0.085464
vertex 15.712700 24.000000 0.007523
endloop
endfacet
facet normal 0.757641 0.578491 0.302205
outer loop
vertex 15.838786 23.172414 1.275613
vertex 15.712700 24.000000 0.007523
vertex 15.261244 24.000000 1.139341
endloop
endfacet
facet normal -0.935743 0.158350 0.315136
outer loop
vertex 16.230573 23.172414 -0.085464
vertex 16.682617 23.172414 1.256804
vertex 16.660041 24.000000 0.773922
endloop
endfacet
facet normal -0.566810 -0.433411 0.700630
outer loop
vertex 16.230573 23.172414 -0.085464
vertex 16.660041 24.000000 0.773922
vertex 15.712700 24.000000 0.007523
endloop
endfacet
facet normal -0.945097 0.018092 0.326288
outer loop
vertex 16.682617 23.172414 1.256804
vertex 17.144829 23.172414 2.595605
vertex 16.941095 24.000000 1.959600
endloop
endfacet
facet normal -0.967408 0.107411 0.229315
outer loop
vertex 16.682617 23.172414 1.256804
vertex 16.941095 24.000000 1.959600
vertex 16.660041 24.000000 0.773922
endloop
endfacet
facet normal -0.931710 -0.136502 0.336576
outer loop
vertex 17.144829 23.172414 2.595605
vertex 17.626040 23.172414 3.927695
vertex 17.222149 24.000000 3.145279
endloop
endfacet
facet normal -0.971155 -0.062165 0.230203
outer loop
vertex 17.144829 23.172414 2.595605
vertex 17.222149 24.000000 3.145279
vertex 16.941095 24.000000 1.959600
endloop
endfacet
facet normal 0.739320 0.548518 0.390556
outer loop
vertex 17.626040 23.172414 3.927695
vertex 18.287606 23.172414 2.675354
vertex 17.943970 24.000000 2.163546
endloop
endfacet
facet normal 0.583166 0.689978 0.428775
outer loop
vertex 17.626040 23.172414 3.927695
vertex 17.943970 24.000000 2.163546
vertex 17.222149 24.000000 3.145279
endloop
endfacet
facet normal 0.949221 0.241336 0.201834
outer loop
vertex 18.287606 23.172414 2.675354
vertex 18.582179 23.172414 1.289982
vertex 18.424154 24.000000 1.043614
endloop
endfacet
facet normal 0.779264 0.530201 0.334118
outer loop
vertex 18.287606 23.172414 2.675354
vertex 18.424154 24.000000 1.043614
vertex 17.943970 24.000000 2.163546
endloop
endfacet
facet normal 0.963927 -0.081918 0.253247
outer loop
vertex 18.582179 23.172414 1.289982
vertex 18.942072 23.172414 -0.079873
vertex 18.999449 24.000000 -0.030564
endloop
endfacet
facet normal 0.842271 0.295117 0.451093
outer loop
vertex 18.582179 23.172414 1.289982
vertex 18.999449 24.000000 -0.030564
vertex 18.424154 24.000000 1.043614
endloop
endfacet
facet normal 0.463468 -0.517742 0.719125
outer loop
vertex 18.942072 23.172414 -0.079873
vertex 20.132585 23.172414 -0.847145
vertex 20.190360 24.000000 -0.288550
endloop
endfacet
facet normal 0.211158 -0.072717 0.974743
outer loop
vertex 18.942072 23.172414 -0.079873
vertex 20.190360 24.000000 -0.288550
vertex 18.999449 24.000000 -0.030564
endloop
endfacet
facet normal 0.000000 -0.559455 0.828860
outer loop
vertex 20.132585 23.172414 -0.847145
vertex 21.548928 23.172414 -0.847145
vertex 21.408893 24.000000 -0.288550
endloop
endfacet
facet normal -0.000000 -0.559455 0.828860
outer loop
vertex 20.132585 23.172414 -0.847145
vertex 21.408893 24.000000 -0.288550
vertex 20.190360 24.000000 -0.288550
endloop
endfacet
facet normal 0.000000 -0.559455 0.828860
outer loop
vertex 21.548928 23.172414 -0.847145
vertex 22.965271 23.172414 -0.847145
vertex 22.627427 24.000000 -0.288550
endloop
endfacet
facet normal -0.000000 -0.559455 0.828860
outer loop
vertex 21.548928 23.172414 -0.847145
vertex 22.627427 24.000000 -0.288550
vertex 21.408893 24.000000 -0.288550
endloop
endfacet
facet normal 0.000000 -0.559455 0.828860
outer loop
vertex 22.965271 23.172414 -0.847145
vertex 24.381613 23.172414 -0.847145
vertex 23.845960 24.000000 -0.288550
endloop
endfacet
facet normal -0.000000 -0.559455 0.828860
outer loop
vertex 22.965271 23.172414 -0.847145
vertex 23.845960 24.000000 -0.288550
vertex 22.627427 24.000000 -0.288550
endloop
endfacet
endsolid foldforge
